"DISTRICT","COUNTY","SYP_NO","ROUTE_PREFIX","ROUTE_NO","ROUTE","TYPE_WORK","BMP","EMP","DESCRIPTION","BRIDGE_ID","ENACT_INITIAL_YEAR","ENACT_YEAR","ENACT_PHASE","FUND_CODE","RSY_FUND","RSY_YEAR","LATEST_LETTING_DATE","AWARDED","NUMBER_OF_LETTINGS","RT_UNIQUE","GEOMETRY_WKT"
"District 10","Allen","10-80107.00","CR","1125","CR-1125","BRIDGE REPLACEMENT(P)","0.0","0.002","REPLACE BRIDGE OVER PUNCHEON CREEK ON MAX ROARK RD (2020CCN)","","2020","2026","R","SPP","10000","2030","","","","002-CR-1125-000","LINESTRING Z (-86.0050253697 36.6295180927 0, -86.0050212988 36.629547051 0.002)"
"District 10","Allen","10-80107.00","CR","1125","CR-1125","BRIDGE REPLACEMENT(P)","0.0","0.002","REPLACE BRIDGE OVER PUNCHEON CREEK ON MAX ROARK RD (2020CCN)","","2020","2026","D","SPP","150000","2029","","","","002-CR-1125-000","LINESTRING Z (-86.0050253697 36.6295180927 0, -86.0050212988 36.629547051 0.002)"
"District 10","Allen","10-80107.00","CR","1125","CR-1125","BRIDGE REPLACEMENT(P)","0.0","0.002","REPLACE BRIDGE OVER PUNCHEON CREEK ON MAX ROARK RD (2020CCN)","","2020","2026","C","SPP","150000","2032","","","","002-CR-1125-000","LINESTRING Z (-86.0050253697 36.6295180927 0, -86.0050212988 36.629547051 0.002)"
"District 10","Allen","10-80107.00","CR","1125","CR-1125","BRIDGE REPLACEMENT(P)","0.0","0.002","REPLACE BRIDGE OVER PUNCHEON CREEK ON MAX ROARK RD (2020CCN)","","2020","2026","U","SPP","10000","2031","","","","002-CR-1125-000","LINESTRING Z (-86.0050253697 36.6295180927 0, -86.0050212988 36.629547051 0.002)"
"District 10","Breathitt","10-00375.00","KY","205","KY-205","MINOR WIDENING","7.804","9.954","IMPROVE KY-205 FROM NORTH OF KY-1812 TO SOUTH OF PEGGS FORK RD. (2020CCR)","","2018","2026","U","STPF","2360000","2029","","","","013-KY-0205-000","LINESTRING Z (-83.4141691379 37.6527821701 7.804, -83.4141252632 37.6528069642 7.807, -83.4137114754 37.653020984 7.834, -83.4116861813 37.6540097856 7.966, -83.4113061269 37.6542165013 7.992, -83.411127512 37.6543250319 8.005, -83.4107606967 37.6545611314 8.031, -83.4100525836 37.6550566392 8.083, -83.409701385 37.6553122789 8.11, -83.4095337276 37.6554457513 8.123, -83.408625945 37.6561139194 8.192, -83.407833918 37.6566942807 8.252, -83.4076632332 37.6568139528 8.264, -83.4069924279 37.6573085396 8.315, -83.4062734329 37.6578296326 8.369, -83.4059499429 37.6580715283 8.393, -83.4050355779 37.6587381657 8.462, -83.4046427988 37.6590399382 8.492, -83.4043140067 37.6592743056 8.516, -83.4041427494 37.6593898412 8.529, -83.4038831585 37.6595558097 8.547, -83.4036201841 37.6597085223 8.565, -83.4033505881 37.6598520361 8.583, -83.4029841627 37.6600304265 8.607, -83.4026099514 37.6601927263 8.63, -83.4024196004 37.6602672172 8.642, -83.4022270473 37.6603347952 8.654, -83.4021265678 37.6603649289 8.66, -83.401820596 37.6604456224 8.677, -83.401200316 37.6605755211 8.713, -83.4009900089 37.6606144442 8.725, -83.4007781657 37.6606472926 8.737, -83.4005009963 37.6606804813 8.752, -83.400348127 37.6606952785 8.761, -83.4001303122 37.6607093248 8.773, -83.3999127507 37.660715408 8.785, -83.3994746857 37.660711306 8.809, -83.3986104926 37.6606863027 8.857, -83.3983989842 37.6606867348 8.868, -83.3981900377 37.6606935372 8.88, -83.3979825669 37.6607083368 8.891, -83.3977769586 37.6607297655 8.903, -83.3975731607 37.6607594724 8.914, -83.3973722275 37.6607969292 8.926, -83.3971755663 37.6608413395 8.937, -83.3969903855 37.6608942216 8.948, -83.3968137912 37.6609596387 8.959, -83.3966288016 37.6610391733 8.97, -83.3964532191 37.6611271373 8.982, -83.395968106 37.6613858203 9.014, -83.3955627911 37.6616018715 9.041, -83.3952872353 37.661736456 9.059, -83.3950983463 37.6618189312 9.071, -83.3949031836 37.6618922146 9.082, -83.3947035421 37.6619541447 9.094, -83.3945011325 37.6620053038 9.106, -83.3942518644 37.6620519497 9.12, -83.3935739807 37.6621449373 9.158, -83.3933741828 37.662179113 9.169, -83.3931813401 37.6622227687 9.18, -83.3929981557 37.6622778834 9.191, -83.3929109982 37.6623126717 9.196, -83.3928272517 37.6623489033 9.201, -83.3927467755 37.662390969 9.207, -83.3925931324 37.6624843138 9.217, -83.3923730685 37.6626450067 9.233, -83.3917774856 37.6631165687 9.28, -83.3914696665 37.6633524224 9.303, -83.3913098651 37.6634654219 9.315, -83.3911433654 37.6635716942 9.326, -83.3909665337 37.6636659445 9.338, -83.3907794324 37.6637462516 9.35, -83.3905831489 37.6638109885 9.361, -83.3903809981 37.6638646182 9.373, -83.3891496035 37.6641264003 9.443, -83.3870157352 37.6645326448 9.563, -83.385233958 37.6648646249 9.663, -83.3839042443 37.6651197018 9.738, -83.3832322811 37.6652424203 9.776, -83.3818973132 37.665477587 9.851, -83.3816820064 37.6655207717 9.863, -83.3814702962 37.6655703473 9.875, -83.3812485205 37.6656320821 9.888, -83.3810599189 37.6656939364 9.899, -83.3808609231 37.6657673943 9.911, -83.3801573715 37.6660524657 9.954)"
"District 10","Breathitt","10-00375.00","KY","205","KY-205","MINOR WIDENING","7.804","9.954","IMPROVE KY-205 FROM NORTH OF KY-1812 TO SOUTH OF PEGGS FORK RD. (2020CCR)","","2018","2026","C","STPF","10550000","2030","","","","013-KY-0205-000","LINESTRING Z (-83.4141691379 37.6527821701 7.804, -83.4141252632 37.6528069642 7.807, -83.4137114754 37.653020984 7.834, -83.4116861813 37.6540097856 7.966, -83.4113061269 37.6542165013 7.992, -83.411127512 37.6543250319 8.005, -83.4107606967 37.6545611314 8.031, -83.4100525836 37.6550566392 8.083, -83.409701385 37.6553122789 8.11, -83.4095337276 37.6554457513 8.123, -83.408625945 37.6561139194 8.192, -83.407833918 37.6566942807 8.252, -83.4076632332 37.6568139528 8.264, -83.4069924279 37.6573085396 8.315, -83.4062734329 37.6578296326 8.369, -83.4059499429 37.6580715283 8.393, -83.4050355779 37.6587381657 8.462, -83.4046427988 37.6590399382 8.492, -83.4043140067 37.6592743056 8.516, -83.4041427494 37.6593898412 8.529, -83.4038831585 37.6595558097 8.547, -83.4036201841 37.6597085223 8.565, -83.4033505881 37.6598520361 8.583, -83.4029841627 37.6600304265 8.607, -83.4026099514 37.6601927263 8.63, -83.4024196004 37.6602672172 8.642, -83.4022270473 37.6603347952 8.654, -83.4021265678 37.6603649289 8.66, -83.401820596 37.6604456224 8.677, -83.401200316 37.6605755211 8.713, -83.4009900089 37.6606144442 8.725, -83.4007781657 37.6606472926 8.737, -83.4005009963 37.6606804813 8.752, -83.400348127 37.6606952785 8.761, -83.4001303122 37.6607093248 8.773, -83.3999127507 37.660715408 8.785, -83.3994746857 37.660711306 8.809, -83.3986104926 37.6606863027 8.857, -83.3983989842 37.6606867348 8.868, -83.3981900377 37.6606935372 8.88, -83.3979825669 37.6607083368 8.891, -83.3977769586 37.6607297655 8.903, -83.3975731607 37.6607594724 8.914, -83.3973722275 37.6607969292 8.926, -83.3971755663 37.6608413395 8.937, -83.3969903855 37.6608942216 8.948, -83.3968137912 37.6609596387 8.959, -83.3966288016 37.6610391733 8.97, -83.3964532191 37.6611271373 8.982, -83.395968106 37.6613858203 9.014, -83.3955627911 37.6616018715 9.041, -83.3952872353 37.661736456 9.059, -83.3950983463 37.6618189312 9.071, -83.3949031836 37.6618922146 9.082, -83.3947035421 37.6619541447 9.094, -83.3945011325 37.6620053038 9.106, -83.3942518644 37.6620519497 9.12, -83.3935739807 37.6621449373 9.158, -83.3933741828 37.662179113 9.169, -83.3931813401 37.6622227687 9.18, -83.3929981557 37.6622778834 9.191, -83.3929109982 37.6623126717 9.196, -83.3928272517 37.6623489033 9.201, -83.3927467755 37.662390969 9.207, -83.3925931324 37.6624843138 9.217, -83.3923730685 37.6626450067 9.233, -83.3917774856 37.6631165687 9.28, -83.3914696665 37.6633524224 9.303, -83.3913098651 37.6634654219 9.315, -83.3911433654 37.6635716942 9.326, -83.3909665337 37.6636659445 9.338, -83.3907794324 37.6637462516 9.35, -83.3905831489 37.6638109885 9.361, -83.3903809981 37.6638646182 9.373, -83.3891496035 37.6641264003 9.443, -83.3870157352 37.6645326448 9.563, -83.385233958 37.6648646249 9.663, -83.3839042443 37.6651197018 9.738, -83.3832322811 37.6652424203 9.776, -83.3818973132 37.665477587 9.851, -83.3816820064 37.6655207717 9.863, -83.3814702962 37.6655703473 9.875, -83.3812485205 37.6656320821 9.888, -83.3810599189 37.6656939364 9.899, -83.3808609231 37.6657673943 9.911, -83.3801573715 37.6660524657 9.954)"
"District 10","Breathitt","10-05014.00","KY","15","KY-15","LANDSLIDE REPAIR(P)","13.75","14.644","ROCKFALL MITIGATION ON KY 15 FROM 0.593 MILE NORTH OF BEAVERLY ROAD (MP 13.750) TO KY 1098/KY 1813 (MP 14.644). (2018BOP) (2024CCR)","","2022","2026","C","KYD","34000000","2026","2026-05-21","Awarded","1","013-KY-0015-000","LINESTRING Z (-83.3438049692 37.525979501 13.75, -83.3424738757 37.5267531993 13.841, -83.342256427 37.5268847256 13.856, -83.342047852 37.5270191812 13.871, -83.3418504396 37.5271604605 13.886, -83.341664815 37.5273104979 13.901, -83.3414922882 37.5274715196 13.915, -83.3413332565 37.5276418847 13.93, -83.3411897006 37.5278136667 13.944, -83.3410618675 37.5280006072 13.959, -83.3409504114 37.5281931054 13.974, -83.3408543338 37.5283900395 13.989, -83.3407742992 37.5285922507 14.003, -83.3407120481 37.5287992215 14.018, -83.3406672717 37.5290098495 14.033, -83.3406417387 37.5292227963 14.048, -83.3406347947 37.5294369492 14.063, -83.3406443804 37.5296519916 14.078, -83.3406719196 37.5298665795 14.093, -83.3407178296 37.5300785231 14.108, -83.3407814723 37.5302861602 14.122, -83.3408628757 37.5304886688 14.137, -83.340960617 37.5306873912 14.152, -83.3410743687 37.5308817718 14.167, -83.3412034938 37.5310701505 14.182, -83.3413500983 37.5312514694 14.197, -83.3415135371 37.5314243431 14.212, -83.3416907058 37.531588708 14.227, -83.3418822862 37.5317448505 14.242, -83.3420833541 37.5318956938 14.257, -83.3425058715 37.5321859832 14.288, -83.34293741 37.5324640943 14.319, -83.3431555914 37.5325979781 14.334, -83.3435961741 37.5328526447 14.364, -83.3440407593 37.5330903577 14.394, -83.3444941814 37.5333109413 14.423, -83.344960081 37.5335191418 14.453, -83.3454361508 37.5337223295 14.483, -83.3458927306 37.5339308841 14.512, -83.3461115957 37.534043897 14.527, -83.346318464 37.5341651798 14.541, -83.3465112052 37.534296612 14.555, -83.3466877598 37.5344378773 14.569, -83.3468543412 37.5345888285 14.583, -83.3470037446 37.5347482193 14.596, -83.3471291123 37.5349148091 14.61, -83.3472384776 37.5350854658 14.623, -83.3473243814 37.5352561918 14.636, -83.3473663851 37.5353655744 14.644)"
"District 10","Breathitt","10-10070.00","KY","1812","KY-1812","AM-BRIDGE (P)","13.481","13.489","ADDRESS DEFICIENCIES OF BRIDGE ON KY-1812 OVER BOONE FORK OF FROZEN CRE (013B00006N)","013B00006N","2026","2026","D","BRZ","165340","2031","","","","013-KY-1812-000","LINESTRING Z (-83.4167924184 37.6516298174 13.481, -83.4168509771 37.6516836957 13.486, -83.4168898321 37.6517146162 13.489)"
"District 10","Breathitt","10-10070.00","KY","1812","KY-1812","AM-BRIDGE (P)","13.481","13.489","ADDRESS DEFICIENCIES OF BRIDGE ON KY-1812 OVER BOONE FORK OF FROZEN CRE (013B00006N)","013B00006N","2026","2026","C","BRZ","1102264","2031","","","","013-KY-1812-000","LINESTRING Z (-83.4167924184 37.6516298174 13.481, -83.4168509771 37.6516836957 13.486, -83.4168898321 37.6517146162 13.489)"
"District 10","Breathitt","10-10072.00","KY","542","KY-542","AM-BRIDGE (P)","11.575","11.585","ADDRESS DEFICIENCIES OF BRIDGE ON KY-542 OVER SPRING FK-QUICKSAND CRK (013B00043N)","013B00043N","2026","2026","C","BRZ","1061904","2031","","","","013-KY-0542-000","LINESTRING Z (-83.1024060751 37.5701311196 11.575, -83.1023400901 37.5700939107 11.58, -83.1022489701 37.5700678112 11.585)"
"District 10","Breathitt","10-10072.00","KY","542","KY-542","AM-BRIDGE (P)","11.575","11.585","ADDRESS DEFICIENCIES OF BRIDGE ON KY-542 OVER SPRING FK-QUICKSAND CRK (013B00043N)","013B00043N","2026","2026","D","BRZ","159286","2031","","","","013-KY-0542-000","LINESTRING Z (-83.1024060751 37.5701311196 11.575, -83.1023400901 37.5700939107 11.58, -83.1022489701 37.5700678112 11.585)"
"District 10","Breathitt","10-80353.00","CR","1007","CR-1007","AM-BRIDGE (P)","0.23","0.3","Replace bridge and approaches on Round Bottom Rd to reduce flooding issues (013C00054N)","013C00054N","2024","2026","C","FBP2","1056965","2030","","","","013-CR-1007-000","LINESTRING Z (-83.3241468986 37.5601933785 0.23, -83.3240112205 37.5600015317 0.245, -83.3239802799 37.5599767144 0.248, -83.323939678 37.559962412 0.25, -83.3238263281 37.5599564935 0.257, -83.3236377189 37.5599935256 0.267, -83.3234750292 37.5600506001 0.277, -83.3234449067 37.5600747029 0.279, -83.3234186797 37.5601274591 0.283, -83.323477973 37.5602457253 0.292, -83.3235489227 37.5603456609 0.3)"
"District 10","Breathitt","10-80353.00","CR","1007","CR-1007","AM-BRIDGE (P)","0.23","0.3","Replace bridge and approaches on Round Bottom Rd to reduce flooding issues (013C00054N)","013C00054N","2024","2026","D","FBP2","158545","2030","","","","013-CR-1007-000","LINESTRING Z (-83.3241468986 37.5601933785 0.23, -83.3240112205 37.5600015317 0.245, -83.3239802799 37.5599767144 0.248, -83.323939678 37.559962412 0.25, -83.3238263281 37.5599564935 0.257, -83.3236377189 37.5599935256 0.267, -83.3234750292 37.5600506001 0.277, -83.3234449067 37.5600747029 0.279, -83.3234186797 37.5601274591 0.283, -83.323477973 37.5602457253 0.292, -83.3235489227 37.5603456609 0.3)"
"District 10","Breathitt","10-80410.00","KY","30","KY-30","RECONSTRUCTION(O)","5.2","6.97","Reconstruction of KY 30 from 0.006 miles West of KY 3237 to 1.044 miles East of KY 2469. See KY 30 Planning Study September 2014 Alternate 2A (MP 5.203 to 6.97) (2026CCN)","","2026","2026","C","SPP","9300000","2032","","","","013-KY-0030-000","LINESTRING Z (-83.4761786804 37.4895197132 5.2, -83.476030843 37.4896874133 5.214, -83.4756253479 37.4901056422 5.249, -83.4754797026 37.490234409 5.261, -83.4753398332 37.4903772979 5.273, -83.4751899434 37.4905095531 5.285, -83.4747175986 37.490892415 5.32, -83.4743815501 37.4911477017 5.345, -83.4738645108 37.4915261193 5.383, -83.4729988938 37.4921406175 5.444, -83.4728389461 37.4922633334 5.456, -83.4726874348 37.4923919826 5.468, -83.4724022536 37.4926633632 5.492, -83.4718526027 37.4932164151 5.539, -83.4715958238 37.4934834016 5.561, -83.4714817921 37.493626515 5.572, -83.4713788631 37.4937673711 5.583, -83.4711017761 37.4941905572 5.615, -83.471000082 37.4943248436 5.626, -83.4708872509 37.4944512213 5.636, -83.4707609892 37.4945657985 5.646, -83.4706216323 37.4946688566 5.656, -83.4704665508 37.4947562235 5.666, -83.4703088567 37.4948276054 5.676, -83.470148818 37.4948854799 5.685, -83.4699864682 37.494928748 5.695, -83.4695053866 37.4950325689 5.721, -83.4693512651 37.49507737 5.73, -83.4692067057 37.4951363692 5.739, -83.4690727864 37.4952082125 5.747, -83.4689574483 37.4953037696 5.756, -83.4688455719 37.4954101085 5.765, -83.4687025935 37.4955636437 5.778, -83.4685277232 37.4957676583 5.795, -83.4682210793 37.4961644375 5.826, -83.4679684259 37.4965658391 5.857, -83.4678574425 37.4967103816 5.868, -83.4677267657 37.4968561883 5.88, -83.467581345 37.4969992364 5.893, -83.4675151498 37.4970550897 5.898, -83.4674082383 37.4971455897 5.907, -83.4672192111 37.4972825669 5.921, -83.4671450501 37.4973283747 5.926, -83.4670427706 37.4973914912 5.933, -83.4668880821 37.4974769387 5.943, -83.4666736252 37.4975774294 5.957, -83.464835133 37.4983718017 6.072, -83.4646651048 37.4984289243 6.082, -83.4644606911 37.498482903 6.094, -83.4640513564 37.4986185965 6.119, -83.4636177113 37.498748595 6.144, -83.4616701554 37.499353698 6.259, -83.4605898581 37.4996996233 6.323, -83.4603837367 37.499775265 6.335, -83.4599822385 37.4999470875 6.361, -83.4597831719 37.5000399 6.373, -83.4589880067 37.5004424867 6.425, -83.4587975142 37.5005255747 6.437, -83.4577634713 37.5010366674 6.504, -83.4575592031 37.5011414622 6.517, -83.457360563 37.5012537848 6.53, -83.4569702148 37.5014884546 6.557, -83.4564332889 37.5018578923 6.596, -83.4562907493 37.5019847736 6.608, -83.4559479077 37.5024341105 6.644, -83.4553944033 37.5032285024 6.707, -83.4551593065 37.5035384617 6.732, -83.4549346498 37.5038453298 6.756, -83.4548409152 37.5040108032 6.769, -83.4547696296 37.5042198494 6.784, -83.4547093207 37.5044307594 6.799, -83.4546589634 37.5046432388 6.813, -83.4546137923 37.5048552691 6.828, -83.4545055386 37.5055913478 6.879, -83.4544643753 37.5057740612 6.892, -83.4543979383 37.505948861 6.905, -83.4543239767 37.5061215909 6.917, -83.4541606302 37.5064639996 6.943, -83.4540650143 37.5066343813 6.955, -83.4539418467 37.506828029 6.97)"
"District 10","Breathitt","10-80410.00","KY","30","KY-30","RECONSTRUCTION(O)","5.2","6.97","Reconstruction of KY 30 from 0.006 miles West of KY 3237 to 1.044 miles East of KY 2469. See KY 30 Planning Study September 2014 Alternate 2A (MP 5.203 to 6.97) (2026CCN)","","2026","2026","D","SPP","900000","2030","","","","013-KY-0030-000","LINESTRING Z (-83.4761786804 37.4895197132 5.2, -83.476030843 37.4896874133 5.214, -83.4756253479 37.4901056422 5.249, -83.4754797026 37.490234409 5.261, -83.4753398332 37.4903772979 5.273, -83.4751899434 37.4905095531 5.285, -83.4747175986 37.490892415 5.32, -83.4743815501 37.4911477017 5.345, -83.4738645108 37.4915261193 5.383, -83.4729988938 37.4921406175 5.444, -83.4728389461 37.4922633334 5.456, -83.4726874348 37.4923919826 5.468, -83.4724022536 37.4926633632 5.492, -83.4718526027 37.4932164151 5.539, -83.4715958238 37.4934834016 5.561, -83.4714817921 37.493626515 5.572, -83.4713788631 37.4937673711 5.583, -83.4711017761 37.4941905572 5.615, -83.471000082 37.4943248436 5.626, -83.4708872509 37.4944512213 5.636, -83.4707609892 37.4945657985 5.646, -83.4706216323 37.4946688566 5.656, -83.4704665508 37.4947562235 5.666, -83.4703088567 37.4948276054 5.676, -83.470148818 37.4948854799 5.685, -83.4699864682 37.494928748 5.695, -83.4695053866 37.4950325689 5.721, -83.4693512651 37.49507737 5.73, -83.4692067057 37.4951363692 5.739, -83.4690727864 37.4952082125 5.747, -83.4689574483 37.4953037696 5.756, -83.4688455719 37.4954101085 5.765, -83.4687025935 37.4955636437 5.778, -83.4685277232 37.4957676583 5.795, -83.4682210793 37.4961644375 5.826, -83.4679684259 37.4965658391 5.857, -83.4678574425 37.4967103816 5.868, -83.4677267657 37.4968561883 5.88, -83.467581345 37.4969992364 5.893, -83.4675151498 37.4970550897 5.898, -83.4674082383 37.4971455897 5.907, -83.4672192111 37.4972825669 5.921, -83.4671450501 37.4973283747 5.926, -83.4670427706 37.4973914912 5.933, -83.4668880821 37.4974769387 5.943, -83.4666736252 37.4975774294 5.957, -83.464835133 37.4983718017 6.072, -83.4646651048 37.4984289243 6.082, -83.4644606911 37.498482903 6.094, -83.4640513564 37.4986185965 6.119, -83.4636177113 37.498748595 6.144, -83.4616701554 37.499353698 6.259, -83.4605898581 37.4996996233 6.323, -83.4603837367 37.499775265 6.335, -83.4599822385 37.4999470875 6.361, -83.4597831719 37.5000399 6.373, -83.4589880067 37.5004424867 6.425, -83.4587975142 37.5005255747 6.437, -83.4577634713 37.5010366674 6.504, -83.4575592031 37.5011414622 6.517, -83.457360563 37.5012537848 6.53, -83.4569702148 37.5014884546 6.557, -83.4564332889 37.5018578923 6.596, -83.4562907493 37.5019847736 6.608, -83.4559479077 37.5024341105 6.644, -83.4553944033 37.5032285024 6.707, -83.4551593065 37.5035384617 6.732, -83.4549346498 37.5038453298 6.756, -83.4548409152 37.5040108032 6.769, -83.4547696296 37.5042198494 6.784, -83.4547093207 37.5044307594 6.799, -83.4546589634 37.5046432388 6.813, -83.4546137923 37.5048552691 6.828, -83.4545055386 37.5055913478 6.879, -83.4544643753 37.5057740612 6.892, -83.4543979383 37.505948861 6.905, -83.4543239767 37.5061215909 6.917, -83.4541606302 37.5064639996 6.943, -83.4540650143 37.5066343813 6.955, -83.4539418467 37.506828029 6.97)"
"District 10","Breathitt","10-80410.00","KY","30","KY-30","RECONSTRUCTION(O)","5.2","6.97","Reconstruction of KY 30 from 0.006 miles West of KY 3237 to 1.044 miles East of KY 2469. See KY 30 Planning Study September 2014 Alternate 2A (MP 5.203 to 6.97) (2026CCN)","","2026","2026","R","SPP","800000","2031","","","","013-KY-0030-000","LINESTRING Z (-83.4761786804 37.4895197132 5.2, -83.476030843 37.4896874133 5.214, -83.4756253479 37.4901056422 5.249, -83.4754797026 37.490234409 5.261, -83.4753398332 37.4903772979 5.273, -83.4751899434 37.4905095531 5.285, -83.4747175986 37.490892415 5.32, -83.4743815501 37.4911477017 5.345, -83.4738645108 37.4915261193 5.383, -83.4729988938 37.4921406175 5.444, -83.4728389461 37.4922633334 5.456, -83.4726874348 37.4923919826 5.468, -83.4724022536 37.4926633632 5.492, -83.4718526027 37.4932164151 5.539, -83.4715958238 37.4934834016 5.561, -83.4714817921 37.493626515 5.572, -83.4713788631 37.4937673711 5.583, -83.4711017761 37.4941905572 5.615, -83.471000082 37.4943248436 5.626, -83.4708872509 37.4944512213 5.636, -83.4707609892 37.4945657985 5.646, -83.4706216323 37.4946688566 5.656, -83.4704665508 37.4947562235 5.666, -83.4703088567 37.4948276054 5.676, -83.470148818 37.4948854799 5.685, -83.4699864682 37.494928748 5.695, -83.4695053866 37.4950325689 5.721, -83.4693512651 37.49507737 5.73, -83.4692067057 37.4951363692 5.739, -83.4690727864 37.4952082125 5.747, -83.4689574483 37.4953037696 5.756, -83.4688455719 37.4954101085 5.765, -83.4687025935 37.4955636437 5.778, -83.4685277232 37.4957676583 5.795, -83.4682210793 37.4961644375 5.826, -83.4679684259 37.4965658391 5.857, -83.4678574425 37.4967103816 5.868, -83.4677267657 37.4968561883 5.88, -83.467581345 37.4969992364 5.893, -83.4675151498 37.4970550897 5.898, -83.4674082383 37.4971455897 5.907, -83.4672192111 37.4972825669 5.921, -83.4671450501 37.4973283747 5.926, -83.4670427706 37.4973914912 5.933, -83.4668880821 37.4974769387 5.943, -83.4666736252 37.4975774294 5.957, -83.464835133 37.4983718017 6.072, -83.4646651048 37.4984289243 6.082, -83.4644606911 37.498482903 6.094, -83.4640513564 37.4986185965 6.119, -83.4636177113 37.498748595 6.144, -83.4616701554 37.499353698 6.259, -83.4605898581 37.4996996233 6.323, -83.4603837367 37.499775265 6.335, -83.4599822385 37.4999470875 6.361, -83.4597831719 37.5000399 6.373, -83.4589880067 37.5004424867 6.425, -83.4587975142 37.5005255747 6.437, -83.4577634713 37.5010366674 6.504, -83.4575592031 37.5011414622 6.517, -83.457360563 37.5012537848 6.53, -83.4569702148 37.5014884546 6.557, -83.4564332889 37.5018578923 6.596, -83.4562907493 37.5019847736 6.608, -83.4559479077 37.5024341105 6.644, -83.4553944033 37.5032285024 6.707, -83.4551593065 37.5035384617 6.732, -83.4549346498 37.5038453298 6.756, -83.4548409152 37.5040108032 6.769, -83.4547696296 37.5042198494 6.784, -83.4547093207 37.5044307594 6.799, -83.4546589634 37.5046432388 6.813, -83.4546137923 37.5048552691 6.828, -83.4545055386 37.5055913478 6.879, -83.4544643753 37.5057740612 6.892, -83.4543979383 37.505948861 6.905, -83.4543239767 37.5061215909 6.917, -83.4541606302 37.5064639996 6.943, -83.4540650143 37.5066343813 6.955, -83.4539418467 37.506828029 6.97)"
"District 10","Breathitt","10-80410.00","KY","30","KY-30","RECONSTRUCTION(O)","5.2","6.97","Reconstruction of KY 30 from 0.006 miles West of KY 3237 to 1.044 miles East of KY 2469. See KY 30 Planning Study September 2014 Alternate 2A (MP 5.203 to 6.97) (2026CCN)","","2026","2026","U","SPP","700000","2031","","","","013-KY-0030-000","LINESTRING Z (-83.4761786804 37.4895197132 5.2, -83.476030843 37.4896874133 5.214, -83.4756253479 37.4901056422 5.249, -83.4754797026 37.490234409 5.261, -83.4753398332 37.4903772979 5.273, -83.4751899434 37.4905095531 5.285, -83.4747175986 37.490892415 5.32, -83.4743815501 37.4911477017 5.345, -83.4738645108 37.4915261193 5.383, -83.4729988938 37.4921406175 5.444, -83.4728389461 37.4922633334 5.456, -83.4726874348 37.4923919826 5.468, -83.4724022536 37.4926633632 5.492, -83.4718526027 37.4932164151 5.539, -83.4715958238 37.4934834016 5.561, -83.4714817921 37.493626515 5.572, -83.4713788631 37.4937673711 5.583, -83.4711017761 37.4941905572 5.615, -83.471000082 37.4943248436 5.626, -83.4708872509 37.4944512213 5.636, -83.4707609892 37.4945657985 5.646, -83.4706216323 37.4946688566 5.656, -83.4704665508 37.4947562235 5.666, -83.4703088567 37.4948276054 5.676, -83.470148818 37.4948854799 5.685, -83.4699864682 37.494928748 5.695, -83.4695053866 37.4950325689 5.721, -83.4693512651 37.49507737 5.73, -83.4692067057 37.4951363692 5.739, -83.4690727864 37.4952082125 5.747, -83.4689574483 37.4953037696 5.756, -83.4688455719 37.4954101085 5.765, -83.4687025935 37.4955636437 5.778, -83.4685277232 37.4957676583 5.795, -83.4682210793 37.4961644375 5.826, -83.4679684259 37.4965658391 5.857, -83.4678574425 37.4967103816 5.868, -83.4677267657 37.4968561883 5.88, -83.467581345 37.4969992364 5.893, -83.4675151498 37.4970550897 5.898, -83.4674082383 37.4971455897 5.907, -83.4672192111 37.4972825669 5.921, -83.4671450501 37.4973283747 5.926, -83.4670427706 37.4973914912 5.933, -83.4668880821 37.4974769387 5.943, -83.4666736252 37.4975774294 5.957, -83.464835133 37.4983718017 6.072, -83.4646651048 37.4984289243 6.082, -83.4644606911 37.498482903 6.094, -83.4640513564 37.4986185965 6.119, -83.4636177113 37.498748595 6.144, -83.4616701554 37.499353698 6.259, -83.4605898581 37.4996996233 6.323, -83.4603837367 37.499775265 6.335, -83.4599822385 37.4999470875 6.361, -83.4597831719 37.5000399 6.373, -83.4589880067 37.5004424867 6.425, -83.4587975142 37.5005255747 6.437, -83.4577634713 37.5010366674 6.504, -83.4575592031 37.5011414622 6.517, -83.457360563 37.5012537848 6.53, -83.4569702148 37.5014884546 6.557, -83.4564332889 37.5018578923 6.596, -83.4562907493 37.5019847736 6.608, -83.4559479077 37.5024341105 6.644, -83.4553944033 37.5032285024 6.707, -83.4551593065 37.5035384617 6.732, -83.4549346498 37.5038453298 6.756, -83.4548409152 37.5040108032 6.769, -83.4547696296 37.5042198494 6.784, -83.4547093207 37.5044307594 6.799, -83.4546589634 37.5046432388 6.813, -83.4546137923 37.5048552691 6.828, -83.4545055386 37.5055913478 6.879, -83.4544643753 37.5057740612 6.892, -83.4543979383 37.505948861 6.905, -83.4543239767 37.5061215909 6.917, -83.4541606302 37.5064639996 6.943, -83.4540650143 37.5066343813 6.955, -83.4539418467 37.506828029 6.97)"
"District 10","Breathitt","10-80411.00","KY","1110","KY-1110","SAFETY(P)","14.0","15.0","Improve reliability of KY 1110 between MP 14 and MP 15. (2026CCN)","","2026","2026","R","SPP","500000","2030","","","","013-KY-1110-000","LINESTRING Z (-83.3602741598 37.4825477396 14, -83.3605202661 37.4825635688 14.014, -83.3608882614 37.4826128391 14.034, -83.3610733817 37.4826561785 14.045, -83.3616304152 37.4828307375 14.078, -83.3618165281 37.4828968997 14.089, -83.3619891498 37.4829644342 14.1, -83.3623691656 37.4830796067 14.122, -83.3625582925 37.4831485765 14.134, -83.362736332 37.4832299571 14.145, -83.3630692961 37.4834147759 14.168, -83.3633925371 37.4836125835 14.19, -83.3635508361 37.4837182868 14.201, -83.3638450972 37.4839490195 14.224, -83.3639829129 37.484069965 14.236, -83.3641070013 37.4841996975 14.247, -83.3642160985 37.4843346191 14.258, -83.3643116446 37.4844728357 14.269, -83.3643981459 37.4846136151 14.28, -83.3645667128 37.4848937102 14.301, -83.3646455731 37.4850362574 14.312, -83.3647174275 37.4851822329 14.323, -83.364770342 37.4853275477 14.333, -83.3648087504 37.4854736668 14.344, -83.3648591265 37.4857733323 14.365, -83.3648721812 37.4859252532 14.375, -83.3648700837 37.4860765908 14.386, -83.3648531979 37.4862268032 14.396, -83.3648181749 37.4863727989 14.406, -83.3647608707 37.4865147694 14.417, -83.3646098962 37.4867930251 14.438, -83.3645213592 37.4869305131 14.448, -83.3644120871 37.4870587879 14.459, -83.3642822373 37.4871729053 14.47, -83.3640505861 37.4873973152 14.49, -83.3637578142 37.4876138867 14.512, -83.3634688939 37.4878393271 14.534, -83.3633178548 37.4879475168 14.545, -83.3631623804 37.4880542431 14.557, -83.3630033634 37.4881532032 14.568, -83.362837903 37.488248736 14.579, -83.3624880935 37.4884160617 14.602, -83.3623146014 37.4884932965 14.613, -83.3621066429 37.4885701038 14.625, -83.3617563784 37.4887192854 14.647, -83.3611723362 37.4889224909 14.682, -83.360973802 37.4889742125 14.694, -83.3607708323 37.4890137541 14.705, -83.360563285 37.4890455095 14.717, -83.3601311655 37.4891023525 14.741, -83.3599057358 37.4891219275 14.754, -83.3596782028 37.4891318444 14.766, -83.3594489561 37.4891307355 14.779, -83.35922038 37.4891194752 14.792, -83.358992537 37.4890961409 14.804, -83.3587655783 37.4890667797 14.817, -83.3585395653 37.4890294694 14.83, -83.3578829851 37.4888935244 14.867, -83.3574738886 37.4888241749 14.89, -83.3570824617 37.4887843062 14.912, -83.3566965398 37.4887555385 14.933, -83.356302507 37.4887323732 14.955, -83.3561021162 37.4887131657 14.966, -83.355904659 37.4886778076 14.977, -83.3557103383 37.4886307011 14.989, -83.3555203556 37.4885729211 15)"
"District 10","Breathitt","10-80411.00","KY","1110","KY-1110","SAFETY(P)","14.0","15.0","Improve reliability of KY 1110 between MP 14 and MP 15. (2026CCN)","","2026","2026","C","SPP","14250000","2032","","","","013-KY-1110-000","LINESTRING Z (-83.3602741598 37.4825477396 14, -83.3605202661 37.4825635688 14.014, -83.3608882614 37.4826128391 14.034, -83.3610733817 37.4826561785 14.045, -83.3616304152 37.4828307375 14.078, -83.3618165281 37.4828968997 14.089, -83.3619891498 37.4829644342 14.1, -83.3623691656 37.4830796067 14.122, -83.3625582925 37.4831485765 14.134, -83.362736332 37.4832299571 14.145, -83.3630692961 37.4834147759 14.168, -83.3633925371 37.4836125835 14.19, -83.3635508361 37.4837182868 14.201, -83.3638450972 37.4839490195 14.224, -83.3639829129 37.484069965 14.236, -83.3641070013 37.4841996975 14.247, -83.3642160985 37.4843346191 14.258, -83.3643116446 37.4844728357 14.269, -83.3643981459 37.4846136151 14.28, -83.3645667128 37.4848937102 14.301, -83.3646455731 37.4850362574 14.312, -83.3647174275 37.4851822329 14.323, -83.364770342 37.4853275477 14.333, -83.3648087504 37.4854736668 14.344, -83.3648591265 37.4857733323 14.365, -83.3648721812 37.4859252532 14.375, -83.3648700837 37.4860765908 14.386, -83.3648531979 37.4862268032 14.396, -83.3648181749 37.4863727989 14.406, -83.3647608707 37.4865147694 14.417, -83.3646098962 37.4867930251 14.438, -83.3645213592 37.4869305131 14.448, -83.3644120871 37.4870587879 14.459, -83.3642822373 37.4871729053 14.47, -83.3640505861 37.4873973152 14.49, -83.3637578142 37.4876138867 14.512, -83.3634688939 37.4878393271 14.534, -83.3633178548 37.4879475168 14.545, -83.3631623804 37.4880542431 14.557, -83.3630033634 37.4881532032 14.568, -83.362837903 37.488248736 14.579, -83.3624880935 37.4884160617 14.602, -83.3623146014 37.4884932965 14.613, -83.3621066429 37.4885701038 14.625, -83.3617563784 37.4887192854 14.647, -83.3611723362 37.4889224909 14.682, -83.360973802 37.4889742125 14.694, -83.3607708323 37.4890137541 14.705, -83.360563285 37.4890455095 14.717, -83.3601311655 37.4891023525 14.741, -83.3599057358 37.4891219275 14.754, -83.3596782028 37.4891318444 14.766, -83.3594489561 37.4891307355 14.779, -83.35922038 37.4891194752 14.792, -83.358992537 37.4890961409 14.804, -83.3587655783 37.4890667797 14.817, -83.3585395653 37.4890294694 14.83, -83.3578829851 37.4888935244 14.867, -83.3574738886 37.4888241749 14.89, -83.3570824617 37.4887843062 14.912, -83.3566965398 37.4887555385 14.933, -83.356302507 37.4887323732 14.955, -83.3561021162 37.4887131657 14.966, -83.355904659 37.4886778076 14.977, -83.3557103383 37.4886307011 14.989, -83.3555203556 37.4885729211 15)"
"District 10","Breathitt","10-80411.00","KY","1110","KY-1110","SAFETY(P)","14.0","15.0","Improve reliability of KY 1110 between MP 14 and MP 15. (2026CCN)","","2026","2026","U","SPP","750000","2031","","","","013-KY-1110-000","LINESTRING Z (-83.3602741598 37.4825477396 14, -83.3605202661 37.4825635688 14.014, -83.3608882614 37.4826128391 14.034, -83.3610733817 37.4826561785 14.045, -83.3616304152 37.4828307375 14.078, -83.3618165281 37.4828968997 14.089, -83.3619891498 37.4829644342 14.1, -83.3623691656 37.4830796067 14.122, -83.3625582925 37.4831485765 14.134, -83.362736332 37.4832299571 14.145, -83.3630692961 37.4834147759 14.168, -83.3633925371 37.4836125835 14.19, -83.3635508361 37.4837182868 14.201, -83.3638450972 37.4839490195 14.224, -83.3639829129 37.484069965 14.236, -83.3641070013 37.4841996975 14.247, -83.3642160985 37.4843346191 14.258, -83.3643116446 37.4844728357 14.269, -83.3643981459 37.4846136151 14.28, -83.3645667128 37.4848937102 14.301, -83.3646455731 37.4850362574 14.312, -83.3647174275 37.4851822329 14.323, -83.364770342 37.4853275477 14.333, -83.3648087504 37.4854736668 14.344, -83.3648591265 37.4857733323 14.365, -83.3648721812 37.4859252532 14.375, -83.3648700837 37.4860765908 14.386, -83.3648531979 37.4862268032 14.396, -83.3648181749 37.4863727989 14.406, -83.3647608707 37.4865147694 14.417, -83.3646098962 37.4867930251 14.438, -83.3645213592 37.4869305131 14.448, -83.3644120871 37.4870587879 14.459, -83.3642822373 37.4871729053 14.47, -83.3640505861 37.4873973152 14.49, -83.3637578142 37.4876138867 14.512, -83.3634688939 37.4878393271 14.534, -83.3633178548 37.4879475168 14.545, -83.3631623804 37.4880542431 14.557, -83.3630033634 37.4881532032 14.568, -83.362837903 37.488248736 14.579, -83.3624880935 37.4884160617 14.602, -83.3623146014 37.4884932965 14.613, -83.3621066429 37.4885701038 14.625, -83.3617563784 37.4887192854 14.647, -83.3611723362 37.4889224909 14.682, -83.360973802 37.4889742125 14.694, -83.3607708323 37.4890137541 14.705, -83.360563285 37.4890455095 14.717, -83.3601311655 37.4891023525 14.741, -83.3599057358 37.4891219275 14.754, -83.3596782028 37.4891318444 14.766, -83.3594489561 37.4891307355 14.779, -83.35922038 37.4891194752 14.792, -83.358992537 37.4890961409 14.804, -83.3587655783 37.4890667797 14.817, -83.3585395653 37.4890294694 14.83, -83.3578829851 37.4888935244 14.867, -83.3574738886 37.4888241749 14.89, -83.3570824617 37.4887843062 14.912, -83.3566965398 37.4887555385 14.933, -83.356302507 37.4887323732 14.955, -83.3561021162 37.4887131657 14.966, -83.355904659 37.4886778076 14.977, -83.3557103383 37.4886307011 14.989, -83.3555203556 37.4885729211 15)"
"District 10","Breathitt","10-80411.00","KY","1110","KY-1110","SAFETY(P)","14.0","15.0","Improve reliability of KY 1110 between MP 14 and MP 15. (2026CCN)","","2026","2026","D","SPP","1000000","2027","","","","013-KY-1110-000","LINESTRING Z (-83.3602741598 37.4825477396 14, -83.3605202661 37.4825635688 14.014, -83.3608882614 37.4826128391 14.034, -83.3610733817 37.4826561785 14.045, -83.3616304152 37.4828307375 14.078, -83.3618165281 37.4828968997 14.089, -83.3619891498 37.4829644342 14.1, -83.3623691656 37.4830796067 14.122, -83.3625582925 37.4831485765 14.134, -83.362736332 37.4832299571 14.145, -83.3630692961 37.4834147759 14.168, -83.3633925371 37.4836125835 14.19, -83.3635508361 37.4837182868 14.201, -83.3638450972 37.4839490195 14.224, -83.3639829129 37.484069965 14.236, -83.3641070013 37.4841996975 14.247, -83.3642160985 37.4843346191 14.258, -83.3643116446 37.4844728357 14.269, -83.3643981459 37.4846136151 14.28, -83.3645667128 37.4848937102 14.301, -83.3646455731 37.4850362574 14.312, -83.3647174275 37.4851822329 14.323, -83.364770342 37.4853275477 14.333, -83.3648087504 37.4854736668 14.344, -83.3648591265 37.4857733323 14.365, -83.3648721812 37.4859252532 14.375, -83.3648700837 37.4860765908 14.386, -83.3648531979 37.4862268032 14.396, -83.3648181749 37.4863727989 14.406, -83.3647608707 37.4865147694 14.417, -83.3646098962 37.4867930251 14.438, -83.3645213592 37.4869305131 14.448, -83.3644120871 37.4870587879 14.459, -83.3642822373 37.4871729053 14.47, -83.3640505861 37.4873973152 14.49, -83.3637578142 37.4876138867 14.512, -83.3634688939 37.4878393271 14.534, -83.3633178548 37.4879475168 14.545, -83.3631623804 37.4880542431 14.557, -83.3630033634 37.4881532032 14.568, -83.362837903 37.488248736 14.579, -83.3624880935 37.4884160617 14.602, -83.3623146014 37.4884932965 14.613, -83.3621066429 37.4885701038 14.625, -83.3617563784 37.4887192854 14.647, -83.3611723362 37.4889224909 14.682, -83.360973802 37.4889742125 14.694, -83.3607708323 37.4890137541 14.705, -83.360563285 37.4890455095 14.717, -83.3601311655 37.4891023525 14.741, -83.3599057358 37.4891219275 14.754, -83.3596782028 37.4891318444 14.766, -83.3594489561 37.4891307355 14.779, -83.35922038 37.4891194752 14.792, -83.358992537 37.4890961409 14.804, -83.3587655783 37.4890667797 14.817, -83.3585395653 37.4890294694 14.83, -83.3578829851 37.4888935244 14.867, -83.3574738886 37.4888241749 14.89, -83.3570824617 37.4887843062 14.912, -83.3566965398 37.4887555385 14.933, -83.356302507 37.4887323732 14.955, -83.3561021162 37.4887131657 14.966, -83.355904659 37.4886778076 14.977, -83.3557103383 37.4886307011 14.989, -83.3555203556 37.4885729211 15)"
"District 10","Estill","10-00205.00","KY","82","KY-82","RECONSTRUCTION","0.0","4.1","IMPROVE LEVEL OF SERVICE, SAFETY, AND CONNECTIVITY ON KY-82 FROM KY-89 IN ESTILL CO. TO NEW CONSTRUCTION LOCATED NORTH OF HUDSON MILL ROAD IN ESTILL COUNTY. (2022CCR) (2024CCN)","","2018","2026","U","SPP","4010000","2030","","","","033-KY-0082-000","LINESTRING Z (-84.0097174525 37.783046207 0, -84.009605714 37.7831912364 0.012, -84.0095266856 37.7833287834 0.022, -84.0093554949 37.7835146844 0.038, -84.0072669394 37.7856397674 0.224, -84.0065111211 37.7864149924 0.291, -84.0062867554 37.7866536654 0.311, -84.0061345633 37.7868258345 0.326, -84.0059592041 37.7870410608 0.344, -84.005799323 37.7872603619 0.361, -84.0056601431 37.787482442 0.378, -84.005537767 37.7877110895 0.395, -84.005425911 37.7879486825 0.413, -84.0053161197 37.7882014146 0.431, -84.0052275621 37.7884489671 0.449, -84.0044438059 37.7909065008 0.623, -84.0041401974 37.7918774085 0.692, -84.0037951508 37.7929905372 0.771, -84.0037125448 37.7932788312 0.791, -84.0036503145 37.7935251252 0.809, -84.0035886696 37.7938052149 0.828, -84.0035639134 37.7939449383 0.838, -84.0035134523 37.7943232575 0.864, -84.0034099069 37.7953083961 0.932, -84.0033574437 37.7959182471 0.974, -84.0033085219 37.7963339467 1.002, -84.0032754156 37.796563368 1.018, -84.003224035 37.7967897712 1.034, -84.0031878447 37.7969004817 1.042, -84.0030815605 37.7971650751 1.061, -84.0029985883 37.7973072292 1.072, -84.0027997069 37.797578962 1.093, -84.0023149104 37.7982310072 1.145, -84.0021525896 37.7984348846 1.162, -84.0020280163 37.7985794415 1.174, -84.0019214576 37.7986940506 1.183, -84.001804576 37.798806033 1.193, -84.0016781158 37.7989132041 1.203, -84.001474772 37.7990656535 1.219, -84.001330933 37.7991610287 1.229, -84.0011416791 37.7992738577 1.242, -84.0009445688 37.799382175 1.255, -84.0007784681 37.7994673294 1.265, -84.0006178447 37.7995404788 1.276, -84.0001553474 37.7997017064 1.303, -83.9997576004 37.7998182978 1.326, -83.9965440826 37.8006631601 1.511, -83.9953257113 37.8009908188 1.581, -83.9943890657 37.801233398 1.634, -83.9936350569 37.8014383183 1.677, -83.9934509139 37.8014954501 1.688, -83.9932277514 37.8015775445 1.702, -83.9930566555 37.8016538232 1.712, -83.9928929637 37.8017390035 1.723, -83.9927756964 37.8018081201 1.731, -83.9926244363 37.8019091424 1.742, -83.9925514844 37.8019635394 1.747, -83.992413734 37.8020787724 1.758, -83.9923523652 37.8021410334 1.764, -83.9921795085 37.8023351259 1.78, -83.9920016901 37.8025923229 1.8, -83.9919476018 37.8026832598 1.807, -83.9918108992 37.802943817 1.825, -83.9914551578 37.803710096 1.879, -83.9913561659 37.8038986996 1.893, -83.9912645042 37.8040409908 1.904, -83.9911584453 37.8041772979 1.914, -83.9910443925 37.8043003009 1.924, -83.9909165679 37.8044200748 1.935, -83.9907819062 37.8045361762 1.945, -83.9906393752 37.8046483149 1.956, -83.990290935 37.8048881229 1.98, -83.9892941809 37.8055299824 2.048, -83.9887232498 37.8058807251 2.086, -83.9881703939 37.8062281648 2.123, -83.9879539434 37.80637655 2.138, -83.9878188358 37.8064819283 2.148, -83.9877244047 37.8065656666 2.155, -83.9876071431 37.8066776307 2.165, -83.987478276 37.8068262276 2.177, -83.9873801662 37.8069480926 2.187, -83.9872140547 37.8071922726 2.205, -83.9870250315 37.8075407649 2.23, -83.9867282907 37.8081235983 2.272, -83.9863351782 37.8089002893 2.328, -83.9862053726 37.8091606698 2.346, -83.9858610403 37.8098658477 2.396, -83.9857069698 37.8101417953 2.416, -83.9855513341 37.8103962942 2.435, -83.9854662303 37.8105241204 2.445, -83.9851345684 37.8109732034 2.479, -83.9846348865 37.8116293497 2.53, -83.9839669329 37.8124738749 2.596, -83.9836722851 37.8128655507 2.627, -83.9814868893 37.8157026495 2.847, -83.9812974013 37.8159816294 2.868, -83.9812150513 37.816124053 2.879, -83.9811402899 37.8162676895 2.889, -83.9810519565 37.8164721013 2.903, -83.980944067 37.8167558796 2.923, -83.9807228899 37.817389829 2.971, -83.9805879732 37.817775658 3.001, -83.9799533206 37.8196125605 3.141, -83.979596717 37.8206235382 3.218, -83.9791955439 37.8218036006 3.307, -83.979085398 37.8220942104 3.329, -83.9789579769 37.8223831862 3.352, -83.9788000229 37.8226456071 3.373, -83.9786689068 37.8228139389 3.387, -83.9785745578 37.8229218441 3.397, -83.9784105896 37.8230737492 3.412, -83.977993611 37.8234083555 3.446, -83.9772074065 37.8239917581 3.509, -83.9768423002 37.8242711061 3.538, -83.9765783025 37.8244929198 3.56, -83.9763860648 37.8246825781 3.578, -83.9762964338 37.8247812128 3.587, -83.9761391099 37.8249878776 3.605, -83.975981632 37.8252442595 3.626, -83.9756635437 37.8258297654 3.672, -83.9753447509 37.8263866926 3.717, -83.975121666 37.8267937103 3.749, -83.9749760207 37.8270618055 3.771, -83.9748011421 37.8274080202 3.798, -83.9740315327 37.8288412613 3.905, -83.9733894607 37.8299954179 3.991, -83.9725726113 37.8314411029 4.1)"
"District 10","Estill","10-00205.00","KY","82","KY-82","RECONSTRUCTION","0.0","4.1","IMPROVE LEVEL OF SERVICE, SAFETY, AND CONNECTIVITY ON KY-82 FROM KY-89 IN ESTILL CO. TO NEW CONSTRUCTION LOCATED NORTH OF HUDSON MILL ROAD IN ESTILL COUNTY. (2022CCR) (2024CCN)","","2018","2026","R","SPP","6300000","2029","","","","033-KY-0082-000","LINESTRING Z (-84.0097174525 37.783046207 0, -84.009605714 37.7831912364 0.012, -84.0095266856 37.7833287834 0.022, -84.0093554949 37.7835146844 0.038, -84.0072669394 37.7856397674 0.224, -84.0065111211 37.7864149924 0.291, -84.0062867554 37.7866536654 0.311, -84.0061345633 37.7868258345 0.326, -84.0059592041 37.7870410608 0.344, -84.005799323 37.7872603619 0.361, -84.0056601431 37.787482442 0.378, -84.005537767 37.7877110895 0.395, -84.005425911 37.7879486825 0.413, -84.0053161197 37.7882014146 0.431, -84.0052275621 37.7884489671 0.449, -84.0044438059 37.7909065008 0.623, -84.0041401974 37.7918774085 0.692, -84.0037951508 37.7929905372 0.771, -84.0037125448 37.7932788312 0.791, -84.0036503145 37.7935251252 0.809, -84.0035886696 37.7938052149 0.828, -84.0035639134 37.7939449383 0.838, -84.0035134523 37.7943232575 0.864, -84.0034099069 37.7953083961 0.932, -84.0033574437 37.7959182471 0.974, -84.0033085219 37.7963339467 1.002, -84.0032754156 37.796563368 1.018, -84.003224035 37.7967897712 1.034, -84.0031878447 37.7969004817 1.042, -84.0030815605 37.7971650751 1.061, -84.0029985883 37.7973072292 1.072, -84.0027997069 37.797578962 1.093, -84.0023149104 37.7982310072 1.145, -84.0021525896 37.7984348846 1.162, -84.0020280163 37.7985794415 1.174, -84.0019214576 37.7986940506 1.183, -84.001804576 37.798806033 1.193, -84.0016781158 37.7989132041 1.203, -84.001474772 37.7990656535 1.219, -84.001330933 37.7991610287 1.229, -84.0011416791 37.7992738577 1.242, -84.0009445688 37.799382175 1.255, -84.0007784681 37.7994673294 1.265, -84.0006178447 37.7995404788 1.276, -84.0001553474 37.7997017064 1.303, -83.9997576004 37.7998182978 1.326, -83.9965440826 37.8006631601 1.511, -83.9953257113 37.8009908188 1.581, -83.9943890657 37.801233398 1.634, -83.9936350569 37.8014383183 1.677, -83.9934509139 37.8014954501 1.688, -83.9932277514 37.8015775445 1.702, -83.9930566555 37.8016538232 1.712, -83.9928929637 37.8017390035 1.723, -83.9927756964 37.8018081201 1.731, -83.9926244363 37.8019091424 1.742, -83.9925514844 37.8019635394 1.747, -83.992413734 37.8020787724 1.758, -83.9923523652 37.8021410334 1.764, -83.9921795085 37.8023351259 1.78, -83.9920016901 37.8025923229 1.8, -83.9919476018 37.8026832598 1.807, -83.9918108992 37.802943817 1.825, -83.9914551578 37.803710096 1.879, -83.9913561659 37.8038986996 1.893, -83.9912645042 37.8040409908 1.904, -83.9911584453 37.8041772979 1.914, -83.9910443925 37.8043003009 1.924, -83.9909165679 37.8044200748 1.935, -83.9907819062 37.8045361762 1.945, -83.9906393752 37.8046483149 1.956, -83.990290935 37.8048881229 1.98, -83.9892941809 37.8055299824 2.048, -83.9887232498 37.8058807251 2.086, -83.9881703939 37.8062281648 2.123, -83.9879539434 37.80637655 2.138, -83.9878188358 37.8064819283 2.148, -83.9877244047 37.8065656666 2.155, -83.9876071431 37.8066776307 2.165, -83.987478276 37.8068262276 2.177, -83.9873801662 37.8069480926 2.187, -83.9872140547 37.8071922726 2.205, -83.9870250315 37.8075407649 2.23, -83.9867282907 37.8081235983 2.272, -83.9863351782 37.8089002893 2.328, -83.9862053726 37.8091606698 2.346, -83.9858610403 37.8098658477 2.396, -83.9857069698 37.8101417953 2.416, -83.9855513341 37.8103962942 2.435, -83.9854662303 37.8105241204 2.445, -83.9851345684 37.8109732034 2.479, -83.9846348865 37.8116293497 2.53, -83.9839669329 37.8124738749 2.596, -83.9836722851 37.8128655507 2.627, -83.9814868893 37.8157026495 2.847, -83.9812974013 37.8159816294 2.868, -83.9812150513 37.816124053 2.879, -83.9811402899 37.8162676895 2.889, -83.9810519565 37.8164721013 2.903, -83.980944067 37.8167558796 2.923, -83.9807228899 37.817389829 2.971, -83.9805879732 37.817775658 3.001, -83.9799533206 37.8196125605 3.141, -83.979596717 37.8206235382 3.218, -83.9791955439 37.8218036006 3.307, -83.979085398 37.8220942104 3.329, -83.9789579769 37.8223831862 3.352, -83.9788000229 37.8226456071 3.373, -83.9786689068 37.8228139389 3.387, -83.9785745578 37.8229218441 3.397, -83.9784105896 37.8230737492 3.412, -83.977993611 37.8234083555 3.446, -83.9772074065 37.8239917581 3.509, -83.9768423002 37.8242711061 3.538, -83.9765783025 37.8244929198 3.56, -83.9763860648 37.8246825781 3.578, -83.9762964338 37.8247812128 3.587, -83.9761391099 37.8249878776 3.605, -83.975981632 37.8252442595 3.626, -83.9756635437 37.8258297654 3.672, -83.9753447509 37.8263866926 3.717, -83.975121666 37.8267937103 3.749, -83.9749760207 37.8270618055 3.771, -83.9748011421 37.8274080202 3.798, -83.9740315327 37.8288412613 3.905, -83.9733894607 37.8299954179 3.991, -83.9725726113 37.8314411029 4.1)"
"District 10","Estill","10-00205.00","KY","82","KY-82","RECONSTRUCTION","0.0","4.1","IMPROVE LEVEL OF SERVICE, SAFETY, AND CONNECTIVITY ON KY-82 FROM KY-89 IN ESTILL CO. TO NEW CONSTRUCTION LOCATED NORTH OF HUDSON MILL ROAD IN ESTILL COUNTY. (2022CCR) (2024CCN)","","2018","2026","C","SPP","37200000","2031","","","","033-KY-0082-000","LINESTRING Z (-84.0097174525 37.783046207 0, -84.009605714 37.7831912364 0.012, -84.0095266856 37.7833287834 0.022, -84.0093554949 37.7835146844 0.038, -84.0072669394 37.7856397674 0.224, -84.0065111211 37.7864149924 0.291, -84.0062867554 37.7866536654 0.311, -84.0061345633 37.7868258345 0.326, -84.0059592041 37.7870410608 0.344, -84.005799323 37.7872603619 0.361, -84.0056601431 37.787482442 0.378, -84.005537767 37.7877110895 0.395, -84.005425911 37.7879486825 0.413, -84.0053161197 37.7882014146 0.431, -84.0052275621 37.7884489671 0.449, -84.0044438059 37.7909065008 0.623, -84.0041401974 37.7918774085 0.692, -84.0037951508 37.7929905372 0.771, -84.0037125448 37.7932788312 0.791, -84.0036503145 37.7935251252 0.809, -84.0035886696 37.7938052149 0.828, -84.0035639134 37.7939449383 0.838, -84.0035134523 37.7943232575 0.864, -84.0034099069 37.7953083961 0.932, -84.0033574437 37.7959182471 0.974, -84.0033085219 37.7963339467 1.002, -84.0032754156 37.796563368 1.018, -84.003224035 37.7967897712 1.034, -84.0031878447 37.7969004817 1.042, -84.0030815605 37.7971650751 1.061, -84.0029985883 37.7973072292 1.072, -84.0027997069 37.797578962 1.093, -84.0023149104 37.7982310072 1.145, -84.0021525896 37.7984348846 1.162, -84.0020280163 37.7985794415 1.174, -84.0019214576 37.7986940506 1.183, -84.001804576 37.798806033 1.193, -84.0016781158 37.7989132041 1.203, -84.001474772 37.7990656535 1.219, -84.001330933 37.7991610287 1.229, -84.0011416791 37.7992738577 1.242, -84.0009445688 37.799382175 1.255, -84.0007784681 37.7994673294 1.265, -84.0006178447 37.7995404788 1.276, -84.0001553474 37.7997017064 1.303, -83.9997576004 37.7998182978 1.326, -83.9965440826 37.8006631601 1.511, -83.9953257113 37.8009908188 1.581, -83.9943890657 37.801233398 1.634, -83.9936350569 37.8014383183 1.677, -83.9934509139 37.8014954501 1.688, -83.9932277514 37.8015775445 1.702, -83.9930566555 37.8016538232 1.712, -83.9928929637 37.8017390035 1.723, -83.9927756964 37.8018081201 1.731, -83.9926244363 37.8019091424 1.742, -83.9925514844 37.8019635394 1.747, -83.992413734 37.8020787724 1.758, -83.9923523652 37.8021410334 1.764, -83.9921795085 37.8023351259 1.78, -83.9920016901 37.8025923229 1.8, -83.9919476018 37.8026832598 1.807, -83.9918108992 37.802943817 1.825, -83.9914551578 37.803710096 1.879, -83.9913561659 37.8038986996 1.893, -83.9912645042 37.8040409908 1.904, -83.9911584453 37.8041772979 1.914, -83.9910443925 37.8043003009 1.924, -83.9909165679 37.8044200748 1.935, -83.9907819062 37.8045361762 1.945, -83.9906393752 37.8046483149 1.956, -83.990290935 37.8048881229 1.98, -83.9892941809 37.8055299824 2.048, -83.9887232498 37.8058807251 2.086, -83.9881703939 37.8062281648 2.123, -83.9879539434 37.80637655 2.138, -83.9878188358 37.8064819283 2.148, -83.9877244047 37.8065656666 2.155, -83.9876071431 37.8066776307 2.165, -83.987478276 37.8068262276 2.177, -83.9873801662 37.8069480926 2.187, -83.9872140547 37.8071922726 2.205, -83.9870250315 37.8075407649 2.23, -83.9867282907 37.8081235983 2.272, -83.9863351782 37.8089002893 2.328, -83.9862053726 37.8091606698 2.346, -83.9858610403 37.8098658477 2.396, -83.9857069698 37.8101417953 2.416, -83.9855513341 37.8103962942 2.435, -83.9854662303 37.8105241204 2.445, -83.9851345684 37.8109732034 2.479, -83.9846348865 37.8116293497 2.53, -83.9839669329 37.8124738749 2.596, -83.9836722851 37.8128655507 2.627, -83.9814868893 37.8157026495 2.847, -83.9812974013 37.8159816294 2.868, -83.9812150513 37.816124053 2.879, -83.9811402899 37.8162676895 2.889, -83.9810519565 37.8164721013 2.903, -83.980944067 37.8167558796 2.923, -83.9807228899 37.817389829 2.971, -83.9805879732 37.817775658 3.001, -83.9799533206 37.8196125605 3.141, -83.979596717 37.8206235382 3.218, -83.9791955439 37.8218036006 3.307, -83.979085398 37.8220942104 3.329, -83.9789579769 37.8223831862 3.352, -83.9788000229 37.8226456071 3.373, -83.9786689068 37.8228139389 3.387, -83.9785745578 37.8229218441 3.397, -83.9784105896 37.8230737492 3.412, -83.977993611 37.8234083555 3.446, -83.9772074065 37.8239917581 3.509, -83.9768423002 37.8242711061 3.538, -83.9765783025 37.8244929198 3.56, -83.9763860648 37.8246825781 3.578, -83.9762964338 37.8247812128 3.587, -83.9761391099 37.8249878776 3.605, -83.975981632 37.8252442595 3.626, -83.9756635437 37.8258297654 3.672, -83.9753447509 37.8263866926 3.717, -83.975121666 37.8267937103 3.749, -83.9749760207 37.8270618055 3.771, -83.9748011421 37.8274080202 3.798, -83.9740315327 37.8288412613 3.905, -83.9733894607 37.8299954179 3.991, -83.9725726113 37.8314411029 4.1)"
"District 10","Estill","10-00206.00","KY","2459","KY-2459","SPOT IMPROVEMENTS(O)","0.0","0.37","IMPROVE SAFETY ON KY-2459 (CARHARTT AVE.) FROM KY-89 TO THE RAILROAD BRIDGE. (2020CCR)","","2018","2026","U","SPP","620000","2030","","","","033-KY-2459-000","LINESTRING Z (-83.9814136683 37.7028844691 0, -83.9811391449 37.7030734431 0.021, -83.9807840832 37.7033051541 0.047, -83.9804077182 37.7035601656 0.076, -83.9800214608 37.703809534 0.105, -83.9799206892 37.7038887744 0.113, -83.9798306122 37.7040124022 0.123, -83.979797496 37.7040816745 0.129, -83.9796947181 37.7044910648 0.159, -83.9796665253 37.7045568406 0.164, -83.9796272231 37.7046100878 0.168, -83.9795838607 37.704645144 0.172, -83.979537728 37.704665874 0.175, -83.9791221983 37.704794208 0.201, -83.9789168081 37.7048674758 0.214, -83.9786096902 37.7049875547 0.234, -83.9783054012 37.7051049275 0.253, -83.9781510402 37.705155065 0.262, -83.9779327204 37.705205061 0.274, -83.9777228823 37.7052329354 0.286, -83.9774108235 37.7052702533 0.304, -83.9767688042 37.7053561549 0.338, -83.9762992508 37.70541554 0.363, -83.9761645822 37.7054402334 0.37)"
"District 10","Estill","10-00206.00","KY","2459","KY-2459","SPOT IMPROVEMENTS(O)","0.0","0.37","IMPROVE SAFETY ON KY-2459 (CARHARTT AVE.) FROM KY-89 TO THE RAILROAD BRIDGE. (2020CCR)","","2018","2026","R","SPP","390000","2029","","","","033-KY-2459-000","LINESTRING Z (-83.9814136683 37.7028844691 0, -83.9811391449 37.7030734431 0.021, -83.9807840832 37.7033051541 0.047, -83.9804077182 37.7035601656 0.076, -83.9800214608 37.703809534 0.105, -83.9799206892 37.7038887744 0.113, -83.9798306122 37.7040124022 0.123, -83.979797496 37.7040816745 0.129, -83.9796947181 37.7044910648 0.159, -83.9796665253 37.7045568406 0.164, -83.9796272231 37.7046100878 0.168, -83.9795838607 37.704645144 0.172, -83.979537728 37.704665874 0.175, -83.9791221983 37.704794208 0.201, -83.9789168081 37.7048674758 0.214, -83.9786096902 37.7049875547 0.234, -83.9783054012 37.7051049275 0.253, -83.9781510402 37.705155065 0.262, -83.9779327204 37.705205061 0.274, -83.9777228823 37.7052329354 0.286, -83.9774108235 37.7052702533 0.304, -83.9767688042 37.7053561549 0.338, -83.9762992508 37.70541554 0.363, -83.9761645822 37.7054402334 0.37)"
"District 10","Estill","10-04315.00","KY","499","KY-499","SAF-GUARDRAIL(P)","4.99","5.08","INSTALL GUARDRAIL ON KY-499   IN ESTILL COUNTY","","2020","2026","C","GR","20000","2026","","","","033-KY-0499-000","LINESTRING Z (-84.0231286691 37.6731608096 4.99, -84.0228689985 37.6732231731 5.005, -84.0226917663 37.6732801736 5.016, -84.0221820467 37.6734720977 5.046, -84.0220111157 37.6735256184 5.056, -84.0218717183 37.6735606497 5.064, -84.0216581526 37.6736047527 5.077, -84.0216028151 37.67361377 5.08)"
"District 10","Estill","10-80300.00","KY","52","KY-52","BIKE/PED FACIL(O)","7.326","7.557","Construct a walkway across the Kentucky River along KY 52 in Irvine.  (2024CCN)","","2024","2026","C","SPP","2310000","2026","","","","033-KY-0052-000","LINESTRING Z (-83.9774738968 37.6966021942 7.326, -83.9772163751 37.6968180601 7.347, -83.9769998858 37.6970238334 7.366, -83.9768827266 37.6971525431 7.376, -83.9765150588 37.697593915 7.413, -83.9761595871 37.6980310755 7.449, -83.9752798304 37.6990970504 7.537, -83.9752268238 37.6991739868 7.543, -83.9751814604 37.6992782337 7.551, -83.9751696141 37.6993687031 7.557)"
"District 10","Estill","10-80407.00","KY","1571","KY-1571","BRIDGE REPLACEMENT(P)","0.35","0.45","Replace bridge on Millers Creek (2026CCN)","","2026","2026","U","SPP","300000","2030","","","","033-KY-1571-000","LINESTRING Z (-83.9444080729 37.6802073358 0.35, -83.9441900586 37.6801987845 0.362, -83.943785131 37.6801928305 0.384, -83.9433214633 37.6801719615 0.41, -83.943090042 37.6801659278 0.423, -83.9427029634 37.6801791985 0.444, -83.942596146 37.6801915885 0.45)"
"District 10","Estill","10-80407.00","KY","1571","KY-1571","BRIDGE REPLACEMENT(P)","0.35","0.45","Replace bridge on Millers Creek (2026CCN)","","2026","2026","R","SPP","300000","2030","","","","033-KY-1571-000","LINESTRING Z (-83.9444080729 37.6802073358 0.35, -83.9441900586 37.6801987845 0.362, -83.943785131 37.6801928305 0.384, -83.9433214633 37.6801719615 0.41, -83.943090042 37.6801659278 0.423, -83.9427029634 37.6801791985 0.444, -83.942596146 37.6801915885 0.45)"
"District 10","Estill","10-80407.00","KY","1571","KY-1571","BRIDGE REPLACEMENT(P)","0.35","0.45","Replace bridge on Millers Creek (2026CCN)","","2026","2026","C","SPP","4000000","2031","","","","033-KY-1571-000","LINESTRING Z (-83.9444080729 37.6802073358 0.35, -83.9441900586 37.6801987845 0.362, -83.943785131 37.6801928305 0.384, -83.9433214633 37.6801719615 0.41, -83.943090042 37.6801659278 0.423, -83.9427029634 37.6801791985 0.444, -83.942596146 37.6801915885 0.45)"
"District 10","Estill","10-80407.00","KY","1571","KY-1571","BRIDGE REPLACEMENT(P)","0.35","0.45","Replace bridge on Millers Creek (2026CCN)","","2026","2026","D","SPP","600000","2029","","","","033-KY-1571-000","LINESTRING Z (-83.9444080729 37.6802073358 0.35, -83.9441900586 37.6801987845 0.362, -83.943785131 37.6801928305 0.384, -83.9433214633 37.6801719615 0.41, -83.943090042 37.6801659278 0.423, -83.9427029634 37.6801791985 0.444, -83.942596146 37.6801915885 0.45)"
"District 10","Estill","10-80408.00","KY","89","KY-89","DRAINAGE IMPROVE(P)","11.372","11.902","Improve drainage and pedestrian facilities from Rice Street intersection to the bridge over the Kentucky River (2026CCN)","","2026","2026","D","SPP","500000","2029","","","","033-KY-0089-000","LINESTRING Z (-83.9752233049 37.6999131313 11.372, -83.9753061785 37.7006104545 11.412, -83.975347992 37.7009723059 11.437, -83.9753721602 37.7011325421 11.448, -83.9754142402 37.7013966082 11.466, -83.9754625775 37.7016448361 11.484, -83.9755692386 37.7024751946 11.541, -83.9756626618 37.7030064872 11.578, -83.9757351689 37.7033861083 11.609, -83.9758276663 37.7039272767 11.653, -83.9759191579 37.7044093702 11.685, -83.9759409384 37.7045539123 11.695, -83.9760726362 37.7052052742 11.739, -83.9761068671 37.7054508163 11.755, -83.9761174177 37.7055589291 11.762, -83.9761559608 37.7067802433 11.843, -83.976173841 37.7076224446 11.902)"
"District 10","Estill","10-80408.00","KY","89","KY-89","DRAINAGE IMPROVE(P)","11.372","11.902","Improve drainage and pedestrian facilities from Rice Street intersection to the bridge over the Kentucky River (2026CCN)","","2026","2026","R","SPP","400000","2030","","","","033-KY-0089-000","LINESTRING Z (-83.9752233049 37.6999131313 11.372, -83.9753061785 37.7006104545 11.412, -83.975347992 37.7009723059 11.437, -83.9753721602 37.7011325421 11.448, -83.9754142402 37.7013966082 11.466, -83.9754625775 37.7016448361 11.484, -83.9755692386 37.7024751946 11.541, -83.9756626618 37.7030064872 11.578, -83.9757351689 37.7033861083 11.609, -83.9758276663 37.7039272767 11.653, -83.9759191579 37.7044093702 11.685, -83.9759409384 37.7045539123 11.695, -83.9760726362 37.7052052742 11.739, -83.9761068671 37.7054508163 11.755, -83.9761174177 37.7055589291 11.762, -83.9761559608 37.7067802433 11.843, -83.976173841 37.7076224446 11.902)"
"District 10","Estill","10-80408.00","KY","89","KY-89","DRAINAGE IMPROVE(P)","11.372","11.902","Improve drainage and pedestrian facilities from Rice Street intersection to the bridge over the Kentucky River (2026CCN)","","2026","2026","C","SPP","4000000","2031","","","","033-KY-0089-000","LINESTRING Z (-83.9752233049 37.6999131313 11.372, -83.9753061785 37.7006104545 11.412, -83.975347992 37.7009723059 11.437, -83.9753721602 37.7011325421 11.448, -83.9754142402 37.7013966082 11.466, -83.9754625775 37.7016448361 11.484, -83.9755692386 37.7024751946 11.541, -83.9756626618 37.7030064872 11.578, -83.9757351689 37.7033861083 11.609, -83.9758276663 37.7039272767 11.653, -83.9759191579 37.7044093702 11.685, -83.9759409384 37.7045539123 11.695, -83.9760726362 37.7052052742 11.739, -83.9761068671 37.7054508163 11.755, -83.9761174177 37.7055589291 11.762, -83.9761559608 37.7067802433 11.843, -83.976173841 37.7076224446 11.902)"
"District 10","Estill","10-80408.00","KY","89","KY-89","DRAINAGE IMPROVE(P)","11.372","11.902","Improve drainage and pedestrian facilities from Rice Street intersection to the bridge over the Kentucky River (2026CCN)","","2026","2026","U","SPP","500000","2030","","","","033-KY-0089-000","LINESTRING Z (-83.9752233049 37.6999131313 11.372, -83.9753061785 37.7006104545 11.412, -83.975347992 37.7009723059 11.437, -83.9753721602 37.7011325421 11.448, -83.9754142402 37.7013966082 11.466, -83.9754625775 37.7016448361 11.484, -83.9755692386 37.7024751946 11.541, -83.9756626618 37.7030064872 11.578, -83.9757351689 37.7033861083 11.609, -83.9758276663 37.7039272767 11.653, -83.9759191579 37.7044093702 11.685, -83.9759409384 37.7045539123 11.695, -83.9760726362 37.7052052742 11.739, -83.9761068671 37.7054508163 11.755, -83.9761174177 37.7055589291 11.762, -83.9761559608 37.7067802433 11.843, -83.976173841 37.7076224446 11.902)"
"District 10","Estill","10-80409.00","KY","89","KY-89","REALIGNMENT","14.3","17.473","IMPROVE GEOMETRICS AND MOBILITY ON KY 89 FROM 1500 FEET NORTH OF LANDFILL ROAD (ACROSS FROM ESTILL COUNTY HIGH SCHOOL) TO THE KY 82 INTERSECTION (2026CCN)","","2026","2026","U","SPP","1500000","2031","","","","033-KY-0089-000","LINESTRING Z (-83.9880321073 37.7393472391 14.3, -83.9881377465 37.7396032131 14.319, -83.9883304625 37.740008524 14.349, -83.9885445659 37.7404017943 14.378, -83.9887271679 37.7406943292 14.401, -83.9890791058 37.7412264601 14.442, -83.9916068498 37.7447745779 14.724, -83.9920776322 37.7454606552 14.777, -83.9927633064 37.7464213373 14.854, -83.9933770714 37.7471765718 14.916, -83.993553394 37.7473852245 14.933, -83.9938579962 37.7477133611 14.961, -83.9940759052 37.7479190637 14.98, -83.9943291017 37.7481393023 15, -83.9946411174 37.7483884378 15.025, -83.9949700464 37.7486246393 15.049, -83.996284857 37.7495062436 15.143, -83.997377955 37.7502265801 15.221, -83.9988087511 37.7511799312 15.323, -83.9991212249 37.7513815393 15.345, -83.9992801719 37.7514921346 15.357, -83.9995784802 37.7516784225 15.378, -83.99984543 37.7518595726 15.397, -84.0000023321 37.7519835968 15.409, -84.0001224764 37.7520966346 15.419, -84.0003124041 37.7523164673 15.438, -84.0004058216 37.7524626195 15.449, -84.0004801828 37.7525953021 15.459, -84.0005954821 37.7528843439 15.48, -84.0011423887 37.7546161581 15.606, -84.0012691461 37.7550355708 15.636, -84.0013597798 37.7553731388 15.661, -84.0014037514 37.7555916214 15.676, -84.0014330755 37.7559030062 15.698, -84.0014289421 37.7560488046 15.708, -84.0014163099 37.7562175501 15.72, -84.0013455604 37.7565472229 15.744, -84.0012407354 37.7568401295 15.765, -84.0011064594 37.7571787461 15.79, -84.000975229 37.7574762045 15.813, -84.0006921992 37.7581655813 15.864, -84.0006323071 37.7582990133 15.874, -84.0003975018 37.7588946147 15.918, -84.000222624 37.7592526776 15.945, -84.000011914 37.7596335553 15.974, -83.9995256923 37.7604871898 16.04, -83.9992668329 37.760914047 16.074, -83.9979886729 37.7629494002 16.234, -83.9975747097 37.7636280277 16.287, -83.997405916 37.763932614 16.31, -83.9973139194 37.764150169 16.327, -83.9972886388 37.7642242327 16.332, -83.9972265069 37.7645249146 16.354, -83.9972106987 37.7647543185 16.37, -83.9972116951 37.7648584402 16.377, -83.997229742 37.7650608809 16.391, -83.997244288 37.7651627324 16.399, -83.9972594414 37.7652242137 16.403, -83.9972970277 37.7653612946 16.413, -83.9973927296 37.7656599355 16.434, -83.9980192934 37.7674481602 16.562, -83.9982356641 37.7680290557 16.604, -83.9983356705 37.7683508325 16.627, -83.9986279377 37.7691759581 16.686, -83.9987519026 37.769523638 16.711, -83.9987738697 37.7695604983 16.714, -83.9988209244 37.7696925008 16.723, -83.9994664216 37.771546374 16.856, -83.9996601546 37.7720318871 16.891, -83.9997725275 37.7722555085 16.907, -83.9999422296 37.7725426121 16.929, -84.0000187365 37.7726585711 16.938, -84.0002747661 37.7729829434 16.965, -84.0005122507 37.7732427623 16.987, -84.0009355175 37.7736660374 17.024, -84.001368546 37.7740864351 17.062, -84.0015148531 37.7742215602 17.074, -84.0025188445 37.7751866361 17.16, -84.0040159125 37.7766402802 17.29, -84.0045775374 37.7772150267 17.34, -84.0053693795 37.7780513936 17.412, -84.0055575404 37.7782321838 17.428, -84.0058596225 37.7785132763 17.453, -84.0061013454 37.7787269979 17.473)"
"District 10","Estill","10-80409.00","KY","89","KY-89","REALIGNMENT","14.3","17.473","IMPROVE GEOMETRICS AND MOBILITY ON KY 89 FROM 1500 FEET NORTH OF LANDFILL ROAD (ACROSS FROM ESTILL COUNTY HIGH SCHOOL) TO THE KY 82 INTERSECTION (2026CCN)","","2026","2026","R","SPP","3000000","2030","","","","033-KY-0089-000","LINESTRING Z (-83.9880321073 37.7393472391 14.3, -83.9881377465 37.7396032131 14.319, -83.9883304625 37.740008524 14.349, -83.9885445659 37.7404017943 14.378, -83.9887271679 37.7406943292 14.401, -83.9890791058 37.7412264601 14.442, -83.9916068498 37.7447745779 14.724, -83.9920776322 37.7454606552 14.777, -83.9927633064 37.7464213373 14.854, -83.9933770714 37.7471765718 14.916, -83.993553394 37.7473852245 14.933, -83.9938579962 37.7477133611 14.961, -83.9940759052 37.7479190637 14.98, -83.9943291017 37.7481393023 15, -83.9946411174 37.7483884378 15.025, -83.9949700464 37.7486246393 15.049, -83.996284857 37.7495062436 15.143, -83.997377955 37.7502265801 15.221, -83.9988087511 37.7511799312 15.323, -83.9991212249 37.7513815393 15.345, -83.9992801719 37.7514921346 15.357, -83.9995784802 37.7516784225 15.378, -83.99984543 37.7518595726 15.397, -84.0000023321 37.7519835968 15.409, -84.0001224764 37.7520966346 15.419, -84.0003124041 37.7523164673 15.438, -84.0004058216 37.7524626195 15.449, -84.0004801828 37.7525953021 15.459, -84.0005954821 37.7528843439 15.48, -84.0011423887 37.7546161581 15.606, -84.0012691461 37.7550355708 15.636, -84.0013597798 37.7553731388 15.661, -84.0014037514 37.7555916214 15.676, -84.0014330755 37.7559030062 15.698, -84.0014289421 37.7560488046 15.708, -84.0014163099 37.7562175501 15.72, -84.0013455604 37.7565472229 15.744, -84.0012407354 37.7568401295 15.765, -84.0011064594 37.7571787461 15.79, -84.000975229 37.7574762045 15.813, -84.0006921992 37.7581655813 15.864, -84.0006323071 37.7582990133 15.874, -84.0003975018 37.7588946147 15.918, -84.000222624 37.7592526776 15.945, -84.000011914 37.7596335553 15.974, -83.9995256923 37.7604871898 16.04, -83.9992668329 37.760914047 16.074, -83.9979886729 37.7629494002 16.234, -83.9975747097 37.7636280277 16.287, -83.997405916 37.763932614 16.31, -83.9973139194 37.764150169 16.327, -83.9972886388 37.7642242327 16.332, -83.9972265069 37.7645249146 16.354, -83.9972106987 37.7647543185 16.37, -83.9972116951 37.7648584402 16.377, -83.997229742 37.7650608809 16.391, -83.997244288 37.7651627324 16.399, -83.9972594414 37.7652242137 16.403, -83.9972970277 37.7653612946 16.413, -83.9973927296 37.7656599355 16.434, -83.9980192934 37.7674481602 16.562, -83.9982356641 37.7680290557 16.604, -83.9983356705 37.7683508325 16.627, -83.9986279377 37.7691759581 16.686, -83.9987519026 37.769523638 16.711, -83.9987738697 37.7695604983 16.714, -83.9988209244 37.7696925008 16.723, -83.9994664216 37.771546374 16.856, -83.9996601546 37.7720318871 16.891, -83.9997725275 37.7722555085 16.907, -83.9999422296 37.7725426121 16.929, -84.0000187365 37.7726585711 16.938, -84.0002747661 37.7729829434 16.965, -84.0005122507 37.7732427623 16.987, -84.0009355175 37.7736660374 17.024, -84.001368546 37.7740864351 17.062, -84.0015148531 37.7742215602 17.074, -84.0025188445 37.7751866361 17.16, -84.0040159125 37.7766402802 17.29, -84.0045775374 37.7772150267 17.34, -84.0053693795 37.7780513936 17.412, -84.0055575404 37.7782321838 17.428, -84.0058596225 37.7785132763 17.453, -84.0061013454 37.7787269979 17.473)"
"District 10","Estill","10-80409.00","KY","89","KY-89","REALIGNMENT","14.3","17.473","IMPROVE GEOMETRICS AND MOBILITY ON KY 89 FROM 1500 FEET NORTH OF LANDFILL ROAD (ACROSS FROM ESTILL COUNTY HIGH SCHOOL) TO THE KY 82 INTERSECTION (2026CCN)","","2026","2026","C","SPP","20000000","2032","","","","033-KY-0089-000","LINESTRING Z (-83.9880321073 37.7393472391 14.3, -83.9881377465 37.7396032131 14.319, -83.9883304625 37.740008524 14.349, -83.9885445659 37.7404017943 14.378, -83.9887271679 37.7406943292 14.401, -83.9890791058 37.7412264601 14.442, -83.9916068498 37.7447745779 14.724, -83.9920776322 37.7454606552 14.777, -83.9927633064 37.7464213373 14.854, -83.9933770714 37.7471765718 14.916, -83.993553394 37.7473852245 14.933, -83.9938579962 37.7477133611 14.961, -83.9940759052 37.7479190637 14.98, -83.9943291017 37.7481393023 15, -83.9946411174 37.7483884378 15.025, -83.9949700464 37.7486246393 15.049, -83.996284857 37.7495062436 15.143, -83.997377955 37.7502265801 15.221, -83.9988087511 37.7511799312 15.323, -83.9991212249 37.7513815393 15.345, -83.9992801719 37.7514921346 15.357, -83.9995784802 37.7516784225 15.378, -83.99984543 37.7518595726 15.397, -84.0000023321 37.7519835968 15.409, -84.0001224764 37.7520966346 15.419, -84.0003124041 37.7523164673 15.438, -84.0004058216 37.7524626195 15.449, -84.0004801828 37.7525953021 15.459, -84.0005954821 37.7528843439 15.48, -84.0011423887 37.7546161581 15.606, -84.0012691461 37.7550355708 15.636, -84.0013597798 37.7553731388 15.661, -84.0014037514 37.7555916214 15.676, -84.0014330755 37.7559030062 15.698, -84.0014289421 37.7560488046 15.708, -84.0014163099 37.7562175501 15.72, -84.0013455604 37.7565472229 15.744, -84.0012407354 37.7568401295 15.765, -84.0011064594 37.7571787461 15.79, -84.000975229 37.7574762045 15.813, -84.0006921992 37.7581655813 15.864, -84.0006323071 37.7582990133 15.874, -84.0003975018 37.7588946147 15.918, -84.000222624 37.7592526776 15.945, -84.000011914 37.7596335553 15.974, -83.9995256923 37.7604871898 16.04, -83.9992668329 37.760914047 16.074, -83.9979886729 37.7629494002 16.234, -83.9975747097 37.7636280277 16.287, -83.997405916 37.763932614 16.31, -83.9973139194 37.764150169 16.327, -83.9972886388 37.7642242327 16.332, -83.9972265069 37.7645249146 16.354, -83.9972106987 37.7647543185 16.37, -83.9972116951 37.7648584402 16.377, -83.997229742 37.7650608809 16.391, -83.997244288 37.7651627324 16.399, -83.9972594414 37.7652242137 16.403, -83.9972970277 37.7653612946 16.413, -83.9973927296 37.7656599355 16.434, -83.9980192934 37.7674481602 16.562, -83.9982356641 37.7680290557 16.604, -83.9983356705 37.7683508325 16.627, -83.9986279377 37.7691759581 16.686, -83.9987519026 37.769523638 16.711, -83.9987738697 37.7695604983 16.714, -83.9988209244 37.7696925008 16.723, -83.9994664216 37.771546374 16.856, -83.9996601546 37.7720318871 16.891, -83.9997725275 37.7722555085 16.907, -83.9999422296 37.7725426121 16.929, -84.0000187365 37.7726585711 16.938, -84.0002747661 37.7729829434 16.965, -84.0005122507 37.7732427623 16.987, -84.0009355175 37.7736660374 17.024, -84.001368546 37.7740864351 17.062, -84.0015148531 37.7742215602 17.074, -84.0025188445 37.7751866361 17.16, -84.0040159125 37.7766402802 17.29, -84.0045775374 37.7772150267 17.34, -84.0053693795 37.7780513936 17.412, -84.0055575404 37.7782321838 17.428, -84.0058596225 37.7785132763 17.453, -84.0061013454 37.7787269979 17.473)"
"District 10","Estill","10-80409.00","KY","89","KY-89","REALIGNMENT","14.3","17.473","IMPROVE GEOMETRICS AND MOBILITY ON KY 89 FROM 1500 FEET NORTH OF LANDFILL ROAD (ACROSS FROM ESTILL COUNTY HIGH SCHOOL) TO THE KY 82 INTERSECTION (2026CCN)","","2026","2026","D","SPP","2000000","2029","","","","033-KY-0089-000","LINESTRING Z (-83.9880321073 37.7393472391 14.3, -83.9881377465 37.7396032131 14.319, -83.9883304625 37.740008524 14.349, -83.9885445659 37.7404017943 14.378, -83.9887271679 37.7406943292 14.401, -83.9890791058 37.7412264601 14.442, -83.9916068498 37.7447745779 14.724, -83.9920776322 37.7454606552 14.777, -83.9927633064 37.7464213373 14.854, -83.9933770714 37.7471765718 14.916, -83.993553394 37.7473852245 14.933, -83.9938579962 37.7477133611 14.961, -83.9940759052 37.7479190637 14.98, -83.9943291017 37.7481393023 15, -83.9946411174 37.7483884378 15.025, -83.9949700464 37.7486246393 15.049, -83.996284857 37.7495062436 15.143, -83.997377955 37.7502265801 15.221, -83.9988087511 37.7511799312 15.323, -83.9991212249 37.7513815393 15.345, -83.9992801719 37.7514921346 15.357, -83.9995784802 37.7516784225 15.378, -83.99984543 37.7518595726 15.397, -84.0000023321 37.7519835968 15.409, -84.0001224764 37.7520966346 15.419, -84.0003124041 37.7523164673 15.438, -84.0004058216 37.7524626195 15.449, -84.0004801828 37.7525953021 15.459, -84.0005954821 37.7528843439 15.48, -84.0011423887 37.7546161581 15.606, -84.0012691461 37.7550355708 15.636, -84.0013597798 37.7553731388 15.661, -84.0014037514 37.7555916214 15.676, -84.0014330755 37.7559030062 15.698, -84.0014289421 37.7560488046 15.708, -84.0014163099 37.7562175501 15.72, -84.0013455604 37.7565472229 15.744, -84.0012407354 37.7568401295 15.765, -84.0011064594 37.7571787461 15.79, -84.000975229 37.7574762045 15.813, -84.0006921992 37.7581655813 15.864, -84.0006323071 37.7582990133 15.874, -84.0003975018 37.7588946147 15.918, -84.000222624 37.7592526776 15.945, -84.000011914 37.7596335553 15.974, -83.9995256923 37.7604871898 16.04, -83.9992668329 37.760914047 16.074, -83.9979886729 37.7629494002 16.234, -83.9975747097 37.7636280277 16.287, -83.997405916 37.763932614 16.31, -83.9973139194 37.764150169 16.327, -83.9972886388 37.7642242327 16.332, -83.9972265069 37.7645249146 16.354, -83.9972106987 37.7647543185 16.37, -83.9972116951 37.7648584402 16.377, -83.997229742 37.7650608809 16.391, -83.997244288 37.7651627324 16.399, -83.9972594414 37.7652242137 16.403, -83.9972970277 37.7653612946 16.413, -83.9973927296 37.7656599355 16.434, -83.9980192934 37.7674481602 16.562, -83.9982356641 37.7680290557 16.604, -83.9983356705 37.7683508325 16.627, -83.9986279377 37.7691759581 16.686, -83.9987519026 37.769523638 16.711, -83.9987738697 37.7695604983 16.714, -83.9988209244 37.7696925008 16.723, -83.9994664216 37.771546374 16.856, -83.9996601546 37.7720318871 16.891, -83.9997725275 37.7722555085 16.907, -83.9999422296 37.7725426121 16.929, -84.0000187365 37.7726585711 16.938, -84.0002747661 37.7729829434 16.965, -84.0005122507 37.7732427623 16.987, -84.0009355175 37.7736660374 17.024, -84.001368546 37.7740864351 17.062, -84.0015148531 37.7742215602 17.074, -84.0025188445 37.7751866361 17.16, -84.0040159125 37.7766402802 17.29, -84.0045775374 37.7772150267 17.34, -84.0053693795 37.7780513936 17.412, -84.0055575404 37.7782321838 17.428, -84.0058596225 37.7785132763 17.453, -84.0061013454 37.7787269979 17.473)"
"District 10","Johnson","10-80101.00","US","460","US-460","MAJOR WIDENING(O)","0.0","7.62","IMPROVE US 460 FROM THE INTERSECTION WITH KY 114 TO THE INTERCHANGE WITH US 23 (2020CCR) (2022CCR) (2024CCR)","","2020","2026","R","NH","1240000","2026","","","","058-US-0460-000","LINESTRING Z (-82.9502953923 37.7869215228 0, -82.9494550759 37.7875362096 0.058, -82.9492490396 37.7876744523 0.071, -82.9490338611 37.7878072567 0.084, -82.9488088893 37.7879335083 0.098, -82.9485734949 37.7880515422 0.111, -82.9483283492 37.7881619252 0.125, -82.9480716258 37.7882580179 0.139, -82.9478063233 37.7883429157 0.153, -82.9475331437 37.7884163597 0.167, -82.9472531678 37.788477277 0.181, -82.9469699372 37.7885235536 0.196, -82.9465714354 37.7885692785 0.215, -82.946398548 37.7885816413 0.224, -82.9461100961 37.7885920715 0.238, -82.9458217861 37.7885895908 0.252, -82.945167582 37.7885580471 0.284, -82.9427200894 37.7884130753 0.416, -82.9411296676 37.7883094165 0.502, -82.9405322554 37.7882594215 0.534, -82.9399993045 37.7881985996 0.563, -82.9396450014 37.7881469917 0.583, -82.9392942597 37.7880836533 0.602, -82.9387738886 37.7879651514 0.631, -82.9384887213 37.7878890909 0.648, -82.9382058587 37.7878070404 0.664, -82.9378152348 37.7876817456 0.686, -82.9373783701 37.7875251194 0.712, -82.9369545856 37.7873523186 0.738, -82.9365927321 37.7871897912 0.76, -82.9363400658 37.7870694419 0.776, -82.9354321805 37.7866259445 0.834, -82.9339152412 37.7858749513 0.93, -82.9336118921 37.7857401935 0.949, -82.9334270588 37.785666249 0.96, -82.9332695331 37.7856116433 0.969, -82.9331727839 37.7855793756 0.975, -82.9329100102 37.7855065855 0.99, -82.9325836143 37.7854407874 1.009, -82.9323618924 37.7854082717 1.021, -82.9320783303 37.7853814161 1.037, -82.9318470953 37.7853714773 1.05, -82.931674725 37.7853703664 1.06, -82.9315024919 37.7853747549 1.069, -82.9312128771 37.7853977605 1.085, -82.9309236003 37.7854391813 1.102, -82.9306923176 37.7854850159 1.115, -82.9305218703 37.7855243413 1.125, -82.9303533094 37.7855686569 1.135, -82.9301283701 37.7856388215 1.148, -82.9298548504 37.785739143 1.165, -82.9296385803 37.7858271003 1.178, -82.9284370631 37.7863401032 1.254, -82.9260096733 37.787386097 1.407, -82.9256014417 37.7875686247 1.433, -82.9247888514 37.7879318475 1.485, -82.9235159162 37.7884818272 1.565, -82.9231138788 37.7886650454 1.591, -82.9227656017 37.7888366419 1.613, -82.9223753203 37.789047342 1.64, -82.9219012002 37.7893409271 1.673, -82.921671261 37.7894961325 1.69, -82.9214469593 37.7896577937 1.706, -82.9212374266 37.7898316244 1.723, -82.920828054 37.7901883106 1.757, -82.9204320004 37.7905587792 1.791, -82.9202374729 37.7907475323 1.808, -82.9200592124 37.7909454686 1.825, -82.919721934 37.7913541693 1.859, -82.9196267583 37.7914799185 1.869, -82.9193897231 37.7918204166 1.896, -82.9189856201 37.7924643534 1.947, -82.9180648234 37.7939704238 2.064, -82.9178708918 37.7942699185 2.087, -82.917665166 37.7945608852 2.11, -82.9175387615 37.7947243477 2.124, -82.9173043739 37.7950041824 2.147, -82.9171634293 37.7951585014 2.161, -82.9169386446 37.7953863614 2.181, -82.9167415703 37.7955687275 2.198, -82.9165354051 37.7957442802 2.214, -82.9163201423 37.7959132938 2.231, -82.9160971313 37.7960766245 2.248, -82.9158627135 37.7962303386 2.265, -82.9155278506 37.7964390553 2.288, -82.915282332 37.7965751901 2.305, -82.9149701463 37.7967341713 2.325, -82.9145990428 37.7969035446 2.349, -82.9143274618 37.7970148698 2.365, -82.9141623227 37.7970773795 2.375, -82.9137685751 37.797214057 2.399, -82.9134817111 37.7972994578 2.416, -82.9131315774 37.7973913003 2.436, -82.9127167938 37.7974804815 2.459, -82.9122946315 37.7975543716 2.483, -82.9119900843 37.7975951044 2.5, -82.9116838516 37.7976256294 2.517, -82.9113776095 37.7976473611 2.533, -82.9110730451 37.7976614388 2.55, -82.9104658054 37.7976764495 2.583, -82.907724147 37.7976918076 2.733, -82.9064256774 37.7977087687 2.804, -82.9049477408 37.7977282422 2.885, -82.9038212109 37.7977312004 2.947, -82.9018011707 37.7977465765 3.057, -82.9008492661 37.7977647274 3.109, -82.9005515547 37.7977805926 3.126, -82.900134035 37.7978144355 3.149, -82.8997144965 37.7978647149 3.172, -82.8993543124 37.7979202777 3.192, -82.8990536415 37.7979770074 3.209, -82.898755325 37.7980445099 3.226, -82.8984604119 37.7981225354 3.243, -82.8981713241 37.7982111429 3.26, -82.897760851 37.7983495599 3.284, -82.897526474 37.7984381192 3.298, -82.8972963391 37.7985333755 3.313, -82.8970708051 37.7986350621 3.327, -82.8968498909 37.7987426308 3.341, -82.8966328732 37.7988568877 3.355, -82.896421189 37.7989764952 3.369, -82.8962148175 37.7991020005 3.384, -82.8960134124 37.7992333965 3.398, -82.8958170156 37.7993695847 3.412, -82.8956238359 37.7995121704 3.427, -82.8954349497 37.7996600803 3.441, -82.8952503386 37.7998138639 3.456, -82.8950713853 37.7999735552 3.471, -82.8948980902 37.8001391535 3.485, -82.8947307896 37.8003109426 3.5, -82.8945706042 37.80048675 3.515, -82.8943468395 37.8007577322 3.538, -82.8942048269 37.8009471699 3.553, -82.8930335224 37.802611283 3.684, -82.8915733905 37.8047137635 3.85, -82.8891219355 37.8082431605 4.127, -82.8888892657 37.8085641987 4.152, -82.8886936531 37.8088045325 4.172, -82.8885806821 37.8089317481 4.183, -82.8884181945 37.8090945781 4.197, -82.8882654389 37.8092296192 4.209, -82.8880530987 37.8093829913 4.225, -82.8878723777 37.8094978424 4.238, -82.8876273398 37.8096369557 4.254, -82.8874598519 37.8097230019 4.265, -82.8872353329 37.8098150784 4.279, -82.8870055053 37.8098921881 4.293, -82.8867622399 37.8099585295 4.307, -82.8865187285 37.8100133236 4.32, -82.886266332 37.8100560853 4.335, -82.885977474 37.810083397 4.35, -82.8857566659 37.8100884597 4.363, -82.8854819716 37.8100809444 4.378, -82.8852601878 37.8100664739 4.39, -82.8850143305 37.8100297094 4.403, -82.8847761334 37.8099829655 4.417, -82.8844876425 37.8099113654 4.433, -82.8842379729 37.8098299948 4.448, -82.8837951808 37.809646923 4.475, -82.8835525623 37.8095176375 4.491, -82.8833166566 37.8093670837 4.507, -82.8831577463 37.8092494557 4.519, -82.8830584667 37.8091659788 4.527, -82.8829800237 37.8090989458 4.533, -82.8828171838 37.8089397315 4.547, -82.8826692386 37.8087715375 4.562, -82.8825364064 37.8085976674 4.576, -82.8824151612 37.8084196829 4.589, -82.8823026104 37.8082408118 4.603, -82.8820879962 37.8078805762 4.63, -82.8813900916 37.8066581428 4.722, -82.8810709831 37.8060991714 4.764, -82.8808602082 37.8057563378 4.792, -82.8806804206 37.8054986139 4.812, -82.8805206597 37.8052960574 4.828, -82.8803814079 37.8051451081 4.841, -82.880206341 37.804980096 4.856, -82.8800414568 37.8048472045 4.869, -82.8798934888 37.8047424783 4.88, -82.8797081938 37.804626948 4.893, -82.879483617 37.804506338 4.907, -82.8792801185 37.804413718 4.92, -82.8791038144 37.8043431941 4.931, -82.878855271 37.80426019 4.946, -82.8787068686 37.8042202974 4.954, -82.8784966543 37.8041758713 4.966, -82.8781795875 37.8041274621 4.984, -82.8779477739 37.8041042142 4.997, -82.87778886 37.804094288 5.006, -82.8775574131 37.804088359 5.018, -82.8772874508 37.8040933044 5.033, -82.8770505263 37.8041125188 5.047, -82.8768459217 37.8041377439 5.058, -82.8764417236 37.8042017798 5.081, -82.8731885274 37.8047992616 5.263, -82.870979875 37.8052153325 5.388, -82.8692307615 37.8055332651 5.486, -82.8675736346 37.8058363906 5.58, -82.865833973 37.8061509325 5.678, -82.8653107868 37.8062551503 5.708, -82.8643410863 37.8064333123 5.762, -82.8619674854 37.8068492905 5.896, -82.8606493968 37.807088932 5.97, -82.8602867548 37.8071610777 5.991, -82.8599322898 37.8072455126 6.011, -82.8597018319 37.8073115634 6.024, -82.8594745336 37.8073853853 6.038, -82.8592503417 37.80746835 6.051, -82.8590288976 37.8075607241 6.065, -82.8588123207 37.8076614605 6.079, -82.8586005699 37.8077716572 6.093, -82.8583946921 37.8078910659 6.107, -82.8581957781 37.8080183389 6.121, -82.8580354812 37.8081322729 6.133, -82.857881921 37.8082510435 6.144, -82.8576733559 37.8084302846 6.161, -82.8574872579 37.8086106276 6.177, -82.8573377858 37.8087753854 6.191, -82.8572002201 37.8089456563 6.205, -82.857053656 37.8091511508 6.222, -82.8568428194 37.8094858554 6.248, -82.8566258844 37.8098613494 6.276, -82.8554948037 37.8119149017 6.431, -82.8548865298 37.8130064295 6.514, -82.8546828099 37.8133446025 6.54, -82.8545425692 37.8135562953 6.556, -82.8544321651 37.8137047005 6.568, -82.8542385868 37.8139340383 6.587, -82.854078739 37.8140979869 6.602, -82.8539583112 37.8142104254 6.612, -82.8538070059 37.8143418864 6.624, -82.8536211555 37.8144887077 6.639, -82.8534255501 37.8146281442 6.653, -82.8531311875 37.8148129584 6.674, -82.8529138414 37.8149326245 6.688, -82.8524730807 37.8151322395 6.716, -82.8519477405 37.8153512011 6.749, -82.8505276072 37.8158921151 6.835, -82.8498320683 37.8161761129 6.878, -82.8493595339 37.816381803 6.908, -82.8487415932 37.8166652355 6.947, -82.8482397783 37.8169108647 6.979, -82.8477530334 37.8171607104 7.011, -82.847362368 37.8173717098 7.037, -82.8470425993 37.8175501112 7.058, -82.8464910532 37.8178711671 7.096, -82.8460994219 37.8181065933 7.123, -82.8456342201 37.8183984529 7.155, -82.8441628751 37.8193499101 7.259, -82.8428709122 37.8201780153 7.35, -82.842307132 37.8205185321 7.389, -82.8418286396 37.8207776262 7.421, -82.8416786004 37.820831893 7.43, -82.8412495944 37.8210391771 7.456, -82.840589573 37.8213338923 7.497, -82.8402371635 37.8214782216 7.518, -82.8398292444 37.821633541 7.542, -82.8393776892 37.8217886031 7.568, -82.8386730834 37.82200994 7.608, -82.8384660057 37.8220699349 7.62)"
"District 10","Johnson","10-80101.00","US","460","US-460","MAJOR WIDENING(O)","0.0","7.62","IMPROVE US 460 FROM THE INTERSECTION WITH KY 114 TO THE INTERCHANGE WITH US 23 (2020CCR) (2022CCR) (2024CCR)","","2020","2026","C","NH","43500000","2030","","","","058-US-0460-000","LINESTRING Z (-82.9502953923 37.7869215228 0, -82.9494550759 37.7875362096 0.058, -82.9492490396 37.7876744523 0.071, -82.9490338611 37.7878072567 0.084, -82.9488088893 37.7879335083 0.098, -82.9485734949 37.7880515422 0.111, -82.9483283492 37.7881619252 0.125, -82.9480716258 37.7882580179 0.139, -82.9478063233 37.7883429157 0.153, -82.9475331437 37.7884163597 0.167, -82.9472531678 37.788477277 0.181, -82.9469699372 37.7885235536 0.196, -82.9465714354 37.7885692785 0.215, -82.946398548 37.7885816413 0.224, -82.9461100961 37.7885920715 0.238, -82.9458217861 37.7885895908 0.252, -82.945167582 37.7885580471 0.284, -82.9427200894 37.7884130753 0.416, -82.9411296676 37.7883094165 0.502, -82.9405322554 37.7882594215 0.534, -82.9399993045 37.7881985996 0.563, -82.9396450014 37.7881469917 0.583, -82.9392942597 37.7880836533 0.602, -82.9387738886 37.7879651514 0.631, -82.9384887213 37.7878890909 0.648, -82.9382058587 37.7878070404 0.664, -82.9378152348 37.7876817456 0.686, -82.9373783701 37.7875251194 0.712, -82.9369545856 37.7873523186 0.738, -82.9365927321 37.7871897912 0.76, -82.9363400658 37.7870694419 0.776, -82.9354321805 37.7866259445 0.834, -82.9339152412 37.7858749513 0.93, -82.9336118921 37.7857401935 0.949, -82.9334270588 37.785666249 0.96, -82.9332695331 37.7856116433 0.969, -82.9331727839 37.7855793756 0.975, -82.9329100102 37.7855065855 0.99, -82.9325836143 37.7854407874 1.009, -82.9323618924 37.7854082717 1.021, -82.9320783303 37.7853814161 1.037, -82.9318470953 37.7853714773 1.05, -82.931674725 37.7853703664 1.06, -82.9315024919 37.7853747549 1.069, -82.9312128771 37.7853977605 1.085, -82.9309236003 37.7854391813 1.102, -82.9306923176 37.7854850159 1.115, -82.9305218703 37.7855243413 1.125, -82.9303533094 37.7855686569 1.135, -82.9301283701 37.7856388215 1.148, -82.9298548504 37.785739143 1.165, -82.9296385803 37.7858271003 1.178, -82.9284370631 37.7863401032 1.254, -82.9260096733 37.787386097 1.407, -82.9256014417 37.7875686247 1.433, -82.9247888514 37.7879318475 1.485, -82.9235159162 37.7884818272 1.565, -82.9231138788 37.7886650454 1.591, -82.9227656017 37.7888366419 1.613, -82.9223753203 37.789047342 1.64, -82.9219012002 37.7893409271 1.673, -82.921671261 37.7894961325 1.69, -82.9214469593 37.7896577937 1.706, -82.9212374266 37.7898316244 1.723, -82.920828054 37.7901883106 1.757, -82.9204320004 37.7905587792 1.791, -82.9202374729 37.7907475323 1.808, -82.9200592124 37.7909454686 1.825, -82.919721934 37.7913541693 1.859, -82.9196267583 37.7914799185 1.869, -82.9193897231 37.7918204166 1.896, -82.9189856201 37.7924643534 1.947, -82.9180648234 37.7939704238 2.064, -82.9178708918 37.7942699185 2.087, -82.917665166 37.7945608852 2.11, -82.9175387615 37.7947243477 2.124, -82.9173043739 37.7950041824 2.147, -82.9171634293 37.7951585014 2.161, -82.9169386446 37.7953863614 2.181, -82.9167415703 37.7955687275 2.198, -82.9165354051 37.7957442802 2.214, -82.9163201423 37.7959132938 2.231, -82.9160971313 37.7960766245 2.248, -82.9158627135 37.7962303386 2.265, -82.9155278506 37.7964390553 2.288, -82.915282332 37.7965751901 2.305, -82.9149701463 37.7967341713 2.325, -82.9145990428 37.7969035446 2.349, -82.9143274618 37.7970148698 2.365, -82.9141623227 37.7970773795 2.375, -82.9137685751 37.797214057 2.399, -82.9134817111 37.7972994578 2.416, -82.9131315774 37.7973913003 2.436, -82.9127167938 37.7974804815 2.459, -82.9122946315 37.7975543716 2.483, -82.9119900843 37.7975951044 2.5, -82.9116838516 37.7976256294 2.517, -82.9113776095 37.7976473611 2.533, -82.9110730451 37.7976614388 2.55, -82.9104658054 37.7976764495 2.583, -82.907724147 37.7976918076 2.733, -82.9064256774 37.7977087687 2.804, -82.9049477408 37.7977282422 2.885, -82.9038212109 37.7977312004 2.947, -82.9018011707 37.7977465765 3.057, -82.9008492661 37.7977647274 3.109, -82.9005515547 37.7977805926 3.126, -82.900134035 37.7978144355 3.149, -82.8997144965 37.7978647149 3.172, -82.8993543124 37.7979202777 3.192, -82.8990536415 37.7979770074 3.209, -82.898755325 37.7980445099 3.226, -82.8984604119 37.7981225354 3.243, -82.8981713241 37.7982111429 3.26, -82.897760851 37.7983495599 3.284, -82.897526474 37.7984381192 3.298, -82.8972963391 37.7985333755 3.313, -82.8970708051 37.7986350621 3.327, -82.8968498909 37.7987426308 3.341, -82.8966328732 37.7988568877 3.355, -82.896421189 37.7989764952 3.369, -82.8962148175 37.7991020005 3.384, -82.8960134124 37.7992333965 3.398, -82.8958170156 37.7993695847 3.412, -82.8956238359 37.7995121704 3.427, -82.8954349497 37.7996600803 3.441, -82.8952503386 37.7998138639 3.456, -82.8950713853 37.7999735552 3.471, -82.8948980902 37.8001391535 3.485, -82.8947307896 37.8003109426 3.5, -82.8945706042 37.80048675 3.515, -82.8943468395 37.8007577322 3.538, -82.8942048269 37.8009471699 3.553, -82.8930335224 37.802611283 3.684, -82.8915733905 37.8047137635 3.85, -82.8891219355 37.8082431605 4.127, -82.8888892657 37.8085641987 4.152, -82.8886936531 37.8088045325 4.172, -82.8885806821 37.8089317481 4.183, -82.8884181945 37.8090945781 4.197, -82.8882654389 37.8092296192 4.209, -82.8880530987 37.8093829913 4.225, -82.8878723777 37.8094978424 4.238, -82.8876273398 37.8096369557 4.254, -82.8874598519 37.8097230019 4.265, -82.8872353329 37.8098150784 4.279, -82.8870055053 37.8098921881 4.293, -82.8867622399 37.8099585295 4.307, -82.8865187285 37.8100133236 4.32, -82.886266332 37.8100560853 4.335, -82.885977474 37.810083397 4.35, -82.8857566659 37.8100884597 4.363, -82.8854819716 37.8100809444 4.378, -82.8852601878 37.8100664739 4.39, -82.8850143305 37.8100297094 4.403, -82.8847761334 37.8099829655 4.417, -82.8844876425 37.8099113654 4.433, -82.8842379729 37.8098299948 4.448, -82.8837951808 37.809646923 4.475, -82.8835525623 37.8095176375 4.491, -82.8833166566 37.8093670837 4.507, -82.8831577463 37.8092494557 4.519, -82.8830584667 37.8091659788 4.527, -82.8829800237 37.8090989458 4.533, -82.8828171838 37.8089397315 4.547, -82.8826692386 37.8087715375 4.562, -82.8825364064 37.8085976674 4.576, -82.8824151612 37.8084196829 4.589, -82.8823026104 37.8082408118 4.603, -82.8820879962 37.8078805762 4.63, -82.8813900916 37.8066581428 4.722, -82.8810709831 37.8060991714 4.764, -82.8808602082 37.8057563378 4.792, -82.8806804206 37.8054986139 4.812, -82.8805206597 37.8052960574 4.828, -82.8803814079 37.8051451081 4.841, -82.880206341 37.804980096 4.856, -82.8800414568 37.8048472045 4.869, -82.8798934888 37.8047424783 4.88, -82.8797081938 37.804626948 4.893, -82.879483617 37.804506338 4.907, -82.8792801185 37.804413718 4.92, -82.8791038144 37.8043431941 4.931, -82.878855271 37.80426019 4.946, -82.8787068686 37.8042202974 4.954, -82.8784966543 37.8041758713 4.966, -82.8781795875 37.8041274621 4.984, -82.8779477739 37.8041042142 4.997, -82.87778886 37.804094288 5.006, -82.8775574131 37.804088359 5.018, -82.8772874508 37.8040933044 5.033, -82.8770505263 37.8041125188 5.047, -82.8768459217 37.8041377439 5.058, -82.8764417236 37.8042017798 5.081, -82.8731885274 37.8047992616 5.263, -82.870979875 37.8052153325 5.388, -82.8692307615 37.8055332651 5.486, -82.8675736346 37.8058363906 5.58, -82.865833973 37.8061509325 5.678, -82.8653107868 37.8062551503 5.708, -82.8643410863 37.8064333123 5.762, -82.8619674854 37.8068492905 5.896, -82.8606493968 37.807088932 5.97, -82.8602867548 37.8071610777 5.991, -82.8599322898 37.8072455126 6.011, -82.8597018319 37.8073115634 6.024, -82.8594745336 37.8073853853 6.038, -82.8592503417 37.80746835 6.051, -82.8590288976 37.8075607241 6.065, -82.8588123207 37.8076614605 6.079, -82.8586005699 37.8077716572 6.093, -82.8583946921 37.8078910659 6.107, -82.8581957781 37.8080183389 6.121, -82.8580354812 37.8081322729 6.133, -82.857881921 37.8082510435 6.144, -82.8576733559 37.8084302846 6.161, -82.8574872579 37.8086106276 6.177, -82.8573377858 37.8087753854 6.191, -82.8572002201 37.8089456563 6.205, -82.857053656 37.8091511508 6.222, -82.8568428194 37.8094858554 6.248, -82.8566258844 37.8098613494 6.276, -82.8554948037 37.8119149017 6.431, -82.8548865298 37.8130064295 6.514, -82.8546828099 37.8133446025 6.54, -82.8545425692 37.8135562953 6.556, -82.8544321651 37.8137047005 6.568, -82.8542385868 37.8139340383 6.587, -82.854078739 37.8140979869 6.602, -82.8539583112 37.8142104254 6.612, -82.8538070059 37.8143418864 6.624, -82.8536211555 37.8144887077 6.639, -82.8534255501 37.8146281442 6.653, -82.8531311875 37.8148129584 6.674, -82.8529138414 37.8149326245 6.688, -82.8524730807 37.8151322395 6.716, -82.8519477405 37.8153512011 6.749, -82.8505276072 37.8158921151 6.835, -82.8498320683 37.8161761129 6.878, -82.8493595339 37.816381803 6.908, -82.8487415932 37.8166652355 6.947, -82.8482397783 37.8169108647 6.979, -82.8477530334 37.8171607104 7.011, -82.847362368 37.8173717098 7.037, -82.8470425993 37.8175501112 7.058, -82.8464910532 37.8178711671 7.096, -82.8460994219 37.8181065933 7.123, -82.8456342201 37.8183984529 7.155, -82.8441628751 37.8193499101 7.259, -82.8428709122 37.8201780153 7.35, -82.842307132 37.8205185321 7.389, -82.8418286396 37.8207776262 7.421, -82.8416786004 37.820831893 7.43, -82.8412495944 37.8210391771 7.456, -82.840589573 37.8213338923 7.497, -82.8402371635 37.8214782216 7.518, -82.8398292444 37.821633541 7.542, -82.8393776892 37.8217886031 7.568, -82.8386730834 37.82200994 7.608, -82.8384660057 37.8220699349 7.62)"
"District 10","Johnson","10-80101.00","US","460","US-460","MAJOR WIDENING(O)","0.0","7.62","IMPROVE US 460 FROM THE INTERSECTION WITH KY 114 TO THE INTERCHANGE WITH US 23 (2020CCR) (2022CCR) (2024CCR)","","2020","2026","U","NH","540000","2029","","","","058-US-0460-000","LINESTRING Z (-82.9502953923 37.7869215228 0, -82.9494550759 37.7875362096 0.058, -82.9492490396 37.7876744523 0.071, -82.9490338611 37.7878072567 0.084, -82.9488088893 37.7879335083 0.098, -82.9485734949 37.7880515422 0.111, -82.9483283492 37.7881619252 0.125, -82.9480716258 37.7882580179 0.139, -82.9478063233 37.7883429157 0.153, -82.9475331437 37.7884163597 0.167, -82.9472531678 37.788477277 0.181, -82.9469699372 37.7885235536 0.196, -82.9465714354 37.7885692785 0.215, -82.946398548 37.7885816413 0.224, -82.9461100961 37.7885920715 0.238, -82.9458217861 37.7885895908 0.252, -82.945167582 37.7885580471 0.284, -82.9427200894 37.7884130753 0.416, -82.9411296676 37.7883094165 0.502, -82.9405322554 37.7882594215 0.534, -82.9399993045 37.7881985996 0.563, -82.9396450014 37.7881469917 0.583, -82.9392942597 37.7880836533 0.602, -82.9387738886 37.7879651514 0.631, -82.9384887213 37.7878890909 0.648, -82.9382058587 37.7878070404 0.664, -82.9378152348 37.7876817456 0.686, -82.9373783701 37.7875251194 0.712, -82.9369545856 37.7873523186 0.738, -82.9365927321 37.7871897912 0.76, -82.9363400658 37.7870694419 0.776, -82.9354321805 37.7866259445 0.834, -82.9339152412 37.7858749513 0.93, -82.9336118921 37.7857401935 0.949, -82.9334270588 37.785666249 0.96, -82.9332695331 37.7856116433 0.969, -82.9331727839 37.7855793756 0.975, -82.9329100102 37.7855065855 0.99, -82.9325836143 37.7854407874 1.009, -82.9323618924 37.7854082717 1.021, -82.9320783303 37.7853814161 1.037, -82.9318470953 37.7853714773 1.05, -82.931674725 37.7853703664 1.06, -82.9315024919 37.7853747549 1.069, -82.9312128771 37.7853977605 1.085, -82.9309236003 37.7854391813 1.102, -82.9306923176 37.7854850159 1.115, -82.9305218703 37.7855243413 1.125, -82.9303533094 37.7855686569 1.135, -82.9301283701 37.7856388215 1.148, -82.9298548504 37.785739143 1.165, -82.9296385803 37.7858271003 1.178, -82.9284370631 37.7863401032 1.254, -82.9260096733 37.787386097 1.407, -82.9256014417 37.7875686247 1.433, -82.9247888514 37.7879318475 1.485, -82.9235159162 37.7884818272 1.565, -82.9231138788 37.7886650454 1.591, -82.9227656017 37.7888366419 1.613, -82.9223753203 37.789047342 1.64, -82.9219012002 37.7893409271 1.673, -82.921671261 37.7894961325 1.69, -82.9214469593 37.7896577937 1.706, -82.9212374266 37.7898316244 1.723, -82.920828054 37.7901883106 1.757, -82.9204320004 37.7905587792 1.791, -82.9202374729 37.7907475323 1.808, -82.9200592124 37.7909454686 1.825, -82.919721934 37.7913541693 1.859, -82.9196267583 37.7914799185 1.869, -82.9193897231 37.7918204166 1.896, -82.9189856201 37.7924643534 1.947, -82.9180648234 37.7939704238 2.064, -82.9178708918 37.7942699185 2.087, -82.917665166 37.7945608852 2.11, -82.9175387615 37.7947243477 2.124, -82.9173043739 37.7950041824 2.147, -82.9171634293 37.7951585014 2.161, -82.9169386446 37.7953863614 2.181, -82.9167415703 37.7955687275 2.198, -82.9165354051 37.7957442802 2.214, -82.9163201423 37.7959132938 2.231, -82.9160971313 37.7960766245 2.248, -82.9158627135 37.7962303386 2.265, -82.9155278506 37.7964390553 2.288, -82.915282332 37.7965751901 2.305, -82.9149701463 37.7967341713 2.325, -82.9145990428 37.7969035446 2.349, -82.9143274618 37.7970148698 2.365, -82.9141623227 37.7970773795 2.375, -82.9137685751 37.797214057 2.399, -82.9134817111 37.7972994578 2.416, -82.9131315774 37.7973913003 2.436, -82.9127167938 37.7974804815 2.459, -82.9122946315 37.7975543716 2.483, -82.9119900843 37.7975951044 2.5, -82.9116838516 37.7976256294 2.517, -82.9113776095 37.7976473611 2.533, -82.9110730451 37.7976614388 2.55, -82.9104658054 37.7976764495 2.583, -82.907724147 37.7976918076 2.733, -82.9064256774 37.7977087687 2.804, -82.9049477408 37.7977282422 2.885, -82.9038212109 37.7977312004 2.947, -82.9018011707 37.7977465765 3.057, -82.9008492661 37.7977647274 3.109, -82.9005515547 37.7977805926 3.126, -82.900134035 37.7978144355 3.149, -82.8997144965 37.7978647149 3.172, -82.8993543124 37.7979202777 3.192, -82.8990536415 37.7979770074 3.209, -82.898755325 37.7980445099 3.226, -82.8984604119 37.7981225354 3.243, -82.8981713241 37.7982111429 3.26, -82.897760851 37.7983495599 3.284, -82.897526474 37.7984381192 3.298, -82.8972963391 37.7985333755 3.313, -82.8970708051 37.7986350621 3.327, -82.8968498909 37.7987426308 3.341, -82.8966328732 37.7988568877 3.355, -82.896421189 37.7989764952 3.369, -82.8962148175 37.7991020005 3.384, -82.8960134124 37.7992333965 3.398, -82.8958170156 37.7993695847 3.412, -82.8956238359 37.7995121704 3.427, -82.8954349497 37.7996600803 3.441, -82.8952503386 37.7998138639 3.456, -82.8950713853 37.7999735552 3.471, -82.8948980902 37.8001391535 3.485, -82.8947307896 37.8003109426 3.5, -82.8945706042 37.80048675 3.515, -82.8943468395 37.8007577322 3.538, -82.8942048269 37.8009471699 3.553, -82.8930335224 37.802611283 3.684, -82.8915733905 37.8047137635 3.85, -82.8891219355 37.8082431605 4.127, -82.8888892657 37.8085641987 4.152, -82.8886936531 37.8088045325 4.172, -82.8885806821 37.8089317481 4.183, -82.8884181945 37.8090945781 4.197, -82.8882654389 37.8092296192 4.209, -82.8880530987 37.8093829913 4.225, -82.8878723777 37.8094978424 4.238, -82.8876273398 37.8096369557 4.254, -82.8874598519 37.8097230019 4.265, -82.8872353329 37.8098150784 4.279, -82.8870055053 37.8098921881 4.293, -82.8867622399 37.8099585295 4.307, -82.8865187285 37.8100133236 4.32, -82.886266332 37.8100560853 4.335, -82.885977474 37.810083397 4.35, -82.8857566659 37.8100884597 4.363, -82.8854819716 37.8100809444 4.378, -82.8852601878 37.8100664739 4.39, -82.8850143305 37.8100297094 4.403, -82.8847761334 37.8099829655 4.417, -82.8844876425 37.8099113654 4.433, -82.8842379729 37.8098299948 4.448, -82.8837951808 37.809646923 4.475, -82.8835525623 37.8095176375 4.491, -82.8833166566 37.8093670837 4.507, -82.8831577463 37.8092494557 4.519, -82.8830584667 37.8091659788 4.527, -82.8829800237 37.8090989458 4.533, -82.8828171838 37.8089397315 4.547, -82.8826692386 37.8087715375 4.562, -82.8825364064 37.8085976674 4.576, -82.8824151612 37.8084196829 4.589, -82.8823026104 37.8082408118 4.603, -82.8820879962 37.8078805762 4.63, -82.8813900916 37.8066581428 4.722, -82.8810709831 37.8060991714 4.764, -82.8808602082 37.8057563378 4.792, -82.8806804206 37.8054986139 4.812, -82.8805206597 37.8052960574 4.828, -82.8803814079 37.8051451081 4.841, -82.880206341 37.804980096 4.856, -82.8800414568 37.8048472045 4.869, -82.8798934888 37.8047424783 4.88, -82.8797081938 37.804626948 4.893, -82.879483617 37.804506338 4.907, -82.8792801185 37.804413718 4.92, -82.8791038144 37.8043431941 4.931, -82.878855271 37.80426019 4.946, -82.8787068686 37.8042202974 4.954, -82.8784966543 37.8041758713 4.966, -82.8781795875 37.8041274621 4.984, -82.8779477739 37.8041042142 4.997, -82.87778886 37.804094288 5.006, -82.8775574131 37.804088359 5.018, -82.8772874508 37.8040933044 5.033, -82.8770505263 37.8041125188 5.047, -82.8768459217 37.8041377439 5.058, -82.8764417236 37.8042017798 5.081, -82.8731885274 37.8047992616 5.263, -82.870979875 37.8052153325 5.388, -82.8692307615 37.8055332651 5.486, -82.8675736346 37.8058363906 5.58, -82.865833973 37.8061509325 5.678, -82.8653107868 37.8062551503 5.708, -82.8643410863 37.8064333123 5.762, -82.8619674854 37.8068492905 5.896, -82.8606493968 37.807088932 5.97, -82.8602867548 37.8071610777 5.991, -82.8599322898 37.8072455126 6.011, -82.8597018319 37.8073115634 6.024, -82.8594745336 37.8073853853 6.038, -82.8592503417 37.80746835 6.051, -82.8590288976 37.8075607241 6.065, -82.8588123207 37.8076614605 6.079, -82.8586005699 37.8077716572 6.093, -82.8583946921 37.8078910659 6.107, -82.8581957781 37.8080183389 6.121, -82.8580354812 37.8081322729 6.133, -82.857881921 37.8082510435 6.144, -82.8576733559 37.8084302846 6.161, -82.8574872579 37.8086106276 6.177, -82.8573377858 37.8087753854 6.191, -82.8572002201 37.8089456563 6.205, -82.857053656 37.8091511508 6.222, -82.8568428194 37.8094858554 6.248, -82.8566258844 37.8098613494 6.276, -82.8554948037 37.8119149017 6.431, -82.8548865298 37.8130064295 6.514, -82.8546828099 37.8133446025 6.54, -82.8545425692 37.8135562953 6.556, -82.8544321651 37.8137047005 6.568, -82.8542385868 37.8139340383 6.587, -82.854078739 37.8140979869 6.602, -82.8539583112 37.8142104254 6.612, -82.8538070059 37.8143418864 6.624, -82.8536211555 37.8144887077 6.639, -82.8534255501 37.8146281442 6.653, -82.8531311875 37.8148129584 6.674, -82.8529138414 37.8149326245 6.688, -82.8524730807 37.8151322395 6.716, -82.8519477405 37.8153512011 6.749, -82.8505276072 37.8158921151 6.835, -82.8498320683 37.8161761129 6.878, -82.8493595339 37.816381803 6.908, -82.8487415932 37.8166652355 6.947, -82.8482397783 37.8169108647 6.979, -82.8477530334 37.8171607104 7.011, -82.847362368 37.8173717098 7.037, -82.8470425993 37.8175501112 7.058, -82.8464910532 37.8178711671 7.096, -82.8460994219 37.8181065933 7.123, -82.8456342201 37.8183984529 7.155, -82.8441628751 37.8193499101 7.259, -82.8428709122 37.8201780153 7.35, -82.842307132 37.8205185321 7.389, -82.8418286396 37.8207776262 7.421, -82.8416786004 37.820831893 7.43, -82.8412495944 37.8210391771 7.456, -82.840589573 37.8213338923 7.497, -82.8402371635 37.8214782216 7.518, -82.8398292444 37.821633541 7.542, -82.8393776892 37.8217886031 7.568, -82.8386730834 37.82200994 7.608, -82.8384660057 37.8220699349 7.62)"
"District 10","Lee","10-00292.40","KY","52","KY-52","RECONSTRUCTION(O)","1.082","4.798","I-75 TO MOUNTAIN PARKWAY; RECONSTRUCT KY-11 FROM 0.5 MILE SOUTH OF KY-587 TO 0.65 MILE NORTH OF KY-52 IN BEATTYVILLE AND CONSTRUCT BRIDGE OVER KENTUCKY RIVER. (2026CCN)","","2004","2026","U","STP2","2000000","2030","","","","065-KY-0052-000","LINESTRING Z (-83.8108028924 37.6543677644 1.082, -83.8107160433 37.654314383 1.088, -83.8105712158 37.6542372701 1.097, -83.8103166103 37.6541300489 1.113, -83.8101589061 37.6540829401 1.122, -83.8099922807 37.6540466725 1.132, -83.8098776905 37.6540288449 1.138, -83.8097029859 37.6540108483 1.148, -83.8095242316 37.6540023987 1.157, -83.8093427999 37.654003794 1.167, -83.8090947787 37.6540148012 1.181, -83.8087788367 37.6540466606 1.198, -83.8085245709 37.6540850337 1.212, -83.8078144481 37.6542205249 1.252, -83.8069844951 37.6543930365 1.299, -83.80680092 37.6544366964 1.309, -83.8066174591 37.654489149 1.32, -83.8060241557 37.6546889221 1.355, -83.8058421396 37.6547389243 1.366, -83.8057170518 37.654765696 1.373, -83.8055257037 37.6547894473 1.383, -83.8053340108 37.65478682 1.394, -83.805148829 37.6547598528 1.404, -83.8049714405 37.6547124108 1.414, -83.8047455866 37.6546290034 1.428, -83.8046352569 37.6545804752 1.435, -83.8044759872 37.654500918 1.445, -83.8043253096 37.6544099655 1.455, -83.8042795495 37.6543762424 1.459, -83.8041873959 37.6543065875 1.466, -83.804059779 37.6541926671 1.476, -83.8039409633 37.6540725746 1.487, -83.8038312493 37.6539479624 1.497, -83.8031990905 37.6531792958 1.56, -83.8030554568 37.653017584 1.574, -83.8028677117 37.6528251987 1.59, -83.8022654365 37.6523797988 1.635, -83.8019925236 37.6521678673 1.656, -83.8015979827 37.6518379913 1.687, -83.8015118785 37.651761842 1.694, -83.8013906166 37.6516430797 1.705, -83.8012778095 37.6515181388 1.715, -83.801141394 37.6513318221 1.73, -83.8010582749 37.6511815522 1.741, -83.8009808768 37.6510239596 1.753, -83.8006846566 37.6503844737 1.8, -83.8004368554 37.6498089728 1.842, -83.8002646529 37.6494333381 1.869, -83.8001887448 37.649298021 1.88, -83.8000805297 37.6491300272 1.893, -83.8000085332 37.6490431229 1.9, -83.7998598409 37.6488903888 1.913, -83.7997406435 37.6487853941 1.923, -83.7996102866 37.6486843341 1.933, -83.7994739006 37.648589217 1.943, -83.7993273124 37.6485010724 1.953, -83.7991732919 37.6484196728 1.963, -83.7990145142 37.6483483572 1.973, -83.7988475651 37.6482856957 1.983, -83.7983247692 37.6481308594 2.014, -83.7981536547 37.6480689521 2.024, -83.7979863324 37.6479941961 2.034, -83.7978272284 37.6479091384 2.045, -83.7975261759 37.6477173312 2.066, -83.7973802771 37.6476162842 2.077, -83.7970949633 37.6474041351 2.098, -83.7968252795 37.6471757621 2.12, -83.7963155328 37.646683248 2.164, -83.7959375999 37.6463019837 2.197, -83.7956632844 37.6460661142 2.219, -83.7955131628 37.6459551051 2.231, -83.7953587156 37.6458508919 2.242, -83.7950340968 37.6456493461 2.264, -83.7947162368 37.6454797765 2.285, -83.7945515782 37.6454091805 2.295, -83.794382745 37.6453527995 2.305, -83.7942068953 37.6453136075 2.315, -83.7940295034 37.6452936196 2.325, -83.7938438499 37.6452855797 2.335, -83.7929343755 37.6452926666 2.385, -83.7925407586 37.6452841781 2.407, -83.7924097031 37.6452756739 2.414, -83.7922160813 37.6452554118 2.425, -83.7920888049 37.6452346086 2.432, -83.7918988706 37.645192431 2.443, -83.7917137743 37.6451371486 2.454, -83.7915348165 37.6450718037 2.464, -83.7913598964 37.6449974609 2.475, -83.7911883034 37.6449149326 2.486, -83.7910793223 37.6448554253 2.493, -83.7909205374 37.6447588255 2.504, -83.7907667332 37.6446568141 2.515, -83.7902792508 37.644304469 2.551, -83.7899856803 37.6441053494 2.573, -83.7896773031 37.6439175196 2.594, -83.7893739768 37.6437608147 2.614, -83.789215744 37.6436958125 2.623, -83.7890529381 37.6436469409 2.633, -83.7889401982 37.6436252786 2.639, -83.7888275487 37.6436132316 2.646, -83.7887136317 37.6436099541 2.652, -83.7885987548 37.6436168248 2.658, -83.7884850922 37.6436300337 2.664, -83.7880337438 37.6437147889 2.69, -83.7879776078 37.6437212679 2.693, -83.7878633055 37.643732542 2.699, -83.7876907202 37.6437269089 2.709, -83.7875258193 37.6436920105 2.718, -83.7873737381 37.6436295817 2.727, -83.7872853729 37.6435745363 2.734, -83.7872420077 37.6435422201 2.737, -83.7871706169 37.6434723488 2.743, -83.7870759958 37.6433534678 2.753, -83.7868737972 37.643056974 2.776, -83.7864340628 37.6423765892 2.829, -83.7863345553 37.6422466364 2.839, -83.7862324003 37.6420600502 2.853, -83.7860896196 37.6417769119 2.874, -83.7860311354 37.6416372071 2.884, -83.7858742203 37.6412225228 2.914, -83.785795396 37.6410420955 2.927, -83.7857006166 37.6408641481 2.941, -83.7856159659 37.6407341686 2.951, -83.7854188335 37.6404817107 2.971, -83.7849786686 37.6399752004 3.014, -83.7845147965 37.6394770819 3.056, -83.7841644572 37.6391140956 3.088, -83.7840342443 37.6389959882 3.099, -83.783897166 37.6388893036 3.109, -83.7837494007 37.6387948012 3.12, -83.7834431439 37.6386196257 3.14, -83.7831219366 37.6384090367 3.163, -83.7827914924 37.6381559876 3.188, -83.782425118 37.6378641504 3.217, -83.781714394 37.6373099615 3.271, -83.7811466697 37.6368867294 3.314, -83.7808262509 37.6366599397 3.337, -83.7805341444 37.6364858185 3.357, -83.7802521155 37.6363354896 3.376, -83.7792126716 37.6357254941 3.447, -83.7791040428 37.6356536197 3.454, -83.7790038832 37.6355750196 3.462, -83.7788972677 37.6354663685 3.471, -83.778656059 37.6351450305 3.497, -83.7785593224 37.6350546748 3.505, -83.7784478233 37.6349868719 3.513, -83.7783407884 37.6349460655 3.52, -83.778262777 37.6349310193 3.524, -83.7781750378 37.6349180068 3.529, -83.7780516351 37.6349082417 3.536, -83.7778973858 37.6349023521 3.544, -83.7777001963 37.6348874996 3.555, -83.7775315824 37.6348632385 3.565, -83.7773907131 37.6348347732 3.573, -83.7771925118 37.6347800704 3.585, -83.7770391583 37.634727495 3.594, -83.7769088704 37.6346648687 3.602, -83.7767046612 37.6345762758 3.615, -83.776544867 37.6344801884 3.626, -83.7764059501 37.6343784079 3.637, -83.7761316858 37.6341705119 3.658, -83.7758823712 37.6339597375 3.678, -83.7757258525 37.6338444747 3.69, -83.775422592 37.6336489999 3.711, -83.7751395101 37.6334871032 3.731, -83.7748292989 37.6333192563 3.752, -83.7746707756 37.6332404936 3.762, -83.774509587 37.6331710256 3.772, -83.7743108473 37.6331108146 3.784, -83.7741322594 37.6330720957 3.794, -83.7734594191 37.6329799992 3.832, -83.7732754715 37.632948056 3.842, -83.7731234193 37.6329117047 3.851, -83.7729498852 37.6328519172 3.862, -83.7725767402 37.6326610261 3.886, -83.7722437256 37.6324548768 3.91, -83.7718189051 37.6321812501 3.94, -83.7715479562 37.6320181758 3.959, -83.7711140418 37.6317748847 3.988, -83.7709660945 37.6316754176 3.999, -83.7708486337 37.6315855301 4.008, -83.7707426022 37.6314815506 4.017, -83.7706524071 37.6313665757 4.027, -83.7706100385 37.6312974585 4.032, -83.7705553322 37.6311858293 4.041, -83.7705302121 37.6311175527 4.046, -83.7705189398 37.6309833055 4.055, -83.7705560493 37.6308611378 4.064, -83.7706377857 37.6306715961 4.078, -83.7706987379 37.6305490067 4.087, -83.7707339902 37.630457575 4.094, -83.7707432754 37.6303684513 4.1, -83.7707350894 37.6303257336 4.103, -83.7707113721 37.6302695686 4.107, -83.7706721503 37.6302249539 4.111, -83.7706201323 37.6301938589 4.114, -83.7705654049 37.630173705 4.118, -83.7705085998 37.6301667035 4.121, -83.7704461841 37.630175814 4.124, -83.7703001316 37.6302126332 4.133, -83.7700726987 37.6302961522 4.147, -83.7699433191 37.6303164941 4.154, -83.7698114113 37.6303150924 4.161, -83.7696944551 37.6302581773 4.169, -83.7696013801 37.6301865552 4.176, -83.7695302909 37.630106515 4.183, -83.7694206669 37.6299431369 4.196, -83.7693686829 37.629846112 4.203, -83.7692577116 37.62960387 4.221, -83.7692210497 37.629489248 4.23, -83.7691965815 37.6293707111 4.238, -83.7691892283 37.629245046 4.247, -83.7692143405 37.6290806454 4.258, -83.7693058468 37.6287580371 4.281, -83.7694329395 37.6283961964 4.308, -83.7694697479 37.6282723754 4.316, -83.7694979535 37.6281473104 4.325, -83.7695567247 37.6277958542 4.35, -83.7695897179 37.6276466963 4.361, -83.7696353703 37.627527969 4.369, -83.7696969916 37.6274191265 4.378, -83.7699130299 37.6271151024 4.402, -83.7699677908 37.6270303179 4.409, -83.7700279424 37.6269118349 4.417, -83.7700420252 37.6268370782 4.423, -83.7700416177 37.6267876244 4.426, -83.7700279872 37.6267159706 4.431, -83.7699994154 37.6266476356 4.436, -83.7699704786 37.6266059415 4.44, -83.769884935 37.6265110974 4.448, -83.7695983796 37.6263125916 4.469, -83.7695360138 37.6262552242 4.474, -83.7694974846 37.6262106207 4.478, -83.7694752176 37.6261649185 4.481, -83.7694600025 37.6261138409 4.485, -83.7694560751 37.6260409773 4.49, -83.7694749906 37.6259404793 4.497, -83.7696082345 37.6256067624 4.521, -83.7697381768 37.6252284871 4.549, -83.769753163 37.6251586898 4.554, -83.7697679926 37.6250430139 4.562, -83.769771609 37.6249722001 4.567, -83.7697669772 37.6246927455 4.586, -83.7697860921 37.624623567 4.591, -83.7698087198 37.6245780735 4.595, -83.7698754069 37.6244734362 4.603, -83.7699229337 37.6244138032 4.608, -83.7699973938 37.6243414392 4.614, -83.7700608669 37.6242925135 4.619, -83.7704025414 37.6240947223 4.643, -83.7704829724 37.6240315234 4.649, -83.7705322822 37.6239568103 4.655, -83.7705327678 37.6238738579 4.661, -83.7704949207 37.623803718 4.666, -83.7704283181 37.6237498504 4.671, -83.7703377869 37.6237126108 4.677, -83.7702313916 37.6236874653 4.683, -83.7698441544 37.62363835 4.705, -83.7697021791 37.623613428 4.713, -83.7695579346 37.6235829726 4.721, -83.769269092 37.6235094196 4.738, -83.7691217108 37.6234670985 4.747, -83.7689402412 37.6234338164 4.757, -83.7687484675 37.6234113482 4.768, -83.7682048508 37.6233706133 4.798)"
"District 10","Lee","10-00292.40","KY","52","KY-52","RECONSTRUCTION(O)","1.082","4.798","I-75 TO MOUNTAIN PARKWAY; RECONSTRUCT KY-11 FROM 0.5 MILE SOUTH OF KY-587 TO 0.65 MILE NORTH OF KY-52 IN BEATTYVILLE AND CONSTRUCT BRIDGE OVER KENTUCKY RIVER. (2026CCN)","","2004","2026","C","STP2","30000000","2031","","","","065-KY-0052-000","LINESTRING Z (-83.8108028924 37.6543677644 1.082, -83.8107160433 37.654314383 1.088, -83.8105712158 37.6542372701 1.097, -83.8103166103 37.6541300489 1.113, -83.8101589061 37.6540829401 1.122, -83.8099922807 37.6540466725 1.132, -83.8098776905 37.6540288449 1.138, -83.8097029859 37.6540108483 1.148, -83.8095242316 37.6540023987 1.157, -83.8093427999 37.654003794 1.167, -83.8090947787 37.6540148012 1.181, -83.8087788367 37.6540466606 1.198, -83.8085245709 37.6540850337 1.212, -83.8078144481 37.6542205249 1.252, -83.8069844951 37.6543930365 1.299, -83.80680092 37.6544366964 1.309, -83.8066174591 37.654489149 1.32, -83.8060241557 37.6546889221 1.355, -83.8058421396 37.6547389243 1.366, -83.8057170518 37.654765696 1.373, -83.8055257037 37.6547894473 1.383, -83.8053340108 37.65478682 1.394, -83.805148829 37.6547598528 1.404, -83.8049714405 37.6547124108 1.414, -83.8047455866 37.6546290034 1.428, -83.8046352569 37.6545804752 1.435, -83.8044759872 37.654500918 1.445, -83.8043253096 37.6544099655 1.455, -83.8042795495 37.6543762424 1.459, -83.8041873959 37.6543065875 1.466, -83.804059779 37.6541926671 1.476, -83.8039409633 37.6540725746 1.487, -83.8038312493 37.6539479624 1.497, -83.8031990905 37.6531792958 1.56, -83.8030554568 37.653017584 1.574, -83.8028677117 37.6528251987 1.59, -83.8022654365 37.6523797988 1.635, -83.8019925236 37.6521678673 1.656, -83.8015979827 37.6518379913 1.687, -83.8015118785 37.651761842 1.694, -83.8013906166 37.6516430797 1.705, -83.8012778095 37.6515181388 1.715, -83.801141394 37.6513318221 1.73, -83.8010582749 37.6511815522 1.741, -83.8009808768 37.6510239596 1.753, -83.8006846566 37.6503844737 1.8, -83.8004368554 37.6498089728 1.842, -83.8002646529 37.6494333381 1.869, -83.8001887448 37.649298021 1.88, -83.8000805297 37.6491300272 1.893, -83.8000085332 37.6490431229 1.9, -83.7998598409 37.6488903888 1.913, -83.7997406435 37.6487853941 1.923, -83.7996102866 37.6486843341 1.933, -83.7994739006 37.648589217 1.943, -83.7993273124 37.6485010724 1.953, -83.7991732919 37.6484196728 1.963, -83.7990145142 37.6483483572 1.973, -83.7988475651 37.6482856957 1.983, -83.7983247692 37.6481308594 2.014, -83.7981536547 37.6480689521 2.024, -83.7979863324 37.6479941961 2.034, -83.7978272284 37.6479091384 2.045, -83.7975261759 37.6477173312 2.066, -83.7973802771 37.6476162842 2.077, -83.7970949633 37.6474041351 2.098, -83.7968252795 37.6471757621 2.12, -83.7963155328 37.646683248 2.164, -83.7959375999 37.6463019837 2.197, -83.7956632844 37.6460661142 2.219, -83.7955131628 37.6459551051 2.231, -83.7953587156 37.6458508919 2.242, -83.7950340968 37.6456493461 2.264, -83.7947162368 37.6454797765 2.285, -83.7945515782 37.6454091805 2.295, -83.794382745 37.6453527995 2.305, -83.7942068953 37.6453136075 2.315, -83.7940295034 37.6452936196 2.325, -83.7938438499 37.6452855797 2.335, -83.7929343755 37.6452926666 2.385, -83.7925407586 37.6452841781 2.407, -83.7924097031 37.6452756739 2.414, -83.7922160813 37.6452554118 2.425, -83.7920888049 37.6452346086 2.432, -83.7918988706 37.645192431 2.443, -83.7917137743 37.6451371486 2.454, -83.7915348165 37.6450718037 2.464, -83.7913598964 37.6449974609 2.475, -83.7911883034 37.6449149326 2.486, -83.7910793223 37.6448554253 2.493, -83.7909205374 37.6447588255 2.504, -83.7907667332 37.6446568141 2.515, -83.7902792508 37.644304469 2.551, -83.7899856803 37.6441053494 2.573, -83.7896773031 37.6439175196 2.594, -83.7893739768 37.6437608147 2.614, -83.789215744 37.6436958125 2.623, -83.7890529381 37.6436469409 2.633, -83.7889401982 37.6436252786 2.639, -83.7888275487 37.6436132316 2.646, -83.7887136317 37.6436099541 2.652, -83.7885987548 37.6436168248 2.658, -83.7884850922 37.6436300337 2.664, -83.7880337438 37.6437147889 2.69, -83.7879776078 37.6437212679 2.693, -83.7878633055 37.643732542 2.699, -83.7876907202 37.6437269089 2.709, -83.7875258193 37.6436920105 2.718, -83.7873737381 37.6436295817 2.727, -83.7872853729 37.6435745363 2.734, -83.7872420077 37.6435422201 2.737, -83.7871706169 37.6434723488 2.743, -83.7870759958 37.6433534678 2.753, -83.7868737972 37.643056974 2.776, -83.7864340628 37.6423765892 2.829, -83.7863345553 37.6422466364 2.839, -83.7862324003 37.6420600502 2.853, -83.7860896196 37.6417769119 2.874, -83.7860311354 37.6416372071 2.884, -83.7858742203 37.6412225228 2.914, -83.785795396 37.6410420955 2.927, -83.7857006166 37.6408641481 2.941, -83.7856159659 37.6407341686 2.951, -83.7854188335 37.6404817107 2.971, -83.7849786686 37.6399752004 3.014, -83.7845147965 37.6394770819 3.056, -83.7841644572 37.6391140956 3.088, -83.7840342443 37.6389959882 3.099, -83.783897166 37.6388893036 3.109, -83.7837494007 37.6387948012 3.12, -83.7834431439 37.6386196257 3.14, -83.7831219366 37.6384090367 3.163, -83.7827914924 37.6381559876 3.188, -83.782425118 37.6378641504 3.217, -83.781714394 37.6373099615 3.271, -83.7811466697 37.6368867294 3.314, -83.7808262509 37.6366599397 3.337, -83.7805341444 37.6364858185 3.357, -83.7802521155 37.6363354896 3.376, -83.7792126716 37.6357254941 3.447, -83.7791040428 37.6356536197 3.454, -83.7790038832 37.6355750196 3.462, -83.7788972677 37.6354663685 3.471, -83.778656059 37.6351450305 3.497, -83.7785593224 37.6350546748 3.505, -83.7784478233 37.6349868719 3.513, -83.7783407884 37.6349460655 3.52, -83.778262777 37.6349310193 3.524, -83.7781750378 37.6349180068 3.529, -83.7780516351 37.6349082417 3.536, -83.7778973858 37.6349023521 3.544, -83.7777001963 37.6348874996 3.555, -83.7775315824 37.6348632385 3.565, -83.7773907131 37.6348347732 3.573, -83.7771925118 37.6347800704 3.585, -83.7770391583 37.634727495 3.594, -83.7769088704 37.6346648687 3.602, -83.7767046612 37.6345762758 3.615, -83.776544867 37.6344801884 3.626, -83.7764059501 37.6343784079 3.637, -83.7761316858 37.6341705119 3.658, -83.7758823712 37.6339597375 3.678, -83.7757258525 37.6338444747 3.69, -83.775422592 37.6336489999 3.711, -83.7751395101 37.6334871032 3.731, -83.7748292989 37.6333192563 3.752, -83.7746707756 37.6332404936 3.762, -83.774509587 37.6331710256 3.772, -83.7743108473 37.6331108146 3.784, -83.7741322594 37.6330720957 3.794, -83.7734594191 37.6329799992 3.832, -83.7732754715 37.632948056 3.842, -83.7731234193 37.6329117047 3.851, -83.7729498852 37.6328519172 3.862, -83.7725767402 37.6326610261 3.886, -83.7722437256 37.6324548768 3.91, -83.7718189051 37.6321812501 3.94, -83.7715479562 37.6320181758 3.959, -83.7711140418 37.6317748847 3.988, -83.7709660945 37.6316754176 3.999, -83.7708486337 37.6315855301 4.008, -83.7707426022 37.6314815506 4.017, -83.7706524071 37.6313665757 4.027, -83.7706100385 37.6312974585 4.032, -83.7705553322 37.6311858293 4.041, -83.7705302121 37.6311175527 4.046, -83.7705189398 37.6309833055 4.055, -83.7705560493 37.6308611378 4.064, -83.7706377857 37.6306715961 4.078, -83.7706987379 37.6305490067 4.087, -83.7707339902 37.630457575 4.094, -83.7707432754 37.6303684513 4.1, -83.7707350894 37.6303257336 4.103, -83.7707113721 37.6302695686 4.107, -83.7706721503 37.6302249539 4.111, -83.7706201323 37.6301938589 4.114, -83.7705654049 37.630173705 4.118, -83.7705085998 37.6301667035 4.121, -83.7704461841 37.630175814 4.124, -83.7703001316 37.6302126332 4.133, -83.7700726987 37.6302961522 4.147, -83.7699433191 37.6303164941 4.154, -83.7698114113 37.6303150924 4.161, -83.7696944551 37.6302581773 4.169, -83.7696013801 37.6301865552 4.176, -83.7695302909 37.630106515 4.183, -83.7694206669 37.6299431369 4.196, -83.7693686829 37.629846112 4.203, -83.7692577116 37.62960387 4.221, -83.7692210497 37.629489248 4.23, -83.7691965815 37.6293707111 4.238, -83.7691892283 37.629245046 4.247, -83.7692143405 37.6290806454 4.258, -83.7693058468 37.6287580371 4.281, -83.7694329395 37.6283961964 4.308, -83.7694697479 37.6282723754 4.316, -83.7694979535 37.6281473104 4.325, -83.7695567247 37.6277958542 4.35, -83.7695897179 37.6276466963 4.361, -83.7696353703 37.627527969 4.369, -83.7696969916 37.6274191265 4.378, -83.7699130299 37.6271151024 4.402, -83.7699677908 37.6270303179 4.409, -83.7700279424 37.6269118349 4.417, -83.7700420252 37.6268370782 4.423, -83.7700416177 37.6267876244 4.426, -83.7700279872 37.6267159706 4.431, -83.7699994154 37.6266476356 4.436, -83.7699704786 37.6266059415 4.44, -83.769884935 37.6265110974 4.448, -83.7695983796 37.6263125916 4.469, -83.7695360138 37.6262552242 4.474, -83.7694974846 37.6262106207 4.478, -83.7694752176 37.6261649185 4.481, -83.7694600025 37.6261138409 4.485, -83.7694560751 37.6260409773 4.49, -83.7694749906 37.6259404793 4.497, -83.7696082345 37.6256067624 4.521, -83.7697381768 37.6252284871 4.549, -83.769753163 37.6251586898 4.554, -83.7697679926 37.6250430139 4.562, -83.769771609 37.6249722001 4.567, -83.7697669772 37.6246927455 4.586, -83.7697860921 37.624623567 4.591, -83.7698087198 37.6245780735 4.595, -83.7698754069 37.6244734362 4.603, -83.7699229337 37.6244138032 4.608, -83.7699973938 37.6243414392 4.614, -83.7700608669 37.6242925135 4.619, -83.7704025414 37.6240947223 4.643, -83.7704829724 37.6240315234 4.649, -83.7705322822 37.6239568103 4.655, -83.7705327678 37.6238738579 4.661, -83.7704949207 37.623803718 4.666, -83.7704283181 37.6237498504 4.671, -83.7703377869 37.6237126108 4.677, -83.7702313916 37.6236874653 4.683, -83.7698441544 37.62363835 4.705, -83.7697021791 37.623613428 4.713, -83.7695579346 37.6235829726 4.721, -83.769269092 37.6235094196 4.738, -83.7691217108 37.6234670985 4.747, -83.7689402412 37.6234338164 4.757, -83.7687484675 37.6234113482 4.768, -83.7682048508 37.6233706133 4.798)"
"District 10","Lee","10-00292.40","KY","52","KY-52","RECONSTRUCTION(O)","1.082","4.798","I-75 TO MOUNTAIN PARKWAY; RECONSTRUCT KY-11 FROM 0.5 MILE SOUTH OF KY-587 TO 0.65 MILE NORTH OF KY-52 IN BEATTYVILLE AND CONSTRUCT BRIDGE OVER KENTUCKY RIVER. (2026CCN)","","2004","2026","R","STP2","6000000","2029","","","","065-KY-0052-000","LINESTRING Z (-83.8108028924 37.6543677644 1.082, -83.8107160433 37.654314383 1.088, -83.8105712158 37.6542372701 1.097, -83.8103166103 37.6541300489 1.113, -83.8101589061 37.6540829401 1.122, -83.8099922807 37.6540466725 1.132, -83.8098776905 37.6540288449 1.138, -83.8097029859 37.6540108483 1.148, -83.8095242316 37.6540023987 1.157, -83.8093427999 37.654003794 1.167, -83.8090947787 37.6540148012 1.181, -83.8087788367 37.6540466606 1.198, -83.8085245709 37.6540850337 1.212, -83.8078144481 37.6542205249 1.252, -83.8069844951 37.6543930365 1.299, -83.80680092 37.6544366964 1.309, -83.8066174591 37.654489149 1.32, -83.8060241557 37.6546889221 1.355, -83.8058421396 37.6547389243 1.366, -83.8057170518 37.654765696 1.373, -83.8055257037 37.6547894473 1.383, -83.8053340108 37.65478682 1.394, -83.805148829 37.6547598528 1.404, -83.8049714405 37.6547124108 1.414, -83.8047455866 37.6546290034 1.428, -83.8046352569 37.6545804752 1.435, -83.8044759872 37.654500918 1.445, -83.8043253096 37.6544099655 1.455, -83.8042795495 37.6543762424 1.459, -83.8041873959 37.6543065875 1.466, -83.804059779 37.6541926671 1.476, -83.8039409633 37.6540725746 1.487, -83.8038312493 37.6539479624 1.497, -83.8031990905 37.6531792958 1.56, -83.8030554568 37.653017584 1.574, -83.8028677117 37.6528251987 1.59, -83.8022654365 37.6523797988 1.635, -83.8019925236 37.6521678673 1.656, -83.8015979827 37.6518379913 1.687, -83.8015118785 37.651761842 1.694, -83.8013906166 37.6516430797 1.705, -83.8012778095 37.6515181388 1.715, -83.801141394 37.6513318221 1.73, -83.8010582749 37.6511815522 1.741, -83.8009808768 37.6510239596 1.753, -83.8006846566 37.6503844737 1.8, -83.8004368554 37.6498089728 1.842, -83.8002646529 37.6494333381 1.869, -83.8001887448 37.649298021 1.88, -83.8000805297 37.6491300272 1.893, -83.8000085332 37.6490431229 1.9, -83.7998598409 37.6488903888 1.913, -83.7997406435 37.6487853941 1.923, -83.7996102866 37.6486843341 1.933, -83.7994739006 37.648589217 1.943, -83.7993273124 37.6485010724 1.953, -83.7991732919 37.6484196728 1.963, -83.7990145142 37.6483483572 1.973, -83.7988475651 37.6482856957 1.983, -83.7983247692 37.6481308594 2.014, -83.7981536547 37.6480689521 2.024, -83.7979863324 37.6479941961 2.034, -83.7978272284 37.6479091384 2.045, -83.7975261759 37.6477173312 2.066, -83.7973802771 37.6476162842 2.077, -83.7970949633 37.6474041351 2.098, -83.7968252795 37.6471757621 2.12, -83.7963155328 37.646683248 2.164, -83.7959375999 37.6463019837 2.197, -83.7956632844 37.6460661142 2.219, -83.7955131628 37.6459551051 2.231, -83.7953587156 37.6458508919 2.242, -83.7950340968 37.6456493461 2.264, -83.7947162368 37.6454797765 2.285, -83.7945515782 37.6454091805 2.295, -83.794382745 37.6453527995 2.305, -83.7942068953 37.6453136075 2.315, -83.7940295034 37.6452936196 2.325, -83.7938438499 37.6452855797 2.335, -83.7929343755 37.6452926666 2.385, -83.7925407586 37.6452841781 2.407, -83.7924097031 37.6452756739 2.414, -83.7922160813 37.6452554118 2.425, -83.7920888049 37.6452346086 2.432, -83.7918988706 37.645192431 2.443, -83.7917137743 37.6451371486 2.454, -83.7915348165 37.6450718037 2.464, -83.7913598964 37.6449974609 2.475, -83.7911883034 37.6449149326 2.486, -83.7910793223 37.6448554253 2.493, -83.7909205374 37.6447588255 2.504, -83.7907667332 37.6446568141 2.515, -83.7902792508 37.644304469 2.551, -83.7899856803 37.6441053494 2.573, -83.7896773031 37.6439175196 2.594, -83.7893739768 37.6437608147 2.614, -83.789215744 37.6436958125 2.623, -83.7890529381 37.6436469409 2.633, -83.7889401982 37.6436252786 2.639, -83.7888275487 37.6436132316 2.646, -83.7887136317 37.6436099541 2.652, -83.7885987548 37.6436168248 2.658, -83.7884850922 37.6436300337 2.664, -83.7880337438 37.6437147889 2.69, -83.7879776078 37.6437212679 2.693, -83.7878633055 37.643732542 2.699, -83.7876907202 37.6437269089 2.709, -83.7875258193 37.6436920105 2.718, -83.7873737381 37.6436295817 2.727, -83.7872853729 37.6435745363 2.734, -83.7872420077 37.6435422201 2.737, -83.7871706169 37.6434723488 2.743, -83.7870759958 37.6433534678 2.753, -83.7868737972 37.643056974 2.776, -83.7864340628 37.6423765892 2.829, -83.7863345553 37.6422466364 2.839, -83.7862324003 37.6420600502 2.853, -83.7860896196 37.6417769119 2.874, -83.7860311354 37.6416372071 2.884, -83.7858742203 37.6412225228 2.914, -83.785795396 37.6410420955 2.927, -83.7857006166 37.6408641481 2.941, -83.7856159659 37.6407341686 2.951, -83.7854188335 37.6404817107 2.971, -83.7849786686 37.6399752004 3.014, -83.7845147965 37.6394770819 3.056, -83.7841644572 37.6391140956 3.088, -83.7840342443 37.6389959882 3.099, -83.783897166 37.6388893036 3.109, -83.7837494007 37.6387948012 3.12, -83.7834431439 37.6386196257 3.14, -83.7831219366 37.6384090367 3.163, -83.7827914924 37.6381559876 3.188, -83.782425118 37.6378641504 3.217, -83.781714394 37.6373099615 3.271, -83.7811466697 37.6368867294 3.314, -83.7808262509 37.6366599397 3.337, -83.7805341444 37.6364858185 3.357, -83.7802521155 37.6363354896 3.376, -83.7792126716 37.6357254941 3.447, -83.7791040428 37.6356536197 3.454, -83.7790038832 37.6355750196 3.462, -83.7788972677 37.6354663685 3.471, -83.778656059 37.6351450305 3.497, -83.7785593224 37.6350546748 3.505, -83.7784478233 37.6349868719 3.513, -83.7783407884 37.6349460655 3.52, -83.778262777 37.6349310193 3.524, -83.7781750378 37.6349180068 3.529, -83.7780516351 37.6349082417 3.536, -83.7778973858 37.6349023521 3.544, -83.7777001963 37.6348874996 3.555, -83.7775315824 37.6348632385 3.565, -83.7773907131 37.6348347732 3.573, -83.7771925118 37.6347800704 3.585, -83.7770391583 37.634727495 3.594, -83.7769088704 37.6346648687 3.602, -83.7767046612 37.6345762758 3.615, -83.776544867 37.6344801884 3.626, -83.7764059501 37.6343784079 3.637, -83.7761316858 37.6341705119 3.658, -83.7758823712 37.6339597375 3.678, -83.7757258525 37.6338444747 3.69, -83.775422592 37.6336489999 3.711, -83.7751395101 37.6334871032 3.731, -83.7748292989 37.6333192563 3.752, -83.7746707756 37.6332404936 3.762, -83.774509587 37.6331710256 3.772, -83.7743108473 37.6331108146 3.784, -83.7741322594 37.6330720957 3.794, -83.7734594191 37.6329799992 3.832, -83.7732754715 37.632948056 3.842, -83.7731234193 37.6329117047 3.851, -83.7729498852 37.6328519172 3.862, -83.7725767402 37.6326610261 3.886, -83.7722437256 37.6324548768 3.91, -83.7718189051 37.6321812501 3.94, -83.7715479562 37.6320181758 3.959, -83.7711140418 37.6317748847 3.988, -83.7709660945 37.6316754176 3.999, -83.7708486337 37.6315855301 4.008, -83.7707426022 37.6314815506 4.017, -83.7706524071 37.6313665757 4.027, -83.7706100385 37.6312974585 4.032, -83.7705553322 37.6311858293 4.041, -83.7705302121 37.6311175527 4.046, -83.7705189398 37.6309833055 4.055, -83.7705560493 37.6308611378 4.064, -83.7706377857 37.6306715961 4.078, -83.7706987379 37.6305490067 4.087, -83.7707339902 37.630457575 4.094, -83.7707432754 37.6303684513 4.1, -83.7707350894 37.6303257336 4.103, -83.7707113721 37.6302695686 4.107, -83.7706721503 37.6302249539 4.111, -83.7706201323 37.6301938589 4.114, -83.7705654049 37.630173705 4.118, -83.7705085998 37.6301667035 4.121, -83.7704461841 37.630175814 4.124, -83.7703001316 37.6302126332 4.133, -83.7700726987 37.6302961522 4.147, -83.7699433191 37.6303164941 4.154, -83.7698114113 37.6303150924 4.161, -83.7696944551 37.6302581773 4.169, -83.7696013801 37.6301865552 4.176, -83.7695302909 37.630106515 4.183, -83.7694206669 37.6299431369 4.196, -83.7693686829 37.629846112 4.203, -83.7692577116 37.62960387 4.221, -83.7692210497 37.629489248 4.23, -83.7691965815 37.6293707111 4.238, -83.7691892283 37.629245046 4.247, -83.7692143405 37.6290806454 4.258, -83.7693058468 37.6287580371 4.281, -83.7694329395 37.6283961964 4.308, -83.7694697479 37.6282723754 4.316, -83.7694979535 37.6281473104 4.325, -83.7695567247 37.6277958542 4.35, -83.7695897179 37.6276466963 4.361, -83.7696353703 37.627527969 4.369, -83.7696969916 37.6274191265 4.378, -83.7699130299 37.6271151024 4.402, -83.7699677908 37.6270303179 4.409, -83.7700279424 37.6269118349 4.417, -83.7700420252 37.6268370782 4.423, -83.7700416177 37.6267876244 4.426, -83.7700279872 37.6267159706 4.431, -83.7699994154 37.6266476356 4.436, -83.7699704786 37.6266059415 4.44, -83.769884935 37.6265110974 4.448, -83.7695983796 37.6263125916 4.469, -83.7695360138 37.6262552242 4.474, -83.7694974846 37.6262106207 4.478, -83.7694752176 37.6261649185 4.481, -83.7694600025 37.6261138409 4.485, -83.7694560751 37.6260409773 4.49, -83.7694749906 37.6259404793 4.497, -83.7696082345 37.6256067624 4.521, -83.7697381768 37.6252284871 4.549, -83.769753163 37.6251586898 4.554, -83.7697679926 37.6250430139 4.562, -83.769771609 37.6249722001 4.567, -83.7697669772 37.6246927455 4.586, -83.7697860921 37.624623567 4.591, -83.7698087198 37.6245780735 4.595, -83.7698754069 37.6244734362 4.603, -83.7699229337 37.6244138032 4.608, -83.7699973938 37.6243414392 4.614, -83.7700608669 37.6242925135 4.619, -83.7704025414 37.6240947223 4.643, -83.7704829724 37.6240315234 4.649, -83.7705322822 37.6239568103 4.655, -83.7705327678 37.6238738579 4.661, -83.7704949207 37.623803718 4.666, -83.7704283181 37.6237498504 4.671, -83.7703377869 37.6237126108 4.677, -83.7702313916 37.6236874653 4.683, -83.7698441544 37.62363835 4.705, -83.7697021791 37.623613428 4.713, -83.7695579346 37.6235829726 4.721, -83.769269092 37.6235094196 4.738, -83.7691217108 37.6234670985 4.747, -83.7689402412 37.6234338164 4.757, -83.7687484675 37.6234113482 4.768, -83.7682048508 37.6233706133 4.798)"
"District 10","Lee","10-05017.00","KY","52","KY-52","UNKNOWN","12.8","13.4","Rockfall Mitigation on KY 52 near Beattyville from MP 12.8 to MP 13.4 in Lee County.  (To seek future federal Protect funds) (2026CCR)","","2026","2026","C","PROT","18750000","2029","","","","065-KY-0052-000","LINESTRING Z (-83.7058973221 37.5687810631 12.8, -83.7055370429 37.5688692469 12.821, -83.7045082314 37.5691070558 12.88, -83.7041272388 37.569218808 12.902, -83.7036554355 37.5693696314 12.93, -83.7034135685 37.5694423283 12.944, -83.7026712116 37.5696546296 12.988, -83.702159816 37.5698267318 13.018, -83.7019027306 37.5699255322 13.034, -83.7016555994 37.5700387913 13.05, -83.7014130846 37.5701598223 13.065, -83.7009541156 37.5704204693 13.096, -83.7002818115 37.5708325967 13.143, -83.6998277745 37.5711268408 13.175, -83.6996141326 37.5712769429 13.191, -83.6993653854 37.5714734072 13.21, -83.6988027076 37.5719520015 13.256, -83.6986076243 37.5721422596 13.273, -83.6984456171 37.5723221089 13.288, -83.6981703293 37.5726420008 13.315, -83.6978944246 37.5729841332 13.343, -83.6977600274 37.5731639149 13.357, -83.6974354923 37.573617003 13.393, -83.6973746183 37.5737050635 13.4)"
"District 10","Lee","10-05017.00","KY","52","KY-52","UNKNOWN","12.8","13.4","Rockfall Mitigation on KY 52 near Beattyville from MP 12.8 to MP 13.4 in Lee County.  (To seek future federal Protect funds) (2026CCR)","","2026","2026","U","PROT","120000","2026","","","","065-KY-0052-000","LINESTRING Z (-83.7058973221 37.5687810631 12.8, -83.7055370429 37.5688692469 12.821, -83.7045082314 37.5691070558 12.88, -83.7041272388 37.569218808 12.902, -83.7036554355 37.5693696314 12.93, -83.7034135685 37.5694423283 12.944, -83.7026712116 37.5696546296 12.988, -83.702159816 37.5698267318 13.018, -83.7019027306 37.5699255322 13.034, -83.7016555994 37.5700387913 13.05, -83.7014130846 37.5701598223 13.065, -83.7009541156 37.5704204693 13.096, -83.7002818115 37.5708325967 13.143, -83.6998277745 37.5711268408 13.175, -83.6996141326 37.5712769429 13.191, -83.6993653854 37.5714734072 13.21, -83.6988027076 37.5719520015 13.256, -83.6986076243 37.5721422596 13.273, -83.6984456171 37.5723221089 13.288, -83.6981703293 37.5726420008 13.315, -83.6978944246 37.5729841332 13.343, -83.6977600274 37.5731639149 13.357, -83.6974354923 37.573617003 13.393, -83.6973746183 37.5737050635 13.4)"
"District 10","Lee","10-05017.00","KY","52","KY-52","UNKNOWN","12.8","13.4","Rockfall Mitigation on KY 52 near Beattyville from MP 12.8 to MP 13.4 in Lee County.  (To seek future federal Protect funds) (2026CCR)","","2026","2026","R","PROT","870000","2026","","","","065-KY-0052-000","LINESTRING Z (-83.7058973221 37.5687810631 12.8, -83.7055370429 37.5688692469 12.821, -83.7045082314 37.5691070558 12.88, -83.7041272388 37.569218808 12.902, -83.7036554355 37.5693696314 12.93, -83.7034135685 37.5694423283 12.944, -83.7026712116 37.5696546296 12.988, -83.702159816 37.5698267318 13.018, -83.7019027306 37.5699255322 13.034, -83.7016555994 37.5700387913 13.05, -83.7014130846 37.5701598223 13.065, -83.7009541156 37.5704204693 13.096, -83.7002818115 37.5708325967 13.143, -83.6998277745 37.5711268408 13.175, -83.6996141326 37.5712769429 13.191, -83.6993653854 37.5714734072 13.21, -83.6988027076 37.5719520015 13.256, -83.6986076243 37.5721422596 13.273, -83.6984456171 37.5723221089 13.288, -83.6981703293 37.5726420008 13.315, -83.6978944246 37.5729841332 13.343, -83.6977600274 37.5731639149 13.357, -83.6974354923 37.573617003 13.393, -83.6973746183 37.5737050635 13.4)"
"District 10","Lee","10-10051.00","CS","1005","CS-1005","AM-BRIDGE (P)","0.03","0.036","BRIDGE PROJECT IN LEE COUNTY ON (065C00024N) SILVER CREEK RD AT SILVER CREEK","065C00024N","2022","2026","C","BRX","472731","2028","","","","065-CS-1005-000","LINESTRING Z (-83.7123765353 37.57817891 0.03, -83.7122728998 37.5782098139 0.036)"
"District 10","Lee","10-10051.00","CS","1005","CS-1005","AM-BRIDGE (P)","0.03","0.036","BRIDGE PROJECT IN LEE COUNTY ON (065C00024N) SILVER CREEK RD AT SILVER CREEK","065C00024N","2022","2026","D","BRX","70910","2028","","","","065-CS-1005-000","LINESTRING Z (-83.7123765353 37.57817891 0.03, -83.7122728998 37.5782098139 0.036)"
"District 10","Lee","10-80104.00","KY","399","KY-399","RECONSTRUCTION(O)","5.75","6.2","RECONSTRUCT ALONG KY 399 BETWEEN MP 5.75 AND 6.2 (2020CCN) (2022CCR)","","2020","2026","U","SPP","110000","2030","","","","065-KY-0399-000","LINESTRING Z (-83.7774141744 37.5578326356 5.75, -83.7774308516 37.55834743 5.785, -83.7774290791 37.5587130365 5.81, -83.7774171531 37.5590062237 5.831, -83.7773860512 37.5593067794 5.851, -83.7773547834 37.5595356347 5.867, -83.7772915732 37.5597458205 5.882, -83.7771734496 37.5599707415 5.899, -83.7770710208 37.5600984048 5.909, -83.7769572901 37.5602228557 5.92, -83.7768404914 37.5603068733 5.929, -83.7767048653 37.5603721681 5.937, -83.7765600361 37.5604331876 5.946, -83.7760635267 37.5606256381 5.977, -83.7756478756 37.5607749456 6.002, -83.7754609745 37.5608608031 6.013, -83.7753479731 37.5609316967 6.021, -83.775246832 37.5610107566 6.029, -83.7749031116 37.5613098912 6.057, -83.7745742729 37.5616202639 6.085, -83.7744968657 37.5617021952 6.092, -83.7744392665 37.561791878 6.099, -83.7744111847 37.561887553 6.106, -83.7744087845 37.5619388824 6.109, -83.7744091727 37.561989161 6.113, -83.7744248539 37.5620872211 6.12, -83.7745007767 37.5623725489 6.14, -83.7745211037 37.5624646436 6.146, -83.7745328308 37.5625686811 6.153, -83.7745315795 37.562654643 6.159, -83.7745240492 37.5627042383 6.163, -83.7745140674 37.562755166 6.166, -83.7744799667 37.5628435971 6.173, -83.774428427 37.5629259644 6.179, -83.774362943 37.5630006801 6.185, -83.7741776349 37.5631561178 6.2)"
"District 10","Lee","10-80104.00","KY","399","KY-399","RECONSTRUCTION(O)","5.75","6.2","RECONSTRUCT ALONG KY 399 BETWEEN MP 5.75 AND 6.2 (2020CCN) (2022CCR)","","2020","2026","R","SPP","220000","2029","","","","065-KY-0399-000","LINESTRING Z (-83.7774141744 37.5578326356 5.75, -83.7774308516 37.55834743 5.785, -83.7774290791 37.5587130365 5.81, -83.7774171531 37.5590062237 5.831, -83.7773860512 37.5593067794 5.851, -83.7773547834 37.5595356347 5.867, -83.7772915732 37.5597458205 5.882, -83.7771734496 37.5599707415 5.899, -83.7770710208 37.5600984048 5.909, -83.7769572901 37.5602228557 5.92, -83.7768404914 37.5603068733 5.929, -83.7767048653 37.5603721681 5.937, -83.7765600361 37.5604331876 5.946, -83.7760635267 37.5606256381 5.977, -83.7756478756 37.5607749456 6.002, -83.7754609745 37.5608608031 6.013, -83.7753479731 37.5609316967 6.021, -83.775246832 37.5610107566 6.029, -83.7749031116 37.5613098912 6.057, -83.7745742729 37.5616202639 6.085, -83.7744968657 37.5617021952 6.092, -83.7744392665 37.561791878 6.099, -83.7744111847 37.561887553 6.106, -83.7744087845 37.5619388824 6.109, -83.7744091727 37.561989161 6.113, -83.7744248539 37.5620872211 6.12, -83.7745007767 37.5623725489 6.14, -83.7745211037 37.5624646436 6.146, -83.7745328308 37.5625686811 6.153, -83.7745315795 37.562654643 6.159, -83.7745240492 37.5627042383 6.163, -83.7745140674 37.562755166 6.166, -83.7744799667 37.5628435971 6.173, -83.774428427 37.5629259644 6.179, -83.774362943 37.5630006801 6.185, -83.7741776349 37.5631561178 6.2)"
"District 10","Lee","10-80351.00","KY","11","KY-11","RECONSTRUCTION(O)","1.08","4.8","Reconstruct KY 11 from 0.5 miles south of KY 587 to 0.65 miles north of KY 52 in Beattyville (MP 1.082 - 4.798) (2024CCN)","","2024","2026","U","STPF","2320000","2031","","","","065-KY-0011-000","LINESTRING Z (-83.7297107343 37.5350681726 1.08, -83.7296742114 37.5351650691 1.087, -83.729600024 37.5353560872 1.101, -83.7293342612 37.5361476174 1.157, -83.7291507262 37.536744147 1.2, -83.7290036418 37.5372814174 1.238, -83.7289358004 37.5375560576 1.257, -83.7287468298 37.5383648447 1.314, -83.7286737233 37.5387187849 1.339, -83.7285393439 37.5394735705 1.391, -83.7284594131 37.5400529314 1.431, -83.728343608 37.5410885179 1.503, -83.7282997089 37.5418270078 1.554, -83.728269665 37.5429311028 1.63, -83.7282729745 37.5435575019 1.673, -83.7282618523 37.5438394383 1.692, -83.7282377035 37.5439788499 1.702, -83.7281688953 37.5442759988 1.723, -83.7281004344 37.5444336009 1.734, -83.7280329089 37.5445695161 1.743, -83.7278697066 37.5448488289 1.765, -83.7277541278 37.5450135844 1.778, -83.7275972199 37.5451883397 1.791, -83.7274582481 37.5453252198 1.804, -83.7272284052 37.5455303076 1.825, -83.7256903011 37.546632811 1.938, -83.7231107703 37.5484595577 2.134, -83.7212499848 37.5497877313 2.271, -83.7204521803 37.5503464158 2.33, -83.718000242 37.5520906524 2.512, -83.7173935756 37.5525221438 2.558, -83.7169234375 37.5528565542 2.594, -83.7162243385 37.5533490703 2.646, -83.7153024099 37.5540022658 2.715, -83.7141901198 37.5548018664 2.796, -83.7133390748 37.5553980393 2.858, -83.7123291882 37.5561235818 2.931, -83.711235899 37.556894915 3.01, -83.7098627338 37.5578797634 3.11, -83.7093507224 37.5582411615 3.147, -83.7086142804 37.5587703447 3.201, -83.7080201827 37.5592050295 3.245, -83.70786782 37.5593246216 3.256, -83.70777236 37.5594078441 3.264, -83.7076404272 37.5595374076 3.275, -83.7074877599 37.559718255 3.29, -83.7073969441 37.5598584239 3.301, -83.7073186038 37.5600092486 3.312, -83.707244183 37.5602057449 3.327, -83.7072142378 37.5603032947 3.333, -83.7071857966 37.5604591105 3.344, -83.7071729144 37.5606138239 3.355, -83.7071703573 37.5607695403 3.366, -83.7071731014 37.5610838591 3.388, -83.7071832056 37.5612183698 3.397, -83.7071931281 37.5613971053 3.409, -83.7072129987 37.5615529387 3.42, -83.7072243341 37.5616050574 3.423, -83.7072578178 37.5617050868 3.431, -83.7073163909 37.5618464854 3.441, -83.7073989153 37.5619828072 3.451, -83.7075140569 37.5621251913 3.463, -83.7080765739 37.5627272714 3.514, -83.7081637728 37.5628191704 3.522, -83.7084091574 37.5630569502 3.543, -83.7085150465 37.5631343403 3.55, -83.7086241836 37.5632065673 3.558, -83.7087781289 37.5632933102 3.568, -83.7088343942 37.5633179152 3.572, -83.7089495053 37.5633611265 3.579, -83.7090172975 37.563380713 3.583, -83.7096363397 37.5635464273 3.618, -83.7098015034 37.5636017725 3.628, -83.7099577653 37.5636671268 3.637, -83.7100992961 37.5637536518 3.647, -83.7101802937 37.5638201676 3.653, -83.7102217702 37.5638555031 3.657, -83.7103262843 37.5639705034 3.666, -83.7104142014 37.5640992251 3.676, -83.7104849854 37.5642235271 3.686, -83.7110053762 37.5656198761 3.785, -83.7111105471 37.5658870766 3.804, -83.7111322333 37.565939374 3.808, -83.7112724771 37.5662113061 3.828, -83.7113767935 37.5664342631 3.844, -83.7114047218 37.5665861148 3.855, -83.7114073984 37.5666394559 3.858, -83.7113999813 37.5667588266 3.866, -83.711387937 37.566820427 3.871, -83.7113553103 37.5669151848 3.877, -83.7113130184 37.5670100484 3.884, -83.7112682036 37.56707108 3.889, -83.7112295687 37.5671206797 3.893, -83.7110966347 37.5672235824 3.903, -83.7110025218 37.5672826567 3.909, -83.7109038353 37.5673323106 3.916, -83.7106894276 37.567410994 3.928, -83.7073560194 37.5683864214 4.119, -83.7071559394 37.5684458443 4.129, -83.7067098271 37.5685789958 4.155, -83.7066577282 37.5685909994 4.158, -83.7066352678 37.5687801586 4.171, -83.7065725514 37.570231743 4.271, -83.706528358 37.5711229628 4.332, -83.7065065583 37.5714887736 4.357, -83.706465256 37.5720490157 4.396, -83.7064312012 37.5723835699 4.419, -83.7063651251 37.5730664513 4.466, -83.7061926912 37.5749677487 4.598, -83.7061052339 37.5758378843 4.658, -83.7060138148 37.576463183 4.701, -83.7059937132 37.5765790363 4.709, -83.7059226431 37.5769038799 4.732, -83.7058451683 37.5771854826 4.752, -83.7057952175 37.5773324058 4.763, -83.7056877869 37.5776112889 4.783, -83.7055866908 37.5778356139 4.8)"
"District 10","Lee","10-80351.00","KY","11","KY-11","RECONSTRUCTION(O)","1.08","4.8","Reconstruct KY 11 from 0.5 miles south of KY 587 to 0.65 miles north of KY 52 in Beattyville (MP 1.082 - 4.798) (2024CCN)","","2024","2026","C","STPF","24000000","2032","","","","065-KY-0011-000","LINESTRING Z (-83.7297107343 37.5350681726 1.08, -83.7296742114 37.5351650691 1.087, -83.729600024 37.5353560872 1.101, -83.7293342612 37.5361476174 1.157, -83.7291507262 37.536744147 1.2, -83.7290036418 37.5372814174 1.238, -83.7289358004 37.5375560576 1.257, -83.7287468298 37.5383648447 1.314, -83.7286737233 37.5387187849 1.339, -83.7285393439 37.5394735705 1.391, -83.7284594131 37.5400529314 1.431, -83.728343608 37.5410885179 1.503, -83.7282997089 37.5418270078 1.554, -83.728269665 37.5429311028 1.63, -83.7282729745 37.5435575019 1.673, -83.7282618523 37.5438394383 1.692, -83.7282377035 37.5439788499 1.702, -83.7281688953 37.5442759988 1.723, -83.7281004344 37.5444336009 1.734, -83.7280329089 37.5445695161 1.743, -83.7278697066 37.5448488289 1.765, -83.7277541278 37.5450135844 1.778, -83.7275972199 37.5451883397 1.791, -83.7274582481 37.5453252198 1.804, -83.7272284052 37.5455303076 1.825, -83.7256903011 37.546632811 1.938, -83.7231107703 37.5484595577 2.134, -83.7212499848 37.5497877313 2.271, -83.7204521803 37.5503464158 2.33, -83.718000242 37.5520906524 2.512, -83.7173935756 37.5525221438 2.558, -83.7169234375 37.5528565542 2.594, -83.7162243385 37.5533490703 2.646, -83.7153024099 37.5540022658 2.715, -83.7141901198 37.5548018664 2.796, -83.7133390748 37.5553980393 2.858, -83.7123291882 37.5561235818 2.931, -83.711235899 37.556894915 3.01, -83.7098627338 37.5578797634 3.11, -83.7093507224 37.5582411615 3.147, -83.7086142804 37.5587703447 3.201, -83.7080201827 37.5592050295 3.245, -83.70786782 37.5593246216 3.256, -83.70777236 37.5594078441 3.264, -83.7076404272 37.5595374076 3.275, -83.7074877599 37.559718255 3.29, -83.7073969441 37.5598584239 3.301, -83.7073186038 37.5600092486 3.312, -83.707244183 37.5602057449 3.327, -83.7072142378 37.5603032947 3.333, -83.7071857966 37.5604591105 3.344, -83.7071729144 37.5606138239 3.355, -83.7071703573 37.5607695403 3.366, -83.7071731014 37.5610838591 3.388, -83.7071832056 37.5612183698 3.397, -83.7071931281 37.5613971053 3.409, -83.7072129987 37.5615529387 3.42, -83.7072243341 37.5616050574 3.423, -83.7072578178 37.5617050868 3.431, -83.7073163909 37.5618464854 3.441, -83.7073989153 37.5619828072 3.451, -83.7075140569 37.5621251913 3.463, -83.7080765739 37.5627272714 3.514, -83.7081637728 37.5628191704 3.522, -83.7084091574 37.5630569502 3.543, -83.7085150465 37.5631343403 3.55, -83.7086241836 37.5632065673 3.558, -83.7087781289 37.5632933102 3.568, -83.7088343942 37.5633179152 3.572, -83.7089495053 37.5633611265 3.579, -83.7090172975 37.563380713 3.583, -83.7096363397 37.5635464273 3.618, -83.7098015034 37.5636017725 3.628, -83.7099577653 37.5636671268 3.637, -83.7100992961 37.5637536518 3.647, -83.7101802937 37.5638201676 3.653, -83.7102217702 37.5638555031 3.657, -83.7103262843 37.5639705034 3.666, -83.7104142014 37.5640992251 3.676, -83.7104849854 37.5642235271 3.686, -83.7110053762 37.5656198761 3.785, -83.7111105471 37.5658870766 3.804, -83.7111322333 37.565939374 3.808, -83.7112724771 37.5662113061 3.828, -83.7113767935 37.5664342631 3.844, -83.7114047218 37.5665861148 3.855, -83.7114073984 37.5666394559 3.858, -83.7113999813 37.5667588266 3.866, -83.711387937 37.566820427 3.871, -83.7113553103 37.5669151848 3.877, -83.7113130184 37.5670100484 3.884, -83.7112682036 37.56707108 3.889, -83.7112295687 37.5671206797 3.893, -83.7110966347 37.5672235824 3.903, -83.7110025218 37.5672826567 3.909, -83.7109038353 37.5673323106 3.916, -83.7106894276 37.567410994 3.928, -83.7073560194 37.5683864214 4.119, -83.7071559394 37.5684458443 4.129, -83.7067098271 37.5685789958 4.155, -83.7066577282 37.5685909994 4.158, -83.7066352678 37.5687801586 4.171, -83.7065725514 37.570231743 4.271, -83.706528358 37.5711229628 4.332, -83.7065065583 37.5714887736 4.357, -83.706465256 37.5720490157 4.396, -83.7064312012 37.5723835699 4.419, -83.7063651251 37.5730664513 4.466, -83.7061926912 37.5749677487 4.598, -83.7061052339 37.5758378843 4.658, -83.7060138148 37.576463183 4.701, -83.7059937132 37.5765790363 4.709, -83.7059226431 37.5769038799 4.732, -83.7058451683 37.5771854826 4.752, -83.7057952175 37.5773324058 4.763, -83.7056877869 37.5776112889 4.783, -83.7055866908 37.5778356139 4.8)"
"District 10","Lee","10-80351.00","KY","11","KY-11","RECONSTRUCTION(O)","1.08","4.8","Reconstruct KY 11 from 0.5 miles south of KY 587 to 0.65 miles north of KY 52 in Beattyville (MP 1.082 - 4.798) (2024CCN)","","2024","2026","D","STPF","2700000","2028","","","","065-KY-0011-000","LINESTRING Z (-83.7297107343 37.5350681726 1.08, -83.7296742114 37.5351650691 1.087, -83.729600024 37.5353560872 1.101, -83.7293342612 37.5361476174 1.157, -83.7291507262 37.536744147 1.2, -83.7290036418 37.5372814174 1.238, -83.7289358004 37.5375560576 1.257, -83.7287468298 37.5383648447 1.314, -83.7286737233 37.5387187849 1.339, -83.7285393439 37.5394735705 1.391, -83.7284594131 37.5400529314 1.431, -83.728343608 37.5410885179 1.503, -83.7282997089 37.5418270078 1.554, -83.728269665 37.5429311028 1.63, -83.7282729745 37.5435575019 1.673, -83.7282618523 37.5438394383 1.692, -83.7282377035 37.5439788499 1.702, -83.7281688953 37.5442759988 1.723, -83.7281004344 37.5444336009 1.734, -83.7280329089 37.5445695161 1.743, -83.7278697066 37.5448488289 1.765, -83.7277541278 37.5450135844 1.778, -83.7275972199 37.5451883397 1.791, -83.7274582481 37.5453252198 1.804, -83.7272284052 37.5455303076 1.825, -83.7256903011 37.546632811 1.938, -83.7231107703 37.5484595577 2.134, -83.7212499848 37.5497877313 2.271, -83.7204521803 37.5503464158 2.33, -83.718000242 37.5520906524 2.512, -83.7173935756 37.5525221438 2.558, -83.7169234375 37.5528565542 2.594, -83.7162243385 37.5533490703 2.646, -83.7153024099 37.5540022658 2.715, -83.7141901198 37.5548018664 2.796, -83.7133390748 37.5553980393 2.858, -83.7123291882 37.5561235818 2.931, -83.711235899 37.556894915 3.01, -83.7098627338 37.5578797634 3.11, -83.7093507224 37.5582411615 3.147, -83.7086142804 37.5587703447 3.201, -83.7080201827 37.5592050295 3.245, -83.70786782 37.5593246216 3.256, -83.70777236 37.5594078441 3.264, -83.7076404272 37.5595374076 3.275, -83.7074877599 37.559718255 3.29, -83.7073969441 37.5598584239 3.301, -83.7073186038 37.5600092486 3.312, -83.707244183 37.5602057449 3.327, -83.7072142378 37.5603032947 3.333, -83.7071857966 37.5604591105 3.344, -83.7071729144 37.5606138239 3.355, -83.7071703573 37.5607695403 3.366, -83.7071731014 37.5610838591 3.388, -83.7071832056 37.5612183698 3.397, -83.7071931281 37.5613971053 3.409, -83.7072129987 37.5615529387 3.42, -83.7072243341 37.5616050574 3.423, -83.7072578178 37.5617050868 3.431, -83.7073163909 37.5618464854 3.441, -83.7073989153 37.5619828072 3.451, -83.7075140569 37.5621251913 3.463, -83.7080765739 37.5627272714 3.514, -83.7081637728 37.5628191704 3.522, -83.7084091574 37.5630569502 3.543, -83.7085150465 37.5631343403 3.55, -83.7086241836 37.5632065673 3.558, -83.7087781289 37.5632933102 3.568, -83.7088343942 37.5633179152 3.572, -83.7089495053 37.5633611265 3.579, -83.7090172975 37.563380713 3.583, -83.7096363397 37.5635464273 3.618, -83.7098015034 37.5636017725 3.628, -83.7099577653 37.5636671268 3.637, -83.7100992961 37.5637536518 3.647, -83.7101802937 37.5638201676 3.653, -83.7102217702 37.5638555031 3.657, -83.7103262843 37.5639705034 3.666, -83.7104142014 37.5640992251 3.676, -83.7104849854 37.5642235271 3.686, -83.7110053762 37.5656198761 3.785, -83.7111105471 37.5658870766 3.804, -83.7111322333 37.565939374 3.808, -83.7112724771 37.5662113061 3.828, -83.7113767935 37.5664342631 3.844, -83.7114047218 37.5665861148 3.855, -83.7114073984 37.5666394559 3.858, -83.7113999813 37.5667588266 3.866, -83.711387937 37.566820427 3.871, -83.7113553103 37.5669151848 3.877, -83.7113130184 37.5670100484 3.884, -83.7112682036 37.56707108 3.889, -83.7112295687 37.5671206797 3.893, -83.7110966347 37.5672235824 3.903, -83.7110025218 37.5672826567 3.909, -83.7109038353 37.5673323106 3.916, -83.7106894276 37.567410994 3.928, -83.7073560194 37.5683864214 4.119, -83.7071559394 37.5684458443 4.129, -83.7067098271 37.5685789958 4.155, -83.7066577282 37.5685909994 4.158, -83.7066352678 37.5687801586 4.171, -83.7065725514 37.570231743 4.271, -83.706528358 37.5711229628 4.332, -83.7065065583 37.5714887736 4.357, -83.706465256 37.5720490157 4.396, -83.7064312012 37.5723835699 4.419, -83.7063651251 37.5730664513 4.466, -83.7061926912 37.5749677487 4.598, -83.7061052339 37.5758378843 4.658, -83.7060138148 37.576463183 4.701, -83.7059937132 37.5765790363 4.709, -83.7059226431 37.5769038799 4.732, -83.7058451683 37.5771854826 4.752, -83.7057952175 37.5773324058 4.763, -83.7056877869 37.5776112889 4.783, -83.7055866908 37.5778356139 4.8)"
"District 10","Lee","10-80351.00","KY","11","KY-11","RECONSTRUCTION(O)","1.08","4.8","Reconstruct KY 11 from 0.5 miles south of KY 587 to 0.65 miles north of KY 52 in Beattyville (MP 1.082 - 4.798) (2024CCN)","","2024","2026","R","STPF","5750000","2030","","","","065-KY-0011-000","LINESTRING Z (-83.7297107343 37.5350681726 1.08, -83.7296742114 37.5351650691 1.087, -83.729600024 37.5353560872 1.101, -83.7293342612 37.5361476174 1.157, -83.7291507262 37.536744147 1.2, -83.7290036418 37.5372814174 1.238, -83.7289358004 37.5375560576 1.257, -83.7287468298 37.5383648447 1.314, -83.7286737233 37.5387187849 1.339, -83.7285393439 37.5394735705 1.391, -83.7284594131 37.5400529314 1.431, -83.728343608 37.5410885179 1.503, -83.7282997089 37.5418270078 1.554, -83.728269665 37.5429311028 1.63, -83.7282729745 37.5435575019 1.673, -83.7282618523 37.5438394383 1.692, -83.7282377035 37.5439788499 1.702, -83.7281688953 37.5442759988 1.723, -83.7281004344 37.5444336009 1.734, -83.7280329089 37.5445695161 1.743, -83.7278697066 37.5448488289 1.765, -83.7277541278 37.5450135844 1.778, -83.7275972199 37.5451883397 1.791, -83.7274582481 37.5453252198 1.804, -83.7272284052 37.5455303076 1.825, -83.7256903011 37.546632811 1.938, -83.7231107703 37.5484595577 2.134, -83.7212499848 37.5497877313 2.271, -83.7204521803 37.5503464158 2.33, -83.718000242 37.5520906524 2.512, -83.7173935756 37.5525221438 2.558, -83.7169234375 37.5528565542 2.594, -83.7162243385 37.5533490703 2.646, -83.7153024099 37.5540022658 2.715, -83.7141901198 37.5548018664 2.796, -83.7133390748 37.5553980393 2.858, -83.7123291882 37.5561235818 2.931, -83.711235899 37.556894915 3.01, -83.7098627338 37.5578797634 3.11, -83.7093507224 37.5582411615 3.147, -83.7086142804 37.5587703447 3.201, -83.7080201827 37.5592050295 3.245, -83.70786782 37.5593246216 3.256, -83.70777236 37.5594078441 3.264, -83.7076404272 37.5595374076 3.275, -83.7074877599 37.559718255 3.29, -83.7073969441 37.5598584239 3.301, -83.7073186038 37.5600092486 3.312, -83.707244183 37.5602057449 3.327, -83.7072142378 37.5603032947 3.333, -83.7071857966 37.5604591105 3.344, -83.7071729144 37.5606138239 3.355, -83.7071703573 37.5607695403 3.366, -83.7071731014 37.5610838591 3.388, -83.7071832056 37.5612183698 3.397, -83.7071931281 37.5613971053 3.409, -83.7072129987 37.5615529387 3.42, -83.7072243341 37.5616050574 3.423, -83.7072578178 37.5617050868 3.431, -83.7073163909 37.5618464854 3.441, -83.7073989153 37.5619828072 3.451, -83.7075140569 37.5621251913 3.463, -83.7080765739 37.5627272714 3.514, -83.7081637728 37.5628191704 3.522, -83.7084091574 37.5630569502 3.543, -83.7085150465 37.5631343403 3.55, -83.7086241836 37.5632065673 3.558, -83.7087781289 37.5632933102 3.568, -83.7088343942 37.5633179152 3.572, -83.7089495053 37.5633611265 3.579, -83.7090172975 37.563380713 3.583, -83.7096363397 37.5635464273 3.618, -83.7098015034 37.5636017725 3.628, -83.7099577653 37.5636671268 3.637, -83.7100992961 37.5637536518 3.647, -83.7101802937 37.5638201676 3.653, -83.7102217702 37.5638555031 3.657, -83.7103262843 37.5639705034 3.666, -83.7104142014 37.5640992251 3.676, -83.7104849854 37.5642235271 3.686, -83.7110053762 37.5656198761 3.785, -83.7111105471 37.5658870766 3.804, -83.7111322333 37.565939374 3.808, -83.7112724771 37.5662113061 3.828, -83.7113767935 37.5664342631 3.844, -83.7114047218 37.5665861148 3.855, -83.7114073984 37.5666394559 3.858, -83.7113999813 37.5667588266 3.866, -83.711387937 37.566820427 3.871, -83.7113553103 37.5669151848 3.877, -83.7113130184 37.5670100484 3.884, -83.7112682036 37.56707108 3.889, -83.7112295687 37.5671206797 3.893, -83.7110966347 37.5672235824 3.903, -83.7110025218 37.5672826567 3.909, -83.7109038353 37.5673323106 3.916, -83.7106894276 37.567410994 3.928, -83.7073560194 37.5683864214 4.119, -83.7071559394 37.5684458443 4.129, -83.7067098271 37.5685789958 4.155, -83.7066577282 37.5685909994 4.158, -83.7066352678 37.5687801586 4.171, -83.7065725514 37.570231743 4.271, -83.706528358 37.5711229628 4.332, -83.7065065583 37.5714887736 4.357, -83.706465256 37.5720490157 4.396, -83.7064312012 37.5723835699 4.419, -83.7063651251 37.5730664513 4.466, -83.7061926912 37.5749677487 4.598, -83.7061052339 37.5758378843 4.658, -83.7060138148 37.576463183 4.701, -83.7059937132 37.5765790363 4.709, -83.7059226431 37.5769038799 4.732, -83.7058451683 37.5771854826 4.752, -83.7057952175 37.5773324058 4.763, -83.7056877869 37.5776112889 4.783, -83.7055866908 37.5778356139 4.8)"
"District 10","Magoffin","10-00213.00","KY","40","KY-40","TRANSP ENHANCEMENT(P)","0.145","0.66","ROADWAY IMPROVEMENTS AND SIDEWALK CONSTRUCTION ALONG KY 40 (MP 0.145-0.660) TO BETTER FACILITATE ALTERNATIVE TRANSPORTATION METHODS (2018BOP). (2020CCR) (2024CCR)","","2020","2026","C","STPF","3780000","2029","","","","077-KY-0040-000","LINESTRING Z (-83.0662822761 37.7528543709 0.145, -83.0660769572 37.7528862231 0.156, -83.0657974445 37.7529314927 0.172, -83.0651242679 37.7530589847 0.21, -83.0642836723 37.7532227611 0.258, -83.0641408866 37.7532477977 0.266, -83.0622887673 37.7536126339 0.371, -83.0617514356 37.7537344227 0.402, -83.0611721388 37.7538777781 0.435, -83.0607585691 37.7539933269 0.459, -83.0606230348 37.7540377579 0.467, -83.060348513 37.7541454977 0.484, -83.0602181089 37.7542106522 0.492, -83.0600916051 37.7542827639 0.501, -83.0599349198 37.7543855075 0.512, -83.0596289454 37.7545969328 0.535, -83.0594598479 37.7547079081 0.547, -83.0592686968 37.7548257969 0.56, -83.0590238967 37.7549630644 0.577, -83.058660253 37.7551423938 0.6, -83.0585319738 37.7551966045 0.608, -83.0582534145 37.7553009503 0.625, -83.0579543418 37.7553888892 0.643, -83.0576547172 37.7554676563 0.66)"
"District 10","Magoffin","10-00213.00","KY","40","KY-40","TRANSP ENHANCEMENT(P)","0.145","0.66","ROADWAY IMPROVEMENTS AND SIDEWALK CONSTRUCTION ALONG KY 40 (MP 0.145-0.660) TO BETTER FACILITATE ALTERNATIVE TRANSPORTATION METHODS (2018BOP). (2020CCR) (2024CCR)","","2020","2026","U","STPF","1560000","2026","","","","077-KY-0040-000","LINESTRING Z (-83.0662822761 37.7528543709 0.145, -83.0660769572 37.7528862231 0.156, -83.0657974445 37.7529314927 0.172, -83.0651242679 37.7530589847 0.21, -83.0642836723 37.7532227611 0.258, -83.0641408866 37.7532477977 0.266, -83.0622887673 37.7536126339 0.371, -83.0617514356 37.7537344227 0.402, -83.0611721388 37.7538777781 0.435, -83.0607585691 37.7539933269 0.459, -83.0606230348 37.7540377579 0.467, -83.060348513 37.7541454977 0.484, -83.0602181089 37.7542106522 0.492, -83.0600916051 37.7542827639 0.501, -83.0599349198 37.7543855075 0.512, -83.0596289454 37.7545969328 0.535, -83.0594598479 37.7547079081 0.547, -83.0592686968 37.7548257969 0.56, -83.0590238967 37.7549630644 0.577, -83.058660253 37.7551423938 0.6, -83.0585319738 37.7551966045 0.608, -83.0582534145 37.7553009503 0.625, -83.0579543418 37.7553888892 0.643, -83.0576547172 37.7554676563 0.66)"
"District 10","Magoffin","10-10053.00","KY","3333","KY-3333","AM-BRIDGE (P)","0.56","0.578","BRIDGE PROJECT IN MAGOFFIN COUNTY ON (077B00071N) KY-3333 AT LICK CR.","077B00071N","2022","2026","C","FBP2","2167290","2030","","","","077-KY-3333-000","LINESTRING Z (-83.1277931814 37.8246909018 0.56, -83.1276639073 37.8247749181 0.569, -83.1275366371 37.8248671428 0.578)"
"District 10","Magoffin","10-10053.00","KY","3333","KY-3333","AM-BRIDGE (P)","0.56","0.578","BRIDGE PROJECT IN MAGOFFIN COUNTY ON (077B00071N) KY-3333 AT LICK CR.","077B00071N","2022","2026","D","FBP2","325094","2030","","","","077-KY-3333-000","LINESTRING Z (-83.1277931814 37.8246909018 0.56, -83.1276639073 37.8247749181 0.569, -83.1275366371 37.8248671428 0.578)"
"District 10","Magoffin","10-22210.00","KY","9009","KY-9009","AM-PAVEMENT (PKY)(P)","69.58","71.0","ADDRESS CONDITION OF Bert T. Combs Mountain Parkway FROM MILEPOINT 69.58 TO MILEPOINT 71","","2022","2026","D","STP4","220000","2031","","","","077-KY-9009-000","LINESTRING Z (-83.1327251133 37.7410035417 69.58, -83.1325806382 37.7409742608 69.588, -83.1323620904 37.7409221355 69.601, -83.1319000573 37.740789302 69.628, -83.1316750755 37.7407136773 69.641, -83.1313889436 37.740606192 69.658, -83.1311522739 37.7405088758 69.673, -83.1308462018 37.7403685244 69.692, -83.1304596704 37.7401651089 69.718, -83.1302093022 37.7400150078 69.735, -83.1299595608 37.7398569528 69.753, -83.1295170545 37.7395440348 69.785, -83.1292806018 37.7393527549 69.804, -83.1285883943 37.7387147285 69.862, -83.127997134 37.7381965435 69.911, -83.1272875037 37.7375529001 69.97, -83.1268048161 37.7371052707 70.01, -83.1263360567 37.7366846004 70.049, -83.1259832155 37.7363904302 70.077, -83.1257083121 37.736181524 70.098, -83.1255676228 37.7360805701 70.108, -83.1254090372 37.7359770184 70.119, -83.1249507756 37.7357096134 70.151, -83.124629081 37.7355521362 70.171, -83.1244636093 37.7354770023 70.182, -83.1240552329 37.7353054974 70.207, -83.1238240775 37.7352192791 70.221, -83.1235648253 37.7351351793 70.236, -83.12342904 37.7350912059 70.244, -83.1230685097 37.7349949496 70.265, -83.1226360059 37.7349088965 70.29, -83.1221762916 37.7348389928 70.315, -83.1219189072 37.7348096073 70.329, -83.1214184429 37.734776704 70.357, -83.1211785431 37.7347713359 70.37, -83.1207486212 37.7347880907 70.394, -83.1205318128 37.7348046689 70.406, -83.1200484261 37.734855942 70.432, -83.119791883 37.734890586 70.447, -83.1192484641 37.7349762291 70.477, -83.1179430449 37.7352137717 70.551, -83.117393145 37.7353064041 70.581, -83.1168439266 37.7353798172 70.612, -83.1164803896 37.735417002 70.632, -83.116287596 37.7354294397 70.643, -83.1157405716 37.7354410785 70.673, -83.1154316208 37.7354316774 70.689, -83.1150721836 37.7354021849 70.709, -83.1145665943 37.7353479825 70.737, -83.1142023846 37.7352873338 70.757, -83.1140117232 37.7352495367 70.768, -83.1136256283 37.7351622938 70.79, -83.1134559623 37.7351178223 70.8, -83.1127461446 37.7348919801 70.842, -83.1123464347 37.7347305186 70.866, -83.1120927137 37.7346080525 70.883, -83.1119718622 37.7345432449 70.891, -83.1118329469 37.734480504 70.899, -83.1114953635 37.7342940594 70.922, -83.1113014577 37.7341726599 70.935, -83.1111198063 37.7340471392 70.949, -83.1107865595 37.7337973223 70.974, -83.110529849 37.7335841175 70.994, -83.1104582551 37.7335195358 71)"
"District 10","Magoffin","10-22210.00","KY","9009","KY-9009","AM-PAVEMENT (PKY)(P)","69.58","71.0","ADDRESS CONDITION OF Bert T. Combs Mountain Parkway FROM MILEPOINT 69.58 TO MILEPOINT 71","","2022","2026","C","STP4","2190000","2031","","","","077-KY-9009-000","LINESTRING Z (-83.1327251133 37.7410035417 69.58, -83.1325806382 37.7409742608 69.588, -83.1323620904 37.7409221355 69.601, -83.1319000573 37.740789302 69.628, -83.1316750755 37.7407136773 69.641, -83.1313889436 37.740606192 69.658, -83.1311522739 37.7405088758 69.673, -83.1308462018 37.7403685244 69.692, -83.1304596704 37.7401651089 69.718, -83.1302093022 37.7400150078 69.735, -83.1299595608 37.7398569528 69.753, -83.1295170545 37.7395440348 69.785, -83.1292806018 37.7393527549 69.804, -83.1285883943 37.7387147285 69.862, -83.127997134 37.7381965435 69.911, -83.1272875037 37.7375529001 69.97, -83.1268048161 37.7371052707 70.01, -83.1263360567 37.7366846004 70.049, -83.1259832155 37.7363904302 70.077, -83.1257083121 37.736181524 70.098, -83.1255676228 37.7360805701 70.108, -83.1254090372 37.7359770184 70.119, -83.1249507756 37.7357096134 70.151, -83.124629081 37.7355521362 70.171, -83.1244636093 37.7354770023 70.182, -83.1240552329 37.7353054974 70.207, -83.1238240775 37.7352192791 70.221, -83.1235648253 37.7351351793 70.236, -83.12342904 37.7350912059 70.244, -83.1230685097 37.7349949496 70.265, -83.1226360059 37.7349088965 70.29, -83.1221762916 37.7348389928 70.315, -83.1219189072 37.7348096073 70.329, -83.1214184429 37.734776704 70.357, -83.1211785431 37.7347713359 70.37, -83.1207486212 37.7347880907 70.394, -83.1205318128 37.7348046689 70.406, -83.1200484261 37.734855942 70.432, -83.119791883 37.734890586 70.447, -83.1192484641 37.7349762291 70.477, -83.1179430449 37.7352137717 70.551, -83.117393145 37.7353064041 70.581, -83.1168439266 37.7353798172 70.612, -83.1164803896 37.735417002 70.632, -83.116287596 37.7354294397 70.643, -83.1157405716 37.7354410785 70.673, -83.1154316208 37.7354316774 70.689, -83.1150721836 37.7354021849 70.709, -83.1145665943 37.7353479825 70.737, -83.1142023846 37.7352873338 70.757, -83.1140117232 37.7352495367 70.768, -83.1136256283 37.7351622938 70.79, -83.1134559623 37.7351178223 70.8, -83.1127461446 37.7348919801 70.842, -83.1123464347 37.7347305186 70.866, -83.1120927137 37.7346080525 70.883, -83.1119718622 37.7345432449 70.891, -83.1118329469 37.734480504 70.899, -83.1114953635 37.7342940594 70.922, -83.1113014577 37.7341726599 70.935, -83.1111198063 37.7340471392 70.949, -83.1107865595 37.7337973223 70.974, -83.110529849 37.7335841175 70.994, -83.1104582551 37.7335195358 71)"
"District 10","Magoffin","10-22211.00","KY","9009","KY-9009","AM-PAVEMENT (PKY)(P)","71.0","73.19","ADDRESS CONDITION OF Bert T. Combs Mountain Parkway FROM MILEPOINT 71 TO MILEPOINT 73.19","","2022","2026","D","STP4","220000","2031","","","","077-KY-9009-000","LINESTRING Z (-83.1104582551 37.7335195358 71, -83.1104105259 37.7334764813 71.004, -83.1102364171 37.7333044211 71.019, -83.1100025864 37.733099697 71.038, -83.1097766094 37.7328687717 71.058, -83.1095203355 37.7326434856 71.079, -83.1094215926 37.7325505983 71.087, -83.1093103212 37.7324695178 71.096, -83.1090882974 37.7322928063 71.113, -83.1086224943 37.7319674686 71.147, -83.1084608425 37.7318731648 71.158, -83.1081640866 37.7317162032 71.177, -83.1080081363 37.731626973 71.188, -83.1076533153 37.7314783193 71.21, -83.1075024874 37.7314103598 71.219, -83.1071673884 37.7312907222 71.239, -83.1068199392 37.7311779493 71.26, -83.1066535547 37.7311291463 71.27, -83.106343726 37.7310576075 71.287, -83.1058785053 37.7309685576 71.313, -83.1057321984 37.7309485041 71.322, -83.1052536972 37.7309020141 71.348, -83.1050738643 37.7308908216 71.358, -83.1045760182 37.7308823585 71.385, -83.1042058442 37.7308927052 71.405, -83.1029095768 37.7309810947 71.477, -83.1025833236 37.7310111088 71.495, -83.1024022939 37.731033405 71.505, -83.1020770459 37.7310546478 71.522, -83.1018881645 37.7310740189 71.533, -83.1015063056 37.7310917862 71.554, -83.1011121808 37.7311043299 71.575, -83.1007757686 37.731108833 71.594, -83.1004218141 37.7311008499 71.613, -83.099726689 37.731056319 71.651, -83.098943907 37.7309672202 71.695, -83.0973704097 37.7307981687 71.782, -83.0966311993 37.730728996 71.822, -83.0964514567 37.7307153195 71.832, -83.0953196748 37.730663646 71.894, -83.0947343122 37.7306550869 71.926, -83.0941215552 37.7306579946 71.96, -83.0934851269 37.7306746501 71.995, -83.0925675276 37.7307278045 72.045, -83.0921576046 37.730766062 72.068, -83.0910526597 37.7308438136 72.129, -83.0905841392 37.7308568362 72.154, -83.0903440758 37.7308563472 72.167, -83.0898942089 37.7308412145 72.192, -83.0897081561 37.7308298573 72.202, -83.089118533 37.7307761147 72.235, -83.0887211054 37.7307264474 72.257, -83.0882882324 37.7306523477 72.281, -83.0878620165 37.7305663075 72.305, -83.0872049607 37.7304060706 72.343, -83.0869106187 37.7303276873 72.36, -83.0859828991 37.7300656926 72.414, -83.0858104866 37.7300213933 72.424, -83.0855928838 37.7299735959 72.436, -83.085106086 37.7298793034 72.463, -83.0845349617 37.7298116687 72.495, -83.0839688646 37.7297677752 72.526, -83.0837798825 37.729761013 72.537, -83.0835669617 37.72975618 72.548, -83.0831500477 37.7297772123 72.571, -83.0828881321 37.7297976424 72.586, -83.0820923029 37.7298795811 72.629, -83.0818665031 37.7298961577 72.642, -83.0816011415 37.729925848 72.657, -83.0809541867 37.7299850581 72.692, -83.0796371057 37.7301320665 72.765, -83.0791857092 37.7301882948 72.791, -83.0789880637 37.7302203426 72.802, -83.0786163414 37.7303022843 72.823, -83.0783683747 37.7303675309 72.838, -83.077867854 37.7305292419 72.867, -83.0776025799 37.7306331086 72.883, -83.0773199207 37.7307585596 72.901, -83.0769496072 37.7309355932 72.925, -83.0767017672 37.7310739242 72.941, -83.0764661909 37.7312174797 72.958, -83.0762532604 37.7313566051 72.973, -83.0760000194 37.7315486634 72.992, -83.0757820456 37.7317316336 73.009, -83.0755679603 37.7319218351 73.027, -83.0753264312 37.7321726818 73.049, -83.0750699223 37.7324742914 73.074, -83.0749212326 37.7326736745 73.09, -83.0745364347 37.7332897023 73.137, -83.0744646308 37.7334004421 73.146, -83.0743711352 37.7335274469 73.156, -83.0742809191 37.7336402397 73.165, -83.0740274239 37.7339347721 73.19)"
"District 10","Magoffin","10-22211.00","KY","9009","KY-9009","AM-PAVEMENT (PKY)(P)","71.0","73.19","ADDRESS CONDITION OF Bert T. Combs Mountain Parkway FROM MILEPOINT 71 TO MILEPOINT 73.19","","2022","2026","C","STP4","2227000","2031","","","","077-KY-9009-000","LINESTRING Z (-83.1104582551 37.7335195358 71, -83.1104105259 37.7334764813 71.004, -83.1102364171 37.7333044211 71.019, -83.1100025864 37.733099697 71.038, -83.1097766094 37.7328687717 71.058, -83.1095203355 37.7326434856 71.079, -83.1094215926 37.7325505983 71.087, -83.1093103212 37.7324695178 71.096, -83.1090882974 37.7322928063 71.113, -83.1086224943 37.7319674686 71.147, -83.1084608425 37.7318731648 71.158, -83.1081640866 37.7317162032 71.177, -83.1080081363 37.731626973 71.188, -83.1076533153 37.7314783193 71.21, -83.1075024874 37.7314103598 71.219, -83.1071673884 37.7312907222 71.239, -83.1068199392 37.7311779493 71.26, -83.1066535547 37.7311291463 71.27, -83.106343726 37.7310576075 71.287, -83.1058785053 37.7309685576 71.313, -83.1057321984 37.7309485041 71.322, -83.1052536972 37.7309020141 71.348, -83.1050738643 37.7308908216 71.358, -83.1045760182 37.7308823585 71.385, -83.1042058442 37.7308927052 71.405, -83.1029095768 37.7309810947 71.477, -83.1025833236 37.7310111088 71.495, -83.1024022939 37.731033405 71.505, -83.1020770459 37.7310546478 71.522, -83.1018881645 37.7310740189 71.533, -83.1015063056 37.7310917862 71.554, -83.1011121808 37.7311043299 71.575, -83.1007757686 37.731108833 71.594, -83.1004218141 37.7311008499 71.613, -83.099726689 37.731056319 71.651, -83.098943907 37.7309672202 71.695, -83.0973704097 37.7307981687 71.782, -83.0966311993 37.730728996 71.822, -83.0964514567 37.7307153195 71.832, -83.0953196748 37.730663646 71.894, -83.0947343122 37.7306550869 71.926, -83.0941215552 37.7306579946 71.96, -83.0934851269 37.7306746501 71.995, -83.0925675276 37.7307278045 72.045, -83.0921576046 37.730766062 72.068, -83.0910526597 37.7308438136 72.129, -83.0905841392 37.7308568362 72.154, -83.0903440758 37.7308563472 72.167, -83.0898942089 37.7308412145 72.192, -83.0897081561 37.7308298573 72.202, -83.089118533 37.7307761147 72.235, -83.0887211054 37.7307264474 72.257, -83.0882882324 37.7306523477 72.281, -83.0878620165 37.7305663075 72.305, -83.0872049607 37.7304060706 72.343, -83.0869106187 37.7303276873 72.36, -83.0859828991 37.7300656926 72.414, -83.0858104866 37.7300213933 72.424, -83.0855928838 37.7299735959 72.436, -83.085106086 37.7298793034 72.463, -83.0845349617 37.7298116687 72.495, -83.0839688646 37.7297677752 72.526, -83.0837798825 37.729761013 72.537, -83.0835669617 37.72975618 72.548, -83.0831500477 37.7297772123 72.571, -83.0828881321 37.7297976424 72.586, -83.0820923029 37.7298795811 72.629, -83.0818665031 37.7298961577 72.642, -83.0816011415 37.729925848 72.657, -83.0809541867 37.7299850581 72.692, -83.0796371057 37.7301320665 72.765, -83.0791857092 37.7301882948 72.791, -83.0789880637 37.7302203426 72.802, -83.0786163414 37.7303022843 72.823, -83.0783683747 37.7303675309 72.838, -83.077867854 37.7305292419 72.867, -83.0776025799 37.7306331086 72.883, -83.0773199207 37.7307585596 72.901, -83.0769496072 37.7309355932 72.925, -83.0767017672 37.7310739242 72.941, -83.0764661909 37.7312174797 72.958, -83.0762532604 37.7313566051 72.973, -83.0760000194 37.7315486634 72.992, -83.0757820456 37.7317316336 73.009, -83.0755679603 37.7319218351 73.027, -83.0753264312 37.7321726818 73.049, -83.0750699223 37.7324742914 73.074, -83.0749212326 37.7326736745 73.09, -83.0745364347 37.7332897023 73.137, -83.0744646308 37.7334004421 73.146, -83.0743711352 37.7335274469 73.156, -83.0742809191 37.7336402397 73.165, -83.0740274239 37.7339347721 73.19)"
"District 10","Magoffin","10-80302.00","KY","7","KY-7","RECONSTRUCTION(O)","22.5","23.8","RECONSTRUCT KY 7 FROM WILL BAILEY BRANCH ROAD TO KY 1090. (2024CCN)","","2024","2026","U","SPP","2010000","2031","","","","077-KY-0007-000","LINESTRING Z (-83.048434701 37.7189932282 22.5, -83.0487211075 37.7192564229 22.524, -83.0496131075 37.7200740061 22.599, -83.0501737327 37.7205789844 22.645, -83.0504181433 37.7208011111 22.665, -83.0507550996 37.7211130112 22.693, -83.0511355178 37.7214852563 22.726, -83.0513025048 37.7216490018 22.741, -83.0539288905 37.7243307717 22.974, -83.0550475756 37.725490914 23.074, -83.0556133576 37.7260654956 23.125, -83.0559789371 37.7264571661 23.158, -83.0560172376 37.7264978842 23.161, -83.0561345287 37.7266494921 23.174, -83.0562370229 37.7268084535 23.186, -83.0563279426 37.7269718205 23.198, -83.0564083346 37.7271393423 23.21, -83.0564810322 37.7273091602 23.223, -83.0565405459 37.7274800495 23.235, -83.0565845765 37.7276486602 23.247, -83.0566139913 37.727819684 23.258, -83.0566322988 37.7279822097 23.27, -83.0566361886 37.7281416572 23.281, -83.0566220096 37.7282938223 23.291, -83.0565813868 37.7284407089 23.301, -83.0565132441 37.7285737777 23.311, -83.0564260255 37.728698715 23.321, -83.0562296287 37.7289340734 23.34, -83.0561423095 37.729061755 23.35, -83.0560716158 37.7291983364 23.36, -83.0560185079 37.7293460366 23.371, -83.0559857825 37.7294944789 23.381, -83.0559705144 37.7296479917 23.392, -83.0559755204 37.7298052673 23.403, -83.0560051579 37.7299606347 23.414, -83.0560595449 37.7301108002 23.424, -83.0561383482 37.7302554803 23.435, -83.0562442456 37.7303875937 23.446, -83.0563714011 37.7305059069 23.457, -83.0567365115 37.7307684287 23.483, -83.0572611417 37.7311346166 23.521, -83.0574153916 37.7312499782 23.533, -83.0577270558 37.7314983574 23.557, -83.0596908583 37.7331690797 23.714, -83.0603940986 37.7337621698 23.768, -83.0608089686 37.7341131714 23.8)"
"District 10","Magoffin","10-80302.00","KY","7","KY-7","RECONSTRUCTION(O)","22.5","23.8","RECONSTRUCT KY 7 FROM WILL BAILEY BRANCH ROAD TO KY 1090. (2024CCN)","","2024","2026","D","SPP","1260000","2027","","","","077-KY-0007-000","LINESTRING Z (-83.048434701 37.7189932282 22.5, -83.0487211075 37.7192564229 22.524, -83.0496131075 37.7200740061 22.599, -83.0501737327 37.7205789844 22.645, -83.0504181433 37.7208011111 22.665, -83.0507550996 37.7211130112 22.693, -83.0511355178 37.7214852563 22.726, -83.0513025048 37.7216490018 22.741, -83.0539288905 37.7243307717 22.974, -83.0550475756 37.725490914 23.074, -83.0556133576 37.7260654956 23.125, -83.0559789371 37.7264571661 23.158, -83.0560172376 37.7264978842 23.161, -83.0561345287 37.7266494921 23.174, -83.0562370229 37.7268084535 23.186, -83.0563279426 37.7269718205 23.198, -83.0564083346 37.7271393423 23.21, -83.0564810322 37.7273091602 23.223, -83.0565405459 37.7274800495 23.235, -83.0565845765 37.7276486602 23.247, -83.0566139913 37.727819684 23.258, -83.0566322988 37.7279822097 23.27, -83.0566361886 37.7281416572 23.281, -83.0566220096 37.7282938223 23.291, -83.0565813868 37.7284407089 23.301, -83.0565132441 37.7285737777 23.311, -83.0564260255 37.728698715 23.321, -83.0562296287 37.7289340734 23.34, -83.0561423095 37.729061755 23.35, -83.0560716158 37.7291983364 23.36, -83.0560185079 37.7293460366 23.371, -83.0559857825 37.7294944789 23.381, -83.0559705144 37.7296479917 23.392, -83.0559755204 37.7298052673 23.403, -83.0560051579 37.7299606347 23.414, -83.0560595449 37.7301108002 23.424, -83.0561383482 37.7302554803 23.435, -83.0562442456 37.7303875937 23.446, -83.0563714011 37.7305059069 23.457, -83.0567365115 37.7307684287 23.483, -83.0572611417 37.7311346166 23.521, -83.0574153916 37.7312499782 23.533, -83.0577270558 37.7314983574 23.557, -83.0596908583 37.7331690797 23.714, -83.0603940986 37.7337621698 23.768, -83.0608089686 37.7341131714 23.8)"
"District 10","Magoffin","10-80302.00","KY","7","KY-7","RECONSTRUCTION(O)","22.5","23.8","RECONSTRUCT KY 7 FROM WILL BAILEY BRANCH ROAD TO KY 1090. (2024CCN)","","2024","2026","C","SPP","8610000","2032","","","","077-KY-0007-000","LINESTRING Z (-83.048434701 37.7189932282 22.5, -83.0487211075 37.7192564229 22.524, -83.0496131075 37.7200740061 22.599, -83.0501737327 37.7205789844 22.645, -83.0504181433 37.7208011111 22.665, -83.0507550996 37.7211130112 22.693, -83.0511355178 37.7214852563 22.726, -83.0513025048 37.7216490018 22.741, -83.0539288905 37.7243307717 22.974, -83.0550475756 37.725490914 23.074, -83.0556133576 37.7260654956 23.125, -83.0559789371 37.7264571661 23.158, -83.0560172376 37.7264978842 23.161, -83.0561345287 37.7266494921 23.174, -83.0562370229 37.7268084535 23.186, -83.0563279426 37.7269718205 23.198, -83.0564083346 37.7271393423 23.21, -83.0564810322 37.7273091602 23.223, -83.0565405459 37.7274800495 23.235, -83.0565845765 37.7276486602 23.247, -83.0566139913 37.727819684 23.258, -83.0566322988 37.7279822097 23.27, -83.0566361886 37.7281416572 23.281, -83.0566220096 37.7282938223 23.291, -83.0565813868 37.7284407089 23.301, -83.0565132441 37.7285737777 23.311, -83.0564260255 37.728698715 23.321, -83.0562296287 37.7289340734 23.34, -83.0561423095 37.729061755 23.35, -83.0560716158 37.7291983364 23.36, -83.0560185079 37.7293460366 23.371, -83.0559857825 37.7294944789 23.381, -83.0559705144 37.7296479917 23.392, -83.0559755204 37.7298052673 23.403, -83.0560051579 37.7299606347 23.414, -83.0560595449 37.7301108002 23.424, -83.0561383482 37.7302554803 23.435, -83.0562442456 37.7303875937 23.446, -83.0563714011 37.7305059069 23.457, -83.0567365115 37.7307684287 23.483, -83.0572611417 37.7311346166 23.521, -83.0574153916 37.7312499782 23.533, -83.0577270558 37.7314983574 23.557, -83.0596908583 37.7331690797 23.714, -83.0603940986 37.7337621698 23.768, -83.0608089686 37.7341131714 23.8)"
"District 10","Magoffin","10-80302.00","KY","7","KY-7","RECONSTRUCTION(O)","22.5","23.8","RECONSTRUCT KY 7 FROM WILL BAILEY BRANCH ROAD TO KY 1090. (2024CCN)","","2024","2026","R","SPP","2750000","2030","","","","077-KY-0007-000","LINESTRING Z (-83.048434701 37.7189932282 22.5, -83.0487211075 37.7192564229 22.524, -83.0496131075 37.7200740061 22.599, -83.0501737327 37.7205789844 22.645, -83.0504181433 37.7208011111 22.665, -83.0507550996 37.7211130112 22.693, -83.0511355178 37.7214852563 22.726, -83.0513025048 37.7216490018 22.741, -83.0539288905 37.7243307717 22.974, -83.0550475756 37.725490914 23.074, -83.0556133576 37.7260654956 23.125, -83.0559789371 37.7264571661 23.158, -83.0560172376 37.7264978842 23.161, -83.0561345287 37.7266494921 23.174, -83.0562370229 37.7268084535 23.186, -83.0563279426 37.7269718205 23.198, -83.0564083346 37.7271393423 23.21, -83.0564810322 37.7273091602 23.223, -83.0565405459 37.7274800495 23.235, -83.0565845765 37.7276486602 23.247, -83.0566139913 37.727819684 23.258, -83.0566322988 37.7279822097 23.27, -83.0566361886 37.7281416572 23.281, -83.0566220096 37.7282938223 23.291, -83.0565813868 37.7284407089 23.301, -83.0565132441 37.7285737777 23.311, -83.0564260255 37.728698715 23.321, -83.0562296287 37.7289340734 23.34, -83.0561423095 37.729061755 23.35, -83.0560716158 37.7291983364 23.36, -83.0560185079 37.7293460366 23.371, -83.0559857825 37.7294944789 23.381, -83.0559705144 37.7296479917 23.392, -83.0559755204 37.7298052673 23.403, -83.0560051579 37.7299606347 23.414, -83.0560595449 37.7301108002 23.424, -83.0561383482 37.7302554803 23.435, -83.0562442456 37.7303875937 23.446, -83.0563714011 37.7305059069 23.457, -83.0567365115 37.7307684287 23.483, -83.0572611417 37.7311346166 23.521, -83.0574153916 37.7312499782 23.533, -83.0577270558 37.7314983574 23.557, -83.0596908583 37.7331690797 23.714, -83.0603940986 37.7337621698 23.768, -83.0608089686 37.7341131714 23.8)"
"District 10","Magoffin","10-80303.00","CR","1265","CR-1265","RECONSTRUCTION(O)","0.0","0.547","Reconstruct CR 1265 from the intersection with KY 3337 (MP 0.0) to KY 3050 (MP 0.547) (2024CCN)","","2024","2026","D","SPP","730000","2029","","","","077-CR-1265-000","LINESTRING Z (-83.130359062 37.7290962197 0, -83.1303962402 37.7291698575 0.005, -83.1304248845 37.7292891883 0.014, -83.1304363636 37.7294537442 0.025, -83.1304304001 37.7295832932 0.034, -83.1303417212 37.7300368515 0.066, -83.1303076904 37.7302949068 0.084, -83.1302578347 37.7305603018 0.102, -83.1300347815 37.7313996345 0.161, -83.1300036251 37.7315959353 0.175, -83.1299469246 37.7322994036 0.224, -83.1299557883 37.7325477005 0.241, -83.1300145044 37.7328243103 0.26, -83.1300343254 37.7330170767 0.274, -83.1300390751 37.7333034717 0.293, -83.1299930765 37.7346924052 0.389, -83.1300161018 37.734970691 0.408, -83.1300167847 37.7350687922 0.415, -83.1300066749 37.7351394517 0.42, -83.1299760465 37.7352327333 0.427, -83.1298663312 37.7354786604 0.445, -83.1297205591 37.7357463118 0.465, -83.1295688381 37.7359278345 0.48, -83.1293927281 37.7361044167 0.495, -83.1292402844 37.7362378417 0.508, -83.1286861162 37.7365980379 0.547)"
"District 10","Magoffin","10-80303.00","CR","1265","CR-1265","RECONSTRUCTION(O)","0.0","0.547","Reconstruct CR 1265 from the intersection with KY 3337 (MP 0.0) to KY 3050 (MP 0.547) (2024CCN)","","2024","2026","C","SPP","5920000","2032","","","","077-CR-1265-000","LINESTRING Z (-83.130359062 37.7290962197 0, -83.1303962402 37.7291698575 0.005, -83.1304248845 37.7292891883 0.014, -83.1304363636 37.7294537442 0.025, -83.1304304001 37.7295832932 0.034, -83.1303417212 37.7300368515 0.066, -83.1303076904 37.7302949068 0.084, -83.1302578347 37.7305603018 0.102, -83.1300347815 37.7313996345 0.161, -83.1300036251 37.7315959353 0.175, -83.1299469246 37.7322994036 0.224, -83.1299557883 37.7325477005 0.241, -83.1300145044 37.7328243103 0.26, -83.1300343254 37.7330170767 0.274, -83.1300390751 37.7333034717 0.293, -83.1299930765 37.7346924052 0.389, -83.1300161018 37.734970691 0.408, -83.1300167847 37.7350687922 0.415, -83.1300066749 37.7351394517 0.42, -83.1299760465 37.7352327333 0.427, -83.1298663312 37.7354786604 0.445, -83.1297205591 37.7357463118 0.465, -83.1295688381 37.7359278345 0.48, -83.1293927281 37.7361044167 0.495, -83.1292402844 37.7362378417 0.508, -83.1286861162 37.7365980379 0.547)"
"District 10","Magoffin","10-80303.00","CR","1265","CR-1265","RECONSTRUCTION(O)","0.0","0.547","Reconstruct CR 1265 from the intersection with KY 3337 (MP 0.0) to KY 3050 (MP 0.547) (2024CCN)","","2024","2026","U","SPP","480000","2031","","","","077-CR-1265-000","LINESTRING Z (-83.130359062 37.7290962197 0, -83.1303962402 37.7291698575 0.005, -83.1304248845 37.7292891883 0.014, -83.1304363636 37.7294537442 0.025, -83.1304304001 37.7295832932 0.034, -83.1303417212 37.7300368515 0.066, -83.1303076904 37.7302949068 0.084, -83.1302578347 37.7305603018 0.102, -83.1300347815 37.7313996345 0.161, -83.1300036251 37.7315959353 0.175, -83.1299469246 37.7322994036 0.224, -83.1299557883 37.7325477005 0.241, -83.1300145044 37.7328243103 0.26, -83.1300343254 37.7330170767 0.274, -83.1300390751 37.7333034717 0.293, -83.1299930765 37.7346924052 0.389, -83.1300161018 37.734970691 0.408, -83.1300167847 37.7350687922 0.415, -83.1300066749 37.7351394517 0.42, -83.1299760465 37.7352327333 0.427, -83.1298663312 37.7354786604 0.445, -83.1297205591 37.7357463118 0.465, -83.1295688381 37.7359278345 0.48, -83.1293927281 37.7361044167 0.495, -83.1292402844 37.7362378417 0.508, -83.1286861162 37.7365980379 0.547)"
"District 10","Magoffin","10-80303.00","CR","1265","CR-1265","RECONSTRUCTION(O)","0.0","0.547","Reconstruct CR 1265 from the intersection with KY 3337 (MP 0.0) to KY 3050 (MP 0.547) (2024CCN)","","2024","2026","R","SPP","700000","2030","","","","077-CR-1265-000","LINESTRING Z (-83.130359062 37.7290962197 0, -83.1303962402 37.7291698575 0.005, -83.1304248845 37.7292891883 0.014, -83.1304363636 37.7294537442 0.025, -83.1304304001 37.7295832932 0.034, -83.1303417212 37.7300368515 0.066, -83.1303076904 37.7302949068 0.084, -83.1302578347 37.7305603018 0.102, -83.1300347815 37.7313996345 0.161, -83.1300036251 37.7315959353 0.175, -83.1299469246 37.7322994036 0.224, -83.1299557883 37.7325477005 0.241, -83.1300145044 37.7328243103 0.26, -83.1300343254 37.7330170767 0.274, -83.1300390751 37.7333034717 0.293, -83.1299930765 37.7346924052 0.389, -83.1300161018 37.734970691 0.408, -83.1300167847 37.7350687922 0.415, -83.1300066749 37.7351394517 0.42, -83.1299760465 37.7352327333 0.427, -83.1298663312 37.7354786604 0.445, -83.1297205591 37.7357463118 0.465, -83.1295688381 37.7359278345 0.48, -83.1293927281 37.7361044167 0.495, -83.1292402844 37.7362378417 0.508, -83.1286861162 37.7365980379 0.547)"
"District 10","Menifee","10-00102.00","KY","713","KY-713","SPOT IMPROVEMENTS(O)","6.6","7.25","Complete spot improvement to modernize the roadway on KY 713 in the Fagan area from approximately Milepoint 6.6 to approximately Milepoint 7.25. (2026CCN)","","2026","2026","C","STP2","2500000","2031","","","","083-KY-0713-000","LINESTRING Z (-83.7237613923 37.9150341375 6.6, -83.7234325996 37.9151272293 6.619, -83.7226510865 37.9153659528 6.668, -83.7224620439 37.9154190119 6.676, -83.7223654929 37.915437403 6.682, -83.7222830899 37.9154455988 6.686, -83.7221051291 37.9154485776 6.696, -83.7219223171 37.9154262012 6.707, -83.7216376102 37.9153388887 6.73, -83.7213112014 37.915217069 6.751, -83.7209965255 37.9151100101 6.769, -83.7207476236 37.9150573746 6.778, -83.7203999773 37.9150272113 6.781, -83.7199672844 37.9150005252 6.815, -83.7192223065 37.9149440046 6.859, -83.7190625879 37.9149266917 6.868, -83.7189680493 37.9149096783 6.874, -83.7187489457 37.9148957353 6.886, -83.718556295 37.9148907652 6.896, -83.7184884929 37.9148975618 6.9, -83.7183925888 37.9149176087 6.906, -83.7182802287 37.9149560515 6.912, -83.7179963028 37.9150676251 6.93, -83.7178749611 37.9151048141 6.937, -83.717764394 37.9151284527 6.943, -83.7173650964 37.9151987526 6.966, -83.7170968127 37.9152331298 6.981, -83.7170159469 37.9152484909 6.985, -83.7169450247 37.9152678691 6.989, -83.7168667116 37.9153038763 6.994, -83.7168243354 37.9153443496 6.998, -83.7168014139 37.9153835103 7.001, -83.716782921 37.915450767 7.006, -83.7168014325 37.9156727687 7.021, -83.7167700873 37.9158290805 7.032, -83.7167426418 37.9159066218 7.038, -83.7165046523 37.9164782822 7.08, -83.7164290861 37.916641247 7.092, -83.7163923284 37.9167043425 7.097, -83.7163418879 37.9167732457 7.102, -83.7162838468 37.9168285568 7.107, -83.7162213905 37.9168678585 7.112, -83.7161613313 37.9168956648 7.115, -83.7160633593 37.9169151251 7.121, -83.7159796431 37.9169205469 7.126, -83.7155216768 37.9169173072 7.151, -83.7153146231 37.9169063133 7.162, -83.7152089008 37.9168924001 7.168, -83.7151041355 37.9168688892 7.174, -83.7149206471 37.9168080313 7.185, -83.7147847756 37.9167556891 7.194, -83.7146591745 37.9166955572 7.202, -83.7144469024 37.9165844813 7.216, -83.7143621517 37.9165393397 7.222, -83.7142664935 37.9164747794 7.229, -83.7141589579 37.9163756777 7.238, -83.7140311604 37.9162352557 7.25)"
"District 10","Menifee","10-00102.00","KY","713","KY-713","SPOT IMPROVEMENTS(O)","6.6","7.25","Complete spot improvement to modernize the roadway on KY 713 in the Fagan area from approximately Milepoint 6.6 to approximately Milepoint 7.25. (2026CCN)","","2026","2026","D","STP2","600000","2029","","","","083-KY-0713-000","LINESTRING Z (-83.7237613923 37.9150341375 6.6, -83.7234325996 37.9151272293 6.619, -83.7226510865 37.9153659528 6.668, -83.7224620439 37.9154190119 6.676, -83.7223654929 37.915437403 6.682, -83.7222830899 37.9154455988 6.686, -83.7221051291 37.9154485776 6.696, -83.7219223171 37.9154262012 6.707, -83.7216376102 37.9153388887 6.73, -83.7213112014 37.915217069 6.751, -83.7209965255 37.9151100101 6.769, -83.7207476236 37.9150573746 6.778, -83.7203999773 37.9150272113 6.781, -83.7199672844 37.9150005252 6.815, -83.7192223065 37.9149440046 6.859, -83.7190625879 37.9149266917 6.868, -83.7189680493 37.9149096783 6.874, -83.7187489457 37.9148957353 6.886, -83.718556295 37.9148907652 6.896, -83.7184884929 37.9148975618 6.9, -83.7183925888 37.9149176087 6.906, -83.7182802287 37.9149560515 6.912, -83.7179963028 37.9150676251 6.93, -83.7178749611 37.9151048141 6.937, -83.717764394 37.9151284527 6.943, -83.7173650964 37.9151987526 6.966, -83.7170968127 37.9152331298 6.981, -83.7170159469 37.9152484909 6.985, -83.7169450247 37.9152678691 6.989, -83.7168667116 37.9153038763 6.994, -83.7168243354 37.9153443496 6.998, -83.7168014139 37.9153835103 7.001, -83.716782921 37.915450767 7.006, -83.7168014325 37.9156727687 7.021, -83.7167700873 37.9158290805 7.032, -83.7167426418 37.9159066218 7.038, -83.7165046523 37.9164782822 7.08, -83.7164290861 37.916641247 7.092, -83.7163923284 37.9167043425 7.097, -83.7163418879 37.9167732457 7.102, -83.7162838468 37.9168285568 7.107, -83.7162213905 37.9168678585 7.112, -83.7161613313 37.9168956648 7.115, -83.7160633593 37.9169151251 7.121, -83.7159796431 37.9169205469 7.126, -83.7155216768 37.9169173072 7.151, -83.7153146231 37.9169063133 7.162, -83.7152089008 37.9168924001 7.168, -83.7151041355 37.9168688892 7.174, -83.7149206471 37.9168080313 7.185, -83.7147847756 37.9167556891 7.194, -83.7146591745 37.9166955572 7.202, -83.7144469024 37.9165844813 7.216, -83.7143621517 37.9165393397 7.222, -83.7142664935 37.9164747794 7.229, -83.7141589579 37.9163756777 7.238, -83.7140311604 37.9162352557 7.25)"
"District 10","Menifee","10-00102.00","KY","713","KY-713","SPOT IMPROVEMENTS(O)","6.6","7.25","Complete spot improvement to modernize the roadway on KY 713 in the Fagan area from approximately Milepoint 6.6 to approximately Milepoint 7.25. (2026CCN)","","2026","2026","R","STP2","450000","2030","","","","083-KY-0713-000","LINESTRING Z (-83.7237613923 37.9150341375 6.6, -83.7234325996 37.9151272293 6.619, -83.7226510865 37.9153659528 6.668, -83.7224620439 37.9154190119 6.676, -83.7223654929 37.915437403 6.682, -83.7222830899 37.9154455988 6.686, -83.7221051291 37.9154485776 6.696, -83.7219223171 37.9154262012 6.707, -83.7216376102 37.9153388887 6.73, -83.7213112014 37.915217069 6.751, -83.7209965255 37.9151100101 6.769, -83.7207476236 37.9150573746 6.778, -83.7203999773 37.9150272113 6.781, -83.7199672844 37.9150005252 6.815, -83.7192223065 37.9149440046 6.859, -83.7190625879 37.9149266917 6.868, -83.7189680493 37.9149096783 6.874, -83.7187489457 37.9148957353 6.886, -83.718556295 37.9148907652 6.896, -83.7184884929 37.9148975618 6.9, -83.7183925888 37.9149176087 6.906, -83.7182802287 37.9149560515 6.912, -83.7179963028 37.9150676251 6.93, -83.7178749611 37.9151048141 6.937, -83.717764394 37.9151284527 6.943, -83.7173650964 37.9151987526 6.966, -83.7170968127 37.9152331298 6.981, -83.7170159469 37.9152484909 6.985, -83.7169450247 37.9152678691 6.989, -83.7168667116 37.9153038763 6.994, -83.7168243354 37.9153443496 6.998, -83.7168014139 37.9153835103 7.001, -83.716782921 37.915450767 7.006, -83.7168014325 37.9156727687 7.021, -83.7167700873 37.9158290805 7.032, -83.7167426418 37.9159066218 7.038, -83.7165046523 37.9164782822 7.08, -83.7164290861 37.916641247 7.092, -83.7163923284 37.9167043425 7.097, -83.7163418879 37.9167732457 7.102, -83.7162838468 37.9168285568 7.107, -83.7162213905 37.9168678585 7.112, -83.7161613313 37.9168956648 7.115, -83.7160633593 37.9169151251 7.121, -83.7159796431 37.9169205469 7.126, -83.7155216768 37.9169173072 7.151, -83.7153146231 37.9169063133 7.162, -83.7152089008 37.9168924001 7.168, -83.7151041355 37.9168688892 7.174, -83.7149206471 37.9168080313 7.185, -83.7147847756 37.9167556891 7.194, -83.7146591745 37.9166955572 7.202, -83.7144469024 37.9165844813 7.216, -83.7143621517 37.9165393397 7.222, -83.7142664935 37.9164747794 7.229, -83.7141589579 37.9163756777 7.238, -83.7140311604 37.9162352557 7.25)"
"District 10","Menifee","10-00102.00","KY","713","KY-713","SPOT IMPROVEMENTS(O)","6.6","7.25","Complete spot improvement to modernize the roadway on KY 713 in the Fagan area from approximately Milepoint 6.6 to approximately Milepoint 7.25. (2026CCN)","","2026","2026","U","STP2","250000","2030","","","","083-KY-0713-000","LINESTRING Z (-83.7237613923 37.9150341375 6.6, -83.7234325996 37.9151272293 6.619, -83.7226510865 37.9153659528 6.668, -83.7224620439 37.9154190119 6.676, -83.7223654929 37.915437403 6.682, -83.7222830899 37.9154455988 6.686, -83.7221051291 37.9154485776 6.696, -83.7219223171 37.9154262012 6.707, -83.7216376102 37.9153388887 6.73, -83.7213112014 37.915217069 6.751, -83.7209965255 37.9151100101 6.769, -83.7207476236 37.9150573746 6.778, -83.7203999773 37.9150272113 6.781, -83.7199672844 37.9150005252 6.815, -83.7192223065 37.9149440046 6.859, -83.7190625879 37.9149266917 6.868, -83.7189680493 37.9149096783 6.874, -83.7187489457 37.9148957353 6.886, -83.718556295 37.9148907652 6.896, -83.7184884929 37.9148975618 6.9, -83.7183925888 37.9149176087 6.906, -83.7182802287 37.9149560515 6.912, -83.7179963028 37.9150676251 6.93, -83.7178749611 37.9151048141 6.937, -83.717764394 37.9151284527 6.943, -83.7173650964 37.9151987526 6.966, -83.7170968127 37.9152331298 6.981, -83.7170159469 37.9152484909 6.985, -83.7169450247 37.9152678691 6.989, -83.7168667116 37.9153038763 6.994, -83.7168243354 37.9153443496 6.998, -83.7168014139 37.9153835103 7.001, -83.716782921 37.915450767 7.006, -83.7168014325 37.9156727687 7.021, -83.7167700873 37.9158290805 7.032, -83.7167426418 37.9159066218 7.038, -83.7165046523 37.9164782822 7.08, -83.7164290861 37.916641247 7.092, -83.7163923284 37.9167043425 7.097, -83.7163418879 37.9167732457 7.102, -83.7162838468 37.9168285568 7.107, -83.7162213905 37.9168678585 7.112, -83.7161613313 37.9168956648 7.115, -83.7160633593 37.9169151251 7.121, -83.7159796431 37.9169205469 7.126, -83.7155216768 37.9169173072 7.151, -83.7153146231 37.9169063133 7.162, -83.7152089008 37.9168924001 7.168, -83.7151041355 37.9168688892 7.174, -83.7149206471 37.9168080313 7.185, -83.7147847756 37.9167556891 7.194, -83.7146591745 37.9166955572 7.202, -83.7144469024 37.9165844813 7.216, -83.7143621517 37.9165393397 7.222, -83.7142664935 37.9164747794 7.229, -83.7141589579 37.9163756777 7.238, -83.7140311604 37.9162352557 7.25)"
"District 10","Menifee","10-08805.00","US","460","US-460","MAJOR WIDENING(O)","13.965","19.003","WIDEN EXISTING ROADWAY AND IMPROVE VERTICAL AND HORIZONTAL CURVES. NEW CONSTRUCTION. COMPLETES US 460 UPGRADES IN MENIFEE COUNTY FROM MP 14.35 TO 19.39 AND IN MORGAN COUNTY FROM MP 0 TO MP 0.8. (14CCN)(16CCR)  (2024CCN)","","2014","2026","C","SPP","42650000","2032","","","","083-US-0460-000","LINESTRING Z (-83.5611165736 37.9148411349 13.965, -83.5610427315 37.9148395099 13.969, -83.5567398174 37.9147479195 14.203, -83.5558713308 37.9147202044 14.25, -83.5551917857 37.9146938072 14.288, -83.5544135077 37.9146526534 14.333, -83.5538549994 37.9146139455 14.364, -83.5529547146 37.9145361683 14.416, -83.5521637036 37.9144568529 14.461, -83.5514898317 37.9143797185 14.499, -83.5508266278 37.9142937138 14.537, -83.5498891695 37.9141602777 14.591, -83.5491160276 37.914040068 14.619, -83.5483878144 37.9139132762 14.646, -83.5467058417 37.9136071117 14.743, -83.5462295436 37.9135328187 14.77, -83.5458195866 37.9134897094 14.793, -83.5454985671 37.9134757342 14.811, -83.5452829448 37.9134738953 14.824, -83.5450685132 37.9134786719 14.836, -83.5448546017 37.9134892262 14.848, -83.5445343677 37.9135186679 14.866, -83.5444271382 37.9135331425 14.872, -83.5442150457 37.913564058 14.884, -83.5439004787 37.9136243712 14.902, -83.5435911043 37.913696594 14.92, -83.5433092554 37.9137759237 14.937, -83.543181864 37.913815293 14.945, -83.5428857364 37.9139199028 14.963, -83.542693414 37.9139970631 14.975, -83.5424136431 37.9141228563 14.993, -83.5421386853 37.914261651 15.012, -83.5418690503 37.9144079613 15.03, -83.5403546142 37.9152487425 15.135, -83.5400531307 37.9154046161 15.155, -83.5397835656 37.9155251005 15.173, -83.5395007022 37.915626379 15.19, -83.5392088172 37.9157046872 15.207, -83.5389064821 37.9157613709 15.225, -83.5386739582 37.9157910692 15.238, -83.5386015682 37.9157998748 15.242, -83.5382941609 37.9158174528 15.259, -83.537985364 37.9158119282 15.276, -83.537676268 37.9157932108 15.293, -83.5373725073 37.9157468478 15.309, -83.5370785631 37.9156737459 15.326, -83.5367970035 37.9155808218 15.343, -83.5365237854 37.9154756929 15.359, -83.5360414004 37.9152803714 15.389, -83.5332828664 37.9141845802 15.557, -83.5330178115 37.9140966281 15.573, -83.5327595329 37.9140370986 15.588, -83.5324911486 37.9140023762 15.603, -83.5321360607 37.9139797567 15.622, -83.5314245313 37.9139449271 15.661, -83.5310638159 37.9139134077 15.681, -83.5307978257 37.9138682888 15.695, -83.5304722111 37.9137879797 15.714, -83.5303394963 37.9137503157 15.721, -83.5299268963 37.9136337531 15.745, -83.5281826448 37.9131063785 15.849, -83.5277255202 37.9129716603 15.876, -83.5274895949 37.9129185848 15.889, -83.5272243112 37.9128731952 15.904, -83.5269442502 37.9128464813 15.919, -83.5249370282 37.9127742363 16.028, -83.524298388 37.9127605208 16.063, -83.5239391885 37.9127710384 16.082, -83.5236706438 37.9127994773 16.097, -83.5234716812 37.9128317035 16.108, -83.5232782117 37.9128772189 16.119, -83.523050846 37.9129429711 16.132, -83.5220024196 37.9132720262 16.194, -83.5217155722 37.9133784072 16.211, -83.5216599897 37.9134048267 16.214, -83.5215231445 37.9134698166 16.223, -83.5213639689 37.9135624039 16.233, -83.5212177876 37.9136610069 16.244, -83.5210577585 37.9137818736 16.256, -83.5198927377 37.9148141638 16.351, -83.519651469 37.9150071137 16.369, -83.5194988046 37.9151135583 16.381, -83.5193345653 37.9152013774 16.391, -83.5191633142 37.9152687351 16.402, -83.5189856204 37.9153197617 16.412, -83.5188960239 37.9153356457 16.417, -83.5188040599 37.9153495624 16.422, -83.518618591 37.9153595095 16.432, -83.518454098 37.9153522721 16.441, -83.5182818158 37.9153503812 16.45, -83.5181005464 37.9153590332 16.46, -83.5179250083 37.9153960895 16.47, -83.5177697072 37.9154519343 16.479, -83.5176317889 37.9155292615 16.489, -83.5175230876 37.9156151096 16.497, -83.5173208631 37.9158123657 16.514, -83.5172140251 37.9159053908 16.523, -83.5170993811 37.9159927736 16.532, -83.5169769818 37.9160728667 16.54, -83.5168515065 37.9161399893 16.549, -83.5166679288 37.9162249657 16.56, -83.5163168017 37.9163693985 16.582, -83.5161810875 37.9164195696 16.59, -83.5160396471 37.9164641377 16.598, -83.5159020055 37.9164977891 16.606, -83.5157528202 37.9165232542 16.614, -83.5156022585 37.9165368807 16.622, -83.5154509237 37.916541702 16.631, -83.5152873289 37.9165391469 16.64, -83.5145077921 37.9164935851 16.682, -83.5142866869 37.9164663122 16.694, -83.5140162001 37.9164207943 16.709, -83.5138246177 37.9163690824 16.72, -83.5136783622 37.9163091655 16.729, -83.5135252773 37.9162342838 16.739, -83.5133835739 37.916150003 16.749, -83.5128860322 37.9158271066 16.784, -83.5127531547 37.9157262348 16.794, -83.5126399567 37.9156282102 16.803, -83.5125553238 37.9155373207 16.81, -83.512486669 37.915434098 16.818, -83.5124374691 37.9153411339 16.825, -83.5124011116 37.9152363272 16.833, -83.5122863934 37.9148105401 16.863, -83.5122624549 37.9147422318 16.868, -83.5122204257 37.9146529754 16.874, -83.5121858301 37.9146045183 16.878, -83.5121146293 37.9145281684 16.885, -83.5120048355 37.9144552059 16.892, -83.5118763072 37.9144055134 16.9, -83.5117097828 37.9143853162 16.909, -83.5115459422 37.9143909933 16.918, -83.5113525731 37.914421382 16.929, -83.5111669974 37.914469226 16.939, -83.5109759067 37.9145274036 16.951, -83.5094429905 37.9150391601 17.041, -83.5092481794 37.9151170439 17.053, -83.5090841027 37.9151990828 17.063, -83.5088824496 37.9153081528 17.077, -83.5086883415 37.9154313767 17.09, -83.5085053623 37.9155649764 17.104, -83.5083363413 37.9157070821 17.117, -83.5081852406 37.9158528259 17.13, -83.5079220083 37.9161513732 17.154, -83.5077952276 37.9162841185 17.165, -83.5076514213 37.9163951116 17.176, -83.5074900206 37.9164802214 17.187, -83.5073138071 37.9165392263 17.197, -83.5072175219 37.916558271 17.203, -83.5070996201 37.9165697614 17.209, -83.5069919852 37.9165743046 17.215, -83.5068290654 37.9165723003 17.224, -83.5059275717 37.9165119975 17.273, -83.5057772914 37.916493475 17.281, -83.5056269481 37.916465611 17.29, -83.5055269144 37.9164367833 17.295, -83.5054270812 37.9164013654 17.301, -83.5053347754 37.9163578495 17.307, -83.5052450968 37.9163077907 17.313, -83.5050945074 37.9161966837 17.324, -83.5049609037 37.9160515602 17.337, -83.5048518507 37.9158972908 17.349, -83.5047108487 37.915664668 17.367, -83.5044910971 37.9153533488 17.391, -83.5043194052 37.9151379963 17.409, -83.5041955417 37.91501476 17.419, -83.5040137399 37.9148582777 17.434, -83.5038613567 37.9147493322 17.445, -83.5036715954 37.9146380258 17.458, -83.5034519601 37.9145398844 17.472, -83.5032281423 37.9144652881 17.485, -83.5030055652 37.9144069229 17.498, -83.502777026 37.9143621792 17.511, -83.5024158861 37.9143220481 17.531, -83.5016484686 37.9142780051 17.573, -83.5014874086 37.9142606449 17.581, -83.5012939773 37.914224536 17.592, -83.5011137119 37.9141774137 17.603, -83.5005351621 37.9139548356 17.638, -83.5003345642 37.9138922155 17.649, -83.5000459669 37.9138270892 17.666, -83.49955784 37.9137554024 17.693, -83.4993958795 37.9137220892 17.702, -83.4992478451 37.913675581 17.711, -83.4991346081 37.9136250669 17.718, -83.499021597 37.9135671398 17.725, -83.4989132925 37.9135027102 17.732, -83.4971914997 37.9123363162 17.856, -83.4970619619 37.9122291722 17.866, -83.4969351508 37.9121121901 17.877, -83.4967337434 37.9118943353 17.895, -83.4966287006 37.9117571658 17.906, -83.4945239528 37.9083255256 18.169, -83.4944280248 37.9081399048 18.183, -83.4942991271 37.9079552999 18.197, -83.4941556699 37.9078047552 18.21, -83.4938983663 37.9075899447 18.231, -83.4936718062 37.9074130832 18.248, -83.4934347355 37.9071829991 18.269, -83.4926540924 37.9063142247 18.342, -83.4925705772 37.9062219682 18.35, -83.4924474548 37.9061209855 18.36, -83.4923031991 37.9060308604 18.37, -83.4921441664 37.9059591328 18.38, -83.4919284533 37.9059041744 18.392, -83.4917441468 37.9058880029 18.402, -83.4915659209 37.9058884309 18.412, -83.4913819081 37.905896715 18.422, -83.4885512197 37.9061036412 18.579, -83.4883717105 37.9061120062 18.589, -83.4882382015 37.9061127389 18.596, -83.4880629494 37.9061066256 18.606, -83.48791654 37.9060870556 18.614, -83.4877918134 37.9060500452 18.621, -83.4876902006 37.9060055126 18.628, -83.4876224378 37.9059652009 18.632, -83.4875379186 37.9058946233 18.639, -83.4874588555 37.9058043719 18.647, -83.4874086952 37.9057100052 18.654, -83.4873762483 37.9056033418 18.661, -83.487366789 37.9054479454 18.672, -83.4873809022 37.9053039915 18.682, -83.4874050403 37.905161054 18.692, -83.4875449263 37.9045327211 18.736, -83.4875827154 37.904362849 18.748, -83.4876138934 37.9041824105 18.761, -83.4876269718 37.9040609635 18.77, -83.4876265879 37.9039488721 18.777, -83.4876070064 37.9038070178 18.787, -83.4875841055 37.9037282834 18.793, -83.4875001802 37.903559095 18.806, -83.4874077046 37.9034086972 18.817, -83.4871400929 37.9030447765 18.846, -83.4857072574 37.9010958041 19.003)"
"District 10","Menifee","10-08805.00","US","460","US-460","MAJOR WIDENING(O)","13.965","19.003","WIDEN EXISTING ROADWAY AND IMPROVE VERTICAL AND HORIZONTAL CURVES. NEW CONSTRUCTION. COMPLETES US 460 UPGRADES IN MENIFEE COUNTY FROM MP 14.35 TO 19.39 AND IN MORGAN COUNTY FROM MP 0 TO MP 0.8. (14CCN)(16CCR)  (2024CCN)","","2014","2026","U","SPP","4240000","2031","","","","083-US-0460-000","LINESTRING Z (-83.5611165736 37.9148411349 13.965, -83.5610427315 37.9148395099 13.969, -83.5567398174 37.9147479195 14.203, -83.5558713308 37.9147202044 14.25, -83.5551917857 37.9146938072 14.288, -83.5544135077 37.9146526534 14.333, -83.5538549994 37.9146139455 14.364, -83.5529547146 37.9145361683 14.416, -83.5521637036 37.9144568529 14.461, -83.5514898317 37.9143797185 14.499, -83.5508266278 37.9142937138 14.537, -83.5498891695 37.9141602777 14.591, -83.5491160276 37.914040068 14.619, -83.5483878144 37.9139132762 14.646, -83.5467058417 37.9136071117 14.743, -83.5462295436 37.9135328187 14.77, -83.5458195866 37.9134897094 14.793, -83.5454985671 37.9134757342 14.811, -83.5452829448 37.9134738953 14.824, -83.5450685132 37.9134786719 14.836, -83.5448546017 37.9134892262 14.848, -83.5445343677 37.9135186679 14.866, -83.5444271382 37.9135331425 14.872, -83.5442150457 37.913564058 14.884, -83.5439004787 37.9136243712 14.902, -83.5435911043 37.913696594 14.92, -83.5433092554 37.9137759237 14.937, -83.543181864 37.913815293 14.945, -83.5428857364 37.9139199028 14.963, -83.542693414 37.9139970631 14.975, -83.5424136431 37.9141228563 14.993, -83.5421386853 37.914261651 15.012, -83.5418690503 37.9144079613 15.03, -83.5403546142 37.9152487425 15.135, -83.5400531307 37.9154046161 15.155, -83.5397835656 37.9155251005 15.173, -83.5395007022 37.915626379 15.19, -83.5392088172 37.9157046872 15.207, -83.5389064821 37.9157613709 15.225, -83.5386739582 37.9157910692 15.238, -83.5386015682 37.9157998748 15.242, -83.5382941609 37.9158174528 15.259, -83.537985364 37.9158119282 15.276, -83.537676268 37.9157932108 15.293, -83.5373725073 37.9157468478 15.309, -83.5370785631 37.9156737459 15.326, -83.5367970035 37.9155808218 15.343, -83.5365237854 37.9154756929 15.359, -83.5360414004 37.9152803714 15.389, -83.5332828664 37.9141845802 15.557, -83.5330178115 37.9140966281 15.573, -83.5327595329 37.9140370986 15.588, -83.5324911486 37.9140023762 15.603, -83.5321360607 37.9139797567 15.622, -83.5314245313 37.9139449271 15.661, -83.5310638159 37.9139134077 15.681, -83.5307978257 37.9138682888 15.695, -83.5304722111 37.9137879797 15.714, -83.5303394963 37.9137503157 15.721, -83.5299268963 37.9136337531 15.745, -83.5281826448 37.9131063785 15.849, -83.5277255202 37.9129716603 15.876, -83.5274895949 37.9129185848 15.889, -83.5272243112 37.9128731952 15.904, -83.5269442502 37.9128464813 15.919, -83.5249370282 37.9127742363 16.028, -83.524298388 37.9127605208 16.063, -83.5239391885 37.9127710384 16.082, -83.5236706438 37.9127994773 16.097, -83.5234716812 37.9128317035 16.108, -83.5232782117 37.9128772189 16.119, -83.523050846 37.9129429711 16.132, -83.5220024196 37.9132720262 16.194, -83.5217155722 37.9133784072 16.211, -83.5216599897 37.9134048267 16.214, -83.5215231445 37.9134698166 16.223, -83.5213639689 37.9135624039 16.233, -83.5212177876 37.9136610069 16.244, -83.5210577585 37.9137818736 16.256, -83.5198927377 37.9148141638 16.351, -83.519651469 37.9150071137 16.369, -83.5194988046 37.9151135583 16.381, -83.5193345653 37.9152013774 16.391, -83.5191633142 37.9152687351 16.402, -83.5189856204 37.9153197617 16.412, -83.5188960239 37.9153356457 16.417, -83.5188040599 37.9153495624 16.422, -83.518618591 37.9153595095 16.432, -83.518454098 37.9153522721 16.441, -83.5182818158 37.9153503812 16.45, -83.5181005464 37.9153590332 16.46, -83.5179250083 37.9153960895 16.47, -83.5177697072 37.9154519343 16.479, -83.5176317889 37.9155292615 16.489, -83.5175230876 37.9156151096 16.497, -83.5173208631 37.9158123657 16.514, -83.5172140251 37.9159053908 16.523, -83.5170993811 37.9159927736 16.532, -83.5169769818 37.9160728667 16.54, -83.5168515065 37.9161399893 16.549, -83.5166679288 37.9162249657 16.56, -83.5163168017 37.9163693985 16.582, -83.5161810875 37.9164195696 16.59, -83.5160396471 37.9164641377 16.598, -83.5159020055 37.9164977891 16.606, -83.5157528202 37.9165232542 16.614, -83.5156022585 37.9165368807 16.622, -83.5154509237 37.916541702 16.631, -83.5152873289 37.9165391469 16.64, -83.5145077921 37.9164935851 16.682, -83.5142866869 37.9164663122 16.694, -83.5140162001 37.9164207943 16.709, -83.5138246177 37.9163690824 16.72, -83.5136783622 37.9163091655 16.729, -83.5135252773 37.9162342838 16.739, -83.5133835739 37.916150003 16.749, -83.5128860322 37.9158271066 16.784, -83.5127531547 37.9157262348 16.794, -83.5126399567 37.9156282102 16.803, -83.5125553238 37.9155373207 16.81, -83.512486669 37.915434098 16.818, -83.5124374691 37.9153411339 16.825, -83.5124011116 37.9152363272 16.833, -83.5122863934 37.9148105401 16.863, -83.5122624549 37.9147422318 16.868, -83.5122204257 37.9146529754 16.874, -83.5121858301 37.9146045183 16.878, -83.5121146293 37.9145281684 16.885, -83.5120048355 37.9144552059 16.892, -83.5118763072 37.9144055134 16.9, -83.5117097828 37.9143853162 16.909, -83.5115459422 37.9143909933 16.918, -83.5113525731 37.914421382 16.929, -83.5111669974 37.914469226 16.939, -83.5109759067 37.9145274036 16.951, -83.5094429905 37.9150391601 17.041, -83.5092481794 37.9151170439 17.053, -83.5090841027 37.9151990828 17.063, -83.5088824496 37.9153081528 17.077, -83.5086883415 37.9154313767 17.09, -83.5085053623 37.9155649764 17.104, -83.5083363413 37.9157070821 17.117, -83.5081852406 37.9158528259 17.13, -83.5079220083 37.9161513732 17.154, -83.5077952276 37.9162841185 17.165, -83.5076514213 37.9163951116 17.176, -83.5074900206 37.9164802214 17.187, -83.5073138071 37.9165392263 17.197, -83.5072175219 37.916558271 17.203, -83.5070996201 37.9165697614 17.209, -83.5069919852 37.9165743046 17.215, -83.5068290654 37.9165723003 17.224, -83.5059275717 37.9165119975 17.273, -83.5057772914 37.916493475 17.281, -83.5056269481 37.916465611 17.29, -83.5055269144 37.9164367833 17.295, -83.5054270812 37.9164013654 17.301, -83.5053347754 37.9163578495 17.307, -83.5052450968 37.9163077907 17.313, -83.5050945074 37.9161966837 17.324, -83.5049609037 37.9160515602 17.337, -83.5048518507 37.9158972908 17.349, -83.5047108487 37.915664668 17.367, -83.5044910971 37.9153533488 17.391, -83.5043194052 37.9151379963 17.409, -83.5041955417 37.91501476 17.419, -83.5040137399 37.9148582777 17.434, -83.5038613567 37.9147493322 17.445, -83.5036715954 37.9146380258 17.458, -83.5034519601 37.9145398844 17.472, -83.5032281423 37.9144652881 17.485, -83.5030055652 37.9144069229 17.498, -83.502777026 37.9143621792 17.511, -83.5024158861 37.9143220481 17.531, -83.5016484686 37.9142780051 17.573, -83.5014874086 37.9142606449 17.581, -83.5012939773 37.914224536 17.592, -83.5011137119 37.9141774137 17.603, -83.5005351621 37.9139548356 17.638, -83.5003345642 37.9138922155 17.649, -83.5000459669 37.9138270892 17.666, -83.49955784 37.9137554024 17.693, -83.4993958795 37.9137220892 17.702, -83.4992478451 37.913675581 17.711, -83.4991346081 37.9136250669 17.718, -83.499021597 37.9135671398 17.725, -83.4989132925 37.9135027102 17.732, -83.4971914997 37.9123363162 17.856, -83.4970619619 37.9122291722 17.866, -83.4969351508 37.9121121901 17.877, -83.4967337434 37.9118943353 17.895, -83.4966287006 37.9117571658 17.906, -83.4945239528 37.9083255256 18.169, -83.4944280248 37.9081399048 18.183, -83.4942991271 37.9079552999 18.197, -83.4941556699 37.9078047552 18.21, -83.4938983663 37.9075899447 18.231, -83.4936718062 37.9074130832 18.248, -83.4934347355 37.9071829991 18.269, -83.4926540924 37.9063142247 18.342, -83.4925705772 37.9062219682 18.35, -83.4924474548 37.9061209855 18.36, -83.4923031991 37.9060308604 18.37, -83.4921441664 37.9059591328 18.38, -83.4919284533 37.9059041744 18.392, -83.4917441468 37.9058880029 18.402, -83.4915659209 37.9058884309 18.412, -83.4913819081 37.905896715 18.422, -83.4885512197 37.9061036412 18.579, -83.4883717105 37.9061120062 18.589, -83.4882382015 37.9061127389 18.596, -83.4880629494 37.9061066256 18.606, -83.48791654 37.9060870556 18.614, -83.4877918134 37.9060500452 18.621, -83.4876902006 37.9060055126 18.628, -83.4876224378 37.9059652009 18.632, -83.4875379186 37.9058946233 18.639, -83.4874588555 37.9058043719 18.647, -83.4874086952 37.9057100052 18.654, -83.4873762483 37.9056033418 18.661, -83.487366789 37.9054479454 18.672, -83.4873809022 37.9053039915 18.682, -83.4874050403 37.905161054 18.692, -83.4875449263 37.9045327211 18.736, -83.4875827154 37.904362849 18.748, -83.4876138934 37.9041824105 18.761, -83.4876269718 37.9040609635 18.77, -83.4876265879 37.9039488721 18.777, -83.4876070064 37.9038070178 18.787, -83.4875841055 37.9037282834 18.793, -83.4875001802 37.903559095 18.806, -83.4874077046 37.9034086972 18.817, -83.4871400929 37.9030447765 18.846, -83.4857072574 37.9010958041 19.003)"
"District 10","Menifee","10-08805.00","US","460","US-460","MAJOR WIDENING(O)","13.965","19.003","WIDEN EXISTING ROADWAY AND IMPROVE VERTICAL AND HORIZONTAL CURVES. NEW CONSTRUCTION. COMPLETES US 460 UPGRADES IN MENIFEE COUNTY FROM MP 14.35 TO 19.39 AND IN MORGAN COUNTY FROM MP 0 TO MP 0.8. (14CCN)(16CCR)  (2024CCN)","","2014","2026","D","SPP","3930000","2027","","","","083-US-0460-000","LINESTRING Z (-83.5611165736 37.9148411349 13.965, -83.5610427315 37.9148395099 13.969, -83.5567398174 37.9147479195 14.203, -83.5558713308 37.9147202044 14.25, -83.5551917857 37.9146938072 14.288, -83.5544135077 37.9146526534 14.333, -83.5538549994 37.9146139455 14.364, -83.5529547146 37.9145361683 14.416, -83.5521637036 37.9144568529 14.461, -83.5514898317 37.9143797185 14.499, -83.5508266278 37.9142937138 14.537, -83.5498891695 37.9141602777 14.591, -83.5491160276 37.914040068 14.619, -83.5483878144 37.9139132762 14.646, -83.5467058417 37.9136071117 14.743, -83.5462295436 37.9135328187 14.77, -83.5458195866 37.9134897094 14.793, -83.5454985671 37.9134757342 14.811, -83.5452829448 37.9134738953 14.824, -83.5450685132 37.9134786719 14.836, -83.5448546017 37.9134892262 14.848, -83.5445343677 37.9135186679 14.866, -83.5444271382 37.9135331425 14.872, -83.5442150457 37.913564058 14.884, -83.5439004787 37.9136243712 14.902, -83.5435911043 37.913696594 14.92, -83.5433092554 37.9137759237 14.937, -83.543181864 37.913815293 14.945, -83.5428857364 37.9139199028 14.963, -83.542693414 37.9139970631 14.975, -83.5424136431 37.9141228563 14.993, -83.5421386853 37.914261651 15.012, -83.5418690503 37.9144079613 15.03, -83.5403546142 37.9152487425 15.135, -83.5400531307 37.9154046161 15.155, -83.5397835656 37.9155251005 15.173, -83.5395007022 37.915626379 15.19, -83.5392088172 37.9157046872 15.207, -83.5389064821 37.9157613709 15.225, -83.5386739582 37.9157910692 15.238, -83.5386015682 37.9157998748 15.242, -83.5382941609 37.9158174528 15.259, -83.537985364 37.9158119282 15.276, -83.537676268 37.9157932108 15.293, -83.5373725073 37.9157468478 15.309, -83.5370785631 37.9156737459 15.326, -83.5367970035 37.9155808218 15.343, -83.5365237854 37.9154756929 15.359, -83.5360414004 37.9152803714 15.389, -83.5332828664 37.9141845802 15.557, -83.5330178115 37.9140966281 15.573, -83.5327595329 37.9140370986 15.588, -83.5324911486 37.9140023762 15.603, -83.5321360607 37.9139797567 15.622, -83.5314245313 37.9139449271 15.661, -83.5310638159 37.9139134077 15.681, -83.5307978257 37.9138682888 15.695, -83.5304722111 37.9137879797 15.714, -83.5303394963 37.9137503157 15.721, -83.5299268963 37.9136337531 15.745, -83.5281826448 37.9131063785 15.849, -83.5277255202 37.9129716603 15.876, -83.5274895949 37.9129185848 15.889, -83.5272243112 37.9128731952 15.904, -83.5269442502 37.9128464813 15.919, -83.5249370282 37.9127742363 16.028, -83.524298388 37.9127605208 16.063, -83.5239391885 37.9127710384 16.082, -83.5236706438 37.9127994773 16.097, -83.5234716812 37.9128317035 16.108, -83.5232782117 37.9128772189 16.119, -83.523050846 37.9129429711 16.132, -83.5220024196 37.9132720262 16.194, -83.5217155722 37.9133784072 16.211, -83.5216599897 37.9134048267 16.214, -83.5215231445 37.9134698166 16.223, -83.5213639689 37.9135624039 16.233, -83.5212177876 37.9136610069 16.244, -83.5210577585 37.9137818736 16.256, -83.5198927377 37.9148141638 16.351, -83.519651469 37.9150071137 16.369, -83.5194988046 37.9151135583 16.381, -83.5193345653 37.9152013774 16.391, -83.5191633142 37.9152687351 16.402, -83.5189856204 37.9153197617 16.412, -83.5188960239 37.9153356457 16.417, -83.5188040599 37.9153495624 16.422, -83.518618591 37.9153595095 16.432, -83.518454098 37.9153522721 16.441, -83.5182818158 37.9153503812 16.45, -83.5181005464 37.9153590332 16.46, -83.5179250083 37.9153960895 16.47, -83.5177697072 37.9154519343 16.479, -83.5176317889 37.9155292615 16.489, -83.5175230876 37.9156151096 16.497, -83.5173208631 37.9158123657 16.514, -83.5172140251 37.9159053908 16.523, -83.5170993811 37.9159927736 16.532, -83.5169769818 37.9160728667 16.54, -83.5168515065 37.9161399893 16.549, -83.5166679288 37.9162249657 16.56, -83.5163168017 37.9163693985 16.582, -83.5161810875 37.9164195696 16.59, -83.5160396471 37.9164641377 16.598, -83.5159020055 37.9164977891 16.606, -83.5157528202 37.9165232542 16.614, -83.5156022585 37.9165368807 16.622, -83.5154509237 37.916541702 16.631, -83.5152873289 37.9165391469 16.64, -83.5145077921 37.9164935851 16.682, -83.5142866869 37.9164663122 16.694, -83.5140162001 37.9164207943 16.709, -83.5138246177 37.9163690824 16.72, -83.5136783622 37.9163091655 16.729, -83.5135252773 37.9162342838 16.739, -83.5133835739 37.916150003 16.749, -83.5128860322 37.9158271066 16.784, -83.5127531547 37.9157262348 16.794, -83.5126399567 37.9156282102 16.803, -83.5125553238 37.9155373207 16.81, -83.512486669 37.915434098 16.818, -83.5124374691 37.9153411339 16.825, -83.5124011116 37.9152363272 16.833, -83.5122863934 37.9148105401 16.863, -83.5122624549 37.9147422318 16.868, -83.5122204257 37.9146529754 16.874, -83.5121858301 37.9146045183 16.878, -83.5121146293 37.9145281684 16.885, -83.5120048355 37.9144552059 16.892, -83.5118763072 37.9144055134 16.9, -83.5117097828 37.9143853162 16.909, -83.5115459422 37.9143909933 16.918, -83.5113525731 37.914421382 16.929, -83.5111669974 37.914469226 16.939, -83.5109759067 37.9145274036 16.951, -83.5094429905 37.9150391601 17.041, -83.5092481794 37.9151170439 17.053, -83.5090841027 37.9151990828 17.063, -83.5088824496 37.9153081528 17.077, -83.5086883415 37.9154313767 17.09, -83.5085053623 37.9155649764 17.104, -83.5083363413 37.9157070821 17.117, -83.5081852406 37.9158528259 17.13, -83.5079220083 37.9161513732 17.154, -83.5077952276 37.9162841185 17.165, -83.5076514213 37.9163951116 17.176, -83.5074900206 37.9164802214 17.187, -83.5073138071 37.9165392263 17.197, -83.5072175219 37.916558271 17.203, -83.5070996201 37.9165697614 17.209, -83.5069919852 37.9165743046 17.215, -83.5068290654 37.9165723003 17.224, -83.5059275717 37.9165119975 17.273, -83.5057772914 37.916493475 17.281, -83.5056269481 37.916465611 17.29, -83.5055269144 37.9164367833 17.295, -83.5054270812 37.9164013654 17.301, -83.5053347754 37.9163578495 17.307, -83.5052450968 37.9163077907 17.313, -83.5050945074 37.9161966837 17.324, -83.5049609037 37.9160515602 17.337, -83.5048518507 37.9158972908 17.349, -83.5047108487 37.915664668 17.367, -83.5044910971 37.9153533488 17.391, -83.5043194052 37.9151379963 17.409, -83.5041955417 37.91501476 17.419, -83.5040137399 37.9148582777 17.434, -83.5038613567 37.9147493322 17.445, -83.5036715954 37.9146380258 17.458, -83.5034519601 37.9145398844 17.472, -83.5032281423 37.9144652881 17.485, -83.5030055652 37.9144069229 17.498, -83.502777026 37.9143621792 17.511, -83.5024158861 37.9143220481 17.531, -83.5016484686 37.9142780051 17.573, -83.5014874086 37.9142606449 17.581, -83.5012939773 37.914224536 17.592, -83.5011137119 37.9141774137 17.603, -83.5005351621 37.9139548356 17.638, -83.5003345642 37.9138922155 17.649, -83.5000459669 37.9138270892 17.666, -83.49955784 37.9137554024 17.693, -83.4993958795 37.9137220892 17.702, -83.4992478451 37.913675581 17.711, -83.4991346081 37.9136250669 17.718, -83.499021597 37.9135671398 17.725, -83.4989132925 37.9135027102 17.732, -83.4971914997 37.9123363162 17.856, -83.4970619619 37.9122291722 17.866, -83.4969351508 37.9121121901 17.877, -83.4967337434 37.9118943353 17.895, -83.4966287006 37.9117571658 17.906, -83.4945239528 37.9083255256 18.169, -83.4944280248 37.9081399048 18.183, -83.4942991271 37.9079552999 18.197, -83.4941556699 37.9078047552 18.21, -83.4938983663 37.9075899447 18.231, -83.4936718062 37.9074130832 18.248, -83.4934347355 37.9071829991 18.269, -83.4926540924 37.9063142247 18.342, -83.4925705772 37.9062219682 18.35, -83.4924474548 37.9061209855 18.36, -83.4923031991 37.9060308604 18.37, -83.4921441664 37.9059591328 18.38, -83.4919284533 37.9059041744 18.392, -83.4917441468 37.9058880029 18.402, -83.4915659209 37.9058884309 18.412, -83.4913819081 37.905896715 18.422, -83.4885512197 37.9061036412 18.579, -83.4883717105 37.9061120062 18.589, -83.4882382015 37.9061127389 18.596, -83.4880629494 37.9061066256 18.606, -83.48791654 37.9060870556 18.614, -83.4877918134 37.9060500452 18.621, -83.4876902006 37.9060055126 18.628, -83.4876224378 37.9059652009 18.632, -83.4875379186 37.9058946233 18.639, -83.4874588555 37.9058043719 18.647, -83.4874086952 37.9057100052 18.654, -83.4873762483 37.9056033418 18.661, -83.487366789 37.9054479454 18.672, -83.4873809022 37.9053039915 18.682, -83.4874050403 37.905161054 18.692, -83.4875449263 37.9045327211 18.736, -83.4875827154 37.904362849 18.748, -83.4876138934 37.9041824105 18.761, -83.4876269718 37.9040609635 18.77, -83.4876265879 37.9039488721 18.777, -83.4876070064 37.9038070178 18.787, -83.4875841055 37.9037282834 18.793, -83.4875001802 37.903559095 18.806, -83.4874077046 37.9034086972 18.817, -83.4871400929 37.9030447765 18.846, -83.4857072574 37.9010958041 19.003)"
"District 10","Menifee","10-08805.00","US","460","US-460","MAJOR WIDENING(O)","13.965","19.003","WIDEN EXISTING ROADWAY AND IMPROVE VERTICAL AND HORIZONTAL CURVES. NEW CONSTRUCTION. COMPLETES US 460 UPGRADES IN MENIFEE COUNTY FROM MP 14.35 TO 19.39 AND IN MORGAN COUNTY FROM MP 0 TO MP 0.8. (14CCN)(16CCR)  (2024CCN)","","2014","2026","R","SPP","9200000","2030","","","","083-US-0460-000","LINESTRING Z (-83.5611165736 37.9148411349 13.965, -83.5610427315 37.9148395099 13.969, -83.5567398174 37.9147479195 14.203, -83.5558713308 37.9147202044 14.25, -83.5551917857 37.9146938072 14.288, -83.5544135077 37.9146526534 14.333, -83.5538549994 37.9146139455 14.364, -83.5529547146 37.9145361683 14.416, -83.5521637036 37.9144568529 14.461, -83.5514898317 37.9143797185 14.499, -83.5508266278 37.9142937138 14.537, -83.5498891695 37.9141602777 14.591, -83.5491160276 37.914040068 14.619, -83.5483878144 37.9139132762 14.646, -83.5467058417 37.9136071117 14.743, -83.5462295436 37.9135328187 14.77, -83.5458195866 37.9134897094 14.793, -83.5454985671 37.9134757342 14.811, -83.5452829448 37.9134738953 14.824, -83.5450685132 37.9134786719 14.836, -83.5448546017 37.9134892262 14.848, -83.5445343677 37.9135186679 14.866, -83.5444271382 37.9135331425 14.872, -83.5442150457 37.913564058 14.884, -83.5439004787 37.9136243712 14.902, -83.5435911043 37.913696594 14.92, -83.5433092554 37.9137759237 14.937, -83.543181864 37.913815293 14.945, -83.5428857364 37.9139199028 14.963, -83.542693414 37.9139970631 14.975, -83.5424136431 37.9141228563 14.993, -83.5421386853 37.914261651 15.012, -83.5418690503 37.9144079613 15.03, -83.5403546142 37.9152487425 15.135, -83.5400531307 37.9154046161 15.155, -83.5397835656 37.9155251005 15.173, -83.5395007022 37.915626379 15.19, -83.5392088172 37.9157046872 15.207, -83.5389064821 37.9157613709 15.225, -83.5386739582 37.9157910692 15.238, -83.5386015682 37.9157998748 15.242, -83.5382941609 37.9158174528 15.259, -83.537985364 37.9158119282 15.276, -83.537676268 37.9157932108 15.293, -83.5373725073 37.9157468478 15.309, -83.5370785631 37.9156737459 15.326, -83.5367970035 37.9155808218 15.343, -83.5365237854 37.9154756929 15.359, -83.5360414004 37.9152803714 15.389, -83.5332828664 37.9141845802 15.557, -83.5330178115 37.9140966281 15.573, -83.5327595329 37.9140370986 15.588, -83.5324911486 37.9140023762 15.603, -83.5321360607 37.9139797567 15.622, -83.5314245313 37.9139449271 15.661, -83.5310638159 37.9139134077 15.681, -83.5307978257 37.9138682888 15.695, -83.5304722111 37.9137879797 15.714, -83.5303394963 37.9137503157 15.721, -83.5299268963 37.9136337531 15.745, -83.5281826448 37.9131063785 15.849, -83.5277255202 37.9129716603 15.876, -83.5274895949 37.9129185848 15.889, -83.5272243112 37.9128731952 15.904, -83.5269442502 37.9128464813 15.919, -83.5249370282 37.9127742363 16.028, -83.524298388 37.9127605208 16.063, -83.5239391885 37.9127710384 16.082, -83.5236706438 37.9127994773 16.097, -83.5234716812 37.9128317035 16.108, -83.5232782117 37.9128772189 16.119, -83.523050846 37.9129429711 16.132, -83.5220024196 37.9132720262 16.194, -83.5217155722 37.9133784072 16.211, -83.5216599897 37.9134048267 16.214, -83.5215231445 37.9134698166 16.223, -83.5213639689 37.9135624039 16.233, -83.5212177876 37.9136610069 16.244, -83.5210577585 37.9137818736 16.256, -83.5198927377 37.9148141638 16.351, -83.519651469 37.9150071137 16.369, -83.5194988046 37.9151135583 16.381, -83.5193345653 37.9152013774 16.391, -83.5191633142 37.9152687351 16.402, -83.5189856204 37.9153197617 16.412, -83.5188960239 37.9153356457 16.417, -83.5188040599 37.9153495624 16.422, -83.518618591 37.9153595095 16.432, -83.518454098 37.9153522721 16.441, -83.5182818158 37.9153503812 16.45, -83.5181005464 37.9153590332 16.46, -83.5179250083 37.9153960895 16.47, -83.5177697072 37.9154519343 16.479, -83.5176317889 37.9155292615 16.489, -83.5175230876 37.9156151096 16.497, -83.5173208631 37.9158123657 16.514, -83.5172140251 37.9159053908 16.523, -83.5170993811 37.9159927736 16.532, -83.5169769818 37.9160728667 16.54, -83.5168515065 37.9161399893 16.549, -83.5166679288 37.9162249657 16.56, -83.5163168017 37.9163693985 16.582, -83.5161810875 37.9164195696 16.59, -83.5160396471 37.9164641377 16.598, -83.5159020055 37.9164977891 16.606, -83.5157528202 37.9165232542 16.614, -83.5156022585 37.9165368807 16.622, -83.5154509237 37.916541702 16.631, -83.5152873289 37.9165391469 16.64, -83.5145077921 37.9164935851 16.682, -83.5142866869 37.9164663122 16.694, -83.5140162001 37.9164207943 16.709, -83.5138246177 37.9163690824 16.72, -83.5136783622 37.9163091655 16.729, -83.5135252773 37.9162342838 16.739, -83.5133835739 37.916150003 16.749, -83.5128860322 37.9158271066 16.784, -83.5127531547 37.9157262348 16.794, -83.5126399567 37.9156282102 16.803, -83.5125553238 37.9155373207 16.81, -83.512486669 37.915434098 16.818, -83.5124374691 37.9153411339 16.825, -83.5124011116 37.9152363272 16.833, -83.5122863934 37.9148105401 16.863, -83.5122624549 37.9147422318 16.868, -83.5122204257 37.9146529754 16.874, -83.5121858301 37.9146045183 16.878, -83.5121146293 37.9145281684 16.885, -83.5120048355 37.9144552059 16.892, -83.5118763072 37.9144055134 16.9, -83.5117097828 37.9143853162 16.909, -83.5115459422 37.9143909933 16.918, -83.5113525731 37.914421382 16.929, -83.5111669974 37.914469226 16.939, -83.5109759067 37.9145274036 16.951, -83.5094429905 37.9150391601 17.041, -83.5092481794 37.9151170439 17.053, -83.5090841027 37.9151990828 17.063, -83.5088824496 37.9153081528 17.077, -83.5086883415 37.9154313767 17.09, -83.5085053623 37.9155649764 17.104, -83.5083363413 37.9157070821 17.117, -83.5081852406 37.9158528259 17.13, -83.5079220083 37.9161513732 17.154, -83.5077952276 37.9162841185 17.165, -83.5076514213 37.9163951116 17.176, -83.5074900206 37.9164802214 17.187, -83.5073138071 37.9165392263 17.197, -83.5072175219 37.916558271 17.203, -83.5070996201 37.9165697614 17.209, -83.5069919852 37.9165743046 17.215, -83.5068290654 37.9165723003 17.224, -83.5059275717 37.9165119975 17.273, -83.5057772914 37.916493475 17.281, -83.5056269481 37.916465611 17.29, -83.5055269144 37.9164367833 17.295, -83.5054270812 37.9164013654 17.301, -83.5053347754 37.9163578495 17.307, -83.5052450968 37.9163077907 17.313, -83.5050945074 37.9161966837 17.324, -83.5049609037 37.9160515602 17.337, -83.5048518507 37.9158972908 17.349, -83.5047108487 37.915664668 17.367, -83.5044910971 37.9153533488 17.391, -83.5043194052 37.9151379963 17.409, -83.5041955417 37.91501476 17.419, -83.5040137399 37.9148582777 17.434, -83.5038613567 37.9147493322 17.445, -83.5036715954 37.9146380258 17.458, -83.5034519601 37.9145398844 17.472, -83.5032281423 37.9144652881 17.485, -83.5030055652 37.9144069229 17.498, -83.502777026 37.9143621792 17.511, -83.5024158861 37.9143220481 17.531, -83.5016484686 37.9142780051 17.573, -83.5014874086 37.9142606449 17.581, -83.5012939773 37.914224536 17.592, -83.5011137119 37.9141774137 17.603, -83.5005351621 37.9139548356 17.638, -83.5003345642 37.9138922155 17.649, -83.5000459669 37.9138270892 17.666, -83.49955784 37.9137554024 17.693, -83.4993958795 37.9137220892 17.702, -83.4992478451 37.913675581 17.711, -83.4991346081 37.9136250669 17.718, -83.499021597 37.9135671398 17.725, -83.4989132925 37.9135027102 17.732, -83.4971914997 37.9123363162 17.856, -83.4970619619 37.9122291722 17.866, -83.4969351508 37.9121121901 17.877, -83.4967337434 37.9118943353 17.895, -83.4966287006 37.9117571658 17.906, -83.4945239528 37.9083255256 18.169, -83.4944280248 37.9081399048 18.183, -83.4942991271 37.9079552999 18.197, -83.4941556699 37.9078047552 18.21, -83.4938983663 37.9075899447 18.231, -83.4936718062 37.9074130832 18.248, -83.4934347355 37.9071829991 18.269, -83.4926540924 37.9063142247 18.342, -83.4925705772 37.9062219682 18.35, -83.4924474548 37.9061209855 18.36, -83.4923031991 37.9060308604 18.37, -83.4921441664 37.9059591328 18.38, -83.4919284533 37.9059041744 18.392, -83.4917441468 37.9058880029 18.402, -83.4915659209 37.9058884309 18.412, -83.4913819081 37.905896715 18.422, -83.4885512197 37.9061036412 18.579, -83.4883717105 37.9061120062 18.589, -83.4882382015 37.9061127389 18.596, -83.4880629494 37.9061066256 18.606, -83.48791654 37.9060870556 18.614, -83.4877918134 37.9060500452 18.621, -83.4876902006 37.9060055126 18.628, -83.4876224378 37.9059652009 18.632, -83.4875379186 37.9058946233 18.639, -83.4874588555 37.9058043719 18.647, -83.4874086952 37.9057100052 18.654, -83.4873762483 37.9056033418 18.661, -83.487366789 37.9054479454 18.672, -83.4873809022 37.9053039915 18.682, -83.4874050403 37.905161054 18.692, -83.4875449263 37.9045327211 18.736, -83.4875827154 37.904362849 18.748, -83.4876138934 37.9041824105 18.761, -83.4876269718 37.9040609635 18.77, -83.4876265879 37.9039488721 18.777, -83.4876070064 37.9038070178 18.787, -83.4875841055 37.9037282834 18.793, -83.4875001802 37.903559095 18.806, -83.4874077046 37.9034086972 18.817, -83.4871400929 37.9030447765 18.846, -83.4857072574 37.9010958041 19.003)"
"District 10","Menifee","10-10054.00","KY","713","KY-713","AM-BRIDGE (P)","12.746","12.754","BRIDGE PROJECT IN MENIFEE COUNTY ON (083B00024N) KY-713 AT BEAVER CR @MENIFEE HISCH","083B00024N","2022","2026","C","FBP2","1289656","2032","","","","083-KY-0713-000","LINESTRING Z (-83.6465103615 37.9520011961 12.746, -83.6464391693 37.952098818 12.754)"
"District 10","Menifee","10-10054.00","KY","713","KY-713","AM-BRIDGE (P)","12.746","12.754","BRIDGE PROJECT IN MENIFEE COUNTY ON (083B00024N) KY-713 AT BEAVER CR @MENIFEE HISCH","083B00024N","2022","2026","D","FBP2","193448","2032","","","","083-KY-0713-000","LINESTRING Z (-83.6465103615 37.9520011961 12.746, -83.6464391693 37.952098818 12.754)"
"District 10","Menifee","10-80200.00","US","460","US-460","RECONSTRUCTION(O)","15.233","19.003","IMPROVE SAFETY, CORRECT GEOMETRICS, AND ENHANCE REGIONAL CONNECTIVITY ON US 460 FROM THE INTERSECTION OF KY 1240 TO 0.7 MILES EAST OF THE MORGAN COUNTY LINE (2022CCN) (2024CCR)","","2022","2026","U","SPP","3600000","2030","","","","083-US-0460-000","LINESTRING Z (-83.5387633905 37.9157796468 15.233, -83.5386739582 37.9157910692 15.238, -83.5386015682 37.9157998748 15.242, -83.5382941609 37.9158174528 15.259, -83.537985364 37.9158119282 15.276, -83.537676268 37.9157932108 15.293, -83.5373725073 37.9157468478 15.309, -83.5370785631 37.9156737459 15.326, -83.5367970035 37.9155808218 15.343, -83.5365237854 37.9154756929 15.359, -83.5360414004 37.9152803714 15.389, -83.5332828664 37.9141845802 15.557, -83.5330178115 37.9140966281 15.573, -83.5327595329 37.9140370986 15.588, -83.5324911486 37.9140023762 15.603, -83.5321360607 37.9139797567 15.622, -83.5314245313 37.9139449271 15.661, -83.5310638159 37.9139134077 15.681, -83.5307978257 37.9138682888 15.695, -83.5304722111 37.9137879797 15.714, -83.5303394963 37.9137503157 15.721, -83.5299268963 37.9136337531 15.745, -83.5281826448 37.9131063785 15.849, -83.5277255202 37.9129716603 15.876, -83.5274895949 37.9129185848 15.889, -83.5272243112 37.9128731952 15.904, -83.5269442502 37.9128464813 15.919, -83.5249370282 37.9127742363 16.028, -83.524298388 37.9127605208 16.063, -83.5239391885 37.9127710384 16.082, -83.5236706438 37.9127994773 16.097, -83.5234716812 37.9128317035 16.108, -83.5232782117 37.9128772189 16.119, -83.523050846 37.9129429711 16.132, -83.5220024196 37.9132720262 16.194, -83.5217155722 37.9133784072 16.211, -83.5216599897 37.9134048267 16.214, -83.5215231445 37.9134698166 16.223, -83.5213639689 37.9135624039 16.233, -83.5212177876 37.9136610069 16.244, -83.5210577585 37.9137818736 16.256, -83.5198927377 37.9148141638 16.351, -83.519651469 37.9150071137 16.369, -83.5194988046 37.9151135583 16.381, -83.5193345653 37.9152013774 16.391, -83.5191633142 37.9152687351 16.402, -83.5189856204 37.9153197617 16.412, -83.5188960239 37.9153356457 16.417, -83.5188040599 37.9153495624 16.422, -83.518618591 37.9153595095 16.432, -83.518454098 37.9153522721 16.441, -83.5182818158 37.9153503812 16.45, -83.5181005464 37.9153590332 16.46, -83.5179250083 37.9153960895 16.47, -83.5177697072 37.9154519343 16.479, -83.5176317889 37.9155292615 16.489, -83.5175230876 37.9156151096 16.497, -83.5173208631 37.9158123657 16.514, -83.5172140251 37.9159053908 16.523, -83.5170993811 37.9159927736 16.532, -83.5169769818 37.9160728667 16.54, -83.5168515065 37.9161399893 16.549, -83.5166679288 37.9162249657 16.56, -83.5163168017 37.9163693985 16.582, -83.5161810875 37.9164195696 16.59, -83.5160396471 37.9164641377 16.598, -83.5159020055 37.9164977891 16.606, -83.5157528202 37.9165232542 16.614, -83.5156022585 37.9165368807 16.622, -83.5154509237 37.916541702 16.631, -83.5152873289 37.9165391469 16.64, -83.5145077921 37.9164935851 16.682, -83.5142866869 37.9164663122 16.694, -83.5140162001 37.9164207943 16.709, -83.5138246177 37.9163690824 16.72, -83.5136783622 37.9163091655 16.729, -83.5135252773 37.9162342838 16.739, -83.5133835739 37.916150003 16.749, -83.5128860322 37.9158271066 16.784, -83.5127531547 37.9157262348 16.794, -83.5126399567 37.9156282102 16.803, -83.5125553238 37.9155373207 16.81, -83.512486669 37.915434098 16.818, -83.5124374691 37.9153411339 16.825, -83.5124011116 37.9152363272 16.833, -83.5122863934 37.9148105401 16.863, -83.5122624549 37.9147422318 16.868, -83.5122204257 37.9146529754 16.874, -83.5121858301 37.9146045183 16.878, -83.5121146293 37.9145281684 16.885, -83.5120048355 37.9144552059 16.892, -83.5118763072 37.9144055134 16.9, -83.5117097828 37.9143853162 16.909, -83.5115459422 37.9143909933 16.918, -83.5113525731 37.914421382 16.929, -83.5111669974 37.914469226 16.939, -83.5109759067 37.9145274036 16.951, -83.5094429905 37.9150391601 17.041, -83.5092481794 37.9151170439 17.053, -83.5090841027 37.9151990828 17.063, -83.5088824496 37.9153081528 17.077, -83.5086883415 37.9154313767 17.09, -83.5085053623 37.9155649764 17.104, -83.5083363413 37.9157070821 17.117, -83.5081852406 37.9158528259 17.13, -83.5079220083 37.9161513732 17.154, -83.5077952276 37.9162841185 17.165, -83.5076514213 37.9163951116 17.176, -83.5074900206 37.9164802214 17.187, -83.5073138071 37.9165392263 17.197, -83.5072175219 37.916558271 17.203, -83.5070996201 37.9165697614 17.209, -83.5069919852 37.9165743046 17.215, -83.5068290654 37.9165723003 17.224, -83.5059275717 37.9165119975 17.273, -83.5057772914 37.916493475 17.281, -83.5056269481 37.916465611 17.29, -83.5055269144 37.9164367833 17.295, -83.5054270812 37.9164013654 17.301, -83.5053347754 37.9163578495 17.307, -83.5052450968 37.9163077907 17.313, -83.5050945074 37.9161966837 17.324, -83.5049609037 37.9160515602 17.337, -83.5048518507 37.9158972908 17.349, -83.5047108487 37.915664668 17.367, -83.5044910971 37.9153533488 17.391, -83.5043194052 37.9151379963 17.409, -83.5041955417 37.91501476 17.419, -83.5040137399 37.9148582777 17.434, -83.5038613567 37.9147493322 17.445, -83.5036715954 37.9146380258 17.458, -83.5034519601 37.9145398844 17.472, -83.5032281423 37.9144652881 17.485, -83.5030055652 37.9144069229 17.498, -83.502777026 37.9143621792 17.511, -83.5024158861 37.9143220481 17.531, -83.5016484686 37.9142780051 17.573, -83.5014874086 37.9142606449 17.581, -83.5012939773 37.914224536 17.592, -83.5011137119 37.9141774137 17.603, -83.5005351621 37.9139548356 17.638, -83.5003345642 37.9138922155 17.649, -83.5000459669 37.9138270892 17.666, -83.49955784 37.9137554024 17.693, -83.4993958795 37.9137220892 17.702, -83.4992478451 37.913675581 17.711, -83.4991346081 37.9136250669 17.718, -83.499021597 37.9135671398 17.725, -83.4989132925 37.9135027102 17.732, -83.4971914997 37.9123363162 17.856, -83.4970619619 37.9122291722 17.866, -83.4969351508 37.9121121901 17.877, -83.4967337434 37.9118943353 17.895, -83.4966287006 37.9117571658 17.906, -83.4945239528 37.9083255256 18.169, -83.4944280248 37.9081399048 18.183, -83.4942991271 37.9079552999 18.197, -83.4941556699 37.9078047552 18.21, -83.4938983663 37.9075899447 18.231, -83.4936718062 37.9074130832 18.248, -83.4934347355 37.9071829991 18.269, -83.4926540924 37.9063142247 18.342, -83.4925705772 37.9062219682 18.35, -83.4924474548 37.9061209855 18.36, -83.4923031991 37.9060308604 18.37, -83.4921441664 37.9059591328 18.38, -83.4919284533 37.9059041744 18.392, -83.4917441468 37.9058880029 18.402, -83.4915659209 37.9058884309 18.412, -83.4913819081 37.905896715 18.422, -83.4885512197 37.9061036412 18.579, -83.4883717105 37.9061120062 18.589, -83.4882382015 37.9061127389 18.596, -83.4880629494 37.9061066256 18.606, -83.48791654 37.9060870556 18.614, -83.4877918134 37.9060500452 18.621, -83.4876902006 37.9060055126 18.628, -83.4876224378 37.9059652009 18.632, -83.4875379186 37.9058946233 18.639, -83.4874588555 37.9058043719 18.647, -83.4874086952 37.9057100052 18.654, -83.4873762483 37.9056033418 18.661, -83.487366789 37.9054479454 18.672, -83.4873809022 37.9053039915 18.682, -83.4874050403 37.905161054 18.692, -83.4875449263 37.9045327211 18.736, -83.4875827154 37.904362849 18.748, -83.4876138934 37.9041824105 18.761, -83.4876269718 37.9040609635 18.77, -83.4876265879 37.9039488721 18.777, -83.4876070064 37.9038070178 18.787, -83.4875841055 37.9037282834 18.793, -83.4875001802 37.903559095 18.806, -83.4874077046 37.9034086972 18.817, -83.4871400929 37.9030447765 18.846, -83.4857072574 37.9010958041 19.003)"
"District 10","Menifee","10-80200.00","US","460","US-460","RECONSTRUCTION(O)","15.233","19.003","IMPROVE SAFETY, CORRECT GEOMETRICS, AND ENHANCE REGIONAL CONNECTIVITY ON US 460 FROM THE INTERSECTION OF KY 1240 TO 0.7 MILES EAST OF THE MORGAN COUNTY LINE (2022CCN) (2024CCR)","","2022","2026","C","SPP","37120000","2031","","","","083-US-0460-000","LINESTRING Z (-83.5387633905 37.9157796468 15.233, -83.5386739582 37.9157910692 15.238, -83.5386015682 37.9157998748 15.242, -83.5382941609 37.9158174528 15.259, -83.537985364 37.9158119282 15.276, -83.537676268 37.9157932108 15.293, -83.5373725073 37.9157468478 15.309, -83.5370785631 37.9156737459 15.326, -83.5367970035 37.9155808218 15.343, -83.5365237854 37.9154756929 15.359, -83.5360414004 37.9152803714 15.389, -83.5332828664 37.9141845802 15.557, -83.5330178115 37.9140966281 15.573, -83.5327595329 37.9140370986 15.588, -83.5324911486 37.9140023762 15.603, -83.5321360607 37.9139797567 15.622, -83.5314245313 37.9139449271 15.661, -83.5310638159 37.9139134077 15.681, -83.5307978257 37.9138682888 15.695, -83.5304722111 37.9137879797 15.714, -83.5303394963 37.9137503157 15.721, -83.5299268963 37.9136337531 15.745, -83.5281826448 37.9131063785 15.849, -83.5277255202 37.9129716603 15.876, -83.5274895949 37.9129185848 15.889, -83.5272243112 37.9128731952 15.904, -83.5269442502 37.9128464813 15.919, -83.5249370282 37.9127742363 16.028, -83.524298388 37.9127605208 16.063, -83.5239391885 37.9127710384 16.082, -83.5236706438 37.9127994773 16.097, -83.5234716812 37.9128317035 16.108, -83.5232782117 37.9128772189 16.119, -83.523050846 37.9129429711 16.132, -83.5220024196 37.9132720262 16.194, -83.5217155722 37.9133784072 16.211, -83.5216599897 37.9134048267 16.214, -83.5215231445 37.9134698166 16.223, -83.5213639689 37.9135624039 16.233, -83.5212177876 37.9136610069 16.244, -83.5210577585 37.9137818736 16.256, -83.5198927377 37.9148141638 16.351, -83.519651469 37.9150071137 16.369, -83.5194988046 37.9151135583 16.381, -83.5193345653 37.9152013774 16.391, -83.5191633142 37.9152687351 16.402, -83.5189856204 37.9153197617 16.412, -83.5188960239 37.9153356457 16.417, -83.5188040599 37.9153495624 16.422, -83.518618591 37.9153595095 16.432, -83.518454098 37.9153522721 16.441, -83.5182818158 37.9153503812 16.45, -83.5181005464 37.9153590332 16.46, -83.5179250083 37.9153960895 16.47, -83.5177697072 37.9154519343 16.479, -83.5176317889 37.9155292615 16.489, -83.5175230876 37.9156151096 16.497, -83.5173208631 37.9158123657 16.514, -83.5172140251 37.9159053908 16.523, -83.5170993811 37.9159927736 16.532, -83.5169769818 37.9160728667 16.54, -83.5168515065 37.9161399893 16.549, -83.5166679288 37.9162249657 16.56, -83.5163168017 37.9163693985 16.582, -83.5161810875 37.9164195696 16.59, -83.5160396471 37.9164641377 16.598, -83.5159020055 37.9164977891 16.606, -83.5157528202 37.9165232542 16.614, -83.5156022585 37.9165368807 16.622, -83.5154509237 37.916541702 16.631, -83.5152873289 37.9165391469 16.64, -83.5145077921 37.9164935851 16.682, -83.5142866869 37.9164663122 16.694, -83.5140162001 37.9164207943 16.709, -83.5138246177 37.9163690824 16.72, -83.5136783622 37.9163091655 16.729, -83.5135252773 37.9162342838 16.739, -83.5133835739 37.916150003 16.749, -83.5128860322 37.9158271066 16.784, -83.5127531547 37.9157262348 16.794, -83.5126399567 37.9156282102 16.803, -83.5125553238 37.9155373207 16.81, -83.512486669 37.915434098 16.818, -83.5124374691 37.9153411339 16.825, -83.5124011116 37.9152363272 16.833, -83.5122863934 37.9148105401 16.863, -83.5122624549 37.9147422318 16.868, -83.5122204257 37.9146529754 16.874, -83.5121858301 37.9146045183 16.878, -83.5121146293 37.9145281684 16.885, -83.5120048355 37.9144552059 16.892, -83.5118763072 37.9144055134 16.9, -83.5117097828 37.9143853162 16.909, -83.5115459422 37.9143909933 16.918, -83.5113525731 37.914421382 16.929, -83.5111669974 37.914469226 16.939, -83.5109759067 37.9145274036 16.951, -83.5094429905 37.9150391601 17.041, -83.5092481794 37.9151170439 17.053, -83.5090841027 37.9151990828 17.063, -83.5088824496 37.9153081528 17.077, -83.5086883415 37.9154313767 17.09, -83.5085053623 37.9155649764 17.104, -83.5083363413 37.9157070821 17.117, -83.5081852406 37.9158528259 17.13, -83.5079220083 37.9161513732 17.154, -83.5077952276 37.9162841185 17.165, -83.5076514213 37.9163951116 17.176, -83.5074900206 37.9164802214 17.187, -83.5073138071 37.9165392263 17.197, -83.5072175219 37.916558271 17.203, -83.5070996201 37.9165697614 17.209, -83.5069919852 37.9165743046 17.215, -83.5068290654 37.9165723003 17.224, -83.5059275717 37.9165119975 17.273, -83.5057772914 37.916493475 17.281, -83.5056269481 37.916465611 17.29, -83.5055269144 37.9164367833 17.295, -83.5054270812 37.9164013654 17.301, -83.5053347754 37.9163578495 17.307, -83.5052450968 37.9163077907 17.313, -83.5050945074 37.9161966837 17.324, -83.5049609037 37.9160515602 17.337, -83.5048518507 37.9158972908 17.349, -83.5047108487 37.915664668 17.367, -83.5044910971 37.9153533488 17.391, -83.5043194052 37.9151379963 17.409, -83.5041955417 37.91501476 17.419, -83.5040137399 37.9148582777 17.434, -83.5038613567 37.9147493322 17.445, -83.5036715954 37.9146380258 17.458, -83.5034519601 37.9145398844 17.472, -83.5032281423 37.9144652881 17.485, -83.5030055652 37.9144069229 17.498, -83.502777026 37.9143621792 17.511, -83.5024158861 37.9143220481 17.531, -83.5016484686 37.9142780051 17.573, -83.5014874086 37.9142606449 17.581, -83.5012939773 37.914224536 17.592, -83.5011137119 37.9141774137 17.603, -83.5005351621 37.9139548356 17.638, -83.5003345642 37.9138922155 17.649, -83.5000459669 37.9138270892 17.666, -83.49955784 37.9137554024 17.693, -83.4993958795 37.9137220892 17.702, -83.4992478451 37.913675581 17.711, -83.4991346081 37.9136250669 17.718, -83.499021597 37.9135671398 17.725, -83.4989132925 37.9135027102 17.732, -83.4971914997 37.9123363162 17.856, -83.4970619619 37.9122291722 17.866, -83.4969351508 37.9121121901 17.877, -83.4967337434 37.9118943353 17.895, -83.4966287006 37.9117571658 17.906, -83.4945239528 37.9083255256 18.169, -83.4944280248 37.9081399048 18.183, -83.4942991271 37.9079552999 18.197, -83.4941556699 37.9078047552 18.21, -83.4938983663 37.9075899447 18.231, -83.4936718062 37.9074130832 18.248, -83.4934347355 37.9071829991 18.269, -83.4926540924 37.9063142247 18.342, -83.4925705772 37.9062219682 18.35, -83.4924474548 37.9061209855 18.36, -83.4923031991 37.9060308604 18.37, -83.4921441664 37.9059591328 18.38, -83.4919284533 37.9059041744 18.392, -83.4917441468 37.9058880029 18.402, -83.4915659209 37.9058884309 18.412, -83.4913819081 37.905896715 18.422, -83.4885512197 37.9061036412 18.579, -83.4883717105 37.9061120062 18.589, -83.4882382015 37.9061127389 18.596, -83.4880629494 37.9061066256 18.606, -83.48791654 37.9060870556 18.614, -83.4877918134 37.9060500452 18.621, -83.4876902006 37.9060055126 18.628, -83.4876224378 37.9059652009 18.632, -83.4875379186 37.9058946233 18.639, -83.4874588555 37.9058043719 18.647, -83.4874086952 37.9057100052 18.654, -83.4873762483 37.9056033418 18.661, -83.487366789 37.9054479454 18.672, -83.4873809022 37.9053039915 18.682, -83.4874050403 37.905161054 18.692, -83.4875449263 37.9045327211 18.736, -83.4875827154 37.904362849 18.748, -83.4876138934 37.9041824105 18.761, -83.4876269718 37.9040609635 18.77, -83.4876265879 37.9039488721 18.777, -83.4876070064 37.9038070178 18.787, -83.4875841055 37.9037282834 18.793, -83.4875001802 37.903559095 18.806, -83.4874077046 37.9034086972 18.817, -83.4871400929 37.9030447765 18.846, -83.4857072574 37.9010958041 19.003)"
"District 10","Menifee","10-80200.00","US","460","US-460","RECONSTRUCTION(O)","15.233","19.003","IMPROVE SAFETY, CORRECT GEOMETRICS, AND ENHANCE REGIONAL CONNECTIVITY ON US 460 FROM THE INTERSECTION OF KY 1240 TO 0.7 MILES EAST OF THE MORGAN COUNTY LINE (2022CCN) (2024CCR)","","2022","2026","R","SPP","7500000","2029","","","","083-US-0460-000","LINESTRING Z (-83.5387633905 37.9157796468 15.233, -83.5386739582 37.9157910692 15.238, -83.5386015682 37.9157998748 15.242, -83.5382941609 37.9158174528 15.259, -83.537985364 37.9158119282 15.276, -83.537676268 37.9157932108 15.293, -83.5373725073 37.9157468478 15.309, -83.5370785631 37.9156737459 15.326, -83.5367970035 37.9155808218 15.343, -83.5365237854 37.9154756929 15.359, -83.5360414004 37.9152803714 15.389, -83.5332828664 37.9141845802 15.557, -83.5330178115 37.9140966281 15.573, -83.5327595329 37.9140370986 15.588, -83.5324911486 37.9140023762 15.603, -83.5321360607 37.9139797567 15.622, -83.5314245313 37.9139449271 15.661, -83.5310638159 37.9139134077 15.681, -83.5307978257 37.9138682888 15.695, -83.5304722111 37.9137879797 15.714, -83.5303394963 37.9137503157 15.721, -83.5299268963 37.9136337531 15.745, -83.5281826448 37.9131063785 15.849, -83.5277255202 37.9129716603 15.876, -83.5274895949 37.9129185848 15.889, -83.5272243112 37.9128731952 15.904, -83.5269442502 37.9128464813 15.919, -83.5249370282 37.9127742363 16.028, -83.524298388 37.9127605208 16.063, -83.5239391885 37.9127710384 16.082, -83.5236706438 37.9127994773 16.097, -83.5234716812 37.9128317035 16.108, -83.5232782117 37.9128772189 16.119, -83.523050846 37.9129429711 16.132, -83.5220024196 37.9132720262 16.194, -83.5217155722 37.9133784072 16.211, -83.5216599897 37.9134048267 16.214, -83.5215231445 37.9134698166 16.223, -83.5213639689 37.9135624039 16.233, -83.5212177876 37.9136610069 16.244, -83.5210577585 37.9137818736 16.256, -83.5198927377 37.9148141638 16.351, -83.519651469 37.9150071137 16.369, -83.5194988046 37.9151135583 16.381, -83.5193345653 37.9152013774 16.391, -83.5191633142 37.9152687351 16.402, -83.5189856204 37.9153197617 16.412, -83.5188960239 37.9153356457 16.417, -83.5188040599 37.9153495624 16.422, -83.518618591 37.9153595095 16.432, -83.518454098 37.9153522721 16.441, -83.5182818158 37.9153503812 16.45, -83.5181005464 37.9153590332 16.46, -83.5179250083 37.9153960895 16.47, -83.5177697072 37.9154519343 16.479, -83.5176317889 37.9155292615 16.489, -83.5175230876 37.9156151096 16.497, -83.5173208631 37.9158123657 16.514, -83.5172140251 37.9159053908 16.523, -83.5170993811 37.9159927736 16.532, -83.5169769818 37.9160728667 16.54, -83.5168515065 37.9161399893 16.549, -83.5166679288 37.9162249657 16.56, -83.5163168017 37.9163693985 16.582, -83.5161810875 37.9164195696 16.59, -83.5160396471 37.9164641377 16.598, -83.5159020055 37.9164977891 16.606, -83.5157528202 37.9165232542 16.614, -83.5156022585 37.9165368807 16.622, -83.5154509237 37.916541702 16.631, -83.5152873289 37.9165391469 16.64, -83.5145077921 37.9164935851 16.682, -83.5142866869 37.9164663122 16.694, -83.5140162001 37.9164207943 16.709, -83.5138246177 37.9163690824 16.72, -83.5136783622 37.9163091655 16.729, -83.5135252773 37.9162342838 16.739, -83.5133835739 37.916150003 16.749, -83.5128860322 37.9158271066 16.784, -83.5127531547 37.9157262348 16.794, -83.5126399567 37.9156282102 16.803, -83.5125553238 37.9155373207 16.81, -83.512486669 37.915434098 16.818, -83.5124374691 37.9153411339 16.825, -83.5124011116 37.9152363272 16.833, -83.5122863934 37.9148105401 16.863, -83.5122624549 37.9147422318 16.868, -83.5122204257 37.9146529754 16.874, -83.5121858301 37.9146045183 16.878, -83.5121146293 37.9145281684 16.885, -83.5120048355 37.9144552059 16.892, -83.5118763072 37.9144055134 16.9, -83.5117097828 37.9143853162 16.909, -83.5115459422 37.9143909933 16.918, -83.5113525731 37.914421382 16.929, -83.5111669974 37.914469226 16.939, -83.5109759067 37.9145274036 16.951, -83.5094429905 37.9150391601 17.041, -83.5092481794 37.9151170439 17.053, -83.5090841027 37.9151990828 17.063, -83.5088824496 37.9153081528 17.077, -83.5086883415 37.9154313767 17.09, -83.5085053623 37.9155649764 17.104, -83.5083363413 37.9157070821 17.117, -83.5081852406 37.9158528259 17.13, -83.5079220083 37.9161513732 17.154, -83.5077952276 37.9162841185 17.165, -83.5076514213 37.9163951116 17.176, -83.5074900206 37.9164802214 17.187, -83.5073138071 37.9165392263 17.197, -83.5072175219 37.916558271 17.203, -83.5070996201 37.9165697614 17.209, -83.5069919852 37.9165743046 17.215, -83.5068290654 37.9165723003 17.224, -83.5059275717 37.9165119975 17.273, -83.5057772914 37.916493475 17.281, -83.5056269481 37.916465611 17.29, -83.5055269144 37.9164367833 17.295, -83.5054270812 37.9164013654 17.301, -83.5053347754 37.9163578495 17.307, -83.5052450968 37.9163077907 17.313, -83.5050945074 37.9161966837 17.324, -83.5049609037 37.9160515602 17.337, -83.5048518507 37.9158972908 17.349, -83.5047108487 37.915664668 17.367, -83.5044910971 37.9153533488 17.391, -83.5043194052 37.9151379963 17.409, -83.5041955417 37.91501476 17.419, -83.5040137399 37.9148582777 17.434, -83.5038613567 37.9147493322 17.445, -83.5036715954 37.9146380258 17.458, -83.5034519601 37.9145398844 17.472, -83.5032281423 37.9144652881 17.485, -83.5030055652 37.9144069229 17.498, -83.502777026 37.9143621792 17.511, -83.5024158861 37.9143220481 17.531, -83.5016484686 37.9142780051 17.573, -83.5014874086 37.9142606449 17.581, -83.5012939773 37.914224536 17.592, -83.5011137119 37.9141774137 17.603, -83.5005351621 37.9139548356 17.638, -83.5003345642 37.9138922155 17.649, -83.5000459669 37.9138270892 17.666, -83.49955784 37.9137554024 17.693, -83.4993958795 37.9137220892 17.702, -83.4992478451 37.913675581 17.711, -83.4991346081 37.9136250669 17.718, -83.499021597 37.9135671398 17.725, -83.4989132925 37.9135027102 17.732, -83.4971914997 37.9123363162 17.856, -83.4970619619 37.9122291722 17.866, -83.4969351508 37.9121121901 17.877, -83.4967337434 37.9118943353 17.895, -83.4966287006 37.9117571658 17.906, -83.4945239528 37.9083255256 18.169, -83.4944280248 37.9081399048 18.183, -83.4942991271 37.9079552999 18.197, -83.4941556699 37.9078047552 18.21, -83.4938983663 37.9075899447 18.231, -83.4936718062 37.9074130832 18.248, -83.4934347355 37.9071829991 18.269, -83.4926540924 37.9063142247 18.342, -83.4925705772 37.9062219682 18.35, -83.4924474548 37.9061209855 18.36, -83.4923031991 37.9060308604 18.37, -83.4921441664 37.9059591328 18.38, -83.4919284533 37.9059041744 18.392, -83.4917441468 37.9058880029 18.402, -83.4915659209 37.9058884309 18.412, -83.4913819081 37.905896715 18.422, -83.4885512197 37.9061036412 18.579, -83.4883717105 37.9061120062 18.589, -83.4882382015 37.9061127389 18.596, -83.4880629494 37.9061066256 18.606, -83.48791654 37.9060870556 18.614, -83.4877918134 37.9060500452 18.621, -83.4876902006 37.9060055126 18.628, -83.4876224378 37.9059652009 18.632, -83.4875379186 37.9058946233 18.639, -83.4874588555 37.9058043719 18.647, -83.4874086952 37.9057100052 18.654, -83.4873762483 37.9056033418 18.661, -83.487366789 37.9054479454 18.672, -83.4873809022 37.9053039915 18.682, -83.4874050403 37.905161054 18.692, -83.4875449263 37.9045327211 18.736, -83.4875827154 37.904362849 18.748, -83.4876138934 37.9041824105 18.761, -83.4876269718 37.9040609635 18.77, -83.4876265879 37.9039488721 18.777, -83.4876070064 37.9038070178 18.787, -83.4875841055 37.9037282834 18.793, -83.4875001802 37.903559095 18.806, -83.4874077046 37.9034086972 18.817, -83.4871400929 37.9030447765 18.846, -83.4857072574 37.9010958041 19.003)"
"District 10","Menifee","10-80201.00","US","460","US-460","SAFETY(P)","3.3","4.8","Improve safety, correct geometrics, and enhance regional connectivity on US 460 from the bridge over Dog Trot Fork (MP 3.3) to Rothwell (MP 4.8). (2022CCN) (2024CCR)","","2022","2026","U","STPF","1985000","2027","","","","083-US-0460-000","LINESTRING Z (-83.7176416026 37.9573939405 3.3, -83.7173055196 37.9573751235 3.318, -83.7167392236 37.9573279955 3.349, -83.7138650281 37.9570187811 3.505, -83.713215083 37.956960576 3.54, -83.7129210222 37.9569428571 3.556, -83.7126895142 37.9569339108 3.569, -83.7124026582 37.9569316982 3.584, -83.7122182268 37.956939222 3.594, -83.7120647111 37.9569453579 3.602, -83.7118472657 37.9569674189 3.614, -83.7113325679 37.9570497154 3.643, -83.7110193354 37.9570855008 3.66, -83.7107603249 37.9570925566 3.675, -83.7105030195 37.9570881038 3.689, -83.7098764055 37.9570519852 3.723, -83.7096251008 37.9570437888 3.737, -83.709340475 37.9570487496 3.753, -83.7073305204 37.9571416611 3.864, -83.7069745252 37.9571805401 3.884, -83.7066139278 37.9572479075 3.904, -83.7026850254 37.9581925271 4.13, -83.7018353895 37.9583791165 4.179, -83.7014923291 37.9584517172 4.198, -83.7012025194 37.95850574 4.215, -83.7001388331 37.9586539844 4.274, -83.6980345317 37.9589936984 4.392, -83.6977510023 37.9590338123 4.408, -83.6974123029 37.9590740625 4.427, -83.6971287601 37.9591020871 4.443, -83.6953742023 37.9592530858 4.54, -83.6951580459 37.9592657986 4.552, -83.6950171379 37.9592674621 4.56, -83.6948493879 37.959261241 4.569, -83.694667808 37.959240768 4.579, -83.6944698974 37.9592087475 4.59, -83.6941852202 37.9591403265 4.607, -83.6939145839 37.9590661069 4.623, -83.6909298665 37.9581095806 4.8)"
"District 10","Menifee","10-80201.00","US","460","US-460","SAFETY(P)","3.3","4.8","Improve safety, correct geometrics, and enhance regional connectivity on US 460 from the bridge over Dog Trot Fork (MP 3.3) to Rothwell (MP 4.8). (2022CCN) (2024CCR)","","2022","2026","C","STPF","13220000","2029","","","","083-US-0460-000","LINESTRING Z (-83.7176416026 37.9573939405 3.3, -83.7173055196 37.9573751235 3.318, -83.7167392236 37.9573279955 3.349, -83.7138650281 37.9570187811 3.505, -83.713215083 37.956960576 3.54, -83.7129210222 37.9569428571 3.556, -83.7126895142 37.9569339108 3.569, -83.7124026582 37.9569316982 3.584, -83.7122182268 37.956939222 3.594, -83.7120647111 37.9569453579 3.602, -83.7118472657 37.9569674189 3.614, -83.7113325679 37.9570497154 3.643, -83.7110193354 37.9570855008 3.66, -83.7107603249 37.9570925566 3.675, -83.7105030195 37.9570881038 3.689, -83.7098764055 37.9570519852 3.723, -83.7096251008 37.9570437888 3.737, -83.709340475 37.9570487496 3.753, -83.7073305204 37.9571416611 3.864, -83.7069745252 37.9571805401 3.884, -83.7066139278 37.9572479075 3.904, -83.7026850254 37.9581925271 4.13, -83.7018353895 37.9583791165 4.179, -83.7014923291 37.9584517172 4.198, -83.7012025194 37.95850574 4.215, -83.7001388331 37.9586539844 4.274, -83.6980345317 37.9589936984 4.392, -83.6977510023 37.9590338123 4.408, -83.6974123029 37.9590740625 4.427, -83.6971287601 37.9591020871 4.443, -83.6953742023 37.9592530858 4.54, -83.6951580459 37.9592657986 4.552, -83.6950171379 37.9592674621 4.56, -83.6948493879 37.959261241 4.569, -83.694667808 37.959240768 4.579, -83.6944698974 37.9592087475 4.59, -83.6941852202 37.9591403265 4.607, -83.6939145839 37.9590661069 4.623, -83.6909298665 37.9581095806 4.8)"
"District 10","Menifee","10-80403.00","US","460","US-460","SAFETY(P)","1.298","3.25","Improve safety, correct geometrics, and enhance regional connectivity on US 460 from the intersection Becraft Rd. (MP 1.3) to bridge over Dog Trot Fork (MP 3.25) (2026CCN)","","2026","2026","D","NH","1200000","2029","","","","083-US-0460-000","LINESTRING Z (-83.7509797273 37.9482692501 1.298, -83.7497319844 37.948319222 1.364, -83.7496095123 37.9483198899 1.371, -83.7493312675 37.9483212086 1.386, -83.7490237661 37.9483140648 1.402, -83.7487512949 37.9482943292 1.417, -83.7484821524 37.9482669575 1.431, -83.7481524389 37.9482218006 1.449, -83.7472568642 37.9481027471 1.497, -83.7469859744 37.9480758922 1.512, -83.7467177736 37.948065015 1.526, -83.7464510962 37.9480747653 1.541, -83.7461852906 37.9481034837 1.555, -83.7459847798 37.9481421016 1.566, -83.7456534504 37.9482205229 1.584, -83.7451350646 37.948391355 1.614, -83.7448772226 37.9484844845 1.629, -83.7444865999 37.9486385331 1.652, -83.7443781918 37.9486833862 1.659, -83.7441455591 37.9487934255 1.675, -83.7439240547 37.94891519 1.69, -83.7437137312 37.9490467593 1.706, -83.7434632112 37.9492150027 1.725, -83.7419783311 37.950241792 1.839, -83.7415704422 37.9505199743 1.869, -83.7404438224 37.9512932637 1.952, -83.7387703737 37.9524387631 2.075, -83.7383601555 37.952725136 2.105, -83.7373128035 37.9534387667 2.18, -83.7359268451 37.9543938281 2.281, -83.7356296937 37.9545914748 2.302, -83.7354562634 37.9546920696 2.314, -83.7351677911 37.9548384948 2.333, -83.7349251515 37.9549453236 2.348, -83.7346762067 37.9550416051 2.363, -83.7343681925 37.9551412712 2.381, -83.734152575 37.9551985657 2.394, -83.7338859897 37.9552547119 2.409, -83.733761904 37.9552759391 2.416, -83.7330695816 37.9553849577 2.455, -83.7291378894 37.9559537954 2.673, -83.7262310175 37.9563818821 2.832, -83.7245588019 37.9566220806 2.924, -83.7223674211 37.9569431492 3.044, -83.7215514565 37.9570683784 3.088, -83.7203978206 37.9572350347 3.151, -83.7198814119 37.9573041533 3.179, -83.7195939413 37.9573368344 3.195, -83.7193059601 37.9573629136 3.21, -83.7189026895 37.9573927729 3.232, -83.7187282687 37.9574021279 3.242, -83.7185751288 37.9574063736 3.25)"
"District 10","Menifee","10-80403.00","US","460","US-460","SAFETY(P)","1.298","3.25","Improve safety, correct geometrics, and enhance regional connectivity on US 460 from the intersection Becraft Rd. (MP 1.3) to bridge over Dog Trot Fork (MP 3.25) (2026CCN)","","2026","2026","C","NH","12250000","2031","","","","083-US-0460-000","LINESTRING Z (-83.7509797273 37.9482692501 1.298, -83.7497319844 37.948319222 1.364, -83.7496095123 37.9483198899 1.371, -83.7493312675 37.9483212086 1.386, -83.7490237661 37.9483140648 1.402, -83.7487512949 37.9482943292 1.417, -83.7484821524 37.9482669575 1.431, -83.7481524389 37.9482218006 1.449, -83.7472568642 37.9481027471 1.497, -83.7469859744 37.9480758922 1.512, -83.7467177736 37.948065015 1.526, -83.7464510962 37.9480747653 1.541, -83.7461852906 37.9481034837 1.555, -83.7459847798 37.9481421016 1.566, -83.7456534504 37.9482205229 1.584, -83.7451350646 37.948391355 1.614, -83.7448772226 37.9484844845 1.629, -83.7444865999 37.9486385331 1.652, -83.7443781918 37.9486833862 1.659, -83.7441455591 37.9487934255 1.675, -83.7439240547 37.94891519 1.69, -83.7437137312 37.9490467593 1.706, -83.7434632112 37.9492150027 1.725, -83.7419783311 37.950241792 1.839, -83.7415704422 37.9505199743 1.869, -83.7404438224 37.9512932637 1.952, -83.7387703737 37.9524387631 2.075, -83.7383601555 37.952725136 2.105, -83.7373128035 37.9534387667 2.18, -83.7359268451 37.9543938281 2.281, -83.7356296937 37.9545914748 2.302, -83.7354562634 37.9546920696 2.314, -83.7351677911 37.9548384948 2.333, -83.7349251515 37.9549453236 2.348, -83.7346762067 37.9550416051 2.363, -83.7343681925 37.9551412712 2.381, -83.734152575 37.9551985657 2.394, -83.7338859897 37.9552547119 2.409, -83.733761904 37.9552759391 2.416, -83.7330695816 37.9553849577 2.455, -83.7291378894 37.9559537954 2.673, -83.7262310175 37.9563818821 2.832, -83.7245588019 37.9566220806 2.924, -83.7223674211 37.9569431492 3.044, -83.7215514565 37.9570683784 3.088, -83.7203978206 37.9572350347 3.151, -83.7198814119 37.9573041533 3.179, -83.7195939413 37.9573368344 3.195, -83.7193059601 37.9573629136 3.21, -83.7189026895 37.9573927729 3.232, -83.7187282687 37.9574021279 3.242, -83.7185751288 37.9574063736 3.25)"
"District 10","Menifee","10-80403.00","US","460","US-460","SAFETY(P)","1.298","3.25","Improve safety, correct geometrics, and enhance regional connectivity on US 460 from the intersection Becraft Rd. (MP 1.3) to bridge over Dog Trot Fork (MP 3.25) (2026CCN)","","2026","2026","U","NH","1350000","2030","","","","083-US-0460-000","LINESTRING Z (-83.7509797273 37.9482692501 1.298, -83.7497319844 37.948319222 1.364, -83.7496095123 37.9483198899 1.371, -83.7493312675 37.9483212086 1.386, -83.7490237661 37.9483140648 1.402, -83.7487512949 37.9482943292 1.417, -83.7484821524 37.9482669575 1.431, -83.7481524389 37.9482218006 1.449, -83.7472568642 37.9481027471 1.497, -83.7469859744 37.9480758922 1.512, -83.7467177736 37.948065015 1.526, -83.7464510962 37.9480747653 1.541, -83.7461852906 37.9481034837 1.555, -83.7459847798 37.9481421016 1.566, -83.7456534504 37.9482205229 1.584, -83.7451350646 37.948391355 1.614, -83.7448772226 37.9484844845 1.629, -83.7444865999 37.9486385331 1.652, -83.7443781918 37.9486833862 1.659, -83.7441455591 37.9487934255 1.675, -83.7439240547 37.94891519 1.69, -83.7437137312 37.9490467593 1.706, -83.7434632112 37.9492150027 1.725, -83.7419783311 37.950241792 1.839, -83.7415704422 37.9505199743 1.869, -83.7404438224 37.9512932637 1.952, -83.7387703737 37.9524387631 2.075, -83.7383601555 37.952725136 2.105, -83.7373128035 37.9534387667 2.18, -83.7359268451 37.9543938281 2.281, -83.7356296937 37.9545914748 2.302, -83.7354562634 37.9546920696 2.314, -83.7351677911 37.9548384948 2.333, -83.7349251515 37.9549453236 2.348, -83.7346762067 37.9550416051 2.363, -83.7343681925 37.9551412712 2.381, -83.734152575 37.9551985657 2.394, -83.7338859897 37.9552547119 2.409, -83.733761904 37.9552759391 2.416, -83.7330695816 37.9553849577 2.455, -83.7291378894 37.9559537954 2.673, -83.7262310175 37.9563818821 2.832, -83.7245588019 37.9566220806 2.924, -83.7223674211 37.9569431492 3.044, -83.7215514565 37.9570683784 3.088, -83.7203978206 37.9572350347 3.151, -83.7198814119 37.9573041533 3.179, -83.7195939413 37.9573368344 3.195, -83.7193059601 37.9573629136 3.21, -83.7189026895 37.9573927729 3.232, -83.7187282687 37.9574021279 3.242, -83.7185751288 37.9574063736 3.25)"
"District 10","Menifee","10-80403.00","US","460","US-460","SAFETY(P)","1.298","3.25","Improve safety, correct geometrics, and enhance regional connectivity on US 460 from the intersection Becraft Rd. (MP 1.3) to bridge over Dog Trot Fork (MP 3.25) (2026CCN)","","2026","2026","R","NH","1850000","2030","","","","083-US-0460-000","LINESTRING Z (-83.7509797273 37.9482692501 1.298, -83.7497319844 37.948319222 1.364, -83.7496095123 37.9483198899 1.371, -83.7493312675 37.9483212086 1.386, -83.7490237661 37.9483140648 1.402, -83.7487512949 37.9482943292 1.417, -83.7484821524 37.9482669575 1.431, -83.7481524389 37.9482218006 1.449, -83.7472568642 37.9481027471 1.497, -83.7469859744 37.9480758922 1.512, -83.7467177736 37.948065015 1.526, -83.7464510962 37.9480747653 1.541, -83.7461852906 37.9481034837 1.555, -83.7459847798 37.9481421016 1.566, -83.7456534504 37.9482205229 1.584, -83.7451350646 37.948391355 1.614, -83.7448772226 37.9484844845 1.629, -83.7444865999 37.9486385331 1.652, -83.7443781918 37.9486833862 1.659, -83.7441455591 37.9487934255 1.675, -83.7439240547 37.94891519 1.69, -83.7437137312 37.9490467593 1.706, -83.7434632112 37.9492150027 1.725, -83.7419783311 37.950241792 1.839, -83.7415704422 37.9505199743 1.869, -83.7404438224 37.9512932637 1.952, -83.7387703737 37.9524387631 2.075, -83.7383601555 37.952725136 2.105, -83.7373128035 37.9534387667 2.18, -83.7359268451 37.9543938281 2.281, -83.7356296937 37.9545914748 2.302, -83.7354562634 37.9546920696 2.314, -83.7351677911 37.9548384948 2.333, -83.7349251515 37.9549453236 2.348, -83.7346762067 37.9550416051 2.363, -83.7343681925 37.9551412712 2.381, -83.734152575 37.9551985657 2.394, -83.7338859897 37.9552547119 2.409, -83.733761904 37.9552759391 2.416, -83.7330695816 37.9553849577 2.455, -83.7291378894 37.9559537954 2.673, -83.7262310175 37.9563818821 2.832, -83.7245588019 37.9566220806 2.924, -83.7223674211 37.9569431492 3.044, -83.7215514565 37.9570683784 3.088, -83.7203978206 37.9572350347 3.151, -83.7198814119 37.9573041533 3.179, -83.7195939413 37.9573368344 3.195, -83.7193059601 37.9573629136 3.21, -83.7189026895 37.9573927729 3.232, -83.7187282687 37.9574021279 3.242, -83.7185751288 37.9574063736 3.25)"
"District 10","Menifee","10-80412.00","KY","36","KY-36","SAFETY(P)","4.053","6.136","Improve safety and mobility on KY 36 from 0.1 miles south of Suiter Branch Rd. to the intersection with US 460 (MP 6.136). (2026CCN)","","2026","2026","C","SPP","16500000","2032","","","","083-KY-0036-000","LINESTRING Z (-83.6186401729 37.9751041208 4.053, -83.6185536619 37.9750276828 4.06, -83.6183281888 37.9748439506 4.077, -83.6181717487 37.9747092636 4.089, -83.6180511937 37.9746178049 4.098, -83.6178912113 37.974509701 4.11, -83.6177432155 37.9744191183 4.12, -83.6175898678 37.9743336587 4.13, -83.6174289592 37.9742576767 4.14, -83.617214579 37.9741466639 4.153, -83.6142857536 37.9727637965 4.336, -83.6127821054 37.9720445656 4.431, -83.6123176517 37.9718097875 4.46, -83.6121707939 37.9717282839 4.47, -83.6120238045 37.9716393615 4.48, -83.6119358259 37.9715737593 4.486, -83.611866805 37.9715126226 4.492, -83.6118031933 37.9714444405 4.498, -83.6117315812 37.9713409524 4.506, -83.6116943229 37.9712614367 4.511, -83.6116545141 37.9711381969 4.52, -83.6116546519 37.9710255706 4.528, -83.6116682573 37.9707953421 4.544, -83.6116994001 37.9707025084 4.55, -83.612154354 37.9696586476 4.626, -83.6124500088 37.9689269815 4.679, -83.6129962849 37.9675084316 4.78, -83.6138512885 37.9652524109 4.942, -83.6139352522 37.9650366417 4.957, -83.6148500771 37.9626177001 5.13, -83.6153756286 37.9612287059 5.23, -83.6155992604 37.9606698895 5.27, -83.6157121643 37.9604367885 5.287, -83.6157909322 37.9603044344 5.297, -83.6158871177 37.9601696487 5.308, -83.6160272242 37.9600037924 5.321, -83.6161473662 37.9598804284 5.332, -83.616292564 37.959742409 5.344, -83.617517108 37.9586322471 5.445, -83.6184336013 37.9578200484 5.52, -83.619975738 37.9564862281 5.644, -83.6215719274 37.955092655 5.772, -83.6218503963 37.954855946 5.794, -83.6221164987 37.9546269793 5.816, -83.6240735957 37.9529135427 5.974, -83.6246211001 37.9524292284 6.018, -83.6248652381 37.9522034303 6.039, -83.6249700238 37.9520943395 6.048, -83.6250648021 37.9519834206 6.057, -83.6251622518 37.9518519471 6.068, -83.6252211868 37.9517568637 6.075, -83.6252882807 37.9516314345 6.084, -83.6253261202 37.9515461353 6.09, -83.6253822693 37.9513669427 6.103, -83.6254101805 37.9512528947 6.111, -83.6254248586 37.9511647046 6.117, -83.625455749 37.9508867123 6.136)"
"District 10","Menifee","10-80412.00","KY","36","KY-36","SAFETY(P)","4.053","6.136","Improve safety and mobility on KY 36 from 0.1 miles south of Suiter Branch Rd. to the intersection with US 460 (MP 6.136). (2026CCN)","","2026","2026","D","SPP","2000000","2030","","","","083-KY-0036-000","LINESTRING Z (-83.6186401729 37.9751041208 4.053, -83.6185536619 37.9750276828 4.06, -83.6183281888 37.9748439506 4.077, -83.6181717487 37.9747092636 4.089, -83.6180511937 37.9746178049 4.098, -83.6178912113 37.974509701 4.11, -83.6177432155 37.9744191183 4.12, -83.6175898678 37.9743336587 4.13, -83.6174289592 37.9742576767 4.14, -83.617214579 37.9741466639 4.153, -83.6142857536 37.9727637965 4.336, -83.6127821054 37.9720445656 4.431, -83.6123176517 37.9718097875 4.46, -83.6121707939 37.9717282839 4.47, -83.6120238045 37.9716393615 4.48, -83.6119358259 37.9715737593 4.486, -83.611866805 37.9715126226 4.492, -83.6118031933 37.9714444405 4.498, -83.6117315812 37.9713409524 4.506, -83.6116943229 37.9712614367 4.511, -83.6116545141 37.9711381969 4.52, -83.6116546519 37.9710255706 4.528, -83.6116682573 37.9707953421 4.544, -83.6116994001 37.9707025084 4.55, -83.612154354 37.9696586476 4.626, -83.6124500088 37.9689269815 4.679, -83.6129962849 37.9675084316 4.78, -83.6138512885 37.9652524109 4.942, -83.6139352522 37.9650366417 4.957, -83.6148500771 37.9626177001 5.13, -83.6153756286 37.9612287059 5.23, -83.6155992604 37.9606698895 5.27, -83.6157121643 37.9604367885 5.287, -83.6157909322 37.9603044344 5.297, -83.6158871177 37.9601696487 5.308, -83.6160272242 37.9600037924 5.321, -83.6161473662 37.9598804284 5.332, -83.616292564 37.959742409 5.344, -83.617517108 37.9586322471 5.445, -83.6184336013 37.9578200484 5.52, -83.619975738 37.9564862281 5.644, -83.6215719274 37.955092655 5.772, -83.6218503963 37.954855946 5.794, -83.6221164987 37.9546269793 5.816, -83.6240735957 37.9529135427 5.974, -83.6246211001 37.9524292284 6.018, -83.6248652381 37.9522034303 6.039, -83.6249700238 37.9520943395 6.048, -83.6250648021 37.9519834206 6.057, -83.6251622518 37.9518519471 6.068, -83.6252211868 37.9517568637 6.075, -83.6252882807 37.9516314345 6.084, -83.6253261202 37.9515461353 6.09, -83.6253822693 37.9513669427 6.103, -83.6254101805 37.9512528947 6.111, -83.6254248586 37.9511647046 6.117, -83.625455749 37.9508867123 6.136)"
"District 10","Menifee","10-80412.00","KY","36","KY-36","SAFETY(P)","4.053","6.136","Improve safety and mobility on KY 36 from 0.1 miles south of Suiter Branch Rd. to the intersection with US 460 (MP 6.136). (2026CCN)","","2026","2026","R","SPP","3250000","2031","","","","083-KY-0036-000","LINESTRING Z (-83.6186401729 37.9751041208 4.053, -83.6185536619 37.9750276828 4.06, -83.6183281888 37.9748439506 4.077, -83.6181717487 37.9747092636 4.089, -83.6180511937 37.9746178049 4.098, -83.6178912113 37.974509701 4.11, -83.6177432155 37.9744191183 4.12, -83.6175898678 37.9743336587 4.13, -83.6174289592 37.9742576767 4.14, -83.617214579 37.9741466639 4.153, -83.6142857536 37.9727637965 4.336, -83.6127821054 37.9720445656 4.431, -83.6123176517 37.9718097875 4.46, -83.6121707939 37.9717282839 4.47, -83.6120238045 37.9716393615 4.48, -83.6119358259 37.9715737593 4.486, -83.611866805 37.9715126226 4.492, -83.6118031933 37.9714444405 4.498, -83.6117315812 37.9713409524 4.506, -83.6116943229 37.9712614367 4.511, -83.6116545141 37.9711381969 4.52, -83.6116546519 37.9710255706 4.528, -83.6116682573 37.9707953421 4.544, -83.6116994001 37.9707025084 4.55, -83.612154354 37.9696586476 4.626, -83.6124500088 37.9689269815 4.679, -83.6129962849 37.9675084316 4.78, -83.6138512885 37.9652524109 4.942, -83.6139352522 37.9650366417 4.957, -83.6148500771 37.9626177001 5.13, -83.6153756286 37.9612287059 5.23, -83.6155992604 37.9606698895 5.27, -83.6157121643 37.9604367885 5.287, -83.6157909322 37.9603044344 5.297, -83.6158871177 37.9601696487 5.308, -83.6160272242 37.9600037924 5.321, -83.6161473662 37.9598804284 5.332, -83.616292564 37.959742409 5.344, -83.617517108 37.9586322471 5.445, -83.6184336013 37.9578200484 5.52, -83.619975738 37.9564862281 5.644, -83.6215719274 37.955092655 5.772, -83.6218503963 37.954855946 5.794, -83.6221164987 37.9546269793 5.816, -83.6240735957 37.9529135427 5.974, -83.6246211001 37.9524292284 6.018, -83.6248652381 37.9522034303 6.039, -83.6249700238 37.9520943395 6.048, -83.6250648021 37.9519834206 6.057, -83.6251622518 37.9518519471 6.068, -83.6252211868 37.9517568637 6.075, -83.6252882807 37.9516314345 6.084, -83.6253261202 37.9515461353 6.09, -83.6253822693 37.9513669427 6.103, -83.6254101805 37.9512528947 6.111, -83.6254248586 37.9511647046 6.117, -83.625455749 37.9508867123 6.136)"
"District 10","Menifee","10-80412.00","KY","36","KY-36","SAFETY(P)","4.053","6.136","Improve safety and mobility on KY 36 from 0.1 miles south of Suiter Branch Rd. to the intersection with US 460 (MP 6.136). (2026CCN)","","2026","2026","U","SPP","6500000","2031","","","","083-KY-0036-000","LINESTRING Z (-83.6186401729 37.9751041208 4.053, -83.6185536619 37.9750276828 4.06, -83.6183281888 37.9748439506 4.077, -83.6181717487 37.9747092636 4.089, -83.6180511937 37.9746178049 4.098, -83.6178912113 37.974509701 4.11, -83.6177432155 37.9744191183 4.12, -83.6175898678 37.9743336587 4.13, -83.6174289592 37.9742576767 4.14, -83.617214579 37.9741466639 4.153, -83.6142857536 37.9727637965 4.336, -83.6127821054 37.9720445656 4.431, -83.6123176517 37.9718097875 4.46, -83.6121707939 37.9717282839 4.47, -83.6120238045 37.9716393615 4.48, -83.6119358259 37.9715737593 4.486, -83.611866805 37.9715126226 4.492, -83.6118031933 37.9714444405 4.498, -83.6117315812 37.9713409524 4.506, -83.6116943229 37.9712614367 4.511, -83.6116545141 37.9711381969 4.52, -83.6116546519 37.9710255706 4.528, -83.6116682573 37.9707953421 4.544, -83.6116994001 37.9707025084 4.55, -83.612154354 37.9696586476 4.626, -83.6124500088 37.9689269815 4.679, -83.6129962849 37.9675084316 4.78, -83.6138512885 37.9652524109 4.942, -83.6139352522 37.9650366417 4.957, -83.6148500771 37.9626177001 5.13, -83.6153756286 37.9612287059 5.23, -83.6155992604 37.9606698895 5.27, -83.6157121643 37.9604367885 5.287, -83.6157909322 37.9603044344 5.297, -83.6158871177 37.9601696487 5.308, -83.6160272242 37.9600037924 5.321, -83.6161473662 37.9598804284 5.332, -83.616292564 37.959742409 5.344, -83.617517108 37.9586322471 5.445, -83.6184336013 37.9578200484 5.52, -83.619975738 37.9564862281 5.644, -83.6215719274 37.955092655 5.772, -83.6218503963 37.954855946 5.794, -83.6221164987 37.9546269793 5.816, -83.6240735957 37.9529135427 5.974, -83.6246211001 37.9524292284 6.018, -83.6248652381 37.9522034303 6.039, -83.6249700238 37.9520943395 6.048, -83.6250648021 37.9519834206 6.057, -83.6251622518 37.9518519471 6.068, -83.6252211868 37.9517568637 6.075, -83.6252882807 37.9516314345 6.084, -83.6253261202 37.9515461353 6.09, -83.6253822693 37.9513669427 6.103, -83.6254101805 37.9512528947 6.111, -83.6254248586 37.9511647046 6.117, -83.625455749 37.9508867123 6.136)"
"District 10","Morgan","10-08004.00","PF","9999","PF-9999","NEW ROUTE(O)","","","WEST LIBERTY BYPASS - CONSTRUCT NEW ROUTE FROM US 460 @ KY 2498 TO US 460 @ KY 172. (00CCN)","","2000","2026","U","SPP","1240000","2031","","","","",""
"District 10","Morgan","10-08004.00","PF","9999","PF-9999","NEW ROUTE(O)","","","WEST LIBERTY BYPASS - CONSTRUCT NEW ROUTE FROM US 460 @ KY 2498 TO US 460 @ KY 172. (00CCN)","","2000","2026","R","SPP","4030000","2030","","","","",""
"District 10","Morgan","10-08004.00","PF","9999","PF-9999","NEW ROUTE(O)","","","WEST LIBERTY BYPASS - CONSTRUCT NEW ROUTE FROM US 460 @ KY 2498 TO US 460 @ KY 172. (00CCN)","","2000","2026","C","SPP","21170000","2032","","","","",""
"District 10","Morgan","10-08004.00","PF","9999","PF-9999","NEW ROUTE(O)","","","WEST LIBERTY BYPASS - CONSTRUCT NEW ROUTE FROM US 460 @ KY 2498 TO US 460 @ KY 172. (00CCN)","","2000","2026","D","SPP","1800000","2029","","","","",""
"District 10","Morgan","10-08402.00","KY","7","KY-7","RECONSTRUCTION(O)","2.7","5.6","RECONSTRUCT KY-7 FROM MILE POST 2.7 TO MILE POST 5.6 (JUNCTION 519 TO SOUTH SIDE OF WRIGLEY HILL) (2026CCN)","","2008","2026","R","STP2","2750000","2027","","","","088-KY-0007-000","LINESTRING Z (-83.2873385908 37.9462861537 2.7, -83.2871564562 37.9464570928 2.715, -83.2865328939 37.9470542279 2.768, -83.2864907172 37.9471330171 2.774, -83.2855424825 37.9480401186 2.855, -83.2850753629 37.9485020552 2.896, -83.2849303126 37.9486693517 2.91, -83.2848065277 37.9488439611 2.924, -83.2847074018 37.9490281526 2.938, -83.2846366394 37.9492253006 2.952, -83.284579123 37.9494309673 2.967, -83.2845344426 37.9496470672 2.982, -83.2841535295 37.9512885626 3.098, -83.2840916527 37.9515312261 3.115, -83.2840152137 37.951773585 3.132, -83.2839166669 37.9520130083 3.149, -83.2837940057 37.9522472564 3.167, -83.2830652795 37.9534042653 3.256, -83.2829279224 37.9536420519 3.275, -83.2828148801 37.9538894119 3.293, -83.2827030309 37.9541944904 3.315, -83.2825087959 37.9547846598 3.357, -83.2823610776 37.9553013517 3.394, -83.2822263735 37.9558438652 3.432, -83.2821367278 37.9562631452 3.461, -83.2820776474 37.9565775704 3.483, -83.2820198373 37.9569266375 3.507, -83.2817094461 37.9590509243 3.655, -83.2815055284 37.9604494123 3.752, -83.2814039228 37.9612470162 3.808, -83.2813485019 37.9620747081 3.865, -83.2813478655 37.9621664543 3.871, -83.2813139051 37.9627465163 3.911, -83.2812617977 37.9638591703 3.988, -83.2812450236 37.9641118426 4.006, -83.2812209819 37.9643432092 4.022, -83.2812012991 37.9644856549 4.032, -83.2811555074 37.9647344231 4.049, -83.2810950222 37.9649867293 4.067, -83.2810270632 37.9652342084 4.084, -83.2809121489 37.9655991119 4.11, -83.2805844295 37.9665892305 4.181, -83.2802819273 37.9674787779 4.245, -83.2802027201 37.9677304166 4.262, -83.2801333487 37.9679888543 4.281, -83.2800857337 37.9682400564 4.298, -83.2800627477 37.9685019395 4.316, -83.2800501207 37.9687654134 4.334, -83.280039009 37.9692948541 4.371, -83.2800140318 37.9707992867 4.475, -83.2800044822 37.9711367262 4.498, -83.2799756358 37.9740539978 4.701, -83.2799672088 37.9742955815 4.718, -83.2799439336 37.9745349304 4.735, -83.2798971934 37.9747702158 4.751, -83.2798225817 37.9749983234 4.767, -83.2797759026 37.9751072367 4.775, -83.2797240313 37.9752157653 4.784, -83.2796064171 37.975422093 4.799, -83.2794865711 37.9756017245 4.813, -83.2793604012 37.975773257 4.827, -83.2792567039 37.9759370187 4.84, -83.2791872095 37.9761157828 4.853, -83.2791503705 37.9763040227 4.866, -83.2791435204 37.9764983852 4.88, -83.2791660678 37.9766958368 4.893, -83.2791876875 37.9767965662 4.9, -83.2792121176 37.9768962547 4.908, -83.2792743393 37.9771008564 4.922, -83.2795032352 37.9777803834 4.971, -83.2795834505 37.9780177802 4.988, -83.2802064802 37.9798849677 5.121, -83.2802769525 37.9801232587 5.138, -83.2803375667 37.9803657387 5.155, -83.2804026742 37.9807333131 5.181, -83.2804427185 37.9811031096 5.206, -83.2804786041 37.9815972706 5.241, -83.2804900323 37.9819716881 5.266, -83.2804903466 37.9820972439 5.275, -83.2804742968 37.9823488327 5.293, -83.2804436613 37.9826006637 5.31, -83.2803545389 37.9831067664 5.345, -83.280146559 37.984136204 5.417, -83.2798489909 37.9857060743 5.527, -83.2797924529 37.9859642313 5.545, -83.279717323 37.986217878 5.563, -83.2796693279 37.9863451697 5.572, -83.279622913 37.9864667247 5.581, -83.2795109506 37.9867110826 5.599, -83.27950381 37.9867245014 5.6)"
"District 10","Morgan","10-08402.00","KY","7","KY-7","RECONSTRUCTION(O)","2.7","5.6","RECONSTRUCT KY-7 FROM MILE POST 2.7 TO MILE POST 5.6 (JUNCTION 519 TO SOUTH SIDE OF WRIGLEY HILL) (2026CCN)","","2008","2026","C","STP2","14500000","2031","","","","088-KY-0007-000","LINESTRING Z (-83.2873385908 37.9462861537 2.7, -83.2871564562 37.9464570928 2.715, -83.2865328939 37.9470542279 2.768, -83.2864907172 37.9471330171 2.774, -83.2855424825 37.9480401186 2.855, -83.2850753629 37.9485020552 2.896, -83.2849303126 37.9486693517 2.91, -83.2848065277 37.9488439611 2.924, -83.2847074018 37.9490281526 2.938, -83.2846366394 37.9492253006 2.952, -83.284579123 37.9494309673 2.967, -83.2845344426 37.9496470672 2.982, -83.2841535295 37.9512885626 3.098, -83.2840916527 37.9515312261 3.115, -83.2840152137 37.951773585 3.132, -83.2839166669 37.9520130083 3.149, -83.2837940057 37.9522472564 3.167, -83.2830652795 37.9534042653 3.256, -83.2829279224 37.9536420519 3.275, -83.2828148801 37.9538894119 3.293, -83.2827030309 37.9541944904 3.315, -83.2825087959 37.9547846598 3.357, -83.2823610776 37.9553013517 3.394, -83.2822263735 37.9558438652 3.432, -83.2821367278 37.9562631452 3.461, -83.2820776474 37.9565775704 3.483, -83.2820198373 37.9569266375 3.507, -83.2817094461 37.9590509243 3.655, -83.2815055284 37.9604494123 3.752, -83.2814039228 37.9612470162 3.808, -83.2813485019 37.9620747081 3.865, -83.2813478655 37.9621664543 3.871, -83.2813139051 37.9627465163 3.911, -83.2812617977 37.9638591703 3.988, -83.2812450236 37.9641118426 4.006, -83.2812209819 37.9643432092 4.022, -83.2812012991 37.9644856549 4.032, -83.2811555074 37.9647344231 4.049, -83.2810950222 37.9649867293 4.067, -83.2810270632 37.9652342084 4.084, -83.2809121489 37.9655991119 4.11, -83.2805844295 37.9665892305 4.181, -83.2802819273 37.9674787779 4.245, -83.2802027201 37.9677304166 4.262, -83.2801333487 37.9679888543 4.281, -83.2800857337 37.9682400564 4.298, -83.2800627477 37.9685019395 4.316, -83.2800501207 37.9687654134 4.334, -83.280039009 37.9692948541 4.371, -83.2800140318 37.9707992867 4.475, -83.2800044822 37.9711367262 4.498, -83.2799756358 37.9740539978 4.701, -83.2799672088 37.9742955815 4.718, -83.2799439336 37.9745349304 4.735, -83.2798971934 37.9747702158 4.751, -83.2798225817 37.9749983234 4.767, -83.2797759026 37.9751072367 4.775, -83.2797240313 37.9752157653 4.784, -83.2796064171 37.975422093 4.799, -83.2794865711 37.9756017245 4.813, -83.2793604012 37.975773257 4.827, -83.2792567039 37.9759370187 4.84, -83.2791872095 37.9761157828 4.853, -83.2791503705 37.9763040227 4.866, -83.2791435204 37.9764983852 4.88, -83.2791660678 37.9766958368 4.893, -83.2791876875 37.9767965662 4.9, -83.2792121176 37.9768962547 4.908, -83.2792743393 37.9771008564 4.922, -83.2795032352 37.9777803834 4.971, -83.2795834505 37.9780177802 4.988, -83.2802064802 37.9798849677 5.121, -83.2802769525 37.9801232587 5.138, -83.2803375667 37.9803657387 5.155, -83.2804026742 37.9807333131 5.181, -83.2804427185 37.9811031096 5.206, -83.2804786041 37.9815972706 5.241, -83.2804900323 37.9819716881 5.266, -83.2804903466 37.9820972439 5.275, -83.2804742968 37.9823488327 5.293, -83.2804436613 37.9826006637 5.31, -83.2803545389 37.9831067664 5.345, -83.280146559 37.984136204 5.417, -83.2798489909 37.9857060743 5.527, -83.2797924529 37.9859642313 5.545, -83.279717323 37.986217878 5.563, -83.2796693279 37.9863451697 5.572, -83.279622913 37.9864667247 5.581, -83.2795109506 37.9867110826 5.599, -83.27950381 37.9867245014 5.6)"
"District 10","Morgan","10-08402.00","KY","7","KY-7","RECONSTRUCTION(O)","2.7","5.6","RECONSTRUCT KY-7 FROM MILE POST 2.7 TO MILE POST 5.6 (JUNCTION 519 TO SOUTH SIDE OF WRIGLEY HILL) (2026CCN)","","2008","2026","U","STP2","1850000","2030","","","","088-KY-0007-000","LINESTRING Z (-83.2873385908 37.9462861537 2.7, -83.2871564562 37.9464570928 2.715, -83.2865328939 37.9470542279 2.768, -83.2864907172 37.9471330171 2.774, -83.2855424825 37.9480401186 2.855, -83.2850753629 37.9485020552 2.896, -83.2849303126 37.9486693517 2.91, -83.2848065277 37.9488439611 2.924, -83.2847074018 37.9490281526 2.938, -83.2846366394 37.9492253006 2.952, -83.284579123 37.9494309673 2.967, -83.2845344426 37.9496470672 2.982, -83.2841535295 37.9512885626 3.098, -83.2840916527 37.9515312261 3.115, -83.2840152137 37.951773585 3.132, -83.2839166669 37.9520130083 3.149, -83.2837940057 37.9522472564 3.167, -83.2830652795 37.9534042653 3.256, -83.2829279224 37.9536420519 3.275, -83.2828148801 37.9538894119 3.293, -83.2827030309 37.9541944904 3.315, -83.2825087959 37.9547846598 3.357, -83.2823610776 37.9553013517 3.394, -83.2822263735 37.9558438652 3.432, -83.2821367278 37.9562631452 3.461, -83.2820776474 37.9565775704 3.483, -83.2820198373 37.9569266375 3.507, -83.2817094461 37.9590509243 3.655, -83.2815055284 37.9604494123 3.752, -83.2814039228 37.9612470162 3.808, -83.2813485019 37.9620747081 3.865, -83.2813478655 37.9621664543 3.871, -83.2813139051 37.9627465163 3.911, -83.2812617977 37.9638591703 3.988, -83.2812450236 37.9641118426 4.006, -83.2812209819 37.9643432092 4.022, -83.2812012991 37.9644856549 4.032, -83.2811555074 37.9647344231 4.049, -83.2810950222 37.9649867293 4.067, -83.2810270632 37.9652342084 4.084, -83.2809121489 37.9655991119 4.11, -83.2805844295 37.9665892305 4.181, -83.2802819273 37.9674787779 4.245, -83.2802027201 37.9677304166 4.262, -83.2801333487 37.9679888543 4.281, -83.2800857337 37.9682400564 4.298, -83.2800627477 37.9685019395 4.316, -83.2800501207 37.9687654134 4.334, -83.280039009 37.9692948541 4.371, -83.2800140318 37.9707992867 4.475, -83.2800044822 37.9711367262 4.498, -83.2799756358 37.9740539978 4.701, -83.2799672088 37.9742955815 4.718, -83.2799439336 37.9745349304 4.735, -83.2798971934 37.9747702158 4.751, -83.2798225817 37.9749983234 4.767, -83.2797759026 37.9751072367 4.775, -83.2797240313 37.9752157653 4.784, -83.2796064171 37.975422093 4.799, -83.2794865711 37.9756017245 4.813, -83.2793604012 37.975773257 4.827, -83.2792567039 37.9759370187 4.84, -83.2791872095 37.9761157828 4.853, -83.2791503705 37.9763040227 4.866, -83.2791435204 37.9764983852 4.88, -83.2791660678 37.9766958368 4.893, -83.2791876875 37.9767965662 4.9, -83.2792121176 37.9768962547 4.908, -83.2792743393 37.9771008564 4.922, -83.2795032352 37.9777803834 4.971, -83.2795834505 37.9780177802 4.988, -83.2802064802 37.9798849677 5.121, -83.2802769525 37.9801232587 5.138, -83.2803375667 37.9803657387 5.155, -83.2804026742 37.9807333131 5.181, -83.2804427185 37.9811031096 5.206, -83.2804786041 37.9815972706 5.241, -83.2804900323 37.9819716881 5.266, -83.2804903466 37.9820972439 5.275, -83.2804742968 37.9823488327 5.293, -83.2804436613 37.9826006637 5.31, -83.2803545389 37.9831067664 5.345, -83.280146559 37.984136204 5.417, -83.2798489909 37.9857060743 5.527, -83.2797924529 37.9859642313 5.545, -83.279717323 37.986217878 5.563, -83.2796693279 37.9863451697 5.572, -83.279622913 37.9864667247 5.581, -83.2795109506 37.9867110826 5.599, -83.27950381 37.9867245014 5.6)"
"District 10","Morgan","10-08804.00","KY","2498","KY-2498","RECONSTRUCTION","7.086","7.719","IMPROVE KY-2498 FROM US-460 TO THE ARH HOSPITAL. (14CCN)(16CCN) (2022CCR) (2024CCR)","","2014","2026","C","SPP","8790000","2026","","","","088-KY-2498-000","LINESTRING Z (-83.2664880224 37.9217244466 7.086, -83.2666039443 37.9216186464 7.096, -83.266818475 37.9214371769 7.113, -83.266913188 37.9213432932 7.121, -83.266988163 37.9212278385 7.13, -83.2670162462 37.9211248568 7.137, -83.2670209748 37.9210150644 7.144, -83.2670023311 37.9208990097 7.152, -83.2669519964 37.9207559127 7.163, -83.2669045251 37.9206617776 7.17, -83.2668213659 37.9205460113 7.179, -83.2667328892 37.9204543085 7.187, -83.266677594 37.9204072634 7.191, -83.2662877943 37.9201179941 7.221, -83.2661789457 37.9200236629 7.23, -83.2660733082 37.9199060483 7.24, -83.2659944434 37.9197760854 7.25, -83.2659222731 37.9196223628 7.262, -83.2658708556 37.9195012209 7.271, -83.2658194385 37.9193594738 7.281, -83.2657759593 37.9192291587 7.29, -83.2657566369 37.919154024 7.296, -83.2657452846 37.9190790575 7.301, -83.2657453307 37.9189848262 7.308, -83.2657562779 37.9189067583 7.313, -83.2657681232 37.9188638759 7.316, -83.2658280429 37.9187423347 7.325, -83.2659862607 37.9184923702 7.345, -83.266089923 37.9183591138 7.356, -83.2661359913 37.9182782153 7.362, -83.2661679299 37.9182049865 7.368, -83.2662228777 37.9180352627 7.38, -83.2662184671 37.9179085186 7.389, -83.2661732198 37.9177998695 7.397, -83.2661118244 37.9176867592 7.406, -83.2660779708 37.9176415393 7.409, -83.2660157324 37.9175844559 7.415, -83.2658987796 37.9174940752 7.424, -83.2657360046 37.9173947612 7.435, -83.2654022119 37.9172143635 7.458, -83.2652362075 37.9171182777 7.469, -83.265103436 37.9170239903 7.479, -83.2649997142 37.9169424051 7.488, -83.2649208651 37.9168739811 7.494, -83.2648468539 37.9167957696 7.501, -83.2642650062 37.9161235857 7.557, -83.2641628098 37.9159967004 7.568, -83.2641448449 37.9159740677 7.57, -83.2640555946 37.9158128399 7.582, -83.2639857005 37.9156432289 7.594, -83.2639297598 37.9154711652 7.607, -83.2635899111 37.9142444579 7.694, -83.2634714444 37.9138900254 7.719)"
"District 10","Morgan","10-10079.00","KY","437","KY-437","AM-BRIDGE (P)","5.628","5.636","ADDRESS DEFICIENCIES OF BRIDGE ON KY-437 OVER BIRCH FK OF WILLIAMS CRK (088B00064N)","088B00064N","2026","2026","C","FBP","922254","2029","","","","088-KY-0437-000","LINESTRING Z (-83.0983037083 37.9062418807 5.628, -83.0981668874 37.9062048881 5.636)"
"District 10","Morgan","10-10079.00","KY","437","KY-437","AM-BRIDGE (P)","5.628","5.636","ADDRESS DEFICIENCIES OF BRIDGE ON KY-437 OVER BIRCH FK OF WILLIAMS CRK (088B00064N)","088B00064N","2026","2026","D","FBP","138338","2029","","","","088-KY-0437-000","LINESTRING Z (-83.0983037083 37.9062418807 5.628, -83.0981668874 37.9062048881 5.636)"
"District 10","Morgan","10-20031.00","KY","882","KY-882","AM-PAVEMENT (PRI)(P)","0.0","2.468","ADDRESS CONDITION OF KY-882 FROM MILEPOINT 0 TO MILEPOINT 2.468","","2024","2026","C","STP4","1748000","2030","","","","088-KY-0882-000","LINESTRING Z (-83.4498390326 37.8756548411 0, -83.4499240006 37.8756864464 0.005, -83.4499717955 37.875698643 0.008, -83.4502741892 37.8757152663 0.024, -83.4505973113 37.8757674564 0.042, -83.4507010776 37.8757741539 0.047, -83.4508023153 37.8757618457 0.053, -83.4508907174 37.8757275839 0.058, -83.450966017 37.8756688915 0.064, -83.4510060358 37.875585609 0.07, -83.4510381333 37.8754450308 0.079, -83.4510605655 37.8751916282 0.096, -83.4510901465 37.8750985267 0.103, -83.4511484461 37.8750180737 0.109, -83.4512371962 37.8749503033 0.116, -83.4513591346 37.8748963667 0.123, -83.4515088799 37.8748509411 0.132, -83.4517454648 37.8747992425 0.145, -83.4522815509 37.8747009197 0.174, -83.4528883634 37.8746017773 0.208, -83.4530760175 37.8745743958 0.218, -83.4532552954 37.8745600374 0.227, -83.4534282553 37.8745705548 0.237, -83.4536011012 37.8745959046 0.246, -83.4539345861 37.8746826284 0.265, -83.4541021603 37.8747103468 0.274, -83.454270266 37.8747097799 0.283, -83.4544316899 37.8746788633 0.292, -83.4545805223 37.8746292942 0.301, -83.4550172183 37.8744501764 0.327, -83.4551721314 37.8744056706 0.336, -83.4553404463 37.874375986 0.345, -83.4554667302 37.87436059 0.352, -83.4561830137 37.8742849925 0.391, -83.4564669116 37.8742608556 0.406, -83.4568069177 37.8742490738 0.424, -83.4570052817 37.8742562351 0.435, -83.4572036251 37.8742752083 0.445, -83.4581475882 37.874423808 0.497, -83.4583933452 37.8744673285 0.51, -83.4585641475 37.874502796 0.52, -83.4587233647 37.8745429825 0.529, -83.4588676616 37.8745949656 0.537, -83.4589940706 37.8746650069 0.546, -83.4591022536 37.8747528247 0.554, -83.4591926437 37.8748556808 0.562, -83.4593337275 37.8750897393 0.58, -83.4594251294 37.8752047023 0.589, -83.4595565602 37.8753028614 0.599, -83.459632991 37.8753417103 0.604, -83.4597095823 37.8753753429 0.608, -83.4598667485 37.8754259269 0.617, -83.4600231663 37.8754558927 0.626, -83.4601025927 37.8754651298 0.63, -83.4605161937 37.8755055926 0.653, -83.460927495 37.875553151 0.675, -83.4611505045 37.8755703997 0.687, -83.4613652272 37.8755753987 0.698, -83.4615050182 37.8755715234 0.706, -83.461574411 37.8755690267 0.709, -83.4617785028 37.875547995 0.72, -83.4619826473 37.8755140517 0.732, -83.4621095166 37.8754797057 0.739, -83.4623442951 37.8753853705 0.753, -83.4625045588 37.875302223 0.763, -83.4626507849 37.8752023203 0.774, -83.4627883193 37.8750920836 0.784, -83.46345898 37.8744630968 0.84, -83.4635982445 37.8743416294 0.851, -83.463742771 37.87422933 0.862, -83.4638904124 37.8741283538 0.872, -83.4639903845 37.8740671102 0.879, -83.4644894214 37.8737875231 0.911, -83.464635259 37.8737112354 0.921, -83.4647909257 37.8736532699 0.93, -83.4649607573 37.8736192062 0.939, -83.4651400048 37.873605653 0.949, -83.4653249026 37.8736111654 0.959, -83.4655099408 37.873634536 0.969, -83.4656885823 37.8736742661 0.979, -83.465858852 37.8737270197 0.989, -83.4663270974 37.8738943426 1.016, -83.4664684006 37.8739311491 1.024, -83.4666028819 37.8739419993 1.031, -83.4667247951 37.8739221129 1.038, -83.4668261571 37.8738718818 1.044, -83.4669122989 37.8737982805 1.051, -83.4669535966 37.8737515556 1.055, -83.4671740537 37.8734695746 1.078, -83.4672781001 37.8733548376 1.087, -83.4673999681 37.8732577528 1.096, -83.4675378601 37.8731804838 1.105, -83.4676880845 37.873119113 1.114, -83.4678460034 37.8730666817 1.124, -83.4687470693 37.8728308591 1.174, -83.4689185185 37.8728003919 1.184, -83.46900085 37.87279402 1.188, -83.4690848889 37.8727885065 1.193, -83.4692445083 37.8727932473 1.201, -83.4693978089 37.8728118769 1.21, -83.469690561 37.8728711188 1.226, -83.4697675032 37.8728822243 1.23, -83.469843845 37.8728902964 1.234, -83.4699246387 37.8728888401 1.238, -83.4700028484 37.8728812889 1.243, -83.4701534995 37.8728397024 1.251, -83.4702855845 37.8727708344 1.26, -83.4705270377 37.8726054608 1.277, -83.4706593661 37.8725398928 1.285, -83.4708075407 37.8724886427 1.294, -83.4709784406 37.8724422288 1.303, -83.4713797864 37.8723513749 1.326, -83.4715842978 37.8723163236 1.337, -83.4717894584 37.8722939224 1.348, -83.4720635857 37.8722827452 1.363, -83.4726221978 37.8722729499 1.393, -83.473298798 37.8722692821 1.429, -83.473617503 37.872273523 1.446, -83.4737919823 37.8722909079 1.455, -83.4739536617 37.872318759 1.464, -83.4743814611 37.8724267534 1.488, -83.4744476746 37.8724373739 1.492, -83.4745132287 37.8724468828 1.495, -83.4746454944 37.8724395496 1.503, -83.4746710493 37.8724312524 1.504, -83.4747645557 37.8723995449 1.509, -83.474859136 37.8723329679 1.516, -83.4749463995 37.8722450967 1.524, -83.4750230193 37.8721427349 1.532, -83.4751284181 37.8718934052 1.55, -83.4751920445 37.8717627705 1.559, -83.4752612624 37.8716418591 1.568, -83.4753432453 37.8715341057 1.577, -83.4753873576 37.871485784 1.581, -83.4754355754 37.8714391894 1.585, -83.4755421404 37.8713547126 1.593, -83.4756780273 37.8712746484 1.602, -83.477788788 37.8702179195 1.735, -83.4786472525 37.8698097757 1.789, -83.4790587058 37.8696259622 1.814, -83.4793380031 37.8695250351 1.831, -83.4796919387 37.8694085149 1.851, -83.4800416275 37.8693174602 1.871, -83.4803231135 37.8692580554 1.887, -83.4805321058 37.8692233502 1.898, -83.4809429714 37.8691713829 1.92, -83.481138473 37.8691358677 1.931, -83.4813258378 37.8690831623 1.942, -83.4816670289 37.8689526542 1.962, -83.4818363747 37.8688998757 1.972, -83.4826274085 37.8687005633 2.016, -83.4827141095 37.868687124 2.021, -83.4827882088 37.8686891003 2.025, -83.4828492095 37.8687114288 2.028, -83.4828884945 37.8687525684 2.032, -83.4829073561 37.8688155675 2.036, -83.4829092931 37.868910657 2.043, -83.4828524739 37.8696224538 2.091, -83.4826977037 37.8712120075 2.199, -83.4826843529 37.8714779504 2.217, -83.4826824754 37.87168615 2.231, -83.4826900508 37.8718912354 2.245, -83.4827108638 37.8720941027 2.258, -83.4829072729 37.8734085601 2.348, -83.4829525048 37.8736514575 2.364, -83.4830144569 37.8738237985 2.376, -83.4831085938 37.8739863215 2.388, -83.4832299323 37.8741433241 2.401, -83.4838844641 37.8749056288 2.463, -83.4839308021 37.8749674165 2.468)"
"District 10","Morgan","10-20031.00","KY","882","KY-882","AM-PAVEMENT (PRI)(P)","0.0","2.468","ADDRESS CONDITION OF KY-882 FROM MILEPOINT 0 TO MILEPOINT 2.468","","2024","2026","D","STP4","152000","2030","","","","088-KY-0882-000","LINESTRING Z (-83.4498390326 37.8756548411 0, -83.4499240006 37.8756864464 0.005, -83.4499717955 37.875698643 0.008, -83.4502741892 37.8757152663 0.024, -83.4505973113 37.8757674564 0.042, -83.4507010776 37.8757741539 0.047, -83.4508023153 37.8757618457 0.053, -83.4508907174 37.8757275839 0.058, -83.450966017 37.8756688915 0.064, -83.4510060358 37.875585609 0.07, -83.4510381333 37.8754450308 0.079, -83.4510605655 37.8751916282 0.096, -83.4510901465 37.8750985267 0.103, -83.4511484461 37.8750180737 0.109, -83.4512371962 37.8749503033 0.116, -83.4513591346 37.8748963667 0.123, -83.4515088799 37.8748509411 0.132, -83.4517454648 37.8747992425 0.145, -83.4522815509 37.8747009197 0.174, -83.4528883634 37.8746017773 0.208, -83.4530760175 37.8745743958 0.218, -83.4532552954 37.8745600374 0.227, -83.4534282553 37.8745705548 0.237, -83.4536011012 37.8745959046 0.246, -83.4539345861 37.8746826284 0.265, -83.4541021603 37.8747103468 0.274, -83.454270266 37.8747097799 0.283, -83.4544316899 37.8746788633 0.292, -83.4545805223 37.8746292942 0.301, -83.4550172183 37.8744501764 0.327, -83.4551721314 37.8744056706 0.336, -83.4553404463 37.874375986 0.345, -83.4554667302 37.87436059 0.352, -83.4561830137 37.8742849925 0.391, -83.4564669116 37.8742608556 0.406, -83.4568069177 37.8742490738 0.424, -83.4570052817 37.8742562351 0.435, -83.4572036251 37.8742752083 0.445, -83.4581475882 37.874423808 0.497, -83.4583933452 37.8744673285 0.51, -83.4585641475 37.874502796 0.52, -83.4587233647 37.8745429825 0.529, -83.4588676616 37.8745949656 0.537, -83.4589940706 37.8746650069 0.546, -83.4591022536 37.8747528247 0.554, -83.4591926437 37.8748556808 0.562, -83.4593337275 37.8750897393 0.58, -83.4594251294 37.8752047023 0.589, -83.4595565602 37.8753028614 0.599, -83.459632991 37.8753417103 0.604, -83.4597095823 37.8753753429 0.608, -83.4598667485 37.8754259269 0.617, -83.4600231663 37.8754558927 0.626, -83.4601025927 37.8754651298 0.63, -83.4605161937 37.8755055926 0.653, -83.460927495 37.875553151 0.675, -83.4611505045 37.8755703997 0.687, -83.4613652272 37.8755753987 0.698, -83.4615050182 37.8755715234 0.706, -83.461574411 37.8755690267 0.709, -83.4617785028 37.875547995 0.72, -83.4619826473 37.8755140517 0.732, -83.4621095166 37.8754797057 0.739, -83.4623442951 37.8753853705 0.753, -83.4625045588 37.875302223 0.763, -83.4626507849 37.8752023203 0.774, -83.4627883193 37.8750920836 0.784, -83.46345898 37.8744630968 0.84, -83.4635982445 37.8743416294 0.851, -83.463742771 37.87422933 0.862, -83.4638904124 37.8741283538 0.872, -83.4639903845 37.8740671102 0.879, -83.4644894214 37.8737875231 0.911, -83.464635259 37.8737112354 0.921, -83.4647909257 37.8736532699 0.93, -83.4649607573 37.8736192062 0.939, -83.4651400048 37.873605653 0.949, -83.4653249026 37.8736111654 0.959, -83.4655099408 37.873634536 0.969, -83.4656885823 37.8736742661 0.979, -83.465858852 37.8737270197 0.989, -83.4663270974 37.8738943426 1.016, -83.4664684006 37.8739311491 1.024, -83.4666028819 37.8739419993 1.031, -83.4667247951 37.8739221129 1.038, -83.4668261571 37.8738718818 1.044, -83.4669122989 37.8737982805 1.051, -83.4669535966 37.8737515556 1.055, -83.4671740537 37.8734695746 1.078, -83.4672781001 37.8733548376 1.087, -83.4673999681 37.8732577528 1.096, -83.4675378601 37.8731804838 1.105, -83.4676880845 37.873119113 1.114, -83.4678460034 37.8730666817 1.124, -83.4687470693 37.8728308591 1.174, -83.4689185185 37.8728003919 1.184, -83.46900085 37.87279402 1.188, -83.4690848889 37.8727885065 1.193, -83.4692445083 37.8727932473 1.201, -83.4693978089 37.8728118769 1.21, -83.469690561 37.8728711188 1.226, -83.4697675032 37.8728822243 1.23, -83.469843845 37.8728902964 1.234, -83.4699246387 37.8728888401 1.238, -83.4700028484 37.8728812889 1.243, -83.4701534995 37.8728397024 1.251, -83.4702855845 37.8727708344 1.26, -83.4705270377 37.8726054608 1.277, -83.4706593661 37.8725398928 1.285, -83.4708075407 37.8724886427 1.294, -83.4709784406 37.8724422288 1.303, -83.4713797864 37.8723513749 1.326, -83.4715842978 37.8723163236 1.337, -83.4717894584 37.8722939224 1.348, -83.4720635857 37.8722827452 1.363, -83.4726221978 37.8722729499 1.393, -83.473298798 37.8722692821 1.429, -83.473617503 37.872273523 1.446, -83.4737919823 37.8722909079 1.455, -83.4739536617 37.872318759 1.464, -83.4743814611 37.8724267534 1.488, -83.4744476746 37.8724373739 1.492, -83.4745132287 37.8724468828 1.495, -83.4746454944 37.8724395496 1.503, -83.4746710493 37.8724312524 1.504, -83.4747645557 37.8723995449 1.509, -83.474859136 37.8723329679 1.516, -83.4749463995 37.8722450967 1.524, -83.4750230193 37.8721427349 1.532, -83.4751284181 37.8718934052 1.55, -83.4751920445 37.8717627705 1.559, -83.4752612624 37.8716418591 1.568, -83.4753432453 37.8715341057 1.577, -83.4753873576 37.871485784 1.581, -83.4754355754 37.8714391894 1.585, -83.4755421404 37.8713547126 1.593, -83.4756780273 37.8712746484 1.602, -83.477788788 37.8702179195 1.735, -83.4786472525 37.8698097757 1.789, -83.4790587058 37.8696259622 1.814, -83.4793380031 37.8695250351 1.831, -83.4796919387 37.8694085149 1.851, -83.4800416275 37.8693174602 1.871, -83.4803231135 37.8692580554 1.887, -83.4805321058 37.8692233502 1.898, -83.4809429714 37.8691713829 1.92, -83.481138473 37.8691358677 1.931, -83.4813258378 37.8690831623 1.942, -83.4816670289 37.8689526542 1.962, -83.4818363747 37.8688998757 1.972, -83.4826274085 37.8687005633 2.016, -83.4827141095 37.868687124 2.021, -83.4827882088 37.8686891003 2.025, -83.4828492095 37.8687114288 2.028, -83.4828884945 37.8687525684 2.032, -83.4829073561 37.8688155675 2.036, -83.4829092931 37.868910657 2.043, -83.4828524739 37.8696224538 2.091, -83.4826977037 37.8712120075 2.199, -83.4826843529 37.8714779504 2.217, -83.4826824754 37.87168615 2.231, -83.4826900508 37.8718912354 2.245, -83.4827108638 37.8720941027 2.258, -83.4829072729 37.8734085601 2.348, -83.4829525048 37.8736514575 2.364, -83.4830144569 37.8738237985 2.376, -83.4831085938 37.8739863215 2.388, -83.4832299323 37.8741433241 2.401, -83.4838844641 37.8749056288 2.463, -83.4839308021 37.8749674165 2.468)"
"District 10","Morgan","10-20032.00","KY","985","KY-985","AM-PAVEMENT (PRI)(P)","0.0","2.015","ADDRESS CONDITION OF KY-985 FROM MILEPOINT 0 TO MILEPOINT 2.015","","2024","2026","D","STP4","140000","2030","","","","088-KY-0985-000","LINESTRING Z (-83.3910032332 37.9300180897 0, -83.391044009 37.9300771474 0.005, -83.3911305694 37.9302448117 0.017, -83.3911776515 37.9303127869 0.023, -83.391237071 37.9303854042 0.029, -83.3915799376 37.9307164402 0.059, -83.3919071777 37.9310155683 0.087, -83.3921792995 37.9312811759 0.111, -83.3924633257 37.9315868562 0.137, -83.3931913904 37.9324341027 0.209, -83.3933460906 37.9325970851 0.223, -83.393516246 37.9327540584 0.238, -83.3937405036 37.9329329916 0.255, -83.3939388713 37.9330754186 0.27, -83.3944703771 37.9334305473 0.309, -83.3946681559 37.9335806534 0.324, -83.3947902865 37.9336883124 0.334, -83.3949235525 37.933827513 0.346, -83.3950490961 37.933969581 0.358, -83.3951954555 37.9341442065 0.373, -83.3953827251 37.9343847587 0.393, -83.3954742805 37.9345049931 0.403, -83.3955556437 37.9346294193 0.412, -83.3956208952 37.9347587431 0.422, -83.3956680526 37.9348899035 0.432, -83.3956914367 37.9350269069 0.441, -83.3956974975 37.9351632892 0.451, -83.3956892494 37.9353024076 0.461, -83.3956657843 37.9354401224 0.47, -83.395611111 37.9356101804 0.483, -83.3955551751 37.9357436751 0.493, -83.3953841672 37.9361138771 0.52, -83.3953302665 37.9362487868 0.53, -83.3951171324 37.9368414931 0.573, -83.3950629311 37.9369640342 0.582, -83.3950222874 37.9370420659 0.588, -83.3949730395 37.9371180036 0.594, -83.3949161922 37.9371929642 0.6, -83.3947467796 37.9373714421 0.616, -83.3944559625 37.9376477658 0.641, -83.3943393486 37.9377803217 0.652, -83.3942807946 37.9378761266 0.66, -83.3942534216 37.9379731057 0.667, -83.3942572563 37.9380704328 0.674, -83.3942638328 37.9381035307 0.676, -83.3943006786 37.9381990457 0.683, -83.394337544 37.938261321 0.688, -83.3944106783 37.9383501439 0.695, -83.3945035202 37.9384410101 0.703, -83.3949457737 37.9388333603 0.74, -83.3950660259 37.9389349381 0.75, -83.3951679065 37.9390034571 0.757, -83.3952022281 37.9390258458 0.76, -83.3953566614 37.9390998108 0.77, -83.3954849826 37.9391441324 0.778, -83.3957060578 37.9392059676 0.791, -83.3963775234 37.9393724032 0.83, -83.3965114446 37.9394151877 0.838, -83.3965918435 37.9394503091 0.843, -83.3966668324 37.9394919162 0.848, -83.3967328927 37.9395415868 0.853, -83.3967603402 37.939572904 0.856, -83.3968708795 37.9397399436 0.869, -83.3969200144 37.939852736 0.877, -83.3969522116 37.9399745306 0.886, -83.3969744784 37.9400922807 0.894, -83.3969767202 37.9401961702 0.901, -83.3969613844 37.9403073999 0.909, -83.3969173443 37.9404158583 0.917, -83.3968690871 37.9404824755 0.923, -83.3967866142 37.9405778049 0.931, -83.3966184566 37.9407494425 0.946, -83.3965742739 37.9408078994 0.951, -83.3965365911 37.9408692334 0.955, -83.3964991668 37.9409660113 0.963, -83.3964906787 37.9410364448 0.968, -83.3964990722 37.9411432032 0.975, -83.3965073312 37.9411779832 0.977, -83.3965401911 37.9412572095 0.983, -83.3965619258 37.941293632 0.986, -83.3966395023 37.9413847403 0.994, -83.3967102173 37.9414408218 0.999, -83.397116517 37.9417321736 1.03, -83.3972444992 37.9418308811 1.04, -83.3973966543 37.9419657848 1.052, -83.3975289839 37.9421132048 1.065, -83.3975778991 37.9421784653 1.07, -83.3976659427 37.9423222537 1.082, -83.3977523726 37.9425058438 1.095, -83.3978033635 37.9426585072 1.106, -83.3978326938 37.9428159574 1.117, -83.3978421014 37.9429345503 1.126, -83.3978362013 37.9430871766 1.136, -83.3978100818 37.9432429701 1.147, -83.3977664956 37.9434025368 1.159, -83.3977514048 37.943440696 1.162, -83.3977043815 37.9435556891 1.17, -83.3976291708 37.9437061066 1.181, -83.3973707993 37.9441396755 1.215, -83.3973107227 37.9442505618 1.223, -83.3972341271 37.944422655 1.236, -83.3972012405 37.9445294137 1.244, -83.3971788701 37.9446545139 1.253, -83.3971763984 37.9447866047 1.262, -83.3971919027 37.9449207028 1.271, -83.3972308639 37.9451025205 1.284, -83.3972507785 37.9452397288 1.294, -83.3972492165 37.9453759586 1.304, -83.3972329098 37.9454522794 1.309, -83.3972176141 37.9455077424 1.313, -83.3971505205 37.9456319497 1.322, -83.397063975 37.9457351642 1.331, -83.396945125 37.9458396563 1.341, -83.3966162371 37.9461014883 1.367, -83.3965149692 37.9461876505 1.375, -83.3964436949 37.9462579286 1.381, -83.3963554974 37.9463693515 1.39, -83.3962913333 37.9464886722 1.399, -83.3962494594 37.946616129 1.408, -83.3962197067 37.9467877838 1.421, -83.396199342 37.9470458887 1.439, -83.3961624311 37.9476926654 1.484, -83.3961328823 37.9479667941 1.503, -83.3961267955 37.948005408 1.506, -83.3960303942 37.9482435872 1.523, -83.3959987029 37.9483127325 1.528, -83.3959328175 37.9484097661 1.536, -83.3958259825 37.9485180691 1.546, -83.3957365012 37.9485934774 1.553, -83.395573558 37.9487097242 1.565, -83.3951860951 37.948936592 1.592, -83.3950549695 37.9490232549 1.601, -83.3949436241 37.9491097641 1.609, -83.3948523424 37.9491980471 1.617, -83.3947781865 37.9492932664 1.625, -83.3947447066 37.9493967156 1.632, -83.3947206353 37.9495096939 1.64, -83.3947067244 37.9496195784 1.647, -83.3947232909 37.9497528741 1.656, -83.3947835842 37.9500381388 1.676, -83.394867921 37.9503527301 1.697, -83.3949702103 37.9506701526 1.719, -83.3951124645 37.9511705128 1.754, -83.3951450097 37.9513794005 1.768, -83.3951534403 37.9515067644 1.777, -83.3951507265 37.9516789593 1.788, -83.3951206099 37.9522102142 1.824, -83.3951190658 37.9523566091 1.834, -83.3950932292 37.9526338338 1.853, -83.3950787025 37.9529154053 1.872, -83.3950434128 37.9532061776 1.891, -83.394991116 37.953497159 1.911, -83.3949033265 37.9538022657 1.932, -83.3948065437 37.9540302714 1.948, -83.3947157074 37.9542023534 1.961, -83.3943005584 37.9549378086 2.015)"
"District 10","Morgan","10-20032.00","KY","985","KY-985","AM-PAVEMENT (PRI)(P)","0.0","2.015","ADDRESS CONDITION OF KY-985 FROM MILEPOINT 0 TO MILEPOINT 2.015","","2024","2026","C","STP4","1610000","2030","","","","088-KY-0985-000","LINESTRING Z (-83.3910032332 37.9300180897 0, -83.391044009 37.9300771474 0.005, -83.3911305694 37.9302448117 0.017, -83.3911776515 37.9303127869 0.023, -83.391237071 37.9303854042 0.029, -83.3915799376 37.9307164402 0.059, -83.3919071777 37.9310155683 0.087, -83.3921792995 37.9312811759 0.111, -83.3924633257 37.9315868562 0.137, -83.3931913904 37.9324341027 0.209, -83.3933460906 37.9325970851 0.223, -83.393516246 37.9327540584 0.238, -83.3937405036 37.9329329916 0.255, -83.3939388713 37.9330754186 0.27, -83.3944703771 37.9334305473 0.309, -83.3946681559 37.9335806534 0.324, -83.3947902865 37.9336883124 0.334, -83.3949235525 37.933827513 0.346, -83.3950490961 37.933969581 0.358, -83.3951954555 37.9341442065 0.373, -83.3953827251 37.9343847587 0.393, -83.3954742805 37.9345049931 0.403, -83.3955556437 37.9346294193 0.412, -83.3956208952 37.9347587431 0.422, -83.3956680526 37.9348899035 0.432, -83.3956914367 37.9350269069 0.441, -83.3956974975 37.9351632892 0.451, -83.3956892494 37.9353024076 0.461, -83.3956657843 37.9354401224 0.47, -83.395611111 37.9356101804 0.483, -83.3955551751 37.9357436751 0.493, -83.3953841672 37.9361138771 0.52, -83.3953302665 37.9362487868 0.53, -83.3951171324 37.9368414931 0.573, -83.3950629311 37.9369640342 0.582, -83.3950222874 37.9370420659 0.588, -83.3949730395 37.9371180036 0.594, -83.3949161922 37.9371929642 0.6, -83.3947467796 37.9373714421 0.616, -83.3944559625 37.9376477658 0.641, -83.3943393486 37.9377803217 0.652, -83.3942807946 37.9378761266 0.66, -83.3942534216 37.9379731057 0.667, -83.3942572563 37.9380704328 0.674, -83.3942638328 37.9381035307 0.676, -83.3943006786 37.9381990457 0.683, -83.394337544 37.938261321 0.688, -83.3944106783 37.9383501439 0.695, -83.3945035202 37.9384410101 0.703, -83.3949457737 37.9388333603 0.74, -83.3950660259 37.9389349381 0.75, -83.3951679065 37.9390034571 0.757, -83.3952022281 37.9390258458 0.76, -83.3953566614 37.9390998108 0.77, -83.3954849826 37.9391441324 0.778, -83.3957060578 37.9392059676 0.791, -83.3963775234 37.9393724032 0.83, -83.3965114446 37.9394151877 0.838, -83.3965918435 37.9394503091 0.843, -83.3966668324 37.9394919162 0.848, -83.3967328927 37.9395415868 0.853, -83.3967603402 37.939572904 0.856, -83.3968708795 37.9397399436 0.869, -83.3969200144 37.939852736 0.877, -83.3969522116 37.9399745306 0.886, -83.3969744784 37.9400922807 0.894, -83.3969767202 37.9401961702 0.901, -83.3969613844 37.9403073999 0.909, -83.3969173443 37.9404158583 0.917, -83.3968690871 37.9404824755 0.923, -83.3967866142 37.9405778049 0.931, -83.3966184566 37.9407494425 0.946, -83.3965742739 37.9408078994 0.951, -83.3965365911 37.9408692334 0.955, -83.3964991668 37.9409660113 0.963, -83.3964906787 37.9410364448 0.968, -83.3964990722 37.9411432032 0.975, -83.3965073312 37.9411779832 0.977, -83.3965401911 37.9412572095 0.983, -83.3965619258 37.941293632 0.986, -83.3966395023 37.9413847403 0.994, -83.3967102173 37.9414408218 0.999, -83.397116517 37.9417321736 1.03, -83.3972444992 37.9418308811 1.04, -83.3973966543 37.9419657848 1.052, -83.3975289839 37.9421132048 1.065, -83.3975778991 37.9421784653 1.07, -83.3976659427 37.9423222537 1.082, -83.3977523726 37.9425058438 1.095, -83.3978033635 37.9426585072 1.106, -83.3978326938 37.9428159574 1.117, -83.3978421014 37.9429345503 1.126, -83.3978362013 37.9430871766 1.136, -83.3978100818 37.9432429701 1.147, -83.3977664956 37.9434025368 1.159, -83.3977514048 37.943440696 1.162, -83.3977043815 37.9435556891 1.17, -83.3976291708 37.9437061066 1.181, -83.3973707993 37.9441396755 1.215, -83.3973107227 37.9442505618 1.223, -83.3972341271 37.944422655 1.236, -83.3972012405 37.9445294137 1.244, -83.3971788701 37.9446545139 1.253, -83.3971763984 37.9447866047 1.262, -83.3971919027 37.9449207028 1.271, -83.3972308639 37.9451025205 1.284, -83.3972507785 37.9452397288 1.294, -83.3972492165 37.9453759586 1.304, -83.3972329098 37.9454522794 1.309, -83.3972176141 37.9455077424 1.313, -83.3971505205 37.9456319497 1.322, -83.397063975 37.9457351642 1.331, -83.396945125 37.9458396563 1.341, -83.3966162371 37.9461014883 1.367, -83.3965149692 37.9461876505 1.375, -83.3964436949 37.9462579286 1.381, -83.3963554974 37.9463693515 1.39, -83.3962913333 37.9464886722 1.399, -83.3962494594 37.946616129 1.408, -83.3962197067 37.9467877838 1.421, -83.396199342 37.9470458887 1.439, -83.3961624311 37.9476926654 1.484, -83.3961328823 37.9479667941 1.503, -83.3961267955 37.948005408 1.506, -83.3960303942 37.9482435872 1.523, -83.3959987029 37.9483127325 1.528, -83.3959328175 37.9484097661 1.536, -83.3958259825 37.9485180691 1.546, -83.3957365012 37.9485934774 1.553, -83.395573558 37.9487097242 1.565, -83.3951860951 37.948936592 1.592, -83.3950549695 37.9490232549 1.601, -83.3949436241 37.9491097641 1.609, -83.3948523424 37.9491980471 1.617, -83.3947781865 37.9492932664 1.625, -83.3947447066 37.9493967156 1.632, -83.3947206353 37.9495096939 1.64, -83.3947067244 37.9496195784 1.647, -83.3947232909 37.9497528741 1.656, -83.3947835842 37.9500381388 1.676, -83.394867921 37.9503527301 1.697, -83.3949702103 37.9506701526 1.719, -83.3951124645 37.9511705128 1.754, -83.3951450097 37.9513794005 1.768, -83.3951534403 37.9515067644 1.777, -83.3951507265 37.9516789593 1.788, -83.3951206099 37.9522102142 1.824, -83.3951190658 37.9523566091 1.834, -83.3950932292 37.9526338338 1.853, -83.3950787025 37.9529154053 1.872, -83.3950434128 37.9532061776 1.891, -83.394991116 37.953497159 1.911, -83.3949033265 37.9538022657 1.932, -83.3948065437 37.9540302714 1.948, -83.3947157074 37.9542023534 1.961, -83.3943005584 37.9549378086 2.015)"
"District 10","Morgan","10-20033.00","KY","1260","KY-1260","AM-PAVEMENT (PRI)(P)","0.0","2.8","ADDRESS CONDITION OF KY-1260 FROM MILEPOINT 0 TO MILEPOINT 2.8","","2024","2026","D","STP4","160000","2029","","","","088-KY-1260-000","LINESTRING Z (-83.0973809589 37.9059894868 0, -83.0972446736 37.9058641551 0.011, -83.0971880958 37.9057884245 0.018, -83.0971728035 37.9057410985 0.021, -83.097163004 37.9056856536 0.025, -83.0971620928 37.9056240907 0.029, -83.0971907674 37.9053178453 0.05, -83.0971921679 37.9052305084 0.056, -83.0971831939 37.9051423869 0.063, -83.0971548943 37.9050420173 0.07, -83.0971200237 37.9049508402 0.076, -83.0970183754 37.9047493598 0.091, -83.0969023329 37.9045431591 0.107, -83.0967963739 37.9043748248 0.12, -83.0963615651 37.9037465745 0.17, -83.0961416866 37.9034193424 0.195, -83.096049697 37.9032966555 0.205, -83.0959509662 37.9031782132 0.215, -83.0958390811 37.9030688146 0.225, -83.0957770771 37.9030187875 0.23, -83.0956414991 37.9029319332 0.239, -83.0955707356 37.9028940721 0.244, -83.095407672 37.9028291271 0.254, -83.0952342852 37.9027716427 0.264, -83.0948655382 37.9026602984 0.286, -83.0942700614 37.9024899893 0.321, -83.0934318697 37.9022424923 0.37, -83.0930708596 37.9021475268 0.391, -83.0927847793 37.9020902432 0.407, -83.0918815366 37.9019742432 0.458, -83.0916515458 37.901938554 0.47, -83.0914225141 37.9018954681 0.483, -83.0911937602 37.9018446949 0.497, -83.0907391125 37.9017311229 0.523, -83.0902943533 37.9016029356 0.549, -83.090078032 37.9015343083 0.562, -83.0895791557 37.9013587386 0.592, -83.0893671906 37.9012750968 0.605, -83.0890193919 37.9011216217 0.627, -83.0887435404 37.9009923005 0.644, -83.0884742502 37.9008540606 0.662, -83.0883447727 37.9007810736 0.671, -83.0882209874 37.9007040938 0.679, -83.0881074369 37.9006221244 0.688, -83.0880013304 37.9005356531 0.696, -83.0879033499 37.9004449703 0.704, -83.0877681496 37.9002998692 0.717, -83.0876446289 37.9001481636 0.729, -83.0873724362 37.8997922554 0.758, -83.0872920072 37.8996956492 0.766, -83.0872304863 37.8996324402 0.772, -83.087166431 37.8995721961 0.777, -83.0869166579 37.8993736748 0.797, -83.0867585272 37.8992588259 0.809, -83.0865934984 37.8991526118 0.82, -83.0865082622 37.899102878 0.826, -83.0863273477 37.899014163 0.838, -83.0861352884 37.8989364601 0.85, -83.0852991636 37.8986526834 0.9, -83.0850864683 37.8985703916 0.913, -83.084875862 37.8984782547 0.926, -83.0833840746 37.897762555 1.022, -83.0827431946 37.8974397721 1.064, -83.0825357221 37.8973281946 1.078, -83.0822007462 37.8971373485 1.1, -83.0819390363 37.8969819561 1.118, -83.0817486118 37.8968592247 1.132, -83.0815625525 37.8967308221 1.145, -83.0806651507 37.8960807586 1.212, -83.0804854699 37.8959582685 1.225, -83.0802990096 37.8958411194 1.238, -83.079907213 37.8956206784 1.265, -83.0791067827 37.8951950724 1.318, -83.0788512117 37.8950524496 1.335, -83.0787277717 37.8949760172 1.344, -83.0785514622 37.8948467318 1.357, -83.0783885172 37.8947026378 1.37, -83.0782496057 37.8945362857 1.384, -83.0778546527 37.8940198631 1.426, -83.0777143481 37.8938537532 1.44, -83.0775353378 37.8936554433 1.457, -83.0772709103 37.8933744183 1.481, -83.0771316873 37.8932168494 1.495, -83.0770065188 37.8930541044 1.508, -83.0768988501 37.8928868114 1.521, -83.0768135614 37.8927142568 1.534, -83.0767522347 37.8925405975 1.546, -83.0767049824 37.8923708289 1.558, -83.0766523048 37.892207257 1.57, -83.0765873553 37.8920475274 1.582, -83.0764978399 37.8918960316 1.593, -83.0764446691 37.8918228399 1.599, -83.0763299049 37.8916792885 1.611, -83.0760458862 37.89136512 1.638, -83.0756430415 37.8908952168 1.677, -83.0751765786 37.8903823806 1.721, -83.0750320883 37.8902365028 1.734, -83.0748723558 37.8900998957 1.747, -83.0746460214 37.8899260564 1.765, -83.0738519802 37.889335983 1.824, -83.0736853495 37.8892272419 1.836, -83.0735067013 37.8891344362 1.848, -83.0734118751 37.8890916172 1.854, -83.0729143545 37.888881936 1.885, -83.0726315294 37.8887557137 1.903, -83.0721409566 37.8885170639 1.935, -83.071978796 37.8884477104 1.945, -83.071811082 37.8883977376 1.955, -83.0716348122 37.8883733953 1.965, -83.0714539167 37.888371478 1.975, -83.0711793411 37.8884003973 1.99, -83.0708996856 37.8884451367 2.006, -83.0703468426 37.888557015 2.038, -83.070179826 37.8885834352 2.047, -83.0700185737 37.8885943257 2.056, -83.0698598165 37.8885937339 2.065, -83.0696201397 37.8885588783 2.078, -83.0693718963 37.8885021234 2.093, -83.0688531879 37.8883609033 2.123, -83.0682521725 37.8882046193 2.158, -83.0677921054 37.8880715998 2.185, -83.0672689053 37.8879110389 2.216, -83.0668301488 37.8877831715 2.242, -83.0662146337 37.8876254474 2.278, -83.0660456186 37.8875732382 2.288, -83.0657294753 37.887496243 2.306, -83.065381561 37.887425392 2.326, -83.0651983206 37.8873926394 2.337, -83.0650059158 37.8873640726 2.347, -83.0648046209 37.8873416225 2.359, -83.0641613346 37.8872901311 2.394, -83.063942444 37.8872653546 2.407, -83.0637235373 37.8872315108 2.419, -83.0635076237 37.887182075 2.431, -83.0632968122 37.8871162692 2.444, -83.0630240392 37.8870097599 2.461, -83.061340123 37.8862698766 2.567, -83.0605725405 37.885928413 2.616, -83.0599413932 37.8856389669 2.656, -83.0593533095 37.8853760539 2.693, -83.0582612382 37.8849021465 2.762, -83.0580774522 37.8848179916 2.773, -83.0579067112 37.8847278158 2.785, -83.0576772519 37.8845937097 2.8)"
"District 10","Morgan","10-20033.00","KY","1260","KY-1260","AM-PAVEMENT (PRI)(P)","0.0","2.8","ADDRESS CONDITION OF KY-1260 FROM MILEPOINT 0 TO MILEPOINT 2.8","","2024","2026","C","STP4","1840000","2029","","","","088-KY-1260-000","LINESTRING Z (-83.0973809589 37.9059894868 0, -83.0972446736 37.9058641551 0.011, -83.0971880958 37.9057884245 0.018, -83.0971728035 37.9057410985 0.021, -83.097163004 37.9056856536 0.025, -83.0971620928 37.9056240907 0.029, -83.0971907674 37.9053178453 0.05, -83.0971921679 37.9052305084 0.056, -83.0971831939 37.9051423869 0.063, -83.0971548943 37.9050420173 0.07, -83.0971200237 37.9049508402 0.076, -83.0970183754 37.9047493598 0.091, -83.0969023329 37.9045431591 0.107, -83.0967963739 37.9043748248 0.12, -83.0963615651 37.9037465745 0.17, -83.0961416866 37.9034193424 0.195, -83.096049697 37.9032966555 0.205, -83.0959509662 37.9031782132 0.215, -83.0958390811 37.9030688146 0.225, -83.0957770771 37.9030187875 0.23, -83.0956414991 37.9029319332 0.239, -83.0955707356 37.9028940721 0.244, -83.095407672 37.9028291271 0.254, -83.0952342852 37.9027716427 0.264, -83.0948655382 37.9026602984 0.286, -83.0942700614 37.9024899893 0.321, -83.0934318697 37.9022424923 0.37, -83.0930708596 37.9021475268 0.391, -83.0927847793 37.9020902432 0.407, -83.0918815366 37.9019742432 0.458, -83.0916515458 37.901938554 0.47, -83.0914225141 37.9018954681 0.483, -83.0911937602 37.9018446949 0.497, -83.0907391125 37.9017311229 0.523, -83.0902943533 37.9016029356 0.549, -83.090078032 37.9015343083 0.562, -83.0895791557 37.9013587386 0.592, -83.0893671906 37.9012750968 0.605, -83.0890193919 37.9011216217 0.627, -83.0887435404 37.9009923005 0.644, -83.0884742502 37.9008540606 0.662, -83.0883447727 37.9007810736 0.671, -83.0882209874 37.9007040938 0.679, -83.0881074369 37.9006221244 0.688, -83.0880013304 37.9005356531 0.696, -83.0879033499 37.9004449703 0.704, -83.0877681496 37.9002998692 0.717, -83.0876446289 37.9001481636 0.729, -83.0873724362 37.8997922554 0.758, -83.0872920072 37.8996956492 0.766, -83.0872304863 37.8996324402 0.772, -83.087166431 37.8995721961 0.777, -83.0869166579 37.8993736748 0.797, -83.0867585272 37.8992588259 0.809, -83.0865934984 37.8991526118 0.82, -83.0865082622 37.899102878 0.826, -83.0863273477 37.899014163 0.838, -83.0861352884 37.8989364601 0.85, -83.0852991636 37.8986526834 0.9, -83.0850864683 37.8985703916 0.913, -83.084875862 37.8984782547 0.926, -83.0833840746 37.897762555 1.022, -83.0827431946 37.8974397721 1.064, -83.0825357221 37.8973281946 1.078, -83.0822007462 37.8971373485 1.1, -83.0819390363 37.8969819561 1.118, -83.0817486118 37.8968592247 1.132, -83.0815625525 37.8967308221 1.145, -83.0806651507 37.8960807586 1.212, -83.0804854699 37.8959582685 1.225, -83.0802990096 37.8958411194 1.238, -83.079907213 37.8956206784 1.265, -83.0791067827 37.8951950724 1.318, -83.0788512117 37.8950524496 1.335, -83.0787277717 37.8949760172 1.344, -83.0785514622 37.8948467318 1.357, -83.0783885172 37.8947026378 1.37, -83.0782496057 37.8945362857 1.384, -83.0778546527 37.8940198631 1.426, -83.0777143481 37.8938537532 1.44, -83.0775353378 37.8936554433 1.457, -83.0772709103 37.8933744183 1.481, -83.0771316873 37.8932168494 1.495, -83.0770065188 37.8930541044 1.508, -83.0768988501 37.8928868114 1.521, -83.0768135614 37.8927142568 1.534, -83.0767522347 37.8925405975 1.546, -83.0767049824 37.8923708289 1.558, -83.0766523048 37.892207257 1.57, -83.0765873553 37.8920475274 1.582, -83.0764978399 37.8918960316 1.593, -83.0764446691 37.8918228399 1.599, -83.0763299049 37.8916792885 1.611, -83.0760458862 37.89136512 1.638, -83.0756430415 37.8908952168 1.677, -83.0751765786 37.8903823806 1.721, -83.0750320883 37.8902365028 1.734, -83.0748723558 37.8900998957 1.747, -83.0746460214 37.8899260564 1.765, -83.0738519802 37.889335983 1.824, -83.0736853495 37.8892272419 1.836, -83.0735067013 37.8891344362 1.848, -83.0734118751 37.8890916172 1.854, -83.0729143545 37.888881936 1.885, -83.0726315294 37.8887557137 1.903, -83.0721409566 37.8885170639 1.935, -83.071978796 37.8884477104 1.945, -83.071811082 37.8883977376 1.955, -83.0716348122 37.8883733953 1.965, -83.0714539167 37.888371478 1.975, -83.0711793411 37.8884003973 1.99, -83.0708996856 37.8884451367 2.006, -83.0703468426 37.888557015 2.038, -83.070179826 37.8885834352 2.047, -83.0700185737 37.8885943257 2.056, -83.0698598165 37.8885937339 2.065, -83.0696201397 37.8885588783 2.078, -83.0693718963 37.8885021234 2.093, -83.0688531879 37.8883609033 2.123, -83.0682521725 37.8882046193 2.158, -83.0677921054 37.8880715998 2.185, -83.0672689053 37.8879110389 2.216, -83.0668301488 37.8877831715 2.242, -83.0662146337 37.8876254474 2.278, -83.0660456186 37.8875732382 2.288, -83.0657294753 37.887496243 2.306, -83.065381561 37.887425392 2.326, -83.0651983206 37.8873926394 2.337, -83.0650059158 37.8873640726 2.347, -83.0648046209 37.8873416225 2.359, -83.0641613346 37.8872901311 2.394, -83.063942444 37.8872653546 2.407, -83.0637235373 37.8872315108 2.419, -83.0635076237 37.887182075 2.431, -83.0632968122 37.8871162692 2.444, -83.0630240392 37.8870097599 2.461, -83.061340123 37.8862698766 2.567, -83.0605725405 37.885928413 2.616, -83.0599413932 37.8856389669 2.656, -83.0593533095 37.8853760539 2.693, -83.0582612382 37.8849021465 2.762, -83.0580774522 37.8848179916 2.773, -83.0579067112 37.8847278158 2.785, -83.0576772519 37.8845937097 2.8)"
"District 10","Morgan","10-80202.00","US","460","US-460","SAFETY(P)","0.0","0.8","Improve safety and substandard geometrics on US 460 from the Menifee County Line to approximately milepoint 0.8.  (2022CCN) (2024CCR)","","2022","2026","U","SPP","180000","2031","","","","088-US-0460-000","LINESTRING Z (-83.4856616269 37.9010337347 0, -83.4854484238 37.9007389856 0.023, -83.485295385 37.9005626971 0.038, -83.4850531556 37.9003215082 0.059, -83.4849355553 37.9002219962 0.068, -83.4847756139 37.9001013417 0.08, -83.4846033185 37.899987866 0.092, -83.4843771669 37.8998670349 0.107, -83.4841893439 37.8997851271 0.118, -83.4839768129 37.8997063143 0.131, -83.4837141773 37.8996334057 0.146, -83.4834176899 37.8995678103 0.162, -83.4831370927 37.8995266955 0.178, -83.48286931 37.899508628 0.192, -83.4826312086 37.8995062416 0.205, -83.4824558475 37.8995155019 0.215, -83.4822460423 37.8995400315 0.226, -83.4820133278 37.8995767564 0.239, -83.4816527232 37.8996574441 0.259, -83.479817859 37.9001264606 0.364, -83.4767884543 37.9009163379 0.538, -83.47652296 37.9009702769 0.552, -83.4762511871 37.9010142031 0.568, -83.4759816523 37.9010416891 0.582, -83.4734704703 37.9012239278 0.719, -83.4730556528 37.9012631579 0.742, -83.4727100485 37.901306473 0.761, -83.4724429622 37.9013557014 0.776, -83.4722180961 37.9014073936 0.789, -83.4720244415 37.9014625738 0.8)"
"District 10","Morgan","10-80202.00","US","460","US-460","SAFETY(P)","0.0","0.8","Improve safety and substandard geometrics on US 460 from the Menifee County Line to approximately milepoint 0.8.  (2022CCN) (2024CCR)","","2022","2026","C","SPP","5858000","2032","","","","088-US-0460-000","LINESTRING Z (-83.4856616269 37.9010337347 0, -83.4854484238 37.9007389856 0.023, -83.485295385 37.9005626971 0.038, -83.4850531556 37.9003215082 0.059, -83.4849355553 37.9002219962 0.068, -83.4847756139 37.9001013417 0.08, -83.4846033185 37.899987866 0.092, -83.4843771669 37.8998670349 0.107, -83.4841893439 37.8997851271 0.118, -83.4839768129 37.8997063143 0.131, -83.4837141773 37.8996334057 0.146, -83.4834176899 37.8995678103 0.162, -83.4831370927 37.8995266955 0.178, -83.48286931 37.899508628 0.192, -83.4826312086 37.8995062416 0.205, -83.4824558475 37.8995155019 0.215, -83.4822460423 37.8995400315 0.226, -83.4820133278 37.8995767564 0.239, -83.4816527232 37.8996574441 0.259, -83.479817859 37.9001264606 0.364, -83.4767884543 37.9009163379 0.538, -83.47652296 37.9009702769 0.552, -83.4762511871 37.9010142031 0.568, -83.4759816523 37.9010416891 0.582, -83.4734704703 37.9012239278 0.719, -83.4730556528 37.9012631579 0.742, -83.4727100485 37.901306473 0.761, -83.4724429622 37.9013557014 0.776, -83.4722180961 37.9014073936 0.789, -83.4720244415 37.9014625738 0.8)"
"District 10","Morgan","10-80202.00","US","460","US-460","SAFETY(P)","0.0","0.8","Improve safety and substandard geometrics on US 460 from the Menifee County Line to approximately milepoint 0.8.  (2022CCN) (2024CCR)","","2022","2026","R","SPP","500000","2030","","","","088-US-0460-000","LINESTRING Z (-83.4856616269 37.9010337347 0, -83.4854484238 37.9007389856 0.023, -83.485295385 37.9005626971 0.038, -83.4850531556 37.9003215082 0.059, -83.4849355553 37.9002219962 0.068, -83.4847756139 37.9001013417 0.08, -83.4846033185 37.899987866 0.092, -83.4843771669 37.8998670349 0.107, -83.4841893439 37.8997851271 0.118, -83.4839768129 37.8997063143 0.131, -83.4837141773 37.8996334057 0.146, -83.4834176899 37.8995678103 0.162, -83.4831370927 37.8995266955 0.178, -83.48286931 37.899508628 0.192, -83.4826312086 37.8995062416 0.205, -83.4824558475 37.8995155019 0.215, -83.4822460423 37.8995400315 0.226, -83.4820133278 37.8995767564 0.239, -83.4816527232 37.8996574441 0.259, -83.479817859 37.9001264606 0.364, -83.4767884543 37.9009163379 0.538, -83.47652296 37.9009702769 0.552, -83.4762511871 37.9010142031 0.568, -83.4759816523 37.9010416891 0.582, -83.4734704703 37.9012239278 0.719, -83.4730556528 37.9012631579 0.742, -83.4727100485 37.901306473 0.761, -83.4724429622 37.9013557014 0.776, -83.4722180961 37.9014073936 0.789, -83.4720244415 37.9014625738 0.8)"
"District 10","Morgan","10-80202.00","US","460","US-460","SAFETY(P)","0.0","0.8","Improve safety and substandard geometrics on US 460 from the Menifee County Line to approximately milepoint 0.8.  (2022CCN) (2024CCR)","","2022","2026","D","SPP","580000","2029","","","","088-US-0460-000","LINESTRING Z (-83.4856616269 37.9010337347 0, -83.4854484238 37.9007389856 0.023, -83.485295385 37.9005626971 0.038, -83.4850531556 37.9003215082 0.059, -83.4849355553 37.9002219962 0.068, -83.4847756139 37.9001013417 0.08, -83.4846033185 37.899987866 0.092, -83.4843771669 37.8998670349 0.107, -83.4841893439 37.8997851271 0.118, -83.4839768129 37.8997063143 0.131, -83.4837141773 37.8996334057 0.146, -83.4834176899 37.8995678103 0.162, -83.4831370927 37.8995266955 0.178, -83.48286931 37.899508628 0.192, -83.4826312086 37.8995062416 0.205, -83.4824558475 37.8995155019 0.215, -83.4822460423 37.8995400315 0.226, -83.4820133278 37.8995767564 0.239, -83.4816527232 37.8996574441 0.259, -83.479817859 37.9001264606 0.364, -83.4767884543 37.9009163379 0.538, -83.47652296 37.9009702769 0.552, -83.4762511871 37.9010142031 0.568, -83.4759816523 37.9010416891 0.582, -83.4734704703 37.9012239278 0.719, -83.4730556528 37.9012631579 0.742, -83.4727100485 37.901306473 0.761, -83.4724429622 37.9013557014 0.776, -83.4722180961 37.9014073936 0.789, -83.4720244415 37.9014625738 0.8)"
"District 10","Morgan","10-80307.00","US","460","US-460","SAFETY(P)","27.06","28.238","Improve safety and reliability of US 460 from the intersection of KY 1081 to the Magoffin County line (2024CCN)","","2024","2026","R","SPP","500000","2030","","","","088-US-0460-000","LINESTRING Z (-83.1920013617 37.8387727381 27.06, -83.1919927812 37.838758723 27.061, -83.1919404834 37.8386781853 27.067, -83.1918077378 37.8385296864 27.08, -83.1916481056 37.8383973611 27.092, -83.1914622682 37.8382814999 27.105, -83.1912617871 37.8381883988 27.118, -83.1910492571 37.8381131677 27.131, -83.1908253457 37.8380464803 27.144, -83.1895990025 37.8377057674 27.215, -83.1890995697 37.8375523056 27.244, -83.1888561264 37.8374695295 27.259, -83.1883774973 37.8372956369 27.288, -83.1876948878 37.8370299326 27.329, -83.1874653799 37.8369449838 27.343, -83.1872428313 37.8368791439 27.356, -83.1871290125 37.8368546853 27.363, -83.187014293 37.8368362505 27.369, -83.1867806112 37.8368218179 27.382, -83.1865461431 37.8368400619 27.395, -83.1863132046 37.8368841642 27.408, -83.1857039429 37.8370313347 27.443, -83.185342724 37.8371083549 27.463, -83.185101188 37.8371506197 27.477, -83.184983922 37.8371656461 27.483, -83.1848634891 37.8371720863 27.49, -83.1846233755 37.8371632791 27.503, -83.1843794 37.8371359792 27.517, -83.184134952 37.8371023491 27.53, -83.1835238108 37.8370038481 27.564, -83.1829252836 37.8368913325 27.598, -83.182701482 37.8368317753 27.611, -83.1825166987 37.8367659257 27.622, -83.1822985563 37.8366630819 27.636, -83.182134312 37.8365644362 27.647, -83.1818723809 37.8363957964 27.666, -83.181456212 37.8360798244 27.697, -83.1813074419 37.835954591 27.709, -83.1811821698 37.8358210788 27.72, -83.1810785692 37.8356819949 27.731, -83.1810345866 37.8356117992 27.737, -83.1809564468 37.8354677763 27.748, -83.1806479946 37.8348233645 27.795, -83.1805392985 37.8346116371 27.811, -83.1804155397 37.8344146914 27.826, -83.1803228036 37.8342920543 27.836, -83.1802219241 37.8341744585 27.846, -83.180092285 37.834047169 27.857, -83.1798430769 37.8338417123 27.877, -83.1795039218 37.8336029691 27.901, -83.1788885379 37.8331889462 27.945, -83.178614888 37.8330291095 27.964, -83.1784667994 37.8329643303 27.973, -83.1783209742 37.8329141616 27.982, -83.178156708 37.8328663365 27.992, -83.1774928535 37.8327309345 28.029, -83.1773423724 37.8327051144 28.037, -83.1770155574 37.8326199399 28.056, -83.1767880119 37.8325490237 28.07, -83.1765170086 37.8324527056 28.086, -83.175472299 37.8320432834 28.149, -83.1750739609 37.8319032375 28.173, -83.174819229 37.8318372182 28.188, -83.1744964637 37.8317752034 28.206, -83.1741215336 37.8316892414 28.227, -83.1740221378 37.8316587666 28.233, -83.1739458079 37.8316224775 28.238)"
"District 10","Morgan","10-80307.00","US","460","US-460","SAFETY(P)","27.06","28.238","Improve safety and reliability of US 460 from the intersection of KY 1081 to the Magoffin County line (2024CCN)","","2024","2026","U","SPP","750000","2031","","","","088-US-0460-000","LINESTRING Z (-83.1920013617 37.8387727381 27.06, -83.1919927812 37.838758723 27.061, -83.1919404834 37.8386781853 27.067, -83.1918077378 37.8385296864 27.08, -83.1916481056 37.8383973611 27.092, -83.1914622682 37.8382814999 27.105, -83.1912617871 37.8381883988 27.118, -83.1910492571 37.8381131677 27.131, -83.1908253457 37.8380464803 27.144, -83.1895990025 37.8377057674 27.215, -83.1890995697 37.8375523056 27.244, -83.1888561264 37.8374695295 27.259, -83.1883774973 37.8372956369 27.288, -83.1876948878 37.8370299326 27.329, -83.1874653799 37.8369449838 27.343, -83.1872428313 37.8368791439 27.356, -83.1871290125 37.8368546853 27.363, -83.187014293 37.8368362505 27.369, -83.1867806112 37.8368218179 27.382, -83.1865461431 37.8368400619 27.395, -83.1863132046 37.8368841642 27.408, -83.1857039429 37.8370313347 27.443, -83.185342724 37.8371083549 27.463, -83.185101188 37.8371506197 27.477, -83.184983922 37.8371656461 27.483, -83.1848634891 37.8371720863 27.49, -83.1846233755 37.8371632791 27.503, -83.1843794 37.8371359792 27.517, -83.184134952 37.8371023491 27.53, -83.1835238108 37.8370038481 27.564, -83.1829252836 37.8368913325 27.598, -83.182701482 37.8368317753 27.611, -83.1825166987 37.8367659257 27.622, -83.1822985563 37.8366630819 27.636, -83.182134312 37.8365644362 27.647, -83.1818723809 37.8363957964 27.666, -83.181456212 37.8360798244 27.697, -83.1813074419 37.835954591 27.709, -83.1811821698 37.8358210788 27.72, -83.1810785692 37.8356819949 27.731, -83.1810345866 37.8356117992 27.737, -83.1809564468 37.8354677763 27.748, -83.1806479946 37.8348233645 27.795, -83.1805392985 37.8346116371 27.811, -83.1804155397 37.8344146914 27.826, -83.1803228036 37.8342920543 27.836, -83.1802219241 37.8341744585 27.846, -83.180092285 37.834047169 27.857, -83.1798430769 37.8338417123 27.877, -83.1795039218 37.8336029691 27.901, -83.1788885379 37.8331889462 27.945, -83.178614888 37.8330291095 27.964, -83.1784667994 37.8329643303 27.973, -83.1783209742 37.8329141616 27.982, -83.178156708 37.8328663365 27.992, -83.1774928535 37.8327309345 28.029, -83.1773423724 37.8327051144 28.037, -83.1770155574 37.8326199399 28.056, -83.1767880119 37.8325490237 28.07, -83.1765170086 37.8324527056 28.086, -83.175472299 37.8320432834 28.149, -83.1750739609 37.8319032375 28.173, -83.174819229 37.8318372182 28.188, -83.1744964637 37.8317752034 28.206, -83.1741215336 37.8316892414 28.227, -83.1740221378 37.8316587666 28.233, -83.1739458079 37.8316224775 28.238)"
"District 10","Morgan","10-80307.00","US","460","US-460","SAFETY(P)","27.06","28.238","Improve safety and reliability of US 460 from the intersection of KY 1081 to the Magoffin County line (2024CCN)","","2024","2026","D","SPP","1200000","2029","","","","088-US-0460-000","LINESTRING Z (-83.1920013617 37.8387727381 27.06, -83.1919927812 37.838758723 27.061, -83.1919404834 37.8386781853 27.067, -83.1918077378 37.8385296864 27.08, -83.1916481056 37.8383973611 27.092, -83.1914622682 37.8382814999 27.105, -83.1912617871 37.8381883988 27.118, -83.1910492571 37.8381131677 27.131, -83.1908253457 37.8380464803 27.144, -83.1895990025 37.8377057674 27.215, -83.1890995697 37.8375523056 27.244, -83.1888561264 37.8374695295 27.259, -83.1883774973 37.8372956369 27.288, -83.1876948878 37.8370299326 27.329, -83.1874653799 37.8369449838 27.343, -83.1872428313 37.8368791439 27.356, -83.1871290125 37.8368546853 27.363, -83.187014293 37.8368362505 27.369, -83.1867806112 37.8368218179 27.382, -83.1865461431 37.8368400619 27.395, -83.1863132046 37.8368841642 27.408, -83.1857039429 37.8370313347 27.443, -83.185342724 37.8371083549 27.463, -83.185101188 37.8371506197 27.477, -83.184983922 37.8371656461 27.483, -83.1848634891 37.8371720863 27.49, -83.1846233755 37.8371632791 27.503, -83.1843794 37.8371359792 27.517, -83.184134952 37.8371023491 27.53, -83.1835238108 37.8370038481 27.564, -83.1829252836 37.8368913325 27.598, -83.182701482 37.8368317753 27.611, -83.1825166987 37.8367659257 27.622, -83.1822985563 37.8366630819 27.636, -83.182134312 37.8365644362 27.647, -83.1818723809 37.8363957964 27.666, -83.181456212 37.8360798244 27.697, -83.1813074419 37.835954591 27.709, -83.1811821698 37.8358210788 27.72, -83.1810785692 37.8356819949 27.731, -83.1810345866 37.8356117992 27.737, -83.1809564468 37.8354677763 27.748, -83.1806479946 37.8348233645 27.795, -83.1805392985 37.8346116371 27.811, -83.1804155397 37.8344146914 27.826, -83.1803228036 37.8342920543 27.836, -83.1802219241 37.8341744585 27.846, -83.180092285 37.834047169 27.857, -83.1798430769 37.8338417123 27.877, -83.1795039218 37.8336029691 27.901, -83.1788885379 37.8331889462 27.945, -83.178614888 37.8330291095 27.964, -83.1784667994 37.8329643303 27.973, -83.1783209742 37.8329141616 27.982, -83.178156708 37.8328663365 27.992, -83.1774928535 37.8327309345 28.029, -83.1773423724 37.8327051144 28.037, -83.1770155574 37.8326199399 28.056, -83.1767880119 37.8325490237 28.07, -83.1765170086 37.8324527056 28.086, -83.175472299 37.8320432834 28.149, -83.1750739609 37.8319032375 28.173, -83.174819229 37.8318372182 28.188, -83.1744964637 37.8317752034 28.206, -83.1741215336 37.8316892414 28.227, -83.1740221378 37.8316587666 28.233, -83.1739458079 37.8316224775 28.238)"
"District 10","Morgan","10-80307.00","US","460","US-460","SAFETY(P)","27.06","28.238","Improve safety and reliability of US 460 from the intersection of KY 1081 to the Magoffin County line (2024CCN)","","2024","2026","C","SPP","10000000","2032","","","","088-US-0460-000","LINESTRING Z (-83.1920013617 37.8387727381 27.06, -83.1919927812 37.838758723 27.061, -83.1919404834 37.8386781853 27.067, -83.1918077378 37.8385296864 27.08, -83.1916481056 37.8383973611 27.092, -83.1914622682 37.8382814999 27.105, -83.1912617871 37.8381883988 27.118, -83.1910492571 37.8381131677 27.131, -83.1908253457 37.8380464803 27.144, -83.1895990025 37.8377057674 27.215, -83.1890995697 37.8375523056 27.244, -83.1888561264 37.8374695295 27.259, -83.1883774973 37.8372956369 27.288, -83.1876948878 37.8370299326 27.329, -83.1874653799 37.8369449838 27.343, -83.1872428313 37.8368791439 27.356, -83.1871290125 37.8368546853 27.363, -83.187014293 37.8368362505 27.369, -83.1867806112 37.8368218179 27.382, -83.1865461431 37.8368400619 27.395, -83.1863132046 37.8368841642 27.408, -83.1857039429 37.8370313347 27.443, -83.185342724 37.8371083549 27.463, -83.185101188 37.8371506197 27.477, -83.184983922 37.8371656461 27.483, -83.1848634891 37.8371720863 27.49, -83.1846233755 37.8371632791 27.503, -83.1843794 37.8371359792 27.517, -83.184134952 37.8371023491 27.53, -83.1835238108 37.8370038481 27.564, -83.1829252836 37.8368913325 27.598, -83.182701482 37.8368317753 27.611, -83.1825166987 37.8367659257 27.622, -83.1822985563 37.8366630819 27.636, -83.182134312 37.8365644362 27.647, -83.1818723809 37.8363957964 27.666, -83.181456212 37.8360798244 27.697, -83.1813074419 37.835954591 27.709, -83.1811821698 37.8358210788 27.72, -83.1810785692 37.8356819949 27.731, -83.1810345866 37.8356117992 27.737, -83.1809564468 37.8354677763 27.748, -83.1806479946 37.8348233645 27.795, -83.1805392985 37.8346116371 27.811, -83.1804155397 37.8344146914 27.826, -83.1803228036 37.8342920543 27.836, -83.1802219241 37.8341744585 27.846, -83.180092285 37.834047169 27.857, -83.1798430769 37.8338417123 27.877, -83.1795039218 37.8336029691 27.901, -83.1788885379 37.8331889462 27.945, -83.178614888 37.8330291095 27.964, -83.1784667994 37.8329643303 27.973, -83.1783209742 37.8329141616 27.982, -83.178156708 37.8328663365 27.992, -83.1774928535 37.8327309345 28.029, -83.1773423724 37.8327051144 28.037, -83.1770155574 37.8326199399 28.056, -83.1767880119 37.8325490237 28.07, -83.1765170086 37.8324527056 28.086, -83.175472299 37.8320432834 28.149, -83.1750739609 37.8319032375 28.173, -83.174819229 37.8318372182 28.188, -83.1744964637 37.8317752034 28.206, -83.1741215336 37.8316892414 28.227, -83.1740221378 37.8316587666 28.233, -83.1739458079 37.8316224775 28.238)"
"District 10","Morgan","10-80400.00","US","460","US-460","PLANNING-OKI(O)","0.0","28.238","Planning study on US 460 to assess needs and program future projects from the Menifee Co. line to Salyersville (2026CCN)","","2026","2026","P","SPP","500000","2029","","","","088-US-0460-000","LINESTRING Z (-83.4856616269 37.9010337347 0, -83.4854484238 37.9007389856 0.023, -83.485295385 37.9005626971 0.038, -83.4850531556 37.9003215082 0.059, -83.4849355553 37.9002219962 0.068, -83.4847756139 37.9001013417 0.08, -83.4846033185 37.899987866 0.092, -83.4843771669 37.8998670349 0.107, -83.4841893439 37.8997851271 0.118, -83.4839768129 37.8997063143 0.131, -83.4837141773 37.8996334057 0.146, -83.4834176899 37.8995678103 0.162, -83.4831370927 37.8995266955 0.178, -83.48286931 37.899508628 0.192, -83.4826312086 37.8995062416 0.205, -83.4824558475 37.8995155019 0.215, -83.4822460423 37.8995400315 0.226, -83.4820133278 37.8995767564 0.239, -83.4816527232 37.8996574441 0.259, -83.479817859 37.9001264606 0.364, -83.4767884543 37.9009163379 0.538, -83.47652296 37.9009702769 0.552, -83.4762511871 37.9010142031 0.568, -83.4759816523 37.9010416891 0.582, -83.4734704703 37.9012239278 0.719, -83.4730556528 37.9012631579 0.742, -83.4727100485 37.901306473 0.761, -83.4724429622 37.9013557014 0.776, -83.4722180961 37.9014073936 0.789, -83.4720068366 37.9014675902 0.801, -83.4717878421 37.9015424719 0.814, -83.4715263977 37.9016448274 0.83, -83.4712686446 37.9017623631 0.846, -83.4702257146 37.9022701809 0.913, -83.4700155891 37.9023608894 0.926, -83.4697726394 37.9024479401 0.94, -83.4696088202 37.9024986121 0.95, -83.4692340823 37.902586956 0.971, -83.4690688601 37.902615623 0.98, -83.4688435586 37.9026475203 0.993, -83.468581782 37.9026704704 1.007, -83.4680280121 37.9026732008 1.037, -83.4677547122 37.9026426307 1.052, -83.4675682995 37.9026164905 1.062, -83.4673944963 37.9025861996 1.072, -83.4672195695 37.9025473695 1.082, -83.4670441879 37.9025008394 1.092, -83.4668735056 37.9024480814 1.102, -83.4666271223 37.9023542951 1.117, -83.4662301514 37.902174624 1.142, -83.4629403842 37.9004682402 1.357, -83.4627025596 37.9003559313 1.372, -83.4625145729 37.9002800294 1.384, -83.4622957324 37.9002040766 1.397, -83.4620424803 37.9001310255 1.412, -83.4617757316 37.9000684267 1.427, -83.4615950487 37.9000366189 1.437, -83.4613265447 37.9000083243 1.452, -83.4607404879 37.8999570976 1.484, -83.4558777608 37.8995555963 1.749, -83.4555656297 37.8995256138 1.766, -83.4552013959 37.8994764842 1.786, -83.4549732018 37.8994341253 1.799, -83.454754366 37.8993806855 1.811, -83.4543345426 37.8992461312 1.836, -83.4541424812 37.8991566743 1.848, -83.4538800157 37.8990122744 1.865, -83.453766659 37.8989449555 1.873, -83.4535928268 37.898826733 1.886, -83.453318728 37.898588152 1.908, -83.4530858895 37.8983718021 1.928, -83.452921063 37.8982092505 1.943, -83.4519430384 37.8972286531 2.03, -83.4509225476 37.8961985925 2.12, -83.4506515196 37.8959287464 2.144, -83.4504747147 37.8957615614 2.159, -83.4501072124 37.8954392818 2.189, -83.4496954919 37.8951455314 2.219, -83.4494786712 37.8950055848 2.235, -83.4492536081 37.8948742669 2.25, -83.4488562309 37.8946656814 2.276, -83.4485211411 37.8945052897 2.298, -83.446080529 37.8934062087 2.452, -83.4456945746 37.8932209126 2.476, -83.4454969367 37.8931110029 2.49, -83.4454127279 37.8930544109 2.496, -83.4453318266 37.8929918394 2.502, -83.4452668186 37.8929309538 2.507, -83.4452029873 37.8928656942 2.513, -83.4451073017 37.8927325052 2.524, -83.4450458333 37.8925914705 2.534, -83.44501613 37.892443365 2.544, -83.4450185908 37.8923755574 2.549, -83.4450248238 37.8922979345 2.556, -83.4450639073 37.8921228791 2.573, -83.445191806 37.8917119309 2.602, -83.4452284674 37.8915700701 2.612, -83.445239568 37.8914252356 2.622, -83.445217073 37.8912794687 2.632, -83.4451651899 37.8911312037 2.643, -83.4451284387 37.8910535629 2.649, -83.4450014091 37.8908472349 2.665, -83.4442881077 37.8898766959 2.743, -83.4433503487 37.8886347277 2.843, -83.4423891918 37.8873104269 2.951, -83.4422024446 37.8870743541 2.97, -83.4420526966 37.8869189487 2.984, -83.4418795416 37.8867694033 2.998, -83.4416909006 37.8866385102 3.012, -83.4414830308 37.8865239968 3.026, -83.4413975319 37.8864868817 3.031, -83.4412559058 37.8864266874 3.04, -83.4410193809 37.8863418303 3.055, -83.4405805827 37.8861964138 3.081, -83.4403979658 37.8861279974 3.092, -83.4402385818 37.8860482229 3.103, -83.4401042568 37.8859541063 3.113, -83.4399923046 37.885842846 3.123, -83.4398909024 37.8857045954 3.134, -83.4398014305 37.8855506448 3.146, -83.4396175288 37.88514622 3.177, -83.4395125927 37.8849436158 3.192, -83.4394501191 37.8848352491 3.201, -83.4392531624 37.8845160054 3.226, -83.4384345861 37.8832694653 3.325, -83.4383236326 37.8830821252 3.34, -83.4382242457 37.8828796286 3.355, -83.438159683 37.8827495166 3.365, -83.4380924442 37.8825830895 3.377, -83.4378496681 37.8819115767 3.425, -83.4377866009 37.8817004517 3.44, -83.4377583117 37.8815520965 3.451, -83.4377414585 37.8813927033 3.462, -83.4377384837 37.8811552866 3.478, -83.4377568675 37.8808666424 3.498, -83.4377959049 37.8805492839 3.52, -83.4378267306 37.880350443 3.534, -83.4379304762 37.8798590835 3.569, -83.4381012605 37.8791412978 3.619, -83.4381430624 37.8789349797 3.634, -83.4381712758 37.8787198789 3.649, -83.438171204 37.8784338938 3.669, -83.4381521824 37.8782884686 3.679, -83.4381143865 37.8781116308 3.691, -83.4380373087 37.8778941865 3.707, -83.4379124972 37.8776626191 3.724, -83.4377381093 37.877420462 3.744, -83.4375121572 37.8771536651 3.766, -83.4367552919 37.8763643576 3.835, -83.436651627 37.8762436409 3.845, -83.4365643788 37.8761188523 3.855, -83.4365026685 37.8759975865 3.864, -83.436464795 37.8759009653 3.871, -83.436415267 37.875711533 3.884, -83.4363971198 37.8755493666 3.895, -83.4360937526 37.8733706407 4.047, -83.4360701352 37.8732171572 4.058, -83.4360371759 37.873063215 4.069, -83.4359906652 37.87291038 4.08, -83.435926666 37.8727626963 4.09, -83.4358425782 37.8726146172 4.102, -83.435736352 37.8724762673 4.113, -83.4356609488 37.8723940164 4.12, -83.4354794093 37.8722149009 4.135, -83.435066598 37.8718290416 4.169, -83.4349377428 37.871694092 4.18, -83.4348345017 37.8715711846 4.19, -83.434714956 37.8714045499 4.203, -83.434626611 37.8712486938 4.215, -83.4345516242 37.8710867816 4.227, -83.4344161907 37.8707302774 4.252, -83.4343261291 37.8704079069 4.275, -83.4343045789 37.8702992424 4.282, -83.434299031 37.870155455 4.292, -83.4343125749 37.8700106687 4.302, -83.4343535161 37.8698763116 4.312, -83.4345081859 37.8695186467 4.338, -83.4345506293 37.8693694842 4.348, -83.4345744207 37.8691740761 4.362, -83.4345796865 37.8690280283 4.372, -83.4343976084 37.8666415185 4.536, -83.4343461506 37.8662927098 4.56, -83.4342667077 37.8659966463 4.581, -83.4341539439 37.8657243769 4.6, -83.4340048215 37.8654623808 4.62, -83.4338191921 37.8652153245 4.64, -83.4336512811 37.865022188 4.656, -83.4334587078 37.8648420268 4.672, -83.4332601239 37.8646878452 4.687, -83.433174685 37.8646276483 4.693, -83.4329901615 37.8645113795 4.706, -83.4327607811 37.8643890084 4.722, -83.4325089109 37.864276633 4.737, -83.4323904799 37.8642297958 4.745, -83.432262214 37.8641871606 4.752, -83.431986526 37.864105084 4.768, -83.4318403577 37.8640697874 4.777, -83.4316802347 37.8640375137 4.786, -83.4307320921 37.86387323 4.839, -83.4263312867 37.8631097829 5.085, -83.4259856641 37.8630370252 5.104, -83.42579357 37.8629857054 5.115, -83.4256083332 37.8629257291 5.125, -83.425404939 37.8628480861 5.138, -83.4252043752 37.8627575873 5.15, -83.4250469373 37.8626731593 5.161, -83.424951524 37.8626218247 5.168, -83.4247995474 37.8625289878 5.179, -83.4246381849 37.8624150865 5.19, -83.4244836264 37.8622941774 5.202, -83.4243959702 37.8622166218 5.209, -83.4242279034 37.8620514891 5.224, -83.4240711942 37.8618668013 5.239, -83.4240059695 37.8617811723 5.246, -83.4238690063 37.8615746217 5.262, -83.4237647278 37.861375585 5.277, -83.4237164264 37.8612696865 5.285, -83.4235683277 37.8608994561 5.312, -83.421997978 37.8568242189 5.606, -83.4218855794 37.8565862837 5.624, -83.4217700416 37.8563930662 5.639, -83.4216315636 37.8562021414 5.654, -83.421510654 37.856058542 5.666, -83.4213373521 37.8558842355 5.681, -83.4211887941 37.8557494293 5.694, -83.421088198 37.8556760109 5.701, -83.420878498 37.8555243344 5.717, -83.4205779099 37.8553541006 5.737, -83.4203506043 37.8552443816 5.752, -83.42001754 37.8551152615 5.773, -83.4197253296 37.8550311794 5.79, -83.419417555 37.8549682164 5.807, -83.4191464693 37.8549285071 5.823, -83.4188619311 37.8549088596 5.839, -83.418530388 37.8549075118 5.857, -83.4182435484 37.8549279267 5.873, -83.4179727927 37.8549656922 5.888, -83.4177002187 37.8550171579 5.904, -83.4146602889 37.8557043877 6.079, -83.4113056317 37.856404242 6.271, -83.4083625327 37.8570388407 6.441, -83.4078317347 37.8571472327 6.471, -83.4073807905 37.85722864 6.497, -83.4069294916 37.8572993248 6.522, -83.3988490044 37.8584711176 6.978, -83.3985693355 37.8585050896 6.994, -83.3982132944 37.8585325903 7.014, -83.3979382386 37.858541379 7.029, -83.3974779521 37.8585236616 7.055, -83.3914984469 37.8580418875 7.388, -83.3907240431 37.8579758147 7.43, -83.3904024673 37.857954807 7.448, -83.3900812244 37.8579450683 7.466, -83.3897480894 37.8579496511 7.484, -83.3894148026 37.8579698893 7.503, -83.3890847892 37.8580069498 7.522, -83.3887595227 37.8580581159 7.54, -83.3884413313 37.8581264562 7.558, -83.3881329488 37.8582131236 7.577, -83.3879087959 37.8582880205 7.59, -83.3876228933 37.8583976655 7.608, -83.3874193088 37.8584902818 7.621, -83.3872137483 37.8585905498 7.634, -83.3867764065 37.8588416572 7.664, -83.38579024 37.8594924526 7.736, -83.3856405806 37.8595781814 7.746, -83.3854860333 37.8596541972 7.756, -83.3853337256 37.8597143236 7.765, -83.3851674311 37.8597675752 7.775, -83.3850486486 37.8597978802 7.782, -83.3848994976 37.8598242785 7.79, -83.3847082492 37.85984516 7.801, -83.3845314788 37.8598575407 7.811, -83.3789616424 37.8600308912 8.115, -83.3787787136 37.8600299527 8.125, -83.3785734611 37.8600227948 8.137, -83.3783797741 37.8600007603 8.147, -83.3782323643 37.8599727895 8.156, -83.378053755 37.8599235853 8.166, -83.3778194478 37.8598391921 8.18, -83.3774098284 37.859646044 8.206, -83.3758148134 37.8588155234 8.31, -83.3756566079 37.8587461227 8.32, -83.3754073546 37.8586633466 8.335, -83.3752314445 37.8586273787 8.345, -83.3750491376 37.8586072161 8.355, -83.374921165 37.8586106776 8.362, -83.3747818828 37.858621053 8.369, -83.3746045237 37.8586518138 8.379, -83.374429751 37.8586991097 8.389, -83.3742972081 37.858747808 8.397, -83.3741654493 37.858815203 8.406, -83.3740127498 37.8588981095 8.416, -83.3739220639 37.8589597401 8.423, -83.3737724792 37.8590858405 8.434, -83.373654204 37.8592188922 8.446, -83.373526038 37.8594009196 8.46, -83.3729442359 37.8603394448 8.533, -83.3721176819 37.8616150558 8.634, -83.3718032725 37.8621251867 8.674, -83.3712921442 37.8629228249 8.737, -83.3709772871 37.8634249777 8.776, -83.3701043449 37.8647831538 8.883, -83.3700082452 37.8649265406 8.895, -83.3698412173 37.8651418441 8.914, -83.3697450579 37.8652440209 8.923, -83.3696443051 37.8653381371 8.932, -83.3695309876 37.8654350208 8.942, -83.3694440379 37.8654986465 8.949, -83.369327788 37.8655789874 8.957, -83.3690920696 37.8657319118 8.974, -83.3688755282 37.865859674 8.989, -83.3685039557 37.86601287 9.012, -83.3682731979 37.8660977609 9.026, -83.3681462909 37.8661322803 9.033, -83.3678964277 37.8661862901 9.047, -83.3676839988 37.8662185286 9.059, -83.3663809134 37.8663179689 9.13, -83.3660140677 37.8663349889 9.15, -83.3657766904 37.8663348509 9.163, -83.3655525321 37.8663116278 9.175, -83.3653467722 37.8662766904 9.187, -83.3649698567 37.8661869092 9.208, -83.3627262861 37.8655980138 9.337, -83.361631123 37.8653219467 9.399, -83.3610665139 37.8651962012 9.431, -83.3607145171 37.8651291647 9.451, -83.3602668058 37.8650535908 9.476, -83.359817763 37.8649870544 9.501, -83.3594552915 37.8649439779 9.521, -83.3589893358 37.8649075894 9.546, -83.3585305637 37.8648848058 9.571, -83.3579892644 37.864874355 9.601, -83.3575389466 37.8648794875 9.625, -83.3569814144 37.8648994712 9.656, -83.3564483276 37.864935059 9.685, -83.3559039096 37.8649888209 9.715, -83.3554535093 37.8650499878 9.739, -83.3549157841 37.8651324527 9.769, -83.3544722366 37.8652173821 9.794, -83.3540347523 37.8653183669 9.819, -83.3535965288 37.8654314238 9.844, -83.353169918 37.8655496602 9.869, -83.3496628539 37.8666196749 10.073, -83.3490089219 37.8668118323 10.11, -83.3487676268 37.8668788882 10.123, -83.3485258447 37.8669396145 10.137, -83.3482812837 37.8669898442 10.15, -83.3481182256 37.8670167366 10.159, -83.3477874774 37.8670531186 10.177, -83.3475379207 37.8670650572 10.19, -83.347286644 37.8670659719 10.203, -83.3470350041 37.8670567134 10.216, -83.3466134394 37.8670296984 10.239, -83.3453085053 37.8669285921 10.308, -83.3447253302 37.8668839826 10.34, -83.3436616606 37.8667916346 10.398, -83.3429409915 37.8667337658 10.437, -83.342393684 37.8666945484 10.466, -83.3420266169 37.8666754999 10.486, -83.3417472382 37.866666762 10.501, -83.3413700114 37.8666617898 10.522, -83.340022382 37.8666589275 10.595, -83.3388349277 37.866664551 10.659, -83.337935847 37.8666793703 10.708, -83.3375358974 37.8667016675 10.729, -83.3369278021 37.8667518385 10.762, -83.3349945147 37.8669715275 10.868, -83.3339863626 37.8670788595 10.924, -83.3304882024 37.8674946391 11.12, -83.3298076887 37.8675652642 11.157, -83.3294561357 37.8675910019 11.177, -83.3290993824 37.8676061911 11.197, -83.3287453671 37.8676118214 11.216, -83.3283947479 37.8676090033 11.236, -83.3281649183 37.8676004283 11.248, -83.3277118244 37.8675732465 11.273, -83.3260762765 37.8674513852 11.364, -83.3257581051 37.8674313693 11.382, -83.3254431617 37.8674185635 11.399, -83.3251337375 37.8674171332 11.416, -83.3249307545 37.8674247648 11.427, -83.3246501011 37.8674442572 11.443, -83.3244616853 37.8674620776 11.453, -83.3242044768 37.8674957871 11.468, -83.3238764034 37.8675557844 11.486, -83.3235532928 37.8676334654 11.504, -83.3232381069 37.8677231217 11.523, -83.322926733 37.8678232961 11.541, -83.3224356829 37.8679917423 11.57, -83.3205899494 37.8686347113 11.68, -83.3179049394 37.8695899864 11.841, -83.3171184145 37.8698586252 11.887, -83.3167304282 37.8699800029 11.91, -83.3164135285 37.8700685073 11.929, -83.3160905076 37.8701428727 11.947, -83.3159255379 37.8701746259 11.956, -83.3157035972 37.8702104213 11.969, -83.3153892974 37.8702514482 11.986, -83.3151726474 37.8702738903 11.998, -83.314659213 37.8703000813 12.026, -83.314300929 37.8703086019 12.046, -83.3139619345 37.8702996627 12.065, -83.3136217055 37.8702755867 12.083, -83.3133540324 37.8702477921 12.098, -83.3130484508 37.8702030034 12.115, -83.312736695 37.870145723 12.133, -83.3123607987 37.8700577181 12.154, -83.3121435927 37.8700023934 12.166, -83.3112239903 37.8697446023 12.22, -83.3103103743 37.8694946193 12.273, -83.3082262887 37.8689338089 12.393, -83.3076719298 37.8687931836 12.425, -83.3073890646 37.8687323673 12.441, -83.3071251329 37.8686859541 12.456, -83.3068238998 37.8686461847 12.472, -83.3065992714 37.8686269602 12.485, -83.3062720874 37.8686174199 12.503, -83.3059918781 37.8686231407 12.518, -83.305578885 37.8686513775 12.541, -83.3052135233 37.8686959871 12.561, -83.3049733549 37.8687379771 12.574, -83.3048376105 37.8687662019 12.582, -83.3045255664 37.8688437861 12.6, -83.3043092148 37.8689096217 12.612, -83.304106552 37.8689806858 12.624, -83.3039179977 37.8690547904 12.636, -83.3036367255 37.8691764198 12.654, -83.3034380289 37.8692742146 12.667, -83.3031869241 37.8694162498 12.685, -83.3028498372 37.8696325976 12.709, -83.3025420488 37.8698432342 12.732, -83.3023695558 37.8699764632 12.746, -83.3020888765 37.8701742009 12.767, -83.3019129717 37.8702848301 12.78, -83.3008405012 37.8710650063 12.862, -83.3004379037 37.8713648757 12.893, -83.3000305465 37.8716827768 12.925, -83.2998350878 37.8718498655 12.941, -83.2997105977 37.8719670565 12.952, -83.2995171448 37.8721677036 12.97, -83.2993693063 37.8723410026 12.985, -83.2992682376 37.8724729662 12.995, -83.2991726018 37.8726083407 13.006, -83.2990411961 37.8728190702 13.022, -83.2989227417 37.8730363877 13.039, -83.2988203649 37.873260084 13.055, -83.2987351317 37.873489358 13.072, -83.2987120757 37.873568 13.078, -83.2986670505 37.8737239332 13.089, -83.2986315957 37.8738839128 13.1, -83.2985755132 37.8742061025 13.123, -83.2985331389 37.8745329736 13.146, -83.2983959267 37.8757655789 13.232, -83.29833848 37.8761707097 13.26, -83.2982748744 37.8764897202 13.283, -83.2981943617 37.8768064559 13.305, -83.2980931297 37.8771208365 13.328, -83.2980261343 37.8772911481 13.34, -83.2978979288 37.8775827135 13.361, -83.297785371 37.877810043 13.378, -83.2976611533 37.8780335584 13.395, -83.2974290024 37.8783971355 13.423, -83.2972759963 37.87861071 13.44, -83.2970573566 37.8788907746 13.463, -83.2969409164 37.8790259881 13.474, -83.2967596618 37.8792238631 13.491, -83.2965081756 37.8794804398 13.513, -83.2954683495 37.8805035614 13.604, -83.2949313673 37.8810382531 13.651, -83.2937220223 37.8822589283 13.758, -83.2935402586 37.8824507437 13.775, -83.2929646883 37.8830505566 13.827, -83.2901513474 37.8861484587 14.09, -83.2899899656 37.8863417934 14.106, -83.2898422384 37.8865414578 14.122, -83.2897523553 37.8866799665 14.133, -83.2896720162 37.8868233456 14.144, -83.2896049938 37.8869727715 14.155, -83.2895760634 37.8870504659 14.161, -83.2895261061 37.8872079414 14.172, -83.2895064555 37.8872880263 14.177, -83.2894658528 37.8875393807 14.195, -83.2894483689 37.8877939654 14.212, -83.2894551904 37.8881306531 14.236, -83.2895022102 37.889176162 14.308, -83.2895882238 37.8907271649 14.415, -83.2896241436 37.8913666646 14.459, -83.2896266466 37.8915623248 14.473, -83.2896427921 37.8919522301 14.5, -83.2896710984 37.892633054 14.546, -83.2896751612 37.8928130879 14.559, -83.2896713566 37.8929899342 14.571, -83.2896471704 37.8932479507 14.588, -83.2896037755 37.8934997952 14.605, -83.2895612156 37.8936640196 14.617, -83.2895079898 37.8938258216 14.628, -83.2894078153 37.8940649413 14.645, -83.2893253417 37.8942200887 14.657, -83.2892336056 37.8943722959 14.668, -83.2890751282 37.8945923385 14.686, -83.2888948251 37.894801486 14.703, -83.2886947559 37.89500033 14.72, -83.2885505246 37.895125613 14.732, -83.2883193387 37.8953010032 14.749, -83.2881600192 37.8954108601 14.76, -83.2879156044 37.8955670162 14.777, -83.2869718047 37.8961324525 14.841, -83.2866581373 37.8963275419 14.862, -83.2864235997 37.8964888472 14.879, -83.2862251658 37.8966382688 14.894, -83.285949563 37.8968665717 14.915, -83.2857080492 37.8970914673 14.935, -83.2855110817 37.8973008099 14.953, -83.2853067881 37.8975426919 14.973, -83.2851565475 37.8977335062 14.988, -83.2849783549 37.8979723631 15.007, -83.2840951057 37.8992258707 15.106, -83.2839789998 37.8993805849 15.118, -83.2834363474 37.9001409368 15.178, -83.283278954 37.9003483576 15.195, -83.2831022946 37.9005616934 15.212, -83.2829894166 37.9006818583 15.222, -83.2828698114 37.9007958383 15.233, -83.2827444896 37.9009044782 15.243, -83.2826110632 37.9010066294 15.253, -83.2823290656 37.9011971518 15.272, -83.2812116935 37.901869348 15.348, -83.2806408675 37.9021845819 15.385, -83.280131165 37.9024447757 15.418, -83.2798728574 37.9025693051 15.434, -83.2795315795 37.9027280829 15.455, -83.2791162831 37.9029125049 15.481, -83.2788716553 37.9030114937 15.496, -83.2785335066 37.9031387395 15.516, -83.2784260791 37.903178519 15.523, -83.2775715879 37.9034943782 15.574, -83.2763919304 37.903922084 15.645, -83.2743886987 37.9046626934 15.766, -83.2730682166 37.9051632326 15.846, -83.2717392805 37.9056671504 15.926, -83.2715573212 37.9057372228 15.938, -83.2713782966 37.9058128528 15.949, -83.2711311708 37.9059340268 15.964, -83.2710036193 37.906004969 15.973, -83.2708843095 37.906078283 15.981, -83.270760387 37.9061754017 15.991, -83.2705887293 37.9063311313 16.005, -83.2705270784 37.9063910985 16.01, -83.2704238552 37.9065120051 16.02, -83.270331416 37.906642204 16.03, -83.2702488131 37.9067789289 16.04, -83.2701784522 37.9069227802 16.051, -83.2701224158 37.9070738007 16.061, -83.2700785847 37.9072330463 16.072, -83.2700612315 37.9073161988 16.078, -83.2700236985 37.9075667878 16.095, -83.2699549453 37.9081381541 16.134, -83.2699339593 37.9082572203 16.142, -83.2698895652 37.9084332124 16.154, -83.269829999 37.9086066867 16.166, -83.2697498168 37.908774507 16.178, -83.2696494025 37.9089355829 16.19, -83.2695312178 37.9090888662 16.202, -83.2692666746 37.9093566505 16.225, -83.2686466938 37.9098416766 16.272, -83.2678972317 37.9104132578 16.327, -83.2676562988 37.9105971936 16.345, -83.2674713493 37.9107454962 16.359, -83.2672914687 37.9108977516 16.373, -83.2668607427 37.9112914256 16.408, -83.2661242431 37.9120129976 16.47, -83.2656991561 37.9124139303 16.506, -83.2655091027 37.9125797052 16.521, -83.2653148028 37.912737697 16.536, -83.2651788126 37.9128425227 16.546, -83.2648762711 37.9130328461 16.566, -83.2643729082 37.91332745 16.6, -83.2634714444 37.9138900254 16.661, -83.2631476552 37.9140829179 16.684, -83.2628386817 37.9142785961 16.706, -83.2619844253 37.9147979265 16.767, -83.2616273462 37.9150214311 16.793, -83.2614582273 37.9151417615 16.806, -83.2613782452 37.9152101277 16.812, -83.261306743 37.9152841679 16.819, -83.2612393846 37.9153690107 16.825, -83.2611958546 37.9154362237 16.83, -83.261134701 37.9155530664 16.839, -83.2610842941 37.9157009056 16.849, -83.2610568466 37.9158569223 16.86, -83.2610526208 37.9160029904 16.87, -83.2610701504 37.9164195791 16.897, -83.2610720108 37.9165806108 16.908, -83.2610613437 37.9167737969 16.92, -83.261045512 37.9168937939 16.928, -83.2609775578 37.9172434646 16.95, -83.2608804301 37.9176870266 16.981, -83.2608186661 37.9179557822 17, -83.2607622162 37.9181903087 17.018, -83.2604783126 37.9193192231 17.099, -83.2603813616 37.9197059189 17.126, -83.260270595 37.9201835334 17.159, -83.2600203901 37.9213205771 17.242, -83.2599487533 37.9216248385 17.265, -83.2599001234 37.9218021105 17.278, -83.2593004128 37.9217218458 17.311, -83.2587137396 37.9216355353 17.344, -83.2579713501 37.9215286186 17.382, -83.2573752946 37.9214429268 17.413, -83.2570032999 37.9213875254 17.434, -83.2567427929 37.9213479434 17.448, -83.2559490298 37.9212322343 17.492, -83.2551622426 37.9211257332 17.536, -83.2545109885 37.9210418798 17.573, -83.253561719 37.9209201121 17.625, -83.2529929996 37.9208467911 17.655, -83.2527923527 37.9208216573 17.666, -83.2520749848 37.9207341898 17.706, -83.2507663719 37.9206141185 17.779, -83.2505724255 37.9205959912 17.789, -83.2498333837 37.920523985 17.83, -83.2495651967 37.9204963133 17.845, -83.2492796602 37.9204586567 17.861, -83.2489148028 37.9203976114 17.881, -83.2482790257 37.920276963 17.917, -83.2473513781 37.9200907662 17.97, -83.2456061325 37.9197256374 18.069, -83.2452181327 37.91964156 18.091, -83.2450285952 37.9195957701 18.102, -83.2446835948 37.9195016162 18.122, -83.2443692868 37.9194023446 18.142, -83.2442363324 37.9193550089 18.15, -83.2436475998 37.919146323 18.185, -83.2432195868 37.9189844614 18.211, -83.2427863954 37.9188219401 18.24, -83.2424741503 37.9187029262 18.259, -83.2406999746 37.9180066036 18.372, -83.2405207222 37.9179236617 18.383, -83.2404665818 37.91789421 18.387, -83.240304167 37.9177954167 18.399, -83.2401994245 37.9177242266 18.407, -83.2400524989 37.9176084548 18.418, -83.2399638362 37.9175233216 18.426, -83.2399191823 37.9174800605 18.43, -83.2397980851 37.9173390145 18.443, -83.2396446302 37.9171398586 18.459, -83.2395629407 37.9170230046 18.469, -83.2393655365 37.9167190621 18.492, -83.2392736327 37.9165558344 18.505, -83.2391901018 37.9163911365 18.517, -83.2391282346 37.9162216808 18.529, -83.2389112529 37.9155447821 18.577, -83.238851765 37.9153767505 18.589, -83.2381444517 37.9135871636 18.718, -83.2380502471 37.9133285529 18.736, -83.2380018319 37.9131409766 18.75, -83.2379460451 37.9127315324 18.778, -83.2379474632 37.9126898029 18.781, -83.237977231 37.9123648791 18.803, -83.2382105063 37.9106840895 18.919, -83.2382952397 37.9101089565 18.959, -83.2384540025 37.908834831 19.047, -83.2384876219 37.9086311459 19.061, -83.2385305597 37.9084185936 19.076, -83.2385972234 37.9081812726 19.093, -83.2386936113 37.9079467817 19.11, -83.2387853446 37.9077778536 19.122, -83.238892437 37.9076161214 19.135, -83.2389715632 37.9075120365 19.143, -83.239844473 37.9065479247 19.225, -83.2402151748 37.9061486717 19.259, -83.2404290445 37.9059260251 19.278, -83.2411753372 37.9051259691 19.345, -83.2412597512 37.9050294124 19.352, -83.2414856643 37.9047377878 19.375, -83.2415692415 37.904584069 19.387, -83.2416156602 37.9044218666 19.398, -83.2416418037 37.9042542865 19.409, -83.2416559039 37.9040328768 19.424, -83.2416668276 37.9036905161 19.447, -83.2416617219 37.9035241937 19.458, -83.2416656906 37.9033050408 19.473, -83.2416514252 37.9024481174 19.531, -83.2416365739 37.9022420252 19.545, -83.2416344524 37.9022125832 19.547, -83.2415960079 37.9020785186 19.556, -83.241559042 37.9019928387 19.562, -83.2415393045 37.9019512081 19.565, -83.2414582383 37.9018368397 19.574, -83.241359167 37.9017319788 19.583, -83.2412504055 37.9016368012 19.592, -83.2411232187 37.9015533198 19.6, -83.241003555 37.9014933509 19.608, -83.2408711464 37.9014309118 19.616, -83.2408003153 37.9014134676 19.621, -83.2405945055 37.9013684212 19.632, -83.2404659339 37.9013461748 19.639, -83.2402737166 37.9013297149 19.65, -83.2400221993 37.9013238038 19.664, -83.2395714541 37.9013240848 19.689, -83.2385538427 37.9013339785 19.745, -83.2381356482 37.9013456629 19.768, -83.2379215988 37.9013595039 19.779, -83.2377090389 37.9013805184 19.791, -83.2372819911 37.9014384418 19.815, -83.236628658 37.9015437318 19.852, -83.2361970888 37.9016325992 19.876, -83.2361249222 37.9016544106 19.88, -83.2357912203 37.9017813562 19.901, -83.2356134332 37.9018605298 19.912, -83.2353859528 37.9019735326 19.927, -83.2349948469 37.9022080445 19.954, -83.2340884924 37.902789251 20.018, -83.2329977618 37.903510196 20.096, -83.2324751902 37.9038781578 20.134, -83.2316224567 37.9045126917 20.198, -83.231441466 37.9046346493 20.211, -83.2312534612 37.9047487635 20.224, -83.2310587507 37.9048561405 20.237, -83.2308583645 37.9049570773 20.25, -83.2299408824 37.9053948782 20.309, -83.2290468943 37.905814493 20.366, -83.2287194545 37.9059602346 20.387, -83.2286513172 37.9059857002 20.391, -83.2284369059 37.9060503412 20.404, -83.2282212671 37.9061001213 20.416, -83.2279279494 37.9061399953 20.432, -83.2270906415 37.9061885435 20.478, -83.2264179341 37.9062400648 20.516, -83.2259685431 37.9062809847 20.54, -83.2252864592 37.9063531785 20.578, -83.2242404095 37.9064016268 20.636, -83.2238875505 37.9063979036 20.655, -83.2236600655 37.9063883533 20.668, -83.2223542497 37.9062963168 20.74, -83.2221541958 37.9062755382 20.751, -83.2219632066 37.9062431409 20.761, -83.2217828395 37.9061942121 20.772, -83.2217186287 37.9061656339 20.776, -83.2216216439 37.9061220664 20.782, -83.2214830665 37.9060273296 20.792, -83.221371826 37.9059139484 20.802, -83.2212902254 37.9057855423 20.812, -83.2212726806 37.9057409337 20.815, -83.2212363649 37.9056470183 20.822, -83.2212072283 37.9054952885 20.833, -83.2211883046 37.9051869033 20.854, -83.2211855205 37.9030079186 21.005, -83.2211603383 37.9027406092 21.024, -83.2211192652 37.9025729627 21.036, -83.2210201865 37.902438687 21.047, -83.2209352253 37.9023580131 21.054, -83.2207943623 37.9022492143 21.065, -83.2206851082 37.902189448 21.072, -83.220571995 37.9021411371 21.079, -83.22038706 37.9020841407 21.09, -83.2202623412 37.9020710208 21.097, -83.2200777109 37.9020659552 21.107, -83.2199085841 37.902084025 21.116, -83.2198529967 37.9020973921 21.12, -83.2197392936 37.9021372578 21.126, -83.219685167 37.9021586232 21.13, -83.219583485 37.9022119341 21.136, -83.2193986884 37.9023332417 21.15, -83.2192246656 37.9024841778 21.164, -83.2186401046 37.9030202594 21.213, -83.2182047773 37.9033900349 21.248, -83.2178859556 37.9036279683 21.272, -83.2175711217 37.9038709325 21.296, -83.2172507422 37.9041036111 21.32, -83.217080979 37.9042109529 21.332, -83.2169947252 37.9042590988 21.338, -83.2168121259 37.9043463831 21.349, -83.2165188547 37.9044455714 21.367, -83.2163199747 37.904502009 21.378, -83.2161138765 37.9045363119 21.39, -83.2158988486 37.9045580591 21.402, -83.2156785955 37.9045703529 21.414, -83.2152241707 37.9045660662 21.439, -83.2147557947 37.9045438943 21.465, -83.2138154151 37.9044840809 21.516, -83.212415554 37.9043855123 21.593, -83.2121810675 37.9043579301 21.606, -83.211946488 37.9043229281 21.62, -83.2116963241 37.9042570937 21.634, -83.2108496172 37.9040242697 21.682, -83.210407326 37.9038889018 21.708, -83.2099687559 37.9037461952 21.733, -83.2087247181 37.9033616454 21.805, -83.2083852724 37.9032606338 21.824, -83.2076025584 37.903042904 21.869, -83.2069829885 37.902870452 21.904, -83.2065138097 37.9027309171 21.931, -83.2058095733 37.9025302556 21.971, -83.2050908803 37.9023366948 22.012, -83.2046045479 37.9022121669 22.039, -83.20411736 37.9021024541 22.066, -83.2026321697 37.9018052107 22.149, -83.2018472059 37.9016335494 22.192, -83.2016257563 37.901580128 22.205, -83.2012974314 37.901488952 22.223, -83.2011130852 37.901405288 22.235, -83.2009293406 37.9013142183 22.246, -83.2007587097 37.9012149154 22.258, -83.2005991699 37.9011056877 22.269, -83.2004580734 37.9009844959 22.28, -83.2003999847 37.9009194988 22.286, -83.2003437714 37.9008504212 22.291, -83.200279434 37.9007454518 22.299, -83.2002571725 37.9007073316 22.302, -83.2001967464 37.9005593128 22.312, -83.2001627291 37.9004096686 22.323, -83.2001592564 37.900259038 22.333, -83.2001680584 37.9001847749 22.338, -83.2001807387 37.9001086723 22.343, -83.2002271272 37.8999599454 22.354, -83.2002920539 37.8998165649 22.364, -83.2005498207 37.8993696539 22.398, -83.2009525513 37.8987003223 22.449, -83.201558725 37.8977210934 22.523, -83.201956193 37.8970832402 22.572, -83.2020604902 37.8969038955 22.585, -83.2022301836 37.8965874994 22.609, -83.2022910573 37.8964206776 22.62, -83.2023286002 37.8962467571 22.632, -83.2023437597 37.8961388384 22.64, -83.2023598469 37.8959235181 22.655, -83.2023523307 37.8950147992 22.717, -83.2023408805 37.8946931086 22.739, -83.2023406644 37.8942969331 22.766, -83.2023676318 37.8941582248 22.775, -83.2024066615 37.8940115355 22.786, -83.2024756875 37.8938193396 22.799, -83.2025157202 37.8937240472 22.806, -83.2027175936 37.8933286722 22.835, -83.2031492055 37.8926245175 22.889, -83.2033702442 37.8922361505 22.918, -83.2034289133 37.892092908 22.928, -83.2034759363 37.8919455662 22.938, -83.203495107 37.8917915785 22.949, -83.203493379 37.8916404359 22.959, -83.2034502042 37.8911224461 22.995, -83.2034136593 37.890824665 23.015, -83.2032879591 37.8900455375 23.069, -83.2032704037 37.8898808648 23.08, -83.203260247 37.8897127805 23.092, -83.2032557457 37.8895415215 23.103, -83.2032589057 37.8892786664 23.121, -83.2032946806 37.8880085053 23.208, -83.2033135412 37.8872193177 23.261, -83.2033446695 37.8857317377 23.364, -83.203374509 37.8846438728 23.439, -83.2033727071 37.8844344837 23.454, -83.2033514191 37.8841568126 23.473, -83.2033344823 37.8840245724 23.483, -83.2032956047 37.8838248209 23.497, -83.2032430674 37.88362917 23.511, -83.2031785644 37.8834387547 23.526, -83.2031007193 37.8832532714 23.54, -83.2030088123 37.8830735276 23.553, -83.2029056035 37.8828998578 23.567, -83.2028416301 37.8828047879 23.575, -83.2027914309 37.8827325448 23.581, -83.2026669288 37.8825732496 23.594, -83.2024724574 37.8823421079 23.613, -83.2022742574 37.8821185773 23.632, -83.2020032958 37.881833854 23.657, -83.2015909144 37.8814383701 23.692, -83.2007059553 37.8806142254 23.767, -83.2005330809 37.8804607493 23.782, -83.2000174478 37.8799740083 23.826, -83.1998719147 37.8798117826 23.839, -83.1998104503 37.8797346233 23.846, -83.1997059417 37.8795889457 23.857, -83.1995868051 37.879384981 23.873, -83.1995114312 37.8791885582 23.887, -83.1994691161 37.8787873483 23.915, -83.1994770308 37.8786081154 23.928, -83.1995599962 37.8782527531 23.953, -83.1996558465 37.8778855817 23.979, -83.1997168766 37.8777039286 23.992, -83.1999161391 37.877182397 24.03, -83.2000969003 37.8767851952 24.059, -83.2002028761 37.8765363799 24.077, -83.2004174647 37.8762135405 24.102, -83.2012424602 37.8750950899 24.193, -83.2016454374 37.8745754943 24.235, -83.201963827 37.8741367616 24.27, -83.2022211934 37.8737991846 24.298, -83.2024205452 37.8735559611 24.318, -83.2025645698 37.8734096202 24.331, -83.2027157912 37.8732656334 24.344, -83.2030294307 37.8729946611 24.369, -83.2043027697 37.8719685876 24.47, -83.2044834919 37.8718131484 24.484, -83.2046775355 37.8716231051 24.501, -83.2048164038 37.8714450555 24.516, -83.2050095078 37.8711714713 24.538, -83.2051724506 37.8708980585 24.559, -83.2053278116 37.8706233829 24.58, -83.2059928072 37.869366545 24.674, -83.2061173052 37.8691123564 24.693, -83.2061756513 37.8689375103 24.706, -83.2061898864 37.8688460549 24.712, -83.2061995833 37.8687556012 24.719, -83.2061933597 37.8685939204 24.73, -83.2061656123 37.868393037 24.744, -83.2060993917 37.8680512051 24.768, -83.2060512626 37.867838341 24.783, -83.2057831898 37.8664028085 24.885, -83.20567364 37.8658699204 24.922, -83.2054766842 37.8648255027 24.996, -83.2053709394 37.8643231926 25.032, -83.2052618918 37.863735642 25.073, -83.2052197421 37.863449826 25.093, -83.2051995869 37.8631694316 25.113, -83.2052105687 37.8627998716 25.138, -83.205307575 37.8614508045 25.233, -83.2053902309 37.8604987 25.299, -83.2053976344 37.860313686 25.312, -83.2053890069 37.8601313475 25.325, -83.2053583743 37.859954029 25.337, -83.2053014698 37.8597849323 25.35, -83.2052126579 37.859626686 25.362, -83.2051803647 37.8595883482 25.365, -83.2050907024 37.8594850309 25.374, -83.2049410212 37.8593636556 25.386, -83.2047677108 37.8592642987 25.399, -83.2046719871 37.8592163466 25.405, -83.2045983926 37.8591798626 25.41, -83.2042160371 37.8590328486 25.433, -83.2034661084 37.8587624893 25.478, -83.2032785253 37.8587054049 25.489, -83.2029654883 37.8586285714 25.507, -83.2025708408 37.8585367826 25.533, -83.2024198876 37.858482688 25.543, -83.2023855008 37.8584649102 25.546, -83.2022890438 37.8584081483 25.552, -83.2022344616 37.8583630087 25.557, -83.202182811 37.8583132613 25.561, -83.2020899853 37.8582013559 25.57, -83.2019971583 37.8580693941 25.58, -83.2016324688 37.8575205363 25.622, -83.2015752985 37.8574398989 25.629, -83.201450421 37.8572827911 25.641, -83.2013142844 37.857130659 25.654, -83.2012392003 37.8570570508 25.66, -83.2009994144 37.856845803 25.68, -83.2008223938 37.8567136649 25.693, -83.2006297791 37.8565916284 25.706, -83.1992779022 37.85581147 25.796, -83.1989133653 37.8555906447 25.82, -83.1987500553 37.8554730875 25.832, -83.1986089484 37.8553447468 25.844, -83.1985443331 37.8552691656 25.85, -83.198491718 37.8552073082 25.855, -83.1984006931 37.855063568 25.866, -83.1983324029 37.8549137281 25.877, -83.198280248 37.8547581936 25.888, -83.1982406907 37.8545990858 25.899, -83.1982085271 37.8544365665 25.911, -83.197997198 37.853290441 25.991, -83.1979547503 37.853084565 26.005, -83.1978946458 37.8528783051 26.02, -83.1978112771 37.8526734649 26.034, -83.1977095304 37.8524690488 26.049, -83.19759779 37.8522630432 26.065, -83.1971823431 37.8515501478 26.119, -83.1967087807 37.8508046693 26.177, -83.1965828919 37.8505870909 26.193, -83.196038206 37.8497543462 26.258, -83.1958978669 37.8495540364 26.273, -83.1956331161 37.8491537634 26.305, -83.1955630074 37.8490569063 26.312, -83.1954128487 37.8488701197 26.328, -83.1952474045 37.8486945406 26.343, -83.1947208208 37.8482012119 26.387, -83.1946356609 37.848118863 26.394, -83.194560318 37.8480331562 26.402, -83.1944864262 37.8479455582 26.409, -83.1943636051 37.8477599131 26.423, -83.1942709659 37.8475631107 26.438, -83.1942066545 37.8473586805 26.452, -83.1941808309 37.8472537183 26.46, -83.194042316 37.8466097406 26.505, -83.1939634751 37.8462843839 26.528, -83.1939033351 37.8460696042 26.543, -83.1938347158 37.8458595854 26.558, -83.1936868205 37.8454371182 26.588, -83.1931316057 37.8441692162 26.68, -83.1930548609 37.8439538004 26.696, -83.1930256825 37.8438457427 26.703, -83.1930010524 37.8437364103 26.711, -83.1929664494 37.8435046018 26.727, -83.1929474429 37.8427112877 26.782, -83.1929097229 37.8423692406 26.805, -83.1928880036 37.8422558502 26.813, -83.1928148305 37.8419171526 26.837, -83.1927490962 37.8416940083 26.853, -83.1926773829 37.8414734816 26.869, -83.1924710112 37.8409291304 26.908, -83.1924342087 37.8408211818 26.915, -83.1923760787 37.8406086423 26.93, -83.1923428068 37.8403985667 26.945, -83.1923373171 37.8402967936 26.952, -83.1923428334 37.839786445 26.987, -83.192319971 37.8395859368 27.001, -83.1922970592 37.8394870821 27.008, -83.1922720142 37.8393898286 27.015, -83.1922072314 37.8391993986 27.028, -83.1921342413 37.8390159333 27.042, -83.1920442642 37.8388428133 27.055, -83.1919927812 37.838758723 27.061, -83.1919404834 37.8386781853 27.067, -83.1918077378 37.8385296864 27.08, -83.1916481056 37.8383973611 27.092, -83.1914622682 37.8382814999 27.105, -83.1912617871 37.8381883988 27.118, -83.1910492571 37.8381131677 27.131, -83.1908253457 37.8380464803 27.144, -83.1895990025 37.8377057674 27.215, -83.1890995697 37.8375523056 27.244, -83.1888561264 37.8374695295 27.259, -83.1883774973 37.8372956369 27.288, -83.1876948878 37.8370299326 27.329, -83.1874653799 37.8369449838 27.343, -83.1872428313 37.8368791439 27.356, -83.1871290125 37.8368546853 27.363, -83.187014293 37.8368362505 27.369, -83.1867806112 37.8368218179 27.382, -83.1865461431 37.8368400619 27.395, -83.1863132046 37.8368841642 27.408, -83.1857039429 37.8370313347 27.443, -83.185342724 37.8371083549 27.463, -83.185101188 37.8371506197 27.477, -83.184983922 37.8371656461 27.483, -83.1848634891 37.8371720863 27.49, -83.1846233755 37.8371632791 27.503, -83.1843794 37.8371359792 27.517, -83.184134952 37.8371023491 27.53, -83.1835238108 37.8370038481 27.564, -83.1829252836 37.8368913325 27.598, -83.182701482 37.8368317753 27.611, -83.1825166987 37.8367659257 27.622, -83.1822985563 37.8366630819 27.636, -83.182134312 37.8365644362 27.647, -83.1818723809 37.8363957964 27.666, -83.181456212 37.8360798244 27.697, -83.1813074419 37.835954591 27.709, -83.1811821698 37.8358210788 27.72, -83.1810785692 37.8356819949 27.731, -83.1810345866 37.8356117992 27.737, -83.1809564468 37.8354677763 27.748, -83.1806479946 37.8348233645 27.795, -83.1805392985 37.8346116371 27.811, -83.1804155397 37.8344146914 27.826, -83.1803228036 37.8342920543 27.836, -83.1802219241 37.8341744585 27.846, -83.180092285 37.834047169 27.857, -83.1798430769 37.8338417123 27.877, -83.1795039218 37.8336029691 27.901, -83.1788885379 37.8331889462 27.945, -83.178614888 37.8330291095 27.964, -83.1784667994 37.8329643303 27.973, -83.1783209742 37.8329141616 27.982, -83.178156708 37.8328663365 27.992, -83.1774928535 37.8327309345 28.029, -83.1773423724 37.8327051144 28.037, -83.1770155574 37.8326199399 28.056, -83.1767880119 37.8325490237 28.07, -83.1765170086 37.8324527056 28.086, -83.175472299 37.8320432834 28.149, -83.1750739609 37.8319032375 28.173, -83.174819229 37.8318372182 28.188, -83.1744964637 37.8317752034 28.206, -83.1741215336 37.8316892414 28.227, -83.1740221378 37.8316587666 28.233, -83.1739458079 37.8316224775 28.238)"
"District 10","Morgan","10-80401.00","US","460","US-460","SAFETY(P)","18.125","18.155","Improve sight distance at intersection of US 460 and KY 2499 (Dogwood Lane) in West Liberty (2026CCN)","","2026","2026","R","SPP","50000","2027","","","","088-US-0460-000","LINESTRING Z (-83.2446364485 37.9194867255 18.125, -83.2443692868 37.9194023446 18.142, -83.2442363324 37.9193550089 18.15, -83.2441522275 37.9193251968 18.155)"
"District 10","Morgan","10-80401.00","US","460","US-460","SAFETY(P)","18.125","18.155","Improve sight distance at intersection of US 460 and KY 2499 (Dogwood Lane) in West Liberty (2026CCN)","","2026","2026","D","SPP","50000","2026","","","","088-US-0460-000","LINESTRING Z (-83.2446364485 37.9194867255 18.125, -83.2443692868 37.9194023446 18.142, -83.2442363324 37.9193550089 18.15, -83.2441522275 37.9193251968 18.155)"
"District 10","Morgan","10-80401.00","US","460","US-460","SAFETY(P)","18.125","18.155","Improve sight distance at intersection of US 460 and KY 2499 (Dogwood Lane) in West Liberty (2026CCN)","","2026","2026","C","SPP","200000","2028","","","","088-US-0460-000","LINESTRING Z (-83.2446364485 37.9194867255 18.125, -83.2443692868 37.9194023446 18.142, -83.2442363324 37.9193550089 18.15, -83.2441522275 37.9193251968 18.155)"
"District 10","Morgan","10-80401.00","US","460","US-460","SAFETY(P)","18.125","18.155","Improve sight distance at intersection of US 460 and KY 2499 (Dogwood Lane) in West Liberty (2026CCN)","","2026","2026","U","SPP","125000","2027","","","","088-US-0460-000","LINESTRING Z (-83.2446364485 37.9194867255 18.125, -83.2443692868 37.9194023446 18.142, -83.2442363324 37.9193550089 18.15, -83.2441522275 37.9193251968 18.155)"
"District 10","Owsley","10-00173.00","KY","708","KY-708","AM-BRIDGE (P)","0.3","0.5","REPLACE BRIDGE OVER MOORES FORK AND REALIGN ROADWAY.","","2022","2026","D","BRX","145000","2030","","","","095-KY-0708-000","LINESTRING Z (-83.6106331203 37.4852049358 0.3, -83.6103603263 37.4856444018 0.334, -83.6102657538 37.4857800341 0.344, -83.6101674028 37.485903234 0.354, -83.6101140266 37.4859610483 0.359, -83.6099957713 37.4860690497 0.369, -83.6097729028 37.4862303576 0.386, -83.6095810086 37.4863455289 0.399, -83.6094659404 37.4863906775 0.406, -83.6094260304 37.4863998381 0.408, -83.6092961 37.4863864739 0.415, -83.6092522287 37.4863895176 0.417, -83.609213008 37.4863986907 0.42, -83.6091679649 37.4864184712 0.422, -83.6090949669 37.4864632889 0.428, -83.6081294334 37.487181331 0.5)"
"District 10","Owsley","10-00173.00","KY","708","KY-708","AM-BRIDGE (P)","0.3","0.5","REPLACE BRIDGE OVER MOORES FORK AND REALIGN ROADWAY.","","2022","2026","C","BRX","1450000","2030","","","","095-KY-0708-000","LINESTRING Z (-83.6106331203 37.4852049358 0.3, -83.6103603263 37.4856444018 0.334, -83.6102657538 37.4857800341 0.344, -83.6101674028 37.485903234 0.354, -83.6101140266 37.4859610483 0.359, -83.6099957713 37.4860690497 0.369, -83.6097729028 37.4862303576 0.386, -83.6095810086 37.4863455289 0.399, -83.6094659404 37.4863906775 0.406, -83.6094260304 37.4863998381 0.408, -83.6092961 37.4863864739 0.415, -83.6092522287 37.4863895176 0.417, -83.609213008 37.4863986907 0.42, -83.6091679649 37.4864184712 0.422, -83.6090949669 37.4864632889 0.428, -83.6081294334 37.487181331 0.5)"
"District 10","Owsley","10-20041.00","KY","30","KY-30","AM-PAVEMENT (PRI)(P)","3.45","8.606","ADDRESS CONDITION OF KY-30 FROM MILEPOINT 3.45 TO MILEPOINT 8.606","","2026","2026","D","STP4","264000","2030","","","","095-KY-0030-000","LINESTRING Z (-83.7887175422 37.4493888147 3.45, -83.7882289827 37.4498016994 3.489, -83.7861099154 37.4516152258 3.66, -83.7857316804 37.4520025364 3.694, -83.7854397457 37.4523316828 3.722, -83.7851868267 37.4526447255 3.748, -83.7850722037 37.4527966387 3.76, -83.7848649308 37.4530903936 3.783, -83.7837456791 37.4548390737 3.918, -83.783422855 37.4553061493 3.955, -83.7832353912 37.4555669953 3.976, -83.7827175073 37.4562560526 4.031, -83.782528513 37.4564833571 4.05, -83.7823012276 37.456777321 4.074, -83.7818340753 37.4573326201 4.12, -83.7814131361 37.4578082054 4.16, -83.7811800071 37.4580622356 4.182, -83.7809860235 37.4582694003 4.2, -83.7805474119 37.4587221589 4.239, -83.7800049994 37.4592555815 4.286, -83.779559012 37.4596741489 4.324, -83.7787386138 37.4604105661 4.392, -83.7781574164 37.4608850899 4.438, -83.7777835131 37.4611837171 4.467, -83.777235766 37.461604957 4.509, -83.775406642 37.4629630467 4.646, -83.7723800263 37.4652085247 4.873, -83.7722433354 37.4653073079 4.883, -83.7719952641 37.465473162 4.901, -83.7717836738 37.4656019968 4.916, -83.7715720021 37.4657209397 4.93, -83.7713441751 37.465838236 4.945, -83.7710782568 37.4659623053 4.962, -83.7707660066 37.4660919088 4.981, -83.7705286322 37.4661793729 4.995, -83.7702602162 37.4662676859 5.011, -83.7699775072 37.466349163 5.028, -83.7697072338 37.4664165654 5.043, -83.7693284686 37.4664942185 5.065, -83.7691484417 37.4665246872 5.075, -83.7689360173 37.4665551562 5.087, -83.7685810407 37.4665936516 5.107, -83.7682706482 37.4666144949 5.124, -83.7679567744 37.46662374 5.141, -83.7676111916 37.4666200864 5.16, -83.7674338949 37.4666126882 5.17, -83.7670572716 37.4665840576 5.191, -83.7668256773 37.4665578826 5.204, -83.7665530743 37.4665186506 5.219, -83.7661405426 37.4664407855 5.242, -83.7657943222 37.466357724 5.262, -83.7655593065 37.4662919305 5.276, -83.7630675606 37.465529373 5.422, -83.7628127242 37.4654574682 5.437, -83.7624805692 37.4653771088 5.456, -83.762331482 37.465346007 5.465, -83.7620337612 37.4652926031 5.482, -83.7617027572 37.4652465987 5.5, -83.7613951265 37.4652158245 5.517, -83.7610517208 37.4651954309 5.536, -83.7607072526 37.4651890279 5.555, -83.7603627385 37.465197183 5.574, -83.7601701416 37.4652079198 5.585, -83.7568715568 37.4654534347 5.767, -83.7566706621 37.4654651231 5.778, -83.7558165652 37.4655321652 5.825, -83.7503089176 37.4659392823 6.129, -83.7499822239 37.4659510084 6.147, -83.7496399496 37.4659525767 6.166, -83.7492941814 37.4659430967 6.185, -83.7488163255 37.4659113034 6.211, -83.7486083699 37.4658907158 6.223, -83.7482405186 37.4658437691 6.243, -83.7479018274 37.465789078 6.262, -83.7475781853 37.465725853 6.281, -83.7412137353 37.4643061621 6.644, -83.7409644332 37.4642598523 6.658, -83.7406552793 37.4642221302 6.675, -83.7403941247 37.4642063839 6.69, -83.7401853272 37.4642044477 6.701, -83.7400570254 37.4642080129 6.708, -83.739785276 37.4642272467 6.723, -83.7396694682 37.464240367 6.729, -83.7394386476 37.4642754121 6.742, -83.739219976 37.4643200052 6.755, -83.7389690249 37.4643857457 6.769, -83.7386570581 37.4644902702 6.788, -83.7384566726 37.4645722623 6.8, -83.7381797209 37.4647073316 6.818, -83.7379710529 37.464827914 6.832, -83.7377161391 37.4650018205 6.851, -83.7375558934 37.4651287296 6.863, -83.7374648176 37.4652084786 6.871, -83.7373090847 37.4653596394 6.884, -83.7371765572 37.4655065294 6.897, -83.7371056125 37.465593767 6.904, -83.7369479532 37.4658160443 6.921, -83.7368500786 37.4659813859 6.934, -83.7367508485 37.4661840652 6.949, -83.7366812762 37.4663606073 6.962, -83.7366215469 37.4665554498 6.976, -83.7365802243 37.4667451146 6.989, -83.7365539248 37.4669399821 7.002, -83.7365443922 37.4671266216 7.015, -83.73657371 37.4692391103 7.161, -83.7365692727 37.4694794074 7.178, -83.7365567919 37.4697239606 7.195, -83.7365251885 37.470063785 7.218, -83.7364903029 37.4703211394 7.236, -83.7364341227 37.4706393879 7.258, -83.7363304394 37.4710826379 7.289, -83.7362213195 37.4714593135 7.316, -83.7342544142 37.4773801176 7.738, -83.7341681367 37.4776000505 7.754, -83.7340781123 37.4778056326 7.769, -83.7339013776 37.4781580665 7.795, -83.7337097621 37.4784871684 7.82, -83.7335648273 37.4787091116 7.837, -83.7334536853 37.47886708 7.85, -83.7331833323 37.4792140544 7.878, -83.7329865638 37.4794405986 7.897, -83.732718713 37.4797205852 7.921, -83.7324668234 37.4799585414 7.943, -83.7321975251 37.4801901526 7.965, -83.731848922 37.4804605051 7.991, -83.7316050175 37.4806326658 8.009, -83.7314488147 37.4807360114 8.02, -83.7311574666 37.4809161435 8.041, -83.7308186219 37.4811061703 8.063, -83.7305201061 37.4812581572 8.083, -83.7250551818 37.4838702366 8.433, -83.7248053986 37.4840040963 8.45, -83.7245417658 37.484165463 8.468, -83.7242743129 37.4843531343 8.488, -83.724138354 37.4844592931 8.498, -83.7239374974 37.4846319092 8.514, -83.7237047914 37.4848600138 8.535, -83.7235273279 37.4850596806 8.552, -83.7233303883 37.4853161497 8.572, -83.7232027493 37.4855089865 8.587, -83.7230629771 37.4857549074 8.606)"
"District 10","Owsley","10-20041.00","KY","30","KY-30","AM-PAVEMENT (PRI)(P)","3.45","8.606","ADDRESS CONDITION OF KY-30 FROM MILEPOINT 3.45 TO MILEPOINT 8.606","","2026","2026","C","STP4","3036000","2030","","","","095-KY-0030-000","LINESTRING Z (-83.7887175422 37.4493888147 3.45, -83.7882289827 37.4498016994 3.489, -83.7861099154 37.4516152258 3.66, -83.7857316804 37.4520025364 3.694, -83.7854397457 37.4523316828 3.722, -83.7851868267 37.4526447255 3.748, -83.7850722037 37.4527966387 3.76, -83.7848649308 37.4530903936 3.783, -83.7837456791 37.4548390737 3.918, -83.783422855 37.4553061493 3.955, -83.7832353912 37.4555669953 3.976, -83.7827175073 37.4562560526 4.031, -83.782528513 37.4564833571 4.05, -83.7823012276 37.456777321 4.074, -83.7818340753 37.4573326201 4.12, -83.7814131361 37.4578082054 4.16, -83.7811800071 37.4580622356 4.182, -83.7809860235 37.4582694003 4.2, -83.7805474119 37.4587221589 4.239, -83.7800049994 37.4592555815 4.286, -83.779559012 37.4596741489 4.324, -83.7787386138 37.4604105661 4.392, -83.7781574164 37.4608850899 4.438, -83.7777835131 37.4611837171 4.467, -83.777235766 37.461604957 4.509, -83.775406642 37.4629630467 4.646, -83.7723800263 37.4652085247 4.873, -83.7722433354 37.4653073079 4.883, -83.7719952641 37.465473162 4.901, -83.7717836738 37.4656019968 4.916, -83.7715720021 37.4657209397 4.93, -83.7713441751 37.465838236 4.945, -83.7710782568 37.4659623053 4.962, -83.7707660066 37.4660919088 4.981, -83.7705286322 37.4661793729 4.995, -83.7702602162 37.4662676859 5.011, -83.7699775072 37.466349163 5.028, -83.7697072338 37.4664165654 5.043, -83.7693284686 37.4664942185 5.065, -83.7691484417 37.4665246872 5.075, -83.7689360173 37.4665551562 5.087, -83.7685810407 37.4665936516 5.107, -83.7682706482 37.4666144949 5.124, -83.7679567744 37.46662374 5.141, -83.7676111916 37.4666200864 5.16, -83.7674338949 37.4666126882 5.17, -83.7670572716 37.4665840576 5.191, -83.7668256773 37.4665578826 5.204, -83.7665530743 37.4665186506 5.219, -83.7661405426 37.4664407855 5.242, -83.7657943222 37.466357724 5.262, -83.7655593065 37.4662919305 5.276, -83.7630675606 37.465529373 5.422, -83.7628127242 37.4654574682 5.437, -83.7624805692 37.4653771088 5.456, -83.762331482 37.465346007 5.465, -83.7620337612 37.4652926031 5.482, -83.7617027572 37.4652465987 5.5, -83.7613951265 37.4652158245 5.517, -83.7610517208 37.4651954309 5.536, -83.7607072526 37.4651890279 5.555, -83.7603627385 37.465197183 5.574, -83.7601701416 37.4652079198 5.585, -83.7568715568 37.4654534347 5.767, -83.7566706621 37.4654651231 5.778, -83.7558165652 37.4655321652 5.825, -83.7503089176 37.4659392823 6.129, -83.7499822239 37.4659510084 6.147, -83.7496399496 37.4659525767 6.166, -83.7492941814 37.4659430967 6.185, -83.7488163255 37.4659113034 6.211, -83.7486083699 37.4658907158 6.223, -83.7482405186 37.4658437691 6.243, -83.7479018274 37.465789078 6.262, -83.7475781853 37.465725853 6.281, -83.7412137353 37.4643061621 6.644, -83.7409644332 37.4642598523 6.658, -83.7406552793 37.4642221302 6.675, -83.7403941247 37.4642063839 6.69, -83.7401853272 37.4642044477 6.701, -83.7400570254 37.4642080129 6.708, -83.739785276 37.4642272467 6.723, -83.7396694682 37.464240367 6.729, -83.7394386476 37.4642754121 6.742, -83.739219976 37.4643200052 6.755, -83.7389690249 37.4643857457 6.769, -83.7386570581 37.4644902702 6.788, -83.7384566726 37.4645722623 6.8, -83.7381797209 37.4647073316 6.818, -83.7379710529 37.464827914 6.832, -83.7377161391 37.4650018205 6.851, -83.7375558934 37.4651287296 6.863, -83.7374648176 37.4652084786 6.871, -83.7373090847 37.4653596394 6.884, -83.7371765572 37.4655065294 6.897, -83.7371056125 37.465593767 6.904, -83.7369479532 37.4658160443 6.921, -83.7368500786 37.4659813859 6.934, -83.7367508485 37.4661840652 6.949, -83.7366812762 37.4663606073 6.962, -83.7366215469 37.4665554498 6.976, -83.7365802243 37.4667451146 6.989, -83.7365539248 37.4669399821 7.002, -83.7365443922 37.4671266216 7.015, -83.73657371 37.4692391103 7.161, -83.7365692727 37.4694794074 7.178, -83.7365567919 37.4697239606 7.195, -83.7365251885 37.470063785 7.218, -83.7364903029 37.4703211394 7.236, -83.7364341227 37.4706393879 7.258, -83.7363304394 37.4710826379 7.289, -83.7362213195 37.4714593135 7.316, -83.7342544142 37.4773801176 7.738, -83.7341681367 37.4776000505 7.754, -83.7340781123 37.4778056326 7.769, -83.7339013776 37.4781580665 7.795, -83.7337097621 37.4784871684 7.82, -83.7335648273 37.4787091116 7.837, -83.7334536853 37.47886708 7.85, -83.7331833323 37.4792140544 7.878, -83.7329865638 37.4794405986 7.897, -83.732718713 37.4797205852 7.921, -83.7324668234 37.4799585414 7.943, -83.7321975251 37.4801901526 7.965, -83.731848922 37.4804605051 7.991, -83.7316050175 37.4806326658 8.009, -83.7314488147 37.4807360114 8.02, -83.7311574666 37.4809161435 8.041, -83.7308186219 37.4811061703 8.063, -83.7305201061 37.4812581572 8.083, -83.7250551818 37.4838702366 8.433, -83.7248053986 37.4840040963 8.45, -83.7245417658 37.484165463 8.468, -83.7242743129 37.4843531343 8.488, -83.724138354 37.4844592931 8.498, -83.7239374974 37.4846319092 8.514, -83.7237047914 37.4848600138 8.535, -83.7235273279 37.4850596806 8.552, -83.7233303883 37.4853161497 8.572, -83.7232027493 37.4855089865 8.587, -83.7230629771 37.4857549074 8.606)"
"District 10","Owsley","10-80105.00","KY","11","KY-11","RECONSTRUCTION(O)","3.8","4.2","RECONSTRUCT THE INTERSECTION OF KY 11 AND KY 846 (2020CCN) (2024CCR)","","2020","2026","C","CRP","3490000","2028","","","","095-KY-0011-000","LINESTRING Z (-83.6847014282 37.3800642254 3.8, -83.6855707007 37.3809511347 3.878, -83.686108826 37.3815081427 3.926, -83.6862809866 37.381693318 3.942, -83.6864438658 37.3818780545 3.958, -83.6865970192 37.3820659163 3.973, -83.6868702821 37.3824539659 4.004, -83.6869897568 37.3826522213 4.019, -83.6870978535 37.3828510996 4.034, -83.6871872159 37.3830427794 4.048, -83.6872672884 37.3832342953 4.062, -83.6873393478 37.3834292417 4.076, -83.6874130959 37.3836626768 4.093, -83.6874577001 37.3838296664 4.105, -83.6875018974 37.3840362083 4.119, -83.6875367139 37.3842458808 4.134, -83.6875781618 37.3846759931 4.164, -83.6875954846 37.3851070527 4.194, -83.6875970323 37.3851951784 4.2)"
"District 10","Owsley","10-80402.00","KY","28","KY-28","CONGESTION MITIGTN(O)","0.224","0.274","Construct a right turn lane on KY 28 at the Amburgey Rd. intersection (MP 0.274) near the Owsley Co. Elementary School (2026CCN)","","2026","2026","R","SPP","50000","2027","","","","095-KY-0028-000","LINESTRING Z (-83.6709226193 37.4750985165 0.224, -83.6703484754 37.4750146307 0.256, -83.6703156016 37.4749945417 0.258, -83.6701849905 37.4749812328 0.265, -83.6700268634 37.4749781488 0.274)"
"District 10","Owsley","10-80402.00","KY","28","KY-28","CONGESTION MITIGTN(O)","0.224","0.274","Construct a right turn lane on KY 28 at the Amburgey Rd. intersection (MP 0.274) near the Owsley Co. Elementary School (2026CCN)","","2026","2026","D","SPP","75000","2026","","","","095-KY-0028-000","LINESTRING Z (-83.6709226193 37.4750985165 0.224, -83.6703484754 37.4750146307 0.256, -83.6703156016 37.4749945417 0.258, -83.6701849905 37.4749812328 0.265, -83.6700268634 37.4749781488 0.274)"
"District 10","Owsley","10-80402.00","KY","28","KY-28","CONGESTION MITIGTN(O)","0.224","0.274","Construct a right turn lane on KY 28 at the Amburgey Rd. intersection (MP 0.274) near the Owsley Co. Elementary School (2026CCN)","","2026","2026","U","SPP","75000","2027","","","","095-KY-0028-000","LINESTRING Z (-83.6709226193 37.4750985165 0.224, -83.6703484754 37.4750146307 0.256, -83.6703156016 37.4749945417 0.258, -83.6701849905 37.4749812328 0.265, -83.6700268634 37.4749781488 0.274)"
"District 10","Owsley","10-80402.00","KY","28","KY-28","CONGESTION MITIGTN(O)","0.224","0.274","Construct a right turn lane on KY 28 at the Amburgey Rd. intersection (MP 0.274) near the Owsley Co. Elementary School (2026CCN)","","2026","2026","C","SPP","200000","2027","","","","095-KY-0028-000","LINESTRING Z (-83.6709226193 37.4750985165 0.224, -83.6703484754 37.4750146307 0.256, -83.6703156016 37.4749945417 0.258, -83.6701849905 37.4749812328 0.265, -83.6700268634 37.4749781488 0.274)"
"District 10","Owsley","10-80413.00","CR","1346","CR-1346","SAFETY(P)","0.01","0.07","Improve pedestrian access/connectivity and safety by constructing sidewalk on CR 1346K (Old KY 11) from approximately MP 0.013 to MP 0.071. City and County will be responsible for right of way and utilities. (2026CCN)","","2026","2026","D","SPP","30000","2027","","","","095-CR-1346K-000","LINESTRING Z (-83.6757334004 37.4763475509 0.01, -83.6768096665 37.4764857074 0.07)"
"District 10","Owsley","10-80413.00","CR","1346","CR-1346","SAFETY(P)","0.01","0.07","Improve pedestrian access/connectivity and safety by constructing sidewalk on CR 1346K (Old KY 11) from approximately MP 0.013 to MP 0.071. City and County will be responsible for right of way and utilities. (2026CCN)","","2026","2026","C","SPP","260000","2027","","","","095-CR-1346K-000","LINESTRING Z (-83.6757334004 37.4763475509 0.01, -83.6768096665 37.4764857074 0.07)"
"District 10","Owsley","10-80414.00","KY","30","KY-30","SAFETY(P)","8.69","8.82","Improve pedestrian access/connectivity and safety by constructing sidewalk on KY 30 from approximately MP 8.694 to MP 8.818. City and County will be responsible for right of way and utilities. (2026CCN)","","2026","2026","D","SPP","65000","2027","","","","095-KY-0030-000","LINESTRING Z (-83.6746973361 37.4765508166 8.69, -83.674477784 37.4774762883 8.755, -83.6744078572 37.4777956416 8.777, -83.6743654535 37.4779193363 8.786, -83.6742253947 37.4784023166 8.82)"
"District 10","Owsley","10-80414.00","KY","30","KY-30","SAFETY(P)","8.69","8.82","Improve pedestrian access/connectivity and safety by constructing sidewalk on KY 30 from approximately MP 8.694 to MP 8.818. City and County will be responsible for right of way and utilities. (2026CCN)","","2026","2026","C","SPP","650000","2027","","","","095-KY-0030-000","LINESTRING Z (-83.6746973361 37.4765508166 8.69, -83.674477784 37.4774762883 8.755, -83.6744078572 37.4777956416 8.777, -83.6743654535 37.4779193363 8.786, -83.6742253947 37.4784023166 8.82)"
"District 10","Owsley","10-80415.00","KY","30","KY-30","SPOT IMPROVEMENTS(O)","3.9","8.26","Repair roadway settlements on KY-30 between the KY-30/11 intersection and Botner Road.(MP3.9-8.26) (2026CCN)","","2026","2026","C","SPP","1500000","2027","","","","095-KY-0030-000","LINESTRING Z (-83.7838949157 37.454605917 3.9, -83.7837456791 37.4548390737 3.918, -83.783422855 37.4553061493 3.955, -83.7832353912 37.4555669953 3.976, -83.7827175073 37.4562560526 4.031, -83.782528513 37.4564833571 4.05, -83.7823012276 37.456777321 4.074, -83.7818340753 37.4573326201 4.12, -83.7814131361 37.4578082054 4.16, -83.7811800071 37.4580622356 4.182, -83.7809860235 37.4582694003 4.2, -83.7805474119 37.4587221589 4.239, -83.7800049994 37.4592555815 4.286, -83.779559012 37.4596741489 4.324, -83.7787386138 37.4604105661 4.392, -83.7781574164 37.4608850899 4.438, -83.7777835131 37.4611837171 4.467, -83.777235766 37.461604957 4.509, -83.775406642 37.4629630467 4.646, -83.7723800263 37.4652085247 4.873, -83.7722433354 37.4653073079 4.883, -83.7719952641 37.465473162 4.901, -83.7717836738 37.4656019968 4.916, -83.7715720021 37.4657209397 4.93, -83.7713441751 37.465838236 4.945, -83.7710782568 37.4659623053 4.962, -83.7707660066 37.4660919088 4.981, -83.7705286322 37.4661793729 4.995, -83.7702602162 37.4662676859 5.011, -83.7699775072 37.466349163 5.028, -83.7697072338 37.4664165654 5.043, -83.7693284686 37.4664942185 5.065, -83.7691484417 37.4665246872 5.075, -83.7689360173 37.4665551562 5.087, -83.7685810407 37.4665936516 5.107, -83.7682706482 37.4666144949 5.124, -83.7679567744 37.46662374 5.141, -83.7676111916 37.4666200864 5.16, -83.7674338949 37.4666126882 5.17, -83.7670572716 37.4665840576 5.191, -83.7668256773 37.4665578826 5.204, -83.7665530743 37.4665186506 5.219, -83.7661405426 37.4664407855 5.242, -83.7657943222 37.466357724 5.262, -83.7655593065 37.4662919305 5.276, -83.7630675606 37.465529373 5.422, -83.7628127242 37.4654574682 5.437, -83.7624805692 37.4653771088 5.456, -83.762331482 37.465346007 5.465, -83.7620337612 37.4652926031 5.482, -83.7617027572 37.4652465987 5.5, -83.7613951265 37.4652158245 5.517, -83.7610517208 37.4651954309 5.536, -83.7607072526 37.4651890279 5.555, -83.7603627385 37.465197183 5.574, -83.7601701416 37.4652079198 5.585, -83.7568715568 37.4654534347 5.767, -83.7566706621 37.4654651231 5.778, -83.7558165652 37.4655321652 5.825, -83.7503089176 37.4659392823 6.129, -83.7499822239 37.4659510084 6.147, -83.7496399496 37.4659525767 6.166, -83.7492941814 37.4659430967 6.185, -83.7488163255 37.4659113034 6.211, -83.7486083699 37.4658907158 6.223, -83.7482405186 37.4658437691 6.243, -83.7479018274 37.465789078 6.262, -83.7475781853 37.465725853 6.281, -83.7412137353 37.4643061621 6.644, -83.7409644332 37.4642598523 6.658, -83.7406552793 37.4642221302 6.675, -83.7403941247 37.4642063839 6.69, -83.7401853272 37.4642044477 6.701, -83.7400570254 37.4642080129 6.708, -83.739785276 37.4642272467 6.723, -83.7396694682 37.464240367 6.729, -83.7394386476 37.4642754121 6.742, -83.739219976 37.4643200052 6.755, -83.7389690249 37.4643857457 6.769, -83.7386570581 37.4644902702 6.788, -83.7384566726 37.4645722623 6.8, -83.7381797209 37.4647073316 6.818, -83.7379710529 37.464827914 6.832, -83.7377161391 37.4650018205 6.851, -83.7375558934 37.4651287296 6.863, -83.7374648176 37.4652084786 6.871, -83.7373090847 37.4653596394 6.884, -83.7371765572 37.4655065294 6.897, -83.7371056125 37.465593767 6.904, -83.7369479532 37.4658160443 6.921, -83.7368500786 37.4659813859 6.934, -83.7367508485 37.4661840652 6.949, -83.7366812762 37.4663606073 6.962, -83.7366215469 37.4665554498 6.976, -83.7365802243 37.4667451146 6.989, -83.7365539248 37.4669399821 7.002, -83.7365443922 37.4671266216 7.015, -83.73657371 37.4692391103 7.161, -83.7365692727 37.4694794074 7.178, -83.7365567919 37.4697239606 7.195, -83.7365251885 37.470063785 7.218, -83.7364903029 37.4703211394 7.236, -83.7364341227 37.4706393879 7.258, -83.7363304394 37.4710826379 7.289, -83.7362213195 37.4714593135 7.316, -83.7342544142 37.4773801176 7.738, -83.7341681367 37.4776000505 7.754, -83.7340781123 37.4778056326 7.769, -83.7339013776 37.4781580665 7.795, -83.7337097621 37.4784871684 7.82, -83.7335648273 37.4787091116 7.837, -83.7334536853 37.47886708 7.85, -83.7331833323 37.4792140544 7.878, -83.7329865638 37.4794405986 7.897, -83.732718713 37.4797205852 7.921, -83.7324668234 37.4799585414 7.943, -83.7321975251 37.4801901526 7.965, -83.731848922 37.4804605051 7.991, -83.7316050175 37.4806326658 8.009, -83.7314488147 37.4807360114 8.02, -83.7311574666 37.4809161435 8.041, -83.7308186219 37.4811061703 8.063, -83.7305201061 37.4812581572 8.083, -83.7277564638 37.482579155 8.26)"
"District 10","Owsley","10-80415.00","KY","30","KY-30","SPOT IMPROVEMENTS(O)","3.9","8.26","Repair roadway settlements on KY-30 between the KY-30/11 intersection and Botner Road.(MP3.9-8.26) (2026CCN)","","2026","2026","D","SPP","150000","2026","","","","095-KY-0030-000","LINESTRING Z (-83.7838949157 37.454605917 3.9, -83.7837456791 37.4548390737 3.918, -83.783422855 37.4553061493 3.955, -83.7832353912 37.4555669953 3.976, -83.7827175073 37.4562560526 4.031, -83.782528513 37.4564833571 4.05, -83.7823012276 37.456777321 4.074, -83.7818340753 37.4573326201 4.12, -83.7814131361 37.4578082054 4.16, -83.7811800071 37.4580622356 4.182, -83.7809860235 37.4582694003 4.2, -83.7805474119 37.4587221589 4.239, -83.7800049994 37.4592555815 4.286, -83.779559012 37.4596741489 4.324, -83.7787386138 37.4604105661 4.392, -83.7781574164 37.4608850899 4.438, -83.7777835131 37.4611837171 4.467, -83.777235766 37.461604957 4.509, -83.775406642 37.4629630467 4.646, -83.7723800263 37.4652085247 4.873, -83.7722433354 37.4653073079 4.883, -83.7719952641 37.465473162 4.901, -83.7717836738 37.4656019968 4.916, -83.7715720021 37.4657209397 4.93, -83.7713441751 37.465838236 4.945, -83.7710782568 37.4659623053 4.962, -83.7707660066 37.4660919088 4.981, -83.7705286322 37.4661793729 4.995, -83.7702602162 37.4662676859 5.011, -83.7699775072 37.466349163 5.028, -83.7697072338 37.4664165654 5.043, -83.7693284686 37.4664942185 5.065, -83.7691484417 37.4665246872 5.075, -83.7689360173 37.4665551562 5.087, -83.7685810407 37.4665936516 5.107, -83.7682706482 37.4666144949 5.124, -83.7679567744 37.46662374 5.141, -83.7676111916 37.4666200864 5.16, -83.7674338949 37.4666126882 5.17, -83.7670572716 37.4665840576 5.191, -83.7668256773 37.4665578826 5.204, -83.7665530743 37.4665186506 5.219, -83.7661405426 37.4664407855 5.242, -83.7657943222 37.466357724 5.262, -83.7655593065 37.4662919305 5.276, -83.7630675606 37.465529373 5.422, -83.7628127242 37.4654574682 5.437, -83.7624805692 37.4653771088 5.456, -83.762331482 37.465346007 5.465, -83.7620337612 37.4652926031 5.482, -83.7617027572 37.4652465987 5.5, -83.7613951265 37.4652158245 5.517, -83.7610517208 37.4651954309 5.536, -83.7607072526 37.4651890279 5.555, -83.7603627385 37.465197183 5.574, -83.7601701416 37.4652079198 5.585, -83.7568715568 37.4654534347 5.767, -83.7566706621 37.4654651231 5.778, -83.7558165652 37.4655321652 5.825, -83.7503089176 37.4659392823 6.129, -83.7499822239 37.4659510084 6.147, -83.7496399496 37.4659525767 6.166, -83.7492941814 37.4659430967 6.185, -83.7488163255 37.4659113034 6.211, -83.7486083699 37.4658907158 6.223, -83.7482405186 37.4658437691 6.243, -83.7479018274 37.465789078 6.262, -83.7475781853 37.465725853 6.281, -83.7412137353 37.4643061621 6.644, -83.7409644332 37.4642598523 6.658, -83.7406552793 37.4642221302 6.675, -83.7403941247 37.4642063839 6.69, -83.7401853272 37.4642044477 6.701, -83.7400570254 37.4642080129 6.708, -83.739785276 37.4642272467 6.723, -83.7396694682 37.464240367 6.729, -83.7394386476 37.4642754121 6.742, -83.739219976 37.4643200052 6.755, -83.7389690249 37.4643857457 6.769, -83.7386570581 37.4644902702 6.788, -83.7384566726 37.4645722623 6.8, -83.7381797209 37.4647073316 6.818, -83.7379710529 37.464827914 6.832, -83.7377161391 37.4650018205 6.851, -83.7375558934 37.4651287296 6.863, -83.7374648176 37.4652084786 6.871, -83.7373090847 37.4653596394 6.884, -83.7371765572 37.4655065294 6.897, -83.7371056125 37.465593767 6.904, -83.7369479532 37.4658160443 6.921, -83.7368500786 37.4659813859 6.934, -83.7367508485 37.4661840652 6.949, -83.7366812762 37.4663606073 6.962, -83.7366215469 37.4665554498 6.976, -83.7365802243 37.4667451146 6.989, -83.7365539248 37.4669399821 7.002, -83.7365443922 37.4671266216 7.015, -83.73657371 37.4692391103 7.161, -83.7365692727 37.4694794074 7.178, -83.7365567919 37.4697239606 7.195, -83.7365251885 37.470063785 7.218, -83.7364903029 37.4703211394 7.236, -83.7364341227 37.4706393879 7.258, -83.7363304394 37.4710826379 7.289, -83.7362213195 37.4714593135 7.316, -83.7342544142 37.4773801176 7.738, -83.7341681367 37.4776000505 7.754, -83.7340781123 37.4778056326 7.769, -83.7339013776 37.4781580665 7.795, -83.7337097621 37.4784871684 7.82, -83.7335648273 37.4787091116 7.837, -83.7334536853 37.47886708 7.85, -83.7331833323 37.4792140544 7.878, -83.7329865638 37.4794405986 7.897, -83.732718713 37.4797205852 7.921, -83.7324668234 37.4799585414 7.943, -83.7321975251 37.4801901526 7.965, -83.731848922 37.4804605051 7.991, -83.7316050175 37.4806326658 8.009, -83.7314488147 37.4807360114 8.02, -83.7311574666 37.4809161435 8.041, -83.7308186219 37.4811061703 8.063, -83.7305201061 37.4812581572 8.083, -83.7277564638 37.482579155 8.26)"
"District 10","Perry","10-00178.00","KY","7","KY-7","LANDSLIDE REPAIR(P)","9.8","10.0","Address roadway slide on KY 7 from MP 9.8 to MP 10.0. (2024CCR)","","2022","2026","C","PROT","4270000","2026","2026-05-21","Awarded","1","097-KY-0007-000","LINESTRING Z (-83.0976731974 37.1440830018 9.8, -83.097687324 37.1440403921 9.803, -83.0977515907 37.1438737025 9.815, -83.0978062929 37.1437540538 9.824, -83.0978698032 37.143637628 9.833, -83.0979171541 37.1435606736 9.839, -83.0980154349 37.1434219595 9.85, -83.0981288549 37.1432918317 9.861, -83.0982566114 37.1431735705 9.872, -83.0983920507 37.1430612536 9.882, -83.0985211681 37.1429432969 9.893, -83.0986349881 37.1428115301 9.904, -83.0987215744 37.1426637558 9.916, -83.0987805679 37.1425005181 9.927, -83.0988096833 37.1423280831 9.939, -83.0988280203 37.1421499067 9.952, -83.0988204583 37.141802165 9.976, -83.0988263151 37.1416371684 9.987, -83.0988614183 37.1414700898 9.999, -83.0988659326 37.1414570041 10)"
"District 10","Perry","10-00209.10","KY","476","KY-476","RECONSTRUCTION","0.45","0.9","IMPROVE KY 476 FROM BRIDGE OVER NORTH FORK KY RIVER (MP. 0.45) TO NORTH OF WALKER CORNETT ROAD IN WABACO. (SECTION 1)","","2026","2026","U","SPP","580000","2030","","","","097-KY-0476-000","LINESTRING Z (-83.189082599 37.2662353545 0.45, -83.1890264115 37.2665935084 0.484, -83.1889863398 37.2667893516 0.503, -83.1889540942 37.2668773894 0.512, -83.1889065802 37.2669595964 0.521, -83.1888458908 37.2670250302 0.528, -83.1887612118 37.2670882878 0.537, -83.1886659832 37.2671384022 0.543, -83.1884785779 37.267209847 0.555, -83.1878812861 37.2674143431 0.59, -83.1874524104 37.2675697803 0.616, -83.1871290289 37.2676964859 0.635, -83.1868455702 37.2678218691 0.653, -83.1866676637 37.2679168736 0.665, -83.1865535698 37.267995695 0.673, -83.1864832866 37.268060092 0.679, -83.186442026 37.2681102898 0.683, -83.1863923013 37.2681866783 0.689, -83.1863568538 37.2682677756 0.694, -83.1863403566 37.2683476412 0.7, -83.1863356474 37.2683846294 0.703, -83.1863386289 37.2684478877 0.707, -83.1863486133 37.2685074537 0.711, -83.1863797563 37.2686015532 0.717, -83.1864552647 37.2687551497 0.729, -83.1865571629 37.2689211394 0.741, -83.1867657526 37.2692337176 0.766, -83.1868480949 37.2693385574 0.775, -83.1869542394 37.2694510636 0.785, -83.1870008797 37.2694943991 0.788, -83.1871039315 37.2695768895 0.796, -83.1872148422 37.2696507597 0.804, -83.1872731774 37.2696839119 0.808, -83.187429435 37.2697587773 0.818, -83.1875974543 37.2698215371 0.828, -83.1877386414 37.2698647498 0.836, -83.1879561064 37.2699192528 0.848, -83.1881439157 37.2699563446 0.859, -83.1884381167 37.269998793 0.875, -83.1888882329 37.2700526053 0.9)"
"District 10","Perry","10-00209.10","KY","476","KY-476","RECONSTRUCTION","0.45","0.9","IMPROVE KY 476 FROM BRIDGE OVER NORTH FORK KY RIVER (MP. 0.45) TO NORTH OF WALKER CORNETT ROAD IN WABACO. (SECTION 1)","","2026","2026","C","SPP","3780000","2031","","","","097-KY-0476-000","LINESTRING Z (-83.189082599 37.2662353545 0.45, -83.1890264115 37.2665935084 0.484, -83.1889863398 37.2667893516 0.503, -83.1889540942 37.2668773894 0.512, -83.1889065802 37.2669595964 0.521, -83.1888458908 37.2670250302 0.528, -83.1887612118 37.2670882878 0.537, -83.1886659832 37.2671384022 0.543, -83.1884785779 37.267209847 0.555, -83.1878812861 37.2674143431 0.59, -83.1874524104 37.2675697803 0.616, -83.1871290289 37.2676964859 0.635, -83.1868455702 37.2678218691 0.653, -83.1866676637 37.2679168736 0.665, -83.1865535698 37.267995695 0.673, -83.1864832866 37.268060092 0.679, -83.186442026 37.2681102898 0.683, -83.1863923013 37.2681866783 0.689, -83.1863568538 37.2682677756 0.694, -83.1863403566 37.2683476412 0.7, -83.1863356474 37.2683846294 0.703, -83.1863386289 37.2684478877 0.707, -83.1863486133 37.2685074537 0.711, -83.1863797563 37.2686015532 0.717, -83.1864552647 37.2687551497 0.729, -83.1865571629 37.2689211394 0.741, -83.1867657526 37.2692337176 0.766, -83.1868480949 37.2693385574 0.775, -83.1869542394 37.2694510636 0.785, -83.1870008797 37.2694943991 0.788, -83.1871039315 37.2695768895 0.796, -83.1872148422 37.2696507597 0.804, -83.1872731774 37.2696839119 0.808, -83.187429435 37.2697587773 0.818, -83.1875974543 37.2698215371 0.828, -83.1877386414 37.2698647498 0.836, -83.1879561064 37.2699192528 0.848, -83.1881439157 37.2699563446 0.859, -83.1884381167 37.269998793 0.875, -83.1888882329 37.2700526053 0.9)"
"District 10","Perry","10-00209.10","KY","476","KY-476","RECONSTRUCTION","0.45","0.9","IMPROVE KY 476 FROM BRIDGE OVER NORTH FORK KY RIVER (MP. 0.45) TO NORTH OF WALKER CORNETT ROAD IN WABACO. (SECTION 1)","","2026","2026","D","SPP","160000","2029","","","","097-KY-0476-000","LINESTRING Z (-83.189082599 37.2662353545 0.45, -83.1890264115 37.2665935084 0.484, -83.1889863398 37.2667893516 0.503, -83.1889540942 37.2668773894 0.512, -83.1889065802 37.2669595964 0.521, -83.1888458908 37.2670250302 0.528, -83.1887612118 37.2670882878 0.537, -83.1886659832 37.2671384022 0.543, -83.1884785779 37.267209847 0.555, -83.1878812861 37.2674143431 0.59, -83.1874524104 37.2675697803 0.616, -83.1871290289 37.2676964859 0.635, -83.1868455702 37.2678218691 0.653, -83.1866676637 37.2679168736 0.665, -83.1865535698 37.267995695 0.673, -83.1864832866 37.268060092 0.679, -83.186442026 37.2681102898 0.683, -83.1863923013 37.2681866783 0.689, -83.1863568538 37.2682677756 0.694, -83.1863403566 37.2683476412 0.7, -83.1863356474 37.2683846294 0.703, -83.1863386289 37.2684478877 0.707, -83.1863486133 37.2685074537 0.711, -83.1863797563 37.2686015532 0.717, -83.1864552647 37.2687551497 0.729, -83.1865571629 37.2689211394 0.741, -83.1867657526 37.2692337176 0.766, -83.1868480949 37.2693385574 0.775, -83.1869542394 37.2694510636 0.785, -83.1870008797 37.2694943991 0.788, -83.1871039315 37.2695768895 0.796, -83.1872148422 37.2696507597 0.804, -83.1872731774 37.2696839119 0.808, -83.187429435 37.2697587773 0.818, -83.1875974543 37.2698215371 0.828, -83.1877386414 37.2698647498 0.836, -83.1879561064 37.2699192528 0.848, -83.1881439157 37.2699563446 0.859, -83.1884381167 37.269998793 0.875, -83.1888882329 37.2700526053 0.9)"
"District 10","Perry","10-00209.20","KY","476","KY-476","RECONSTRUCTION","0.0","0.45","IMPROVE KY 476 FROM KY-15X IN WALKERTOWN TO BRIDGE OVER NORTH FORK KY RIVER.","","2026","2026","U","SPP","700000","2031","","","","097-KY-0476-000","LINESTRING Z (-83.1956694309 37.262972484 0, -83.195595179 37.2634140341 0.019, -83.1955721052 37.2634855135 0.023, -83.1955449233 37.2635464636 0.025, -83.1955074125 37.2635978456 0.028, -83.1953994102 37.2637702239 0.039, -83.1951853757 37.2640474346 0.057, -83.1946926146 37.2647139122 0.1, -83.1944996548 37.2649577889 0.116, -83.1943885754 37.2650693792 0.124, -83.1942714537 37.2651767154 0.132, -83.1941435234 37.2652684296 0.14, -83.1939869068 37.2653545696 0.148, -83.19388814 37.2653977407 0.153, -83.1937667309 37.2654395922 0.159, -83.1935614384 37.2654815293 0.169, -83.1933950474 37.2655017893 0.176, -83.1932710918 37.2655075909 0.182, -83.1931421251 37.2655091623 0.187, -83.1930186396 37.2655012374 0.193, -83.1926806685 37.2654825691 0.208, -83.1920555977 37.2654353539 0.236, -83.1914599248 37.2653830104 0.263, -83.1912300664 37.2653493983 0.274, -83.1909971685 37.2653041792 0.284, -83.1908757931 37.2652748669 0.29, -83.1906277487 37.2652202488 0.301, -83.1903941496 37.2651854531 0.312, -83.1902734796 37.2651756642 0.318, -83.1901539581 37.2651724935 0.323, -83.1898386487 37.2651746452 0.337, -83.1896911375 37.2651856973 0.344, -83.1895908416 37.2652032799 0.348, -83.1895276816 37.2652205774 0.351, -83.1894202115 37.2652668515 0.357, -83.1893319399 37.2653347017 0.362, -83.1892854829 37.2653861606 0.368, -83.1892355744 37.2654680409 0.377, -83.1892093602 37.2655306589 0.383, -83.1891876291 37.2656128826 0.391, -83.1891139977 37.2660352096 0.431, -83.189082599 37.2662353545 0.45)"
"District 10","Perry","10-00209.20","KY","476","KY-476","RECONSTRUCTION","0.0","0.45","IMPROVE KY 476 FROM KY-15X IN WALKERTOWN TO BRIDGE OVER NORTH FORK KY RIVER.","","2026","2026","R","SPP","720000","2030","","","","097-KY-0476-000","LINESTRING Z (-83.1956694309 37.262972484 0, -83.195595179 37.2634140341 0.019, -83.1955721052 37.2634855135 0.023, -83.1955449233 37.2635464636 0.025, -83.1955074125 37.2635978456 0.028, -83.1953994102 37.2637702239 0.039, -83.1951853757 37.2640474346 0.057, -83.1946926146 37.2647139122 0.1, -83.1944996548 37.2649577889 0.116, -83.1943885754 37.2650693792 0.124, -83.1942714537 37.2651767154 0.132, -83.1941435234 37.2652684296 0.14, -83.1939869068 37.2653545696 0.148, -83.19388814 37.2653977407 0.153, -83.1937667309 37.2654395922 0.159, -83.1935614384 37.2654815293 0.169, -83.1933950474 37.2655017893 0.176, -83.1932710918 37.2655075909 0.182, -83.1931421251 37.2655091623 0.187, -83.1930186396 37.2655012374 0.193, -83.1926806685 37.2654825691 0.208, -83.1920555977 37.2654353539 0.236, -83.1914599248 37.2653830104 0.263, -83.1912300664 37.2653493983 0.274, -83.1909971685 37.2653041792 0.284, -83.1908757931 37.2652748669 0.29, -83.1906277487 37.2652202488 0.301, -83.1903941496 37.2651854531 0.312, -83.1902734796 37.2651756642 0.318, -83.1901539581 37.2651724935 0.323, -83.1898386487 37.2651746452 0.337, -83.1896911375 37.2651856973 0.344, -83.1895908416 37.2652032799 0.348, -83.1895276816 37.2652205774 0.351, -83.1894202115 37.2652668515 0.357, -83.1893319399 37.2653347017 0.362, -83.1892854829 37.2653861606 0.368, -83.1892355744 37.2654680409 0.377, -83.1892093602 37.2655306589 0.383, -83.1891876291 37.2656128826 0.391, -83.1891139977 37.2660352096 0.431, -83.189082599 37.2662353545 0.45)"
"District 10","Perry","10-00209.20","KY","476","KY-476","RECONSTRUCTION","0.0","0.45","IMPROVE KY 476 FROM KY-15X IN WALKERTOWN TO BRIDGE OVER NORTH FORK KY RIVER.","","2026","2026","C","SPP","4200000","2032","","","","097-KY-0476-000","LINESTRING Z (-83.1956694309 37.262972484 0, -83.195595179 37.2634140341 0.019, -83.1955721052 37.2634855135 0.023, -83.1955449233 37.2635464636 0.025, -83.1955074125 37.2635978456 0.028, -83.1953994102 37.2637702239 0.039, -83.1951853757 37.2640474346 0.057, -83.1946926146 37.2647139122 0.1, -83.1944996548 37.2649577889 0.116, -83.1943885754 37.2650693792 0.124, -83.1942714537 37.2651767154 0.132, -83.1941435234 37.2652684296 0.14, -83.1939869068 37.2653545696 0.148, -83.19388814 37.2653977407 0.153, -83.1937667309 37.2654395922 0.159, -83.1935614384 37.2654815293 0.169, -83.1933950474 37.2655017893 0.176, -83.1932710918 37.2655075909 0.182, -83.1931421251 37.2655091623 0.187, -83.1930186396 37.2655012374 0.193, -83.1926806685 37.2654825691 0.208, -83.1920555977 37.2654353539 0.236, -83.1914599248 37.2653830104 0.263, -83.1912300664 37.2653493983 0.274, -83.1909971685 37.2653041792 0.284, -83.1908757931 37.2652748669 0.29, -83.1906277487 37.2652202488 0.301, -83.1903941496 37.2651854531 0.312, -83.1902734796 37.2651756642 0.318, -83.1901539581 37.2651724935 0.323, -83.1898386487 37.2651746452 0.337, -83.1896911375 37.2651856973 0.344, -83.1895908416 37.2652032799 0.348, -83.1895276816 37.2652205774 0.351, -83.1894202115 37.2652668515 0.357, -83.1893319399 37.2653347017 0.362, -83.1892854829 37.2653861606 0.368, -83.1892355744 37.2654680409 0.377, -83.1892093602 37.2655306589 0.383, -83.1891876291 37.2656128826 0.391, -83.1891139977 37.2660352096 0.431, -83.189082599 37.2662353545 0.45)"
"District 10","Perry","10-00209.20","KY","476","KY-476","RECONSTRUCTION","0.0","0.45","IMPROVE KY 476 FROM KY-15X IN WALKERTOWN TO BRIDGE OVER NORTH FORK KY RIVER.","","2026","2026","D","SPP","330000","2029","","","","097-KY-0476-000","LINESTRING Z (-83.1956694309 37.262972484 0, -83.195595179 37.2634140341 0.019, -83.1955721052 37.2634855135 0.023, -83.1955449233 37.2635464636 0.025, -83.1955074125 37.2635978456 0.028, -83.1953994102 37.2637702239 0.039, -83.1951853757 37.2640474346 0.057, -83.1946926146 37.2647139122 0.1, -83.1944996548 37.2649577889 0.116, -83.1943885754 37.2650693792 0.124, -83.1942714537 37.2651767154 0.132, -83.1941435234 37.2652684296 0.14, -83.1939869068 37.2653545696 0.148, -83.19388814 37.2653977407 0.153, -83.1937667309 37.2654395922 0.159, -83.1935614384 37.2654815293 0.169, -83.1933950474 37.2655017893 0.176, -83.1932710918 37.2655075909 0.182, -83.1931421251 37.2655091623 0.187, -83.1930186396 37.2655012374 0.193, -83.1926806685 37.2654825691 0.208, -83.1920555977 37.2654353539 0.236, -83.1914599248 37.2653830104 0.263, -83.1912300664 37.2653493983 0.274, -83.1909971685 37.2653041792 0.284, -83.1908757931 37.2652748669 0.29, -83.1906277487 37.2652202488 0.301, -83.1903941496 37.2651854531 0.312, -83.1902734796 37.2651756642 0.318, -83.1901539581 37.2651724935 0.323, -83.1898386487 37.2651746452 0.337, -83.1896911375 37.2651856973 0.344, -83.1895908416 37.2652032799 0.348, -83.1895276816 37.2652205774 0.351, -83.1894202115 37.2652668515 0.357, -83.1893319399 37.2653347017 0.362, -83.1892854829 37.2653861606 0.368, -83.1892355744 37.2654680409 0.377, -83.1892093602 37.2655306589 0.383, -83.1891876291 37.2656128826 0.391, -83.1891139977 37.2660352096 0.431, -83.189082599 37.2662353545 0.45)"
"District 10","Perry","10-00269.20","KY","15","KY-15","RECONSTRUCTION","16.847","20.135","RECONSTRUCTION OF KY 15 FROM BONNYMAN TO NEAR KY 28. (14CCN) (2020CCN) (2022CCR) (2024CCR)","","2014","2026","U","SPP","6050000","2030","","","","097-KY-0015-000","LINESTRING Z (-83.2445953038 37.3005322273 16.847, -83.2449361641 37.3009082726 16.879, -83.2450912458 37.3010728758 16.893, -83.2452516244 37.3012436374 16.908, -83.24603711 37.3020435107 16.978, -83.246496277 37.3025344376 17.02, -83.2468028918 37.3028775757 17.049, -83.2474221264 37.3035900788 17.108, -83.2478526109 37.3040856053 17.15, -83.248079448 37.3043363632 17.171, -83.2482939967 37.3046151569 17.194, -83.2484062931 37.3047944999 17.208, -83.2485165027 37.3050155591 17.224, -83.248570436 37.3051917286 17.236, -83.2486119853 37.3053269703 17.246, -83.2486582597 37.3055161631 17.259, -83.2487018093 37.3055918273 17.265, -83.2487243124 37.3057104504 17.273, -83.2487320573 37.3058383736 17.282, -83.2487329512 37.3060167041 17.294, -83.2487195011 37.30619198 17.307, -83.2486951332 37.3063543829 17.318, -83.2486673884 37.3064636883 17.326, -83.2485997483 37.3066856087 17.342, -83.24854433 37.3068303136 17.353, -83.2484730678 37.3069859432 17.364, -83.2483703504 37.30717689 17.379, -83.2482262126 37.3074029425 17.396, -83.2479881558 37.3077319366 17.422, -83.2470584317 37.3089508545 17.52, -83.2468390389 37.3092461774 17.543, -83.2466399426 37.3095413847 17.566, -83.2465414746 37.3097079699 17.579, -83.2464551787 37.3098808596 17.592, -83.2463828461 37.3100578958 17.604, -83.2463438846 37.3101732784 17.613, -83.2462989975 37.3103319444 17.624, -83.2462470019 37.3105998082 17.642, -83.2462292632 37.3107796624 17.655, -83.2462281743 37.310965643 17.667, -83.2462469023 37.3111556209 17.68, -83.2462851576 37.3113479401 17.694, -83.2463345919 37.3115146728 17.705, -83.2464067455 37.3117013988 17.719, -83.246466724 37.3118307167 17.728, -83.2465794156 37.312039468 17.744, -83.246742888 37.3122929913 17.763, -83.2470256062 37.3126831469 17.794, -83.2472049394 37.3129356364 17.814, -83.2473603757 37.3131725027 17.832, -83.2474521769 37.3133376691 17.844, -83.2475196222 37.3134803346 17.855, -83.2475864531 37.3136515598 17.867, -83.2476344129 37.3138111165 17.878, -83.2476780561 37.3140172879 17.892, -83.2477004955 37.3141787715 17.903, -83.2477063246 37.3142613204 17.909, -83.247712072 37.3144999245 17.926, -83.2476991698 37.3147612078 17.944, -83.2476514664 37.3152393455 17.977, -83.247627178 37.3155836334 18.001, -83.2476178962 37.3160136896 18.031, -83.2476276456 37.316317494 18.052, -83.2476451523 37.3165439863 18.067, -83.2476738315 37.3167962703 18.085, -83.2477266391 37.3171188554 18.108, -83.247760436 37.3172904723 18.12, -83.2478150686 37.3175177601 18.136, -83.2479247576 37.3178879966 18.162, -83.2480436454 37.3182199653 18.186, -83.2482783456 37.3187706404 18.226, -83.24861435 37.3196034519 18.287, -83.2488372314 37.320219537 18.331, -83.2488929946 37.3203825577 18.343, -83.2489423578 37.32055176 18.355, -83.2490349083 37.3209306945 18.382, -83.2491069858 37.3213251267 18.409, -83.2491494433 37.3216796361 18.434, -83.2491620757 37.3218670093 18.447, -83.2491701235 37.3221397308 18.466, -83.2491689532 37.3224103326 18.485, -83.2491609682 37.3225969894 18.498, -83.2491405291 37.3228369554 18.514, -83.2491273423 37.3229941037 18.525, -83.2489512604 37.3243349485 18.619, -83.2489269198 37.3246501123 18.64, -83.2489250898 37.324889104 18.657, -83.2489301223 37.3249749329 18.663, -83.2489368743 37.3251017361 18.672, -83.2489609079 37.3252877049 18.685, -83.2490036612 37.325500176 18.699, -83.2490594973 37.3257123768 18.714, -83.2491309066 37.3259218901 18.729, -83.2492151469 37.3261283796 18.744, -83.2493143464 37.3263299693 18.759, -83.2494271559 37.3265258067 18.774, -83.2495280246 37.3266777023 18.786, -83.249690898 37.3268990631 18.804, -83.2498408537 37.3270748139 18.819, -83.2500031103 37.3272428591 18.833, -83.2501331114 37.3273673542 18.844, -83.2503102504 37.3275225299 18.859, -83.2511886588 37.3282185732 18.926, -83.2514558523 37.328438041 18.947, -83.2515885405 37.3285543486 18.958, -83.2517987539 37.3287596836 18.976, -83.2519553334 37.3289331006 18.991, -83.2521041283 37.3291129444 19.005, -83.2522400002 37.3292985559 19.019, -83.2523609521 37.3294879702 19.033, -83.2524537047 37.3296564498 19.046, -83.2525685487 37.3298946378 19.064, -83.2526493866 37.330110668 19.08, -83.2526912827 37.3302464644 19.089, -83.2527572165 37.3305171262 19.108, -83.2527853124 37.3306746073 19.119, -83.25281033 37.3308828507 19.133, -83.2528208998 37.3310089111 19.142, -83.2528256838 37.3311741361 19.153, -83.2528134389 37.3314368074 19.171, -83.2527979984 37.3315895116 19.182, -83.2527651928 37.3318086088 19.197, -83.2526670285 37.3323249586 19.233, -83.2526442072 37.3324412384 19.241, -83.2526140395 37.3326021449 19.252, -83.2523659163 37.3339172758 19.344, -83.2522983298 37.334321908 19.372, -83.2522769663 37.3344972893 19.385, -83.2522651836 37.3346742491 19.397, -83.2522660863 37.3348525796 19.409, -83.2522814122 37.3350317674 19.422, -83.2522961922 37.3351348394 19.429, -83.2523185296 37.3352383471 19.436, -83.2523497929 37.3353629261 19.445, -83.2524086351 37.3355372743 19.458, -83.252492214 37.3357333071 19.472, -83.2525979 37.3359267906 19.487, -83.2526895369 37.3360672215 19.498, -83.2528105087 37.3362255886 19.511, -83.2529901962 37.336418455 19.528, -83.2530993571 37.3365185977 19.537, -83.2532611093 37.3366511849 19.55, -83.2534089505 37.3367573737 19.561, -83.2535352055 37.3368402977 19.57, -83.2536915083 37.3369301821 19.581, -83.2538030636 37.336989713 19.588, -83.2539758317 37.3370708826 19.599, -83.2541496541 37.3371410838 19.61, -83.2544272358 37.3372365801 19.627, -83.2546777466 37.3373081441 19.642, -83.2550895348 37.3374136485 19.666, -83.2565394414 37.3377663263 19.751, -83.2569967726 37.3378785645 19.775, -83.2573619462 37.3379685048 19.793, -83.2577725495 37.3380684785 19.817, -83.2583773551 37.338216003 19.847, -83.2590709127 37.3383849225 19.882, -83.2593862824 37.3384619801 19.899, -83.2617867967 37.3390466793 20.035, -83.2635486746 37.3394740017 20.135)"
"District 10","Perry","10-00269.20","KY","15","KY-15","RECONSTRUCTION","16.847","20.135","RECONSTRUCTION OF KY 15 FROM BONNYMAN TO NEAR KY 28. (14CCN) (2020CCN) (2022CCR) (2024CCR)","","2014","2026","C","SPP","73080000","2031","","","","097-KY-0015-000","LINESTRING Z (-83.2445953038 37.3005322273 16.847, -83.2449361641 37.3009082726 16.879, -83.2450912458 37.3010728758 16.893, -83.2452516244 37.3012436374 16.908, -83.24603711 37.3020435107 16.978, -83.246496277 37.3025344376 17.02, -83.2468028918 37.3028775757 17.049, -83.2474221264 37.3035900788 17.108, -83.2478526109 37.3040856053 17.15, -83.248079448 37.3043363632 17.171, -83.2482939967 37.3046151569 17.194, -83.2484062931 37.3047944999 17.208, -83.2485165027 37.3050155591 17.224, -83.248570436 37.3051917286 17.236, -83.2486119853 37.3053269703 17.246, -83.2486582597 37.3055161631 17.259, -83.2487018093 37.3055918273 17.265, -83.2487243124 37.3057104504 17.273, -83.2487320573 37.3058383736 17.282, -83.2487329512 37.3060167041 17.294, -83.2487195011 37.30619198 17.307, -83.2486951332 37.3063543829 17.318, -83.2486673884 37.3064636883 17.326, -83.2485997483 37.3066856087 17.342, -83.24854433 37.3068303136 17.353, -83.2484730678 37.3069859432 17.364, -83.2483703504 37.30717689 17.379, -83.2482262126 37.3074029425 17.396, -83.2479881558 37.3077319366 17.422, -83.2470584317 37.3089508545 17.52, -83.2468390389 37.3092461774 17.543, -83.2466399426 37.3095413847 17.566, -83.2465414746 37.3097079699 17.579, -83.2464551787 37.3098808596 17.592, -83.2463828461 37.3100578958 17.604, -83.2463438846 37.3101732784 17.613, -83.2462989975 37.3103319444 17.624, -83.2462470019 37.3105998082 17.642, -83.2462292632 37.3107796624 17.655, -83.2462281743 37.310965643 17.667, -83.2462469023 37.3111556209 17.68, -83.2462851576 37.3113479401 17.694, -83.2463345919 37.3115146728 17.705, -83.2464067455 37.3117013988 17.719, -83.246466724 37.3118307167 17.728, -83.2465794156 37.312039468 17.744, -83.246742888 37.3122929913 17.763, -83.2470256062 37.3126831469 17.794, -83.2472049394 37.3129356364 17.814, -83.2473603757 37.3131725027 17.832, -83.2474521769 37.3133376691 17.844, -83.2475196222 37.3134803346 17.855, -83.2475864531 37.3136515598 17.867, -83.2476344129 37.3138111165 17.878, -83.2476780561 37.3140172879 17.892, -83.2477004955 37.3141787715 17.903, -83.2477063246 37.3142613204 17.909, -83.247712072 37.3144999245 17.926, -83.2476991698 37.3147612078 17.944, -83.2476514664 37.3152393455 17.977, -83.247627178 37.3155836334 18.001, -83.2476178962 37.3160136896 18.031, -83.2476276456 37.316317494 18.052, -83.2476451523 37.3165439863 18.067, -83.2476738315 37.3167962703 18.085, -83.2477266391 37.3171188554 18.108, -83.247760436 37.3172904723 18.12, -83.2478150686 37.3175177601 18.136, -83.2479247576 37.3178879966 18.162, -83.2480436454 37.3182199653 18.186, -83.2482783456 37.3187706404 18.226, -83.24861435 37.3196034519 18.287, -83.2488372314 37.320219537 18.331, -83.2488929946 37.3203825577 18.343, -83.2489423578 37.32055176 18.355, -83.2490349083 37.3209306945 18.382, -83.2491069858 37.3213251267 18.409, -83.2491494433 37.3216796361 18.434, -83.2491620757 37.3218670093 18.447, -83.2491701235 37.3221397308 18.466, -83.2491689532 37.3224103326 18.485, -83.2491609682 37.3225969894 18.498, -83.2491405291 37.3228369554 18.514, -83.2491273423 37.3229941037 18.525, -83.2489512604 37.3243349485 18.619, -83.2489269198 37.3246501123 18.64, -83.2489250898 37.324889104 18.657, -83.2489301223 37.3249749329 18.663, -83.2489368743 37.3251017361 18.672, -83.2489609079 37.3252877049 18.685, -83.2490036612 37.325500176 18.699, -83.2490594973 37.3257123768 18.714, -83.2491309066 37.3259218901 18.729, -83.2492151469 37.3261283796 18.744, -83.2493143464 37.3263299693 18.759, -83.2494271559 37.3265258067 18.774, -83.2495280246 37.3266777023 18.786, -83.249690898 37.3268990631 18.804, -83.2498408537 37.3270748139 18.819, -83.2500031103 37.3272428591 18.833, -83.2501331114 37.3273673542 18.844, -83.2503102504 37.3275225299 18.859, -83.2511886588 37.3282185732 18.926, -83.2514558523 37.328438041 18.947, -83.2515885405 37.3285543486 18.958, -83.2517987539 37.3287596836 18.976, -83.2519553334 37.3289331006 18.991, -83.2521041283 37.3291129444 19.005, -83.2522400002 37.3292985559 19.019, -83.2523609521 37.3294879702 19.033, -83.2524537047 37.3296564498 19.046, -83.2525685487 37.3298946378 19.064, -83.2526493866 37.330110668 19.08, -83.2526912827 37.3302464644 19.089, -83.2527572165 37.3305171262 19.108, -83.2527853124 37.3306746073 19.119, -83.25281033 37.3308828507 19.133, -83.2528208998 37.3310089111 19.142, -83.2528256838 37.3311741361 19.153, -83.2528134389 37.3314368074 19.171, -83.2527979984 37.3315895116 19.182, -83.2527651928 37.3318086088 19.197, -83.2526670285 37.3323249586 19.233, -83.2526442072 37.3324412384 19.241, -83.2526140395 37.3326021449 19.252, -83.2523659163 37.3339172758 19.344, -83.2522983298 37.334321908 19.372, -83.2522769663 37.3344972893 19.385, -83.2522651836 37.3346742491 19.397, -83.2522660863 37.3348525796 19.409, -83.2522814122 37.3350317674 19.422, -83.2522961922 37.3351348394 19.429, -83.2523185296 37.3352383471 19.436, -83.2523497929 37.3353629261 19.445, -83.2524086351 37.3355372743 19.458, -83.252492214 37.3357333071 19.472, -83.2525979 37.3359267906 19.487, -83.2526895369 37.3360672215 19.498, -83.2528105087 37.3362255886 19.511, -83.2529901962 37.336418455 19.528, -83.2530993571 37.3365185977 19.537, -83.2532611093 37.3366511849 19.55, -83.2534089505 37.3367573737 19.561, -83.2535352055 37.3368402977 19.57, -83.2536915083 37.3369301821 19.581, -83.2538030636 37.336989713 19.588, -83.2539758317 37.3370708826 19.599, -83.2541496541 37.3371410838 19.61, -83.2544272358 37.3372365801 19.627, -83.2546777466 37.3373081441 19.642, -83.2550895348 37.3374136485 19.666, -83.2565394414 37.3377663263 19.751, -83.2569967726 37.3378785645 19.775, -83.2573619462 37.3379685048 19.793, -83.2577725495 37.3380684785 19.817, -83.2583773551 37.338216003 19.847, -83.2590709127 37.3383849225 19.882, -83.2593862824 37.3384619801 19.899, -83.2617867967 37.3390466793 20.035, -83.2635486746 37.3394740017 20.135)"
"District 10","Perry","10-00269.20","KY","15","KY-15","RECONSTRUCTION","16.847","20.135","RECONSTRUCTION OF KY 15 FROM BONNYMAN TO NEAR KY 28. (14CCN) (2020CCN) (2022CCR) (2024CCR)","","2014","2026","R","SPP","13750000","2029","","","","097-KY-0015-000","LINESTRING Z (-83.2445953038 37.3005322273 16.847, -83.2449361641 37.3009082726 16.879, -83.2450912458 37.3010728758 16.893, -83.2452516244 37.3012436374 16.908, -83.24603711 37.3020435107 16.978, -83.246496277 37.3025344376 17.02, -83.2468028918 37.3028775757 17.049, -83.2474221264 37.3035900788 17.108, -83.2478526109 37.3040856053 17.15, -83.248079448 37.3043363632 17.171, -83.2482939967 37.3046151569 17.194, -83.2484062931 37.3047944999 17.208, -83.2485165027 37.3050155591 17.224, -83.248570436 37.3051917286 17.236, -83.2486119853 37.3053269703 17.246, -83.2486582597 37.3055161631 17.259, -83.2487018093 37.3055918273 17.265, -83.2487243124 37.3057104504 17.273, -83.2487320573 37.3058383736 17.282, -83.2487329512 37.3060167041 17.294, -83.2487195011 37.30619198 17.307, -83.2486951332 37.3063543829 17.318, -83.2486673884 37.3064636883 17.326, -83.2485997483 37.3066856087 17.342, -83.24854433 37.3068303136 17.353, -83.2484730678 37.3069859432 17.364, -83.2483703504 37.30717689 17.379, -83.2482262126 37.3074029425 17.396, -83.2479881558 37.3077319366 17.422, -83.2470584317 37.3089508545 17.52, -83.2468390389 37.3092461774 17.543, -83.2466399426 37.3095413847 17.566, -83.2465414746 37.3097079699 17.579, -83.2464551787 37.3098808596 17.592, -83.2463828461 37.3100578958 17.604, -83.2463438846 37.3101732784 17.613, -83.2462989975 37.3103319444 17.624, -83.2462470019 37.3105998082 17.642, -83.2462292632 37.3107796624 17.655, -83.2462281743 37.310965643 17.667, -83.2462469023 37.3111556209 17.68, -83.2462851576 37.3113479401 17.694, -83.2463345919 37.3115146728 17.705, -83.2464067455 37.3117013988 17.719, -83.246466724 37.3118307167 17.728, -83.2465794156 37.312039468 17.744, -83.246742888 37.3122929913 17.763, -83.2470256062 37.3126831469 17.794, -83.2472049394 37.3129356364 17.814, -83.2473603757 37.3131725027 17.832, -83.2474521769 37.3133376691 17.844, -83.2475196222 37.3134803346 17.855, -83.2475864531 37.3136515598 17.867, -83.2476344129 37.3138111165 17.878, -83.2476780561 37.3140172879 17.892, -83.2477004955 37.3141787715 17.903, -83.2477063246 37.3142613204 17.909, -83.247712072 37.3144999245 17.926, -83.2476991698 37.3147612078 17.944, -83.2476514664 37.3152393455 17.977, -83.247627178 37.3155836334 18.001, -83.2476178962 37.3160136896 18.031, -83.2476276456 37.316317494 18.052, -83.2476451523 37.3165439863 18.067, -83.2476738315 37.3167962703 18.085, -83.2477266391 37.3171188554 18.108, -83.247760436 37.3172904723 18.12, -83.2478150686 37.3175177601 18.136, -83.2479247576 37.3178879966 18.162, -83.2480436454 37.3182199653 18.186, -83.2482783456 37.3187706404 18.226, -83.24861435 37.3196034519 18.287, -83.2488372314 37.320219537 18.331, -83.2488929946 37.3203825577 18.343, -83.2489423578 37.32055176 18.355, -83.2490349083 37.3209306945 18.382, -83.2491069858 37.3213251267 18.409, -83.2491494433 37.3216796361 18.434, -83.2491620757 37.3218670093 18.447, -83.2491701235 37.3221397308 18.466, -83.2491689532 37.3224103326 18.485, -83.2491609682 37.3225969894 18.498, -83.2491405291 37.3228369554 18.514, -83.2491273423 37.3229941037 18.525, -83.2489512604 37.3243349485 18.619, -83.2489269198 37.3246501123 18.64, -83.2489250898 37.324889104 18.657, -83.2489301223 37.3249749329 18.663, -83.2489368743 37.3251017361 18.672, -83.2489609079 37.3252877049 18.685, -83.2490036612 37.325500176 18.699, -83.2490594973 37.3257123768 18.714, -83.2491309066 37.3259218901 18.729, -83.2492151469 37.3261283796 18.744, -83.2493143464 37.3263299693 18.759, -83.2494271559 37.3265258067 18.774, -83.2495280246 37.3266777023 18.786, -83.249690898 37.3268990631 18.804, -83.2498408537 37.3270748139 18.819, -83.2500031103 37.3272428591 18.833, -83.2501331114 37.3273673542 18.844, -83.2503102504 37.3275225299 18.859, -83.2511886588 37.3282185732 18.926, -83.2514558523 37.328438041 18.947, -83.2515885405 37.3285543486 18.958, -83.2517987539 37.3287596836 18.976, -83.2519553334 37.3289331006 18.991, -83.2521041283 37.3291129444 19.005, -83.2522400002 37.3292985559 19.019, -83.2523609521 37.3294879702 19.033, -83.2524537047 37.3296564498 19.046, -83.2525685487 37.3298946378 19.064, -83.2526493866 37.330110668 19.08, -83.2526912827 37.3302464644 19.089, -83.2527572165 37.3305171262 19.108, -83.2527853124 37.3306746073 19.119, -83.25281033 37.3308828507 19.133, -83.2528208998 37.3310089111 19.142, -83.2528256838 37.3311741361 19.153, -83.2528134389 37.3314368074 19.171, -83.2527979984 37.3315895116 19.182, -83.2527651928 37.3318086088 19.197, -83.2526670285 37.3323249586 19.233, -83.2526442072 37.3324412384 19.241, -83.2526140395 37.3326021449 19.252, -83.2523659163 37.3339172758 19.344, -83.2522983298 37.334321908 19.372, -83.2522769663 37.3344972893 19.385, -83.2522651836 37.3346742491 19.397, -83.2522660863 37.3348525796 19.409, -83.2522814122 37.3350317674 19.422, -83.2522961922 37.3351348394 19.429, -83.2523185296 37.3352383471 19.436, -83.2523497929 37.3353629261 19.445, -83.2524086351 37.3355372743 19.458, -83.252492214 37.3357333071 19.472, -83.2525979 37.3359267906 19.487, -83.2526895369 37.3360672215 19.498, -83.2528105087 37.3362255886 19.511, -83.2529901962 37.336418455 19.528, -83.2530993571 37.3365185977 19.537, -83.2532611093 37.3366511849 19.55, -83.2534089505 37.3367573737 19.561, -83.2535352055 37.3368402977 19.57, -83.2536915083 37.3369301821 19.581, -83.2538030636 37.336989713 19.588, -83.2539758317 37.3370708826 19.599, -83.2541496541 37.3371410838 19.61, -83.2544272358 37.3372365801 19.627, -83.2546777466 37.3373081441 19.642, -83.2550895348 37.3374136485 19.666, -83.2565394414 37.3377663263 19.751, -83.2569967726 37.3378785645 19.775, -83.2573619462 37.3379685048 19.793, -83.2577725495 37.3380684785 19.817, -83.2583773551 37.338216003 19.847, -83.2590709127 37.3383849225 19.882, -83.2593862824 37.3384619801 19.899, -83.2617867967 37.3390466793 20.035, -83.2635486746 37.3394740017 20.135)"
"District 10","Perry","10-04317.00","KY","7","KY-7","SAF-GUARDRAIL(P)","9.7","10.0","INSTALL GUARDRAIL ON KY-7 IN PERRY COUNTY","","2020","2026","C","GR","64000","2026","","","","097-KY-0007-000","LINESTRING Z (-83.0974691239 37.1455188572 9.7, -83.0974964885 37.1452485583 9.719, -83.0975239191 37.1448337482 9.747, -83.0975581097 37.1445185537 9.769, -83.0975963023 37.1443419291 9.782, -83.0976308176 37.1442108308 9.791, -83.097687324 37.1440403921 9.803, -83.0977515907 37.1438737025 9.815, -83.0978062929 37.1437540538 9.824, -83.0978698032 37.143637628 9.833, -83.0979171541 37.1435606736 9.839, -83.0980154349 37.1434219595 9.85, -83.0981288549 37.1432918317 9.861, -83.0982566114 37.1431735705 9.872, -83.0983920507 37.1430612536 9.882, -83.0985211681 37.1429432969 9.893, -83.0986349881 37.1428115301 9.904, -83.0987215744 37.1426637558 9.916, -83.0987805679 37.1425005181 9.927, -83.0988096833 37.1423280831 9.939, -83.0988280203 37.1421499067 9.952, -83.0988204583 37.141802165 9.976, -83.0988263151 37.1416371684 9.987, -83.0988614183 37.1414700898 9.999, -83.0988659326 37.1414570041 10)"
"District 10","Perry","10-08903.00","HR","9006","HR-9006","NEW INTERCHANGE(O)","54.9","55.1","NEW INTERCHANGE OFF OF A NEW EXIT 55 HAL ROGERS PARKWAY. (16CCN)(18CCN) (2024CCR) (2026CCR)","","2016","2026","C","NH","19440000","2028","","","","097-HR-9006-000","LINESTRING Z (-83.2753757354 37.2555268116 54.9, -83.2717491335 37.2557331981 55.1)"
"District 10","Perry","10-10056.00","KY","476","KY-476","AM-BRIDGE (P)","3.648","3.656","BRIDGE PROJECT IN PERRY COUNTY ON (097B00005N) KY-476 AT JAKES CREEK","097B00005N","2022","2026","C","BRX","1120951","2029","","","","097-KY-0476-000","LINESTRING Z (-83.170870978 37.2974614913 3.648, -83.1707264969 37.2974724505 3.656)"
"District 10","Perry","10-10056.00","KY","476","KY-476","AM-BRIDGE (P)","3.648","3.656","BRIDGE PROJECT IN PERRY COUNTY ON (097B00005N) KY-476 AT JAKES CREEK","097B00005N","2022","2026","D","BRX","168143","2029","","","","097-KY-0476-000","LINESTRING Z (-83.170870978 37.2974614913 3.648, -83.1707264969 37.2974724505 3.656)"
"District 10","Perry","10-10084.00","CR","1540","CR-1540","AM-BRIDGE (P)","0.007","0.017","ADDRESS DEFICIENCIES OF BRIDGE ON BRIDGE RD OVER LEATHERWOOD CREEK (097C00060N)","097C00060N","2026","2026","D","BRZ","127184","2029","","","","097-CR-1540-000","LINESTRING Z (-83.1170313677 37.063536214 0.007, -83.1172004965 37.063486336 0.017)"
"District 10","Perry","10-10084.00","CR","1540","CR-1540","AM-BRIDGE (P)","0.007","0.017","ADDRESS DEFICIENCIES OF BRIDGE ON BRIDGE RD OVER LEATHERWOOD CREEK (097C00060N)","097C00060N","2026","2026","C","BRZ","847895","2029","","","","097-CR-1540-000","LINESTRING Z (-83.1170313677 37.063536214 0.007, -83.1172004965 37.063486336 0.017)"
"District 10","Perry","10-22203.00","HR","9006","HR-9006","AM-PAVEMENT (PKY)(P)","51.026","55.97","ADDRESS CONDITION OF Hal Rogers Daniel Boone Parkway FROM MILEPOINT 51.026 TO MILEPOINT 56.1","","2022","2026","C","STP4","4094627","2030","","","","097-HR-9006-000","LINESTRING Z (-83.3339271902 37.2351460438 51.026, -83.3320343332 37.2371566773 51.2, -83.3317759549 37.2374208445 51.223, -83.3315730175 37.2376177492 51.24, -83.3313647446 37.2378095979 51.258, -83.3311483986 37.2379960583 51.275, -83.3309242876 37.2381782362 51.293, -83.3306101581 37.2384129464 51.317, -83.3303641051 37.2385828548 51.335, -83.33010969 37.2387457208 51.353, -83.3296728723 37.2390017871 51.382, -83.3292253443 37.2392383973 51.412, -83.3285884069 37.239551026 51.453, -83.3257033765 37.2409214303 51.638, -83.3223369015 37.2425100613 51.854, -83.3169255708 37.2450873664 52.201, -83.315246133 37.2458757433 52.308, -83.314946166 37.2460109777 52.327, -83.3145144641 37.2461811014 52.354, -83.3140124131 37.2463585465 52.384, -83.3133624292 37.2465301544 52.422, -83.3128409126 37.2466615817 52.452, -83.3127076044 37.2466920419 52.46, -83.3123687761 37.2467541997 52.479, -83.3120251007 37.2468069153 52.498, -83.3116776091 37.2468502082 52.517, -83.3113259408 37.2468846215 52.537, -83.3106266629 37.2469342969 52.576, -83.3057502608 37.2472083937 52.845, -83.3022184462 37.2474143361 53.04, -83.3017594643 37.2474511401 53.066, -83.3013041518 37.2475017572 53.091, -83.3010026084 37.247547906 53.108, -83.300702783 37.2476045301 53.125, -83.3004048924 37.2476754809 53.142, -83.3001100742 37.2477574852 53.159, -83.2998182935 37.2478516413 53.177, -83.2994122668 37.2480024671 53.201, -83.2990726856 37.2481393024 53.222, -83.2989626511 37.248193314 53.229, -83.2985274788 37.248415233 53.258, -83.2983175863 37.2485273156 53.272, -83.2982081314 37.2485950759 53.279, -83.2979038229 37.248808752 53.302, -83.2975941653 37.2490805608 53.327, -83.297238683 37.2494184438 53.357, -83.2970395637 37.2496313059 53.376, -83.2969144537 37.2497778624 53.388, -83.296678838 37.2500762272 53.412, -83.2963492807 37.2505347148 53.449, -83.2946992294 37.2528941319 53.635, -83.2935517683 37.2545173514 53.764, -83.2933854976 37.2547443624 53.782, -83.2932048007 37.2549606287 53.8, -83.29300504 37.2551608336 53.818, -83.2928617444 37.255285023 53.829, -83.2927875438 37.2553463778 53.835, -83.2925527023 37.2555158958 53.852, -83.2922984994 37.2556679721 53.87, -83.2920277182 37.2558015654 53.888, -83.2917438403 37.2559153754 53.905, -83.2915492767 37.2559785896 53.917, -83.2913491448 37.2560334441 53.928, -83.2911455418 37.2560788839 53.94, -83.2908356239 37.2561275783 53.957, -83.2905236538 37.2561550731 53.975, -83.2902079073 37.2561616078 53.992, -83.2898939254 37.2561459234 54.009, -83.2895817255 37.2561074726 54.027, -83.2892750858 37.2560463346 54.044, -83.2889753902 37.2559622631 54.062, -83.2886859926 37.255857803 54.079, -83.2884089354 37.2557335456 54.097, -83.2881438852 37.2555892091 54.114, -83.2878938319 37.2554278806 54.132, -83.2876572936 37.2552528238 54.15, -83.2866558949 37.2544461994 54.228, -83.2863407884 37.2542046428 54.252, -83.2861792448 37.2540902355 54.264, -83.286012694 37.2539817673 54.276, -83.2858372837 37.253881355 54.288, -83.2856581955 37.2537882811 54.3, -83.2854719299 37.2537043976 54.311, -83.285180594 37.2535965904 54.329, -83.2848775596 37.2535099649 54.347, -83.2845662446 37.2534451441 54.365, -83.2842486991 37.2534024446 54.382, -83.2841417197 37.2533946896 54.388, -83.2839290086 37.2533830519 54.4, -83.2836065219 37.2533858539 54.418, -83.2832852973 37.2534128588 54.436, -83.2829680995 37.2534635769 54.453, -83.282657342 37.2535377828 54.471, -83.2823524102 37.2536332663 54.489, -83.2821534047 37.2537059873 54.501, -83.2818574246 37.253821716 54.52, -83.2799176831 37.2546167303 54.64, -83.2794418132 37.2547984307 54.669, -83.2791549211 37.2548989594 54.686, -83.2788630955 37.254992788 54.703, -83.2786652602 37.2550506917 54.715, -83.2782633386 37.2551581237 54.738, -83.2778512311 37.2552513264 54.762, -83.2775371198 37.2553122603 54.78, -83.2773255769 37.2553481661 54.792, -83.2770050505 37.2553952255 54.81, -83.2766817241 37.2554334333 54.828, -83.2763558854 37.2554644429 54.846, -83.2760285216 37.2554896501 54.864, -83.2713864722 37.2557538305 55.12, -83.2707605201 37.2557965843 55.155, -83.2698143527 37.2558767654 55.208, -83.2692960573 37.2559275686 55.236, -83.268543931 37.256012413 55.278, -83.2663649863 37.2562740595 55.4, -83.2561365375 37.2575247735 55.97)"
"District 10","Perry","10-22203.00","HR","9006","HR-9006","AM-PAVEMENT (PKY)(P)","51.026","55.97","ADDRESS CONDITION OF Hal Rogers Daniel Boone Parkway FROM MILEPOINT 51.026 TO MILEPOINT 56.1","","2022","2026","D","STP4","410000","2030","","","","097-HR-9006-000","LINESTRING Z (-83.3339271902 37.2351460438 51.026, -83.3320343332 37.2371566773 51.2, -83.3317759549 37.2374208445 51.223, -83.3315730175 37.2376177492 51.24, -83.3313647446 37.2378095979 51.258, -83.3311483986 37.2379960583 51.275, -83.3309242876 37.2381782362 51.293, -83.3306101581 37.2384129464 51.317, -83.3303641051 37.2385828548 51.335, -83.33010969 37.2387457208 51.353, -83.3296728723 37.2390017871 51.382, -83.3292253443 37.2392383973 51.412, -83.3285884069 37.239551026 51.453, -83.3257033765 37.2409214303 51.638, -83.3223369015 37.2425100613 51.854, -83.3169255708 37.2450873664 52.201, -83.315246133 37.2458757433 52.308, -83.314946166 37.2460109777 52.327, -83.3145144641 37.2461811014 52.354, -83.3140124131 37.2463585465 52.384, -83.3133624292 37.2465301544 52.422, -83.3128409126 37.2466615817 52.452, -83.3127076044 37.2466920419 52.46, -83.3123687761 37.2467541997 52.479, -83.3120251007 37.2468069153 52.498, -83.3116776091 37.2468502082 52.517, -83.3113259408 37.2468846215 52.537, -83.3106266629 37.2469342969 52.576, -83.3057502608 37.2472083937 52.845, -83.3022184462 37.2474143361 53.04, -83.3017594643 37.2474511401 53.066, -83.3013041518 37.2475017572 53.091, -83.3010026084 37.247547906 53.108, -83.300702783 37.2476045301 53.125, -83.3004048924 37.2476754809 53.142, -83.3001100742 37.2477574852 53.159, -83.2998182935 37.2478516413 53.177, -83.2994122668 37.2480024671 53.201, -83.2990726856 37.2481393024 53.222, -83.2989626511 37.248193314 53.229, -83.2985274788 37.248415233 53.258, -83.2983175863 37.2485273156 53.272, -83.2982081314 37.2485950759 53.279, -83.2979038229 37.248808752 53.302, -83.2975941653 37.2490805608 53.327, -83.297238683 37.2494184438 53.357, -83.2970395637 37.2496313059 53.376, -83.2969144537 37.2497778624 53.388, -83.296678838 37.2500762272 53.412, -83.2963492807 37.2505347148 53.449, -83.2946992294 37.2528941319 53.635, -83.2935517683 37.2545173514 53.764, -83.2933854976 37.2547443624 53.782, -83.2932048007 37.2549606287 53.8, -83.29300504 37.2551608336 53.818, -83.2928617444 37.255285023 53.829, -83.2927875438 37.2553463778 53.835, -83.2925527023 37.2555158958 53.852, -83.2922984994 37.2556679721 53.87, -83.2920277182 37.2558015654 53.888, -83.2917438403 37.2559153754 53.905, -83.2915492767 37.2559785896 53.917, -83.2913491448 37.2560334441 53.928, -83.2911455418 37.2560788839 53.94, -83.2908356239 37.2561275783 53.957, -83.2905236538 37.2561550731 53.975, -83.2902079073 37.2561616078 53.992, -83.2898939254 37.2561459234 54.009, -83.2895817255 37.2561074726 54.027, -83.2892750858 37.2560463346 54.044, -83.2889753902 37.2559622631 54.062, -83.2886859926 37.255857803 54.079, -83.2884089354 37.2557335456 54.097, -83.2881438852 37.2555892091 54.114, -83.2878938319 37.2554278806 54.132, -83.2876572936 37.2552528238 54.15, -83.2866558949 37.2544461994 54.228, -83.2863407884 37.2542046428 54.252, -83.2861792448 37.2540902355 54.264, -83.286012694 37.2539817673 54.276, -83.2858372837 37.253881355 54.288, -83.2856581955 37.2537882811 54.3, -83.2854719299 37.2537043976 54.311, -83.285180594 37.2535965904 54.329, -83.2848775596 37.2535099649 54.347, -83.2845662446 37.2534451441 54.365, -83.2842486991 37.2534024446 54.382, -83.2841417197 37.2533946896 54.388, -83.2839290086 37.2533830519 54.4, -83.2836065219 37.2533858539 54.418, -83.2832852973 37.2534128588 54.436, -83.2829680995 37.2534635769 54.453, -83.282657342 37.2535377828 54.471, -83.2823524102 37.2536332663 54.489, -83.2821534047 37.2537059873 54.501, -83.2818574246 37.253821716 54.52, -83.2799176831 37.2546167303 54.64, -83.2794418132 37.2547984307 54.669, -83.2791549211 37.2548989594 54.686, -83.2788630955 37.254992788 54.703, -83.2786652602 37.2550506917 54.715, -83.2782633386 37.2551581237 54.738, -83.2778512311 37.2552513264 54.762, -83.2775371198 37.2553122603 54.78, -83.2773255769 37.2553481661 54.792, -83.2770050505 37.2553952255 54.81, -83.2766817241 37.2554334333 54.828, -83.2763558854 37.2554644429 54.846, -83.2760285216 37.2554896501 54.864, -83.2713864722 37.2557538305 55.12, -83.2707605201 37.2557965843 55.155, -83.2698143527 37.2558767654 55.208, -83.2692960573 37.2559275686 55.236, -83.268543931 37.256012413 55.278, -83.2663649863 37.2562740595 55.4, -83.2561365375 37.2575247735 55.97)"
"District 10","Perry","10-22204.00","HR","9006","HR-9006","AM-PAVEMENT (PKY)(P)","57.3","59.088","ADDRESS CONDITION OF Hal Rogers Daniel Boone Parkway FROM MILEPOINT 57.185 TO MILEPOINT 59.088","","2022","2026","D","NHPM","600000","2027","","","","097-HR-9006-000","LINESTRING Z (-83.2411988046 37.2687256228 57.3, -83.241119299 37.2687843967 57.306, -83.2409702363 37.2689029059 57.318, -83.2407508725 37.2690877678 57.335, -83.2404662773 37.2693517277 57.359, -83.2402556516 37.2695628765 57.378, -83.239839165 37.2700171477 57.417, -83.2394251643 37.2704994952 57.457, -83.2387296536 37.2713271887 57.526, -83.2385089862 37.2715809796 57.547, -83.2383537371 37.2717501815 57.562, -83.238190957 37.2719183976 57.576, -83.2380168858 37.272084996 57.591, -83.237831234 37.2722483232 57.606, -83.2376333446 37.2724075398 57.622, -83.2374242735 37.2725618452 57.638, -83.2372065109 37.2727088195 57.653, -83.2369817628 37.2728487746 57.669, -83.2367520839 37.272982028 57.685, -83.2363994846 37.2731717066 57.708, -83.234624256 37.2740843768 57.824, -83.2342741519 37.2742710804 57.847, -83.234045633 37.2744002337 57.863, -83.2338244684 37.2745355889 57.878, -83.2337195677 37.2746080599 57.886, -83.2335167226 37.2747608441 57.901, -83.2333215651 37.2749201126 57.917, -83.2331432232 37.275090459 57.932, -83.2329766731 37.2752679273 57.947, -83.2328209035 37.2754519476 57.963, -83.2326786429 37.2756431277 57.978, -83.2325482867 37.2758381366 57.993, -83.2324315329 37.2760375588 58.008, -83.2323294123 37.2762414188 58.023, -83.2322416104 37.276448884 58.039, -83.2321662134 37.2766555176 58.053, -83.2321057458 37.2768476361 58.067, -83.2318273078 37.2778436402 58.134, -83.2316999806 37.2782337847 58.161, -83.2316240315 37.2784261189 58.174, -83.2315396139 37.2786146992 58.188, -83.2314457049 37.2787992283 58.201, -83.2313416451 37.2789788673 58.214, -83.2312267216 37.2791544248 58.227, -83.231098935 37.2793239356 58.24, -83.230960322 37.2794882674 58.253, -83.2308095419 37.2796462918 58.266, -83.2306496433 37.2797994483 58.279, -83.2304800114 37.2799455266 58.292, -83.2303016227 37.280086195 58.306, -83.2301395947 37.2802005649 58.317, -83.2299146252 37.2803459974 58.333, -83.2297070568 37.2804648797 58.347, -83.2294908426 37.2805750569 58.361, -83.2292711925 37.2806749944 58.375, -83.2288274688 37.2808530678 58.402, -83.2271855788 37.2814750779 58.501, -83.2267671318 37.281647645 58.527, -83.2264755791 37.2817789932 58.546, -83.2261279184 37.2819528138 58.568, -83.2253179646 37.2824158396 58.623, -83.2250054903 37.2826266842 58.645, -83.2245909622 37.2829369777 58.676, -83.2243646315 37.2830205519 58.689, -83.2241916284 37.283164075 58.703, -83.2238787158 37.2834485404 58.728, -83.2236504606 37.2836699958 58.747, -83.2234126372 37.2839200916 58.768, -83.2231780888 37.2841952609 58.79, -83.2229455612 37.2844919036 58.813, -83.2227174412 37.2848106211 58.838, -83.2225884073 37.2850160886 58.853, -83.2224880813 37.2851658538 58.864, -83.2222735391 37.285540364 58.892, -83.2207910686 37.2882189425 59.088)"
"District 10","Perry","10-22204.00","HR","9006","HR-9006","AM-PAVEMENT (PKY)(P)","57.3","59.088","ADDRESS CONDITION OF Hal Rogers Daniel Boone Parkway FROM MILEPOINT 57.185 TO MILEPOINT 59.088","","2022","2026","C","NHPM","6000000","2027","","","","097-HR-9006-000","LINESTRING Z (-83.2411988046 37.2687256228 57.3, -83.241119299 37.2687843967 57.306, -83.2409702363 37.2689029059 57.318, -83.2407508725 37.2690877678 57.335, -83.2404662773 37.2693517277 57.359, -83.2402556516 37.2695628765 57.378, -83.239839165 37.2700171477 57.417, -83.2394251643 37.2704994952 57.457, -83.2387296536 37.2713271887 57.526, -83.2385089862 37.2715809796 57.547, -83.2383537371 37.2717501815 57.562, -83.238190957 37.2719183976 57.576, -83.2380168858 37.272084996 57.591, -83.237831234 37.2722483232 57.606, -83.2376333446 37.2724075398 57.622, -83.2374242735 37.2725618452 57.638, -83.2372065109 37.2727088195 57.653, -83.2369817628 37.2728487746 57.669, -83.2367520839 37.272982028 57.685, -83.2363994846 37.2731717066 57.708, -83.234624256 37.2740843768 57.824, -83.2342741519 37.2742710804 57.847, -83.234045633 37.2744002337 57.863, -83.2338244684 37.2745355889 57.878, -83.2337195677 37.2746080599 57.886, -83.2335167226 37.2747608441 57.901, -83.2333215651 37.2749201126 57.917, -83.2331432232 37.275090459 57.932, -83.2329766731 37.2752679273 57.947, -83.2328209035 37.2754519476 57.963, -83.2326786429 37.2756431277 57.978, -83.2325482867 37.2758381366 57.993, -83.2324315329 37.2760375588 58.008, -83.2323294123 37.2762414188 58.023, -83.2322416104 37.276448884 58.039, -83.2321662134 37.2766555176 58.053, -83.2321057458 37.2768476361 58.067, -83.2318273078 37.2778436402 58.134, -83.2316999806 37.2782337847 58.161, -83.2316240315 37.2784261189 58.174, -83.2315396139 37.2786146992 58.188, -83.2314457049 37.2787992283 58.201, -83.2313416451 37.2789788673 58.214, -83.2312267216 37.2791544248 58.227, -83.231098935 37.2793239356 58.24, -83.230960322 37.2794882674 58.253, -83.2308095419 37.2796462918 58.266, -83.2306496433 37.2797994483 58.279, -83.2304800114 37.2799455266 58.292, -83.2303016227 37.280086195 58.306, -83.2301395947 37.2802005649 58.317, -83.2299146252 37.2803459974 58.333, -83.2297070568 37.2804648797 58.347, -83.2294908426 37.2805750569 58.361, -83.2292711925 37.2806749944 58.375, -83.2288274688 37.2808530678 58.402, -83.2271855788 37.2814750779 58.501, -83.2267671318 37.281647645 58.527, -83.2264755791 37.2817789932 58.546, -83.2261279184 37.2819528138 58.568, -83.2253179646 37.2824158396 58.623, -83.2250054903 37.2826266842 58.645, -83.2245909622 37.2829369777 58.676, -83.2243646315 37.2830205519 58.689, -83.2241916284 37.283164075 58.703, -83.2238787158 37.2834485404 58.728, -83.2236504606 37.2836699958 58.747, -83.2234126372 37.2839200916 58.768, -83.2231780888 37.2841952609 58.79, -83.2229455612 37.2844919036 58.813, -83.2227174412 37.2848106211 58.838, -83.2225884073 37.2850160886 58.853, -83.2224880813 37.2851658538 58.864, -83.2222735391 37.285540364 58.892, -83.2207910686 37.2882189425 59.088)"
"District 10","Perry","10-80305.00","KY","1440","KY-1440","RECONSTRUCTION(O)","2.5","2.961","Reconstruct roadway to eliminate flooding beginning at the intersection with KY 550. (2024CCN)","","2024","2026","C","SPP","5760000","2032","","","","097-KY-1440-000","LINESTRING Z (-83.1912692299 37.2760985557 2.5, -83.1913740701 37.2761604743 2.507, -83.191510217 37.2762307721 2.515, -83.1916415671 37.2763105816 2.524, -83.1917070066 37.2763573496 2.529, -83.1918321113 37.2764688927 2.539, -83.1918798549 37.276530384 2.543, -83.1919204838 37.2765988634 2.548, -83.1919524096 37.2766704484 2.553, -83.1919733224 37.2767423427 2.558, -83.1920017689 37.2768852869 2.568, -83.1920361611 37.2771154589 2.583, -83.192062902 37.2773482096 2.599, -83.1920672488 37.2774419953 2.605, -83.1920730499 37.2786658677 2.686, -83.1920335653 37.2795260754 2.743, -83.1920238451 37.2799396392 2.77, -83.1920297174 37.2801994088 2.788, -83.1920589025 37.2805814037 2.813, -83.1920640513 37.2807820852 2.826, -83.1920402016 37.2812066046 2.854, -83.1920237467 37.2817964114 2.893, -83.1920073536 37.281973542 2.905, -83.1919917685 37.2820569997 2.911, -83.1919667411 37.2821350304 2.916, -83.1918713831 37.2823387308 2.931, -83.1917209306 37.2826148572 2.95, -83.1917150784 37.2826751742 2.954, -83.1917264807 37.2827336717 2.958, -83.1917406515 37.2827716227 2.961)"
"District 10","Perry","10-80305.00","KY","1440","KY-1440","RECONSTRUCTION(O)","2.5","2.961","Reconstruct roadway to eliminate flooding beginning at the intersection with KY 550. (2024CCN)","","2024","2026","U","SPP","1180000","2031","","","","097-KY-1440-000","LINESTRING Z (-83.1912692299 37.2760985557 2.5, -83.1913740701 37.2761604743 2.507, -83.191510217 37.2762307721 2.515, -83.1916415671 37.2763105816 2.524, -83.1917070066 37.2763573496 2.529, -83.1918321113 37.2764688927 2.539, -83.1918798549 37.276530384 2.543, -83.1919204838 37.2765988634 2.548, -83.1919524096 37.2766704484 2.553, -83.1919733224 37.2767423427 2.558, -83.1920017689 37.2768852869 2.568, -83.1920361611 37.2771154589 2.583, -83.192062902 37.2773482096 2.599, -83.1920672488 37.2774419953 2.605, -83.1920730499 37.2786658677 2.686, -83.1920335653 37.2795260754 2.743, -83.1920238451 37.2799396392 2.77, -83.1920297174 37.2801994088 2.788, -83.1920589025 37.2805814037 2.813, -83.1920640513 37.2807820852 2.826, -83.1920402016 37.2812066046 2.854, -83.1920237467 37.2817964114 2.893, -83.1920073536 37.281973542 2.905, -83.1919917685 37.2820569997 2.911, -83.1919667411 37.2821350304 2.916, -83.1918713831 37.2823387308 2.931, -83.1917209306 37.2826148572 2.95, -83.1917150784 37.2826751742 2.954, -83.1917264807 37.2827336717 2.958, -83.1917406515 37.2827716227 2.961)"
"District 10","Perry","10-80305.00","KY","1440","KY-1440","RECONSTRUCTION(O)","2.5","2.961","Reconstruct roadway to eliminate flooding beginning at the intersection with KY 550. (2024CCN)","","2024","2026","R","SPP","830000","2030","","","","097-KY-1440-000","LINESTRING Z (-83.1912692299 37.2760985557 2.5, -83.1913740701 37.2761604743 2.507, -83.191510217 37.2762307721 2.515, -83.1916415671 37.2763105816 2.524, -83.1917070066 37.2763573496 2.529, -83.1918321113 37.2764688927 2.539, -83.1918798549 37.276530384 2.543, -83.1919204838 37.2765988634 2.548, -83.1919524096 37.2766704484 2.553, -83.1919733224 37.2767423427 2.558, -83.1920017689 37.2768852869 2.568, -83.1920361611 37.2771154589 2.583, -83.192062902 37.2773482096 2.599, -83.1920672488 37.2774419953 2.605, -83.1920730499 37.2786658677 2.686, -83.1920335653 37.2795260754 2.743, -83.1920238451 37.2799396392 2.77, -83.1920297174 37.2801994088 2.788, -83.1920589025 37.2805814037 2.813, -83.1920640513 37.2807820852 2.826, -83.1920402016 37.2812066046 2.854, -83.1920237467 37.2817964114 2.893, -83.1920073536 37.281973542 2.905, -83.1919917685 37.2820569997 2.911, -83.1919667411 37.2821350304 2.916, -83.1918713831 37.2823387308 2.931, -83.1917209306 37.2826148572 2.95, -83.1917150784 37.2826751742 2.954, -83.1917264807 37.2827336717 2.958, -83.1917406515 37.2827716227 2.961)"
"District 10","Perry","10-80305.00","KY","1440","KY-1440","RECONSTRUCTION(O)","2.5","2.961","Reconstruct roadway to eliminate flooding beginning at the intersection with KY 550. (2024CCN)","","2024","2026","D","SPP","710000","2029","","","","097-KY-1440-000","LINESTRING Z (-83.1912692299 37.2760985557 2.5, -83.1913740701 37.2761604743 2.507, -83.191510217 37.2762307721 2.515, -83.1916415671 37.2763105816 2.524, -83.1917070066 37.2763573496 2.529, -83.1918321113 37.2764688927 2.539, -83.1918798549 37.276530384 2.543, -83.1919204838 37.2765988634 2.548, -83.1919524096 37.2766704484 2.553, -83.1919733224 37.2767423427 2.558, -83.1920017689 37.2768852869 2.568, -83.1920361611 37.2771154589 2.583, -83.192062902 37.2773482096 2.599, -83.1920672488 37.2774419953 2.605, -83.1920730499 37.2786658677 2.686, -83.1920335653 37.2795260754 2.743, -83.1920238451 37.2799396392 2.77, -83.1920297174 37.2801994088 2.788, -83.1920589025 37.2805814037 2.813, -83.1920640513 37.2807820852 2.826, -83.1920402016 37.2812066046 2.854, -83.1920237467 37.2817964114 2.893, -83.1920073536 37.281973542 2.905, -83.1919917685 37.2820569997 2.911, -83.1919667411 37.2821350304 2.916, -83.1918713831 37.2823387308 2.931, -83.1917209306 37.2826148572 2.95, -83.1917150784 37.2826751742 2.954, -83.1917264807 37.2827336717 2.958, -83.1917406515 37.2827716227 2.961)"
"District 10","Perry","10-80306.00","KY","550","KY-550","DRAINAGE IMPROVE(P)","1.2","1.7","Improve drainage issues and construct sidewalk on KY 550 from MP 1.2 to MP 1.7 near the Galen College of Nursing. (2024CCN)","","2024","2026","R","SPP","1660000","2030","","","","097-KY-0550-000","LINESTRING Z (-83.2119273488 37.2867096049 1.2, -83.2119100313 37.2867511281 1.203, -83.2118271654 37.2869125281 1.215, -83.2117328143 37.2870679094 1.227, -83.2116503111 37.2871883796 1.236, -83.2115097065 37.2873589653 1.25, -83.2114598243 37.2874100832 1.255, -83.2113455996 37.2875128299 1.264, -83.2112380021 37.2875926405 1.272, -83.2111275185 37.2876561792 1.28, -83.2110470849 37.2876956429 1.285, -83.2109216353 37.287744293 1.293, -83.2107257165 37.2877922358 1.304, -83.2106296952 37.2878047092 1.309, -83.2104930275 37.2878091556 1.316, -83.2103643032 37.287802509 1.323, -83.2101537568 37.2877751256 1.335, -83.2099060761 37.2877274267 1.349, -83.2093897995 37.2876101412 1.379, -83.20912333 37.2875386773 1.394, -83.2088685532 37.2874671932 1.409, -83.2087887119 37.2874388043 1.414, -83.2086327468 37.2873738664 1.423, -83.2085219229 37.2873162292 1.431, -83.2084123179 37.2872531237 1.438, -83.208269325 37.2871607175 1.448, -83.2078874478 37.2868938643 1.476, -83.207621776 37.2867083929 1.496, -83.2073263984 37.2865167787 1.517, -83.2069421862 37.2862883365 1.543, -83.2066139446 37.2861025998 1.565, -83.2063961407 37.2859857566 1.58, -83.2046625239 37.2850855361 1.7)"
"District 10","Perry","10-80306.00","KY","550","KY-550","DRAINAGE IMPROVE(P)","1.2","1.7","Improve drainage issues and construct sidewalk on KY 550 from MP 1.2 to MP 1.7 near the Galen College of Nursing. (2024CCN)","","2024","2026","C","SPP","2020000","2032","","","","097-KY-0550-000","LINESTRING Z (-83.2119273488 37.2867096049 1.2, -83.2119100313 37.2867511281 1.203, -83.2118271654 37.2869125281 1.215, -83.2117328143 37.2870679094 1.227, -83.2116503111 37.2871883796 1.236, -83.2115097065 37.2873589653 1.25, -83.2114598243 37.2874100832 1.255, -83.2113455996 37.2875128299 1.264, -83.2112380021 37.2875926405 1.272, -83.2111275185 37.2876561792 1.28, -83.2110470849 37.2876956429 1.285, -83.2109216353 37.287744293 1.293, -83.2107257165 37.2877922358 1.304, -83.2106296952 37.2878047092 1.309, -83.2104930275 37.2878091556 1.316, -83.2103643032 37.287802509 1.323, -83.2101537568 37.2877751256 1.335, -83.2099060761 37.2877274267 1.349, -83.2093897995 37.2876101412 1.379, -83.20912333 37.2875386773 1.394, -83.2088685532 37.2874671932 1.409, -83.2087887119 37.2874388043 1.414, -83.2086327468 37.2873738664 1.423, -83.2085219229 37.2873162292 1.431, -83.2084123179 37.2872531237 1.438, -83.208269325 37.2871607175 1.448, -83.2078874478 37.2868938643 1.476, -83.207621776 37.2867083929 1.496, -83.2073263984 37.2865167787 1.517, -83.2069421862 37.2862883365 1.543, -83.2066139446 37.2861025998 1.565, -83.2063961407 37.2859857566 1.58, -83.2046625239 37.2850855361 1.7)"
"District 10","Perry","10-80306.00","KY","550","KY-550","DRAINAGE IMPROVE(P)","1.2","1.7","Improve drainage issues and construct sidewalk on KY 550 from MP 1.2 to MP 1.7 near the Galen College of Nursing. (2024CCN)","","2024","2026","U","SPP","1300000","2031","","","","097-KY-0550-000","LINESTRING Z (-83.2119273488 37.2867096049 1.2, -83.2119100313 37.2867511281 1.203, -83.2118271654 37.2869125281 1.215, -83.2117328143 37.2870679094 1.227, -83.2116503111 37.2871883796 1.236, -83.2115097065 37.2873589653 1.25, -83.2114598243 37.2874100832 1.255, -83.2113455996 37.2875128299 1.264, -83.2112380021 37.2875926405 1.272, -83.2111275185 37.2876561792 1.28, -83.2110470849 37.2876956429 1.285, -83.2109216353 37.287744293 1.293, -83.2107257165 37.2877922358 1.304, -83.2106296952 37.2878047092 1.309, -83.2104930275 37.2878091556 1.316, -83.2103643032 37.287802509 1.323, -83.2101537568 37.2877751256 1.335, -83.2099060761 37.2877274267 1.349, -83.2093897995 37.2876101412 1.379, -83.20912333 37.2875386773 1.394, -83.2088685532 37.2874671932 1.409, -83.2087887119 37.2874388043 1.414, -83.2086327468 37.2873738664 1.423, -83.2085219229 37.2873162292 1.431, -83.2084123179 37.2872531237 1.438, -83.208269325 37.2871607175 1.448, -83.2078874478 37.2868938643 1.476, -83.207621776 37.2867083929 1.496, -83.2073263984 37.2865167787 1.517, -83.2069421862 37.2862883365 1.543, -83.2066139446 37.2861025998 1.565, -83.2063961407 37.2859857566 1.58, -83.2046625239 37.2850855361 1.7)"
"District 10","Perry","10-80306.00","KY","550","KY-550","DRAINAGE IMPROVE(P)","1.2","1.7","Improve drainage issues and construct sidewalk on KY 550 from MP 1.2 to MP 1.7 near the Galen College of Nursing. (2024CCN)","","2024","2026","D","SPP","680000","2029","","","","097-KY-0550-000","LINESTRING Z (-83.2119273488 37.2867096049 1.2, -83.2119100313 37.2867511281 1.203, -83.2118271654 37.2869125281 1.215, -83.2117328143 37.2870679094 1.227, -83.2116503111 37.2871883796 1.236, -83.2115097065 37.2873589653 1.25, -83.2114598243 37.2874100832 1.255, -83.2113455996 37.2875128299 1.264, -83.2112380021 37.2875926405 1.272, -83.2111275185 37.2876561792 1.28, -83.2110470849 37.2876956429 1.285, -83.2109216353 37.287744293 1.293, -83.2107257165 37.2877922358 1.304, -83.2106296952 37.2878047092 1.309, -83.2104930275 37.2878091556 1.316, -83.2103643032 37.287802509 1.323, -83.2101537568 37.2877751256 1.335, -83.2099060761 37.2877274267 1.349, -83.2093897995 37.2876101412 1.379, -83.20912333 37.2875386773 1.394, -83.2088685532 37.2874671932 1.409, -83.2087887119 37.2874388043 1.414, -83.2086327468 37.2873738664 1.423, -83.2085219229 37.2873162292 1.431, -83.2084123179 37.2872531237 1.438, -83.208269325 37.2871607175 1.448, -83.2078874478 37.2868938643 1.476, -83.207621776 37.2867083929 1.496, -83.2073263984 37.2865167787 1.517, -83.2069421862 37.2862883365 1.543, -83.2066139446 37.2861025998 1.565, -83.2063961407 37.2859857566 1.58, -83.2046625239 37.2850855361 1.7)"
"District 10","Perry","10-80308.00","PF","9999","PF-9999","NEW ROUTE(O)","","","Construct a new access road to East Perry Sports Complex development and a connector to Nautilus Drive (2024CCN)","","2024","2026","R","SPP","60000","2027","","","","",""
"District 10","Perry","10-80308.00","PF","9999","PF-9999","NEW ROUTE(O)","","","Construct a new access road to East Perry Sports Complex development and a connector to Nautilus Drive (2024CCN)","","2024","2026","U","SPP","110000","2028","","","","",""
"District 10","Perry","10-80308.00","PF","9999","PF-9999","NEW ROUTE(O)","","","Construct a new access road to East Perry Sports Complex development and a connector to Nautilus Drive (2024CCN)","","2024","2026","D","SPP","360000","2026","","","","",""
"District 10","Perry","10-80308.00","PF","9999","PF-9999","NEW ROUTE(O)","","","Construct a new access road to East Perry Sports Complex development and a connector to Nautilus Drive (2024CCN)","","2024","2026","C","SPP","2970000","2031","","","","",""
"District 10","Perry","10-80416.00","KY","451","KY-451","RECONSTRUCTION(O)","3.0","3.47","Reconstruction from Woodland Park Bridge to KY 15X in Hazard. (MP2.999-3.47) (2026CCN)","","2026","2026","R","SPP","500000","2030","","","","097-KY-0451-000","LINESTRING Z (-83.1816522754 37.247248355 3, -83.1818662229 37.2471911522 3.013, -83.1826039485 37.2470062648 3.056, -83.1831260743 37.2468644376 3.086, -83.1833609717 37.246799817 3.1, -83.1838141625 37.2466836712 3.126, -83.184092519 37.2466145097 3.142, -83.1843528788 37.2465589642 3.157, -83.1846970384 37.2464950936 3.176, -83.1855617969 37.2463635351 3.224, -83.1868215115 37.2461799242 3.294, -83.187272881 37.2461164777 3.319, -83.1875741963 37.2460791339 3.336, -83.187973979 37.2460466982 3.358, -83.1883379452 37.2460263887 3.378, -83.1892141278 37.24598215 3.426, -83.1897299563 37.2459530786 3.455, -83.19000818 37.2459275856 3.47)"
"District 10","Perry","10-80416.00","KY","451","KY-451","RECONSTRUCTION(O)","3.0","3.47","Reconstruction from Woodland Park Bridge to KY 15X in Hazard. (MP2.999-3.47) (2026CCN)","","2026","2026","C","SPP","5000000","2032","","","","097-KY-0451-000","LINESTRING Z (-83.1816522754 37.247248355 3, -83.1818662229 37.2471911522 3.013, -83.1826039485 37.2470062648 3.056, -83.1831260743 37.2468644376 3.086, -83.1833609717 37.246799817 3.1, -83.1838141625 37.2466836712 3.126, -83.184092519 37.2466145097 3.142, -83.1843528788 37.2465589642 3.157, -83.1846970384 37.2464950936 3.176, -83.1855617969 37.2463635351 3.224, -83.1868215115 37.2461799242 3.294, -83.187272881 37.2461164777 3.319, -83.1875741963 37.2460791339 3.336, -83.187973979 37.2460466982 3.358, -83.1883379452 37.2460263887 3.378, -83.1892141278 37.24598215 3.426, -83.1897299563 37.2459530786 3.455, -83.19000818 37.2459275856 3.47)"
"District 10","Perry","10-80416.00","KY","451","KY-451","RECONSTRUCTION(O)","3.0","3.47","Reconstruction from Woodland Park Bridge to KY 15X in Hazard. (MP2.999-3.47) (2026CCN)","","2026","2026","D","SPP","700000","2029","","","","097-KY-0451-000","LINESTRING Z (-83.1816522754 37.247248355 3, -83.1818662229 37.2471911522 3.013, -83.1826039485 37.2470062648 3.056, -83.1831260743 37.2468644376 3.086, -83.1833609717 37.246799817 3.1, -83.1838141625 37.2466836712 3.126, -83.184092519 37.2466145097 3.142, -83.1843528788 37.2465589642 3.157, -83.1846970384 37.2464950936 3.176, -83.1855617969 37.2463635351 3.224, -83.1868215115 37.2461799242 3.294, -83.187272881 37.2461164777 3.319, -83.1875741963 37.2460791339 3.336, -83.187973979 37.2460466982 3.358, -83.1883379452 37.2460263887 3.378, -83.1892141278 37.24598215 3.426, -83.1897299563 37.2459530786 3.455, -83.19000818 37.2459275856 3.47)"
"District 10","Perry","10-80416.00","KY","451","KY-451","RECONSTRUCTION(O)","3.0","3.47","Reconstruction from Woodland Park Bridge to KY 15X in Hazard. (MP2.999-3.47) (2026CCN)","","2026","2026","U","SPP","1000000","2031","","","","097-KY-0451-000","LINESTRING Z (-83.1816522754 37.247248355 3, -83.1818662229 37.2471911522 3.013, -83.1826039485 37.2470062648 3.056, -83.1831260743 37.2468644376 3.086, -83.1833609717 37.246799817 3.1, -83.1838141625 37.2466836712 3.126, -83.184092519 37.2466145097 3.142, -83.1843528788 37.2465589642 3.157, -83.1846970384 37.2464950936 3.176, -83.1855617969 37.2463635351 3.224, -83.1868215115 37.2461799242 3.294, -83.187272881 37.2461164777 3.319, -83.1875741963 37.2460791339 3.336, -83.187973979 37.2460466982 3.358, -83.1883379452 37.2460263887 3.378, -83.1892141278 37.24598215 3.426, -83.1897299563 37.2459530786 3.455, -83.19000818 37.2459275856 3.47)"
"District 10","Powell","10-00163.20","KY","213","KY-213","SAFETY(P)","9.0","11.271","IMPROVE SAFETY, UPGRADE GEOMETRICS, AND ADDRESS CAPACITY ISSUES FOR KY 213 FROM KY 615 TO BOTTOM OF MOUNTAIN. (PRIORITY SECTION 2)(2018BOP) (2022CCN) (2024CCR)","","2022","2026","U","SPP","1740000","2030","","","","099-KY-0213-000","LINESTRING Z (-83.8564998927 37.8650866429 9, -83.8565687952 37.865220591 9.01, -83.856687956 37.8654249565 9.026, -83.8569730727 37.8659143753 9.065, -83.8581737249 37.8678370245 9.208, -83.8584672926 37.8683219057 9.244, -83.8586285616 37.8686280327 9.267, -83.8587705929 37.8689412666 9.289, -83.8590547134 37.8696740408 9.34, -83.8593309535 37.8703899319 9.413, -83.8595624432 37.870972427 9.455, -83.8597815045 37.8715396137 9.496, -83.8602790611 37.8727760261 9.585, -83.8609290245 37.8744227996 9.707, -83.8616214457 37.8761858962 9.834, -83.8620639175 37.8772747294 9.912, -83.8627397818 37.8789960734 10.04, -83.8632210628 37.8801951259 10.13, -83.8634542428 37.8808224127 10.176, -83.8635630807 37.8811614779 10.201, -83.8636457456 37.8814940811 10.225, -83.863698093 37.8818196051 10.248, -83.8639242613 37.8839452212 10.4, -83.8639919142 37.8845676571 10.441, -83.864017866 37.8848955048 10.463, -83.8640286577 37.8852198138 10.484, -83.8640266165 37.8855444661 10.506, -83.8639954587 37.8859779794 10.534, -83.8639608021 37.8863040323 10.556, -83.8637397561 37.8878906795 10.661, -83.8636158116 37.8887819901 10.723, -83.863300854 37.890978593 10.874, -83.8632274054 37.8915342153 10.912, -83.8631780304 37.8919885876 10.944, -83.8631567712 37.8923055155 10.966, -83.863153256 37.8926606348 10.99, -83.8631718068 37.8930067682 11.014, -83.8632062873 37.8933399711 11.037, -83.8632684106 37.8937172936 11.063, -83.8633549618 37.8941018745 11.09, -83.8634237297 37.8943411335 11.108, -83.8636702356 37.8950864738 11.163, -83.8637888504 37.8954100365 11.187, -83.863855148 37.8955695955 11.2, -83.8639281333 37.8957251409 11.212, -83.8640920026 37.8960277286 11.235, -83.8642916803 37.8963262187 11.26, -83.8643953254 37.8964622029 11.271)"
"District 10","Powell","10-00163.20","KY","213","KY-213","SAFETY(P)","9.0","11.271","IMPROVE SAFETY, UPGRADE GEOMETRICS, AND ADDRESS CAPACITY ISSUES FOR KY 213 FROM KY 615 TO BOTTOM OF MOUNTAIN. (PRIORITY SECTION 2)(2018BOP) (2022CCN) (2024CCR)","","2022","2026","C","SPP","9300000","2031","","","","099-KY-0213-000","LINESTRING Z (-83.8564998927 37.8650866429 9, -83.8565687952 37.865220591 9.01, -83.856687956 37.8654249565 9.026, -83.8569730727 37.8659143753 9.065, -83.8581737249 37.8678370245 9.208, -83.8584672926 37.8683219057 9.244, -83.8586285616 37.8686280327 9.267, -83.8587705929 37.8689412666 9.289, -83.8590547134 37.8696740408 9.34, -83.8593309535 37.8703899319 9.413, -83.8595624432 37.870972427 9.455, -83.8597815045 37.8715396137 9.496, -83.8602790611 37.8727760261 9.585, -83.8609290245 37.8744227996 9.707, -83.8616214457 37.8761858962 9.834, -83.8620639175 37.8772747294 9.912, -83.8627397818 37.8789960734 10.04, -83.8632210628 37.8801951259 10.13, -83.8634542428 37.8808224127 10.176, -83.8635630807 37.8811614779 10.201, -83.8636457456 37.8814940811 10.225, -83.863698093 37.8818196051 10.248, -83.8639242613 37.8839452212 10.4, -83.8639919142 37.8845676571 10.441, -83.864017866 37.8848955048 10.463, -83.8640286577 37.8852198138 10.484, -83.8640266165 37.8855444661 10.506, -83.8639954587 37.8859779794 10.534, -83.8639608021 37.8863040323 10.556, -83.8637397561 37.8878906795 10.661, -83.8636158116 37.8887819901 10.723, -83.863300854 37.890978593 10.874, -83.8632274054 37.8915342153 10.912, -83.8631780304 37.8919885876 10.944, -83.8631567712 37.8923055155 10.966, -83.863153256 37.8926606348 10.99, -83.8631718068 37.8930067682 11.014, -83.8632062873 37.8933399711 11.037, -83.8632684106 37.8937172936 11.063, -83.8633549618 37.8941018745 11.09, -83.8634237297 37.8943411335 11.108, -83.8636702356 37.8950864738 11.163, -83.8637888504 37.8954100365 11.187, -83.863855148 37.8955695955 11.2, -83.8639281333 37.8957251409 11.212, -83.8640920026 37.8960277286 11.235, -83.8642916803 37.8963262187 11.26, -83.8643953254 37.8964622029 11.271)"
"District 10","Powell","10-00163.20","KY","213","KY-213","SAFETY(P)","9.0","11.271","IMPROVE SAFETY, UPGRADE GEOMETRICS, AND ADDRESS CAPACITY ISSUES FOR KY 213 FROM KY 615 TO BOTTOM OF MOUNTAIN. (PRIORITY SECTION 2)(2018BOP) (2022CCN) (2024CCR)","","2022","2026","R","SPP","3600000","2029","","","","099-KY-0213-000","LINESTRING Z (-83.8564998927 37.8650866429 9, -83.8565687952 37.865220591 9.01, -83.856687956 37.8654249565 9.026, -83.8569730727 37.8659143753 9.065, -83.8581737249 37.8678370245 9.208, -83.8584672926 37.8683219057 9.244, -83.8586285616 37.8686280327 9.267, -83.8587705929 37.8689412666 9.289, -83.8590547134 37.8696740408 9.34, -83.8593309535 37.8703899319 9.413, -83.8595624432 37.870972427 9.455, -83.8597815045 37.8715396137 9.496, -83.8602790611 37.8727760261 9.585, -83.8609290245 37.8744227996 9.707, -83.8616214457 37.8761858962 9.834, -83.8620639175 37.8772747294 9.912, -83.8627397818 37.8789960734 10.04, -83.8632210628 37.8801951259 10.13, -83.8634542428 37.8808224127 10.176, -83.8635630807 37.8811614779 10.201, -83.8636457456 37.8814940811 10.225, -83.863698093 37.8818196051 10.248, -83.8639242613 37.8839452212 10.4, -83.8639919142 37.8845676571 10.441, -83.864017866 37.8848955048 10.463, -83.8640286577 37.8852198138 10.484, -83.8640266165 37.8855444661 10.506, -83.8639954587 37.8859779794 10.534, -83.8639608021 37.8863040323 10.556, -83.8637397561 37.8878906795 10.661, -83.8636158116 37.8887819901 10.723, -83.863300854 37.890978593 10.874, -83.8632274054 37.8915342153 10.912, -83.8631780304 37.8919885876 10.944, -83.8631567712 37.8923055155 10.966, -83.863153256 37.8926606348 10.99, -83.8631718068 37.8930067682 11.014, -83.8632062873 37.8933399711 11.037, -83.8632684106 37.8937172936 11.063, -83.8633549618 37.8941018745 11.09, -83.8634237297 37.8943411335 11.108, -83.8636702356 37.8950864738 11.163, -83.8637888504 37.8954100365 11.187, -83.863855148 37.8955695955 11.2, -83.8639281333 37.8957251409 11.212, -83.8640920026 37.8960277286 11.235, -83.8642916803 37.8963262187 11.26, -83.8643953254 37.8964622029 11.271)"
"District 10","Powell","10-00170.00","KY","11","KY-11","SAFETY","16.25","16.95","Improve safety and traffic operations along KY 11/KY 15 in Stanton from east of Halls Lane to west of Stonegate Drive by widening and providing a two-way left-turn lane.  (2024CCN)","","2024","2026","C","SPP","3920000","2029","","","","099-KY-0011-000","LINESTRING Z (-83.8695688952 37.8467594065 16.25, -83.8697949975 37.8467582021 16.262, -83.8700333509 37.8467436055 16.275, -83.8701893621 37.8467249474 16.283, -83.8703424462 37.8466988248 16.292, -83.8704928071 37.8466707357 16.3, -83.8706879526 37.8466252316 16.311, -83.8709769772 37.846538649 16.328, -83.8711186236 37.8464854229 16.336, -83.8712436984 37.8464300094 16.344, -83.8714499179 37.8463302921 16.357, -83.8715827364 37.8462563225 16.366, -83.8717421467 37.8461583296 16.377, -83.8718560179 37.8460802116 16.385, -83.8719771568 37.8459887495 16.394, -83.872083738 37.8458976041 16.403, -83.8722182605 37.845770096 16.414, -83.8724509885 37.8455265865 16.435, -83.8727136939 37.8452346595 16.46, -83.8729412976 37.8449608503 16.482, -83.8731068712 37.8447289036 16.501, -83.8732202565 37.8445469432 16.515, -83.8733522778 37.8442993532 16.533, -83.8736341477 37.8437294659 16.575, -83.8737694714 37.8434745116 16.594, -83.873926891 37.8432223818 16.613, -83.8740172865 37.8430999358 16.623, -83.8741419634 37.8429505678 16.635, -83.87433409 37.8427503582 16.653, -83.8744553878 37.8426385687 16.663, -83.8745834097 37.8425348526 16.673, -83.8747984854 37.8423720919 16.689, -83.8748507457 37.8423328193 16.693, -83.8754985631 37.8419061055 16.739, -83.875841423 37.8416486862 16.764, -83.876003543 37.8415114496 16.777, -83.8762326492 37.8412730943 16.798, -83.8764313151 37.8410194208 16.818, -83.8766888088 37.8406584541 16.847, -83.8773987679 37.8396229008 16.928, -83.8775333375 37.8394379768 16.942, -83.8776107507 37.8393426637 16.95)"
"District 10","Powell","10-00176.00","KY","15","KY-15","MINOR WIDENING","0.0","3.45","Minor widening to improve redundancy of Regional Travel.","","2022","2026","C","PROT","7200000","2029","","","","099-KY-0015-000","LINESTRING Z (-83.6523535624 37.795174252 0, -83.6530439436 37.7960145379 0.069, -83.6532276734 37.7962257684 0.087, -83.6533238034 37.796327477 0.096, -83.6534504609 37.7964514316 0.107, -83.6536357429 37.7966201096 0.123, -83.6541904728 37.7971046942 0.168, -83.6545380795 37.7974094971 0.196, -83.6547323902 37.7975651487 0.212, -83.6548480091 37.7976389077 0.22, -83.6549726995 37.7976979932 0.228, -83.6551060897 37.7977432245 0.236, -83.6552127036 37.7977681999 0.242, -83.6553945139 37.7977906682 0.252, -83.6555335993 37.7977936946 0.259, -83.6556043895 37.7977878128 0.263, -83.6557441277 37.7977677764 0.271, -83.6558745654 37.7977338377 0.279, -83.6559357639 37.797712127 0.282, -83.6560563326 37.7976598813 0.29, -83.6561696928 37.7975932231 0.298, -83.6562722287 37.7975175809 0.305, -83.6563577346 37.7974320208 0.313, -83.6564306328 37.7973393691 0.32, -83.6564922667 37.797241022 0.328, -83.6566609311 37.7969325053 0.351, -83.6567748092 37.7967617408 0.365, -83.6568714708 37.7966489078 0.374, -83.6569566446 37.7965627926 0.382, -83.6570681352 37.7964642338 0.391, -83.6575665017 37.7960407125 0.431, -83.6577300808 37.7959241255 0.443, -83.6579350917 37.7957992095 0.457, -83.6581019428 37.7957260835 0.468, -83.6582431677 37.7956777752 0.476, -83.6584641638 37.7956119308 0.488, -83.6585924807 37.7955793249 0.496, -83.6588435527 37.7955272005 0.51, -83.6591553328 37.7954706606 0.528, -83.6593645545 37.7954416907 0.539, -83.659563914 37.79543095 0.55, -83.6597852715 37.7954258201 0.562, -83.6601012772 37.7954402272 0.58, -83.6603236727 37.7954719256 0.592, -83.6604869045 37.7955146591 0.602, -83.6605657357 37.7955427069 0.607, -83.6606775571 37.795591669 0.614, -83.6607850244 37.7956476963 0.621, -83.6608856778 37.7957121175 0.628, -83.661074733 37.7958580503 0.642, -83.66167025 37.7963463454 0.689, -83.6618678268 37.7964970974 0.705, -83.6620490097 37.796615418 0.717, -83.6621669223 37.7967062418 0.727, -83.6623116969 37.7968266626 0.738, -83.6624237574 37.7969286455 0.747, -83.6625070511 37.7969949553 0.754, -83.6625957442 37.7970539435 0.76, -83.6626909442 37.7971031582 0.767, -83.6628290514 37.7971531339 0.775, -83.6629005666 37.7971706116 0.779, -83.6630170573 37.7971891617 0.786, -83.6631382937 37.7971990049 0.792, -83.6636513562 37.7972111312 0.821, -83.6637745764 37.7972243057 0.827, -83.6642199521 37.7973165423 0.853, -83.6643113688 37.7973280536 0.858, -83.6643931148 37.7973264815 0.862, -83.6644652442 37.7973099048 0.866, -83.6645295476 37.7972761571 0.871, -83.6645778303 37.7972212475 0.875, -83.6646040897 37.7971739143 0.879, -83.6646072625 37.7970489786 0.888, -83.6645796917 37.7969339364 0.896, -83.6645477485 37.7968512326 0.902, -83.6644423763 37.7966960764 0.914, -83.66437023 37.7966272187 0.92, -83.6642900348 37.7965615149 0.927, -83.6640918579 37.7963827359 0.943, -83.664018754 37.7962987519 0.95, -83.6639974912 37.796267058 0.953, -83.6639723515 37.7962009563 0.957, -83.6639736314 37.7961309288 0.962, -83.6639870089 37.7960984762 0.965, -83.6640081446 37.7960609409 0.967, -83.664068024 37.7959999192 0.973, -83.664141033 37.7959520419 0.978, -83.6643214741 37.7958755774 0.989, -83.6644487837 37.7958294869 0.997, -83.6645108251 37.7958022929 1.001, -83.6647833374 37.795664827 1.019, -83.6648953107 37.795597861 1.026, -83.6649376767 37.7955563073 1.03, -83.665046761 37.7954197885 1.041, -83.6652176706 37.7951530561 1.062, -83.6652884157 37.7950749191 1.069, -83.6653670857 37.7950103842 1.075, -83.6654035033 37.794995646 1.077, -83.6654425336 37.7949864493 1.08, -83.6655308729 37.7949965305 1.084, -83.6655945583 37.7950215596 1.088, -83.6656742964 37.7950666513 1.094, -83.6657399521 37.795132372 1.1, -83.6657946339 37.7952066877 1.106, -83.665876267 37.7953320279 1.115, -83.665923086 37.7954397196 1.123, -83.6659373318 37.7955116708 1.128, -83.6659426047 37.7956318115 1.137, -83.6659386478 37.7957723918 1.146, -83.6659078979 37.7959916127 1.162, -83.6659003957 37.7961351521 1.172, -83.665911259 37.7962534687 1.18, -83.6659388156 37.7963198867 1.185, -83.6661273267 37.7965839256 1.206, -83.666204877 37.7966699102 1.213, -83.6664014117 37.7968703583 1.231, -83.666621246 37.7970670983 1.249, -83.6667008765 37.7971283949 1.255, -83.6668298701 37.7972070495 1.264, -83.6669279961 37.7972508176 1.27, -83.6670353898 37.7972851361 1.277, -83.6671103968 37.7973015736 1.281, -83.6672328877 37.7973161052 1.288, -83.6673588619 37.7973175118 1.295, -83.6675217864 37.7972975969 1.304, -83.6676358465 37.7972672011 1.31, -83.6677068848 37.7972401645 1.315, -83.6678072135 37.7971933176 1.321, -83.6680005588 37.7970887816 1.334, -83.6681381211 37.7970228145 1.343, -83.668214057 37.7969939411 1.347, -83.6683354978 37.7969595555 1.355, -83.6684680106 37.7969377265 1.362, -83.668600791 37.7969310119 1.369, -83.6687456262 37.796938795 1.377, -83.6688839774 37.7969678906 1.385, -83.6692420988 37.7970607609 1.406, -83.6694016278 37.7970877577 1.415, -83.6695371211 37.7970953751 1.422, -83.669677421 37.7970920885 1.43, -83.6698210058 37.7970828157 1.438, -83.6719764109 37.7968849534 1.557, -83.6725413499 37.7968248847 1.589, -83.6728847574 37.7967760102 1.608, -83.6731042889 37.7967373083 1.62, -83.6733535783 37.79668677 1.635, -83.6741589545 37.7965089699 1.681, -83.6745086967 37.7964439951 1.7, -83.6746643671 37.7964233926 1.709, -83.674896184 37.7964033099 1.722, -83.6756288416 37.7963742068 1.762, -83.6757659181 37.7963623408 1.77, -83.6758986816 37.7963438047 1.777, -83.6760271622 37.7963175008 1.785, -83.6762129188 37.7962608912 1.796, -83.6763610299 37.7962011447 1.805, -83.6765014742 37.796130824 1.814, -83.6766098853 37.796067081 1.821, -83.6767156964 37.7959972482 1.829, -83.6770841472 37.7957213454 1.857, -83.6785479959 37.7945766159 1.97, -83.6790181409 37.7942165161 2.006, -83.6793000064 37.7940157245 2.027, -83.6794919725 37.7938853227 2.041, -83.6796328317 37.7937998968 2.05, -83.6798974963 37.7936570391 2.068, -83.6802204888 37.793508065 2.089, -83.6805740888 37.7933662224 2.11, -83.6808623969 37.7932691053 2.128, -83.6810456134 37.7932162894 2.138, -83.6813053579 37.7931502597 2.153, -83.6816834172 37.7930744986 2.175, -83.6820295997 37.7930245469 2.194, -83.6823409156 37.7929959585 2.211, -83.682694366 37.792983219 2.231, -83.683009567 37.7929890354 2.248, -83.6833479266 37.7930084434 2.267, -83.683645115 37.7930394888 2.283, -83.6839701005 37.7930916248 2.302, -83.6843033153 37.7931590141 2.321, -83.6859368767 37.7935200962 2.414, -83.6871863727 37.7937755244 2.485, -83.6881520368 37.7939803615 2.54, -83.6885157579 37.794071348 2.561, -83.6888526556 37.7941808184 2.581, -83.689266698 37.794329549 2.606, -83.6897544586 37.7945287428 2.636, -83.6899976884 37.7946206354 2.651, -83.6901809615 37.7946776885 2.662, -83.6903268062 37.7947112857 2.67, -83.69049711 37.7947367941 2.68, -83.6906256886 37.7947439914 2.687, -83.6907755259 37.7947460659 2.695, -83.6910125261 37.7947384042 2.708, -83.6916892529 37.7947030026 2.746, -83.6918447641 37.7947002306 2.754, -83.6920239672 37.7947044658 2.764, -83.6923379802 37.7947283672 2.781, -83.6926276984 37.7947669512 2.798, -83.6928260164 37.7948058578 2.809, -83.6929981248 37.7948536454 2.819, -83.6930827967 37.7948836966 2.824, -83.6932018134 37.7949360494 2.832, -83.6933534928 37.795021389 2.842, -83.6934051566 37.7950558071 2.845, -83.6935176386 37.7951440318 2.854, -83.6935756876 37.7951977908 2.859, -83.6936664575 37.7952949754 2.867, -83.6937457104 37.7953955299 2.876, -83.6938812574 37.7956006335 2.892, -83.6942665134 37.7962630925 2.942, -83.6944297295 37.796531587 2.963, -83.6945470772 37.7966940663 2.976, -83.6946347894 37.7967892742 2.984, -83.6947341488 37.7968764445 2.992, -83.6948462472 37.7969536726 3.001, -83.6949701082 37.7970187458 3.009, -83.6950651752 37.7970610631 3.015, -83.6952407297 37.7971220939 3.025, -83.6953869137 37.7971562394 3.034, -83.6955473796 37.7971747017 3.043, -83.695868279 37.7972003611 3.06, -83.6972236687 37.7972608418 3.135, -83.6981905797 37.7972983206 3.188, -83.6986403981 37.7973190793 3.213, -83.6990035981 37.7973424469 3.233, -83.6993192168 37.7973713016 3.251, -83.6995245314 37.7973954849 3.262, -83.7012163814 37.7976076536 3.356, -83.7016604587 37.7976733532 3.381, -83.701798539 37.7977002077 3.389, -83.7020719517 37.7977656797 3.405, -83.7024848602 37.7978819277 3.429, -83.7028418907 37.7979886476 3.45)"
"District 10","Powell","10-00176.00","KY","15","KY-15","MINOR WIDENING","0.0","3.45","Minor widening to improve redundancy of Regional Travel.","","2022","2026","U","PROT","280000","2027","","","","099-KY-0015-000","LINESTRING Z (-83.6523535624 37.795174252 0, -83.6530439436 37.7960145379 0.069, -83.6532276734 37.7962257684 0.087, -83.6533238034 37.796327477 0.096, -83.6534504609 37.7964514316 0.107, -83.6536357429 37.7966201096 0.123, -83.6541904728 37.7971046942 0.168, -83.6545380795 37.7974094971 0.196, -83.6547323902 37.7975651487 0.212, -83.6548480091 37.7976389077 0.22, -83.6549726995 37.7976979932 0.228, -83.6551060897 37.7977432245 0.236, -83.6552127036 37.7977681999 0.242, -83.6553945139 37.7977906682 0.252, -83.6555335993 37.7977936946 0.259, -83.6556043895 37.7977878128 0.263, -83.6557441277 37.7977677764 0.271, -83.6558745654 37.7977338377 0.279, -83.6559357639 37.797712127 0.282, -83.6560563326 37.7976598813 0.29, -83.6561696928 37.7975932231 0.298, -83.6562722287 37.7975175809 0.305, -83.6563577346 37.7974320208 0.313, -83.6564306328 37.7973393691 0.32, -83.6564922667 37.797241022 0.328, -83.6566609311 37.7969325053 0.351, -83.6567748092 37.7967617408 0.365, -83.6568714708 37.7966489078 0.374, -83.6569566446 37.7965627926 0.382, -83.6570681352 37.7964642338 0.391, -83.6575665017 37.7960407125 0.431, -83.6577300808 37.7959241255 0.443, -83.6579350917 37.7957992095 0.457, -83.6581019428 37.7957260835 0.468, -83.6582431677 37.7956777752 0.476, -83.6584641638 37.7956119308 0.488, -83.6585924807 37.7955793249 0.496, -83.6588435527 37.7955272005 0.51, -83.6591553328 37.7954706606 0.528, -83.6593645545 37.7954416907 0.539, -83.659563914 37.79543095 0.55, -83.6597852715 37.7954258201 0.562, -83.6601012772 37.7954402272 0.58, -83.6603236727 37.7954719256 0.592, -83.6604869045 37.7955146591 0.602, -83.6605657357 37.7955427069 0.607, -83.6606775571 37.795591669 0.614, -83.6607850244 37.7956476963 0.621, -83.6608856778 37.7957121175 0.628, -83.661074733 37.7958580503 0.642, -83.66167025 37.7963463454 0.689, -83.6618678268 37.7964970974 0.705, -83.6620490097 37.796615418 0.717, -83.6621669223 37.7967062418 0.727, -83.6623116969 37.7968266626 0.738, -83.6624237574 37.7969286455 0.747, -83.6625070511 37.7969949553 0.754, -83.6625957442 37.7970539435 0.76, -83.6626909442 37.7971031582 0.767, -83.6628290514 37.7971531339 0.775, -83.6629005666 37.7971706116 0.779, -83.6630170573 37.7971891617 0.786, -83.6631382937 37.7971990049 0.792, -83.6636513562 37.7972111312 0.821, -83.6637745764 37.7972243057 0.827, -83.6642199521 37.7973165423 0.853, -83.6643113688 37.7973280536 0.858, -83.6643931148 37.7973264815 0.862, -83.6644652442 37.7973099048 0.866, -83.6645295476 37.7972761571 0.871, -83.6645778303 37.7972212475 0.875, -83.6646040897 37.7971739143 0.879, -83.6646072625 37.7970489786 0.888, -83.6645796917 37.7969339364 0.896, -83.6645477485 37.7968512326 0.902, -83.6644423763 37.7966960764 0.914, -83.66437023 37.7966272187 0.92, -83.6642900348 37.7965615149 0.927, -83.6640918579 37.7963827359 0.943, -83.664018754 37.7962987519 0.95, -83.6639974912 37.796267058 0.953, -83.6639723515 37.7962009563 0.957, -83.6639736314 37.7961309288 0.962, -83.6639870089 37.7960984762 0.965, -83.6640081446 37.7960609409 0.967, -83.664068024 37.7959999192 0.973, -83.664141033 37.7959520419 0.978, -83.6643214741 37.7958755774 0.989, -83.6644487837 37.7958294869 0.997, -83.6645108251 37.7958022929 1.001, -83.6647833374 37.795664827 1.019, -83.6648953107 37.795597861 1.026, -83.6649376767 37.7955563073 1.03, -83.665046761 37.7954197885 1.041, -83.6652176706 37.7951530561 1.062, -83.6652884157 37.7950749191 1.069, -83.6653670857 37.7950103842 1.075, -83.6654035033 37.794995646 1.077, -83.6654425336 37.7949864493 1.08, -83.6655308729 37.7949965305 1.084, -83.6655945583 37.7950215596 1.088, -83.6656742964 37.7950666513 1.094, -83.6657399521 37.795132372 1.1, -83.6657946339 37.7952066877 1.106, -83.665876267 37.7953320279 1.115, -83.665923086 37.7954397196 1.123, -83.6659373318 37.7955116708 1.128, -83.6659426047 37.7956318115 1.137, -83.6659386478 37.7957723918 1.146, -83.6659078979 37.7959916127 1.162, -83.6659003957 37.7961351521 1.172, -83.665911259 37.7962534687 1.18, -83.6659388156 37.7963198867 1.185, -83.6661273267 37.7965839256 1.206, -83.666204877 37.7966699102 1.213, -83.6664014117 37.7968703583 1.231, -83.666621246 37.7970670983 1.249, -83.6667008765 37.7971283949 1.255, -83.6668298701 37.7972070495 1.264, -83.6669279961 37.7972508176 1.27, -83.6670353898 37.7972851361 1.277, -83.6671103968 37.7973015736 1.281, -83.6672328877 37.7973161052 1.288, -83.6673588619 37.7973175118 1.295, -83.6675217864 37.7972975969 1.304, -83.6676358465 37.7972672011 1.31, -83.6677068848 37.7972401645 1.315, -83.6678072135 37.7971933176 1.321, -83.6680005588 37.7970887816 1.334, -83.6681381211 37.7970228145 1.343, -83.668214057 37.7969939411 1.347, -83.6683354978 37.7969595555 1.355, -83.6684680106 37.7969377265 1.362, -83.668600791 37.7969310119 1.369, -83.6687456262 37.796938795 1.377, -83.6688839774 37.7969678906 1.385, -83.6692420988 37.7970607609 1.406, -83.6694016278 37.7970877577 1.415, -83.6695371211 37.7970953751 1.422, -83.669677421 37.7970920885 1.43, -83.6698210058 37.7970828157 1.438, -83.6719764109 37.7968849534 1.557, -83.6725413499 37.7968248847 1.589, -83.6728847574 37.7967760102 1.608, -83.6731042889 37.7967373083 1.62, -83.6733535783 37.79668677 1.635, -83.6741589545 37.7965089699 1.681, -83.6745086967 37.7964439951 1.7, -83.6746643671 37.7964233926 1.709, -83.674896184 37.7964033099 1.722, -83.6756288416 37.7963742068 1.762, -83.6757659181 37.7963623408 1.77, -83.6758986816 37.7963438047 1.777, -83.6760271622 37.7963175008 1.785, -83.6762129188 37.7962608912 1.796, -83.6763610299 37.7962011447 1.805, -83.6765014742 37.796130824 1.814, -83.6766098853 37.796067081 1.821, -83.6767156964 37.7959972482 1.829, -83.6770841472 37.7957213454 1.857, -83.6785479959 37.7945766159 1.97, -83.6790181409 37.7942165161 2.006, -83.6793000064 37.7940157245 2.027, -83.6794919725 37.7938853227 2.041, -83.6796328317 37.7937998968 2.05, -83.6798974963 37.7936570391 2.068, -83.6802204888 37.793508065 2.089, -83.6805740888 37.7933662224 2.11, -83.6808623969 37.7932691053 2.128, -83.6810456134 37.7932162894 2.138, -83.6813053579 37.7931502597 2.153, -83.6816834172 37.7930744986 2.175, -83.6820295997 37.7930245469 2.194, -83.6823409156 37.7929959585 2.211, -83.682694366 37.792983219 2.231, -83.683009567 37.7929890354 2.248, -83.6833479266 37.7930084434 2.267, -83.683645115 37.7930394888 2.283, -83.6839701005 37.7930916248 2.302, -83.6843033153 37.7931590141 2.321, -83.6859368767 37.7935200962 2.414, -83.6871863727 37.7937755244 2.485, -83.6881520368 37.7939803615 2.54, -83.6885157579 37.794071348 2.561, -83.6888526556 37.7941808184 2.581, -83.689266698 37.794329549 2.606, -83.6897544586 37.7945287428 2.636, -83.6899976884 37.7946206354 2.651, -83.6901809615 37.7946776885 2.662, -83.6903268062 37.7947112857 2.67, -83.69049711 37.7947367941 2.68, -83.6906256886 37.7947439914 2.687, -83.6907755259 37.7947460659 2.695, -83.6910125261 37.7947384042 2.708, -83.6916892529 37.7947030026 2.746, -83.6918447641 37.7947002306 2.754, -83.6920239672 37.7947044658 2.764, -83.6923379802 37.7947283672 2.781, -83.6926276984 37.7947669512 2.798, -83.6928260164 37.7948058578 2.809, -83.6929981248 37.7948536454 2.819, -83.6930827967 37.7948836966 2.824, -83.6932018134 37.7949360494 2.832, -83.6933534928 37.795021389 2.842, -83.6934051566 37.7950558071 2.845, -83.6935176386 37.7951440318 2.854, -83.6935756876 37.7951977908 2.859, -83.6936664575 37.7952949754 2.867, -83.6937457104 37.7953955299 2.876, -83.6938812574 37.7956006335 2.892, -83.6942665134 37.7962630925 2.942, -83.6944297295 37.796531587 2.963, -83.6945470772 37.7966940663 2.976, -83.6946347894 37.7967892742 2.984, -83.6947341488 37.7968764445 2.992, -83.6948462472 37.7969536726 3.001, -83.6949701082 37.7970187458 3.009, -83.6950651752 37.7970610631 3.015, -83.6952407297 37.7971220939 3.025, -83.6953869137 37.7971562394 3.034, -83.6955473796 37.7971747017 3.043, -83.695868279 37.7972003611 3.06, -83.6972236687 37.7972608418 3.135, -83.6981905797 37.7972983206 3.188, -83.6986403981 37.7973190793 3.213, -83.6990035981 37.7973424469 3.233, -83.6993192168 37.7973713016 3.251, -83.6995245314 37.7973954849 3.262, -83.7012163814 37.7976076536 3.356, -83.7016604587 37.7976733532 3.381, -83.701798539 37.7977002077 3.389, -83.7020719517 37.7977656797 3.405, -83.7024848602 37.7978819277 3.429, -83.7028418907 37.7979886476 3.45)"
"District 10","Powell","10-00176.00","KY","15","KY-15","MINOR WIDENING","0.0","3.45","Minor widening to improve redundancy of Regional Travel.","","2022","2026","R","PROT","290000","2027","","","","099-KY-0015-000","LINESTRING Z (-83.6523535624 37.795174252 0, -83.6530439436 37.7960145379 0.069, -83.6532276734 37.7962257684 0.087, -83.6533238034 37.796327477 0.096, -83.6534504609 37.7964514316 0.107, -83.6536357429 37.7966201096 0.123, -83.6541904728 37.7971046942 0.168, -83.6545380795 37.7974094971 0.196, -83.6547323902 37.7975651487 0.212, -83.6548480091 37.7976389077 0.22, -83.6549726995 37.7976979932 0.228, -83.6551060897 37.7977432245 0.236, -83.6552127036 37.7977681999 0.242, -83.6553945139 37.7977906682 0.252, -83.6555335993 37.7977936946 0.259, -83.6556043895 37.7977878128 0.263, -83.6557441277 37.7977677764 0.271, -83.6558745654 37.7977338377 0.279, -83.6559357639 37.797712127 0.282, -83.6560563326 37.7976598813 0.29, -83.6561696928 37.7975932231 0.298, -83.6562722287 37.7975175809 0.305, -83.6563577346 37.7974320208 0.313, -83.6564306328 37.7973393691 0.32, -83.6564922667 37.797241022 0.328, -83.6566609311 37.7969325053 0.351, -83.6567748092 37.7967617408 0.365, -83.6568714708 37.7966489078 0.374, -83.6569566446 37.7965627926 0.382, -83.6570681352 37.7964642338 0.391, -83.6575665017 37.7960407125 0.431, -83.6577300808 37.7959241255 0.443, -83.6579350917 37.7957992095 0.457, -83.6581019428 37.7957260835 0.468, -83.6582431677 37.7956777752 0.476, -83.6584641638 37.7956119308 0.488, -83.6585924807 37.7955793249 0.496, -83.6588435527 37.7955272005 0.51, -83.6591553328 37.7954706606 0.528, -83.6593645545 37.7954416907 0.539, -83.659563914 37.79543095 0.55, -83.6597852715 37.7954258201 0.562, -83.6601012772 37.7954402272 0.58, -83.6603236727 37.7954719256 0.592, -83.6604869045 37.7955146591 0.602, -83.6605657357 37.7955427069 0.607, -83.6606775571 37.795591669 0.614, -83.6607850244 37.7956476963 0.621, -83.6608856778 37.7957121175 0.628, -83.661074733 37.7958580503 0.642, -83.66167025 37.7963463454 0.689, -83.6618678268 37.7964970974 0.705, -83.6620490097 37.796615418 0.717, -83.6621669223 37.7967062418 0.727, -83.6623116969 37.7968266626 0.738, -83.6624237574 37.7969286455 0.747, -83.6625070511 37.7969949553 0.754, -83.6625957442 37.7970539435 0.76, -83.6626909442 37.7971031582 0.767, -83.6628290514 37.7971531339 0.775, -83.6629005666 37.7971706116 0.779, -83.6630170573 37.7971891617 0.786, -83.6631382937 37.7971990049 0.792, -83.6636513562 37.7972111312 0.821, -83.6637745764 37.7972243057 0.827, -83.6642199521 37.7973165423 0.853, -83.6643113688 37.7973280536 0.858, -83.6643931148 37.7973264815 0.862, -83.6644652442 37.7973099048 0.866, -83.6645295476 37.7972761571 0.871, -83.6645778303 37.7972212475 0.875, -83.6646040897 37.7971739143 0.879, -83.6646072625 37.7970489786 0.888, -83.6645796917 37.7969339364 0.896, -83.6645477485 37.7968512326 0.902, -83.6644423763 37.7966960764 0.914, -83.66437023 37.7966272187 0.92, -83.6642900348 37.7965615149 0.927, -83.6640918579 37.7963827359 0.943, -83.664018754 37.7962987519 0.95, -83.6639974912 37.796267058 0.953, -83.6639723515 37.7962009563 0.957, -83.6639736314 37.7961309288 0.962, -83.6639870089 37.7960984762 0.965, -83.6640081446 37.7960609409 0.967, -83.664068024 37.7959999192 0.973, -83.664141033 37.7959520419 0.978, -83.6643214741 37.7958755774 0.989, -83.6644487837 37.7958294869 0.997, -83.6645108251 37.7958022929 1.001, -83.6647833374 37.795664827 1.019, -83.6648953107 37.795597861 1.026, -83.6649376767 37.7955563073 1.03, -83.665046761 37.7954197885 1.041, -83.6652176706 37.7951530561 1.062, -83.6652884157 37.7950749191 1.069, -83.6653670857 37.7950103842 1.075, -83.6654035033 37.794995646 1.077, -83.6654425336 37.7949864493 1.08, -83.6655308729 37.7949965305 1.084, -83.6655945583 37.7950215596 1.088, -83.6656742964 37.7950666513 1.094, -83.6657399521 37.795132372 1.1, -83.6657946339 37.7952066877 1.106, -83.665876267 37.7953320279 1.115, -83.665923086 37.7954397196 1.123, -83.6659373318 37.7955116708 1.128, -83.6659426047 37.7956318115 1.137, -83.6659386478 37.7957723918 1.146, -83.6659078979 37.7959916127 1.162, -83.6659003957 37.7961351521 1.172, -83.665911259 37.7962534687 1.18, -83.6659388156 37.7963198867 1.185, -83.6661273267 37.7965839256 1.206, -83.666204877 37.7966699102 1.213, -83.6664014117 37.7968703583 1.231, -83.666621246 37.7970670983 1.249, -83.6667008765 37.7971283949 1.255, -83.6668298701 37.7972070495 1.264, -83.6669279961 37.7972508176 1.27, -83.6670353898 37.7972851361 1.277, -83.6671103968 37.7973015736 1.281, -83.6672328877 37.7973161052 1.288, -83.6673588619 37.7973175118 1.295, -83.6675217864 37.7972975969 1.304, -83.6676358465 37.7972672011 1.31, -83.6677068848 37.7972401645 1.315, -83.6678072135 37.7971933176 1.321, -83.6680005588 37.7970887816 1.334, -83.6681381211 37.7970228145 1.343, -83.668214057 37.7969939411 1.347, -83.6683354978 37.7969595555 1.355, -83.6684680106 37.7969377265 1.362, -83.668600791 37.7969310119 1.369, -83.6687456262 37.796938795 1.377, -83.6688839774 37.7969678906 1.385, -83.6692420988 37.7970607609 1.406, -83.6694016278 37.7970877577 1.415, -83.6695371211 37.7970953751 1.422, -83.669677421 37.7970920885 1.43, -83.6698210058 37.7970828157 1.438, -83.6719764109 37.7968849534 1.557, -83.6725413499 37.7968248847 1.589, -83.6728847574 37.7967760102 1.608, -83.6731042889 37.7967373083 1.62, -83.6733535783 37.79668677 1.635, -83.6741589545 37.7965089699 1.681, -83.6745086967 37.7964439951 1.7, -83.6746643671 37.7964233926 1.709, -83.674896184 37.7964033099 1.722, -83.6756288416 37.7963742068 1.762, -83.6757659181 37.7963623408 1.77, -83.6758986816 37.7963438047 1.777, -83.6760271622 37.7963175008 1.785, -83.6762129188 37.7962608912 1.796, -83.6763610299 37.7962011447 1.805, -83.6765014742 37.796130824 1.814, -83.6766098853 37.796067081 1.821, -83.6767156964 37.7959972482 1.829, -83.6770841472 37.7957213454 1.857, -83.6785479959 37.7945766159 1.97, -83.6790181409 37.7942165161 2.006, -83.6793000064 37.7940157245 2.027, -83.6794919725 37.7938853227 2.041, -83.6796328317 37.7937998968 2.05, -83.6798974963 37.7936570391 2.068, -83.6802204888 37.793508065 2.089, -83.6805740888 37.7933662224 2.11, -83.6808623969 37.7932691053 2.128, -83.6810456134 37.7932162894 2.138, -83.6813053579 37.7931502597 2.153, -83.6816834172 37.7930744986 2.175, -83.6820295997 37.7930245469 2.194, -83.6823409156 37.7929959585 2.211, -83.682694366 37.792983219 2.231, -83.683009567 37.7929890354 2.248, -83.6833479266 37.7930084434 2.267, -83.683645115 37.7930394888 2.283, -83.6839701005 37.7930916248 2.302, -83.6843033153 37.7931590141 2.321, -83.6859368767 37.7935200962 2.414, -83.6871863727 37.7937755244 2.485, -83.6881520368 37.7939803615 2.54, -83.6885157579 37.794071348 2.561, -83.6888526556 37.7941808184 2.581, -83.689266698 37.794329549 2.606, -83.6897544586 37.7945287428 2.636, -83.6899976884 37.7946206354 2.651, -83.6901809615 37.7946776885 2.662, -83.6903268062 37.7947112857 2.67, -83.69049711 37.7947367941 2.68, -83.6906256886 37.7947439914 2.687, -83.6907755259 37.7947460659 2.695, -83.6910125261 37.7947384042 2.708, -83.6916892529 37.7947030026 2.746, -83.6918447641 37.7947002306 2.754, -83.6920239672 37.7947044658 2.764, -83.6923379802 37.7947283672 2.781, -83.6926276984 37.7947669512 2.798, -83.6928260164 37.7948058578 2.809, -83.6929981248 37.7948536454 2.819, -83.6930827967 37.7948836966 2.824, -83.6932018134 37.7949360494 2.832, -83.6933534928 37.795021389 2.842, -83.6934051566 37.7950558071 2.845, -83.6935176386 37.7951440318 2.854, -83.6935756876 37.7951977908 2.859, -83.6936664575 37.7952949754 2.867, -83.6937457104 37.7953955299 2.876, -83.6938812574 37.7956006335 2.892, -83.6942665134 37.7962630925 2.942, -83.6944297295 37.796531587 2.963, -83.6945470772 37.7966940663 2.976, -83.6946347894 37.7967892742 2.984, -83.6947341488 37.7968764445 2.992, -83.6948462472 37.7969536726 3.001, -83.6949701082 37.7970187458 3.009, -83.6950651752 37.7970610631 3.015, -83.6952407297 37.7971220939 3.025, -83.6953869137 37.7971562394 3.034, -83.6955473796 37.7971747017 3.043, -83.695868279 37.7972003611 3.06, -83.6972236687 37.7972608418 3.135, -83.6981905797 37.7972983206 3.188, -83.6986403981 37.7973190793 3.213, -83.6990035981 37.7973424469 3.233, -83.6993192168 37.7973713016 3.251, -83.6995245314 37.7973954849 3.262, -83.7012163814 37.7976076536 3.356, -83.7016604587 37.7976733532 3.381, -83.701798539 37.7977002077 3.389, -83.7020719517 37.7977656797 3.405, -83.7024848602 37.7978819277 3.429, -83.7028418907 37.7979886476 3.45)"
"District 10","Powell","10-00194.00","KY","9000","KY-9000","SAFETY","16.0","17.0","MOUNTAIN PARKWAY AT EXIT 16: INSTALL ROADWAY LIGHTING AS A SAFETY MEASURE DUE TO FLOODING CONCERNS.","","2026","2026","C","NH","1000000","2030","","","","099-KY-9000-000","LINESTRING Z (-83.9482682006 37.871519518 16, -83.9476475406 37.8703269298 16.089, -83.9472463533 37.8695560567 16.146, -83.9466770275 37.868462046 16.228, -83.9465736403 37.868254172 16.243, -83.9460357635 37.867235355 16.319, -83.9455095263 37.8662230298 16.395, -83.9454082159 37.8660154615 16.41, -83.9449843539 37.8652101707 16.47, -83.9442358229 37.8637670165 16.578, -83.9440119426 37.8633575932 16.609, -83.9438972441 37.8631594308 16.624, -83.9437772265 37.8629521223 16.64, -83.9435260873 37.8625524436 16.67, -83.9433063563 37.8622287842 16.696, -83.9431187813 37.8619646768 16.717, -83.9428306014 37.861578161 16.748, -83.9426814408 37.8613868853 16.763, -83.9423732698 37.8610104998 16.794, -83.942052485 37.8606399633 16.825, -83.9417190481 37.8602769217 16.856, -83.9413712543 37.8599202514 16.887, -83.9411915793 37.8597444369 16.903, -83.9408220087 37.8594000659 16.934, -83.9404397989 37.8590626415 16.965, -83.9399961661 37.8586986665 17)"
"District 10","Powell","10-00194.00","KY","9000","KY-9000","SAFETY","16.0","17.0","MOUNTAIN PARKWAY AT EXIT 16: INSTALL ROADWAY LIGHTING AS A SAFETY MEASURE DUE TO FLOODING CONCERNS.","","2026","2026","D","NH","110000","2029","","","","099-KY-9000-000","LINESTRING Z (-83.9482682006 37.871519518 16, -83.9476475406 37.8703269298 16.089, -83.9472463533 37.8695560567 16.146, -83.9466770275 37.868462046 16.228, -83.9465736403 37.868254172 16.243, -83.9460357635 37.867235355 16.319, -83.9455095263 37.8662230298 16.395, -83.9454082159 37.8660154615 16.41, -83.9449843539 37.8652101707 16.47, -83.9442358229 37.8637670165 16.578, -83.9440119426 37.8633575932 16.609, -83.9438972441 37.8631594308 16.624, -83.9437772265 37.8629521223 16.64, -83.9435260873 37.8625524436 16.67, -83.9433063563 37.8622287842 16.696, -83.9431187813 37.8619646768 16.717, -83.9428306014 37.861578161 16.748, -83.9426814408 37.8613868853 16.763, -83.9423732698 37.8610104998 16.794, -83.942052485 37.8606399633 16.825, -83.9417190481 37.8602769217 16.856, -83.9413712543 37.8599202514 16.887, -83.9411915793 37.8597444369 16.903, -83.9408220087 37.8594000659 16.934, -83.9404397989 37.8590626415 16.965, -83.9399961661 37.8586986665 17)"
"District 10","Powell","10-00210.00","KY","213","KY-213","SAFETY-HAZARD ELIM(P)","6.37","6.9","IMPROVE SAFETY AND LEVEL OF SERVICE ON KY-213 IN POWELL COUNTY FROM SONS ROAD TO REED COURT. (2024CCN)","","2018","2026","C","CRP","3280000","2028","","","","099-KY-0213-000","LINESTRING Z (-83.8495381974 37.8307601779 6.37, -83.8495534463 37.8307683037 6.371, -83.8498355723 37.8309085598 6.389, -83.8500294237 37.8309932753 6.401, -83.8506970692 37.831239744 6.441, -83.8508092532 37.8312948456 6.448, -83.8509099441 37.8313659691 6.456, -83.8509983999 37.8314550243 6.464, -83.8510107586 37.8314728039 6.465, -83.8510987284 37.8315942657 6.475, -83.8512404254 37.8318355373 6.493, -83.8515799438 37.8324390267 6.539, -83.8517876371 37.8328079958 6.567, -83.8521070585 37.8333581436 6.608, -83.8521605441 37.8334469087 6.615, -83.8522563905 37.8335855268 6.626, -83.8523104468 37.8336520513 6.631, -83.8524001494 37.8337331595 6.639, -83.852504441 37.8337991196 6.646, -83.8525796567 37.8338374165 6.651, -83.8527355123 37.8339050328 6.661, -83.85352483 37.8342028919 6.709, -83.8539372449 37.8343685875 6.734, -83.8542454383 37.8345196916 6.754, -83.8544473542 37.8346281524 6.767, -83.8546954064 37.8347744403 6.789, -83.8549594392 37.8349594426 6.813, -83.8551151859 37.8350855633 6.829, -83.8552491871 37.8352088616 6.843, -83.8553450786 37.8353054501 6.851, -83.8554232002 37.8353926877 6.859, -83.8555188767 37.8355112481 6.868, -83.8556261949 37.8356621345 6.88, -83.8557546277 37.8358812111 6.897, -83.8557755047 37.8359216048 6.9)"
"District 10","Powell","10-04318.00","KY","82","KY-82","SAF-GUARDRAIL(P)","1.0","1.15","INSTALL GUARDRAIL ON KY-82   IN POWELL COUNTY","","2020","2026","C","GR","32000","2026","","","","099-KY-0082-000","LINESTRING Z (-83.9507661946 37.8510569943 1, -83.950746756 37.8510813916 1.002, -83.9505772754 37.8513125593 1.02, -83.9494570201 37.852973501 1.15)"
"District 10","Powell","10-20004.00","KY","9000","KY-9000","AM-PAVEMENT (PKY)(P)","11.913","19.15","ADDRESS CONDITION OF Bert T. Combs Mountain Parkway FROM MILEPOINT 11.913 TO MILEPOINT 19.228","","2018","2026","D","STP4","630000","2029","","","","099-KY-9000-000","LINESTRING Z (-83.9825709671 37.9239899906 11.913, -83.9818907248 37.923101347 11.985, -83.9805088027 37.9214248079 12.123, -83.9778553818 37.9181741455 12.39, -83.9774844358 37.9177233031 12.427, -83.9764098742 37.9163952394 12.536, -83.9716101324 37.9105146773 13.019, -83.9707622966 37.909455051 13.105, -83.9699433631 37.9083911849 13.191, -83.9694128805 37.9076733817 13.248, -83.9691502274 37.907307926 13.277, -83.968503508 37.9063790511 13.351, -83.9680290192 37.9056837874 13.405, -83.965730328 37.9022739327 13.672, -83.9654771334 37.9018915805 13.701, -83.9649575239 37.9011291464 13.761, -83.9641849238 37.8999769411 13.851, -83.9617214572 37.89632882 14.137, -83.960687927 37.8947762543 14.258, -83.9599458035 37.8936162402 14.347, -83.9595898091 37.8930298681 14.392, -83.9591236674 37.8922402 14.452, -83.9585595919 37.8912441245 14.528, -83.9579084331 37.8900376839 14.618, -83.9476475406 37.8703269298 16.089, -83.9472463533 37.8695560567 16.146, -83.9466770275 37.868462046 16.228, -83.9465736403 37.868254172 16.243, -83.9460357635 37.867235355 16.319, -83.9455095263 37.8662230298 16.395, -83.9454082159 37.8660154615 16.41, -83.9449843539 37.8652101707 16.47, -83.9442358229 37.8637670165 16.578, -83.9440119426 37.8633575932 16.609, -83.9438972441 37.8631594308 16.624, -83.9437772265 37.8629521223 16.64, -83.9435260873 37.8625524436 16.67, -83.9433063563 37.8622287842 16.696, -83.9431187813 37.8619646768 16.717, -83.9428306014 37.861578161 16.748, -83.9426814408 37.8613868853 16.763, -83.9423732698 37.8610104998 16.794, -83.942052485 37.8606399633 16.825, -83.9417190481 37.8602769217 16.856, -83.9413712543 37.8599202514 16.887, -83.9411915793 37.8597444369 16.903, -83.9408220087 37.8594000659 16.934, -83.9404397989 37.8590626415 16.965, -83.9398440645 37.8585738746 17.012, -83.939434611 37.8582599251 17.043, -83.9390209763 37.8579612922 17.074, -83.9388131655 37.8578171792 17.089, -83.938187457 37.8574073274 17.133, -83.9377683002 37.8571506328 17.162, -83.9342511627 37.8551159151 17.4, -83.9308387424 37.8531414918 17.631, -83.9304200773 37.8528949406 17.66, -83.9280863269 37.8515515871 17.818, -83.9208934728 37.8473891573 18.305, -83.9200783506 37.8469139055 18.36, -83.9183162918 37.8459020017 18.479, -83.916267959 37.8447164002 18.618, -83.9154855994 37.8442633273 18.671, -83.9084168839 37.8401696551 19.15)"
"District 10","Powell","10-20004.00","KY","9000","KY-9000","AM-PAVEMENT (PKY)(P)","11.913","19.15","ADDRESS CONDITION OF Bert T. Combs Mountain Parkway FROM MILEPOINT 11.913 TO MILEPOINT 19.228","","2018","2026","C","STP4","6297100","2029","","","","099-KY-9000-000","LINESTRING Z (-83.9825709671 37.9239899906 11.913, -83.9818907248 37.923101347 11.985, -83.9805088027 37.9214248079 12.123, -83.9778553818 37.9181741455 12.39, -83.9774844358 37.9177233031 12.427, -83.9764098742 37.9163952394 12.536, -83.9716101324 37.9105146773 13.019, -83.9707622966 37.909455051 13.105, -83.9699433631 37.9083911849 13.191, -83.9694128805 37.9076733817 13.248, -83.9691502274 37.907307926 13.277, -83.968503508 37.9063790511 13.351, -83.9680290192 37.9056837874 13.405, -83.965730328 37.9022739327 13.672, -83.9654771334 37.9018915805 13.701, -83.9649575239 37.9011291464 13.761, -83.9641849238 37.8999769411 13.851, -83.9617214572 37.89632882 14.137, -83.960687927 37.8947762543 14.258, -83.9599458035 37.8936162402 14.347, -83.9595898091 37.8930298681 14.392, -83.9591236674 37.8922402 14.452, -83.9585595919 37.8912441245 14.528, -83.9579084331 37.8900376839 14.618, -83.9476475406 37.8703269298 16.089, -83.9472463533 37.8695560567 16.146, -83.9466770275 37.868462046 16.228, -83.9465736403 37.868254172 16.243, -83.9460357635 37.867235355 16.319, -83.9455095263 37.8662230298 16.395, -83.9454082159 37.8660154615 16.41, -83.9449843539 37.8652101707 16.47, -83.9442358229 37.8637670165 16.578, -83.9440119426 37.8633575932 16.609, -83.9438972441 37.8631594308 16.624, -83.9437772265 37.8629521223 16.64, -83.9435260873 37.8625524436 16.67, -83.9433063563 37.8622287842 16.696, -83.9431187813 37.8619646768 16.717, -83.9428306014 37.861578161 16.748, -83.9426814408 37.8613868853 16.763, -83.9423732698 37.8610104998 16.794, -83.942052485 37.8606399633 16.825, -83.9417190481 37.8602769217 16.856, -83.9413712543 37.8599202514 16.887, -83.9411915793 37.8597444369 16.903, -83.9408220087 37.8594000659 16.934, -83.9404397989 37.8590626415 16.965, -83.9398440645 37.8585738746 17.012, -83.939434611 37.8582599251 17.043, -83.9390209763 37.8579612922 17.074, -83.9388131655 37.8578171792 17.089, -83.938187457 37.8574073274 17.133, -83.9377683002 37.8571506328 17.162, -83.9342511627 37.8551159151 17.4, -83.9308387424 37.8531414918 17.631, -83.9304200773 37.8528949406 17.66, -83.9280863269 37.8515515871 17.818, -83.9208934728 37.8473891573 18.305, -83.9200783506 37.8469139055 18.36, -83.9183162918 37.8459020017 18.479, -83.916267959 37.8447164002 18.618, -83.9154855994 37.8442633273 18.671, -83.9084168839 37.8401696551 19.15)"
"District 10","Powell","10-20005.00","KY","9000","KY-9000","AM-PAVEMENT (PKY)(P)","19.15","22.307","ADDRESS CONDITION OF Bert T. Combs Mountain Parkway FROM MILEPOINT 19.228 TO MILEPOINT 22.307","","2018","2026","C","STP4","2645726","2028","","","","099-KY-9000-000","LINESTRING Z (-83.9084168839 37.8401696551 19.15, -83.9068969909 37.8392893316 19.253, -83.9008086277 37.8357626293 19.665, -83.8988013477 37.8346056516 19.8, -83.8970183277 37.8335686392 19.921, -83.8963590863 37.8332011557 19.965, -83.8959100687 37.8329724038 19.994, -83.8952307306 37.8326471732 20.038, -83.8947706864 37.832444064 20.066, -83.8940709792 37.8321580615 20.109, -83.8936006271 37.8319795071 20.138, -83.8931255089 37.8318115885 20.166, -83.8928774681 37.8317313095 20.181, -83.8924050823 37.8315788138 20.209, -83.8919189489 37.8314359883 20.237, -83.8911819788 37.8312416763 20.28, -83.8906848433 37.8311233938 20.308, -83.8901832648 37.8310165766 20.337, -83.889676586 37.8309198397 20.365, -83.8891627016 37.8308342489 20.394, -83.8886403163 37.8307562133 20.423, -83.8878432196 37.8306534996 20.467, -83.8841693791 37.8301980849 20.671, -83.883641811 37.8301474132 20.7, -83.8831131357 37.830113204 20.729, -83.8825755899 37.8301011017 20.758, -83.8820378511 37.8301104196 20.788, -83.8815039124 37.8301475395 20.817, -83.8809683718 37.830206881 20.847, -83.8807010835 37.8302449375 20.862, -83.8801698673 37.8303386815 20.891, -83.8799052702 37.8303935344 20.906, -83.8796412183 37.8304541642 20.921, -83.879118195 37.8305936321 20.952, -83.8788882136 37.8306627678 20.965, -83.8786032413 37.8307563007 20.982, -83.8780956914 37.8309410604 21.012, -83.8778489224 37.8310439899 21.028, -83.8773640006 37.8312650913 21.058, -83.8768944453 37.831508411 21.089, -83.8766639678 37.831637967 21.104, -83.8764378532 37.831773086 21.12, -83.8762150661 37.8319134776 21.135, -83.8753289499 37.8324948947 21.198, -83.873776512 37.8335384293 21.31, -83.8664184154 37.838449119 21.836, -83.865979153 37.838737382 21.867, -83.8655317025 37.8390205669 21.898, -83.8650658394 37.8392921935 21.93, -83.864824917 37.8394221085 21.946, -83.8643316135 37.8396693937 21.978, -83.8640802618 37.8397870549 21.994, -83.8635697045 37.8400043933 22.026, -83.8633125473 37.8401052029 22.041, -83.8627961762 37.8402922285 22.072, -83.8623348468 37.8404397558 22.1, -83.8618278596 37.8405846252 22.129, -83.8614202754 37.8406890596 22.152, -83.8609589948 37.8407937299 22.178, -83.860692289 37.840847683 22.193, -83.8601551004 37.8409406923 22.223, -83.8598852751 37.8409811326 22.238, -83.8593404051 37.8410492927 22.268, -83.8590663658 37.8410784018 22.283, -83.8586322787 37.8411099775 22.307)"
"District 10","Powell","10-20005.00","KY","9000","KY-9000","AM-PAVEMENT (PKY)(P)","19.15","22.307","ADDRESS CONDITION OF Bert T. Combs Mountain Parkway FROM MILEPOINT 19.228 TO MILEPOINT 22.307","","2018","2026","D","STP4","270000","2028","","","","099-KY-9000-000","LINESTRING Z (-83.9084168839 37.8401696551 19.15, -83.9068969909 37.8392893316 19.253, -83.9008086277 37.8357626293 19.665, -83.8988013477 37.8346056516 19.8, -83.8970183277 37.8335686392 19.921, -83.8963590863 37.8332011557 19.965, -83.8959100687 37.8329724038 19.994, -83.8952307306 37.8326471732 20.038, -83.8947706864 37.832444064 20.066, -83.8940709792 37.8321580615 20.109, -83.8936006271 37.8319795071 20.138, -83.8931255089 37.8318115885 20.166, -83.8928774681 37.8317313095 20.181, -83.8924050823 37.8315788138 20.209, -83.8919189489 37.8314359883 20.237, -83.8911819788 37.8312416763 20.28, -83.8906848433 37.8311233938 20.308, -83.8901832648 37.8310165766 20.337, -83.889676586 37.8309198397 20.365, -83.8891627016 37.8308342489 20.394, -83.8886403163 37.8307562133 20.423, -83.8878432196 37.8306534996 20.467, -83.8841693791 37.8301980849 20.671, -83.883641811 37.8301474132 20.7, -83.8831131357 37.830113204 20.729, -83.8825755899 37.8301011017 20.758, -83.8820378511 37.8301104196 20.788, -83.8815039124 37.8301475395 20.817, -83.8809683718 37.830206881 20.847, -83.8807010835 37.8302449375 20.862, -83.8801698673 37.8303386815 20.891, -83.8799052702 37.8303935344 20.906, -83.8796412183 37.8304541642 20.921, -83.879118195 37.8305936321 20.952, -83.8788882136 37.8306627678 20.965, -83.8786032413 37.8307563007 20.982, -83.8780956914 37.8309410604 21.012, -83.8778489224 37.8310439899 21.028, -83.8773640006 37.8312650913 21.058, -83.8768944453 37.831508411 21.089, -83.8766639678 37.831637967 21.104, -83.8764378532 37.831773086 21.12, -83.8762150661 37.8319134776 21.135, -83.8753289499 37.8324948947 21.198, -83.873776512 37.8335384293 21.31, -83.8664184154 37.838449119 21.836, -83.865979153 37.838737382 21.867, -83.8655317025 37.8390205669 21.898, -83.8650658394 37.8392921935 21.93, -83.864824917 37.8394221085 21.946, -83.8643316135 37.8396693937 21.978, -83.8640802618 37.8397870549 21.994, -83.8635697045 37.8400043933 22.026, -83.8633125473 37.8401052029 22.041, -83.8627961762 37.8402922285 22.072, -83.8623348468 37.8404397558 22.1, -83.8618278596 37.8405846252 22.129, -83.8614202754 37.8406890596 22.152, -83.8609589948 37.8407937299 22.178, -83.860692289 37.840847683 22.193, -83.8601551004 37.8409406923 22.223, -83.8598852751 37.8409811326 22.238, -83.8593404051 37.8410492927 22.268, -83.8590663658 37.8410784018 22.283, -83.8586322787 37.8411099775 22.307)"
"District 10","Powell","10-20035.00","KY","213","KY-213","AM-PAVEMENT (PRI)(P)","1.691","2.244","ADDRESS CONDITION OF KY-213 FROM MILEPOINT 1.691 TO MILEPOINT 2.244","","2024","2026","D","STP4","28000","2027","","","","099-KY-0213-000","LINESTRING Z (-83.8289887038 37.7852290677 1.691, -83.8290609389 37.7852464548 1.695, -83.8291628595 37.785253614 1.701, -83.8292704412 37.7852427355 1.707, -83.8293734986 37.7852194221 1.713, -83.8294896555 37.7851847845 1.719, -83.8297035937 37.7851033976 1.732, -83.829830129 37.7850422838 1.74, -83.8299829636 37.7849546787 1.751, -83.8300946242 37.7848798617 1.759, -83.8302958414 37.7847150323 1.775, -83.8308133472 37.784245507 1.818, -83.8316060333 37.7835612612 1.882, -83.8317642362 37.7834399539 1.894, -83.8318426384 37.7833928863 1.899, -83.8319854796 37.7833301131 1.908, -83.8321052424 37.7832897636 1.915, -83.8323591543 37.7832147923 1.93, -83.8327330668 37.7831170546 1.952, -83.8328540814 37.7830951298 1.958, -83.8328932614 37.7830924721 1.96, -83.8329749595 37.7830918819 1.965, -83.8330915125 37.7831086158 1.971, -83.8331878317 37.783158258 1.978, -83.8332773566 37.7832163056 1.984, -83.8334388144 37.7833702959 1.998, -83.83352131 37.783459269 2.005, -83.8336015247 37.7835561716 2.013, -83.8336750091 37.7836590073 2.022, -83.833797936 37.7838708804 2.038, -83.8338608944 37.7839658531 2.045, -83.8339067939 37.7840245624 2.05, -83.8339577143 37.7840764852 2.054, -83.8340140374 37.7841202562 2.059, -83.8341134439 37.7841710476 2.065, -83.8342273899 37.7842083401 2.072, -83.8343565267 37.7842337936 2.079, -83.8347798196 37.7843011231 2.103, -83.8349130439 37.7843291148 2.11, -83.8350326042 37.7843634769 2.117, -83.8351341731 37.7844110059 2.124, -83.8352285742 37.7844680318 2.13, -83.8353176863 37.7845288177 2.137, -83.8355030295 37.7846293533 2.149, -83.8355779966 37.7846616154 2.154, -83.8357329101 37.7847075398 2.163, -83.8365470141 37.7848136402 2.208, -83.8366792804 37.7848385921 2.215, -83.8367198144 37.7848505146 2.218, -83.8368025492 37.7848768584 2.223, -83.8369084537 37.7849307743 2.229, -83.8369963675 37.784997858 2.236, -83.8370798071 37.7850906893 2.244)"
"District 10","Powell","10-20035.00","KY","213","KY-213","AM-PAVEMENT (PRI)(P)","1.691","2.244","ADDRESS CONDITION OF KY-213 FROM MILEPOINT 1.691 TO MILEPOINT 2.244","","2024","2026","C","STP4","322000","2027","","","","099-KY-0213-000","LINESTRING Z (-83.8289887038 37.7852290677 1.691, -83.8290609389 37.7852464548 1.695, -83.8291628595 37.785253614 1.701, -83.8292704412 37.7852427355 1.707, -83.8293734986 37.7852194221 1.713, -83.8294896555 37.7851847845 1.719, -83.8297035937 37.7851033976 1.732, -83.829830129 37.7850422838 1.74, -83.8299829636 37.7849546787 1.751, -83.8300946242 37.7848798617 1.759, -83.8302958414 37.7847150323 1.775, -83.8308133472 37.784245507 1.818, -83.8316060333 37.7835612612 1.882, -83.8317642362 37.7834399539 1.894, -83.8318426384 37.7833928863 1.899, -83.8319854796 37.7833301131 1.908, -83.8321052424 37.7832897636 1.915, -83.8323591543 37.7832147923 1.93, -83.8327330668 37.7831170546 1.952, -83.8328540814 37.7830951298 1.958, -83.8328932614 37.7830924721 1.96, -83.8329749595 37.7830918819 1.965, -83.8330915125 37.7831086158 1.971, -83.8331878317 37.783158258 1.978, -83.8332773566 37.7832163056 1.984, -83.8334388144 37.7833702959 1.998, -83.83352131 37.783459269 2.005, -83.8336015247 37.7835561716 2.013, -83.8336750091 37.7836590073 2.022, -83.833797936 37.7838708804 2.038, -83.8338608944 37.7839658531 2.045, -83.8339067939 37.7840245624 2.05, -83.8339577143 37.7840764852 2.054, -83.8340140374 37.7841202562 2.059, -83.8341134439 37.7841710476 2.065, -83.8342273899 37.7842083401 2.072, -83.8343565267 37.7842337936 2.079, -83.8347798196 37.7843011231 2.103, -83.8349130439 37.7843291148 2.11, -83.8350326042 37.7843634769 2.117, -83.8351341731 37.7844110059 2.124, -83.8352285742 37.7844680318 2.13, -83.8353176863 37.7845288177 2.137, -83.8355030295 37.7846293533 2.149, -83.8355779966 37.7846616154 2.154, -83.8357329101 37.7847075398 2.163, -83.8365470141 37.7848136402 2.208, -83.8366792804 37.7848385921 2.215, -83.8367198144 37.7848505146 2.218, -83.8368025492 37.7848768584 2.223, -83.8369084537 37.7849307743 2.229, -83.8369963675 37.784997858 2.236, -83.8370798071 37.7850906893 2.244)"
"District 10","Powell","10-20042.00","KY","9000","KY-9000","AM-PAVEMENT (PKY)(P)","22.307","27.376","ADDRESS CONDITION OF Bert T. Combs Mountain Parkway FROM MILEPOINT 22.307 TO MILEPOINT 27.376","","2026","2026","D","STP5","200000","2027","","","","099-KY-9000-000","LINESTRING Z (-83.8586322787 37.8411099775 22.307, -83.8574023633 37.8411994332 22.375, -83.8544955131 37.8413886024 22.534, -83.8532051165 37.8414741129 22.605, -83.8404248438 37.8423205697 23.306, -83.8347218039 37.8426978787 23.619, -83.833393705 37.8427792632 23.692, -83.8320395756 37.8428758666 23.766, -83.8298150625 37.843021708 23.889, -83.8287011123 37.843099667 23.95, -83.8278484368 37.8431472722 23.996, -83.823795024 37.8434227072 24.219, -83.8223520055 37.8435130742 24.298, -83.8200752867 37.8436666677 24.423, -83.8161231278 37.8439223481 24.64, -83.8158458715 37.8439408651 24.655, -83.8155881996 37.8439654721 24.67, -83.8108295134 37.8442766631 24.931, -83.8100468645 37.8443211734 24.974, -83.8095158729 37.8443327449 25.003, -83.8089807846 37.8443288643 25.032, -83.8084404431 37.8443139059 25.062, -83.8081702642 37.8443001077 25.077, -83.8076295192 37.8442609662 25.106, -83.8073596304 37.8442361831 25.121, -83.8068238989 37.8441776168 25.151, -83.8065508294 37.8441420656 25.166, -83.8060271755 37.8440589725 25.195, -83.8057651281 37.8440126147 25.21, -83.8052457614 37.8439114587 25.239, -83.8049877767 37.8438555511 25.254, -83.8044769527 37.8437325579 25.283, -83.8039692901 37.8435947797 25.312, -83.803716286 37.8435208225 25.327, -83.8032126377 37.843362231 25.357, -83.8017057499 37.8428381643 25.447, -83.8004346968 37.8423828154 25.523, -83.7984325122 37.8416746922 25.643, -83.7973212743 37.8412815681 25.71, -83.7968121392 37.8411088483 25.74, -83.7963083627 37.8409562673 25.769, -83.7960575953 37.8408900223 25.784, -83.7958062725 37.8408317329 25.798, -83.7955557854 37.8407811487 25.812, -83.7953057729 37.8407388117 25.826, -83.7950548298 37.8407055245 25.84, -83.7948053783 37.8406813268 25.854, -83.7942979686 37.8406533903 25.882, -83.7940393174 37.8406496404 25.896, -83.7937783783 37.8406538182 25.91, -83.7935148056 37.8406659173 25.924, -83.7932506599 37.8406865216 25.939, -83.7929852301 37.8407164439 25.954, -83.7927209516 37.8407551757 25.968, -83.7924568008 37.84080215 25.983, -83.7921948492 37.8408576753 25.998, -83.7919357883 37.8409217646 26.013, -83.791680677 37.8409936104 26.028, -83.7914295252 37.8410729376 26.042, -83.7911830298 37.8411594844 26.057, -83.7904654589 37.8414417377 26.101, -83.7895249469 37.8418232831 26.159, -83.7876576407 37.842590428 26.274, -83.7864781656 37.8430602632 26.346, -83.7811040875 37.8452625418 26.676, -83.7796952326 37.8458353289 26.763, -83.7787501806 37.8462139676 26.821, -83.778510167 37.846303069 26.835, -83.7780234844 37.8464709952 26.864, -83.7775293102 37.8466209387 26.893, -83.7770286558 37.8467540154 26.922, -83.7767772519 37.8468154524 26.936, -83.7762705871 37.8469269981 26.965, -83.7757612654 37.8470211908 26.994, -83.775505554 37.8470622255 27.008, -83.7749917117 37.847131067 27.037, -83.7744786539 37.8471834379 27.065, -83.7739621832 37.8472209149 27.093, -83.7734416646 37.8472412906 27.122, -83.772921255 37.8472446354 27.15, -83.7725574056 37.8472357744 27.17, -83.772140055 37.8472196945 27.193, -83.7716196783 37.8471829269 27.221, -83.7713602071 37.8471571379 27.236, -83.7708433141 37.8470937802 27.264, -83.7703306415 37.847015107 27.293, -83.7698154126 37.8469155122 27.322, -83.7693125981 37.8468051362 27.35, -83.7688665556 37.8466909879 27.376)"
"District 10","Powell","10-20042.00","KY","9000","KY-9000","AM-PAVEMENT (PKY)(P)","22.307","27.376","ADDRESS CONDITION OF Bert T. Combs Mountain Parkway FROM MILEPOINT 22.307 TO MILEPOINT 27.376","","2026","2026","C","STP5","2000000","2027","","","","099-KY-9000-000","LINESTRING Z (-83.8586322787 37.8411099775 22.307, -83.8574023633 37.8411994332 22.375, -83.8544955131 37.8413886024 22.534, -83.8532051165 37.8414741129 22.605, -83.8404248438 37.8423205697 23.306, -83.8347218039 37.8426978787 23.619, -83.833393705 37.8427792632 23.692, -83.8320395756 37.8428758666 23.766, -83.8298150625 37.843021708 23.889, -83.8287011123 37.843099667 23.95, -83.8278484368 37.8431472722 23.996, -83.823795024 37.8434227072 24.219, -83.8223520055 37.8435130742 24.298, -83.8200752867 37.8436666677 24.423, -83.8161231278 37.8439223481 24.64, -83.8158458715 37.8439408651 24.655, -83.8155881996 37.8439654721 24.67, -83.8108295134 37.8442766631 24.931, -83.8100468645 37.8443211734 24.974, -83.8095158729 37.8443327449 25.003, -83.8089807846 37.8443288643 25.032, -83.8084404431 37.8443139059 25.062, -83.8081702642 37.8443001077 25.077, -83.8076295192 37.8442609662 25.106, -83.8073596304 37.8442361831 25.121, -83.8068238989 37.8441776168 25.151, -83.8065508294 37.8441420656 25.166, -83.8060271755 37.8440589725 25.195, -83.8057651281 37.8440126147 25.21, -83.8052457614 37.8439114587 25.239, -83.8049877767 37.8438555511 25.254, -83.8044769527 37.8437325579 25.283, -83.8039692901 37.8435947797 25.312, -83.803716286 37.8435208225 25.327, -83.8032126377 37.843362231 25.357, -83.8017057499 37.8428381643 25.447, -83.8004346968 37.8423828154 25.523, -83.7984325122 37.8416746922 25.643, -83.7973212743 37.8412815681 25.71, -83.7968121392 37.8411088483 25.74, -83.7963083627 37.8409562673 25.769, -83.7960575953 37.8408900223 25.784, -83.7958062725 37.8408317329 25.798, -83.7955557854 37.8407811487 25.812, -83.7953057729 37.8407388117 25.826, -83.7950548298 37.8407055245 25.84, -83.7948053783 37.8406813268 25.854, -83.7942979686 37.8406533903 25.882, -83.7940393174 37.8406496404 25.896, -83.7937783783 37.8406538182 25.91, -83.7935148056 37.8406659173 25.924, -83.7932506599 37.8406865216 25.939, -83.7929852301 37.8407164439 25.954, -83.7927209516 37.8407551757 25.968, -83.7924568008 37.84080215 25.983, -83.7921948492 37.8408576753 25.998, -83.7919357883 37.8409217646 26.013, -83.791680677 37.8409936104 26.028, -83.7914295252 37.8410729376 26.042, -83.7911830298 37.8411594844 26.057, -83.7904654589 37.8414417377 26.101, -83.7895249469 37.8418232831 26.159, -83.7876576407 37.842590428 26.274, -83.7864781656 37.8430602632 26.346, -83.7811040875 37.8452625418 26.676, -83.7796952326 37.8458353289 26.763, -83.7787501806 37.8462139676 26.821, -83.778510167 37.846303069 26.835, -83.7780234844 37.8464709952 26.864, -83.7775293102 37.8466209387 26.893, -83.7770286558 37.8467540154 26.922, -83.7767772519 37.8468154524 26.936, -83.7762705871 37.8469269981 26.965, -83.7757612654 37.8470211908 26.994, -83.775505554 37.8470622255 27.008, -83.7749917117 37.847131067 27.037, -83.7744786539 37.8471834379 27.065, -83.7739621832 37.8472209149 27.093, -83.7734416646 37.8472412906 27.122, -83.772921255 37.8472446354 27.15, -83.7725574056 37.8472357744 27.17, -83.772140055 37.8472196945 27.193, -83.7716196783 37.8471829269 27.221, -83.7713602071 37.8471571379 27.236, -83.7708433141 37.8470937802 27.264, -83.7703306415 37.847015107 27.293, -83.7698154126 37.8469155122 27.322, -83.7693125981 37.8468051362 27.35, -83.7688665556 37.8466909879 27.376)"
"District 10","Powell","10-22158.00","KY","9000","KY-9000","AM-PAVEMENT (PKY)(P)","27.376","32.787","ADDRESS CONDITION OF Bert T. Combs Mountain Parkway FROM MILEPOINT 27.376 TO MILEPOINT 32.787","","2022","2026","D","NHPM","410000","2028","","","","099-KY-9000-000","LINESTRING Z (-83.7688665556 37.8466909879 27.376, -83.7688150893 37.8466778168 27.379, -83.7683224937 37.8465351936 27.408, -83.7678348374 37.8463764452 27.437, -83.7673521099 37.8462018442 27.466, -83.7668740033 37.8460100142 27.495, -83.7666373825 37.8459074084 27.51, -83.7661697633 37.8456863591 27.539, -83.7657084747 37.8454489327 27.57, -83.7654807415 37.8453250481 27.585, -83.7650394441 37.8450657055 27.615, -83.7648258284 37.8449321687 27.63, -83.7646182018 37.8447948867 27.644, -83.7642169294 37.8445158887 27.674, -83.7638359615 37.8442289899 27.702, -83.763471545 37.843932206 27.731, -83.7632962067 37.8437795347 27.745, -83.7629567894 37.843467788 27.774, -83.762633273 37.843144497 27.802, -83.7624773887 37.8429770437 27.816, -83.7621779366 37.8426349289 27.845, -83.7618918898 37.8422839741 27.874, -83.7616234518 37.8419223293 27.903, -83.7613774407 37.8415511723 27.932, -83.7612595899 37.8413607367 27.946, -83.7610381801 37.8409765349 27.976, -83.7608363616 37.8405852465 28.005, -83.760656159 37.84018883 28.034, -83.7602321035 37.8391998826 28.106, -83.7595134469 37.837484037 28.231, -83.7581135469 37.8341716342 28.472, -83.7580260277 37.8339745658 28.486, -83.7578390339 37.8335870939 28.515, -83.7576320435 37.8332091724 28.543, -83.7575185901 37.8330234762 28.557, -83.7572717153 37.8326605368 28.586, -83.7571400331 37.8324830471 28.6, -83.7568597777 37.8321379456 28.628, -83.756712945 37.8319700882 28.642, -83.7564041567 37.8316429072 28.671, -83.756076323 37.8313285879 28.699, -83.7559037556 37.8311775989 28.713, -83.755725185 37.8310309041 28.727, -83.7553549479 37.8307480032 28.755, -83.7549677051 37.830479373 28.783, -83.7545609955 37.8302263428 28.811, -83.7541379214 37.8299895164 28.84, -83.7537026789 37.8297673157 28.868, -83.753478951 37.829664352 28.882, -83.7532516297 37.8295662709 28.896, -83.7527849425 37.8293800685 28.925, -83.7525455332 37.8292935929 28.939, -83.752302861 37.829212556 28.954, -83.7518088099 37.8290651666 28.983, -83.7513041349 37.828939296 29.012, -83.7510493302 37.8288844218 29.026, -83.7507926389 37.828835283 29.041, -83.750276108 37.8287509612 29.069, -83.7497551555 37.8286893624 29.098, -83.7489706268 37.8286155852 29.141, -83.7463238711 37.828388133 29.287, -83.745781879 37.8283363219 29.317, -83.7432373864 37.8281187821 29.457, -83.7410035356 37.8279279201 29.58, -83.7337706298 37.8272970748 29.978, -83.7332480983 37.8272433415 30.007, -83.7329899142 37.8272114447 30.021, -83.732480815 37.8271351378 30.049, -83.73198048 37.8270422221 30.077, -83.7314872413 37.8269304716 30.106, -83.7309964923 37.8268036531 30.134, -83.7307532292 37.8267327245 30.148, -83.7302718487 37.8265799673 30.176, -83.7300354488 37.8264987169 30.19, -83.7298036903 37.8264123263 30.204, -83.729351246 37.8262273729 30.232, -83.7291298438 37.8261296211 30.246, -83.7286952273 37.825926016 30.274, -83.7284827354 37.8258190765 30.287, -83.7280698161 37.8255946904 30.315, -83.7278686739 37.8254780552 30.328, -83.7274774062 37.8252345353 30.356, -83.7272855365 37.8251081692 30.369, -83.726911037 37.824846805 30.397, -83.7267298091 37.8247112811 30.41, -83.7263780386 37.8244294286 30.438, -83.7260415226 37.8241343771 30.465, -83.7257184042 37.8238307652 30.492, -83.7254125424 37.8235167354 30.52, -83.7251225753 37.8231914403 30.547, -83.7249844774 37.8230239666 30.561, -83.7247216859 37.8226801843 30.589, -83.7243550098 37.8221464409 30.631, -83.7221248992 37.8187302665 30.896, -83.7219879008 37.8185232501 30.912, -83.7217352897 37.8181755161 30.94, -83.7214664426 37.8178390383 30.967, -83.7211803001 37.8175146223 30.995, -83.72102879 37.8173570767 31.008, -83.7207085206 37.8170523997 31.036, -83.7205418601 37.8169044805 31.049, -83.7203720391 37.8167581551 31.063, -83.7200196682 37.816475173 31.09, -83.7183585605 37.8151886247 31.218, -83.713904757 37.8117533527 31.557, -83.7133674122 37.8113237517 31.599, -83.7130391939 37.8110331997 31.626, -83.7128847273 37.8108835568 31.639, -83.7127369513 37.8107299101 31.653, -83.7125969173 37.8105717271 31.666, -83.7124632646 37.8104081603 31.68, -83.7123373861 37.8102389591 31.693, -83.7122192567 37.8100649478 31.707, -83.7121092026 37.8098869558 31.72, -83.7120068597 37.8097055263 31.734, -83.711913946 37.8095212374 31.748, -83.7118300828 37.8093351828 31.761, -83.7117548947 37.8091484547 31.775, -83.7116260146 37.8087739965 31.802, -83.7115160579 37.8084039869 31.828, -83.7111219173 37.806937376 31.931, -83.7110337679 37.8065677438 31.957, -83.7106150869 37.8050751569 32.063, -83.7104730195 37.8045389421 32.101, -83.7103199546 37.80399979 32.139, -83.709533054 37.8011209691 32.342, -83.709407061 37.8007306253 32.37, -83.7093341156 37.8005384399 32.384, -83.7092531213 37.8003494107 32.397, -83.7091657618 37.8001652157 32.411, -83.7090723997 37.7999853122 32.424, -83.7089713114 37.7998093946 32.438, -83.7088642195 37.7996377679 32.451, -83.7087497408 37.7994704095 32.464, -83.7086268589 37.7993064747 32.477, -83.7084959282 37.799145697 32.49, -83.7083566179 37.7989875207 32.504, -83.7082088964 37.7988330437 32.517, -83.7080534806 37.798681455 32.531, -83.7078910309 37.7985338641 32.544, -83.7077225778 37.7983905647 32.558, -83.7075470543 37.7982526359 32.571, -83.7073651425 37.798120365 32.585, -83.7071302039 37.7979651962 32.601, -83.7069845294 37.7978747592 32.612, -83.7067868412 37.797762267 32.625, -83.7065408198 37.7976324516 32.641, -83.7061759181 37.7974574403 32.664, -83.7059665083 37.797368367 32.677, -83.7057538183 37.7972852804 32.69, -83.7055389008 37.7972076477 32.703, -83.7053217479 37.7971357453 32.716, -83.7051016156 37.7970714824 32.729, -83.7048792253 37.7970137725 32.742, -83.7044283551 37.7969182984 32.767, -83.7042005679 37.7968805471 32.78, -83.7040768323 37.7968655992 32.787)"
"District 10","Powell","10-22158.00","KY","9000","KY-9000","AM-PAVEMENT (PKY)(P)","27.376","32.787","ADDRESS CONDITION OF Bert T. Combs Mountain Parkway FROM MILEPOINT 27.376 TO MILEPOINT 32.787","","2022","2026","C","NHPM","4102360","2028","","","","099-KY-9000-000","LINESTRING Z (-83.7688665556 37.8466909879 27.376, -83.7688150893 37.8466778168 27.379, -83.7683224937 37.8465351936 27.408, -83.7678348374 37.8463764452 27.437, -83.7673521099 37.8462018442 27.466, -83.7668740033 37.8460100142 27.495, -83.7666373825 37.8459074084 27.51, -83.7661697633 37.8456863591 27.539, -83.7657084747 37.8454489327 27.57, -83.7654807415 37.8453250481 27.585, -83.7650394441 37.8450657055 27.615, -83.7648258284 37.8449321687 27.63, -83.7646182018 37.8447948867 27.644, -83.7642169294 37.8445158887 27.674, -83.7638359615 37.8442289899 27.702, -83.763471545 37.843932206 27.731, -83.7632962067 37.8437795347 27.745, -83.7629567894 37.843467788 27.774, -83.762633273 37.843144497 27.802, -83.7624773887 37.8429770437 27.816, -83.7621779366 37.8426349289 27.845, -83.7618918898 37.8422839741 27.874, -83.7616234518 37.8419223293 27.903, -83.7613774407 37.8415511723 27.932, -83.7612595899 37.8413607367 27.946, -83.7610381801 37.8409765349 27.976, -83.7608363616 37.8405852465 28.005, -83.760656159 37.84018883 28.034, -83.7602321035 37.8391998826 28.106, -83.7595134469 37.837484037 28.231, -83.7581135469 37.8341716342 28.472, -83.7580260277 37.8339745658 28.486, -83.7578390339 37.8335870939 28.515, -83.7576320435 37.8332091724 28.543, -83.7575185901 37.8330234762 28.557, -83.7572717153 37.8326605368 28.586, -83.7571400331 37.8324830471 28.6, -83.7568597777 37.8321379456 28.628, -83.756712945 37.8319700882 28.642, -83.7564041567 37.8316429072 28.671, -83.756076323 37.8313285879 28.699, -83.7559037556 37.8311775989 28.713, -83.755725185 37.8310309041 28.727, -83.7553549479 37.8307480032 28.755, -83.7549677051 37.830479373 28.783, -83.7545609955 37.8302263428 28.811, -83.7541379214 37.8299895164 28.84, -83.7537026789 37.8297673157 28.868, -83.753478951 37.829664352 28.882, -83.7532516297 37.8295662709 28.896, -83.7527849425 37.8293800685 28.925, -83.7525455332 37.8292935929 28.939, -83.752302861 37.829212556 28.954, -83.7518088099 37.8290651666 28.983, -83.7513041349 37.828939296 29.012, -83.7510493302 37.8288844218 29.026, -83.7507926389 37.828835283 29.041, -83.750276108 37.8287509612 29.069, -83.7497551555 37.8286893624 29.098, -83.7489706268 37.8286155852 29.141, -83.7463238711 37.828388133 29.287, -83.745781879 37.8283363219 29.317, -83.7432373864 37.8281187821 29.457, -83.7410035356 37.8279279201 29.58, -83.7337706298 37.8272970748 29.978, -83.7332480983 37.8272433415 30.007, -83.7329899142 37.8272114447 30.021, -83.732480815 37.8271351378 30.049, -83.73198048 37.8270422221 30.077, -83.7314872413 37.8269304716 30.106, -83.7309964923 37.8268036531 30.134, -83.7307532292 37.8267327245 30.148, -83.7302718487 37.8265799673 30.176, -83.7300354488 37.8264987169 30.19, -83.7298036903 37.8264123263 30.204, -83.729351246 37.8262273729 30.232, -83.7291298438 37.8261296211 30.246, -83.7286952273 37.825926016 30.274, -83.7284827354 37.8258190765 30.287, -83.7280698161 37.8255946904 30.315, -83.7278686739 37.8254780552 30.328, -83.7274774062 37.8252345353 30.356, -83.7272855365 37.8251081692 30.369, -83.726911037 37.824846805 30.397, -83.7267298091 37.8247112811 30.41, -83.7263780386 37.8244294286 30.438, -83.7260415226 37.8241343771 30.465, -83.7257184042 37.8238307652 30.492, -83.7254125424 37.8235167354 30.52, -83.7251225753 37.8231914403 30.547, -83.7249844774 37.8230239666 30.561, -83.7247216859 37.8226801843 30.589, -83.7243550098 37.8221464409 30.631, -83.7221248992 37.8187302665 30.896, -83.7219879008 37.8185232501 30.912, -83.7217352897 37.8181755161 30.94, -83.7214664426 37.8178390383 30.967, -83.7211803001 37.8175146223 30.995, -83.72102879 37.8173570767 31.008, -83.7207085206 37.8170523997 31.036, -83.7205418601 37.8169044805 31.049, -83.7203720391 37.8167581551 31.063, -83.7200196682 37.816475173 31.09, -83.7183585605 37.8151886247 31.218, -83.713904757 37.8117533527 31.557, -83.7133674122 37.8113237517 31.599, -83.7130391939 37.8110331997 31.626, -83.7128847273 37.8108835568 31.639, -83.7127369513 37.8107299101 31.653, -83.7125969173 37.8105717271 31.666, -83.7124632646 37.8104081603 31.68, -83.7123373861 37.8102389591 31.693, -83.7122192567 37.8100649478 31.707, -83.7121092026 37.8098869558 31.72, -83.7120068597 37.8097055263 31.734, -83.711913946 37.8095212374 31.748, -83.7118300828 37.8093351828 31.761, -83.7117548947 37.8091484547 31.775, -83.7116260146 37.8087739965 31.802, -83.7115160579 37.8084039869 31.828, -83.7111219173 37.806937376 31.931, -83.7110337679 37.8065677438 31.957, -83.7106150869 37.8050751569 32.063, -83.7104730195 37.8045389421 32.101, -83.7103199546 37.80399979 32.139, -83.709533054 37.8011209691 32.342, -83.709407061 37.8007306253 32.37, -83.7093341156 37.8005384399 32.384, -83.7092531213 37.8003494107 32.397, -83.7091657618 37.8001652157 32.411, -83.7090723997 37.7999853122 32.424, -83.7089713114 37.7998093946 32.438, -83.7088642195 37.7996377679 32.451, -83.7087497408 37.7994704095 32.464, -83.7086268589 37.7993064747 32.477, -83.7084959282 37.799145697 32.49, -83.7083566179 37.7989875207 32.504, -83.7082088964 37.7988330437 32.517, -83.7080534806 37.798681455 32.531, -83.7078910309 37.7985338641 32.544, -83.7077225778 37.7983905647 32.558, -83.7075470543 37.7982526359 32.571, -83.7073651425 37.798120365 32.585, -83.7071302039 37.7979651962 32.601, -83.7069845294 37.7978747592 32.612, -83.7067868412 37.797762267 32.625, -83.7065408198 37.7976324516 32.641, -83.7061759181 37.7974574403 32.664, -83.7059665083 37.797368367 32.677, -83.7057538183 37.7972852804 32.69, -83.7055389008 37.7972076477 32.703, -83.7053217479 37.7971357453 32.716, -83.7051016156 37.7970714824 32.729, -83.7048792253 37.7970137725 32.742, -83.7044283551 37.7969182984 32.767, -83.7042005679 37.7968805471 32.78, -83.7040768323 37.7968655992 32.787)"
"District 10","Powell","10-80250.00","KY","11","KY-11","AM-BRIDGE (P)","3.4","3.85","CONSTRUCT A BRIDGE ON KY 11 (CAMPTON RD MP 3.4 TO 3.85) ACROSS THE BERT T. COMBS MOUNTAIN PARKWAY","","2022","2026","R","SPP","5000000","2029","","","","099-KY-0011-000","LINESTRING Z (-83.7040509438 37.7952152244 3.4, -83.7039637969 37.795777332 3.439, -83.7038987334 37.7962025419 3.469, -83.7038605046 37.7964584517 3.487, -83.7037817109 37.7968919387 3.517, -83.7036800367 37.797526936 3.561, -83.7036708312 37.7975844639 3.565, -83.7036385635 37.7977874595 3.579, -83.7036170941 37.7979129003 3.588, -83.7035729565 37.7982071658 3.598, -83.7058572722 37.7988798188 3.721, -83.7061966046 37.798978018 3.741, -83.7065402235 37.7990839822 3.761, -83.706623206 37.7991128945 3.766, -83.7067839921 37.7991827169 3.776, -83.7068775026 37.7992315904 3.782, -83.7069656096 37.7992880622 3.788, -83.7070767148 37.7993767992 3.797, -83.7071761129 37.7994757722 3.806, -83.7072620669 37.7995852238 3.815, -83.7073264017 37.7996877078 3.823, -83.7073901385 37.7998118833 3.832, -83.7074482415 37.7999395312 3.841, -83.7074978079 37.8000628679 3.85)"
"District 10","Powell","10-80250.00","KY","11","KY-11","AM-BRIDGE (P)","3.4","3.85","CONSTRUCT A BRIDGE ON KY 11 (CAMPTON RD MP 3.4 TO 3.85) ACROSS THE BERT T. COMBS MOUNTAIN PARKWAY","","2022","2026","U","SPP","5000000","2030","","","","099-KY-0011-000","LINESTRING Z (-83.7040509438 37.7952152244 3.4, -83.7039637969 37.795777332 3.439, -83.7038987334 37.7962025419 3.469, -83.7038605046 37.7964584517 3.487, -83.7037817109 37.7968919387 3.517, -83.7036800367 37.797526936 3.561, -83.7036708312 37.7975844639 3.565, -83.7036385635 37.7977874595 3.579, -83.7036170941 37.7979129003 3.588, -83.7035729565 37.7982071658 3.598, -83.7058572722 37.7988798188 3.721, -83.7061966046 37.798978018 3.741, -83.7065402235 37.7990839822 3.761, -83.706623206 37.7991128945 3.766, -83.7067839921 37.7991827169 3.776, -83.7068775026 37.7992315904 3.782, -83.7069656096 37.7992880622 3.788, -83.7070767148 37.7993767992 3.797, -83.7071761129 37.7994757722 3.806, -83.7072620669 37.7995852238 3.815, -83.7073264017 37.7996877078 3.823, -83.7073901385 37.7998118833 3.832, -83.7074482415 37.7999395312 3.841, -83.7074978079 37.8000628679 3.85)"
"District 10","Powell","10-80250.00","KY","11","KY-11","AM-BRIDGE (P)","3.4","3.85","CONSTRUCT A BRIDGE ON KY 11 (CAMPTON RD MP 3.4 TO 3.85) ACROSS THE BERT T. COMBS MOUNTAIN PARKWAY","","2022","2026","C","SPP","12890000","2031","","","","099-KY-0011-000","LINESTRING Z (-83.7040509438 37.7952152244 3.4, -83.7039637969 37.795777332 3.439, -83.7038987334 37.7962025419 3.469, -83.7038605046 37.7964584517 3.487, -83.7037817109 37.7968919387 3.517, -83.7036800367 37.797526936 3.561, -83.7036708312 37.7975844639 3.565, -83.7036385635 37.7977874595 3.579, -83.7036170941 37.7979129003 3.588, -83.7035729565 37.7982071658 3.598, -83.7058572722 37.7988798188 3.721, -83.7061966046 37.798978018 3.741, -83.7065402235 37.7990839822 3.761, -83.706623206 37.7991128945 3.766, -83.7067839921 37.7991827169 3.776, -83.7068775026 37.7992315904 3.782, -83.7069656096 37.7992880622 3.788, -83.7070767148 37.7993767992 3.797, -83.7071761129 37.7994757722 3.806, -83.7072620669 37.7995852238 3.815, -83.7073264017 37.7996877078 3.823, -83.7073901385 37.7998118833 3.832, -83.7074482415 37.7999395312 3.841, -83.7074978079 37.8000628679 3.85)"
"District 10","Powell","10-80405.00","KY","11","KY-11","DRAINAGE IMPROVE(P)","14.482","15.265","Improve drainage on KY 11 from Derickson Lane to Ewen Street (2026CCN)","","2026","2026","D","SPP","300000","2029","","","","099-KY-0011-000","LINESTRING Z (-83.8377275693 37.8440738175 14.482, -83.8383400373 37.8439920221 14.516, -83.8394134838 37.8438594738 14.576, -83.8415891903 37.8435780589 14.697, -83.8423268379 37.8434773961 14.738, -83.8425106763 37.8434542805 14.748, -83.8430094283 37.8434027561 14.776, -83.8432360821 37.8433850026 14.788, -83.8435823545 37.8433763299 14.807, -83.843835152 37.8433925118 14.821, -83.8440396797 37.8434134052 14.832, -83.8443207843 37.843460261 14.848, -83.844875259 37.8435719762 14.88, -83.8468219831 37.8440037093 14.991, -83.8490647447 37.8444954071 15.118, -83.8505585503 37.8448277371 15.203, -83.8511140958 37.8449388899 15.235, -83.8516583365 37.8450317279 15.265)"
"District 10","Powell","10-80405.00","KY","11","KY-11","DRAINAGE IMPROVE(P)","14.482","15.265","Improve drainage on KY 11 from Derickson Lane to Ewen Street (2026CCN)","","2026","2026","U","SPP","100000","2031","","","","099-KY-0011-000","LINESTRING Z (-83.8377275693 37.8440738175 14.482, -83.8383400373 37.8439920221 14.516, -83.8394134838 37.8438594738 14.576, -83.8415891903 37.8435780589 14.697, -83.8423268379 37.8434773961 14.738, -83.8425106763 37.8434542805 14.748, -83.8430094283 37.8434027561 14.776, -83.8432360821 37.8433850026 14.788, -83.8435823545 37.8433763299 14.807, -83.843835152 37.8433925118 14.821, -83.8440396797 37.8434134052 14.832, -83.8443207843 37.843460261 14.848, -83.844875259 37.8435719762 14.88, -83.8468219831 37.8440037093 14.991, -83.8490647447 37.8444954071 15.118, -83.8505585503 37.8448277371 15.203, -83.8511140958 37.8449388899 15.235, -83.8516583365 37.8450317279 15.265)"
"District 10","Powell","10-80405.00","KY","11","KY-11","DRAINAGE IMPROVE(P)","14.482","15.265","Improve drainage on KY 11 from Derickson Lane to Ewen Street (2026CCN)","","2026","2026","C","SPP","1900000","2032","","","","099-KY-0011-000","LINESTRING Z (-83.8377275693 37.8440738175 14.482, -83.8383400373 37.8439920221 14.516, -83.8394134838 37.8438594738 14.576, -83.8415891903 37.8435780589 14.697, -83.8423268379 37.8434773961 14.738, -83.8425106763 37.8434542805 14.748, -83.8430094283 37.8434027561 14.776, -83.8432360821 37.8433850026 14.788, -83.8435823545 37.8433763299 14.807, -83.843835152 37.8433925118 14.821, -83.8440396797 37.8434134052 14.832, -83.8443207843 37.843460261 14.848, -83.844875259 37.8435719762 14.88, -83.8468219831 37.8440037093 14.991, -83.8490647447 37.8444954071 15.118, -83.8505585503 37.8448277371 15.203, -83.8511140958 37.8449388899 15.235, -83.8516583365 37.8450317279 15.265)"
"District 10","Powell","10-80405.00","KY","11","KY-11","DRAINAGE IMPROVE(P)","14.482","15.265","Improve drainage on KY 11 from Derickson Lane to Ewen Street (2026CCN)","","2026","2026","R","SPP","500000","2030","","","","099-KY-0011-000","LINESTRING Z (-83.8377275693 37.8440738175 14.482, -83.8383400373 37.8439920221 14.516, -83.8394134838 37.8438594738 14.576, -83.8415891903 37.8435780589 14.697, -83.8423268379 37.8434773961 14.738, -83.8425106763 37.8434542805 14.748, -83.8430094283 37.8434027561 14.776, -83.8432360821 37.8433850026 14.788, -83.8435823545 37.8433763299 14.807, -83.843835152 37.8433925118 14.821, -83.8440396797 37.8434134052 14.832, -83.8443207843 37.843460261 14.848, -83.844875259 37.8435719762 14.88, -83.8468219831 37.8440037093 14.991, -83.8490647447 37.8444954071 15.118, -83.8505585503 37.8448277371 15.203, -83.8511140958 37.8449388899 15.235, -83.8516583365 37.8450317279 15.265)"
"District 10","Powell","10-80406.00","KY","11","KY-11","RECONSTRUCTION(O)","3.43","3.595","Improve access to Red River Gorge area by reconstructing ramps and terminals at Exit 33 of the Mountain Parkway (2026CCN)","","2026","2026","D","SPP","1500000","2029","","","","099-KY-0011-000","LINESTRING Z (-83.7039839078 37.7956476149 3.43, -83.7039637969 37.795777332 3.439, -83.7038987334 37.7962025419 3.469, -83.7038605046 37.7964584517 3.487, -83.7037817109 37.7968919387 3.517, -83.7036800367 37.797526936 3.561, -83.7036708312 37.7975844639 3.565, -83.7036385635 37.7977874595 3.579, -83.7036170941 37.7979129003 3.588, -83.7035861978 37.7981188862 3.595)"
"District 10","Powell","10-80406.00","KY","11","KY-11","RECONSTRUCTION(O)","3.43","3.595","Improve access to Red River Gorge area by reconstructing ramps and terminals at Exit 33 of the Mountain Parkway (2026CCN)","","2026","2026","U","SPP","250000","2031","","","","099-KY-0011-000","LINESTRING Z (-83.7039839078 37.7956476149 3.43, -83.7039637969 37.795777332 3.439, -83.7038987334 37.7962025419 3.469, -83.7038605046 37.7964584517 3.487, -83.7037817109 37.7968919387 3.517, -83.7036800367 37.797526936 3.561, -83.7036708312 37.7975844639 3.565, -83.7036385635 37.7977874595 3.579, -83.7036170941 37.7979129003 3.588, -83.7035861978 37.7981188862 3.595)"
"District 10","Powell","10-80406.00","KY","11","KY-11","RECONSTRUCTION(O)","3.43","3.595","Improve access to Red River Gorge area by reconstructing ramps and terminals at Exit 33 of the Mountain Parkway (2026CCN)","","2026","2026","R","SPP","250000","2030","","","","099-KY-0011-000","LINESTRING Z (-83.7039839078 37.7956476149 3.43, -83.7039637969 37.795777332 3.439, -83.7038987334 37.7962025419 3.469, -83.7038605046 37.7964584517 3.487, -83.7037817109 37.7968919387 3.517, -83.7036800367 37.797526936 3.561, -83.7036708312 37.7975844639 3.565, -83.7036385635 37.7977874595 3.579, -83.7036170941 37.7979129003 3.588, -83.7035861978 37.7981188862 3.595)"
"District 10","Powell","10-80406.00","KY","11","KY-11","RECONSTRUCTION(O)","3.43","3.595","Improve access to Red River Gorge area by reconstructing ramps and terminals at Exit 33 of the Mountain Parkway (2026CCN)","","2026","2026","C","SPP","7000000","2032","","","","099-KY-0011-000","LINESTRING Z (-83.7039839078 37.7956476149 3.43, -83.7039637969 37.795777332 3.439, -83.7038987334 37.7962025419 3.469, -83.7038605046 37.7964584517 3.487, -83.7037817109 37.7968919387 3.517, -83.7036800367 37.797526936 3.561, -83.7036708312 37.7975844639 3.565, -83.7036385635 37.7977874595 3.579, -83.7036170941 37.7979129003 3.588, -83.7035861978 37.7981188862 3.595)"
"District 10","Wolfe","10-00177.00","KY","15","KY-15","MINOR WIDENING","13.6","18.704","Minor widening to improve redundancy of Regional travel. (2024CCR)","","2022","2026","C","PROT","7430000","2029","","","","119-KY-0015-000","LINESTRING Z (-83.601800234 37.7518759637 13.6, -83.6018694724 37.7519558972 13.607, -83.6019584303 37.7520858147 13.617, -83.6019945582 37.7521524063 13.622, -83.6021848337 37.7525707018 13.651, -83.6022229812 37.7526392536 13.656, -83.6022927112 37.7527402493 13.663, -83.6023116505 37.7527672421 13.665, -83.6024208383 37.7528796728 13.675, -83.6025525052 37.7529686134 13.684, -83.6027026869 37.753039487 13.694, -83.6027856408 37.7530662769 13.699, -83.6028679742 37.753090582 13.704, -83.6030460931 37.7531287252 13.714, -83.6036038621 37.7532232506 13.745, -83.6039639601 37.7532976815 13.765, -83.6041543585 37.7533300032 13.776, -83.6043545544 37.7533465705 13.787, -83.6044583369 37.7533470918 13.792, -83.604561202 37.7533434756 13.798, -83.6047659454 37.7533224894 13.809, -83.6049677484 37.7532835925 13.821, -83.6050681598 37.7532571293 13.826, -83.6051624825 37.7532258853 13.832, -83.605391504 37.7531311685 13.846, -83.6055328367 37.7530656185 13.855, -83.6060697416 37.7527094971 13.894, -83.6061507155 37.7526612512 13.899, -83.6063969997 37.7525437715 13.915, -83.6064876877 37.7525185033 13.92, -83.606672968 37.7524765553 13.93, -83.6070116229 37.7524310857 13.948, -83.6074677325 37.7523918768 13.971, -83.607761 37.7523963995 13.986, -83.607859356 37.7524050603 13.991, -83.60795125 37.7524218446 13.996, -83.608043943 37.7524468848 14.001, -83.6081271398 37.7524772461 14.005, -83.6082079453 37.7525185521 14.01, -83.608310474 37.7525863519 14.017, -83.6084330484 37.7526668787 14.025, -83.6085803235 37.752778624 14.035, -83.608738887 37.75294277 14.048, -83.6088437926 37.7530600607 14.058, -83.6089699214 37.7532211432 14.07, -83.6090305025 37.7533038371 14.077, -83.6091339412 37.7534719224 14.089, -83.6092676529 37.7537298421 14.108, -83.6096718303 37.7545901882 14.169, -83.6097702733 37.7547875768 14.184, -83.6099433552 37.755179997 14.213, -83.6100638369 37.7555008583 14.237, -83.6104066491 37.7566655645 14.321, -83.6104533258 37.7568584389 14.334, -83.6104830258 37.757052102 14.348, -83.6104906556 37.7572431669 14.361, -83.6104775595 37.7574330299 14.375, -83.6104389257 37.7578122542 14.402, -83.6104505144 37.757986084 14.414, -83.6104870992 37.7582408597 14.432, -83.6105738593 37.7586632987 14.462, -83.6105824818 37.7588200426 14.473, -83.6105450042 37.7589795174 14.484, -83.6104242334 37.7593871906 14.514, -83.6103246861 37.7598147542 14.544, -83.610230739 37.7601322609 14.567, -83.6101486456 37.7603508109 14.583, -83.6100128628 37.7606790928 14.607, -83.6099863137 37.7607596494 14.613, -83.6099505472 37.7609197049 14.624, -83.6099476757 37.7610789866 14.635, -83.6099874631 37.7612349235 14.646, -83.6100656099 37.7613805704 14.657, -83.6101784964 37.761509543 14.668, -83.6103358821 37.7616313596 14.68, -83.610482429 37.7617211114 14.69, -83.6106510487 37.7618134625 14.702, -83.6112912194 37.7621366379 14.743, -83.6117319466 37.7623685473 14.773, -83.6118977618 37.7624622191 14.784, -83.6120584822 37.7625645888 14.795, -83.6122832514 37.7627258129 14.812, -83.6124276036 37.7628438177 14.823, -83.6125692735 37.7629708393 14.835, -83.6128935315 37.7633179283 14.865, -83.6130649709 37.7635166419 14.882, -83.6136082632 37.7641402258 14.934, -83.6137074074 37.7642541108 14.944, -83.6139929868 37.7645628579 14.97, -83.6141268665 37.764720229 14.983, -83.6142486901 37.7648757325 14.996, -83.6143558915 37.7650342663 15.008, -83.6144416799 37.7652033993 15.021, -83.6145027083 37.7653671379 15.033, -83.6145319574 37.7655289254 15.044, -83.6145317985 37.7656904537 15.055, -83.6145028381 37.7658547546 15.067, -83.6144507435 37.7660172625 15.078, -83.6143819129 37.7661841358 15.09, -83.6143385434 37.7662720793 15.097, -83.6140071144 37.7668929502 15.143, -83.613922591 37.7670639338 15.156, -83.6138509279 37.7672329536 15.168, -83.6138013837 37.7674029242 15.18, -83.6137794821 37.7675983952 15.194, -83.6137897717 37.7677455539 15.204, -83.6138334039 37.7679125475 15.216, -83.6139083245 37.7680746155 15.228, -83.6140139987 37.7682262547 15.24, -83.6141517399 37.7683699593 15.252, -83.6142310592 37.7684395298 15.259, -83.6144876004 37.7686397861 15.278, -83.6151939918 37.7691655056 15.331, -83.6169951122 37.7705047341 15.466, -83.617578299 37.7709235377 15.509, -83.617804065 37.7710754286 15.526, -83.6182727101 37.7713619368 15.558, -83.6185155805 37.771496829 15.574, -83.6187634602 37.7716260434 15.59, -83.6190153356 37.7717487357 15.607, -83.6192705059 37.7718651694 15.623, -83.6195297117 37.7719737083 15.639, -83.6197933141 37.7720738107 15.655, -83.6201496768 37.7721975704 15.676, -83.6204199409 37.772282683 15.692, -83.6208754773 37.7724118082 15.719, -83.6212449536 37.7725009132 15.74, -83.621523619 37.7725587044 15.756, -83.6218024972 37.7726090813 15.771, -83.6222624856 37.7726797681 15.797, -83.622716133 37.7727302841 15.822, -83.6231674624 37.7727650987 15.847, -83.6232963741 37.7727712768 15.854, -83.623617795 37.7727864315 15.872, -83.6255032562 37.7728466214 15.975, -83.6277884193 37.7729197669 16.1, -83.6281606284 37.7729380247 16.12, -83.6284003388 37.7729665255 16.133, -83.628631953 37.7730119123 16.146, -83.6288540467 37.7730755328 16.159, -83.6290691522 37.7731535859 16.172, -83.6292811204 37.773244494 16.185, -83.6297121898 37.7734431939 16.213, -83.6299221013 37.7735456018 16.226, -83.6301241977 37.7736550104 16.239, -83.6303111864 37.7737723872 16.252, -83.630396956 37.7738349199 16.259, -83.6304787567 37.7739031499 16.265, -83.630628011 37.7740451195 16.278, -83.6307568254 37.7741999062 16.291, -83.6308645952 37.774364478 16.304, -83.6309478293 37.7745398707 16.316, -83.6310066775 37.7747208669 16.329, -83.6310405262 37.7749047092 16.342, -83.6310490602 37.7750902924 16.355, -83.6310316899 37.7752740361 16.368, -83.6310014809 37.7754226598 16.378, -83.6309637 37.7755455984 16.387, -83.6309289605 37.7756348028 16.393, -83.6308437343 37.7758071576 16.406, -83.6307369195 37.7759719817 16.418, -83.6306112519 37.7761304225 16.431, -83.629563238 37.7772798683 16.528, -83.629383121 37.7774903443 16.546, -83.6292822446 37.7776409887 16.558, -83.6292092137 37.7777981794 16.569, -83.6291680954 37.7779650109 16.581, -83.6291601463 37.7781338153 16.592, -83.6291784096 37.7783058388 16.604, -83.6291959727 37.778393514 16.61, -83.6292638615 37.7786576367 16.629, -83.629370572 37.7790043241 16.653, -83.6294445705 37.7791759794 16.665, -83.6295387039 37.7793334384 16.677, -83.6296551429 37.7794734435 16.689, -83.6298036356 37.7796060602 16.701, -83.6299783335 37.7797300836 16.714, -83.6303529536 37.7799796831 16.74, -83.6305501167 37.7801049342 16.754, -83.630753365 37.780223153 16.768, -83.6309659769 37.7803286283 16.781, -83.6311891172 37.7804169867 16.795, -83.6315019356 37.7805042134 16.813, -83.6316679481 37.7805327527 16.822, -83.6319085027 37.7805568665 16.836, -83.6321711414 37.7805712132 16.85, -83.6335577418 37.7806178864 16.927, -83.6338370094 37.7806317048 16.942, -83.6341140075 37.7806523486 16.958, -83.6346719808 37.7807118387 16.989, -83.6361479753 37.7808886548 17.071, -83.6396262976 37.7812956337 17.264, -83.6399699322 37.7813221302 17.283, -83.6402242797 37.781323948 17.297, -83.6404809819 37.7813038307 17.311, -83.6407278528 37.7812643067 17.325, -83.6409660877 37.7811999028 17.339, -83.6411924387 37.7811152326 17.352, -83.6414065137 37.7810119356 17.366, -83.6415874725 37.7809168348 17.378, -83.6418311914 37.7807934657 17.394, -83.6420530088 37.7806977233 17.408, -83.6422888018 37.7806217355 17.422, -83.6425317433 37.7805620841 17.435, -83.642782109 37.7805212449 17.449, -83.6430361187 37.7804983267 17.463, -83.6432068474 37.7804950676 17.473, -83.6432934106 37.7804938718 17.477, -83.6435497858 37.7805094543 17.492, -83.643806622 37.7805453727 17.506, -83.6440611733 37.7806007551 17.52, -83.6443127183 37.7806766855 17.535, -83.6445523009 37.7807716305 17.55, -83.6447861731 37.7808848788 17.565, -83.6451713356 37.7810942366 17.59, -83.6457912018 37.7814487203 17.632, -83.6460185169 37.7815857479 17.648, -83.6462315015 37.7817277387 17.663, -83.6464317921 37.7818780171 17.678, -83.6465575744 37.7819827347 17.688, -83.6467347371 37.7821430382 17.702, -83.6469013962 37.7823075492 17.717, -83.6471046555 37.7825361718 17.736, -83.6472449026 37.7827166924 17.751, -83.6473320336 37.7828418698 17.761, -83.6474124989 37.7829702247 17.771, -83.6474884037 37.7831006962 17.781, -83.6475583106 37.7832351802 17.791, -83.6476517765 37.7834420596 17.806, -83.6477309577 37.7836522545 17.821, -83.6478129789 37.7839331011 17.841, -83.6478717992 37.7842143559 17.86, -83.6479106078 37.7844933305 17.88, -83.6480104871 37.785523079 17.951, -83.648019137 37.7857182775 17.964, -83.6480160878 37.7859110689 17.978, -83.6479943868 37.7861024275 17.991, -83.6479378455 37.7863871146 18.011, -83.6476122584 37.7877600585 18.107, -83.6475861988 37.7879463954 18.12, -83.6475818574 37.7880383451 18.126, -83.6476019692 37.7882200125 18.139, -83.647657643 37.7883927019 18.151, -83.6477472277 37.7885536348 18.163, -83.6478134082 37.7886366818 18.17, -83.6478663428 37.7886986131 18.175, -83.6479371278 37.7887658095 18.181, -83.6480114892 37.7888289485 18.187, -83.6481759612 37.7889491897 18.199, -83.6487249416 37.7893037618 18.238, -83.6491002728 37.7895321594 18.264, -83.6492266809 37.7896154578 18.273, -83.6494380463 37.7897667533 18.289, -83.6495746492 37.7898933614 18.3, -83.6496873131 37.7900341027 18.312, -83.6497329561 37.7901090892 18.317, -83.6497687171 37.7901907672 18.323, -83.6497958282 37.7902722903 18.329, -83.6498151963 37.7903583458 18.335, -83.6498378289 37.7905367618 18.347, -83.6498624819 37.7908270196 18.368, -83.6498915014 37.791549199 18.417, -83.6499255614 37.7917640801 18.432, -83.6499774088 37.7919743341 18.447, -83.6500687931 37.7921819985 18.462, -83.6501737883 37.7923857844 18.477, -83.6502961072 37.7925890558 18.493, -83.6505602534 37.7929791888 18.524, -83.6508466746 37.7933529625 18.554, -83.6523535624 37.795174252 18.704)"
"District 10","Wolfe","10-00177.00","KY","15","KY-15","MINOR WIDENING","13.6","18.704","Minor widening to improve redundancy of Regional travel. (2024CCR)","","2022","2026","R","PROT","290000","2026","","","","119-KY-0015-000","LINESTRING Z (-83.601800234 37.7518759637 13.6, -83.6018694724 37.7519558972 13.607, -83.6019584303 37.7520858147 13.617, -83.6019945582 37.7521524063 13.622, -83.6021848337 37.7525707018 13.651, -83.6022229812 37.7526392536 13.656, -83.6022927112 37.7527402493 13.663, -83.6023116505 37.7527672421 13.665, -83.6024208383 37.7528796728 13.675, -83.6025525052 37.7529686134 13.684, -83.6027026869 37.753039487 13.694, -83.6027856408 37.7530662769 13.699, -83.6028679742 37.753090582 13.704, -83.6030460931 37.7531287252 13.714, -83.6036038621 37.7532232506 13.745, -83.6039639601 37.7532976815 13.765, -83.6041543585 37.7533300032 13.776, -83.6043545544 37.7533465705 13.787, -83.6044583369 37.7533470918 13.792, -83.604561202 37.7533434756 13.798, -83.6047659454 37.7533224894 13.809, -83.6049677484 37.7532835925 13.821, -83.6050681598 37.7532571293 13.826, -83.6051624825 37.7532258853 13.832, -83.605391504 37.7531311685 13.846, -83.6055328367 37.7530656185 13.855, -83.6060697416 37.7527094971 13.894, -83.6061507155 37.7526612512 13.899, -83.6063969997 37.7525437715 13.915, -83.6064876877 37.7525185033 13.92, -83.606672968 37.7524765553 13.93, -83.6070116229 37.7524310857 13.948, -83.6074677325 37.7523918768 13.971, -83.607761 37.7523963995 13.986, -83.607859356 37.7524050603 13.991, -83.60795125 37.7524218446 13.996, -83.608043943 37.7524468848 14.001, -83.6081271398 37.7524772461 14.005, -83.6082079453 37.7525185521 14.01, -83.608310474 37.7525863519 14.017, -83.6084330484 37.7526668787 14.025, -83.6085803235 37.752778624 14.035, -83.608738887 37.75294277 14.048, -83.6088437926 37.7530600607 14.058, -83.6089699214 37.7532211432 14.07, -83.6090305025 37.7533038371 14.077, -83.6091339412 37.7534719224 14.089, -83.6092676529 37.7537298421 14.108, -83.6096718303 37.7545901882 14.169, -83.6097702733 37.7547875768 14.184, -83.6099433552 37.755179997 14.213, -83.6100638369 37.7555008583 14.237, -83.6104066491 37.7566655645 14.321, -83.6104533258 37.7568584389 14.334, -83.6104830258 37.757052102 14.348, -83.6104906556 37.7572431669 14.361, -83.6104775595 37.7574330299 14.375, -83.6104389257 37.7578122542 14.402, -83.6104505144 37.757986084 14.414, -83.6104870992 37.7582408597 14.432, -83.6105738593 37.7586632987 14.462, -83.6105824818 37.7588200426 14.473, -83.6105450042 37.7589795174 14.484, -83.6104242334 37.7593871906 14.514, -83.6103246861 37.7598147542 14.544, -83.610230739 37.7601322609 14.567, -83.6101486456 37.7603508109 14.583, -83.6100128628 37.7606790928 14.607, -83.6099863137 37.7607596494 14.613, -83.6099505472 37.7609197049 14.624, -83.6099476757 37.7610789866 14.635, -83.6099874631 37.7612349235 14.646, -83.6100656099 37.7613805704 14.657, -83.6101784964 37.761509543 14.668, -83.6103358821 37.7616313596 14.68, -83.610482429 37.7617211114 14.69, -83.6106510487 37.7618134625 14.702, -83.6112912194 37.7621366379 14.743, -83.6117319466 37.7623685473 14.773, -83.6118977618 37.7624622191 14.784, -83.6120584822 37.7625645888 14.795, -83.6122832514 37.7627258129 14.812, -83.6124276036 37.7628438177 14.823, -83.6125692735 37.7629708393 14.835, -83.6128935315 37.7633179283 14.865, -83.6130649709 37.7635166419 14.882, -83.6136082632 37.7641402258 14.934, -83.6137074074 37.7642541108 14.944, -83.6139929868 37.7645628579 14.97, -83.6141268665 37.764720229 14.983, -83.6142486901 37.7648757325 14.996, -83.6143558915 37.7650342663 15.008, -83.6144416799 37.7652033993 15.021, -83.6145027083 37.7653671379 15.033, -83.6145319574 37.7655289254 15.044, -83.6145317985 37.7656904537 15.055, -83.6145028381 37.7658547546 15.067, -83.6144507435 37.7660172625 15.078, -83.6143819129 37.7661841358 15.09, -83.6143385434 37.7662720793 15.097, -83.6140071144 37.7668929502 15.143, -83.613922591 37.7670639338 15.156, -83.6138509279 37.7672329536 15.168, -83.6138013837 37.7674029242 15.18, -83.6137794821 37.7675983952 15.194, -83.6137897717 37.7677455539 15.204, -83.6138334039 37.7679125475 15.216, -83.6139083245 37.7680746155 15.228, -83.6140139987 37.7682262547 15.24, -83.6141517399 37.7683699593 15.252, -83.6142310592 37.7684395298 15.259, -83.6144876004 37.7686397861 15.278, -83.6151939918 37.7691655056 15.331, -83.6169951122 37.7705047341 15.466, -83.617578299 37.7709235377 15.509, -83.617804065 37.7710754286 15.526, -83.6182727101 37.7713619368 15.558, -83.6185155805 37.771496829 15.574, -83.6187634602 37.7716260434 15.59, -83.6190153356 37.7717487357 15.607, -83.6192705059 37.7718651694 15.623, -83.6195297117 37.7719737083 15.639, -83.6197933141 37.7720738107 15.655, -83.6201496768 37.7721975704 15.676, -83.6204199409 37.772282683 15.692, -83.6208754773 37.7724118082 15.719, -83.6212449536 37.7725009132 15.74, -83.621523619 37.7725587044 15.756, -83.6218024972 37.7726090813 15.771, -83.6222624856 37.7726797681 15.797, -83.622716133 37.7727302841 15.822, -83.6231674624 37.7727650987 15.847, -83.6232963741 37.7727712768 15.854, -83.623617795 37.7727864315 15.872, -83.6255032562 37.7728466214 15.975, -83.6277884193 37.7729197669 16.1, -83.6281606284 37.7729380247 16.12, -83.6284003388 37.7729665255 16.133, -83.628631953 37.7730119123 16.146, -83.6288540467 37.7730755328 16.159, -83.6290691522 37.7731535859 16.172, -83.6292811204 37.773244494 16.185, -83.6297121898 37.7734431939 16.213, -83.6299221013 37.7735456018 16.226, -83.6301241977 37.7736550104 16.239, -83.6303111864 37.7737723872 16.252, -83.630396956 37.7738349199 16.259, -83.6304787567 37.7739031499 16.265, -83.630628011 37.7740451195 16.278, -83.6307568254 37.7741999062 16.291, -83.6308645952 37.774364478 16.304, -83.6309478293 37.7745398707 16.316, -83.6310066775 37.7747208669 16.329, -83.6310405262 37.7749047092 16.342, -83.6310490602 37.7750902924 16.355, -83.6310316899 37.7752740361 16.368, -83.6310014809 37.7754226598 16.378, -83.6309637 37.7755455984 16.387, -83.6309289605 37.7756348028 16.393, -83.6308437343 37.7758071576 16.406, -83.6307369195 37.7759719817 16.418, -83.6306112519 37.7761304225 16.431, -83.629563238 37.7772798683 16.528, -83.629383121 37.7774903443 16.546, -83.6292822446 37.7776409887 16.558, -83.6292092137 37.7777981794 16.569, -83.6291680954 37.7779650109 16.581, -83.6291601463 37.7781338153 16.592, -83.6291784096 37.7783058388 16.604, -83.6291959727 37.778393514 16.61, -83.6292638615 37.7786576367 16.629, -83.629370572 37.7790043241 16.653, -83.6294445705 37.7791759794 16.665, -83.6295387039 37.7793334384 16.677, -83.6296551429 37.7794734435 16.689, -83.6298036356 37.7796060602 16.701, -83.6299783335 37.7797300836 16.714, -83.6303529536 37.7799796831 16.74, -83.6305501167 37.7801049342 16.754, -83.630753365 37.780223153 16.768, -83.6309659769 37.7803286283 16.781, -83.6311891172 37.7804169867 16.795, -83.6315019356 37.7805042134 16.813, -83.6316679481 37.7805327527 16.822, -83.6319085027 37.7805568665 16.836, -83.6321711414 37.7805712132 16.85, -83.6335577418 37.7806178864 16.927, -83.6338370094 37.7806317048 16.942, -83.6341140075 37.7806523486 16.958, -83.6346719808 37.7807118387 16.989, -83.6361479753 37.7808886548 17.071, -83.6396262976 37.7812956337 17.264, -83.6399699322 37.7813221302 17.283, -83.6402242797 37.781323948 17.297, -83.6404809819 37.7813038307 17.311, -83.6407278528 37.7812643067 17.325, -83.6409660877 37.7811999028 17.339, -83.6411924387 37.7811152326 17.352, -83.6414065137 37.7810119356 17.366, -83.6415874725 37.7809168348 17.378, -83.6418311914 37.7807934657 17.394, -83.6420530088 37.7806977233 17.408, -83.6422888018 37.7806217355 17.422, -83.6425317433 37.7805620841 17.435, -83.642782109 37.7805212449 17.449, -83.6430361187 37.7804983267 17.463, -83.6432068474 37.7804950676 17.473, -83.6432934106 37.7804938718 17.477, -83.6435497858 37.7805094543 17.492, -83.643806622 37.7805453727 17.506, -83.6440611733 37.7806007551 17.52, -83.6443127183 37.7806766855 17.535, -83.6445523009 37.7807716305 17.55, -83.6447861731 37.7808848788 17.565, -83.6451713356 37.7810942366 17.59, -83.6457912018 37.7814487203 17.632, -83.6460185169 37.7815857479 17.648, -83.6462315015 37.7817277387 17.663, -83.6464317921 37.7818780171 17.678, -83.6465575744 37.7819827347 17.688, -83.6467347371 37.7821430382 17.702, -83.6469013962 37.7823075492 17.717, -83.6471046555 37.7825361718 17.736, -83.6472449026 37.7827166924 17.751, -83.6473320336 37.7828418698 17.761, -83.6474124989 37.7829702247 17.771, -83.6474884037 37.7831006962 17.781, -83.6475583106 37.7832351802 17.791, -83.6476517765 37.7834420596 17.806, -83.6477309577 37.7836522545 17.821, -83.6478129789 37.7839331011 17.841, -83.6478717992 37.7842143559 17.86, -83.6479106078 37.7844933305 17.88, -83.6480104871 37.785523079 17.951, -83.648019137 37.7857182775 17.964, -83.6480160878 37.7859110689 17.978, -83.6479943868 37.7861024275 17.991, -83.6479378455 37.7863871146 18.011, -83.6476122584 37.7877600585 18.107, -83.6475861988 37.7879463954 18.12, -83.6475818574 37.7880383451 18.126, -83.6476019692 37.7882200125 18.139, -83.647657643 37.7883927019 18.151, -83.6477472277 37.7885536348 18.163, -83.6478134082 37.7886366818 18.17, -83.6478663428 37.7886986131 18.175, -83.6479371278 37.7887658095 18.181, -83.6480114892 37.7888289485 18.187, -83.6481759612 37.7889491897 18.199, -83.6487249416 37.7893037618 18.238, -83.6491002728 37.7895321594 18.264, -83.6492266809 37.7896154578 18.273, -83.6494380463 37.7897667533 18.289, -83.6495746492 37.7898933614 18.3, -83.6496873131 37.7900341027 18.312, -83.6497329561 37.7901090892 18.317, -83.6497687171 37.7901907672 18.323, -83.6497958282 37.7902722903 18.329, -83.6498151963 37.7903583458 18.335, -83.6498378289 37.7905367618 18.347, -83.6498624819 37.7908270196 18.368, -83.6498915014 37.791549199 18.417, -83.6499255614 37.7917640801 18.432, -83.6499774088 37.7919743341 18.447, -83.6500687931 37.7921819985 18.462, -83.6501737883 37.7923857844 18.477, -83.6502961072 37.7925890558 18.493, -83.6505602534 37.7929791888 18.524, -83.6508466746 37.7933529625 18.554, -83.6523535624 37.795174252 18.704)"
"District 10","Wolfe","10-00177.00","KY","15","KY-15","MINOR WIDENING","13.6","18.704","Minor widening to improve redundancy of Regional travel. (2024CCR)","","2022","2026","U","PROT","560000","2026","","","","119-KY-0015-000","LINESTRING Z (-83.601800234 37.7518759637 13.6, -83.6018694724 37.7519558972 13.607, -83.6019584303 37.7520858147 13.617, -83.6019945582 37.7521524063 13.622, -83.6021848337 37.7525707018 13.651, -83.6022229812 37.7526392536 13.656, -83.6022927112 37.7527402493 13.663, -83.6023116505 37.7527672421 13.665, -83.6024208383 37.7528796728 13.675, -83.6025525052 37.7529686134 13.684, -83.6027026869 37.753039487 13.694, -83.6027856408 37.7530662769 13.699, -83.6028679742 37.753090582 13.704, -83.6030460931 37.7531287252 13.714, -83.6036038621 37.7532232506 13.745, -83.6039639601 37.7532976815 13.765, -83.6041543585 37.7533300032 13.776, -83.6043545544 37.7533465705 13.787, -83.6044583369 37.7533470918 13.792, -83.604561202 37.7533434756 13.798, -83.6047659454 37.7533224894 13.809, -83.6049677484 37.7532835925 13.821, -83.6050681598 37.7532571293 13.826, -83.6051624825 37.7532258853 13.832, -83.605391504 37.7531311685 13.846, -83.6055328367 37.7530656185 13.855, -83.6060697416 37.7527094971 13.894, -83.6061507155 37.7526612512 13.899, -83.6063969997 37.7525437715 13.915, -83.6064876877 37.7525185033 13.92, -83.606672968 37.7524765553 13.93, -83.6070116229 37.7524310857 13.948, -83.6074677325 37.7523918768 13.971, -83.607761 37.7523963995 13.986, -83.607859356 37.7524050603 13.991, -83.60795125 37.7524218446 13.996, -83.608043943 37.7524468848 14.001, -83.6081271398 37.7524772461 14.005, -83.6082079453 37.7525185521 14.01, -83.608310474 37.7525863519 14.017, -83.6084330484 37.7526668787 14.025, -83.6085803235 37.752778624 14.035, -83.608738887 37.75294277 14.048, -83.6088437926 37.7530600607 14.058, -83.6089699214 37.7532211432 14.07, -83.6090305025 37.7533038371 14.077, -83.6091339412 37.7534719224 14.089, -83.6092676529 37.7537298421 14.108, -83.6096718303 37.7545901882 14.169, -83.6097702733 37.7547875768 14.184, -83.6099433552 37.755179997 14.213, -83.6100638369 37.7555008583 14.237, -83.6104066491 37.7566655645 14.321, -83.6104533258 37.7568584389 14.334, -83.6104830258 37.757052102 14.348, -83.6104906556 37.7572431669 14.361, -83.6104775595 37.7574330299 14.375, -83.6104389257 37.7578122542 14.402, -83.6104505144 37.757986084 14.414, -83.6104870992 37.7582408597 14.432, -83.6105738593 37.7586632987 14.462, -83.6105824818 37.7588200426 14.473, -83.6105450042 37.7589795174 14.484, -83.6104242334 37.7593871906 14.514, -83.6103246861 37.7598147542 14.544, -83.610230739 37.7601322609 14.567, -83.6101486456 37.7603508109 14.583, -83.6100128628 37.7606790928 14.607, -83.6099863137 37.7607596494 14.613, -83.6099505472 37.7609197049 14.624, -83.6099476757 37.7610789866 14.635, -83.6099874631 37.7612349235 14.646, -83.6100656099 37.7613805704 14.657, -83.6101784964 37.761509543 14.668, -83.6103358821 37.7616313596 14.68, -83.610482429 37.7617211114 14.69, -83.6106510487 37.7618134625 14.702, -83.6112912194 37.7621366379 14.743, -83.6117319466 37.7623685473 14.773, -83.6118977618 37.7624622191 14.784, -83.6120584822 37.7625645888 14.795, -83.6122832514 37.7627258129 14.812, -83.6124276036 37.7628438177 14.823, -83.6125692735 37.7629708393 14.835, -83.6128935315 37.7633179283 14.865, -83.6130649709 37.7635166419 14.882, -83.6136082632 37.7641402258 14.934, -83.6137074074 37.7642541108 14.944, -83.6139929868 37.7645628579 14.97, -83.6141268665 37.764720229 14.983, -83.6142486901 37.7648757325 14.996, -83.6143558915 37.7650342663 15.008, -83.6144416799 37.7652033993 15.021, -83.6145027083 37.7653671379 15.033, -83.6145319574 37.7655289254 15.044, -83.6145317985 37.7656904537 15.055, -83.6145028381 37.7658547546 15.067, -83.6144507435 37.7660172625 15.078, -83.6143819129 37.7661841358 15.09, -83.6143385434 37.7662720793 15.097, -83.6140071144 37.7668929502 15.143, -83.613922591 37.7670639338 15.156, -83.6138509279 37.7672329536 15.168, -83.6138013837 37.7674029242 15.18, -83.6137794821 37.7675983952 15.194, -83.6137897717 37.7677455539 15.204, -83.6138334039 37.7679125475 15.216, -83.6139083245 37.7680746155 15.228, -83.6140139987 37.7682262547 15.24, -83.6141517399 37.7683699593 15.252, -83.6142310592 37.7684395298 15.259, -83.6144876004 37.7686397861 15.278, -83.6151939918 37.7691655056 15.331, -83.6169951122 37.7705047341 15.466, -83.617578299 37.7709235377 15.509, -83.617804065 37.7710754286 15.526, -83.6182727101 37.7713619368 15.558, -83.6185155805 37.771496829 15.574, -83.6187634602 37.7716260434 15.59, -83.6190153356 37.7717487357 15.607, -83.6192705059 37.7718651694 15.623, -83.6195297117 37.7719737083 15.639, -83.6197933141 37.7720738107 15.655, -83.6201496768 37.7721975704 15.676, -83.6204199409 37.772282683 15.692, -83.6208754773 37.7724118082 15.719, -83.6212449536 37.7725009132 15.74, -83.621523619 37.7725587044 15.756, -83.6218024972 37.7726090813 15.771, -83.6222624856 37.7726797681 15.797, -83.622716133 37.7727302841 15.822, -83.6231674624 37.7727650987 15.847, -83.6232963741 37.7727712768 15.854, -83.623617795 37.7727864315 15.872, -83.6255032562 37.7728466214 15.975, -83.6277884193 37.7729197669 16.1, -83.6281606284 37.7729380247 16.12, -83.6284003388 37.7729665255 16.133, -83.628631953 37.7730119123 16.146, -83.6288540467 37.7730755328 16.159, -83.6290691522 37.7731535859 16.172, -83.6292811204 37.773244494 16.185, -83.6297121898 37.7734431939 16.213, -83.6299221013 37.7735456018 16.226, -83.6301241977 37.7736550104 16.239, -83.6303111864 37.7737723872 16.252, -83.630396956 37.7738349199 16.259, -83.6304787567 37.7739031499 16.265, -83.630628011 37.7740451195 16.278, -83.6307568254 37.7741999062 16.291, -83.6308645952 37.774364478 16.304, -83.6309478293 37.7745398707 16.316, -83.6310066775 37.7747208669 16.329, -83.6310405262 37.7749047092 16.342, -83.6310490602 37.7750902924 16.355, -83.6310316899 37.7752740361 16.368, -83.6310014809 37.7754226598 16.378, -83.6309637 37.7755455984 16.387, -83.6309289605 37.7756348028 16.393, -83.6308437343 37.7758071576 16.406, -83.6307369195 37.7759719817 16.418, -83.6306112519 37.7761304225 16.431, -83.629563238 37.7772798683 16.528, -83.629383121 37.7774903443 16.546, -83.6292822446 37.7776409887 16.558, -83.6292092137 37.7777981794 16.569, -83.6291680954 37.7779650109 16.581, -83.6291601463 37.7781338153 16.592, -83.6291784096 37.7783058388 16.604, -83.6291959727 37.778393514 16.61, -83.6292638615 37.7786576367 16.629, -83.629370572 37.7790043241 16.653, -83.6294445705 37.7791759794 16.665, -83.6295387039 37.7793334384 16.677, -83.6296551429 37.7794734435 16.689, -83.6298036356 37.7796060602 16.701, -83.6299783335 37.7797300836 16.714, -83.6303529536 37.7799796831 16.74, -83.6305501167 37.7801049342 16.754, -83.630753365 37.780223153 16.768, -83.6309659769 37.7803286283 16.781, -83.6311891172 37.7804169867 16.795, -83.6315019356 37.7805042134 16.813, -83.6316679481 37.7805327527 16.822, -83.6319085027 37.7805568665 16.836, -83.6321711414 37.7805712132 16.85, -83.6335577418 37.7806178864 16.927, -83.6338370094 37.7806317048 16.942, -83.6341140075 37.7806523486 16.958, -83.6346719808 37.7807118387 16.989, -83.6361479753 37.7808886548 17.071, -83.6396262976 37.7812956337 17.264, -83.6399699322 37.7813221302 17.283, -83.6402242797 37.781323948 17.297, -83.6404809819 37.7813038307 17.311, -83.6407278528 37.7812643067 17.325, -83.6409660877 37.7811999028 17.339, -83.6411924387 37.7811152326 17.352, -83.6414065137 37.7810119356 17.366, -83.6415874725 37.7809168348 17.378, -83.6418311914 37.7807934657 17.394, -83.6420530088 37.7806977233 17.408, -83.6422888018 37.7806217355 17.422, -83.6425317433 37.7805620841 17.435, -83.642782109 37.7805212449 17.449, -83.6430361187 37.7804983267 17.463, -83.6432068474 37.7804950676 17.473, -83.6432934106 37.7804938718 17.477, -83.6435497858 37.7805094543 17.492, -83.643806622 37.7805453727 17.506, -83.6440611733 37.7806007551 17.52, -83.6443127183 37.7806766855 17.535, -83.6445523009 37.7807716305 17.55, -83.6447861731 37.7808848788 17.565, -83.6451713356 37.7810942366 17.59, -83.6457912018 37.7814487203 17.632, -83.6460185169 37.7815857479 17.648, -83.6462315015 37.7817277387 17.663, -83.6464317921 37.7818780171 17.678, -83.6465575744 37.7819827347 17.688, -83.6467347371 37.7821430382 17.702, -83.6469013962 37.7823075492 17.717, -83.6471046555 37.7825361718 17.736, -83.6472449026 37.7827166924 17.751, -83.6473320336 37.7828418698 17.761, -83.6474124989 37.7829702247 17.771, -83.6474884037 37.7831006962 17.781, -83.6475583106 37.7832351802 17.791, -83.6476517765 37.7834420596 17.806, -83.6477309577 37.7836522545 17.821, -83.6478129789 37.7839331011 17.841, -83.6478717992 37.7842143559 17.86, -83.6479106078 37.7844933305 17.88, -83.6480104871 37.785523079 17.951, -83.648019137 37.7857182775 17.964, -83.6480160878 37.7859110689 17.978, -83.6479943868 37.7861024275 17.991, -83.6479378455 37.7863871146 18.011, -83.6476122584 37.7877600585 18.107, -83.6475861988 37.7879463954 18.12, -83.6475818574 37.7880383451 18.126, -83.6476019692 37.7882200125 18.139, -83.647657643 37.7883927019 18.151, -83.6477472277 37.7885536348 18.163, -83.6478134082 37.7886366818 18.17, -83.6478663428 37.7886986131 18.175, -83.6479371278 37.7887658095 18.181, -83.6480114892 37.7888289485 18.187, -83.6481759612 37.7889491897 18.199, -83.6487249416 37.7893037618 18.238, -83.6491002728 37.7895321594 18.264, -83.6492266809 37.7896154578 18.273, -83.6494380463 37.7897667533 18.289, -83.6495746492 37.7898933614 18.3, -83.6496873131 37.7900341027 18.312, -83.6497329561 37.7901090892 18.317, -83.6497687171 37.7901907672 18.323, -83.6497958282 37.7902722903 18.329, -83.6498151963 37.7903583458 18.335, -83.6498378289 37.7905367618 18.347, -83.6498624819 37.7908270196 18.368, -83.6498915014 37.791549199 18.417, -83.6499255614 37.7917640801 18.432, -83.6499774088 37.7919743341 18.447, -83.6500687931 37.7921819985 18.462, -83.6501737883 37.7923857844 18.477, -83.6502961072 37.7925890558 18.493, -83.6505602534 37.7929791888 18.524, -83.6508466746 37.7933529625 18.554, -83.6523535624 37.795174252 18.704)"
"District 10","Wolfe","10-80352.00","KY","715","KY-715","RECONSTRUCTION(O)","0.0","5.77","Reconstruct KY 715 from intersection with KY 11 (0.0) to the intersection with KY 15 (MP 5.765).  (2024CCN)","","2024","2026","D","SPP","2600000","2029","","","","119-KY-0715-000","MULTILINESTRING Z ((-83.676266041 37.7062721899 0, -83.6761691198 37.7062141622 0.006, -83.6760571086 37.706139386 0.014, -83.6760015683 37.7061101106 0.018, -83.6759314278 37.706083598 0.022, -83.6758524394 37.7060643471 0.026, -83.67575588 37.706055225 0.032, -83.6756703254 37.7060605817 0.036, -83.6755231405 37.706093694 0.044, -83.6754070576 37.7061397177 0.051, -83.6752971797 37.7061987619 0.058, -83.6749492126 37.7064379306 0.083, -83.6741403204 37.7069615189 0.138, -83.6737407369 37.7071915305 0.165, -83.6733229889 37.7073910017 0.191, -83.6730389756 37.7075068516 0.208, -83.6727095329 37.7076273916 0.227, -83.6724033988 37.7077304876 0.245, -83.672205632 37.7078162698 0.257, -83.6719636405 37.7079378051 0.272, -83.6718826894 37.7079885683 0.278, -83.6718117992 37.7080257734 0.282, -83.6715571193 37.7081311505 0.298, -83.6703965267 37.7086300834 0.368, -83.669966691 37.708791418 0.393, -83.6697437222 37.7088509273 0.406, -83.6695405419 37.7088583164 0.417, -83.6693185111 37.7088227916 0.429, -83.6688678552 37.7086417394 0.456, -83.6684977764 37.7085219999 0.477, -83.6683752436 37.7084772482 0.485, -83.6681995268 37.7084301799 0.495, -83.6679817143 37.7083922541 0.507, -83.6678655157 37.7083805792 0.514, -83.6676937352 37.7083657214 0.523, -83.6673622 37.7083510517 0.542, -83.666673669 37.7083418621 0.58, -83.6661031112 37.7083427278 0.612, -83.6655539272 37.7083335319 0.642, -83.6652615375 37.7083286168 0.658, -83.6651051458 37.7083321587 0.667, -83.6649499449 37.7083425893 0.675, -83.6647789025 37.7083752647 0.685, -83.6646114893 37.7084264105 0.695, -83.6644696807 37.7084892742 0.704, -83.6643536839 37.7085564417 0.712, -83.6642530927 37.7086291009 0.719, -83.664141121 37.7087375464 0.729, -83.6640467276 37.7088479523 0.738, -83.6640042695 37.7089068108 0.743, -83.6637286447 37.7093381558 0.777, -83.6636239398 37.709470904 0.788, -83.6635199934 37.7095643821 0.796, -83.6633343716 37.7098077751 0.816, -83.6632765075 37.7098979511 0.823, -83.6632275404 37.7100160312 0.832, -83.6632144575 37.7100754105 0.836, -83.663202642 37.7102249186 0.847, -83.6632143063 37.710363305 0.856, -83.6632813478 37.7106227248 0.875, -83.6633565426 37.7108136111 0.889, -83.6633844637 37.7109272881 0.897, -83.6634095561 37.7111414593 0.912, -83.6634062154 37.7112724371 0.921, -83.6633964269 37.711337645 0.925, -83.6633701784 37.7114470628 0.933, -83.6633162761 37.7115807132 0.943, -83.6632768242 37.7116555576 0.949, -83.663201365 37.7117687716 0.957, -83.6631108314 37.7118770471 0.967, -83.6630036083 37.7119762358 0.976, -83.6628833912 37.7120702482 0.985, -83.6626913148 37.7121986961 0.999, -83.6624044282 37.7123784777 1.019, -83.6619249373 37.7126562039 1.052, -83.6614901105 37.7128704383 1.08, -83.6612914865 37.7129611324 1.093, -83.6611358104 37.7130248442 1.103, -83.6609233008 37.7131051262 1.116, -83.6607236516 37.7131708013 1.128, -83.6605319467 37.7132245315 1.139, -83.6602979431 37.713282178 1.153, -83.660058695 37.7133295673 1.166, -83.6599023883 37.713354257 1.175, -83.6596604554 37.7133864875 1.189, -83.6591009651 37.7134471298 1.22, -83.6583600008 37.7135174487 1.261, -83.6581007542 37.7135504673 1.276, -83.6577818545 37.7136019273 1.294, -83.6573880829 37.7136841935 1.316, -83.6569840662 37.7137863291 1.34, -83.6567975648 37.7138393221 1.351, -83.6564250161 37.7139659168 1.373, -83.6562396748 37.7140389822 1.385, -83.6558819015 37.7141933106 1.407, -83.6555516535 37.7143525233 1.429, -83.6550674796 37.71462327 1.461, -83.6544623663 37.7150006426 1.504, -83.6543132475 37.7151133614 1.515, -83.6541847301 37.7152190293 1.526, -83.6540756689 37.7153214744 1.535, -83.6539711756 37.7154336147 1.545, -83.6537835467 37.7156851985 1.565, -83.653674737 37.7158398418 1.577, -83.6534729779 37.7162241336 1.605, -83.6533863155 37.7164148845 1.619, -83.6533357318 37.7165527106 1.629, -83.6533221586 37.7166046635 1.633, -83.6533052098 37.7166903459 1.638, -83.6532935325 37.7168219987 1.647, -83.653293319 37.7168906727 1.652, -83.65330488 37.717007632 1.66, -83.6533387845 37.717153834 1.67, -83.65339349 37.7172982099 1.68, -83.6534676452 37.7174396361 1.691, -83.6536384857 37.717720693 1.712, -83.6537191082 37.7178658063 1.723, -83.6537924808 37.7180594143 1.737, -83.653823116 37.7181745148 1.745, -83.6538393357 37.7183346866 1.756, -83.6538302105 37.7185350633 1.769, -83.6537956899 37.7186918572 1.78, -83.6537613429 37.718805798 1.788, -83.6536863563 37.7189871434 1.801, -83.6535676578 37.7192344631 1.819, -83.6533372079 37.719691315 1.852, -83.6530701066 37.7202455845 1.893, -83.6526087002 37.7212254838 1.964, -83.6512253616 37.7240704109 2.171, -83.6511102785 37.7243238365 2.19, -83.650403626 37.7258158026 2.298, -83.6503113553 37.7259962873 2.311, -83.6502320129 37.7261355213 2.322, -83.6501410876 37.7262685043 2.332, -83.6500365987 37.7263919049 2.342, -83.6499158982 37.7265015547 2.352, -83.6497835181 37.7265961617 2.362, -83.6496393968 37.7266779205 2.371, -83.649488051 37.7267460903 2.381, -83.6491718538 37.7268585619 2.399, -83.648859441 37.7269595628 2.418, -83.6487054911 37.727021916 2.427, -83.6485801881 37.7270864289 2.435, -83.6485159296 37.7271204431 2.439, -83.6482902877 37.7272716178 2.455, -83.6481071628 37.727387017 2.468, -83.6479510426 37.7275380617 2.481, -83.647823195 37.7276799972 2.493, -83.6477740208 37.7277431253 2.498, -83.6473794985 37.7283607591 2.545, -83.6472640331 37.72854165 2.559, -83.646973737 37.7290207693 2.595, -83.6467451316 37.7294100641 2.625, -83.6463454933 37.730061117 2.674, -83.6462281353 37.7302719166 2.69, -83.6461153678 37.7304915901 2.707, -83.6459922378 37.7307594264 2.726, -83.6458779876 37.7310312672 2.746, -83.6458086627 37.7312313891 2.761, -83.6457534559 37.7314336865 2.775, -83.6457106559 37.7316375794 2.789, -83.6456782281 37.7318416591 2.803, -83.6456506081 37.7321199971 2.823, -83.6456414359 37.7322846591 2.834, -83.6456464033 37.7325481967 2.852, -83.6456995874 37.73314802 2.894, -83.645876779 37.7347527612 3.005, -83.6459094407 37.7351008555 3.029, -83.6459155749 37.735372106 3.048, -83.6459042709 37.7355265655 3.059, -83.6458818716 37.7356819257 3.069, -83.6458498083 37.7358365639 3.08, -83.6457891356 37.7360607403 3.096, -83.6442435652 37.7410531236 3.451, -83.6441666756 37.7412998098 3.469, -83.6440659454 37.7415941431 3.49, -83.6440074868 37.7417400664 3.5, -83.6439194319 37.7419170501 3.513, -83.6438332379 37.7420528605 3.524, -83.6437588551 37.7421504237 3.532, -83.6436474651 37.7422720467 3.542, -83.6435248362 37.742387425 3.553, -83.6433926668 37.7424976868 3.563, -83.6432533517 37.7426036999 3.574, -83.6426707923 37.7430171324 3.617, -83.642265062 37.7432947311 3.646, -83.6420708334 37.7434096474 3.659, -83.6419052873 37.7434890906 3.67, -83.6417303324 37.74355875 3.681, -83.641545994 37.7436178021 3.692, -83.6413536375 37.7436668201 3.703, -83.6411547092 37.743703632 3.714, -83.6409541121 37.7437261289 3.725, -83.6400644212 37.7437840544 3.774, -83.6380744704 37.7439079115 3.884, -83.637614358 37.7439444181 3.909, -83.6366358156 37.7440122574 3.963, -83.6363915787 37.7440243481 3.976, -83.6360851959 37.7440320221 3.993, -83.6358235113 37.7440251165 4.007, -83.6356733679 37.7440130742 4.016, -83.6355038605 37.7439885966 4.025, -83.6347766749 37.7438554592 4.067, -83.6345045139 37.7438156708 4.083, -83.6343450586 37.743802636 4.092, -83.6342378943 37.7437998818 4.098, -83.6340282489 37.7438120404 4.11, -83.6338735981 37.7438367265 4.119, -83.6337236396 37.7438788032 4.128, -83.6335802274 37.7439339097 4.137, -83.633345173 37.7440483512 4.152, -83.6325287915 37.7444822471 4.208, -83.6323182595 37.7445858654 4.222, -83.6322002824 37.7446345607 4.229, -83.6319983312 37.7447042688 4.241, -83.6318025706 37.744751012 4.253, -83.6317024932 37.744766515 4.259, -83.6315984709 37.7447748034 4.264, -83.6313944653 37.7447711253 4.276, -83.6311963677 37.7447422807 4.287, -83.6307305554 37.7446391037 4.314, -83.6305784085 37.7446124601 4.323, -83.6304577565 37.744597372 4.33, -83.6302771934 37.7445844999 4.34, -83.6301051092 37.7445896367 4.35, -83.6299227927 37.7446138185 4.36, -83.6297504338 37.7446527398 4.37, -83.6295861376 37.7447121341 4.38, -83.6294318527 37.7447843465 4.39, -83.6292954449 37.7448725397 4.399, -83.6291735671 37.7449848949 4.41, -83.6290725924 37.7451042203 4.42, -83.6289807651 37.7452303037 4.43, -83.628598976 37.7458294264 4.476, -83.6284496922 37.7460530942 4.493, -83.6283480545 37.7461954824 4.505, -83.6282317294 37.7463312877 4.516, -83.6281365908 37.746427917 4.524, -83.6280312439 37.7465185929 4.533, -83.6279188246 37.746602547 4.541, -83.6276364498 37.7467740871 4.561, -83.6273345944 37.7469252213 4.58, -83.627026175 37.7470638731 4.599, -83.6267577727 37.7471702817 4.616, -83.6265745055 37.7472274065 4.627, -83.6264350669 37.747264171 4.635, -83.626154146 37.7473244749 4.65, -83.625773921 37.7473972685 4.672, -83.6255305484 37.7474390206 4.685, -83.6252295724 37.7474747855 4.702, -83.6250790539 37.7474756346 4.71, -83.624926453 37.7474646336 4.719, -83.6248247855 37.7474509826 4.724, -83.6246382607 37.7474044789 4.735, -83.6245252706 37.7473634265 4.742, -83.6244103782 37.7473283831 4.748, -83.6241478014 37.7472316035 4.764, -83.6240021015 37.7472091887 4.772, -83.6239148853 37.7472103579 4.777, -83.623761992 37.7472336891 4.786, -83.623681619 37.7472616284 4.79, -83.6236150139 37.7472920148 4.795, -83.6235092448 37.7473609771 4.802, -83.623451448 37.747409929 4.807, -83.6231442039 37.7477603951 4.836, -83.6225736106 37.748426408 4.891, -83.6223369165 37.7486811764 4.913, -83.6221083108 37.7489072459 4.933, -83.6216311108 37.7493565495 4.973, -83.6205304313 37.750420624 5.068, -83.6202304143 37.7507113267 5.094, -83.619864841 37.751067871 5.126, -83.6196464957 37.7512735177 5.144, -83.6195240356 37.7513811834 5.154, -83.6193913189 37.7514845412 5.164, -83.6192440258 37.7515774708 5.174, -83.6190941403 37.7516522213 5.184, -83.6189087483 37.7517224826 5.195, -83.6187511017 37.7517663248 5.204, -83.618540507 37.7518105799 5.216, -83.6161939459 37.752234182 5.347, -83.6152487249 37.752413709 5.4, -83.615074299 37.7524393851 5.41, -83.6147974517 37.7524653982 5.425, -83.6146391801 37.7524707637 5.434, -83.6144869846 37.7524693716 5.442, -83.6142831408 37.7524593482 5.453, -83.6133255372 37.7523721638 5.506, -83.6126972306 37.7523239257 5.541, -83.6121249987 37.7522868704 5.572, -83.6119839887 37.7522815578 5.58, -83.6116840959 37.7522788484 5.596, -83.6115271677 37.7522856074 5.605, -83.6113304615 37.7523040047 5.616, -83.6109455962 37.7523563381 5.637, -83.6105851555 37.75241351 5.657, -83.6100714802 37.7525052509 5.686, -83.6097849705 37.7525662394 5.702, -83.6095140401 37.7526387739 5.718, -83.6092722817 37.7527195311 5.732, -83.6091043027 37.752785424 5.742, -83.608738887 37.75294277 5.765), (-83.6130649709 37.7635166419 5.765, -83.6129812521 37.7635398437 5.77))"
"District 10","Wolfe","10-80417.00","KY","191","KY-191","RECONSTRUCTION(O)","3.1","6.81","Reconstruct KY 191 from the Mountain Parkway Exit/Underpass to KY 3356 (MP 3.096 - 6.808) (2026CCN)","","2026","2026","D","SPP","1140000","2029","","","","119-KY-0191-000","LINESTRING Z (-83.5053280039 37.7432407922 3.1, -83.505302524 37.7432922669 3.104, -83.5051976806 37.7434641624 3.117, -83.505073487 37.7436238745 3.13, -83.5049276636 37.7437666908 3.143, -83.5048060734 37.7438632667 3.153, -83.5046446504 37.7439728172 3.165, -83.5044807944 37.7440713326 3.176, -83.5032958411 37.7447459222 3.254, -83.5019323194 37.7455126871 3.347, -83.4999794032 37.7466384757 3.481, -83.4997897688 37.746753798 3.494, -83.4996106019 37.7468775628 3.507, -83.4994421314 37.7470136197 3.521, -83.499234004 37.7472137509 3.539, -83.4991356633 37.7473190083 3.548, -83.4989939937 37.7474838737 3.562, -83.498718923 37.7478261263 3.59, -83.4976220039 37.7492201932 3.705, -83.4970174971 37.7499962305 3.769, -83.4967439452 37.7503448258 3.797, -83.4959044102 37.7514078292 3.882, -83.4956443543 37.7517105273 3.907, -83.4954864165 37.7518750776 3.921, -83.4952772684 37.7520738084 3.939, -83.4950485673 37.7522669448 3.957, -83.4943499833 37.7528128697 4.01, -83.4938287021 37.7532399438 4.05, -83.493604453 37.753422998 4.067, -83.4934113249 37.7535725843 4.082, -83.4932029529 37.7537114375 4.097, -83.4929771835 37.7538307257 4.111, -83.4927381417 37.7539313531 4.126, -83.4922417622 37.7540970895 4.155, -83.4917450877 37.7542724328 4.185, -83.4911679655 37.7544874366 4.219, -83.490688283 37.754672718 4.248, -83.4900145222 37.7549248692 4.288, -83.4897665268 37.7550011421 4.302, -83.4895311277 37.7550955138 4.316, -83.489295018 37.7551791577 4.33, -83.4890612462 37.7552768567 4.344, -83.4888963012 37.7553528031 4.355, -83.488596632 37.7554555518 4.372, -83.4883510976 37.7555304956 4.386, -83.4880057432 37.7556221992 4.406, -83.4877804105 37.7556700588 4.419, -83.4875828155 37.7557047159 4.43, -83.4873128375 37.7557415498 4.445, -83.4869710971 37.7557715079 4.464, -83.4867642296 37.7557812601 4.476, -83.4864881207 37.7557808867 4.491, -83.4862116806 37.7557686938 4.506, -83.486004614 37.7557509687 4.518, -83.4856574898 37.7557080171 4.537, -83.485245222 37.7556341398 4.561, -83.4850436495 37.7555838273 4.572, -83.4847802929 37.7555059499 4.588, -83.4845867987 37.7554404078 4.599, -83.48433475 37.7553435172 4.615, -83.4840923503 37.7552366468 4.63, -83.4839731229 37.7551752826 4.638, -83.4838572859 37.7551161815 4.646, -83.4836318125 37.7549876588 4.661, -83.4832604102 37.7547318719 4.688, -83.4830656872 37.7545822384 4.703, -83.4827453477 37.754308754 4.729, -83.4822116788 37.7538154958 4.774, -83.4816361716 37.7532988996 4.822, -83.4812910793 37.7530092738 4.849, -83.480937912 37.7527348753 4.877, -83.4805887025 37.7524781352 4.903, -83.4803739185 37.7523286585 4.919, -83.4802137246 37.7522382033 4.929, -83.480032134 37.752157224 4.941, -83.479823573 37.752075723 4.954, -83.4796256653 37.7520191526 4.965, -83.4794582401 37.7519840496 4.975, -83.4793125836 37.751961181 4.983, -83.4791379321 37.7519473668 4.993, -83.4789475949 37.7519486332 5.003, -83.4787468417 37.7519623351 5.014, -83.4785393594 37.7519923911 5.026, -83.478341146 37.7520360859 5.038, -83.478100276 37.752105604 5.052, -83.4778950468 37.7521749871 5.064, -83.4771103173 37.7524683248 5.112, -83.4761538238 37.7528338821 5.171, -83.4754404496 37.7531129309 5.213, -83.4751309187 37.7532209488 5.231, -83.4740040782 37.7536458285 5.296, -83.4736295757 37.753785002 5.32, -83.4730271609 37.7539994268 5.357, -83.472840485 37.7540727325 5.368, -83.4726597131 37.7541565906 5.38, -83.4724841604 37.7542507149 5.392, -83.4723121004 37.7543550714 5.404, -83.4721460273 37.7544672368 5.416, -83.4719893738 37.7545880998 5.428, -83.4718411036 37.754717641 5.44, -83.4716561919 37.7549022417 5.456, -83.4711706565 37.7554447449 5.503, -83.470756044 37.7558974144 5.542, -83.4706085771 37.7560456514 5.555, -83.4701516604 37.7564785427 5.595, -83.4696461872 37.7569261488 5.636, -83.4695059887 37.7570629869 5.649, -83.4694193424 37.757157459 5.657, -83.4693418643 37.7572576028 5.665, -83.4692466943 37.7574266334 5.678, -83.4691478513 37.757636251 5.694, -83.4690785065 37.7578093547 5.706, -83.4686878396 37.7590229137 5.794, -83.4684519613 37.7596708017 5.84, -83.4683958123 37.7598647643 5.854, -83.4683643627 37.7600207462 5.865, -83.4683480924 37.7601220777 5.872, -83.4683355175 37.7603168862 5.885, -83.4683371049 37.7607147163 5.912, -83.4683253781 37.761668325 5.976, -83.4683150926 37.7619236179 5.994, -83.4682943494 37.7621476634 6.009, -83.4682753359 37.7622593814 6.016, -83.4682597516 37.7623159458 6.02, -83.4681588052 37.7625598633 6.038, -83.4680831557 37.7626902611 6.047, -83.467971277 37.7628172082 6.058, -83.4679231079 37.7628643501 6.062, -83.4676397645 37.7631091198 6.084, -83.4675227313 37.7632236041 6.094, -83.4674370262 37.7633433671 6.104, -83.4674159346 37.7633877378 6.107, -83.4673892975 37.763466065 6.112, -83.4673243387 37.7637211197 6.13, -83.4672703832 37.7638436977 6.139, -83.4672063164 37.7639350341 6.146, -83.4670982831 37.7640381547 6.155, -83.4669516253 37.7641369531 6.165, -83.4668079308 37.7642069632 6.174, -83.4666521229 37.7642657486 6.183, -83.4664846343 37.7643105718 6.193, -83.4663420745 37.764332527 6.201, -83.4661547965 37.764368173 6.211, -83.4660073237 37.764414757 6.219, -83.4658746523 37.7644863539 6.228, -83.4657685584 37.764582643 6.237, -83.4656779151 37.764694067 6.247, -83.4653809649 37.7650990059 6.282, -83.4650307559 37.7656597749 6.328, -83.4649917839 37.7657227532 6.333, -83.4649307511 37.7658726638 6.344, -83.4646162532 37.7665431914 6.394, -83.4644062636 37.7669333352 6.423, -83.4643301276 37.7670230628 6.431, -83.4642183853 37.767111548 6.439, -83.4641884786 37.7671274497 6.441, -83.4640816691 37.7671682292 6.448, -83.4639341655 37.7672043704 6.456, -83.46380946 37.767208264 6.463, -83.4636056556 37.7671960578 6.474, -83.4635184558 37.7671957351 6.479, -83.4633416833 37.7672046586 6.489, -83.4631678368 37.7672309458 6.499, -83.4630055528 37.7672750408 6.508, -83.4629302346 37.7673046186 6.513, -83.4628626416 37.7673417643 6.517, -83.4628013832 37.7673867262 6.522, -83.4627489978 37.7674357066 6.527, -83.4627057139 37.7674925561 6.531, -83.4626720712 37.7675509665 6.536, -83.4626222984 37.7676722493 6.545, -83.4626028529 37.767943297 6.563, -83.4625860697 37.7686660409 6.614, -83.4625884775 37.7688009775 6.623, -83.4626006807 37.7695152187 6.673, -83.4625894001 37.7696899976 6.685, -83.4625460288 37.7698616797 6.698, -83.4624853298 37.7700341232 6.71, -83.4623789336 37.7702966106 6.73, -83.4618543981 37.7713454567 6.809, -83.46184732 37.7713589177 6.81)"
"District 10","Wolfe","10-80417.00","KY","191","KY-191","RECONSTRUCTION(O)","3.1","6.81","Reconstruct KY 191 from the Mountain Parkway Exit/Underpass to KY 3356 (MP 3.096 - 6.808) (2026CCN)","","2026","2026","U","SPP","1560000","2031","","","","119-KY-0191-000","LINESTRING Z (-83.5053280039 37.7432407922 3.1, -83.505302524 37.7432922669 3.104, -83.5051976806 37.7434641624 3.117, -83.505073487 37.7436238745 3.13, -83.5049276636 37.7437666908 3.143, -83.5048060734 37.7438632667 3.153, -83.5046446504 37.7439728172 3.165, -83.5044807944 37.7440713326 3.176, -83.5032958411 37.7447459222 3.254, -83.5019323194 37.7455126871 3.347, -83.4999794032 37.7466384757 3.481, -83.4997897688 37.746753798 3.494, -83.4996106019 37.7468775628 3.507, -83.4994421314 37.7470136197 3.521, -83.499234004 37.7472137509 3.539, -83.4991356633 37.7473190083 3.548, -83.4989939937 37.7474838737 3.562, -83.498718923 37.7478261263 3.59, -83.4976220039 37.7492201932 3.705, -83.4970174971 37.7499962305 3.769, -83.4967439452 37.7503448258 3.797, -83.4959044102 37.7514078292 3.882, -83.4956443543 37.7517105273 3.907, -83.4954864165 37.7518750776 3.921, -83.4952772684 37.7520738084 3.939, -83.4950485673 37.7522669448 3.957, -83.4943499833 37.7528128697 4.01, -83.4938287021 37.7532399438 4.05, -83.493604453 37.753422998 4.067, -83.4934113249 37.7535725843 4.082, -83.4932029529 37.7537114375 4.097, -83.4929771835 37.7538307257 4.111, -83.4927381417 37.7539313531 4.126, -83.4922417622 37.7540970895 4.155, -83.4917450877 37.7542724328 4.185, -83.4911679655 37.7544874366 4.219, -83.490688283 37.754672718 4.248, -83.4900145222 37.7549248692 4.288, -83.4897665268 37.7550011421 4.302, -83.4895311277 37.7550955138 4.316, -83.489295018 37.7551791577 4.33, -83.4890612462 37.7552768567 4.344, -83.4888963012 37.7553528031 4.355, -83.488596632 37.7554555518 4.372, -83.4883510976 37.7555304956 4.386, -83.4880057432 37.7556221992 4.406, -83.4877804105 37.7556700588 4.419, -83.4875828155 37.7557047159 4.43, -83.4873128375 37.7557415498 4.445, -83.4869710971 37.7557715079 4.464, -83.4867642296 37.7557812601 4.476, -83.4864881207 37.7557808867 4.491, -83.4862116806 37.7557686938 4.506, -83.486004614 37.7557509687 4.518, -83.4856574898 37.7557080171 4.537, -83.485245222 37.7556341398 4.561, -83.4850436495 37.7555838273 4.572, -83.4847802929 37.7555059499 4.588, -83.4845867987 37.7554404078 4.599, -83.48433475 37.7553435172 4.615, -83.4840923503 37.7552366468 4.63, -83.4839731229 37.7551752826 4.638, -83.4838572859 37.7551161815 4.646, -83.4836318125 37.7549876588 4.661, -83.4832604102 37.7547318719 4.688, -83.4830656872 37.7545822384 4.703, -83.4827453477 37.754308754 4.729, -83.4822116788 37.7538154958 4.774, -83.4816361716 37.7532988996 4.822, -83.4812910793 37.7530092738 4.849, -83.480937912 37.7527348753 4.877, -83.4805887025 37.7524781352 4.903, -83.4803739185 37.7523286585 4.919, -83.4802137246 37.7522382033 4.929, -83.480032134 37.752157224 4.941, -83.479823573 37.752075723 4.954, -83.4796256653 37.7520191526 4.965, -83.4794582401 37.7519840496 4.975, -83.4793125836 37.751961181 4.983, -83.4791379321 37.7519473668 4.993, -83.4789475949 37.7519486332 5.003, -83.4787468417 37.7519623351 5.014, -83.4785393594 37.7519923911 5.026, -83.478341146 37.7520360859 5.038, -83.478100276 37.752105604 5.052, -83.4778950468 37.7521749871 5.064, -83.4771103173 37.7524683248 5.112, -83.4761538238 37.7528338821 5.171, -83.4754404496 37.7531129309 5.213, -83.4751309187 37.7532209488 5.231, -83.4740040782 37.7536458285 5.296, -83.4736295757 37.753785002 5.32, -83.4730271609 37.7539994268 5.357, -83.472840485 37.7540727325 5.368, -83.4726597131 37.7541565906 5.38, -83.4724841604 37.7542507149 5.392, -83.4723121004 37.7543550714 5.404, -83.4721460273 37.7544672368 5.416, -83.4719893738 37.7545880998 5.428, -83.4718411036 37.754717641 5.44, -83.4716561919 37.7549022417 5.456, -83.4711706565 37.7554447449 5.503, -83.470756044 37.7558974144 5.542, -83.4706085771 37.7560456514 5.555, -83.4701516604 37.7564785427 5.595, -83.4696461872 37.7569261488 5.636, -83.4695059887 37.7570629869 5.649, -83.4694193424 37.757157459 5.657, -83.4693418643 37.7572576028 5.665, -83.4692466943 37.7574266334 5.678, -83.4691478513 37.757636251 5.694, -83.4690785065 37.7578093547 5.706, -83.4686878396 37.7590229137 5.794, -83.4684519613 37.7596708017 5.84, -83.4683958123 37.7598647643 5.854, -83.4683643627 37.7600207462 5.865, -83.4683480924 37.7601220777 5.872, -83.4683355175 37.7603168862 5.885, -83.4683371049 37.7607147163 5.912, -83.4683253781 37.761668325 5.976, -83.4683150926 37.7619236179 5.994, -83.4682943494 37.7621476634 6.009, -83.4682753359 37.7622593814 6.016, -83.4682597516 37.7623159458 6.02, -83.4681588052 37.7625598633 6.038, -83.4680831557 37.7626902611 6.047, -83.467971277 37.7628172082 6.058, -83.4679231079 37.7628643501 6.062, -83.4676397645 37.7631091198 6.084, -83.4675227313 37.7632236041 6.094, -83.4674370262 37.7633433671 6.104, -83.4674159346 37.7633877378 6.107, -83.4673892975 37.763466065 6.112, -83.4673243387 37.7637211197 6.13, -83.4672703832 37.7638436977 6.139, -83.4672063164 37.7639350341 6.146, -83.4670982831 37.7640381547 6.155, -83.4669516253 37.7641369531 6.165, -83.4668079308 37.7642069632 6.174, -83.4666521229 37.7642657486 6.183, -83.4664846343 37.7643105718 6.193, -83.4663420745 37.764332527 6.201, -83.4661547965 37.764368173 6.211, -83.4660073237 37.764414757 6.219, -83.4658746523 37.7644863539 6.228, -83.4657685584 37.764582643 6.237, -83.4656779151 37.764694067 6.247, -83.4653809649 37.7650990059 6.282, -83.4650307559 37.7656597749 6.328, -83.4649917839 37.7657227532 6.333, -83.4649307511 37.7658726638 6.344, -83.4646162532 37.7665431914 6.394, -83.4644062636 37.7669333352 6.423, -83.4643301276 37.7670230628 6.431, -83.4642183853 37.767111548 6.439, -83.4641884786 37.7671274497 6.441, -83.4640816691 37.7671682292 6.448, -83.4639341655 37.7672043704 6.456, -83.46380946 37.767208264 6.463, -83.4636056556 37.7671960578 6.474, -83.4635184558 37.7671957351 6.479, -83.4633416833 37.7672046586 6.489, -83.4631678368 37.7672309458 6.499, -83.4630055528 37.7672750408 6.508, -83.4629302346 37.7673046186 6.513, -83.4628626416 37.7673417643 6.517, -83.4628013832 37.7673867262 6.522, -83.4627489978 37.7674357066 6.527, -83.4627057139 37.7674925561 6.531, -83.4626720712 37.7675509665 6.536, -83.4626222984 37.7676722493 6.545, -83.4626028529 37.767943297 6.563, -83.4625860697 37.7686660409 6.614, -83.4625884775 37.7688009775 6.623, -83.4626006807 37.7695152187 6.673, -83.4625894001 37.7696899976 6.685, -83.4625460288 37.7698616797 6.698, -83.4624853298 37.7700341232 6.71, -83.4623789336 37.7702966106 6.73, -83.4618543981 37.7713454567 6.809, -83.46184732 37.7713589177 6.81)"
"District 10","Wolfe","10-80417.00","KY","191","KY-191","RECONSTRUCTION(O)","3.1","6.81","Reconstruct KY 191 from the Mountain Parkway Exit/Underpass to KY 3356 (MP 3.096 - 6.808) (2026CCN)","","2026","2026","P","SPP","190000","2026","","","","119-KY-0191-000","LINESTRING Z (-83.5053280039 37.7432407922 3.1, -83.505302524 37.7432922669 3.104, -83.5051976806 37.7434641624 3.117, -83.505073487 37.7436238745 3.13, -83.5049276636 37.7437666908 3.143, -83.5048060734 37.7438632667 3.153, -83.5046446504 37.7439728172 3.165, -83.5044807944 37.7440713326 3.176, -83.5032958411 37.7447459222 3.254, -83.5019323194 37.7455126871 3.347, -83.4999794032 37.7466384757 3.481, -83.4997897688 37.746753798 3.494, -83.4996106019 37.7468775628 3.507, -83.4994421314 37.7470136197 3.521, -83.499234004 37.7472137509 3.539, -83.4991356633 37.7473190083 3.548, -83.4989939937 37.7474838737 3.562, -83.498718923 37.7478261263 3.59, -83.4976220039 37.7492201932 3.705, -83.4970174971 37.7499962305 3.769, -83.4967439452 37.7503448258 3.797, -83.4959044102 37.7514078292 3.882, -83.4956443543 37.7517105273 3.907, -83.4954864165 37.7518750776 3.921, -83.4952772684 37.7520738084 3.939, -83.4950485673 37.7522669448 3.957, -83.4943499833 37.7528128697 4.01, -83.4938287021 37.7532399438 4.05, -83.493604453 37.753422998 4.067, -83.4934113249 37.7535725843 4.082, -83.4932029529 37.7537114375 4.097, -83.4929771835 37.7538307257 4.111, -83.4927381417 37.7539313531 4.126, -83.4922417622 37.7540970895 4.155, -83.4917450877 37.7542724328 4.185, -83.4911679655 37.7544874366 4.219, -83.490688283 37.754672718 4.248, -83.4900145222 37.7549248692 4.288, -83.4897665268 37.7550011421 4.302, -83.4895311277 37.7550955138 4.316, -83.489295018 37.7551791577 4.33, -83.4890612462 37.7552768567 4.344, -83.4888963012 37.7553528031 4.355, -83.488596632 37.7554555518 4.372, -83.4883510976 37.7555304956 4.386, -83.4880057432 37.7556221992 4.406, -83.4877804105 37.7556700588 4.419, -83.4875828155 37.7557047159 4.43, -83.4873128375 37.7557415498 4.445, -83.4869710971 37.7557715079 4.464, -83.4867642296 37.7557812601 4.476, -83.4864881207 37.7557808867 4.491, -83.4862116806 37.7557686938 4.506, -83.486004614 37.7557509687 4.518, -83.4856574898 37.7557080171 4.537, -83.485245222 37.7556341398 4.561, -83.4850436495 37.7555838273 4.572, -83.4847802929 37.7555059499 4.588, -83.4845867987 37.7554404078 4.599, -83.48433475 37.7553435172 4.615, -83.4840923503 37.7552366468 4.63, -83.4839731229 37.7551752826 4.638, -83.4838572859 37.7551161815 4.646, -83.4836318125 37.7549876588 4.661, -83.4832604102 37.7547318719 4.688, -83.4830656872 37.7545822384 4.703, -83.4827453477 37.754308754 4.729, -83.4822116788 37.7538154958 4.774, -83.4816361716 37.7532988996 4.822, -83.4812910793 37.7530092738 4.849, -83.480937912 37.7527348753 4.877, -83.4805887025 37.7524781352 4.903, -83.4803739185 37.7523286585 4.919, -83.4802137246 37.7522382033 4.929, -83.480032134 37.752157224 4.941, -83.479823573 37.752075723 4.954, -83.4796256653 37.7520191526 4.965, -83.4794582401 37.7519840496 4.975, -83.4793125836 37.751961181 4.983, -83.4791379321 37.7519473668 4.993, -83.4789475949 37.7519486332 5.003, -83.4787468417 37.7519623351 5.014, -83.4785393594 37.7519923911 5.026, -83.478341146 37.7520360859 5.038, -83.478100276 37.752105604 5.052, -83.4778950468 37.7521749871 5.064, -83.4771103173 37.7524683248 5.112, -83.4761538238 37.7528338821 5.171, -83.4754404496 37.7531129309 5.213, -83.4751309187 37.7532209488 5.231, -83.4740040782 37.7536458285 5.296, -83.4736295757 37.753785002 5.32, -83.4730271609 37.7539994268 5.357, -83.472840485 37.7540727325 5.368, -83.4726597131 37.7541565906 5.38, -83.4724841604 37.7542507149 5.392, -83.4723121004 37.7543550714 5.404, -83.4721460273 37.7544672368 5.416, -83.4719893738 37.7545880998 5.428, -83.4718411036 37.754717641 5.44, -83.4716561919 37.7549022417 5.456, -83.4711706565 37.7554447449 5.503, -83.470756044 37.7558974144 5.542, -83.4706085771 37.7560456514 5.555, -83.4701516604 37.7564785427 5.595, -83.4696461872 37.7569261488 5.636, -83.4695059887 37.7570629869 5.649, -83.4694193424 37.757157459 5.657, -83.4693418643 37.7572576028 5.665, -83.4692466943 37.7574266334 5.678, -83.4691478513 37.757636251 5.694, -83.4690785065 37.7578093547 5.706, -83.4686878396 37.7590229137 5.794, -83.4684519613 37.7596708017 5.84, -83.4683958123 37.7598647643 5.854, -83.4683643627 37.7600207462 5.865, -83.4683480924 37.7601220777 5.872, -83.4683355175 37.7603168862 5.885, -83.4683371049 37.7607147163 5.912, -83.4683253781 37.761668325 5.976, -83.4683150926 37.7619236179 5.994, -83.4682943494 37.7621476634 6.009, -83.4682753359 37.7622593814 6.016, -83.4682597516 37.7623159458 6.02, -83.4681588052 37.7625598633 6.038, -83.4680831557 37.7626902611 6.047, -83.467971277 37.7628172082 6.058, -83.4679231079 37.7628643501 6.062, -83.4676397645 37.7631091198 6.084, -83.4675227313 37.7632236041 6.094, -83.4674370262 37.7633433671 6.104, -83.4674159346 37.7633877378 6.107, -83.4673892975 37.763466065 6.112, -83.4673243387 37.7637211197 6.13, -83.4672703832 37.7638436977 6.139, -83.4672063164 37.7639350341 6.146, -83.4670982831 37.7640381547 6.155, -83.4669516253 37.7641369531 6.165, -83.4668079308 37.7642069632 6.174, -83.4666521229 37.7642657486 6.183, -83.4664846343 37.7643105718 6.193, -83.4663420745 37.764332527 6.201, -83.4661547965 37.764368173 6.211, -83.4660073237 37.764414757 6.219, -83.4658746523 37.7644863539 6.228, -83.4657685584 37.764582643 6.237, -83.4656779151 37.764694067 6.247, -83.4653809649 37.7650990059 6.282, -83.4650307559 37.7656597749 6.328, -83.4649917839 37.7657227532 6.333, -83.4649307511 37.7658726638 6.344, -83.4646162532 37.7665431914 6.394, -83.4644062636 37.7669333352 6.423, -83.4643301276 37.7670230628 6.431, -83.4642183853 37.767111548 6.439, -83.4641884786 37.7671274497 6.441, -83.4640816691 37.7671682292 6.448, -83.4639341655 37.7672043704 6.456, -83.46380946 37.767208264 6.463, -83.4636056556 37.7671960578 6.474, -83.4635184558 37.7671957351 6.479, -83.4633416833 37.7672046586 6.489, -83.4631678368 37.7672309458 6.499, -83.4630055528 37.7672750408 6.508, -83.4629302346 37.7673046186 6.513, -83.4628626416 37.7673417643 6.517, -83.4628013832 37.7673867262 6.522, -83.4627489978 37.7674357066 6.527, -83.4627057139 37.7674925561 6.531, -83.4626720712 37.7675509665 6.536, -83.4626222984 37.7676722493 6.545, -83.4626028529 37.767943297 6.563, -83.4625860697 37.7686660409 6.614, -83.4625884775 37.7688009775 6.623, -83.4626006807 37.7695152187 6.673, -83.4625894001 37.7696899976 6.685, -83.4625460288 37.7698616797 6.698, -83.4624853298 37.7700341232 6.71, -83.4623789336 37.7702966106 6.73, -83.4618543981 37.7713454567 6.809, -83.46184732 37.7713589177 6.81)"
"District 10","Wolfe","10-80417.00","KY","191","KY-191","RECONSTRUCTION(O)","3.1","6.81","Reconstruct KY 191 from the Mountain Parkway Exit/Underpass to KY 3356 (MP 3.096 - 6.808) (2026CCN)","","2026","2026","C","SPP","11400000","2032","","","","119-KY-0191-000","LINESTRING Z (-83.5053280039 37.7432407922 3.1, -83.505302524 37.7432922669 3.104, -83.5051976806 37.7434641624 3.117, -83.505073487 37.7436238745 3.13, -83.5049276636 37.7437666908 3.143, -83.5048060734 37.7438632667 3.153, -83.5046446504 37.7439728172 3.165, -83.5044807944 37.7440713326 3.176, -83.5032958411 37.7447459222 3.254, -83.5019323194 37.7455126871 3.347, -83.4999794032 37.7466384757 3.481, -83.4997897688 37.746753798 3.494, -83.4996106019 37.7468775628 3.507, -83.4994421314 37.7470136197 3.521, -83.499234004 37.7472137509 3.539, -83.4991356633 37.7473190083 3.548, -83.4989939937 37.7474838737 3.562, -83.498718923 37.7478261263 3.59, -83.4976220039 37.7492201932 3.705, -83.4970174971 37.7499962305 3.769, -83.4967439452 37.7503448258 3.797, -83.4959044102 37.7514078292 3.882, -83.4956443543 37.7517105273 3.907, -83.4954864165 37.7518750776 3.921, -83.4952772684 37.7520738084 3.939, -83.4950485673 37.7522669448 3.957, -83.4943499833 37.7528128697 4.01, -83.4938287021 37.7532399438 4.05, -83.493604453 37.753422998 4.067, -83.4934113249 37.7535725843 4.082, -83.4932029529 37.7537114375 4.097, -83.4929771835 37.7538307257 4.111, -83.4927381417 37.7539313531 4.126, -83.4922417622 37.7540970895 4.155, -83.4917450877 37.7542724328 4.185, -83.4911679655 37.7544874366 4.219, -83.490688283 37.754672718 4.248, -83.4900145222 37.7549248692 4.288, -83.4897665268 37.7550011421 4.302, -83.4895311277 37.7550955138 4.316, -83.489295018 37.7551791577 4.33, -83.4890612462 37.7552768567 4.344, -83.4888963012 37.7553528031 4.355, -83.488596632 37.7554555518 4.372, -83.4883510976 37.7555304956 4.386, -83.4880057432 37.7556221992 4.406, -83.4877804105 37.7556700588 4.419, -83.4875828155 37.7557047159 4.43, -83.4873128375 37.7557415498 4.445, -83.4869710971 37.7557715079 4.464, -83.4867642296 37.7557812601 4.476, -83.4864881207 37.7557808867 4.491, -83.4862116806 37.7557686938 4.506, -83.486004614 37.7557509687 4.518, -83.4856574898 37.7557080171 4.537, -83.485245222 37.7556341398 4.561, -83.4850436495 37.7555838273 4.572, -83.4847802929 37.7555059499 4.588, -83.4845867987 37.7554404078 4.599, -83.48433475 37.7553435172 4.615, -83.4840923503 37.7552366468 4.63, -83.4839731229 37.7551752826 4.638, -83.4838572859 37.7551161815 4.646, -83.4836318125 37.7549876588 4.661, -83.4832604102 37.7547318719 4.688, -83.4830656872 37.7545822384 4.703, -83.4827453477 37.754308754 4.729, -83.4822116788 37.7538154958 4.774, -83.4816361716 37.7532988996 4.822, -83.4812910793 37.7530092738 4.849, -83.480937912 37.7527348753 4.877, -83.4805887025 37.7524781352 4.903, -83.4803739185 37.7523286585 4.919, -83.4802137246 37.7522382033 4.929, -83.480032134 37.752157224 4.941, -83.479823573 37.752075723 4.954, -83.4796256653 37.7520191526 4.965, -83.4794582401 37.7519840496 4.975, -83.4793125836 37.751961181 4.983, -83.4791379321 37.7519473668 4.993, -83.4789475949 37.7519486332 5.003, -83.4787468417 37.7519623351 5.014, -83.4785393594 37.7519923911 5.026, -83.478341146 37.7520360859 5.038, -83.478100276 37.752105604 5.052, -83.4778950468 37.7521749871 5.064, -83.4771103173 37.7524683248 5.112, -83.4761538238 37.7528338821 5.171, -83.4754404496 37.7531129309 5.213, -83.4751309187 37.7532209488 5.231, -83.4740040782 37.7536458285 5.296, -83.4736295757 37.753785002 5.32, -83.4730271609 37.7539994268 5.357, -83.472840485 37.7540727325 5.368, -83.4726597131 37.7541565906 5.38, -83.4724841604 37.7542507149 5.392, -83.4723121004 37.7543550714 5.404, -83.4721460273 37.7544672368 5.416, -83.4719893738 37.7545880998 5.428, -83.4718411036 37.754717641 5.44, -83.4716561919 37.7549022417 5.456, -83.4711706565 37.7554447449 5.503, -83.470756044 37.7558974144 5.542, -83.4706085771 37.7560456514 5.555, -83.4701516604 37.7564785427 5.595, -83.4696461872 37.7569261488 5.636, -83.4695059887 37.7570629869 5.649, -83.4694193424 37.757157459 5.657, -83.4693418643 37.7572576028 5.665, -83.4692466943 37.7574266334 5.678, -83.4691478513 37.757636251 5.694, -83.4690785065 37.7578093547 5.706, -83.4686878396 37.7590229137 5.794, -83.4684519613 37.7596708017 5.84, -83.4683958123 37.7598647643 5.854, -83.4683643627 37.7600207462 5.865, -83.4683480924 37.7601220777 5.872, -83.4683355175 37.7603168862 5.885, -83.4683371049 37.7607147163 5.912, -83.4683253781 37.761668325 5.976, -83.4683150926 37.7619236179 5.994, -83.4682943494 37.7621476634 6.009, -83.4682753359 37.7622593814 6.016, -83.4682597516 37.7623159458 6.02, -83.4681588052 37.7625598633 6.038, -83.4680831557 37.7626902611 6.047, -83.467971277 37.7628172082 6.058, -83.4679231079 37.7628643501 6.062, -83.4676397645 37.7631091198 6.084, -83.4675227313 37.7632236041 6.094, -83.4674370262 37.7633433671 6.104, -83.4674159346 37.7633877378 6.107, -83.4673892975 37.763466065 6.112, -83.4673243387 37.7637211197 6.13, -83.4672703832 37.7638436977 6.139, -83.4672063164 37.7639350341 6.146, -83.4670982831 37.7640381547 6.155, -83.4669516253 37.7641369531 6.165, -83.4668079308 37.7642069632 6.174, -83.4666521229 37.7642657486 6.183, -83.4664846343 37.7643105718 6.193, -83.4663420745 37.764332527 6.201, -83.4661547965 37.764368173 6.211, -83.4660073237 37.764414757 6.219, -83.4658746523 37.7644863539 6.228, -83.4657685584 37.764582643 6.237, -83.4656779151 37.764694067 6.247, -83.4653809649 37.7650990059 6.282, -83.4650307559 37.7656597749 6.328, -83.4649917839 37.7657227532 6.333, -83.4649307511 37.7658726638 6.344, -83.4646162532 37.7665431914 6.394, -83.4644062636 37.7669333352 6.423, -83.4643301276 37.7670230628 6.431, -83.4642183853 37.767111548 6.439, -83.4641884786 37.7671274497 6.441, -83.4640816691 37.7671682292 6.448, -83.4639341655 37.7672043704 6.456, -83.46380946 37.767208264 6.463, -83.4636056556 37.7671960578 6.474, -83.4635184558 37.7671957351 6.479, -83.4633416833 37.7672046586 6.489, -83.4631678368 37.7672309458 6.499, -83.4630055528 37.7672750408 6.508, -83.4629302346 37.7673046186 6.513, -83.4628626416 37.7673417643 6.517, -83.4628013832 37.7673867262 6.522, -83.4627489978 37.7674357066 6.527, -83.4627057139 37.7674925561 6.531, -83.4626720712 37.7675509665 6.536, -83.4626222984 37.7676722493 6.545, -83.4626028529 37.767943297 6.563, -83.4625860697 37.7686660409 6.614, -83.4625884775 37.7688009775 6.623, -83.4626006807 37.7695152187 6.673, -83.4625894001 37.7696899976 6.685, -83.4625460288 37.7698616797 6.698, -83.4624853298 37.7700341232 6.71, -83.4623789336 37.7702966106 6.73, -83.4618543981 37.7713454567 6.809, -83.46184732 37.7713589177 6.81)"
"District 10","Wolfe","10-80417.00","KY","191","KY-191","RECONSTRUCTION(O)","3.1","6.81","Reconstruct KY 191 from the Mountain Parkway Exit/Underpass to KY 3356 (MP 3.096 - 6.808) (2026CCN)","","2026","2026","R","SPP","3985000","2030","","","","119-KY-0191-000","LINESTRING Z (-83.5053280039 37.7432407922 3.1, -83.505302524 37.7432922669 3.104, -83.5051976806 37.7434641624 3.117, -83.505073487 37.7436238745 3.13, -83.5049276636 37.7437666908 3.143, -83.5048060734 37.7438632667 3.153, -83.5046446504 37.7439728172 3.165, -83.5044807944 37.7440713326 3.176, -83.5032958411 37.7447459222 3.254, -83.5019323194 37.7455126871 3.347, -83.4999794032 37.7466384757 3.481, -83.4997897688 37.746753798 3.494, -83.4996106019 37.7468775628 3.507, -83.4994421314 37.7470136197 3.521, -83.499234004 37.7472137509 3.539, -83.4991356633 37.7473190083 3.548, -83.4989939937 37.7474838737 3.562, -83.498718923 37.7478261263 3.59, -83.4976220039 37.7492201932 3.705, -83.4970174971 37.7499962305 3.769, -83.4967439452 37.7503448258 3.797, -83.4959044102 37.7514078292 3.882, -83.4956443543 37.7517105273 3.907, -83.4954864165 37.7518750776 3.921, -83.4952772684 37.7520738084 3.939, -83.4950485673 37.7522669448 3.957, -83.4943499833 37.7528128697 4.01, -83.4938287021 37.7532399438 4.05, -83.493604453 37.753422998 4.067, -83.4934113249 37.7535725843 4.082, -83.4932029529 37.7537114375 4.097, -83.4929771835 37.7538307257 4.111, -83.4927381417 37.7539313531 4.126, -83.4922417622 37.7540970895 4.155, -83.4917450877 37.7542724328 4.185, -83.4911679655 37.7544874366 4.219, -83.490688283 37.754672718 4.248, -83.4900145222 37.7549248692 4.288, -83.4897665268 37.7550011421 4.302, -83.4895311277 37.7550955138 4.316, -83.489295018 37.7551791577 4.33, -83.4890612462 37.7552768567 4.344, -83.4888963012 37.7553528031 4.355, -83.488596632 37.7554555518 4.372, -83.4883510976 37.7555304956 4.386, -83.4880057432 37.7556221992 4.406, -83.4877804105 37.7556700588 4.419, -83.4875828155 37.7557047159 4.43, -83.4873128375 37.7557415498 4.445, -83.4869710971 37.7557715079 4.464, -83.4867642296 37.7557812601 4.476, -83.4864881207 37.7557808867 4.491, -83.4862116806 37.7557686938 4.506, -83.486004614 37.7557509687 4.518, -83.4856574898 37.7557080171 4.537, -83.485245222 37.7556341398 4.561, -83.4850436495 37.7555838273 4.572, -83.4847802929 37.7555059499 4.588, -83.4845867987 37.7554404078 4.599, -83.48433475 37.7553435172 4.615, -83.4840923503 37.7552366468 4.63, -83.4839731229 37.7551752826 4.638, -83.4838572859 37.7551161815 4.646, -83.4836318125 37.7549876588 4.661, -83.4832604102 37.7547318719 4.688, -83.4830656872 37.7545822384 4.703, -83.4827453477 37.754308754 4.729, -83.4822116788 37.7538154958 4.774, -83.4816361716 37.7532988996 4.822, -83.4812910793 37.7530092738 4.849, -83.480937912 37.7527348753 4.877, -83.4805887025 37.7524781352 4.903, -83.4803739185 37.7523286585 4.919, -83.4802137246 37.7522382033 4.929, -83.480032134 37.752157224 4.941, -83.479823573 37.752075723 4.954, -83.4796256653 37.7520191526 4.965, -83.4794582401 37.7519840496 4.975, -83.4793125836 37.751961181 4.983, -83.4791379321 37.7519473668 4.993, -83.4789475949 37.7519486332 5.003, -83.4787468417 37.7519623351 5.014, -83.4785393594 37.7519923911 5.026, -83.478341146 37.7520360859 5.038, -83.478100276 37.752105604 5.052, -83.4778950468 37.7521749871 5.064, -83.4771103173 37.7524683248 5.112, -83.4761538238 37.7528338821 5.171, -83.4754404496 37.7531129309 5.213, -83.4751309187 37.7532209488 5.231, -83.4740040782 37.7536458285 5.296, -83.4736295757 37.753785002 5.32, -83.4730271609 37.7539994268 5.357, -83.472840485 37.7540727325 5.368, -83.4726597131 37.7541565906 5.38, -83.4724841604 37.7542507149 5.392, -83.4723121004 37.7543550714 5.404, -83.4721460273 37.7544672368 5.416, -83.4719893738 37.7545880998 5.428, -83.4718411036 37.754717641 5.44, -83.4716561919 37.7549022417 5.456, -83.4711706565 37.7554447449 5.503, -83.470756044 37.7558974144 5.542, -83.4706085771 37.7560456514 5.555, -83.4701516604 37.7564785427 5.595, -83.4696461872 37.7569261488 5.636, -83.4695059887 37.7570629869 5.649, -83.4694193424 37.757157459 5.657, -83.4693418643 37.7572576028 5.665, -83.4692466943 37.7574266334 5.678, -83.4691478513 37.757636251 5.694, -83.4690785065 37.7578093547 5.706, -83.4686878396 37.7590229137 5.794, -83.4684519613 37.7596708017 5.84, -83.4683958123 37.7598647643 5.854, -83.4683643627 37.7600207462 5.865, -83.4683480924 37.7601220777 5.872, -83.4683355175 37.7603168862 5.885, -83.4683371049 37.7607147163 5.912, -83.4683253781 37.761668325 5.976, -83.4683150926 37.7619236179 5.994, -83.4682943494 37.7621476634 6.009, -83.4682753359 37.7622593814 6.016, -83.4682597516 37.7623159458 6.02, -83.4681588052 37.7625598633 6.038, -83.4680831557 37.7626902611 6.047, -83.467971277 37.7628172082 6.058, -83.4679231079 37.7628643501 6.062, -83.4676397645 37.7631091198 6.084, -83.4675227313 37.7632236041 6.094, -83.4674370262 37.7633433671 6.104, -83.4674159346 37.7633877378 6.107, -83.4673892975 37.763466065 6.112, -83.4673243387 37.7637211197 6.13, -83.4672703832 37.7638436977 6.139, -83.4672063164 37.7639350341 6.146, -83.4670982831 37.7640381547 6.155, -83.4669516253 37.7641369531 6.165, -83.4668079308 37.7642069632 6.174, -83.4666521229 37.7642657486 6.183, -83.4664846343 37.7643105718 6.193, -83.4663420745 37.764332527 6.201, -83.4661547965 37.764368173 6.211, -83.4660073237 37.764414757 6.219, -83.4658746523 37.7644863539 6.228, -83.4657685584 37.764582643 6.237, -83.4656779151 37.764694067 6.247, -83.4653809649 37.7650990059 6.282, -83.4650307559 37.7656597749 6.328, -83.4649917839 37.7657227532 6.333, -83.4649307511 37.7658726638 6.344, -83.4646162532 37.7665431914 6.394, -83.4644062636 37.7669333352 6.423, -83.4643301276 37.7670230628 6.431, -83.4642183853 37.767111548 6.439, -83.4641884786 37.7671274497 6.441, -83.4640816691 37.7671682292 6.448, -83.4639341655 37.7672043704 6.456, -83.46380946 37.767208264 6.463, -83.4636056556 37.7671960578 6.474, -83.4635184558 37.7671957351 6.479, -83.4633416833 37.7672046586 6.489, -83.4631678368 37.7672309458 6.499, -83.4630055528 37.7672750408 6.508, -83.4629302346 37.7673046186 6.513, -83.4628626416 37.7673417643 6.517, -83.4628013832 37.7673867262 6.522, -83.4627489978 37.7674357066 6.527, -83.4627057139 37.7674925561 6.531, -83.4626720712 37.7675509665 6.536, -83.4626222984 37.7676722493 6.545, -83.4626028529 37.767943297 6.563, -83.4625860697 37.7686660409 6.614, -83.4625884775 37.7688009775 6.623, -83.4626006807 37.7695152187 6.673, -83.4625894001 37.7696899976 6.685, -83.4625460288 37.7698616797 6.698, -83.4624853298 37.7700341232 6.71, -83.4623789336 37.7702966106 6.73, -83.4618543981 37.7713454567 6.809, -83.46184732 37.7713589177 6.81)"
"District 10","Wolfe","10-80418.00","KY","191","KY-191","REALIGNMENT","10.256","14.298","Hill and curve correction on KY 191 between Hazel Green and KY 205 (02CCN)(08CCR)(10CCR). THIS PROJECT REPLACES SYP 10-8102. (2026CCN)","","2026","2026","C","SPP","2900000","2032","","","","119-KY-0191-000","LINESTRING Z (-83.4165546309 37.7976125597 10.256, -83.4156912848 37.7981814535 10.317, -83.415540553 37.7980207685 10.331, -83.4154188327 37.7978732967 10.343, -83.4151108937 37.7975267977 10.372, -83.4148607725 37.7972243033 10.397, -83.4145942269 37.7969157128 10.423, -83.4144853711 37.79679954 10.433, -83.4143122503 37.7966353871 10.448, -83.4141815549 37.7965311425 10.458, -83.4140311817 37.7964361216 10.469, -83.4138641126 37.7963545056 10.479, -83.4136881525 37.796280405 10.49, -83.4135081523 37.7962246305 10.501, -83.4133139216 37.7961809355 10.512, -83.4131216985 37.7961504674 10.523, -83.4125021059 37.7960917224 10.557, -83.4117058079 37.7960154498 10.601, -83.4109772893 37.7959526076 10.641, -83.4103870743 37.7958955355 10.673, -83.4102983713 37.7958869023 10.678, -83.4099016009 37.7958435669 10.7, -83.4096811029 37.7958095074 10.712, -83.4095717032 37.7957875501 10.719, -83.409460962 37.7957641916 10.725, -83.4092437287 37.7957035484 10.737, -83.4090314287 37.795629267 10.75, -83.4088258078 37.7955408319 10.763, -83.4086413904 37.7954278186 10.776, -83.4081210996 37.7950756979 10.813, -83.4078086542 37.7948840347 10.835, -83.4076817027 37.7948150218 10.843, -83.407495616 37.7947330179 10.855, -83.4074007505 37.7947003583 10.861, -83.4072864316 37.7946697841 10.867, -83.40709733 37.7946283784 10.878, -83.4069475217 37.794603415 10.886, -83.4067145456 37.7945809149 10.899, -83.4064752714 37.7945714762 10.913, -83.4062361686 37.7945785232 10.926, -83.4060017586 37.7946013228 10.939, -83.4057705051 37.7946338004 10.952, -83.4053128559 37.7947092908 10.977, -83.4045740992 37.7948390624 11.019, -83.4037717028 37.7949777243 11.063, -83.4028010182 37.7951391198 11.118, -83.4025645718 37.7951714872 11.131, -83.4022075644 37.7952063927 11.15, -83.4019700573 37.7952175838 11.164, -83.4017329253 37.7952169689 11.177, -83.4014965044 37.7952048298 11.19, -83.4012193988 37.7951764917 11.205, -83.4008982192 37.7951296911 11.223, -83.40065807 37.7950823103 11.236, -83.4004220933 37.7950234739 11.25, -83.400190618 37.7949537376 11.263, -83.3999629764 37.7948722645 11.277, -83.3997421711 37.7947826861 11.291, -83.3995282801 37.7946825304 11.304, -83.3993187512 37.7945758691 11.318, -83.3989176991 37.7943406515 11.345, -83.3987435486 37.7942319485 11.357, -83.3983453322 37.7939838732 11.385, -83.398160104 37.7938752227 11.397, -83.3979720877 37.7937780547 11.41, -83.3977797861 37.7936959108 11.422, -83.3976797204 37.7936636889 11.428, -83.3975802748 37.7936336769 11.433, -83.397393368 37.7935997173 11.444, -83.3971552082 37.7935770944 11.457, -83.3970445561 37.7935729575 11.463, -83.3968205938 37.7935720464 11.475, -83.3967079587 37.7935758363 11.482, -83.3962853946 37.7936039162 11.505, -83.3952655753 37.7936991562 11.561, -83.3946713977 37.793745772 11.593, -83.3945518154 37.7937502446 11.6, -83.3943123533 37.7937468207 11.613, -83.3940757853 37.7937286185 11.626, -83.3938347182 37.7936886231 11.639, -83.3936043701 37.7936381271 11.652, -83.393373378 37.7935752562 11.666, -83.3917972983 37.7931134325 11.757, -83.3895793582 37.7924788117 11.886, -83.3880704726 37.7920498797 11.974, -83.3878680142 37.7919936141 11.985, -83.3876629317 37.7919436147 11.997, -83.3874495253 37.7919049849 12.009, -83.3872260103 37.7918793401 12.021, -83.3869962905 37.7918637342 12.034, -83.385183751 37.7918055878 12.133, -83.3850051591 37.7918041931 12.143, -83.3847964653 37.7918131816 12.154, -83.3846964743 37.7918221591 12.16, -83.3845059566 37.7918581625 12.17, -83.3843258084 37.7919163513 12.181, -83.3841576882 37.7919989577 12.192, -83.384000656 37.7921029412 12.203, -83.3838497565 37.7922207855 12.215, -83.3836247404 37.7924154339 12.233, -83.3834062098 37.7926129607 12.251, -83.3831410732 37.7929037801 12.276, -83.3829167399 37.7932393765 12.302, -83.3825942216 37.7937438765 12.341, -83.3824207281 37.7939835176 12.36, -83.3822894411 37.7941374682 12.373, -83.3822161008 37.7942115414 12.379, -83.3820533946 37.7943519475 12.392, -83.3818659664 37.7944750968 12.406, -83.3817645677 37.794528 12.412, -83.3816590779 37.7945788971 12.419, -83.3814369137 37.7946623345 12.432, -83.3812011792 37.7947262682 12.446, -83.3809582507 37.794766154 12.46, -83.3808055779 37.7947768139 12.468, -83.3807112249 37.7947826055 12.473, -83.380461105 37.7947767404 12.487, -83.3802108284 37.794754114 12.501, -83.379190307 37.7946321666 12.557, -83.3786662327 37.7945647291 12.586, -83.3784043419 37.7945264795 12.601, -83.3781496785 37.7944787596 12.615, -83.3779031721 37.7944141704 12.629, -83.3776663038 37.7943297204 12.643, -83.3774435449 37.7942263227 12.657, -83.3771851216 37.794079898 12.675, -83.3764884232 37.7936413807 12.723, -83.3763056226 37.7935335686 12.736, -83.3761082833 37.7934257369 12.749, -83.3759202972 37.7933285339 12.761, -83.3755079398 37.7931460285 12.787, -83.3742608444 37.7926307207 12.864, -83.3740751577 37.7925591106 12.875, -83.3738961282 37.7925065912 12.885, -83.3737191903 37.7924859818 12.895, -83.3735449393 37.7925003172 12.904, -83.3734863316 37.7925142427 12.908, -83.3733745356 37.792545775 12.914, -83.3732082534 37.7926138428 12.924, -83.3725025923 37.7929515021 12.969, -83.3719609095 37.7932496172 13.005, -83.3717640933 37.7933412421 13.018, -83.3716069358 37.7934053716 13.027, -83.3713265067 37.7934917323 13.044, -83.371029397 37.7935585241 13.06, -83.3708433291 37.793584979 13.071, -83.3705914988 37.7936109278 13.085, -83.3703409336 37.7936190434 13.098, -83.3702346829 37.7936179915 13.104, -83.3700910496 37.7936167329 13.112, -83.368848749 37.7935775687 13.179, -83.3674143609 37.7935259831 13.257, -83.3671146995 37.7935105689 13.273, -83.3668799649 37.7934893276 13.286, -83.3666527435 37.7934498318 13.299, -83.366508005 37.7934076109 13.307, -83.3663873081 37.7933606577 13.314, -83.3662426277 37.7932843727 13.324, -83.3660582997 37.7931707432 13.337, -83.3658014587 37.7929759725 13.356, -83.3638775194 37.7915075259 13.501, -83.3635195738 37.7912277296 13.528, -83.3633135245 37.7910471708 13.545, -83.3632062312 37.790928233 13.555, -83.3630460258 37.7907216812 13.571, -83.362967864 37.7905904221 13.581, -83.3628099599 37.7902803428 13.604, -83.3625541852 37.7896987674 13.646, -83.3625023308 37.7896106249 13.653, -83.3624717417 37.7895715419 13.656, -83.3624072474 37.7894996264 13.662, -83.362368506 37.7894664219 13.665, -83.3622862275 37.7894092553 13.671, -83.3621415424 37.7893335137 13.68, -83.3620861877 37.78931096 13.684, -83.3619720375 37.7892759489 13.69, -83.3617875695 37.7892315424 13.701, -83.3615762962 37.789202524 13.712, -83.360867626 37.7891499376 13.751, -83.3605710071 37.7891158879 13.767, -83.3602956345 37.7890671582 13.783, -83.3600752416 37.7890096548 13.795, -83.3599132175 37.7889563608 13.805, -83.3596067334 37.7888204573 13.824, -83.3587334957 37.7883969229 13.88, -83.3583316847 37.7881794057 13.906, -83.35818846 37.788090776 13.916, -83.3580081657 37.7879601827 13.929, -83.3578090667 37.7877794809 13.946, -83.3577020446 37.7876632898 13.955, -83.3575729791 37.7875007706 13.969, -83.3574247095 37.7872897827 13.985, -83.3563882724 37.7857153627 14.107, -83.3559484562 37.785067934 14.157, -83.355296087 37.7840892457 14.233, -83.355200659 37.7839573541 14.244, -83.3551038191 37.7838476869 14.253, -83.3549941445 37.7837602864 14.261, -83.3548759894 37.7836996362 14.269, -83.354760247 37.7836607391 14.276, -83.3546598303 37.7836402859 14.281, -83.354358811 37.7836039317 14.298)"
"District 10","Wolfe","10-80418.00","KY","191","KY-191","REALIGNMENT","10.256","14.298","Hill and curve correction on KY 191 between Hazel Green and KY 205 (02CCN)(08CCR)(10CCR). THIS PROJECT REPLACES SYP 10-8102. (2026CCN)","","2026","2026","R","SPP","400000","2029","","","","119-KY-0191-000","LINESTRING Z (-83.4165546309 37.7976125597 10.256, -83.4156912848 37.7981814535 10.317, -83.415540553 37.7980207685 10.331, -83.4154188327 37.7978732967 10.343, -83.4151108937 37.7975267977 10.372, -83.4148607725 37.7972243033 10.397, -83.4145942269 37.7969157128 10.423, -83.4144853711 37.79679954 10.433, -83.4143122503 37.7966353871 10.448, -83.4141815549 37.7965311425 10.458, -83.4140311817 37.7964361216 10.469, -83.4138641126 37.7963545056 10.479, -83.4136881525 37.796280405 10.49, -83.4135081523 37.7962246305 10.501, -83.4133139216 37.7961809355 10.512, -83.4131216985 37.7961504674 10.523, -83.4125021059 37.7960917224 10.557, -83.4117058079 37.7960154498 10.601, -83.4109772893 37.7959526076 10.641, -83.4103870743 37.7958955355 10.673, -83.4102983713 37.7958869023 10.678, -83.4099016009 37.7958435669 10.7, -83.4096811029 37.7958095074 10.712, -83.4095717032 37.7957875501 10.719, -83.409460962 37.7957641916 10.725, -83.4092437287 37.7957035484 10.737, -83.4090314287 37.795629267 10.75, -83.4088258078 37.7955408319 10.763, -83.4086413904 37.7954278186 10.776, -83.4081210996 37.7950756979 10.813, -83.4078086542 37.7948840347 10.835, -83.4076817027 37.7948150218 10.843, -83.407495616 37.7947330179 10.855, -83.4074007505 37.7947003583 10.861, -83.4072864316 37.7946697841 10.867, -83.40709733 37.7946283784 10.878, -83.4069475217 37.794603415 10.886, -83.4067145456 37.7945809149 10.899, -83.4064752714 37.7945714762 10.913, -83.4062361686 37.7945785232 10.926, -83.4060017586 37.7946013228 10.939, -83.4057705051 37.7946338004 10.952, -83.4053128559 37.7947092908 10.977, -83.4045740992 37.7948390624 11.019, -83.4037717028 37.7949777243 11.063, -83.4028010182 37.7951391198 11.118, -83.4025645718 37.7951714872 11.131, -83.4022075644 37.7952063927 11.15, -83.4019700573 37.7952175838 11.164, -83.4017329253 37.7952169689 11.177, -83.4014965044 37.7952048298 11.19, -83.4012193988 37.7951764917 11.205, -83.4008982192 37.7951296911 11.223, -83.40065807 37.7950823103 11.236, -83.4004220933 37.7950234739 11.25, -83.400190618 37.7949537376 11.263, -83.3999629764 37.7948722645 11.277, -83.3997421711 37.7947826861 11.291, -83.3995282801 37.7946825304 11.304, -83.3993187512 37.7945758691 11.318, -83.3989176991 37.7943406515 11.345, -83.3987435486 37.7942319485 11.357, -83.3983453322 37.7939838732 11.385, -83.398160104 37.7938752227 11.397, -83.3979720877 37.7937780547 11.41, -83.3977797861 37.7936959108 11.422, -83.3976797204 37.7936636889 11.428, -83.3975802748 37.7936336769 11.433, -83.397393368 37.7935997173 11.444, -83.3971552082 37.7935770944 11.457, -83.3970445561 37.7935729575 11.463, -83.3968205938 37.7935720464 11.475, -83.3967079587 37.7935758363 11.482, -83.3962853946 37.7936039162 11.505, -83.3952655753 37.7936991562 11.561, -83.3946713977 37.793745772 11.593, -83.3945518154 37.7937502446 11.6, -83.3943123533 37.7937468207 11.613, -83.3940757853 37.7937286185 11.626, -83.3938347182 37.7936886231 11.639, -83.3936043701 37.7936381271 11.652, -83.393373378 37.7935752562 11.666, -83.3917972983 37.7931134325 11.757, -83.3895793582 37.7924788117 11.886, -83.3880704726 37.7920498797 11.974, -83.3878680142 37.7919936141 11.985, -83.3876629317 37.7919436147 11.997, -83.3874495253 37.7919049849 12.009, -83.3872260103 37.7918793401 12.021, -83.3869962905 37.7918637342 12.034, -83.385183751 37.7918055878 12.133, -83.3850051591 37.7918041931 12.143, -83.3847964653 37.7918131816 12.154, -83.3846964743 37.7918221591 12.16, -83.3845059566 37.7918581625 12.17, -83.3843258084 37.7919163513 12.181, -83.3841576882 37.7919989577 12.192, -83.384000656 37.7921029412 12.203, -83.3838497565 37.7922207855 12.215, -83.3836247404 37.7924154339 12.233, -83.3834062098 37.7926129607 12.251, -83.3831410732 37.7929037801 12.276, -83.3829167399 37.7932393765 12.302, -83.3825942216 37.7937438765 12.341, -83.3824207281 37.7939835176 12.36, -83.3822894411 37.7941374682 12.373, -83.3822161008 37.7942115414 12.379, -83.3820533946 37.7943519475 12.392, -83.3818659664 37.7944750968 12.406, -83.3817645677 37.794528 12.412, -83.3816590779 37.7945788971 12.419, -83.3814369137 37.7946623345 12.432, -83.3812011792 37.7947262682 12.446, -83.3809582507 37.794766154 12.46, -83.3808055779 37.7947768139 12.468, -83.3807112249 37.7947826055 12.473, -83.380461105 37.7947767404 12.487, -83.3802108284 37.794754114 12.501, -83.379190307 37.7946321666 12.557, -83.3786662327 37.7945647291 12.586, -83.3784043419 37.7945264795 12.601, -83.3781496785 37.7944787596 12.615, -83.3779031721 37.7944141704 12.629, -83.3776663038 37.7943297204 12.643, -83.3774435449 37.7942263227 12.657, -83.3771851216 37.794079898 12.675, -83.3764884232 37.7936413807 12.723, -83.3763056226 37.7935335686 12.736, -83.3761082833 37.7934257369 12.749, -83.3759202972 37.7933285339 12.761, -83.3755079398 37.7931460285 12.787, -83.3742608444 37.7926307207 12.864, -83.3740751577 37.7925591106 12.875, -83.3738961282 37.7925065912 12.885, -83.3737191903 37.7924859818 12.895, -83.3735449393 37.7925003172 12.904, -83.3734863316 37.7925142427 12.908, -83.3733745356 37.792545775 12.914, -83.3732082534 37.7926138428 12.924, -83.3725025923 37.7929515021 12.969, -83.3719609095 37.7932496172 13.005, -83.3717640933 37.7933412421 13.018, -83.3716069358 37.7934053716 13.027, -83.3713265067 37.7934917323 13.044, -83.371029397 37.7935585241 13.06, -83.3708433291 37.793584979 13.071, -83.3705914988 37.7936109278 13.085, -83.3703409336 37.7936190434 13.098, -83.3702346829 37.7936179915 13.104, -83.3700910496 37.7936167329 13.112, -83.368848749 37.7935775687 13.179, -83.3674143609 37.7935259831 13.257, -83.3671146995 37.7935105689 13.273, -83.3668799649 37.7934893276 13.286, -83.3666527435 37.7934498318 13.299, -83.366508005 37.7934076109 13.307, -83.3663873081 37.7933606577 13.314, -83.3662426277 37.7932843727 13.324, -83.3660582997 37.7931707432 13.337, -83.3658014587 37.7929759725 13.356, -83.3638775194 37.7915075259 13.501, -83.3635195738 37.7912277296 13.528, -83.3633135245 37.7910471708 13.545, -83.3632062312 37.790928233 13.555, -83.3630460258 37.7907216812 13.571, -83.362967864 37.7905904221 13.581, -83.3628099599 37.7902803428 13.604, -83.3625541852 37.7896987674 13.646, -83.3625023308 37.7896106249 13.653, -83.3624717417 37.7895715419 13.656, -83.3624072474 37.7894996264 13.662, -83.362368506 37.7894664219 13.665, -83.3622862275 37.7894092553 13.671, -83.3621415424 37.7893335137 13.68, -83.3620861877 37.78931096 13.684, -83.3619720375 37.7892759489 13.69, -83.3617875695 37.7892315424 13.701, -83.3615762962 37.789202524 13.712, -83.360867626 37.7891499376 13.751, -83.3605710071 37.7891158879 13.767, -83.3602956345 37.7890671582 13.783, -83.3600752416 37.7890096548 13.795, -83.3599132175 37.7889563608 13.805, -83.3596067334 37.7888204573 13.824, -83.3587334957 37.7883969229 13.88, -83.3583316847 37.7881794057 13.906, -83.35818846 37.788090776 13.916, -83.3580081657 37.7879601827 13.929, -83.3578090667 37.7877794809 13.946, -83.3577020446 37.7876632898 13.955, -83.3575729791 37.7875007706 13.969, -83.3574247095 37.7872897827 13.985, -83.3563882724 37.7857153627 14.107, -83.3559484562 37.785067934 14.157, -83.355296087 37.7840892457 14.233, -83.355200659 37.7839573541 14.244, -83.3551038191 37.7838476869 14.253, -83.3549941445 37.7837602864 14.261, -83.3548759894 37.7836996362 14.269, -83.354760247 37.7836607391 14.276, -83.3546598303 37.7836402859 14.281, -83.354358811 37.7836039317 14.298)"
"District 10","Wolfe","10-80418.00","KY","191","KY-191","REALIGNMENT","10.256","14.298","Hill and curve correction on KY 191 between Hazel Green and KY 205 (02CCN)(08CCR)(10CCR). THIS PROJECT REPLACES SYP 10-8102. (2026CCN)","","2026","2026","D","SPP","400000","2027","","","","119-KY-0191-000","LINESTRING Z (-83.4165546309 37.7976125597 10.256, -83.4156912848 37.7981814535 10.317, -83.415540553 37.7980207685 10.331, -83.4154188327 37.7978732967 10.343, -83.4151108937 37.7975267977 10.372, -83.4148607725 37.7972243033 10.397, -83.4145942269 37.7969157128 10.423, -83.4144853711 37.79679954 10.433, -83.4143122503 37.7966353871 10.448, -83.4141815549 37.7965311425 10.458, -83.4140311817 37.7964361216 10.469, -83.4138641126 37.7963545056 10.479, -83.4136881525 37.796280405 10.49, -83.4135081523 37.7962246305 10.501, -83.4133139216 37.7961809355 10.512, -83.4131216985 37.7961504674 10.523, -83.4125021059 37.7960917224 10.557, -83.4117058079 37.7960154498 10.601, -83.4109772893 37.7959526076 10.641, -83.4103870743 37.7958955355 10.673, -83.4102983713 37.7958869023 10.678, -83.4099016009 37.7958435669 10.7, -83.4096811029 37.7958095074 10.712, -83.4095717032 37.7957875501 10.719, -83.409460962 37.7957641916 10.725, -83.4092437287 37.7957035484 10.737, -83.4090314287 37.795629267 10.75, -83.4088258078 37.7955408319 10.763, -83.4086413904 37.7954278186 10.776, -83.4081210996 37.7950756979 10.813, -83.4078086542 37.7948840347 10.835, -83.4076817027 37.7948150218 10.843, -83.407495616 37.7947330179 10.855, -83.4074007505 37.7947003583 10.861, -83.4072864316 37.7946697841 10.867, -83.40709733 37.7946283784 10.878, -83.4069475217 37.794603415 10.886, -83.4067145456 37.7945809149 10.899, -83.4064752714 37.7945714762 10.913, -83.4062361686 37.7945785232 10.926, -83.4060017586 37.7946013228 10.939, -83.4057705051 37.7946338004 10.952, -83.4053128559 37.7947092908 10.977, -83.4045740992 37.7948390624 11.019, -83.4037717028 37.7949777243 11.063, -83.4028010182 37.7951391198 11.118, -83.4025645718 37.7951714872 11.131, -83.4022075644 37.7952063927 11.15, -83.4019700573 37.7952175838 11.164, -83.4017329253 37.7952169689 11.177, -83.4014965044 37.7952048298 11.19, -83.4012193988 37.7951764917 11.205, -83.4008982192 37.7951296911 11.223, -83.40065807 37.7950823103 11.236, -83.4004220933 37.7950234739 11.25, -83.400190618 37.7949537376 11.263, -83.3999629764 37.7948722645 11.277, -83.3997421711 37.7947826861 11.291, -83.3995282801 37.7946825304 11.304, -83.3993187512 37.7945758691 11.318, -83.3989176991 37.7943406515 11.345, -83.3987435486 37.7942319485 11.357, -83.3983453322 37.7939838732 11.385, -83.398160104 37.7938752227 11.397, -83.3979720877 37.7937780547 11.41, -83.3977797861 37.7936959108 11.422, -83.3976797204 37.7936636889 11.428, -83.3975802748 37.7936336769 11.433, -83.397393368 37.7935997173 11.444, -83.3971552082 37.7935770944 11.457, -83.3970445561 37.7935729575 11.463, -83.3968205938 37.7935720464 11.475, -83.3967079587 37.7935758363 11.482, -83.3962853946 37.7936039162 11.505, -83.3952655753 37.7936991562 11.561, -83.3946713977 37.793745772 11.593, -83.3945518154 37.7937502446 11.6, -83.3943123533 37.7937468207 11.613, -83.3940757853 37.7937286185 11.626, -83.3938347182 37.7936886231 11.639, -83.3936043701 37.7936381271 11.652, -83.393373378 37.7935752562 11.666, -83.3917972983 37.7931134325 11.757, -83.3895793582 37.7924788117 11.886, -83.3880704726 37.7920498797 11.974, -83.3878680142 37.7919936141 11.985, -83.3876629317 37.7919436147 11.997, -83.3874495253 37.7919049849 12.009, -83.3872260103 37.7918793401 12.021, -83.3869962905 37.7918637342 12.034, -83.385183751 37.7918055878 12.133, -83.3850051591 37.7918041931 12.143, -83.3847964653 37.7918131816 12.154, -83.3846964743 37.7918221591 12.16, -83.3845059566 37.7918581625 12.17, -83.3843258084 37.7919163513 12.181, -83.3841576882 37.7919989577 12.192, -83.384000656 37.7921029412 12.203, -83.3838497565 37.7922207855 12.215, -83.3836247404 37.7924154339 12.233, -83.3834062098 37.7926129607 12.251, -83.3831410732 37.7929037801 12.276, -83.3829167399 37.7932393765 12.302, -83.3825942216 37.7937438765 12.341, -83.3824207281 37.7939835176 12.36, -83.3822894411 37.7941374682 12.373, -83.3822161008 37.7942115414 12.379, -83.3820533946 37.7943519475 12.392, -83.3818659664 37.7944750968 12.406, -83.3817645677 37.794528 12.412, -83.3816590779 37.7945788971 12.419, -83.3814369137 37.7946623345 12.432, -83.3812011792 37.7947262682 12.446, -83.3809582507 37.794766154 12.46, -83.3808055779 37.7947768139 12.468, -83.3807112249 37.7947826055 12.473, -83.380461105 37.7947767404 12.487, -83.3802108284 37.794754114 12.501, -83.379190307 37.7946321666 12.557, -83.3786662327 37.7945647291 12.586, -83.3784043419 37.7945264795 12.601, -83.3781496785 37.7944787596 12.615, -83.3779031721 37.7944141704 12.629, -83.3776663038 37.7943297204 12.643, -83.3774435449 37.7942263227 12.657, -83.3771851216 37.794079898 12.675, -83.3764884232 37.7936413807 12.723, -83.3763056226 37.7935335686 12.736, -83.3761082833 37.7934257369 12.749, -83.3759202972 37.7933285339 12.761, -83.3755079398 37.7931460285 12.787, -83.3742608444 37.7926307207 12.864, -83.3740751577 37.7925591106 12.875, -83.3738961282 37.7925065912 12.885, -83.3737191903 37.7924859818 12.895, -83.3735449393 37.7925003172 12.904, -83.3734863316 37.7925142427 12.908, -83.3733745356 37.792545775 12.914, -83.3732082534 37.7926138428 12.924, -83.3725025923 37.7929515021 12.969, -83.3719609095 37.7932496172 13.005, -83.3717640933 37.7933412421 13.018, -83.3716069358 37.7934053716 13.027, -83.3713265067 37.7934917323 13.044, -83.371029397 37.7935585241 13.06, -83.3708433291 37.793584979 13.071, -83.3705914988 37.7936109278 13.085, -83.3703409336 37.7936190434 13.098, -83.3702346829 37.7936179915 13.104, -83.3700910496 37.7936167329 13.112, -83.368848749 37.7935775687 13.179, -83.3674143609 37.7935259831 13.257, -83.3671146995 37.7935105689 13.273, -83.3668799649 37.7934893276 13.286, -83.3666527435 37.7934498318 13.299, -83.366508005 37.7934076109 13.307, -83.3663873081 37.7933606577 13.314, -83.3662426277 37.7932843727 13.324, -83.3660582997 37.7931707432 13.337, -83.3658014587 37.7929759725 13.356, -83.3638775194 37.7915075259 13.501, -83.3635195738 37.7912277296 13.528, -83.3633135245 37.7910471708 13.545, -83.3632062312 37.790928233 13.555, -83.3630460258 37.7907216812 13.571, -83.362967864 37.7905904221 13.581, -83.3628099599 37.7902803428 13.604, -83.3625541852 37.7896987674 13.646, -83.3625023308 37.7896106249 13.653, -83.3624717417 37.7895715419 13.656, -83.3624072474 37.7894996264 13.662, -83.362368506 37.7894664219 13.665, -83.3622862275 37.7894092553 13.671, -83.3621415424 37.7893335137 13.68, -83.3620861877 37.78931096 13.684, -83.3619720375 37.7892759489 13.69, -83.3617875695 37.7892315424 13.701, -83.3615762962 37.789202524 13.712, -83.360867626 37.7891499376 13.751, -83.3605710071 37.7891158879 13.767, -83.3602956345 37.7890671582 13.783, -83.3600752416 37.7890096548 13.795, -83.3599132175 37.7889563608 13.805, -83.3596067334 37.7888204573 13.824, -83.3587334957 37.7883969229 13.88, -83.3583316847 37.7881794057 13.906, -83.35818846 37.788090776 13.916, -83.3580081657 37.7879601827 13.929, -83.3578090667 37.7877794809 13.946, -83.3577020446 37.7876632898 13.955, -83.3575729791 37.7875007706 13.969, -83.3574247095 37.7872897827 13.985, -83.3563882724 37.7857153627 14.107, -83.3559484562 37.785067934 14.157, -83.355296087 37.7840892457 14.233, -83.355200659 37.7839573541 14.244, -83.3551038191 37.7838476869 14.253, -83.3549941445 37.7837602864 14.261, -83.3548759894 37.7836996362 14.269, -83.354760247 37.7836607391 14.276, -83.3546598303 37.7836402859 14.281, -83.354358811 37.7836039317 14.298)"
"District 10","Wolfe","10-80418.00","KY","191","KY-191","REALIGNMENT","10.256","14.298","Hill and curve correction on KY 191 between Hazel Green and KY 205 (02CCN)(08CCR)(10CCR). THIS PROJECT REPLACES SYP 10-8102. (2026CCN)","","2026","2026","U","SPP","900000","2030","","","","119-KY-0191-000","LINESTRING Z (-83.4165546309 37.7976125597 10.256, -83.4156912848 37.7981814535 10.317, -83.415540553 37.7980207685 10.331, -83.4154188327 37.7978732967 10.343, -83.4151108937 37.7975267977 10.372, -83.4148607725 37.7972243033 10.397, -83.4145942269 37.7969157128 10.423, -83.4144853711 37.79679954 10.433, -83.4143122503 37.7966353871 10.448, -83.4141815549 37.7965311425 10.458, -83.4140311817 37.7964361216 10.469, -83.4138641126 37.7963545056 10.479, -83.4136881525 37.796280405 10.49, -83.4135081523 37.7962246305 10.501, -83.4133139216 37.7961809355 10.512, -83.4131216985 37.7961504674 10.523, -83.4125021059 37.7960917224 10.557, -83.4117058079 37.7960154498 10.601, -83.4109772893 37.7959526076 10.641, -83.4103870743 37.7958955355 10.673, -83.4102983713 37.7958869023 10.678, -83.4099016009 37.7958435669 10.7, -83.4096811029 37.7958095074 10.712, -83.4095717032 37.7957875501 10.719, -83.409460962 37.7957641916 10.725, -83.4092437287 37.7957035484 10.737, -83.4090314287 37.795629267 10.75, -83.4088258078 37.7955408319 10.763, -83.4086413904 37.7954278186 10.776, -83.4081210996 37.7950756979 10.813, -83.4078086542 37.7948840347 10.835, -83.4076817027 37.7948150218 10.843, -83.407495616 37.7947330179 10.855, -83.4074007505 37.7947003583 10.861, -83.4072864316 37.7946697841 10.867, -83.40709733 37.7946283784 10.878, -83.4069475217 37.794603415 10.886, -83.4067145456 37.7945809149 10.899, -83.4064752714 37.7945714762 10.913, -83.4062361686 37.7945785232 10.926, -83.4060017586 37.7946013228 10.939, -83.4057705051 37.7946338004 10.952, -83.4053128559 37.7947092908 10.977, -83.4045740992 37.7948390624 11.019, -83.4037717028 37.7949777243 11.063, -83.4028010182 37.7951391198 11.118, -83.4025645718 37.7951714872 11.131, -83.4022075644 37.7952063927 11.15, -83.4019700573 37.7952175838 11.164, -83.4017329253 37.7952169689 11.177, -83.4014965044 37.7952048298 11.19, -83.4012193988 37.7951764917 11.205, -83.4008982192 37.7951296911 11.223, -83.40065807 37.7950823103 11.236, -83.4004220933 37.7950234739 11.25, -83.400190618 37.7949537376 11.263, -83.3999629764 37.7948722645 11.277, -83.3997421711 37.7947826861 11.291, -83.3995282801 37.7946825304 11.304, -83.3993187512 37.7945758691 11.318, -83.3989176991 37.7943406515 11.345, -83.3987435486 37.7942319485 11.357, -83.3983453322 37.7939838732 11.385, -83.398160104 37.7938752227 11.397, -83.3979720877 37.7937780547 11.41, -83.3977797861 37.7936959108 11.422, -83.3976797204 37.7936636889 11.428, -83.3975802748 37.7936336769 11.433, -83.397393368 37.7935997173 11.444, -83.3971552082 37.7935770944 11.457, -83.3970445561 37.7935729575 11.463, -83.3968205938 37.7935720464 11.475, -83.3967079587 37.7935758363 11.482, -83.3962853946 37.7936039162 11.505, -83.3952655753 37.7936991562 11.561, -83.3946713977 37.793745772 11.593, -83.3945518154 37.7937502446 11.6, -83.3943123533 37.7937468207 11.613, -83.3940757853 37.7937286185 11.626, -83.3938347182 37.7936886231 11.639, -83.3936043701 37.7936381271 11.652, -83.393373378 37.7935752562 11.666, -83.3917972983 37.7931134325 11.757, -83.3895793582 37.7924788117 11.886, -83.3880704726 37.7920498797 11.974, -83.3878680142 37.7919936141 11.985, -83.3876629317 37.7919436147 11.997, -83.3874495253 37.7919049849 12.009, -83.3872260103 37.7918793401 12.021, -83.3869962905 37.7918637342 12.034, -83.385183751 37.7918055878 12.133, -83.3850051591 37.7918041931 12.143, -83.3847964653 37.7918131816 12.154, -83.3846964743 37.7918221591 12.16, -83.3845059566 37.7918581625 12.17, -83.3843258084 37.7919163513 12.181, -83.3841576882 37.7919989577 12.192, -83.384000656 37.7921029412 12.203, -83.3838497565 37.7922207855 12.215, -83.3836247404 37.7924154339 12.233, -83.3834062098 37.7926129607 12.251, -83.3831410732 37.7929037801 12.276, -83.3829167399 37.7932393765 12.302, -83.3825942216 37.7937438765 12.341, -83.3824207281 37.7939835176 12.36, -83.3822894411 37.7941374682 12.373, -83.3822161008 37.7942115414 12.379, -83.3820533946 37.7943519475 12.392, -83.3818659664 37.7944750968 12.406, -83.3817645677 37.794528 12.412, -83.3816590779 37.7945788971 12.419, -83.3814369137 37.7946623345 12.432, -83.3812011792 37.7947262682 12.446, -83.3809582507 37.794766154 12.46, -83.3808055779 37.7947768139 12.468, -83.3807112249 37.7947826055 12.473, -83.380461105 37.7947767404 12.487, -83.3802108284 37.794754114 12.501, -83.379190307 37.7946321666 12.557, -83.3786662327 37.7945647291 12.586, -83.3784043419 37.7945264795 12.601, -83.3781496785 37.7944787596 12.615, -83.3779031721 37.7944141704 12.629, -83.3776663038 37.7943297204 12.643, -83.3774435449 37.7942263227 12.657, -83.3771851216 37.794079898 12.675, -83.3764884232 37.7936413807 12.723, -83.3763056226 37.7935335686 12.736, -83.3761082833 37.7934257369 12.749, -83.3759202972 37.7933285339 12.761, -83.3755079398 37.7931460285 12.787, -83.3742608444 37.7926307207 12.864, -83.3740751577 37.7925591106 12.875, -83.3738961282 37.7925065912 12.885, -83.3737191903 37.7924859818 12.895, -83.3735449393 37.7925003172 12.904, -83.3734863316 37.7925142427 12.908, -83.3733745356 37.792545775 12.914, -83.3732082534 37.7926138428 12.924, -83.3725025923 37.7929515021 12.969, -83.3719609095 37.7932496172 13.005, -83.3717640933 37.7933412421 13.018, -83.3716069358 37.7934053716 13.027, -83.3713265067 37.7934917323 13.044, -83.371029397 37.7935585241 13.06, -83.3708433291 37.793584979 13.071, -83.3705914988 37.7936109278 13.085, -83.3703409336 37.7936190434 13.098, -83.3702346829 37.7936179915 13.104, -83.3700910496 37.7936167329 13.112, -83.368848749 37.7935775687 13.179, -83.3674143609 37.7935259831 13.257, -83.3671146995 37.7935105689 13.273, -83.3668799649 37.7934893276 13.286, -83.3666527435 37.7934498318 13.299, -83.366508005 37.7934076109 13.307, -83.3663873081 37.7933606577 13.314, -83.3662426277 37.7932843727 13.324, -83.3660582997 37.7931707432 13.337, -83.3658014587 37.7929759725 13.356, -83.3638775194 37.7915075259 13.501, -83.3635195738 37.7912277296 13.528, -83.3633135245 37.7910471708 13.545, -83.3632062312 37.790928233 13.555, -83.3630460258 37.7907216812 13.571, -83.362967864 37.7905904221 13.581, -83.3628099599 37.7902803428 13.604, -83.3625541852 37.7896987674 13.646, -83.3625023308 37.7896106249 13.653, -83.3624717417 37.7895715419 13.656, -83.3624072474 37.7894996264 13.662, -83.362368506 37.7894664219 13.665, -83.3622862275 37.7894092553 13.671, -83.3621415424 37.7893335137 13.68, -83.3620861877 37.78931096 13.684, -83.3619720375 37.7892759489 13.69, -83.3617875695 37.7892315424 13.701, -83.3615762962 37.789202524 13.712, -83.360867626 37.7891499376 13.751, -83.3605710071 37.7891158879 13.767, -83.3602956345 37.7890671582 13.783, -83.3600752416 37.7890096548 13.795, -83.3599132175 37.7889563608 13.805, -83.3596067334 37.7888204573 13.824, -83.3587334957 37.7883969229 13.88, -83.3583316847 37.7881794057 13.906, -83.35818846 37.788090776 13.916, -83.3580081657 37.7879601827 13.929, -83.3578090667 37.7877794809 13.946, -83.3577020446 37.7876632898 13.955, -83.3575729791 37.7875007706 13.969, -83.3574247095 37.7872897827 13.985, -83.3563882724 37.7857153627 14.107, -83.3559484562 37.785067934 14.157, -83.355296087 37.7840892457 14.233, -83.355200659 37.7839573541 14.244, -83.3551038191 37.7838476869 14.253, -83.3549941445 37.7837602864 14.261, -83.3548759894 37.7836996362 14.269, -83.354760247 37.7836607391 14.276, -83.3546598303 37.7836402859 14.281, -83.354358811 37.7836039317 14.298)"
