"DISTRICT","COUNTY","SYP_NO","ROUTE_PREFIX","ROUTE_NO","ROUTE","TYPE_WORK","BMP","EMP","DESCRIPTION","BRIDGE_ID","ENACT_INITIAL_YEAR","ENACT_YEAR","ENACT_PHASE","FUND_CODE","RSY_FUND","RSY_YEAR","LATEST_LETTING_DATE","AWARDED","NUMBER_OF_LETTINGS","RT_UNIQUE","GEOMETRY_WKT"
"District 03","Allen","03-00320.00","KY","100","KY-100","RECONSTRUCTION(O)","3.1","4.2","IMPROVEMENTS TO KY 100: CURVE, BRIDGE, AND INTERSECTION IMPROVEMENTS FROM NEAR THE STONY POINT ROAD INTERSECTION TO EAST OF THE ALONZO LONG HOLLOW ROAD INTERSECTION (12CCR)(18CCN) (2020CCR) (2024CCR)","","2012","2026","C","SPP","11780000","2026","","","","002-KY-0100-000","LINESTRING (-86.3623745226 36.6879963878, -86.3621665525 36.6879913073, -86.3619845025 36.6879972119, -86.3617459789 36.6880193442, -86.3612837514 36.6880830283, -86.3608277521 36.6881579373, -86.3581544192 36.6886416307, -86.3578485946 36.6886912971, -86.3574677018 36.6887353146, -86.3573375148 36.6887450598, -86.3568025421 36.6887539049, -86.3565382226 36.6887492465, -86.3564092659 36.6887425059, -86.35454557 36.6886055881, -86.3540376725 36.6885887372, -86.3538044448 36.6885916009, -86.3536943615 36.6885993151, -86.3534814487 36.6886265148, -86.3533786156 36.6886454506, -86.3531771513 36.6886967588, -86.3529785295 36.6887626072, -86.3527854561 36.6888399606, -86.3526034071 36.6889312641, -86.3524323863 36.6890370652, -86.3522693187 36.6891568307, -86.3521883382 36.6892217916, -86.3517778641 36.6895754613, -86.3512455763 36.6900486801, -86.3510607604 36.6902210127, -86.3508706966 36.690376895, -86.3502996879 36.6908709073, -86.3501004287 36.6910287579, -86.34989257 36.691177315, -86.3496764446 36.6913157534, -86.3494516945 36.6914418764, -86.3492179834 36.6915562365, -86.3490990377 36.6916079342, -86.3489780393 36.6916588183, -86.3487325512 36.6917504433, -86.3484829037 36.6918338495, -86.3475848548 36.6921172425, -86.3459223316 36.6926297655, -86.3451703049 36.6928802557, -86.3449302282 36.6929674498, -86.3447986921 36.6930233276, -86.3446606278 36.6930853589)"
"District 03","Allen","03-08802.00","KY","100","KY-100","MAJOR WIDENING(O)","11.8","12.7","WIDENING OF KY 100 (FRANKLIN ROAD) TO 3 LANES WITH URBAN SECTION FROM OLIVER STREET TO US 31E TO INCREASE CAPACITY/SAFETY. MP 11.800-12.700 (14CCN)(18CCN)  (2020CCR) (2024CCR)","","2014","2026","R","SPP","610000","2029","","","","002-KY-0100-000","LINESTRING (-86.2330713714 36.7447683871, -86.2325076673 36.7447292589, -86.2312956926 36.7446516293, -86.2311007115 36.7446326641, -86.2309043162 36.7446060149, -86.2308110417 36.7445888251, -86.2307068334 36.7445694828, -86.2305089463 36.7445230657, -86.230309978 36.7444675893, -86.2297101451 36.74426986, -86.2295243746 36.744196751, -86.2293238361 36.7441088712, -86.2291428954 36.744043706, -86.2287645173 36.743895316, -86.2278188816 36.7435180172, -86.2269982081 36.7432028155, -86.2260789483 36.742838577, -86.2246322216 36.7422735335, -86.2237027374 36.7419076713, -86.2232490743 36.7417222201, -86.2229404349 36.74158973, -86.2227888962 36.7415315756, -86.2222179151 36.7413023819, -86.2210378672 36.7408092615, -86.2199343667 36.7403311985, -86.2193794437 36.7401024756, -86.2187718382 36.7398519918, -86.2181555618 36.7395882011)"
"District 03","Allen","03-08802.00","KY","100","KY-100","MAJOR WIDENING(O)","11.8","12.7","WIDENING OF KY 100 (FRANKLIN ROAD) TO 3 LANES WITH URBAN SECTION FROM OLIVER STREET TO US 31E TO INCREASE CAPACITY/SAFETY. MP 11.800-12.700 (14CCN)(18CCN)  (2020CCR) (2024CCR)","","2014","2026","U","SPP","580000","2029","","","","002-KY-0100-000","LINESTRING (-86.2330713714 36.7447683871, -86.2325076673 36.7447292589, -86.2312956926 36.7446516293, -86.2311007115 36.7446326641, -86.2309043162 36.7446060149, -86.2308110417 36.7445888251, -86.2307068334 36.7445694828, -86.2305089463 36.7445230657, -86.230309978 36.7444675893, -86.2297101451 36.74426986, -86.2295243746 36.744196751, -86.2293238361 36.7441088712, -86.2291428954 36.744043706, -86.2287645173 36.743895316, -86.2278188816 36.7435180172, -86.2269982081 36.7432028155, -86.2260789483 36.742838577, -86.2246322216 36.7422735335, -86.2237027374 36.7419076713, -86.2232490743 36.7417222201, -86.2229404349 36.74158973, -86.2227888962 36.7415315756, -86.2222179151 36.7413023819, -86.2210378672 36.7408092615, -86.2199343667 36.7403311985, -86.2193794437 36.7401024756, -86.2187718382 36.7398519918, -86.2181555618 36.7395882011)"
"District 03","Allen","03-08802.00","KY","100","KY-100","MAJOR WIDENING(O)","11.8","12.7","WIDENING OF KY 100 (FRANKLIN ROAD) TO 3 LANES WITH URBAN SECTION FROM OLIVER STREET TO US 31E TO INCREASE CAPACITY/SAFETY. MP 11.800-12.700 (14CCN)(18CCN)  (2020CCR) (2024CCR)","","2014","2026","C","SPP","720000","2030","","","","002-KY-0100-000","LINESTRING (-86.2330713714 36.7447683871, -86.2325076673 36.7447292589, -86.2312956926 36.7446516293, -86.2311007115 36.7446326641, -86.2309043162 36.7446060149, -86.2308110417 36.7445888251, -86.2307068334 36.7445694828, -86.2305089463 36.7445230657, -86.230309978 36.7444675893, -86.2297101451 36.74426986, -86.2295243746 36.744196751, -86.2293238361 36.7441088712, -86.2291428954 36.744043706, -86.2287645173 36.743895316, -86.2278188816 36.7435180172, -86.2269982081 36.7432028155, -86.2260789483 36.742838577, -86.2246322216 36.7422735335, -86.2237027374 36.7419076713, -86.2232490743 36.7417222201, -86.2229404349 36.74158973, -86.2227888962 36.7415315756, -86.2222179151 36.7413023819, -86.2210378672 36.7408092615, -86.2199343667 36.7403311985, -86.2193794437 36.7401024756, -86.2187718382 36.7398519918, -86.2181555618 36.7395882011)"
"District 03","Allen","03-10026.00","CR","1043","CR-1043","AM-BRIDGE (P)","4.81","4.818","BRIDGE PROJECT IN ALLEN COUNTY ON (002C00004N) JEFFERSON SCHOOL R AT DIFFICULT CREEK","002C00004N","2022","2026","D","FBP2","139182","2028","","","","002-CR-1043-000","LINESTRING (-86.157513972 36.8492181379, -86.1575213378 36.8492320272, -86.1575860056 36.8493200749)"
"District 03","Allen","03-10026.00","CR","1043","CR-1043","AM-BRIDGE (P)","4.81","4.818","BRIDGE PROJECT IN ALLEN COUNTY ON (002C00004N) JEFFERSON SCHOOL R AT DIFFICULT CREEK","002C00004N","2022","2026","C","FBP2","927878","2028","","","","002-CR-1043-000","LINESTRING (-86.157513972 36.8492181379, -86.1575213378 36.8492320272, -86.1575860056 36.8493200749)"
"District 03","Allen","03-10028.00","CR","1220","CR-1220","AM-BRIDGE (P)","0.207","0.215","BRIDGE PROJECT IN ALLEN COUNTY ON (002C00033N) PETROLEUM RD AT LITTLE TRAMMEL CREEK","002C00033N","2022","2026","C","FBP2","1015151","2032","","","","002-CR-1220-000","LINESTRING (-86.2493268377 36.6806038761, -86.2492193741 36.6806789243)"
"District 03","Allen","03-10028.00","CR","1220","CR-1220","AM-BRIDGE (P)","0.207","0.215","BRIDGE PROJECT IN ALLEN COUNTY ON (002C00033N) PETROLEUM RD AT LITTLE TRAMMEL CREEK","002C00033N","2022","2026","D","FBP2","152273","2032","","","","002-CR-1220-000","LINESTRING (-86.2493268377 36.6806038761, -86.2492193741 36.6806789243)"
"District 03","Allen","03-20039.00","US","31","US-31","AM-PAVEMENT (PRI)(P)","0.0","8.607","ADDRESS CONDITION OF US-231 FROM MILEPOINT 0 TO MILEPOINT 8.569","","2024","2026","C","STP5","10120000","2030","","","","002-US-0031E-000","LINESTRING (-86.2445421805 36.6424178925, -86.2446720871 36.6427900153, -86.244800947 36.6432102045, -86.2448875918 36.6435333531, -86.2449343671 36.6437534093, -86.2449729883 36.6439773453, -86.2450264221 36.644432186, -86.2450419173 36.6446633614, -86.2450482175 36.6448956746, -86.2450372353 36.6452464297, -86.24501808 36.6455983173, -86.2448505014 36.6473745432, -86.2447629457 36.6482087073, -86.2447227797 36.6486826226, -86.2446993372 36.6491603118, -86.2446881689 36.6496384978, -86.2446908998 36.6498463843, -86.2447108997 36.650244244, -86.2447526614 36.650841395, -86.2448169092 36.6513335403, -86.2448546274 36.6515750568, -86.245149308 36.6532611518, -86.2452000449 36.6535125006, -86.2452791851 36.6539878287, -86.2458489109 36.6571659349, -86.2461511621 36.6589077481, -86.2462989058 36.6597562856, -86.2464452384 36.6605452341, -86.2465837882 36.6612394669, -86.2466610181 36.6615777607, -86.2467920976 36.6620177129, -86.2469019581 36.6623415853, -86.247230725 36.6632407034, -86.2475020883 36.6639640257, -86.2478753039 36.664932433, -86.2480506559 36.6653636809, -86.2482945255 36.6659997856, -86.2483835594 36.666214167, -86.2484650934 36.666428581, -86.2486230879 36.666863198, -86.2487698899 36.667306102, -86.2489553553 36.6679754141, -86.2491829918 36.6688853985, -86.2494476634 36.6700325091, -86.2495562563 36.6704698095, -86.2500812984 36.6726764379, -86.2504914163 36.6743623034, -86.2508788474 36.6760177816, -86.2509657407 36.6763686652, -86.251221631 36.6773156006, -86.2513646085 36.6777931234, -86.2515042492 36.6782302895, -86.2520006679 36.6797592348, -86.2523796863 36.6809121623, -86.2525857873 36.6815981331, -86.2527140165 36.6820603388, -86.2528340848 36.6825256007, -86.253021901 36.6833313918, -86.2531912625 36.6841303977, -86.2532761659 36.684588397, -86.253311472 36.6848194871, -86.2533684713 36.6852858464, -86.2533884621 36.6855213978, -86.253405162 36.6858764298, -86.2534074317 36.6861134312, -86.2533985532 36.6864680259, -86.2533739606 36.6868182942, -86.2533370756 36.6871661436, -86.2532736591 36.6876258864, -86.2527509565 36.6908966051, -86.2523672813 36.6932387224, -86.252224819 36.6941703583, -86.2519806446 36.6956517097, -86.2514075104 36.6992014012, -86.2509362701 36.7020810868, -86.2508698784 36.7024568033, -86.2507946084 36.7028309093, -86.2506741199 36.7033293477, -86.2505712126 36.7037021998, -86.2504964519 36.7039485982, -86.250374397 36.7043146669, -86.2502876624 36.7045556241, -86.2501004858 36.7050282583, -86.2498494889 36.705598115, -86.249691387 36.7059300099, -86.2495247152 36.706255899, -86.249346745 36.7065755194, -86.2492226173 36.7067850529, -86.2488934871 36.7073019648, -86.2484732186 36.7079123696, -86.2482531652 36.7082137691, -86.2478685971 36.7087053757, -86.2476286583 36.7089923032, -86.2473804977 36.7092740476, -86.2471234511 36.7095533582, -86.24676534 36.7099215349, -86.2463928736 36.7102856525, -86.2461016279 36.7105527486, -86.2458028424 36.7108149322, -86.2454968623 36.7110724774, -86.2451826592 36.7113248392, -86.2447570789 36.7116545739, -86.2441311889 36.7121287968, -86.2432700563 36.7127795105, -86.2410960501 36.7144384898, -86.2368330361 36.7176513333, -86.2329143151 36.7206132144, -86.2292213357 36.7233922212, -86.2286703327 36.7238168905, -86.2282440065 36.7241592013, -86.2279345212 36.72442001, -86.2275389819 36.7247761978, -86.2271625627 36.725135052, -86.2267181643 36.7255886598, -86.226298013 36.7260468345, -86.2259806852 36.7264183499, -86.2257565967 36.7266980275, -86.225542067 36.7269787639, -86.225336757 36.7272611093, -86.2251376225 36.7275491975, -86.2247534516 36.7281431657, -86.224509369 36.7285539247, -86.2243926462 36.7287642262, -86.2241829424 36.7291627598, -86.2233975016 36.7307294846, -86.2230741147 36.7313904855, -86.2220787253 36.7333820998, -86.2213741264 36.7347411311, -86.2207742857 36.7358871618, -86.220213731 36.7369885394, -86.2194279503 36.7385272276, -86.2187718382 36.7398519918, -86.2181699313 36.7410625588, -86.2173732026 36.7426103399, -86.2161618679 36.744991665, -86.2158568112 36.74560204, -86.2143724038 36.7485977117, -86.2141796943 36.7490024773, -86.2140891399 36.7492046991, -86.2139244394 36.7496137467, -86.2137843456 36.750028737, -86.2136698648 36.750446646, -86.2136237228 36.7506566552, -86.2135917285 36.7508366711, -86.2135570575 36.7510804145, -86.2135341386 36.751293077, -86.2135173603 36.75150544, -86.2135032836 36.7518235283, -86.2135000201 36.7523453552, -86.213521287 36.75407687, -86.2135186712 36.7543718429, -86.213506745 36.7546514733, -86.2134735296 36.7550761976, -86.2134208336 36.7554968811, -86.2133398284 36.7559761753, -86.2132725218 36.7562969487, -86.2133902574 36.7563494832, -86.2136780575 36.7563612415, -86.2139391489 36.7563590988, -86.2142387589 36.7563488362, -86.2143855293 36.7563496218, -86.2162550063 36.7563660153, -86.2173992113 36.7563855773, -86.2178788637 36.7564025942, -86.2183182892 36.7564274598, -86.2187680482 36.7564671136, -86.2192301986 36.7565234685, -86.2196941486 36.7565946446, -86.2201592119 36.7566798209, -86.2203963921 36.7567288429, -86.2213941029 36.7569535666, -86.2230670068 36.7573504752, -86.2249634225 36.7577901117, -86.225426622 36.7579024639, -86.2260191107 36.7580568525, -86.2265333981 36.7582049686, -86.2270488005 36.7583670843, -86.2275653202 36.7585434748, -86.2280808957 36.75873195, -86.2285855954 36.7589273349, -86.2290787266 36.7591282568, -86.2295671468 36.7593390845, -86.2300535918 36.7595609032, -86.2302891567 36.7596752771, -86.2305401317 36.7597972755, -86.2310182096 36.7600441179, -86.2314819846 36.7602956859, -86.2319314603 36.7605525295, -86.2323704328 36.7608209504, -86.2330158681 36.7612412095, -86.2334341335 36.7615261902, -86.2338442778 36.7618216408, -86.234440149 36.7622813721, -86.2348787021 36.7626404163, -86.2385552915 36.7657860943, -86.2406093905 36.7675334729, -86.2413973684 36.7681758162, -86.2419086089 36.7685729769, -86.2425764395 36.7690581781, -86.2432612806 36.7695334169, -86.2447806821 36.7705609665, -86.2496603137 36.7738379338, -86.2543448895 36.7769839941, -86.2552325001 36.7775851659, -86.2564561705 36.7784026545, -86.2575475496 36.7791418872, -86.2582176912 36.7795866181, -86.2585304048 36.7797840873, -86.2586792188 36.7798781861, -86.2589154012 36.7800172177, -86.2591539326 36.7801501954, -86.2596339673 36.7804007576, -86.2601255115 36.7806364362, -86.2606288895 36.7808544838, -86.2608815477 36.7809552633, -86.2613936145 36.7811449816, -86.2619240321 36.7813217083, -86.2621255316 36.7813801415, -86.2624679799 36.7814794229, -86.2630237536 36.7816186811, -86.263597513 36.7817416538, -86.2638874096 36.7817947485, -86.2641779498 36.7818420729, -86.2647623565 36.7819237965, -86.2653555509 36.7819922945, -86.2661560242 36.7820650867, -86.2702248605 36.7824091648, -86.2720570438 36.7825640711, -86.2726263391 36.7826309925, -86.2732672661 36.7827368615, -86.2738799379 36.7828543897, -86.2742475796 36.7829400647, -86.2751270947 36.7831807921, -86.2768594087 36.7837450166, -86.2780660447 36.7841317189, -86.2804328124 36.7848901935, -86.2818637031 36.7853573996, -86.2825412907 36.7855720822, -86.2834934096 36.7858829967, -86.2840830069 36.7861109825, -86.2846501144 36.7863448379, -86.2852705387 36.7866330966, -86.2855584465 36.7867855682, -86.2863150707 36.7872105144, -86.2870348496 36.7876864349, -86.2877778249 36.7882531498, -86.2880886605 36.7885063016, -86.288506352 36.7888987498, -86.2887147971 36.7891103544, -86.2890532662 36.7894540079, -86.2895399714 36.7900403025, -86.2899893824 36.7906627483, -86.2903400254 36.7912252311, -86.2905693862 36.7916366746, -86.2909813499 36.7923199871, -86.2917698148 36.7936906172, -86.2919509108 36.7939894056, -86.2927144914 36.7953140067, -86.2935066965 36.7966736228, -86.2938158425 36.7972044318, -86.2941036213 36.797660911, -86.2945155528 36.7982835158, -86.2948579605 36.7987369914, -86.2953296538 36.7993107011, -86.296090883 36.8001557658, -86.2970860546 36.8012798594, -86.2989640329 36.8033755773, -86.2994411505 36.8039355132, -86.2999904217 36.8045533288, -86.3005454507 36.8051634257, -86.300865235 36.8055499785, -86.3011923746 36.8059609381, -86.3015734341 36.8065048433, -86.3017098753 36.8067131977, -86.3018784421 36.8069705608, -86.3020162013 36.807218458, -86.3027348485 36.8085676541, -86.3034717187 36.8100222216, -86.3043800685 36.8117983972, -86.3050154705 36.8130567974, -86.306590608 36.8161150972, -86.3071197547 36.8171770761, -86.3075636747 36.8180301842, -86.3079233985 36.8187683454, -86.3081337574 36.8191727082, -86.3084896778 36.8198573296, -86.309170986 36.8212063945, -86.3095851825 36.822144504, -86.3102163689 36.8238214547, -86.3104302384 36.8243721822, -86.3115778693 36.827399253, -86.3119472189 36.8283620154, -86.3122020404 36.8289943853, -86.3123315155 36.8293123444, -86.3125688767 36.8298022584, -86.3128292683 36.830310461, -86.3130434073 36.8307098534, -86.3135321603 36.8315080694, -86.3139059686 36.8320580149, -86.3142492612 36.832547685, -86.3144551687 36.8328048493, -86.3150183129 36.8334961363, -86.315345331 36.8338644898, -86.3156801643 36.8342267627, -86.316356514 36.8348848086, -86.3172169956 36.8356726819, -86.3178085318 36.8361364109)"
"District 03","Allen","03-20039.00","US","31","US-31","AM-PAVEMENT (PRI)(P)","0.0","8.607","ADDRESS CONDITION OF US-231 FROM MILEPOINT 0 TO MILEPOINT 8.569","","2024","2026","D","STP5","880000","2030","","","","002-US-0031E-000","LINESTRING (-86.2445421805 36.6424178925, -86.2446720871 36.6427900153, -86.244800947 36.6432102045, -86.2448875918 36.6435333531, -86.2449343671 36.6437534093, -86.2449729883 36.6439773453, -86.2450264221 36.644432186, -86.2450419173 36.6446633614, -86.2450482175 36.6448956746, -86.2450372353 36.6452464297, -86.24501808 36.6455983173, -86.2448505014 36.6473745432, -86.2447629457 36.6482087073, -86.2447227797 36.6486826226, -86.2446993372 36.6491603118, -86.2446881689 36.6496384978, -86.2446908998 36.6498463843, -86.2447108997 36.650244244, -86.2447526614 36.650841395, -86.2448169092 36.6513335403, -86.2448546274 36.6515750568, -86.245149308 36.6532611518, -86.2452000449 36.6535125006, -86.2452791851 36.6539878287, -86.2458489109 36.6571659349, -86.2461511621 36.6589077481, -86.2462989058 36.6597562856, -86.2464452384 36.6605452341, -86.2465837882 36.6612394669, -86.2466610181 36.6615777607, -86.2467920976 36.6620177129, -86.2469019581 36.6623415853, -86.247230725 36.6632407034, -86.2475020883 36.6639640257, -86.2478753039 36.664932433, -86.2480506559 36.6653636809, -86.2482945255 36.6659997856, -86.2483835594 36.666214167, -86.2484650934 36.666428581, -86.2486230879 36.666863198, -86.2487698899 36.667306102, -86.2489553553 36.6679754141, -86.2491829918 36.6688853985, -86.2494476634 36.6700325091, -86.2495562563 36.6704698095, -86.2500812984 36.6726764379, -86.2504914163 36.6743623034, -86.2508788474 36.6760177816, -86.2509657407 36.6763686652, -86.251221631 36.6773156006, -86.2513646085 36.6777931234, -86.2515042492 36.6782302895, -86.2520006679 36.6797592348, -86.2523796863 36.6809121623, -86.2525857873 36.6815981331, -86.2527140165 36.6820603388, -86.2528340848 36.6825256007, -86.253021901 36.6833313918, -86.2531912625 36.6841303977, -86.2532761659 36.684588397, -86.253311472 36.6848194871, -86.2533684713 36.6852858464, -86.2533884621 36.6855213978, -86.253405162 36.6858764298, -86.2534074317 36.6861134312, -86.2533985532 36.6864680259, -86.2533739606 36.6868182942, -86.2533370756 36.6871661436, -86.2532736591 36.6876258864, -86.2527509565 36.6908966051, -86.2523672813 36.6932387224, -86.252224819 36.6941703583, -86.2519806446 36.6956517097, -86.2514075104 36.6992014012, -86.2509362701 36.7020810868, -86.2508698784 36.7024568033, -86.2507946084 36.7028309093, -86.2506741199 36.7033293477, -86.2505712126 36.7037021998, -86.2504964519 36.7039485982, -86.250374397 36.7043146669, -86.2502876624 36.7045556241, -86.2501004858 36.7050282583, -86.2498494889 36.705598115, -86.249691387 36.7059300099, -86.2495247152 36.706255899, -86.249346745 36.7065755194, -86.2492226173 36.7067850529, -86.2488934871 36.7073019648, -86.2484732186 36.7079123696, -86.2482531652 36.7082137691, -86.2478685971 36.7087053757, -86.2476286583 36.7089923032, -86.2473804977 36.7092740476, -86.2471234511 36.7095533582, -86.24676534 36.7099215349, -86.2463928736 36.7102856525, -86.2461016279 36.7105527486, -86.2458028424 36.7108149322, -86.2454968623 36.7110724774, -86.2451826592 36.7113248392, -86.2447570789 36.7116545739, -86.2441311889 36.7121287968, -86.2432700563 36.7127795105, -86.2410960501 36.7144384898, -86.2368330361 36.7176513333, -86.2329143151 36.7206132144, -86.2292213357 36.7233922212, -86.2286703327 36.7238168905, -86.2282440065 36.7241592013, -86.2279345212 36.72442001, -86.2275389819 36.7247761978, -86.2271625627 36.725135052, -86.2267181643 36.7255886598, -86.226298013 36.7260468345, -86.2259806852 36.7264183499, -86.2257565967 36.7266980275, -86.225542067 36.7269787639, -86.225336757 36.7272611093, -86.2251376225 36.7275491975, -86.2247534516 36.7281431657, -86.224509369 36.7285539247, -86.2243926462 36.7287642262, -86.2241829424 36.7291627598, -86.2233975016 36.7307294846, -86.2230741147 36.7313904855, -86.2220787253 36.7333820998, -86.2213741264 36.7347411311, -86.2207742857 36.7358871618, -86.220213731 36.7369885394, -86.2194279503 36.7385272276, -86.2187718382 36.7398519918, -86.2181699313 36.7410625588, -86.2173732026 36.7426103399, -86.2161618679 36.744991665, -86.2158568112 36.74560204, -86.2143724038 36.7485977117, -86.2141796943 36.7490024773, -86.2140891399 36.7492046991, -86.2139244394 36.7496137467, -86.2137843456 36.750028737, -86.2136698648 36.750446646, -86.2136237228 36.7506566552, -86.2135917285 36.7508366711, -86.2135570575 36.7510804145, -86.2135341386 36.751293077, -86.2135173603 36.75150544, -86.2135032836 36.7518235283, -86.2135000201 36.7523453552, -86.213521287 36.75407687, -86.2135186712 36.7543718429, -86.213506745 36.7546514733, -86.2134735296 36.7550761976, -86.2134208336 36.7554968811, -86.2133398284 36.7559761753, -86.2132725218 36.7562969487, -86.2133902574 36.7563494832, -86.2136780575 36.7563612415, -86.2139391489 36.7563590988, -86.2142387589 36.7563488362, -86.2143855293 36.7563496218, -86.2162550063 36.7563660153, -86.2173992113 36.7563855773, -86.2178788637 36.7564025942, -86.2183182892 36.7564274598, -86.2187680482 36.7564671136, -86.2192301986 36.7565234685, -86.2196941486 36.7565946446, -86.2201592119 36.7566798209, -86.2203963921 36.7567288429, -86.2213941029 36.7569535666, -86.2230670068 36.7573504752, -86.2249634225 36.7577901117, -86.225426622 36.7579024639, -86.2260191107 36.7580568525, -86.2265333981 36.7582049686, -86.2270488005 36.7583670843, -86.2275653202 36.7585434748, -86.2280808957 36.75873195, -86.2285855954 36.7589273349, -86.2290787266 36.7591282568, -86.2295671468 36.7593390845, -86.2300535918 36.7595609032, -86.2302891567 36.7596752771, -86.2305401317 36.7597972755, -86.2310182096 36.7600441179, -86.2314819846 36.7602956859, -86.2319314603 36.7605525295, -86.2323704328 36.7608209504, -86.2330158681 36.7612412095, -86.2334341335 36.7615261902, -86.2338442778 36.7618216408, -86.234440149 36.7622813721, -86.2348787021 36.7626404163, -86.2385552915 36.7657860943, -86.2406093905 36.7675334729, -86.2413973684 36.7681758162, -86.2419086089 36.7685729769, -86.2425764395 36.7690581781, -86.2432612806 36.7695334169, -86.2447806821 36.7705609665, -86.2496603137 36.7738379338, -86.2543448895 36.7769839941, -86.2552325001 36.7775851659, -86.2564561705 36.7784026545, -86.2575475496 36.7791418872, -86.2582176912 36.7795866181, -86.2585304048 36.7797840873, -86.2586792188 36.7798781861, -86.2589154012 36.7800172177, -86.2591539326 36.7801501954, -86.2596339673 36.7804007576, -86.2601255115 36.7806364362, -86.2606288895 36.7808544838, -86.2608815477 36.7809552633, -86.2613936145 36.7811449816, -86.2619240321 36.7813217083, -86.2621255316 36.7813801415, -86.2624679799 36.7814794229, -86.2630237536 36.7816186811, -86.263597513 36.7817416538, -86.2638874096 36.7817947485, -86.2641779498 36.7818420729, -86.2647623565 36.7819237965, -86.2653555509 36.7819922945, -86.2661560242 36.7820650867, -86.2702248605 36.7824091648, -86.2720570438 36.7825640711, -86.2726263391 36.7826309925, -86.2732672661 36.7827368615, -86.2738799379 36.7828543897, -86.2742475796 36.7829400647, -86.2751270947 36.7831807921, -86.2768594087 36.7837450166, -86.2780660447 36.7841317189, -86.2804328124 36.7848901935, -86.2818637031 36.7853573996, -86.2825412907 36.7855720822, -86.2834934096 36.7858829967, -86.2840830069 36.7861109825, -86.2846501144 36.7863448379, -86.2852705387 36.7866330966, -86.2855584465 36.7867855682, -86.2863150707 36.7872105144, -86.2870348496 36.7876864349, -86.2877778249 36.7882531498, -86.2880886605 36.7885063016, -86.288506352 36.7888987498, -86.2887147971 36.7891103544, -86.2890532662 36.7894540079, -86.2895399714 36.7900403025, -86.2899893824 36.7906627483, -86.2903400254 36.7912252311, -86.2905693862 36.7916366746, -86.2909813499 36.7923199871, -86.2917698148 36.7936906172, -86.2919509108 36.7939894056, -86.2927144914 36.7953140067, -86.2935066965 36.7966736228, -86.2938158425 36.7972044318, -86.2941036213 36.797660911, -86.2945155528 36.7982835158, -86.2948579605 36.7987369914, -86.2953296538 36.7993107011, -86.296090883 36.8001557658, -86.2970860546 36.8012798594, -86.2989640329 36.8033755773, -86.2994411505 36.8039355132, -86.2999904217 36.8045533288, -86.3005454507 36.8051634257, -86.300865235 36.8055499785, -86.3011923746 36.8059609381, -86.3015734341 36.8065048433, -86.3017098753 36.8067131977, -86.3018784421 36.8069705608, -86.3020162013 36.807218458, -86.3027348485 36.8085676541, -86.3034717187 36.8100222216, -86.3043800685 36.8117983972, -86.3050154705 36.8130567974, -86.306590608 36.8161150972, -86.3071197547 36.8171770761, -86.3075636747 36.8180301842, -86.3079233985 36.8187683454, -86.3081337574 36.8191727082, -86.3084896778 36.8198573296, -86.309170986 36.8212063945, -86.3095851825 36.822144504, -86.3102163689 36.8238214547, -86.3104302384 36.8243721822, -86.3115778693 36.827399253, -86.3119472189 36.8283620154, -86.3122020404 36.8289943853, -86.3123315155 36.8293123444, -86.3125688767 36.8298022584, -86.3128292683 36.830310461, -86.3130434073 36.8307098534, -86.3135321603 36.8315080694, -86.3139059686 36.8320580149, -86.3142492612 36.832547685, -86.3144551687 36.8328048493, -86.3150183129 36.8334961363, -86.315345331 36.8338644898, -86.3156801643 36.8342267627, -86.316356514 36.8348848086, -86.3172169956 36.8356726819, -86.3178085318 36.8361364109)"
"District 03","Allen","03-80206.00","KY","100","KY-100","RECONSTRUCTION(O)","16.343","19.123","RECONSTRUCT KY-100 FROM KY-622 IN SIMPSON COUNTY TO EST OF SULPHUR FORK CREEK IN ALLEN COUNTY (2012CCR) (2022CCN) (2024CCR)","","2022","2026","C","SPP","19140000","2026","","","","002-KY-0100-000","LINESTRING (-86.1788295352 36.7379900289, -86.1777656477 36.737591236, -86.1774054781 36.7374406892, -86.177215942 36.7373535039, -86.1770588713 36.7372747124, -86.1768404833 36.7371541267, -86.176634338 36.7370260805, -86.1758306255 36.7364619074, -86.1756291127 36.7363077522, -86.1754471812 36.7361765932, -86.1750759525 36.7359390202, -86.174723097 36.7357519121, -86.1745783987 36.7356879022, -86.1741902883 36.7355415677, -86.1740419737 36.7355014633, -86.1738226202 36.7354498095, -86.1735839647 36.735424317, -86.1734113491 36.7354315388, -86.1732255458 36.7354599556, -86.1730371404 36.7355111762, -86.1728556702 36.7355821454, -86.1722787821 36.7358448794, -86.1720602251 36.7359349321, -86.1718381424 36.7360049493, -86.1716292693 36.7360573404, -86.1714445472 36.7360964612, -86.170890882 36.7361816882, -86.1706549216 36.7362111065, -86.1704195909 36.7362311847, -86.1701786934 36.736232058, -86.1699383306 36.7362065633, -86.1696933974 36.7361569171, -86.169445974 36.7360888784, -86.16919608 36.7360062925, -86.1689413095 36.7359055969, -86.16871103 36.7357910812, -86.1685607804 36.7357095073, -86.1682828172 36.7355490232, -86.1675928793 36.735120604, -86.1670430953 36.7347979615, -86.1658859226 36.734099869, -86.1654799489 36.7338654114, -86.1652541522 36.7337571892, -86.1650089496 36.733657, -86.1649040026 36.7336213981, -86.1640377473 36.7333256892, -86.1637959898 36.7332307044, -86.1635633946 36.7331263476, -86.163338239 36.7330098803, -86.1631937903 36.7329263561, -86.1629499668 36.7327654639, -86.1625245922 36.7324747637, -86.1610291464 36.7314867116, -86.1595305978 36.7305480859, -86.1588546101 36.7300945739, -86.1581668513 36.7296084179, -86.1578538469 36.7293955766, -86.1576141826 36.7292423482, -86.1571825377 36.7289832352, -86.1564025196 36.7285303483, -86.1559165706 36.728259336, -86.1554344669 36.7280047866, -86.1541553081 36.7273594619, -86.1537700373 36.7271545519, -86.1536389616 36.7270794834, -86.1534554688 36.7269639504, -86.1532903026 36.7268302281, -86.1527750134 36.7263643122, -86.1525827531 36.7262037681, -86.1523803064 36.7260523223, -86.1521690408 36.7259102436, -86.1516798274 36.7255969314, -86.151146051 36.7252433994, -86.1509133149 36.7251046887, -86.1507375001 36.7250198845, -86.150511222 36.7249404733, -86.1503438209 36.7248976584, -86.150179534 36.7248630726, -86.1498527765 36.7248144906, -86.1496647124 36.7247994845, -86.14927433 36.7247835278, -86.148896624 36.7247776875, -86.1484575826 36.7247857884, -86.1478381761 36.7248153794, -86.1472290705 36.7248575651, -86.146735152 36.72487546, -86.1460375586 36.7248940485, -86.1458462183 36.7249045889, -86.1457156113 36.7249162952, -86.1455294809 36.7249443941, -86.1453570226 36.7249773898, -86.1450981187 36.7250507763, -86.1438781141 36.7255750897, -86.143642699 36.7256390557, -86.1434078647 36.7256837956, -86.143195768 36.7257053867, -86.1429545643 36.7257064792, -86.1427057597 36.7256894712, -86.1422701801 36.7256428844, -86.1387397349 36.7251837745, -86.1382948032 36.725109191, -86.1380233039 36.7250570957, -86.1377565288 36.7249948221, -86.1375812563 36.7249459728, -86.1372360816 36.7248309555, -86.1369810676 36.7247334865, -86.1353300744 36.7240736791)"
"District 03","Allen","03-80207.00","KY","101","KY-101","SAFETY(P)","5.861","13.347","Improve safety on KY 101 from KY 234 to the Warren County Line. (2022CCN) (2024CCR)","","2022","2026","U","STP2","2510000","2029","","","","002-KY-0101-000","LINESTRING (-86.1778176099 36.8348179162, -86.1778621628 36.8353415991, -86.1779306221 36.8363218194, -86.1779719016 36.8367297847, -86.1780049664 36.8369556936, -86.1780301795 36.8371827295, -86.1780394653 36.8373730226, -86.178032795 36.8376410986, -86.1779777806 36.8387783198, -86.177938073 36.8392448093, -86.1779092121 36.8394566647, -86.1778035514 36.8401019145, -86.1777031224 36.8405864784, -86.177536506 36.8412088829, -86.1774006489 36.8416532052, -86.177280663 36.8420043649, -86.1771692948 36.8423090785, -86.1770029348 36.8427381326, -86.1768502672 36.8431116581, -86.1766494614 36.8435529226, -86.1765315444 36.8437884504, -86.1763959689 36.8440435416, -86.1761127521 36.8445359165, -86.1757405607 36.8451263896, -86.1755122279 36.8454762978, -86.1753814051 36.8456668298, -86.1750806196 36.8460760504, -86.1744700047 36.8468080091, -86.1738531414 36.8475246075, -86.1735268096 36.8478910729, -86.172220575 36.8493830205, -86.1690997589 36.8529767647, -86.1684851974 36.8536955234, -86.1680967306 36.8541443162, -86.1678074972 36.8544933293, -86.167553903 36.8548600653, -86.1674078665 36.8550868963, -86.1673178199 36.8552418438, -86.1671040342 36.8556389214, -86.1670005818 36.8558417044, -86.1667916772 36.8563796557, -86.1667244897 36.8565894495, -86.1664964795 36.857503455, -86.1664374176 36.857884597, -86.1664202806 36.8580604293, -86.1664025013 36.8583669943, -86.1664021972 36.8585584215, -86.1664546514 36.8591415752, -86.1664762458 36.8592757979, -86.1667595962 36.8605697229, -86.166821316 36.8607897651, -86.1669867511 36.861221734, -86.1671187426 36.8615398461, -86.1673160158 36.8619804891, -86.1679158876 36.8632727246, -86.1682395391 36.8640021107, -86.1684536707 36.8645212383, -86.1685589104 36.8647597989, -86.1687216233 36.8651906763, -86.1687888277 36.865411797, -86.1689208111 36.8659092486, -86.1689571338 36.8661090581, -86.1689804039 36.8662973791, -86.1690747851 36.8672220376, -86.1691524466 36.8679069918, -86.1695232601 36.8710115946, -86.1697217271 36.8727576099, -86.1700570814 36.8754435099, -86.1701414372 36.8761608486, -86.17025134 36.8768003712, -86.1703184541 36.8771247568, -86.1704029158 36.8774943956, -86.1704616228 36.8777215884, -86.1705264548 36.8779435407, -86.1708630637 36.8788947863, -86.1710816345 36.8793413888, -86.1712906437 36.8797893986, -86.1715382539 36.8802315004, -86.1717652876 36.8806011708, -86.1719256346 36.8808450218, -86.1720872619 36.8810734878, -86.1726506817 36.8818618643, -86.1735761481 36.88312982, -86.1738877426 36.8835766277, -86.1741730079 36.8840218829, -86.1743783503 36.8844207391, -86.1744684168 36.8846280417, -86.174639682 36.8850459729, -86.174783061 36.8854900974, -86.1748455609 36.885719471, -86.174975042 36.8862446666, -86.1750830032 36.8866523921, -86.1752542265 36.8873630939, -86.1754856213 36.8882529172, -86.1761892611 36.8910761522, -86.1767778362 36.8934392284, -86.177190965 36.8950712947, -86.1775076471 36.8962774662, -86.1777482833 36.8970994155, -86.1780203735 36.8979193259, -86.1782843368 36.8986324283, -86.1789034512 36.9001552461, -86.179394977 36.9013099597, -86.1796191352 36.9018161252, -86.1799674342 36.9025607715, -86.1802611615 36.9031507196, -86.1807852007 36.9041240415, -86.1813053252 36.9050092147, -86.1817381381 36.9056961419, -86.1822045522 36.9063964, -86.1824959811 36.906819642, -86.1826487091 36.9070313742, -86.1829385453 36.9074147976, -86.1835262842 36.9081555212, -86.1836454956 36.9083072291, -86.1838477449 36.9085649156, -86.1840581853 36.9088195493, -86.1843687659 36.9091800968, -86.184907801 36.9097743347, -86.1855162117 36.910416648, -86.1858907968 36.9107829933, -86.1863387885 36.911244364, -86.1866150431 36.9115212669, -86.1874067193 36.9122658736, -86.1885259306 36.9133368911, -86.1895300415 36.9143138559, -86.1901467811 36.9149055797, -86.1909911457 36.9156985754, -86.1931193818 36.9177346656, -86.1949283618 36.9194434642, -86.1967534264 36.9211972158, -86.1971370945 36.9215769482, -86.1973229665 36.921770682, -86.1980444098 36.9225756364, -86.1981729046 36.9227264705, -86.19837183 36.9229855178, -86.1987865659 36.9235807224, -86.1989684534 36.9238499966, -86.1991093232 36.9240672464, -86.1993469795 36.9244519304, -86.1996349597 36.9249567143, -86.2007542201 36.9271121934, -86.2011099381 36.9277845195, -86.20130452 36.9281704655, -86.2013956915 36.9283697787, -86.2020379737 36.9296446612, -86.2024237767 36.9303663029, -86.202862313 36.9312080321, -86.2038008601 36.9330381834, -86.2040552018 36.9335142509, -86.204122453 36.9336592754, -86.204168703 36.9337826852)"
"District 03","Allen","03-80207.00","KY","101","KY-101","SAFETY(P)","5.861","13.347","Improve safety on KY 101 from KY 234 to the Warren County Line. (2022CCN) (2024CCR)","","2022","2026","R","STP2","2200000","2029","","","","002-KY-0101-000","LINESTRING (-86.1778176099 36.8348179162, -86.1778621628 36.8353415991, -86.1779306221 36.8363218194, -86.1779719016 36.8367297847, -86.1780049664 36.8369556936, -86.1780301795 36.8371827295, -86.1780394653 36.8373730226, -86.178032795 36.8376410986, -86.1779777806 36.8387783198, -86.177938073 36.8392448093, -86.1779092121 36.8394566647, -86.1778035514 36.8401019145, -86.1777031224 36.8405864784, -86.177536506 36.8412088829, -86.1774006489 36.8416532052, -86.177280663 36.8420043649, -86.1771692948 36.8423090785, -86.1770029348 36.8427381326, -86.1768502672 36.8431116581, -86.1766494614 36.8435529226, -86.1765315444 36.8437884504, -86.1763959689 36.8440435416, -86.1761127521 36.8445359165, -86.1757405607 36.8451263896, -86.1755122279 36.8454762978, -86.1753814051 36.8456668298, -86.1750806196 36.8460760504, -86.1744700047 36.8468080091, -86.1738531414 36.8475246075, -86.1735268096 36.8478910729, -86.172220575 36.8493830205, -86.1690997589 36.8529767647, -86.1684851974 36.8536955234, -86.1680967306 36.8541443162, -86.1678074972 36.8544933293, -86.167553903 36.8548600653, -86.1674078665 36.8550868963, -86.1673178199 36.8552418438, -86.1671040342 36.8556389214, -86.1670005818 36.8558417044, -86.1667916772 36.8563796557, -86.1667244897 36.8565894495, -86.1664964795 36.857503455, -86.1664374176 36.857884597, -86.1664202806 36.8580604293, -86.1664025013 36.8583669943, -86.1664021972 36.8585584215, -86.1664546514 36.8591415752, -86.1664762458 36.8592757979, -86.1667595962 36.8605697229, -86.166821316 36.8607897651, -86.1669867511 36.861221734, -86.1671187426 36.8615398461, -86.1673160158 36.8619804891, -86.1679158876 36.8632727246, -86.1682395391 36.8640021107, -86.1684536707 36.8645212383, -86.1685589104 36.8647597989, -86.1687216233 36.8651906763, -86.1687888277 36.865411797, -86.1689208111 36.8659092486, -86.1689571338 36.8661090581, -86.1689804039 36.8662973791, -86.1690747851 36.8672220376, -86.1691524466 36.8679069918, -86.1695232601 36.8710115946, -86.1697217271 36.8727576099, -86.1700570814 36.8754435099, -86.1701414372 36.8761608486, -86.17025134 36.8768003712, -86.1703184541 36.8771247568, -86.1704029158 36.8774943956, -86.1704616228 36.8777215884, -86.1705264548 36.8779435407, -86.1708630637 36.8788947863, -86.1710816345 36.8793413888, -86.1712906437 36.8797893986, -86.1715382539 36.8802315004, -86.1717652876 36.8806011708, -86.1719256346 36.8808450218, -86.1720872619 36.8810734878, -86.1726506817 36.8818618643, -86.1735761481 36.88312982, -86.1738877426 36.8835766277, -86.1741730079 36.8840218829, -86.1743783503 36.8844207391, -86.1744684168 36.8846280417, -86.174639682 36.8850459729, -86.174783061 36.8854900974, -86.1748455609 36.885719471, -86.174975042 36.8862446666, -86.1750830032 36.8866523921, -86.1752542265 36.8873630939, -86.1754856213 36.8882529172, -86.1761892611 36.8910761522, -86.1767778362 36.8934392284, -86.177190965 36.8950712947, -86.1775076471 36.8962774662, -86.1777482833 36.8970994155, -86.1780203735 36.8979193259, -86.1782843368 36.8986324283, -86.1789034512 36.9001552461, -86.179394977 36.9013099597, -86.1796191352 36.9018161252, -86.1799674342 36.9025607715, -86.1802611615 36.9031507196, -86.1807852007 36.9041240415, -86.1813053252 36.9050092147, -86.1817381381 36.9056961419, -86.1822045522 36.9063964, -86.1824959811 36.906819642, -86.1826487091 36.9070313742, -86.1829385453 36.9074147976, -86.1835262842 36.9081555212, -86.1836454956 36.9083072291, -86.1838477449 36.9085649156, -86.1840581853 36.9088195493, -86.1843687659 36.9091800968, -86.184907801 36.9097743347, -86.1855162117 36.910416648, -86.1858907968 36.9107829933, -86.1863387885 36.911244364, -86.1866150431 36.9115212669, -86.1874067193 36.9122658736, -86.1885259306 36.9133368911, -86.1895300415 36.9143138559, -86.1901467811 36.9149055797, -86.1909911457 36.9156985754, -86.1931193818 36.9177346656, -86.1949283618 36.9194434642, -86.1967534264 36.9211972158, -86.1971370945 36.9215769482, -86.1973229665 36.921770682, -86.1980444098 36.9225756364, -86.1981729046 36.9227264705, -86.19837183 36.9229855178, -86.1987865659 36.9235807224, -86.1989684534 36.9238499966, -86.1991093232 36.9240672464, -86.1993469795 36.9244519304, -86.1996349597 36.9249567143, -86.2007542201 36.9271121934, -86.2011099381 36.9277845195, -86.20130452 36.9281704655, -86.2013956915 36.9283697787, -86.2020379737 36.9296446612, -86.2024237767 36.9303663029, -86.202862313 36.9312080321, -86.2038008601 36.9330381834, -86.2040552018 36.9335142509, -86.204122453 36.9336592754, -86.204168703 36.9337826852)"
"District 03","Allen","03-80207.00","KY","101","KY-101","SAFETY(P)","5.861","13.347","Improve safety on KY 101 from KY 234 to the Warren County Line. (2022CCN) (2024CCR)","","2022","2026","C","STP2","17290000","2030","","","","002-KY-0101-000","LINESTRING (-86.1778176099 36.8348179162, -86.1778621628 36.8353415991, -86.1779306221 36.8363218194, -86.1779719016 36.8367297847, -86.1780049664 36.8369556936, -86.1780301795 36.8371827295, -86.1780394653 36.8373730226, -86.178032795 36.8376410986, -86.1779777806 36.8387783198, -86.177938073 36.8392448093, -86.1779092121 36.8394566647, -86.1778035514 36.8401019145, -86.1777031224 36.8405864784, -86.177536506 36.8412088829, -86.1774006489 36.8416532052, -86.177280663 36.8420043649, -86.1771692948 36.8423090785, -86.1770029348 36.8427381326, -86.1768502672 36.8431116581, -86.1766494614 36.8435529226, -86.1765315444 36.8437884504, -86.1763959689 36.8440435416, -86.1761127521 36.8445359165, -86.1757405607 36.8451263896, -86.1755122279 36.8454762978, -86.1753814051 36.8456668298, -86.1750806196 36.8460760504, -86.1744700047 36.8468080091, -86.1738531414 36.8475246075, -86.1735268096 36.8478910729, -86.172220575 36.8493830205, -86.1690997589 36.8529767647, -86.1684851974 36.8536955234, -86.1680967306 36.8541443162, -86.1678074972 36.8544933293, -86.167553903 36.8548600653, -86.1674078665 36.8550868963, -86.1673178199 36.8552418438, -86.1671040342 36.8556389214, -86.1670005818 36.8558417044, -86.1667916772 36.8563796557, -86.1667244897 36.8565894495, -86.1664964795 36.857503455, -86.1664374176 36.857884597, -86.1664202806 36.8580604293, -86.1664025013 36.8583669943, -86.1664021972 36.8585584215, -86.1664546514 36.8591415752, -86.1664762458 36.8592757979, -86.1667595962 36.8605697229, -86.166821316 36.8607897651, -86.1669867511 36.861221734, -86.1671187426 36.8615398461, -86.1673160158 36.8619804891, -86.1679158876 36.8632727246, -86.1682395391 36.8640021107, -86.1684536707 36.8645212383, -86.1685589104 36.8647597989, -86.1687216233 36.8651906763, -86.1687888277 36.865411797, -86.1689208111 36.8659092486, -86.1689571338 36.8661090581, -86.1689804039 36.8662973791, -86.1690747851 36.8672220376, -86.1691524466 36.8679069918, -86.1695232601 36.8710115946, -86.1697217271 36.8727576099, -86.1700570814 36.8754435099, -86.1701414372 36.8761608486, -86.17025134 36.8768003712, -86.1703184541 36.8771247568, -86.1704029158 36.8774943956, -86.1704616228 36.8777215884, -86.1705264548 36.8779435407, -86.1708630637 36.8788947863, -86.1710816345 36.8793413888, -86.1712906437 36.8797893986, -86.1715382539 36.8802315004, -86.1717652876 36.8806011708, -86.1719256346 36.8808450218, -86.1720872619 36.8810734878, -86.1726506817 36.8818618643, -86.1735761481 36.88312982, -86.1738877426 36.8835766277, -86.1741730079 36.8840218829, -86.1743783503 36.8844207391, -86.1744684168 36.8846280417, -86.174639682 36.8850459729, -86.174783061 36.8854900974, -86.1748455609 36.885719471, -86.174975042 36.8862446666, -86.1750830032 36.8866523921, -86.1752542265 36.8873630939, -86.1754856213 36.8882529172, -86.1761892611 36.8910761522, -86.1767778362 36.8934392284, -86.177190965 36.8950712947, -86.1775076471 36.8962774662, -86.1777482833 36.8970994155, -86.1780203735 36.8979193259, -86.1782843368 36.8986324283, -86.1789034512 36.9001552461, -86.179394977 36.9013099597, -86.1796191352 36.9018161252, -86.1799674342 36.9025607715, -86.1802611615 36.9031507196, -86.1807852007 36.9041240415, -86.1813053252 36.9050092147, -86.1817381381 36.9056961419, -86.1822045522 36.9063964, -86.1824959811 36.906819642, -86.1826487091 36.9070313742, -86.1829385453 36.9074147976, -86.1835262842 36.9081555212, -86.1836454956 36.9083072291, -86.1838477449 36.9085649156, -86.1840581853 36.9088195493, -86.1843687659 36.9091800968, -86.184907801 36.9097743347, -86.1855162117 36.910416648, -86.1858907968 36.9107829933, -86.1863387885 36.911244364, -86.1866150431 36.9115212669, -86.1874067193 36.9122658736, -86.1885259306 36.9133368911, -86.1895300415 36.9143138559, -86.1901467811 36.9149055797, -86.1909911457 36.9156985754, -86.1931193818 36.9177346656, -86.1949283618 36.9194434642, -86.1967534264 36.9211972158, -86.1971370945 36.9215769482, -86.1973229665 36.921770682, -86.1980444098 36.9225756364, -86.1981729046 36.9227264705, -86.19837183 36.9229855178, -86.1987865659 36.9235807224, -86.1989684534 36.9238499966, -86.1991093232 36.9240672464, -86.1993469795 36.9244519304, -86.1996349597 36.9249567143, -86.2007542201 36.9271121934, -86.2011099381 36.9277845195, -86.20130452 36.9281704655, -86.2013956915 36.9283697787, -86.2020379737 36.9296446612, -86.2024237767 36.9303663029, -86.202862313 36.9312080321, -86.2038008601 36.9330381834, -86.2040552018 36.9335142509, -86.204122453 36.9336592754, -86.204168703 36.9337826852)"
"District 03","Allen","03-80308.00","KY","100","KY-100","CONGESTION MITIGTN(O)","13.478","14.102","IMPROVE SAFETY AND REDUCE CONGESTION ALONG KY 100 (OLD GALLATIN RD) FROM THE INTERSECTION WITH WOODLAND CIRCLE DRIVE TO JOHN KELLY DRIVE IN SCOTTSVILLE. (2024CCN)","","2024","2026","U","SPP","1184000","2031","","","","002-KY-0100-000","LINESTRING (-86.2087114536 36.7416982503, -86.2083310262 36.7418763466, -86.2081673826 36.7419577376, -86.2075225534 36.7422590904, -86.2073799489 36.7423214464, -86.2072486259 36.7423870539, -86.2065510352 36.7427114038, -86.2038743902 36.7439756366, -86.2031471683 36.7443143637, -86.2026819209 36.7445224342, -86.2026032821 36.7445543243, -86.2023414013 36.7446454281, -86.2021980387 36.7446965205, -86.2016315436 36.7448662583, -86.2001852342 36.7452574748, -86.1999648107 36.7453198488, -86.1997430679 36.7453899182, -86.1995360283 36.7454648734, -86.1994332343 36.7455094887, -86.1992848836 36.7455831174, -86.1991482174 36.7456704326, -86.1989922185 36.7457778709, -86.1988451391 36.7458929645, -86.1987105507 36.7459854893)"
"District 03","Allen","03-80308.00","KY","100","KY-100","CONGESTION MITIGTN(O)","13.478","14.102","IMPROVE SAFETY AND REDUCE CONGESTION ALONG KY 100 (OLD GALLATIN RD) FROM THE INTERSECTION WITH WOODLAND CIRCLE DRIVE TO JOHN KELLY DRIVE IN SCOTTSVILLE. (2024CCN)","","2024","2026","C","SPP","1974000","2032","","","","002-KY-0100-000","LINESTRING (-86.2087114536 36.7416982503, -86.2083310262 36.7418763466, -86.2081673826 36.7419577376, -86.2075225534 36.7422590904, -86.2073799489 36.7423214464, -86.2072486259 36.7423870539, -86.2065510352 36.7427114038, -86.2038743902 36.7439756366, -86.2031471683 36.7443143637, -86.2026819209 36.7445224342, -86.2026032821 36.7445543243, -86.2023414013 36.7446454281, -86.2021980387 36.7446965205, -86.2016315436 36.7448662583, -86.2001852342 36.7452574748, -86.1999648107 36.7453198488, -86.1997430679 36.7453899182, -86.1995360283 36.7454648734, -86.1994332343 36.7455094887, -86.1992848836 36.7455831174, -86.1991482174 36.7456704326, -86.1989922185 36.7457778709, -86.1988451391 36.7458929645, -86.1987105507 36.7459854893)"
"District 03","Allen","03-80308.00","KY","100","KY-100","CONGESTION MITIGTN(O)","13.478","14.102","IMPROVE SAFETY AND REDUCE CONGESTION ALONG KY 100 (OLD GALLATIN RD) FROM THE INTERSECTION WITH WOODLAND CIRCLE DRIVE TO JOHN KELLY DRIVE IN SCOTTSVILLE. (2024CCN)","","2024","2026","D","SPP","526000","2029","","","","002-KY-0100-000","LINESTRING (-86.2087114536 36.7416982503, -86.2083310262 36.7418763466, -86.2081673826 36.7419577376, -86.2075225534 36.7422590904, -86.2073799489 36.7423214464, -86.2072486259 36.7423870539, -86.2065510352 36.7427114038, -86.2038743902 36.7439756366, -86.2031471683 36.7443143637, -86.2026819209 36.7445224342, -86.2026032821 36.7445543243, -86.2023414013 36.7446454281, -86.2021980387 36.7446965205, -86.2016315436 36.7448662583, -86.2001852342 36.7452574748, -86.1999648107 36.7453198488, -86.1997430679 36.7453899182, -86.1995360283 36.7454648734, -86.1994332343 36.7455094887, -86.1992848836 36.7455831174, -86.1991482174 36.7456704326, -86.1989922185 36.7457778709, -86.1988451391 36.7458929645, -86.1987105507 36.7459854893)"
"District 03","Allen","03-80308.00","KY","100","KY-100","CONGESTION MITIGTN(O)","13.478","14.102","IMPROVE SAFETY AND REDUCE CONGESTION ALONG KY 100 (OLD GALLATIN RD) FROM THE INTERSECTION WITH WOODLAND CIRCLE DRIVE TO JOHN KELLY DRIVE IN SCOTTSVILLE. (2024CCN)","","2024","2026","R","SPP","563000","2030","","","","002-KY-0100-000","LINESTRING (-86.2087114536 36.7416982503, -86.2083310262 36.7418763466, -86.2081673826 36.7419577376, -86.2075225534 36.7422590904, -86.2073799489 36.7423214464, -86.2072486259 36.7423870539, -86.2065510352 36.7427114038, -86.2038743902 36.7439756366, -86.2031471683 36.7443143637, -86.2026819209 36.7445224342, -86.2026032821 36.7445543243, -86.2023414013 36.7446454281, -86.2021980387 36.7446965205, -86.2016315436 36.7448662583, -86.2001852342 36.7452574748, -86.1999648107 36.7453198488, -86.1997430679 36.7453899182, -86.1995360283 36.7454648734, -86.1994332343 36.7455094887, -86.1992848836 36.7455831174, -86.1991482174 36.7456704326, -86.1989922185 36.7457778709, -86.1988451391 36.7458929645, -86.1987105507 36.7459854893)"
"District 03","Allen","03-80312.00","PF","9999","PF-9999","ECONOMIC DEVEL(O)","","","Improve connectivity within Allen Springs Industrial Park. (2024CCN)","","2024","2026","U","STP2","260000","2027","","","","",""
"District 03","Allen","03-80312.00","PF","9999","PF-9999","ECONOMIC DEVEL(O)","","","Improve connectivity within Allen Springs Industrial Park. (2024CCN)","","2024","2026","C","STP2","2700000","2028","","","","",""
"District 03","Allen","03-80312.00","PF","9999","PF-9999","ECONOMIC DEVEL(O)","","","Improve connectivity within Allen Springs Industrial Park. (2024CCN)","","2024","2026","R","STP2","110000","2026","","","","",""
"District 03","Allen","03-80315.00","KY","101","KY-101","RECONSTRUCTION(O)","1.3","13.347","RECONSTRUCTION/NEW CONSTRUCTION OF TWO-LANE ROADWAY WITH SHOULDERS AND WIDER BRIDGES. (2024CCN)","","2024","2026","R","SPP","10546000","2030","","","","002-KY-0101-000","LINESTRING (-86.1859223994 36.7711113568, -86.1859983525 36.7717860552, -86.1860790203 36.7724498307, -86.1861412645 36.772880506, -86.1861756 36.7730907505, -86.186208345 36.7732620031, -86.1862545654 36.7734612174, -86.1863127467 36.7736623097, -86.1863852675 36.7738636227, -86.1864697366 36.7740646158, -86.1866253119 36.7743996397, -86.1868529396 36.7748546847, -86.1870323138 36.7752308145, -86.1871139827 36.7754194589, -86.1871830418 36.7756119958, -86.1872446141 36.7758084066, -86.1872901775 36.7760111928, -86.1873241533 36.7762173192, -86.1873448404 36.7764278897, -86.1873528321 36.7765690249, -86.1873588613 36.7767834956, -86.1873556038 36.7769276943, -86.1873188108 36.7772928294, -86.1870732841 36.7791599326, -86.1869993774 36.779718828, -86.1867925232 36.7811351022, -86.1867685401 36.7813554535, -86.1867021821 36.7818041902, -86.1866269968 36.7822614739, -86.1865805344 36.7824915225, -86.1864041033 36.7832117435, -86.1862966743 36.7835853834, -86.1860616592 36.7843310907, -86.1858881078 36.7848431231, -86.1854971702 36.7857871565, -86.1853253162 36.7861810859, -86.1851246058 36.7866039611, -86.1848951383 36.7870733579, -86.184383716 36.7880889706, -86.1842636247 36.7883426385, -86.1840701868 36.7887262109, -86.1838921758 36.7891207109, -86.1835031005 36.7899224671, -86.1832690697 36.7903737514, -86.1830520578 36.7907568604, -86.1829478877 36.7909305472, -86.1827106126 36.7912942325, -86.1824437236 36.7916745062, -86.1812693999 36.7932204339, -86.180963216 36.7935989272, -86.1806833258 36.7939182739, -86.1804803719 36.7941368172, -86.180193822 36.7944270763, -86.1798164209 36.7947745219, -86.1794687615 36.7950685765, -86.1788782357 36.7955307835, -86.1783467896 36.7959345453, -86.17809221 36.7961447609, -86.1777757291 36.7964590185, -86.1775639101 36.7966828073, -86.1774391409 36.7968409101, -86.1773355891 36.7970071747, -86.1772025187 36.7972671995, -86.177131851 36.7974511947, -86.1770724936 36.7976422878, -86.1770264938 36.7978404738, -86.1769969219 36.7980449147, -86.1769820681 36.7982553446, -86.176971579 36.7986926105, -86.1769731974 36.7989169859, -86.1770019072 36.8004817828, -86.1770224966 36.8010392277, -86.1770555291 36.8024628443, -86.1770881845 36.8035802368, -86.1771062468 36.804533449, -86.1771266553 36.8062589433, -86.177121996 36.8065805647, -86.1771270212 36.8083635159, -86.1771404849 36.809348603, -86.1771537102 36.8119719269, -86.1771540931 36.8132992663, -86.1771486554 36.8140240648, -86.1771635961 36.8148484825, -86.1771658377 36.8163823466, -86.177181441 36.8179230272, -86.1771881362 36.8193989264, -86.1771800771 36.8200833624, -86.1771885973 36.820739724, -86.1772211731 36.8252008827, -86.1772351821 36.8262809975, -86.1772514372 36.8267357447, -86.1773268345 36.8279771231, -86.1774779969 36.8301632651, -86.1775416215 36.8311360875, -86.1777234527 36.8334855287, -86.1777903834 36.8344978878, -86.1778621628 36.8353415991, -86.1779306221 36.8363218194, -86.1779719016 36.8367297847, -86.1780049664 36.8369556936, -86.1780301795 36.8371827295, -86.1780394653 36.8373730226, -86.178032795 36.8376410986, -86.1779777806 36.8387783198, -86.177938073 36.8392448093, -86.1779092121 36.8394566647, -86.1778035514 36.8401019145, -86.1777031224 36.8405864784, -86.177536506 36.8412088829, -86.1774006489 36.8416532052, -86.177280663 36.8420043649, -86.1771692948 36.8423090785, -86.1770029348 36.8427381326, -86.1768502672 36.8431116581, -86.1766494614 36.8435529226, -86.1765315444 36.8437884504, -86.1763959689 36.8440435416, -86.1761127521 36.8445359165, -86.1757405607 36.8451263896, -86.1755122279 36.8454762978, -86.1753814051 36.8456668298, -86.1750806196 36.8460760504, -86.1744700047 36.8468080091, -86.1738531414 36.8475246075, -86.1735268096 36.8478910729, -86.172220575 36.8493830205, -86.1690997589 36.8529767647, -86.1684851974 36.8536955234, -86.1680967306 36.8541443162, -86.1678074972 36.8544933293, -86.167553903 36.8548600653, -86.1674078665 36.8550868963, -86.1673178199 36.8552418438, -86.1671040342 36.8556389214, -86.1670005818 36.8558417044, -86.1667916772 36.8563796557, -86.1667244897 36.8565894495, -86.1664964795 36.857503455, -86.1664374176 36.857884597, -86.1664202806 36.8580604293, -86.1664025013 36.8583669943, -86.1664021972 36.8585584215, -86.1664546514 36.8591415752, -86.1664762458 36.8592757979, -86.1667595962 36.8605697229, -86.166821316 36.8607897651, -86.1669867511 36.861221734, -86.1671187426 36.8615398461, -86.1673160158 36.8619804891, -86.1679158876 36.8632727246, -86.1682395391 36.8640021107, -86.1684536707 36.8645212383, -86.1685589104 36.8647597989, -86.1687216233 36.8651906763, -86.1687888277 36.865411797, -86.1689208111 36.8659092486, -86.1689571338 36.8661090581, -86.1689804039 36.8662973791, -86.1690747851 36.8672220376, -86.1691524466 36.8679069918, -86.1695232601 36.8710115946, -86.1697217271 36.8727576099, -86.1700570814 36.8754435099, -86.1701414372 36.8761608486, -86.17025134 36.8768003712, -86.1703184541 36.8771247568, -86.1704029158 36.8774943956, -86.1704616228 36.8777215884, -86.1705264548 36.8779435407, -86.1708630637 36.8788947863, -86.1710816345 36.8793413888, -86.1712906437 36.8797893986, -86.1715382539 36.8802315004, -86.1717652876 36.8806011708, -86.1719256346 36.8808450218, -86.1720872619 36.8810734878, -86.1726506817 36.8818618643, -86.1735761481 36.88312982, -86.1738877426 36.8835766277, -86.1741730079 36.8840218829, -86.1743783503 36.8844207391, -86.1744684168 36.8846280417, -86.174639682 36.8850459729, -86.174783061 36.8854900974, -86.1748455609 36.885719471, -86.174975042 36.8862446666, -86.1750830032 36.8866523921, -86.1752542265 36.8873630939, -86.1754856213 36.8882529172, -86.1761892611 36.8910761522, -86.1767778362 36.8934392284, -86.177190965 36.8950712947, -86.1775076471 36.8962774662, -86.1777482833 36.8970994155, -86.1780203735 36.8979193259, -86.1782843368 36.8986324283, -86.1789034512 36.9001552461, -86.179394977 36.9013099597, -86.1796191352 36.9018161252, -86.1799674342 36.9025607715, -86.1802611615 36.9031507196, -86.1807852007 36.9041240415, -86.1813053252 36.9050092147, -86.1817381381 36.9056961419, -86.1822045522 36.9063964, -86.1824959811 36.906819642, -86.1826487091 36.9070313742, -86.1829385453 36.9074147976, -86.1835262842 36.9081555212, -86.1836454956 36.9083072291, -86.1838477449 36.9085649156, -86.1840581853 36.9088195493, -86.1843687659 36.9091800968, -86.184907801 36.9097743347, -86.1855162117 36.910416648, -86.1858907968 36.9107829933, -86.1863387885 36.911244364, -86.1866150431 36.9115212669, -86.1874067193 36.9122658736, -86.1885259306 36.9133368911, -86.1895300415 36.9143138559, -86.1901467811 36.9149055797, -86.1909911457 36.9156985754, -86.1931193818 36.9177346656, -86.1949283618 36.9194434642, -86.1967534264 36.9211972158, -86.1971370945 36.9215769482, -86.1973229665 36.921770682, -86.1980444098 36.9225756364, -86.1981729046 36.9227264705, -86.19837183 36.9229855178, -86.1987865659 36.9235807224, -86.1989684534 36.9238499966, -86.1991093232 36.9240672464, -86.1993469795 36.9244519304, -86.1996349597 36.9249567143, -86.2007542201 36.9271121934, -86.2011099381 36.9277845195, -86.20130452 36.9281704655, -86.2013956915 36.9283697787, -86.2020379737 36.9296446612, -86.2024237767 36.9303663029, -86.202862313 36.9312080321, -86.2038008601 36.9330381834, -86.2040552018 36.9335142509, -86.204122453 36.9336592754, -86.204168703 36.9337826852)"
"District 03","Allen","03-80315.00","KY","101","KY-101","RECONSTRUCTION(O)","1.3","13.347","RECONSTRUCTION/NEW CONSTRUCTION OF TWO-LANE ROADWAY WITH SHOULDERS AND WIDER BRIDGES. (2024CCN)","","2024","2026","D","SPP","9120000","2029","","","","002-KY-0101-000","LINESTRING (-86.1859223994 36.7711113568, -86.1859983525 36.7717860552, -86.1860790203 36.7724498307, -86.1861412645 36.772880506, -86.1861756 36.7730907505, -86.186208345 36.7732620031, -86.1862545654 36.7734612174, -86.1863127467 36.7736623097, -86.1863852675 36.7738636227, -86.1864697366 36.7740646158, -86.1866253119 36.7743996397, -86.1868529396 36.7748546847, -86.1870323138 36.7752308145, -86.1871139827 36.7754194589, -86.1871830418 36.7756119958, -86.1872446141 36.7758084066, -86.1872901775 36.7760111928, -86.1873241533 36.7762173192, -86.1873448404 36.7764278897, -86.1873528321 36.7765690249, -86.1873588613 36.7767834956, -86.1873556038 36.7769276943, -86.1873188108 36.7772928294, -86.1870732841 36.7791599326, -86.1869993774 36.779718828, -86.1867925232 36.7811351022, -86.1867685401 36.7813554535, -86.1867021821 36.7818041902, -86.1866269968 36.7822614739, -86.1865805344 36.7824915225, -86.1864041033 36.7832117435, -86.1862966743 36.7835853834, -86.1860616592 36.7843310907, -86.1858881078 36.7848431231, -86.1854971702 36.7857871565, -86.1853253162 36.7861810859, -86.1851246058 36.7866039611, -86.1848951383 36.7870733579, -86.184383716 36.7880889706, -86.1842636247 36.7883426385, -86.1840701868 36.7887262109, -86.1838921758 36.7891207109, -86.1835031005 36.7899224671, -86.1832690697 36.7903737514, -86.1830520578 36.7907568604, -86.1829478877 36.7909305472, -86.1827106126 36.7912942325, -86.1824437236 36.7916745062, -86.1812693999 36.7932204339, -86.180963216 36.7935989272, -86.1806833258 36.7939182739, -86.1804803719 36.7941368172, -86.180193822 36.7944270763, -86.1798164209 36.7947745219, -86.1794687615 36.7950685765, -86.1788782357 36.7955307835, -86.1783467896 36.7959345453, -86.17809221 36.7961447609, -86.1777757291 36.7964590185, -86.1775639101 36.7966828073, -86.1774391409 36.7968409101, -86.1773355891 36.7970071747, -86.1772025187 36.7972671995, -86.177131851 36.7974511947, -86.1770724936 36.7976422878, -86.1770264938 36.7978404738, -86.1769969219 36.7980449147, -86.1769820681 36.7982553446, -86.176971579 36.7986926105, -86.1769731974 36.7989169859, -86.1770019072 36.8004817828, -86.1770224966 36.8010392277, -86.1770555291 36.8024628443, -86.1770881845 36.8035802368, -86.1771062468 36.804533449, -86.1771266553 36.8062589433, -86.177121996 36.8065805647, -86.1771270212 36.8083635159, -86.1771404849 36.809348603, -86.1771537102 36.8119719269, -86.1771540931 36.8132992663, -86.1771486554 36.8140240648, -86.1771635961 36.8148484825, -86.1771658377 36.8163823466, -86.177181441 36.8179230272, -86.1771881362 36.8193989264, -86.1771800771 36.8200833624, -86.1771885973 36.820739724, -86.1772211731 36.8252008827, -86.1772351821 36.8262809975, -86.1772514372 36.8267357447, -86.1773268345 36.8279771231, -86.1774779969 36.8301632651, -86.1775416215 36.8311360875, -86.1777234527 36.8334855287, -86.1777903834 36.8344978878, -86.1778621628 36.8353415991, -86.1779306221 36.8363218194, -86.1779719016 36.8367297847, -86.1780049664 36.8369556936, -86.1780301795 36.8371827295, -86.1780394653 36.8373730226, -86.178032795 36.8376410986, -86.1779777806 36.8387783198, -86.177938073 36.8392448093, -86.1779092121 36.8394566647, -86.1778035514 36.8401019145, -86.1777031224 36.8405864784, -86.177536506 36.8412088829, -86.1774006489 36.8416532052, -86.177280663 36.8420043649, -86.1771692948 36.8423090785, -86.1770029348 36.8427381326, -86.1768502672 36.8431116581, -86.1766494614 36.8435529226, -86.1765315444 36.8437884504, -86.1763959689 36.8440435416, -86.1761127521 36.8445359165, -86.1757405607 36.8451263896, -86.1755122279 36.8454762978, -86.1753814051 36.8456668298, -86.1750806196 36.8460760504, -86.1744700047 36.8468080091, -86.1738531414 36.8475246075, -86.1735268096 36.8478910729, -86.172220575 36.8493830205, -86.1690997589 36.8529767647, -86.1684851974 36.8536955234, -86.1680967306 36.8541443162, -86.1678074972 36.8544933293, -86.167553903 36.8548600653, -86.1674078665 36.8550868963, -86.1673178199 36.8552418438, -86.1671040342 36.8556389214, -86.1670005818 36.8558417044, -86.1667916772 36.8563796557, -86.1667244897 36.8565894495, -86.1664964795 36.857503455, -86.1664374176 36.857884597, -86.1664202806 36.8580604293, -86.1664025013 36.8583669943, -86.1664021972 36.8585584215, -86.1664546514 36.8591415752, -86.1664762458 36.8592757979, -86.1667595962 36.8605697229, -86.166821316 36.8607897651, -86.1669867511 36.861221734, -86.1671187426 36.8615398461, -86.1673160158 36.8619804891, -86.1679158876 36.8632727246, -86.1682395391 36.8640021107, -86.1684536707 36.8645212383, -86.1685589104 36.8647597989, -86.1687216233 36.8651906763, -86.1687888277 36.865411797, -86.1689208111 36.8659092486, -86.1689571338 36.8661090581, -86.1689804039 36.8662973791, -86.1690747851 36.8672220376, -86.1691524466 36.8679069918, -86.1695232601 36.8710115946, -86.1697217271 36.8727576099, -86.1700570814 36.8754435099, -86.1701414372 36.8761608486, -86.17025134 36.8768003712, -86.1703184541 36.8771247568, -86.1704029158 36.8774943956, -86.1704616228 36.8777215884, -86.1705264548 36.8779435407, -86.1708630637 36.8788947863, -86.1710816345 36.8793413888, -86.1712906437 36.8797893986, -86.1715382539 36.8802315004, -86.1717652876 36.8806011708, -86.1719256346 36.8808450218, -86.1720872619 36.8810734878, -86.1726506817 36.8818618643, -86.1735761481 36.88312982, -86.1738877426 36.8835766277, -86.1741730079 36.8840218829, -86.1743783503 36.8844207391, -86.1744684168 36.8846280417, -86.174639682 36.8850459729, -86.174783061 36.8854900974, -86.1748455609 36.885719471, -86.174975042 36.8862446666, -86.1750830032 36.8866523921, -86.1752542265 36.8873630939, -86.1754856213 36.8882529172, -86.1761892611 36.8910761522, -86.1767778362 36.8934392284, -86.177190965 36.8950712947, -86.1775076471 36.8962774662, -86.1777482833 36.8970994155, -86.1780203735 36.8979193259, -86.1782843368 36.8986324283, -86.1789034512 36.9001552461, -86.179394977 36.9013099597, -86.1796191352 36.9018161252, -86.1799674342 36.9025607715, -86.1802611615 36.9031507196, -86.1807852007 36.9041240415, -86.1813053252 36.9050092147, -86.1817381381 36.9056961419, -86.1822045522 36.9063964, -86.1824959811 36.906819642, -86.1826487091 36.9070313742, -86.1829385453 36.9074147976, -86.1835262842 36.9081555212, -86.1836454956 36.9083072291, -86.1838477449 36.9085649156, -86.1840581853 36.9088195493, -86.1843687659 36.9091800968, -86.184907801 36.9097743347, -86.1855162117 36.910416648, -86.1858907968 36.9107829933, -86.1863387885 36.911244364, -86.1866150431 36.9115212669, -86.1874067193 36.9122658736, -86.1885259306 36.9133368911, -86.1895300415 36.9143138559, -86.1901467811 36.9149055797, -86.1909911457 36.9156985754, -86.1931193818 36.9177346656, -86.1949283618 36.9194434642, -86.1967534264 36.9211972158, -86.1971370945 36.9215769482, -86.1973229665 36.921770682, -86.1980444098 36.9225756364, -86.1981729046 36.9227264705, -86.19837183 36.9229855178, -86.1987865659 36.9235807224, -86.1989684534 36.9238499966, -86.1991093232 36.9240672464, -86.1993469795 36.9244519304, -86.1996349597 36.9249567143, -86.2007542201 36.9271121934, -86.2011099381 36.9277845195, -86.20130452 36.9281704655, -86.2013956915 36.9283697787, -86.2020379737 36.9296446612, -86.2024237767 36.9303663029, -86.202862313 36.9312080321, -86.2038008601 36.9330381834, -86.2040552018 36.9335142509, -86.204122453 36.9336592754, -86.204168703 36.9337826852)"
"District 03","Allen","03-80315.00","KY","101","KY-101","RECONSTRUCTION(O)","1.3","13.347","RECONSTRUCTION/NEW CONSTRUCTION OF TWO-LANE ROADWAY WITH SHOULDERS AND WIDER BRIDGES. (2024CCN)","","2024","2026","U","SPP","7184000","2030","","","","002-KY-0101-000","LINESTRING (-86.1859223994 36.7711113568, -86.1859983525 36.7717860552, -86.1860790203 36.7724498307, -86.1861412645 36.772880506, -86.1861756 36.7730907505, -86.186208345 36.7732620031, -86.1862545654 36.7734612174, -86.1863127467 36.7736623097, -86.1863852675 36.7738636227, -86.1864697366 36.7740646158, -86.1866253119 36.7743996397, -86.1868529396 36.7748546847, -86.1870323138 36.7752308145, -86.1871139827 36.7754194589, -86.1871830418 36.7756119958, -86.1872446141 36.7758084066, -86.1872901775 36.7760111928, -86.1873241533 36.7762173192, -86.1873448404 36.7764278897, -86.1873528321 36.7765690249, -86.1873588613 36.7767834956, -86.1873556038 36.7769276943, -86.1873188108 36.7772928294, -86.1870732841 36.7791599326, -86.1869993774 36.779718828, -86.1867925232 36.7811351022, -86.1867685401 36.7813554535, -86.1867021821 36.7818041902, -86.1866269968 36.7822614739, -86.1865805344 36.7824915225, -86.1864041033 36.7832117435, -86.1862966743 36.7835853834, -86.1860616592 36.7843310907, -86.1858881078 36.7848431231, -86.1854971702 36.7857871565, -86.1853253162 36.7861810859, -86.1851246058 36.7866039611, -86.1848951383 36.7870733579, -86.184383716 36.7880889706, -86.1842636247 36.7883426385, -86.1840701868 36.7887262109, -86.1838921758 36.7891207109, -86.1835031005 36.7899224671, -86.1832690697 36.7903737514, -86.1830520578 36.7907568604, -86.1829478877 36.7909305472, -86.1827106126 36.7912942325, -86.1824437236 36.7916745062, -86.1812693999 36.7932204339, -86.180963216 36.7935989272, -86.1806833258 36.7939182739, -86.1804803719 36.7941368172, -86.180193822 36.7944270763, -86.1798164209 36.7947745219, -86.1794687615 36.7950685765, -86.1788782357 36.7955307835, -86.1783467896 36.7959345453, -86.17809221 36.7961447609, -86.1777757291 36.7964590185, -86.1775639101 36.7966828073, -86.1774391409 36.7968409101, -86.1773355891 36.7970071747, -86.1772025187 36.7972671995, -86.177131851 36.7974511947, -86.1770724936 36.7976422878, -86.1770264938 36.7978404738, -86.1769969219 36.7980449147, -86.1769820681 36.7982553446, -86.176971579 36.7986926105, -86.1769731974 36.7989169859, -86.1770019072 36.8004817828, -86.1770224966 36.8010392277, -86.1770555291 36.8024628443, -86.1770881845 36.8035802368, -86.1771062468 36.804533449, -86.1771266553 36.8062589433, -86.177121996 36.8065805647, -86.1771270212 36.8083635159, -86.1771404849 36.809348603, -86.1771537102 36.8119719269, -86.1771540931 36.8132992663, -86.1771486554 36.8140240648, -86.1771635961 36.8148484825, -86.1771658377 36.8163823466, -86.177181441 36.8179230272, -86.1771881362 36.8193989264, -86.1771800771 36.8200833624, -86.1771885973 36.820739724, -86.1772211731 36.8252008827, -86.1772351821 36.8262809975, -86.1772514372 36.8267357447, -86.1773268345 36.8279771231, -86.1774779969 36.8301632651, -86.1775416215 36.8311360875, -86.1777234527 36.8334855287, -86.1777903834 36.8344978878, -86.1778621628 36.8353415991, -86.1779306221 36.8363218194, -86.1779719016 36.8367297847, -86.1780049664 36.8369556936, -86.1780301795 36.8371827295, -86.1780394653 36.8373730226, -86.178032795 36.8376410986, -86.1779777806 36.8387783198, -86.177938073 36.8392448093, -86.1779092121 36.8394566647, -86.1778035514 36.8401019145, -86.1777031224 36.8405864784, -86.177536506 36.8412088829, -86.1774006489 36.8416532052, -86.177280663 36.8420043649, -86.1771692948 36.8423090785, -86.1770029348 36.8427381326, -86.1768502672 36.8431116581, -86.1766494614 36.8435529226, -86.1765315444 36.8437884504, -86.1763959689 36.8440435416, -86.1761127521 36.8445359165, -86.1757405607 36.8451263896, -86.1755122279 36.8454762978, -86.1753814051 36.8456668298, -86.1750806196 36.8460760504, -86.1744700047 36.8468080091, -86.1738531414 36.8475246075, -86.1735268096 36.8478910729, -86.172220575 36.8493830205, -86.1690997589 36.8529767647, -86.1684851974 36.8536955234, -86.1680967306 36.8541443162, -86.1678074972 36.8544933293, -86.167553903 36.8548600653, -86.1674078665 36.8550868963, -86.1673178199 36.8552418438, -86.1671040342 36.8556389214, -86.1670005818 36.8558417044, -86.1667916772 36.8563796557, -86.1667244897 36.8565894495, -86.1664964795 36.857503455, -86.1664374176 36.857884597, -86.1664202806 36.8580604293, -86.1664025013 36.8583669943, -86.1664021972 36.8585584215, -86.1664546514 36.8591415752, -86.1664762458 36.8592757979, -86.1667595962 36.8605697229, -86.166821316 36.8607897651, -86.1669867511 36.861221734, -86.1671187426 36.8615398461, -86.1673160158 36.8619804891, -86.1679158876 36.8632727246, -86.1682395391 36.8640021107, -86.1684536707 36.8645212383, -86.1685589104 36.8647597989, -86.1687216233 36.8651906763, -86.1687888277 36.865411797, -86.1689208111 36.8659092486, -86.1689571338 36.8661090581, -86.1689804039 36.8662973791, -86.1690747851 36.8672220376, -86.1691524466 36.8679069918, -86.1695232601 36.8710115946, -86.1697217271 36.8727576099, -86.1700570814 36.8754435099, -86.1701414372 36.8761608486, -86.17025134 36.8768003712, -86.1703184541 36.8771247568, -86.1704029158 36.8774943956, -86.1704616228 36.8777215884, -86.1705264548 36.8779435407, -86.1708630637 36.8788947863, -86.1710816345 36.8793413888, -86.1712906437 36.8797893986, -86.1715382539 36.8802315004, -86.1717652876 36.8806011708, -86.1719256346 36.8808450218, -86.1720872619 36.8810734878, -86.1726506817 36.8818618643, -86.1735761481 36.88312982, -86.1738877426 36.8835766277, -86.1741730079 36.8840218829, -86.1743783503 36.8844207391, -86.1744684168 36.8846280417, -86.174639682 36.8850459729, -86.174783061 36.8854900974, -86.1748455609 36.885719471, -86.174975042 36.8862446666, -86.1750830032 36.8866523921, -86.1752542265 36.8873630939, -86.1754856213 36.8882529172, -86.1761892611 36.8910761522, -86.1767778362 36.8934392284, -86.177190965 36.8950712947, -86.1775076471 36.8962774662, -86.1777482833 36.8970994155, -86.1780203735 36.8979193259, -86.1782843368 36.8986324283, -86.1789034512 36.9001552461, -86.179394977 36.9013099597, -86.1796191352 36.9018161252, -86.1799674342 36.9025607715, -86.1802611615 36.9031507196, -86.1807852007 36.9041240415, -86.1813053252 36.9050092147, -86.1817381381 36.9056961419, -86.1822045522 36.9063964, -86.1824959811 36.906819642, -86.1826487091 36.9070313742, -86.1829385453 36.9074147976, -86.1835262842 36.9081555212, -86.1836454956 36.9083072291, -86.1838477449 36.9085649156, -86.1840581853 36.9088195493, -86.1843687659 36.9091800968, -86.184907801 36.9097743347, -86.1855162117 36.910416648, -86.1858907968 36.9107829933, -86.1863387885 36.911244364, -86.1866150431 36.9115212669, -86.1874067193 36.9122658736, -86.1885259306 36.9133368911, -86.1895300415 36.9143138559, -86.1901467811 36.9149055797, -86.1909911457 36.9156985754, -86.1931193818 36.9177346656, -86.1949283618 36.9194434642, -86.1967534264 36.9211972158, -86.1971370945 36.9215769482, -86.1973229665 36.921770682, -86.1980444098 36.9225756364, -86.1981729046 36.9227264705, -86.19837183 36.9229855178, -86.1987865659 36.9235807224, -86.1989684534 36.9238499966, -86.1991093232 36.9240672464, -86.1993469795 36.9244519304, -86.1996349597 36.9249567143, -86.2007542201 36.9271121934, -86.2011099381 36.9277845195, -86.20130452 36.9281704655, -86.2013956915 36.9283697787, -86.2020379737 36.9296446612, -86.2024237767 36.9303663029, -86.202862313 36.9312080321, -86.2038008601 36.9330381834, -86.2040552018 36.9335142509, -86.204122453 36.9336592754, -86.204168703 36.9337826852)"
"District 03","Allen","03-80315.00","KY","101","KY-101","RECONSTRUCTION(O)","1.3","13.347","RECONSTRUCTION/NEW CONSTRUCTION OF TWO-LANE ROADWAY WITH SHOULDERS AND WIDER BRIDGES. (2024CCN)","","2024","2026","C","SPP","90785000","2032","","","","002-KY-0101-000","LINESTRING (-86.1859223994 36.7711113568, -86.1859983525 36.7717860552, -86.1860790203 36.7724498307, -86.1861412645 36.772880506, -86.1861756 36.7730907505, -86.186208345 36.7732620031, -86.1862545654 36.7734612174, -86.1863127467 36.7736623097, -86.1863852675 36.7738636227, -86.1864697366 36.7740646158, -86.1866253119 36.7743996397, -86.1868529396 36.7748546847, -86.1870323138 36.7752308145, -86.1871139827 36.7754194589, -86.1871830418 36.7756119958, -86.1872446141 36.7758084066, -86.1872901775 36.7760111928, -86.1873241533 36.7762173192, -86.1873448404 36.7764278897, -86.1873528321 36.7765690249, -86.1873588613 36.7767834956, -86.1873556038 36.7769276943, -86.1873188108 36.7772928294, -86.1870732841 36.7791599326, -86.1869993774 36.779718828, -86.1867925232 36.7811351022, -86.1867685401 36.7813554535, -86.1867021821 36.7818041902, -86.1866269968 36.7822614739, -86.1865805344 36.7824915225, -86.1864041033 36.7832117435, -86.1862966743 36.7835853834, -86.1860616592 36.7843310907, -86.1858881078 36.7848431231, -86.1854971702 36.7857871565, -86.1853253162 36.7861810859, -86.1851246058 36.7866039611, -86.1848951383 36.7870733579, -86.184383716 36.7880889706, -86.1842636247 36.7883426385, -86.1840701868 36.7887262109, -86.1838921758 36.7891207109, -86.1835031005 36.7899224671, -86.1832690697 36.7903737514, -86.1830520578 36.7907568604, -86.1829478877 36.7909305472, -86.1827106126 36.7912942325, -86.1824437236 36.7916745062, -86.1812693999 36.7932204339, -86.180963216 36.7935989272, -86.1806833258 36.7939182739, -86.1804803719 36.7941368172, -86.180193822 36.7944270763, -86.1798164209 36.7947745219, -86.1794687615 36.7950685765, -86.1788782357 36.7955307835, -86.1783467896 36.7959345453, -86.17809221 36.7961447609, -86.1777757291 36.7964590185, -86.1775639101 36.7966828073, -86.1774391409 36.7968409101, -86.1773355891 36.7970071747, -86.1772025187 36.7972671995, -86.177131851 36.7974511947, -86.1770724936 36.7976422878, -86.1770264938 36.7978404738, -86.1769969219 36.7980449147, -86.1769820681 36.7982553446, -86.176971579 36.7986926105, -86.1769731974 36.7989169859, -86.1770019072 36.8004817828, -86.1770224966 36.8010392277, -86.1770555291 36.8024628443, -86.1770881845 36.8035802368, -86.1771062468 36.804533449, -86.1771266553 36.8062589433, -86.177121996 36.8065805647, -86.1771270212 36.8083635159, -86.1771404849 36.809348603, -86.1771537102 36.8119719269, -86.1771540931 36.8132992663, -86.1771486554 36.8140240648, -86.1771635961 36.8148484825, -86.1771658377 36.8163823466, -86.177181441 36.8179230272, -86.1771881362 36.8193989264, -86.1771800771 36.8200833624, -86.1771885973 36.820739724, -86.1772211731 36.8252008827, -86.1772351821 36.8262809975, -86.1772514372 36.8267357447, -86.1773268345 36.8279771231, -86.1774779969 36.8301632651, -86.1775416215 36.8311360875, -86.1777234527 36.8334855287, -86.1777903834 36.8344978878, -86.1778621628 36.8353415991, -86.1779306221 36.8363218194, -86.1779719016 36.8367297847, -86.1780049664 36.8369556936, -86.1780301795 36.8371827295, -86.1780394653 36.8373730226, -86.178032795 36.8376410986, -86.1779777806 36.8387783198, -86.177938073 36.8392448093, -86.1779092121 36.8394566647, -86.1778035514 36.8401019145, -86.1777031224 36.8405864784, -86.177536506 36.8412088829, -86.1774006489 36.8416532052, -86.177280663 36.8420043649, -86.1771692948 36.8423090785, -86.1770029348 36.8427381326, -86.1768502672 36.8431116581, -86.1766494614 36.8435529226, -86.1765315444 36.8437884504, -86.1763959689 36.8440435416, -86.1761127521 36.8445359165, -86.1757405607 36.8451263896, -86.1755122279 36.8454762978, -86.1753814051 36.8456668298, -86.1750806196 36.8460760504, -86.1744700047 36.8468080091, -86.1738531414 36.8475246075, -86.1735268096 36.8478910729, -86.172220575 36.8493830205, -86.1690997589 36.8529767647, -86.1684851974 36.8536955234, -86.1680967306 36.8541443162, -86.1678074972 36.8544933293, -86.167553903 36.8548600653, -86.1674078665 36.8550868963, -86.1673178199 36.8552418438, -86.1671040342 36.8556389214, -86.1670005818 36.8558417044, -86.1667916772 36.8563796557, -86.1667244897 36.8565894495, -86.1664964795 36.857503455, -86.1664374176 36.857884597, -86.1664202806 36.8580604293, -86.1664025013 36.8583669943, -86.1664021972 36.8585584215, -86.1664546514 36.8591415752, -86.1664762458 36.8592757979, -86.1667595962 36.8605697229, -86.166821316 36.8607897651, -86.1669867511 36.861221734, -86.1671187426 36.8615398461, -86.1673160158 36.8619804891, -86.1679158876 36.8632727246, -86.1682395391 36.8640021107, -86.1684536707 36.8645212383, -86.1685589104 36.8647597989, -86.1687216233 36.8651906763, -86.1687888277 36.865411797, -86.1689208111 36.8659092486, -86.1689571338 36.8661090581, -86.1689804039 36.8662973791, -86.1690747851 36.8672220376, -86.1691524466 36.8679069918, -86.1695232601 36.8710115946, -86.1697217271 36.8727576099, -86.1700570814 36.8754435099, -86.1701414372 36.8761608486, -86.17025134 36.8768003712, -86.1703184541 36.8771247568, -86.1704029158 36.8774943956, -86.1704616228 36.8777215884, -86.1705264548 36.8779435407, -86.1708630637 36.8788947863, -86.1710816345 36.8793413888, -86.1712906437 36.8797893986, -86.1715382539 36.8802315004, -86.1717652876 36.8806011708, -86.1719256346 36.8808450218, -86.1720872619 36.8810734878, -86.1726506817 36.8818618643, -86.1735761481 36.88312982, -86.1738877426 36.8835766277, -86.1741730079 36.8840218829, -86.1743783503 36.8844207391, -86.1744684168 36.8846280417, -86.174639682 36.8850459729, -86.174783061 36.8854900974, -86.1748455609 36.885719471, -86.174975042 36.8862446666, -86.1750830032 36.8866523921, -86.1752542265 36.8873630939, -86.1754856213 36.8882529172, -86.1761892611 36.8910761522, -86.1767778362 36.8934392284, -86.177190965 36.8950712947, -86.1775076471 36.8962774662, -86.1777482833 36.8970994155, -86.1780203735 36.8979193259, -86.1782843368 36.8986324283, -86.1789034512 36.9001552461, -86.179394977 36.9013099597, -86.1796191352 36.9018161252, -86.1799674342 36.9025607715, -86.1802611615 36.9031507196, -86.1807852007 36.9041240415, -86.1813053252 36.9050092147, -86.1817381381 36.9056961419, -86.1822045522 36.9063964, -86.1824959811 36.906819642, -86.1826487091 36.9070313742, -86.1829385453 36.9074147976, -86.1835262842 36.9081555212, -86.1836454956 36.9083072291, -86.1838477449 36.9085649156, -86.1840581853 36.9088195493, -86.1843687659 36.9091800968, -86.184907801 36.9097743347, -86.1855162117 36.910416648, -86.1858907968 36.9107829933, -86.1863387885 36.911244364, -86.1866150431 36.9115212669, -86.1874067193 36.9122658736, -86.1885259306 36.9133368911, -86.1895300415 36.9143138559, -86.1901467811 36.9149055797, -86.1909911457 36.9156985754, -86.1931193818 36.9177346656, -86.1949283618 36.9194434642, -86.1967534264 36.9211972158, -86.1971370945 36.9215769482, -86.1973229665 36.921770682, -86.1980444098 36.9225756364, -86.1981729046 36.9227264705, -86.19837183 36.9229855178, -86.1987865659 36.9235807224, -86.1989684534 36.9238499966, -86.1991093232 36.9240672464, -86.1993469795 36.9244519304, -86.1996349597 36.9249567143, -86.2007542201 36.9271121934, -86.2011099381 36.9277845195, -86.20130452 36.9281704655, -86.2013956915 36.9283697787, -86.2020379737 36.9296446612, -86.2024237767 36.9303663029, -86.202862313 36.9312080321, -86.2038008601 36.9330381834, -86.2040552018 36.9335142509, -86.204122453 36.9336592754, -86.204168703 36.9337826852)"
"District 03","Allen","03-80353.00","KY","100","KY-100","CONGESTION MITIGTN(O)","13.05","13.15","Construct roundabout intersection at KY 100 and KY 3500 (Old Gallatin Road/Franklin Road) (MP 13.05-13.15) (2024CCN)","","2024","2026","C","SPP","1300000","2031","","","","002-KY-0100-000","LINESTRING (-86.2126165618 36.7372389366, -86.2124115823 36.7371511953, -86.2121854714 36.737060093, -86.2121020308 36.7370307641, -86.2117534055 36.7369371284, -86.2114645982 36.7375685517)"
"District 03","Allen","03-80353.00","KY","100","KY-100","CONGESTION MITIGTN(O)","13.05","13.15","Construct roundabout intersection at KY 100 and KY 3500 (Old Gallatin Road/Franklin Road) (MP 13.05-13.15) (2024CCN)","","2024","2026","U","SPP","500000","2030","","","","002-KY-0100-000","LINESTRING (-86.2126165618 36.7372389366, -86.2124115823 36.7371511953, -86.2121854714 36.737060093, -86.2121020308 36.7370307641, -86.2117534055 36.7369371284, -86.2114645982 36.7375685517)"
"District 03","Allen","03-80353.00","KY","100","KY-100","CONGESTION MITIGTN(O)","13.05","13.15","Construct roundabout intersection at KY 100 and KY 3500 (Old Gallatin Road/Franklin Road) (MP 13.05-13.15) (2024CCN)","","2024","2026","R","SPP","250000","2029","","","","002-KY-0100-000","LINESTRING (-86.2126165618 36.7372389366, -86.2124115823 36.7371511953, -86.2121854714 36.737060093, -86.2121020308 36.7370307641, -86.2117534055 36.7369371284, -86.2114645982 36.7375685517)"
"District 03","Barren","03-00186.00","KY","249","KY-249","AM-BRIDGE (P)","15.282","15.6","Widen KY 249 from Hilltopper Way to Trojan Trail","","2026","2026","C","SPP","4150000","2027","","","","005-KY-0249-000","LINESTRING (-85.9119962603 36.9780636108, -85.9121375876 36.9785143796, -85.9122585104 36.9788685028, -85.9123266654 36.9790417081, -85.9124044054 36.9792143516, -85.9124944674 36.9793858781, -85.9125985634 36.9795565615, -85.9127105307 36.9797261356, -85.9129491687 36.9800570234, -85.913059079 36.980224677, -85.913145051 36.9804033498, -85.9132080948 36.980585351, -85.9132499268 36.9807731486, -85.9133007064 36.9811394533, -85.9134112138 36.9820502946, -85.91345831 36.982470185)"
"District 03","Barren","03-08821.00","CR","1366","CR-1366","MAJOR WIDENING","0.0","1.278","IMPROVE KY-1297 FROM CR-1366 (DONNELLY DRIVE) TO US-31E (ROGER WELLS), AND IMPROVE CR-1366 (DONNELLY DRIVE) FROM KY-1297 TO US-68 IN GLASGOW. (14CCN) (16CCN) (2020CCR) (2024CCR)","","2014","2026","C","CRP","13440000","2028","","","","005-CR-1366-000","LINESTRING (-85.9501578079 37.0112156713, -85.950612697 37.0102253404, -85.9506910556 37.0100727765, -85.9508932778 37.0097519164, -85.9511427515 37.0094287766, -85.9515568324 37.0089356209, -85.9519578818 37.0084375424, -85.9530994137 37.0069648289, -85.9541099467 37.0056920012, -85.9547190563 37.0049026986, -85.9557127251 37.0037441394, -85.9560303664 37.003443664, -85.9578769258 37.00189083, -85.9580377809 37.0017364664, -85.9581828581 37.0015727934, -85.9583104484 37.0014009111, -85.95852551 37.0010382686, -85.9593431045 36.999526251, -85.960129767 36.9978635029, -85.9606503515 36.996689002, -85.9607581159 36.9964127889, -85.9608802954 36.9960269658, -85.9610707517 36.9953268239, -85.9610883827 36.9951438776, -85.9603949816 36.9950067127, -85.9592431876 36.9947742428, -85.9587330892 36.994677935, -85.9578337979 36.9944982786, -85.9556532406 36.9940594259, -85.9552133323 36.9939594076, -85.9549926663 36.9938991001, -85.9547781284 36.9938261473, -85.9545601386 36.9937430392, -85.9544185593 36.9936801197, -85.9541387989 36.9935454855, -85.9533467503 36.9931316085, -85.9516865404 36.9922561836, -85.9513056656 36.9920764014, -85.9511140533 36.9919946144, -85.9497615274 36.9914418858, -85.9493581391 36.9912898754, -85.9491984534 36.9912387908, -85.9488900896 36.9911558257, -85.9486136241 36.9910939544, -85.948396448 36.9910534021, -85.9480789506 36.9910113734, -85.947562177 36.9909655624, -85.946915293 36.9909166735, -85.9465954314 36.9908867288, -85.9462419773 36.9908414604, -85.945889179 36.9907852032, -85.9456072698 36.9907345936, -85.9452167179 36.9906426939, -85.9447929297 36.9905406873, -85.9440179448 36.9903379211, -85.9436417319 36.9902284152, -85.9434614786 36.9901652721, -85.9431996328 36.9900602439, -85.9429442674 36.9899458658, -85.942445806 36.9896937436, -85.9422675581 36.9896105457, -85.9419487294 36.9894465604, -85.9409932889 36.988957617, -85.9403344193 36.9886299463, -85.94009141 36.9885240565, -85.9399344597 36.9884663628, -85.9397624533 36.9884122635, -85.9395932062 36.9883661248, -85.9392482396 36.9882862149, -85.9388920173 36.9882225272, -85.938545093 36.9881802454, -85.9382680673 36.9881603706, -85.9380068182 36.9881511806, -85.9376723212 36.9881492489, -85.9374631461 36.9881537058, -85.9372799825 36.9881550994, -85.9367438808 36.9881727145, -85.9365224078 36.9881881753, -85.9362321571 36.9882191251, -85.9359775354 36.9882593568, -85.9356185813 36.9883357321, -85.9351426572 36.988461179, -85.9339818461 36.9888046789, -85.9334607838 36.9889543594, -85.9329017399 36.9891142585, -85.9327142501 36.9891670106, -85.9324949602 36.9892368402, -85.9322130971 36.9893402736)"
"District 03","Barren","03-10001.00","US","31","US-31","AM-BRIDGE (P)","1.582","1.586","ADDRESS DEFICIENCIES OF US 31EX BRIDGE OVER WATER STREET. (005B00058N)","005B00058N","2018","2026","R","BRX","1000000","2026","","","","005-US-0031E-000","LINESTRING (-86.0488284985 36.8572120994, -86.0487797639 36.8572329259, -86.0487638582 36.8572402792)"
"District 03","Barren","03-10001.00","US","31","US-31","AM-BRIDGE (P)","1.582","1.586","ADDRESS DEFICIENCIES OF US 31EX BRIDGE OVER WATER STREET. (005B00058N)","005B00058N","2018","2026","U","BRX","550000","2027","","","","005-US-0031E-000","LINESTRING (-86.0488284985 36.8572120994, -86.0487797639 36.8572329259, -86.0487638582 36.8572402792)"
"District 03","Barren","03-10001.00","US","31","US-31","AM-BRIDGE (P)","1.582","1.586","ADDRESS DEFICIENCIES OF US 31EX BRIDGE OVER WATER STREET. (005B00058N)","005B00058N","2018","2026","C","BRX","2900000","2028","","","","005-US-0031E-000","LINESTRING (-86.0488284985 36.8572120994, -86.0487797639 36.8572329259, -86.0487638582 36.8572402792)"
"District 03","Barren","03-10030.00","KY","740","KY-740","AM-BRIDGE (P)","9.371","9.381","BRIDGE PROJECT IN BARREN COUNTY ON (005B00046N) KY-740 AT BLUE SPRINGS CREEK","005B00046N","2022","2026","C","BRX","1490228","2032","","","","005-KY-0740-000","LINESTRING (-85.7914438862 37.1199188633, -85.7913113592 37.1200188819)"
"District 03","Barren","03-10030.00","KY","740","KY-740","AM-BRIDGE (P)","9.371","9.381","BRIDGE PROJECT IN BARREN COUNTY ON (005B00046N) KY-740 AT BLUE SPRINGS CREEK","005B00046N","2022","2026","D","BRX","223534","2032","","","","005-KY-0740-000","LINESTRING (-85.7914438862 37.1199188633, -85.7913113592 37.1200188819)"
"District 03","Barren","03-10059.00","KY","3179","KY-3179","AM-BRIDGE (P)","2.245","2.261","ADDRESS DEFICIENCIES OF BRIDGE ON KY-3179 OVER PETER CREEK (005B00090N)","005B00090N","2026","2026","C","BRZ","1610719","2032","","","","005-KY-3179-000","LINESTRING (-85.9644250377 36.8331996338, -85.9644538517 36.8334202692)"
"District 03","Barren","03-10059.00","KY","3179","KY-3179","AM-BRIDGE (P)","2.245","2.261","ADDRESS DEFICIENCIES OF BRIDGE ON KY-3179 OVER PETER CREEK (005B00090N)","005B00090N","2026","2026","D","BRZ","241608","2032","","","","005-KY-3179-000","LINESTRING (-85.9644250377 36.8331996338, -85.9644538517 36.8334202692)"
"District 03","Barren","03-20038.00","US","31","US-31","AM-PAVEMENT (PRI)(P)","8.052","12.117","ADDRESS CONDITION OF US-31E FROM MILEPOINT 8.052 TO MILEPOINT 12.117","","2024","2026","D","STP4","160000","2026","2026-06-25","Awarded","1","005-US-0031E-000","LINESTRING (-85.9906430467 36.932876477, -85.9901225501 36.9332598578, -85.9897522707 36.9335465259, -85.9886194809 36.9343939358, -85.9863718594 36.9360579247, -85.9836210014 36.9380980463, -85.9815254213 36.9396539754, -85.9809399913 36.9400918238, -85.9807444232 36.9402484847, -85.9804583464 36.9404577809, -85.9801507589 36.9406819506, -85.9799524406 36.9408353199, -85.9795554194 36.9411291492, -85.9790972717 36.9414631956, -85.9782567779 36.9420830729, -85.9778003781 36.9424327653, -85.9769643001 36.9430493284, -85.973517834 36.9456132142, -85.9719066485 36.946804136, -85.9708636098 36.947589681, -85.967848991 36.9498263022, -85.9651029504 36.9518692732, -85.9637039279 36.9529124796, -85.9631596056 36.9533180292, -85.9608108066 36.9550616321, -85.9597565791 36.9558449015, -85.9594399995 36.9560800185, -85.9574387138 36.9575697054, -85.9553557177 36.9591191001, -85.9541159189 36.9600407915, -85.9519798449 36.9616300425, -85.9516317731 36.9618813968, -85.9502733601 36.9628922382, -85.950069768 36.9630381499, -85.9497432378 36.9632869899, -85.94902967 36.9638133332, -85.9487543678 36.964023083, -85.9482628522 36.9643977124, -85.9478253402 36.9647461577, -85.9473448132 36.9651383423, -85.9469414899 36.9654757395, -85.9464842397 36.9658722757, -85.9458603918 36.9664347008, -85.9455698416 36.9667101094, -85.9451256823 36.9671450682, -85.9445893821 36.9676867413, -85.9441719208 36.9681260467, -85.9422201876 36.9702289447, -85.9415067826 36.9709994013, -85.940641125 36.9719365367, -85.9394306473 36.9732381326, -85.9385089006 36.974215442)"
"District 03","Barren","03-20038.00","US","31","US-31","AM-PAVEMENT (PRI)(P)","8.052","12.117","ADDRESS CONDITION OF US-31E FROM MILEPOINT 8.052 TO MILEPOINT 12.117","","2024","2026","C","STP4","1840000","2026","2026-06-25","Awarded","1","005-US-0031E-000","LINESTRING (-85.9906430467 36.932876477, -85.9901225501 36.9332598578, -85.9897522707 36.9335465259, -85.9886194809 36.9343939358, -85.9863718594 36.9360579247, -85.9836210014 36.9380980463, -85.9815254213 36.9396539754, -85.9809399913 36.9400918238, -85.9807444232 36.9402484847, -85.9804583464 36.9404577809, -85.9801507589 36.9406819506, -85.9799524406 36.9408353199, -85.9795554194 36.9411291492, -85.9790972717 36.9414631956, -85.9782567779 36.9420830729, -85.9778003781 36.9424327653, -85.9769643001 36.9430493284, -85.973517834 36.9456132142, -85.9719066485 36.946804136, -85.9708636098 36.947589681, -85.967848991 36.9498263022, -85.9651029504 36.9518692732, -85.9637039279 36.9529124796, -85.9631596056 36.9533180292, -85.9608108066 36.9550616321, -85.9597565791 36.9558449015, -85.9594399995 36.9560800185, -85.9574387138 36.9575697054, -85.9553557177 36.9591191001, -85.9541159189 36.9600407915, -85.9519798449 36.9616300425, -85.9516317731 36.9618813968, -85.9502733601 36.9628922382, -85.950069768 36.9630381499, -85.9497432378 36.9632869899, -85.94902967 36.9638133332, -85.9487543678 36.964023083, -85.9482628522 36.9643977124, -85.9478253402 36.9647461577, -85.9473448132 36.9651383423, -85.9469414899 36.9654757395, -85.9464842397 36.9658722757, -85.9458603918 36.9664347008, -85.9455698416 36.9667101094, -85.9451256823 36.9671450682, -85.9445893821 36.9676867413, -85.9441719208 36.9681260467, -85.9422201876 36.9702289447, -85.9415067826 36.9709994013, -85.940641125 36.9719365367, -85.9394306473 36.9732381326, -85.9385089006 36.974215442)"
"District 03","Barren","03-22061.00","I","65","I-65","AM-PAVEMENT (INT)(P)","48.3","53.2","ADDRESS CONDITION OF I-065 FROM MILEPOINT 48 TO MILEPOINT 53.3 (53.2 CARDINAL)","","2022","2026","D","NHPM","760000","2031","","","","005-I-0065-000","LINESTRING (-86.0413303735 37.1062566807, -86.0401366052 37.1068442777, -86.0370751236 37.1083709409, -86.0359282237 37.1089510718, -86.0325421144 37.110647045, -86.0305411493 37.1116587406, -86.0250698317 37.1144119515, -86.0203964697 37.1167722318, -86.0165694129 37.1186950731, -86.0160134137 37.118969619, -86.0157333329 37.1191007157, -86.0154508291 37.1192260496, -86.0151645304 37.1193450746, -86.014875462 37.1194572403, -86.0142890257 37.1196626346, -86.0136949601 37.1198455235, -86.0133937782 37.1199275005, -86.0130894869 37.1200034412, -86.012782088 37.1200738952, -86.0124719262 37.1201385878, -86.0121593435 37.1201977909, -86.0118450239 37.1202509554, -86.0112104904 37.1203394432, -86.0089759754 37.1206237474, -86.0083314901 37.1207125163, -86.0073568127 37.1208286518, -86.0031461911 37.1213608041, -86.0018523605 37.1215294955, -86.0012157531 37.1216195812, -86.0005860354 37.1217195354, -86.0002741096 37.121775135, -85.9993497115 37.1219603069, -85.9987420599 37.122096184, -85.9978373307 37.1223197524, -85.9975361177 37.1224008639, -85.9969309848 37.1225743521, -85.9963231511 37.1227623998, -85.9960178783 37.1228613682, -85.9954066792 37.1230700168, -85.9948006663 37.1232926575, -85.9939052682 37.1236504796, -85.9933178651 37.1239032847, -85.9930277814 37.1240348975, -85.9924548375 37.1243055202, -85.9918915239 37.1245857339, -85.9913385287 37.124876085, -85.9907975728 37.1251784928, -85.9900060841 37.1256505976, -85.9894939947 37.1259735393, -85.9889973613 37.1263041361, -85.9885100228 37.1266467969, -85.9880309435 37.126999601, -85.9877941582 37.1271797049, -85.9873281504 37.1275464857, -85.9855358978 37.1290551937, -85.9810097099 37.1328958712, -85.976253803 37.1369309945, -85.9758049283 37.1373298303, -85.9753663813 37.137742102, -85.9749463973 37.1381691677, -85.9745487344 37.1386049774, -85.9741747329 37.139039092, -85.9740616045 37.139180479, -85.9738247517 37.1394764554, -85.9735257763 37.1398785653, -85.9733406165 37.1401395617, -85.9730421216 37.1405894574, -85.9727618308 37.1410475575, -85.9726280418 37.1412804403, -85.972498721 37.1415160605, -85.9722524532 37.1419963413, -85.9721348194 37.1422404535, -85.9719136436 37.1427385379, -85.9717130815 37.1432472937, -85.9715331257 37.1437639745, -85.9713747986 37.1442863821, -85.9712404937 37.1448117648, -85.9711580038 37.1451937198)"
"District 03","Barren","03-22061.00","I","65","I-65","AM-PAVEMENT (INT)(P)","48.3","53.2","ADDRESS CONDITION OF I-065 FROM MILEPOINT 48 TO MILEPOINT 53.3 (53.2 CARDINAL)","","2022","2026","C","NHPM","7643500","2031","","","","005-I-0065-000","LINESTRING (-86.0413303735 37.1062566807, -86.0401366052 37.1068442777, -86.0370751236 37.1083709409, -86.0359282237 37.1089510718, -86.0325421144 37.110647045, -86.0305411493 37.1116587406, -86.0250698317 37.1144119515, -86.0203964697 37.1167722318, -86.0165694129 37.1186950731, -86.0160134137 37.118969619, -86.0157333329 37.1191007157, -86.0154508291 37.1192260496, -86.0151645304 37.1193450746, -86.014875462 37.1194572403, -86.0142890257 37.1196626346, -86.0136949601 37.1198455235, -86.0133937782 37.1199275005, -86.0130894869 37.1200034412, -86.012782088 37.1200738952, -86.0124719262 37.1201385878, -86.0121593435 37.1201977909, -86.0118450239 37.1202509554, -86.0112104904 37.1203394432, -86.0089759754 37.1206237474, -86.0083314901 37.1207125163, -86.0073568127 37.1208286518, -86.0031461911 37.1213608041, -86.0018523605 37.1215294955, -86.0012157531 37.1216195812, -86.0005860354 37.1217195354, -86.0002741096 37.121775135, -85.9993497115 37.1219603069, -85.9987420599 37.122096184, -85.9978373307 37.1223197524, -85.9975361177 37.1224008639, -85.9969309848 37.1225743521, -85.9963231511 37.1227623998, -85.9960178783 37.1228613682, -85.9954066792 37.1230700168, -85.9948006663 37.1232926575, -85.9939052682 37.1236504796, -85.9933178651 37.1239032847, -85.9930277814 37.1240348975, -85.9924548375 37.1243055202, -85.9918915239 37.1245857339, -85.9913385287 37.124876085, -85.9907975728 37.1251784928, -85.9900060841 37.1256505976, -85.9894939947 37.1259735393, -85.9889973613 37.1263041361, -85.9885100228 37.1266467969, -85.9880309435 37.126999601, -85.9877941582 37.1271797049, -85.9873281504 37.1275464857, -85.9855358978 37.1290551937, -85.9810097099 37.1328958712, -85.976253803 37.1369309945, -85.9758049283 37.1373298303, -85.9753663813 37.137742102, -85.9749463973 37.1381691677, -85.9745487344 37.1386049774, -85.9741747329 37.139039092, -85.9740616045 37.139180479, -85.9738247517 37.1394764554, -85.9735257763 37.1398785653, -85.9733406165 37.1401395617, -85.9730421216 37.1405894574, -85.9727618308 37.1410475575, -85.9726280418 37.1412804403, -85.972498721 37.1415160605, -85.9722524532 37.1419963413, -85.9721348194 37.1422404535, -85.9719136436 37.1427385379, -85.9717130815 37.1432472937, -85.9715331257 37.1437639745, -85.9713747986 37.1442863821, -85.9712404937 37.1448117648, -85.9711580038 37.1451937198)"
"District 03","Barren","03-22063.00","I","65","I-65","AM-PAVEMENT (INT)(P)","53.0","53.956","ADDRESS CONDITION OF I-065 FROM MILEPOINT 53.2 (53.3 NON-CARDINAL) TO MILEPOINT 53.956","","2022","2026","C","NHPM","1300000","2029","","","","005-I-0065-000","LINESTRING (-85.9720690647 37.1423885327, -85.9719136436 37.1427385379, -85.9717130815 37.1432472937, -85.9715331257 37.1437639745, -85.9713747986 37.1442863821, -85.9712404937 37.1448117648, -85.9711274518 37.1453351845, -85.9710801903 37.1455956409, -85.9710017849 37.1461140503, -85.9709709824 37.1463717289, -85.9709244678 37.1468851357, -85.9708954474 37.1473974098, -85.9706844423 37.1555274046, -85.9706462014 37.1561723521)"
"District 03","Barren","03-22063.00","I","65","I-65","AM-PAVEMENT (INT)(P)","53.0","53.956","ADDRESS CONDITION OF I-065 FROM MILEPOINT 53.2 (53.3 NON-CARDINAL) TO MILEPOINT 53.956","","2022","2026","D","NHPM","130000","2029","","","","005-I-0065-000","LINESTRING (-85.9720690647 37.1423885327, -85.9719136436 37.1427385379, -85.9717130815 37.1432472937, -85.9715331257 37.1437639745, -85.9713747986 37.1442863821, -85.9712404937 37.1448117648, -85.9711274518 37.1453351845, -85.9710801903 37.1455956409, -85.9710017849 37.1461140503, -85.9709709824 37.1463717289, -85.9709244678 37.1468851357, -85.9708954474 37.1473974098, -85.9706844423 37.1555274046, -85.9706462014 37.1561723521)"
"District 03","Barren","03-22300.00","US","68","US-68","AM-PAVEMENT (PRI)(P)","2.753","4.415","ADDRESS CONDITION OF US-68X FROM MILEPOINT 2.75 TO MILEPOINT 4.27","","2022","2026","C","STP3","7360000","2026","","","","005-US-0068X-000","LINESTRING (-85.9094955763 36.9970937969, -85.9089280608 36.9972649635, -85.9080866348 36.9975281204, -85.9079155393 36.9975802614, -85.9071240594 36.9978249429, -85.9064646595 36.9980287945, -85.9060252889 36.9981661572, -85.9055523926 36.998319493, -85.9052307604 36.9984330763, -85.9044061843 36.9987442478, -85.9042173385 36.9988255186, -85.9040008066 36.9989307198, -85.9037983254 36.9990422188, -85.9035907372 36.9991682808, -85.9033578768 36.9993276077, -85.9026119397 36.9999248429, -85.9022946573 37.0001628261, -85.9021041806 37.0002869402, -85.901857595 37.0004355712, -85.9015911348 37.0005770857, -85.900903569 37.0009276026, -85.9001013833 37.0013268756, -85.8995431005 37.0016063595, -85.8989892671 37.0018866587, -85.8981877657 37.0022963539, -85.8974628553 37.002652391, -85.8968805975 37.0029395824, -85.8967485398 37.0030018188, -85.8959175178 37.0033870924, -85.8956356033 37.003517353, -85.8949763214 37.003824131, -85.8942893472 37.0041575807, -85.893878475 37.0043643477, -85.893216869 37.0047167097, -85.8925706619 37.0050671266, -85.8918498809 37.0054621233, -85.891520115 37.00564791, -85.8910723466 37.0059101906, -85.8904956416 37.0062629832, -85.8900154087 37.006565672, -85.8893391944 37.0070015214, -85.8889338474 37.0072491873, -85.888424127 37.0075392708, -85.8880214483 37.0077512257, -85.8876731458 37.0079241155, -85.8874935104 37.0080080947, -85.8869785312 37.0082372066, -85.8865326458 37.0084231167, -85.8860490835 37.0086060469, -85.8857328517 37.0087170988, -85.8854237938 37.0088190773, -85.8849706242 37.0089572008, -85.8846697542 37.0090421407, -85.8840074029 37.0092170299, -85.8835335058 37.0093363668)"
"District 03","Barren","03-22300.00","US","68","US-68","AM-PAVEMENT (PRI)(P)","2.753","4.415","ADDRESS CONDITION OF US-68X FROM MILEPOINT 2.75 TO MILEPOINT 4.27","","2022","2026","D","STP3","640000","2026","","","","005-US-0068X-000","LINESTRING (-85.9094955763 36.9970937969, -85.9089280608 36.9972649635, -85.9080866348 36.9975281204, -85.9079155393 36.9975802614, -85.9071240594 36.9978249429, -85.9064646595 36.9980287945, -85.9060252889 36.9981661572, -85.9055523926 36.998319493, -85.9052307604 36.9984330763, -85.9044061843 36.9987442478, -85.9042173385 36.9988255186, -85.9040008066 36.9989307198, -85.9037983254 36.9990422188, -85.9035907372 36.9991682808, -85.9033578768 36.9993276077, -85.9026119397 36.9999248429, -85.9022946573 37.0001628261, -85.9021041806 37.0002869402, -85.901857595 37.0004355712, -85.9015911348 37.0005770857, -85.900903569 37.0009276026, -85.9001013833 37.0013268756, -85.8995431005 37.0016063595, -85.8989892671 37.0018866587, -85.8981877657 37.0022963539, -85.8974628553 37.002652391, -85.8968805975 37.0029395824, -85.8967485398 37.0030018188, -85.8959175178 37.0033870924, -85.8956356033 37.003517353, -85.8949763214 37.003824131, -85.8942893472 37.0041575807, -85.893878475 37.0043643477, -85.893216869 37.0047167097, -85.8925706619 37.0050671266, -85.8918498809 37.0054621233, -85.891520115 37.00564791, -85.8910723466 37.0059101906, -85.8904956416 37.0062629832, -85.8900154087 37.006565672, -85.8893391944 37.0070015214, -85.8889338474 37.0072491873, -85.888424127 37.0075392708, -85.8880214483 37.0077512257, -85.8876731458 37.0079241155, -85.8874935104 37.0080080947, -85.8869785312 37.0082372066, -85.8865326458 37.0084231167, -85.8860490835 37.0086060469, -85.8857328517 37.0087170988, -85.8854237938 37.0088190773, -85.8849706242 37.0089572008, -85.8846697542 37.0090421407, -85.8840074029 37.0092170299, -85.8835335058 37.0093363668)"
"District 03","Barren","03-80002.00","LN","9008","LN-9008","NEW INTERCHANGE(O)","12.8","13.0","NEW INTERCHANGE ON THE LOUIE NUNN CUMBERLAND PARKWAY AT KY (CONTINGENT ON ECONOMIC DEVELOPMENT PROJECTS)-249 IN GLASGOW(18CCN) (2022CCR) (2024CCR)","","2018","2026","D","SPP","2030000","2029","","","","005-LN-9008-000","LINESTRING (-85.9122658219 36.9733693025, -85.9120909051 36.9733964454, -85.9117949287 36.9734482163, -85.9109094248 36.9736191744, -85.9100229343 36.973810726, -85.9094320872 36.9739551767, -85.9088443465 36.974112253, -85.9087774529 36.9741317107)"
"District 03","Barren","03-80002.00","LN","9008","LN-9008","NEW INTERCHANGE(O)","12.8","13.0","NEW INTERCHANGE ON THE LOUIE NUNN CUMBERLAND PARKWAY AT KY (CONTINGENT ON ECONOMIC DEVELOPMENT PROJECTS)-249 IN GLASGOW(18CCN) (2022CCR) (2024CCR)","","2018","2026","C","SPP","23390000","2031","","","","005-LN-9008-000","LINESTRING (-85.9122658219 36.9733693025, -85.9120909051 36.9733964454, -85.9117949287 36.9734482163, -85.9109094248 36.9736191744, -85.9100229343 36.973810726, -85.9094320872 36.9739551767, -85.9088443465 36.974112253, -85.9087774529 36.9741317107)"
"District 03","Barren","03-80002.00","LN","9008","LN-9008","NEW INTERCHANGE(O)","12.8","13.0","NEW INTERCHANGE ON THE LOUIE NUNN CUMBERLAND PARKWAY AT KY (CONTINGENT ON ECONOMIC DEVELOPMENT PROJECTS)-249 IN GLASGOW(18CCN) (2022CCR) (2024CCR)","","2018","2026","R","SPP","3020000","2030","","","","005-LN-9008-000","LINESTRING (-85.9122658219 36.9733693025, -85.9120909051 36.9733964454, -85.9117949287 36.9734482163, -85.9109094248 36.9736191744, -85.9100229343 36.973810726, -85.9094320872 36.9739551767, -85.9088443465 36.974112253, -85.9087774529 36.9741317107)"
"District 03","Barren","03-80002.00","LN","9008","LN-9008","NEW INTERCHANGE(O)","12.8","13.0","NEW INTERCHANGE ON THE LOUIE NUNN CUMBERLAND PARKWAY AT KY (CONTINGENT ON ECONOMIC DEVELOPMENT PROJECTS)-249 IN GLASGOW(18CCN) (2022CCR) (2024CCR)","","2018","2026","U","SPP","1060000","2030","","","","005-LN-9008-000","LINESTRING (-85.9122658219 36.9733693025, -85.9120909051 36.9733964454, -85.9117949287 36.9734482163, -85.9109094248 36.9736191744, -85.9100229343 36.973810726, -85.9094320872 36.9739551767, -85.9088443465 36.974112253, -85.9087774529 36.9741317107)"
"District 03","Barren","03-80300.00","LN","9008","LN-9008","CONGESTION MITIGTN(O)","11.15","11.75","REDUCE CONGESTION AND INCREASE MOBILITY ON US 31E FROM ABERDEEN DRIVE TO TROJAN TRAIL, INCLUDING RECONSTRUCTION OF THE INTERCHANGE WITH LN 9008. (2024CCN)","","2024","2026","R","SPP","330000","2029","","","","005-LN-9008-000","LINESTRING (-85.9396344613 36.9806036677, -85.9392426698 36.9803943049, -85.9358555796 36.9785766741, -85.9340450669 36.9776161, -85.9330280441 36.9770582534, -85.9319898283 36.9765070226, -85.9314688571 36.9762370373, -85.9309403794 36.9759758497, -85.9305794169 36.9758095996)"
"District 03","Barren","03-80300.00","LN","9008","LN-9008","CONGESTION MITIGTN(O)","11.15","11.75","REDUCE CONGESTION AND INCREASE MOBILITY ON US 31E FROM ABERDEEN DRIVE TO TROJAN TRAIL, INCLUDING RECONSTRUCTION OF THE INTERCHANGE WITH LN 9008. (2024CCN)","","2024","2026","U","SPP","1860000","2030","","","","005-LN-9008-000","LINESTRING (-85.9396344613 36.9806036677, -85.9392426698 36.9803943049, -85.9358555796 36.9785766741, -85.9340450669 36.9776161, -85.9330280441 36.9770582534, -85.9319898283 36.9765070226, -85.9314688571 36.9762370373, -85.9309403794 36.9759758497, -85.9305794169 36.9758095996)"
"District 03","Barren","03-80300.00","LN","9008","LN-9008","CONGESTION MITIGTN(O)","11.15","11.75","REDUCE CONGESTION AND INCREASE MOBILITY ON US 31E FROM ABERDEEN DRIVE TO TROJAN TRAIL, INCLUDING RECONSTRUCTION OF THE INTERCHANGE WITH LN 9008. (2024CCN)","","2024","2026","C","SPP","24800000","2031","","","","005-LN-9008-000","LINESTRING (-85.9396344613 36.9806036677, -85.9392426698 36.9803943049, -85.9358555796 36.9785766741, -85.9340450669 36.9776161, -85.9330280441 36.9770582534, -85.9319898283 36.9765070226, -85.9314688571 36.9762370373, -85.9309403794 36.9759758497, -85.9305794169 36.9758095996)"
"District 03","Barren","03-80319.00","US","31","US-31","SAFETY(P)","8.57","9.6","IMPROVE SAFETY AND MOBILITY ON US-31E IN THE HAYWOOD AREA. (2024CCN)","","2024","2026","D","NH","620000","2029","","","","005-US-0031E-000","LINESTRING (-85.9837929344 36.9379705406, -85.9836210014 36.9380980463, -85.9815254213 36.9396539754, -85.9809399913 36.9400918238, -85.9807444232 36.9402484847, -85.9804583464 36.9404577809, -85.9801507589 36.9406819506, -85.9799524406 36.9408353199, -85.9795554194 36.9411291492, -85.9790972717 36.9414631956, -85.9782567779 36.9420830729, -85.9778003781 36.9424327653, -85.9769643001 36.9430493284, -85.973517834 36.9456132142, -85.9719066485 36.946804136, -85.9708636098 36.947589681, -85.9701401177 36.9481264772)"
"District 03","Barren","03-80319.00","US","31","US-31","SAFETY(P)","8.57","9.6","IMPROVE SAFETY AND MOBILITY ON US-31E IN THE HAYWOOD AREA. (2024CCN)","","2024","2026","R","NH","650000","2030","","","","005-US-0031E-000","LINESTRING (-85.9837929344 36.9379705406, -85.9836210014 36.9380980463, -85.9815254213 36.9396539754, -85.9809399913 36.9400918238, -85.9807444232 36.9402484847, -85.9804583464 36.9404577809, -85.9801507589 36.9406819506, -85.9799524406 36.9408353199, -85.9795554194 36.9411291492, -85.9790972717 36.9414631956, -85.9782567779 36.9420830729, -85.9778003781 36.9424327653, -85.9769643001 36.9430493284, -85.973517834 36.9456132142, -85.9719066485 36.946804136, -85.9708636098 36.947589681, -85.9701401177 36.9481264772)"
"District 03","Barren","03-80319.00","US","31","US-31","SAFETY(P)","8.57","9.6","IMPROVE SAFETY AND MOBILITY ON US-31E IN THE HAYWOOD AREA. (2024CCN)","","2024","2026","U","NH","620000","2031","","","","005-US-0031E-000","LINESTRING (-85.9837929344 36.9379705406, -85.9836210014 36.9380980463, -85.9815254213 36.9396539754, -85.9809399913 36.9400918238, -85.9807444232 36.9402484847, -85.9804583464 36.9404577809, -85.9801507589 36.9406819506, -85.9799524406 36.9408353199, -85.9795554194 36.9411291492, -85.9790972717 36.9414631956, -85.9782567779 36.9420830729, -85.9778003781 36.9424327653, -85.9769643001 36.9430493284, -85.973517834 36.9456132142, -85.9719066485 36.946804136, -85.9708636098 36.947589681, -85.9701401177 36.9481264772)"
"District 03","Barren","03-80319.00","US","31","US-31","SAFETY(P)","8.57","9.6","IMPROVE SAFETY AND MOBILITY ON US-31E IN THE HAYWOOD AREA. (2024CCN)","","2024","2026","C","NH","4960000","2032","","","","005-US-0031E-000","LINESTRING (-85.9837929344 36.9379705406, -85.9836210014 36.9380980463, -85.9815254213 36.9396539754, -85.9809399913 36.9400918238, -85.9807444232 36.9402484847, -85.9804583464 36.9404577809, -85.9801507589 36.9406819506, -85.9799524406 36.9408353199, -85.9795554194 36.9411291492, -85.9790972717 36.9414631956, -85.9782567779 36.9420830729, -85.9778003781 36.9424327653, -85.9769643001 36.9430493284, -85.973517834 36.9456132142, -85.9719066485 36.946804136, -85.9708636098 36.947589681, -85.9701401177 36.9481264772)"
"District 03","Barren","03-80352.00","KY","3600","KY-3600","CONGESTION MITIGTN(O)","1.95","1.952","Addition of southbound left turn lane and northbound right turn lane at new Southern States facility on KY 3600 (MP 1.95). (2024CCN)","","2024","2026","C","SPP","190000","2029","","","","005-KY-3600-000","LINESTRING (-85.9585859076 37.0053978831, -85.9585652972 37.0054218142)"
"District 03","Butler","03-00125.15","KY","269","KY-269","FERRY OPERATION(P)","1.544","1.644","OPERATION OF REED'S FERRY AT LOGANSPORT FOR FY 2027 THROUGH FY 2032.(12CCR) (2020CCR) (2024CCR)","","2014","2026","C","SPP","1031000","2027","","","","016-KY-0269-000","MULTILINESTRING ((-86.7765263355 37.2596882733, -86.7768677576 37.259552608, -86.7773306192 37.2593616167), (-86.7740598418 37.2609138234, -86.7744121851 37.2607055258, -86.7745912111 37.2606048006, -86.774769048 37.2604925503))"
"District 03","Butler","03-08504.10","KY","369","KY-369","FERRY OPERATION(P)","0.526","0.626","OPERATION OF THE ROCHESTER FERRY BY THE BUTLER AND OHIO COUNTY FERRY AUTHORITY FOR FY 2027-2032.(12CCR) (2020CCR) (2024CCR)","","2014","2026","C","SPP","1031000","2027","","","","016-KY-0369-000","MULTILINESTRING ((-86.89411835 37.2161252034, -86.8940125323 37.2169516218), (-86.8933935077 37.2133043256, -86.8937238566 37.2138245979, -86.8938443556 37.2140233757, -86.8938838426 37.2141125307, -86.8939053474 37.2141936219, -86.8939104476 37.2142350472, -86.8939093288 37.2143413551, -86.8938816672 37.2145083504))"
"District 03","Butler","03-10031.00","US","231","US-231","AM-BRIDGE (P)","17.104","17.152","BRIDGE PROJECT IN BUTLER COUNTY ON (016B00002N) US-231 AT W FK INDIAN CAMP CREEK","016B00002N","2022","2026","D","FBP","850925","2028","","","","016-US-0231-000","LINESTRING (-86.7296313589 37.291687187, -86.7303582765 37.2920620851)"
"District 03","Butler","03-10031.00","US","231","US-231","AM-BRIDGE (P)","17.104","17.152","BRIDGE PROJECT IN BUTLER COUNTY ON (016B00002N) US-231 AT W FK INDIAN CAMP CREEK","016B00002N","2022","2026","C","FBP","5672835","2028","","","","016-US-0231-000","LINESTRING (-86.7296313589 37.291687187, -86.7303582765 37.2920620851)"
"District 03","Butler","03-10032.00","US","231","US-231","AM-BRIDGE (P)","7.98","7.984","BRIDGE PROJECT IN BUTLER COUNTY ON (016B00012N) US-231 AT RENFROW CREEK","016B00012N","2022","2026","D","BRX","104535","2032","","","","016-US-0231-000","LINESTRING (-86.7038379952 37.1911187965, -86.7038669792 37.1911724129)"
"District 03","Butler","03-10032.00","US","231","US-231","AM-BRIDGE (P)","7.98","7.984","BRIDGE PROJECT IN BUTLER COUNTY ON (016B00012N) US-231 AT RENFROW CREEK","016B00012N","2022","2026","C","BRX","696900","2032","","","","016-US-0231-000","LINESTRING (-86.7038379952 37.1911187965, -86.7038669792 37.1911724129)"
"District 03","Butler","03-10033.00","KY","70","KY-70","AM-BRIDGE (P)","8.484","8.534","BRIDGE PROJECT IN BUTLER COUNTY ON (016B00016N) KY-70 AT MUDDY CREEK","016B00016N","2022","2026","C","BRZ","5635575","2030","","","","016-KY-0070-000","LINESTRING (-86.7735605544 37.1837168234, -86.7727268531 37.1839906573)"
"District 03","Butler","03-10033.00","KY","70","KY-70","AM-BRIDGE (P)","8.484","8.534","BRIDGE PROJECT IN BUTLER COUNTY ON (016B00016N) KY-70 AT MUDDY CREEK","016B00016N","2022","2026","D","BRZ","845336","2030","","","","016-KY-0070-000","LINESTRING (-86.7735605544 37.1837168234, -86.7727268531 37.1839906573)"
"District 03","Butler","03-10054.00","KY","340","KY-340","AM-BRIDGE (P)","7.882","7.888","ADDRESS DEFICIENCIES OF BRIDGE ON KY 340 OVER E PRONG INDIAN CAMP CREE (016B00042N)","016B00042N","2024","2026","D","FBP2","133805","2027","","","","016-KY-0340-000","LINESTRING (-86.6086194765 37.3414279206, -86.6087255231 37.3414477605)"
"District 03","Butler","03-10054.00","KY","340","KY-340","AM-BRIDGE (P)","7.882","7.888","ADDRESS DEFICIENCIES OF BRIDGE ON KY 340 OVER E PRONG INDIAN CAMP CREE (016B00042N)","016B00042N","2024","2026","C","FBP2","892032","2027","","","","016-KY-0340-000","LINESTRING (-86.6086194765 37.3414279206, -86.6087255231 37.3414477605)"
"District 03","Butler","03-10060.00","I","165","I-165","AM-BRIDGE (P)","32.611","32.759","ADDRESS DEFICIENCIES OF BRIDGE ON I-165 OVER GREEN RIVER (016B00061N)","016B00061N","2026","2026","D","BRO","220000","2032","","","","016-I-0165-000","LINESTRING (-86.7437886633 37.2813351377, -86.7436637748 37.281773799, -86.7431649318 37.2834366837)"
"District 03","Butler","03-10060.00","I","165","I-165","AM-BRIDGE (P)","32.611","32.759","ADDRESS DEFICIENCIES OF BRIDGE ON I-165 OVER GREEN RIVER (016B00061N)","016B00061N","2026","2026","C","BRO","2200000","2032","","","","016-I-0165-000","LINESTRING (-86.7437886633 37.2813351377, -86.7436637748 37.281773799, -86.7431649318 37.2834366837)"
"District 03","Butler","03-22311.00","US","231","US-231","AM-PAVEMENT (PRI)(P)","10.676","10.943","ADDRESS CONDITION OF US-231 FROM MILEPOINT 10.68 TO MILEPOINT 10.94","","2022","2026","C","STP4","1012000","2029","2026-03-26","Awarded","1","016-US-0231-000","LINESTRING (-86.6872242795 37.2224880943, -86.6865268252 37.2230169256, -86.6863275693 37.2231772796, -86.686030159 37.2233985712, -86.685219459 37.2240186662, -86.6850018921 37.2241983911, -86.6846506497 37.2245099255, -86.6844119612 37.2247310174, -86.6837766428 37.225342832)"
"District 03","Butler","03-22311.00","US","231","US-231","AM-PAVEMENT (PRI)(P)","10.676","10.943","ADDRESS CONDITION OF US-231 FROM MILEPOINT 10.68 TO MILEPOINT 10.94","","2022","2026","D","STP4","88000","2029","2026-03-26","Awarded","1","016-US-0231-000","LINESTRING (-86.6872242795 37.2224880943, -86.6865268252 37.2230169256, -86.6863275693 37.2231772796, -86.686030159 37.2233985712, -86.685219459 37.2240186662, -86.6850018921 37.2241983911, -86.6846506497 37.2245099255, -86.6844119612 37.2247310174, -86.6837766428 37.225342832)"
"District 03","Butler","03-80329.00","CR","1401","CR-1401","AM-BRIDGE (P)","4.6","4.61","Bridge replacement over Panther Creek","","2024","2026","C","FBP2","947784","2028","2026-04-23","Awarded","1","016-CR-1401-000","LINESTRING (-86.8852169756 37.221418341, -86.8852384384 37.221364175, -86.8852957909 37.2212885411)"
"District 03","Butler","03-80329.00","CR","1401","CR-1401","AM-BRIDGE (P)","4.6","4.61","Bridge replacement over Panther Creek","","2024","2026","D","FBP2","142168","2028","2026-04-23","Awarded","1","016-CR-1401-000","LINESTRING (-86.8852169756 37.221418341, -86.8852384384 37.221364175, -86.8852957909 37.2212885411)"
"District 03","Butler","03-80406.00","KY","79","KY-79","SAFETY(P)","13.3","24.9","Lane departure safety improvements on KY-79 between the KY-70 crossroads and the Grayson County line (2026CCN)","","2026","2026","D","SPP","500000","2028","","","","016-KY-0079-000","LINESTRING (-86.6792618135 37.2651872609, -86.6792530242 37.2652744567, -86.6792295382 37.2655959977, -86.6791625951 37.266346359, -86.6790968633 37.2670838011, -86.6790676806 37.2673067843, -86.679031306 37.2675042815, -86.6789633518 37.2677599838, -86.6789086127 37.2679178008, -86.6788108291 37.2681514915, -86.6787079731 37.2683643498, -86.678614144 37.2685293436, -86.6784847478 37.268736095, -86.6783654889 37.2689012916, -86.6782366171 37.2690673879, -86.6779350426 37.2694125635, -86.6775088352 37.269878207, -86.6770920675 37.2703572311, -86.6766922286 37.2708438106, -86.6764434567 37.2711800492, -86.6762075797 37.271586223, -86.6760948482 37.271807396, -86.6759091554 37.2722420116, -86.6756299242 37.2729770243, -86.6753357424 37.2738093847, -86.674897226 37.2749763287, -86.6748106199 37.2751709262, -86.6747733549 37.2752423583, -86.674691918 37.2753825318, -86.6745666307 37.2755620541, -86.6744406648 37.2757146649, -86.6743187913 37.2758370306, -86.6740943482 37.2760307961, -86.6737971986 37.2762374953, -86.672636427 37.2769813939, -86.6724605516 37.2771008878, -86.6722085242 37.2772882759, -86.6720915687 37.2773919228, -86.6719447199 37.2775518373, -86.6718153968 37.2777116129, -86.6717319471 37.2778287281, -86.6716133648 37.2780233003, -86.6715888874 37.2780729335, -86.6715022976 37.278269725, -86.6714438391 37.2784344346, -86.6713822611 37.2786527275, -86.6712778574 37.2791048209, -86.6707729613 37.2816958457, -86.6706624761 37.2822963046, -86.670452537 37.2833054205, -86.6703700417 37.2836397846, -86.6703058327 37.2838682607, -86.6701713627 37.2843085048, -86.6699072819 37.2850538206, -86.6695662081 37.2859672863, -86.669466489 37.2861878016, -86.6693275927 37.2865206866, -86.6690626736 37.2871435078, -86.6688931601 37.287502726, -86.6687341811 37.2877684763, -86.6686053365 37.2879411544, -86.668495448 37.288062046, -86.6683786362 37.2881791461, -86.6682147836 37.2883284775, -86.6679918423 37.288509035, -86.6673244188 37.2890251502, -86.6669024806 37.2893492686, -86.6660841299 37.2899775253, -86.6654698852 37.2904311391, -86.6650909353 37.2907299194, -86.6649237298 37.2908872376, -86.6647752504 37.2910578671, -86.6646453364 37.2912566417, -86.6645616379 37.2914396721, -86.6644958975 37.2916294292, -86.664455773 37.2918335426, -86.6644368046 37.2920248556, -86.6644489804 37.293830388, -86.6644394243 37.2940603549, -86.6644171301 37.2942887741, -86.6643791399 37.2945549444, -86.6643420931 37.2947299194, -86.6642609002 37.2950615227, -86.6642354168 37.2951421978, -86.6641864598 37.2952711231, -86.6640123958 37.2956270734, -86.6639057331 37.2957883108, -86.6636644161 37.2961272086, -86.6634732081 37.2963750756, -86.6633103106 37.2965485627, -86.6631360708 37.2967224127, -86.6629517771 37.2968894747, -86.6627591515 37.2970500096, -86.662556061 37.2971982656, -86.6623426361 37.2973449545, -86.6616472552 37.2977774831, -86.6605381798 37.2984280184, -86.6581708899 37.2998529906, -86.6576919742 37.3001368675, -86.6575812847 37.3001948577, -86.6567596145 37.3006794249, -86.6560629922 37.3010998437, -86.6558307393 37.3012268915, -86.6556774622 37.3013173448, -86.654810133 37.3018379581, -86.6537432036 37.3024864533, -86.652018516 37.3035047702, -86.6515108819 37.3038058732, -86.6511170047 37.3040462192, -86.650161795 37.3046122458, -86.6495152793 37.3050025757, -86.6490565597 37.3052557745, -86.6488443442 37.3053642503, -86.6486063856 37.3054764952, -86.648357652 37.3055792093, -86.6477544348 37.3057975331, -86.6475355152 37.3058634857, -86.6471566791 37.3059556604, -86.6468843181 37.3060096633, -86.6465246923 37.306069553, -86.6452042767 37.3062362354, -86.6446952057 37.3063068782, -86.6442071844 37.3063839496, -86.6428913884 37.3065640286, -86.6405443455 37.3068837963, -86.6396745318 37.3070088026, -86.638619576 37.3071500431, -86.6376003924 37.3072926496, -86.635232274 37.3076078009, -86.6342110633 37.3077545131, -86.6331670599 37.3078931488, -86.6323455937 37.3080086713, -86.6313894575 37.3081345423, -86.6305541678 37.3082446624, -86.6297460706 37.3083282051, -86.6292046879 37.308372931, -86.6286590802 37.3084094453, -86.6283759046 37.3084228361, -86.6280885071 37.3084282919, -86.6275582339 37.3084237624, -86.6270031231 37.3084125498, -86.6264499931 37.3083941783, -86.6261761239 37.3083803025, -86.6251148709 37.3083110771, -86.6218739687 37.3080675141, -86.6209217509 37.3080004582, -86.6206251981 37.3079872876, -86.6203308787 37.3079886568, -86.6201130309 37.3080018147, -86.6198723015 37.3080283269, -86.6196269306 37.3080697053, -86.6193882463 37.3081242161, -86.6191915503 37.308181986, -86.6189254928 37.3082776244, -86.6187049242 37.3083819873, -86.6184972498 37.3085010864, -86.6183013839 37.3086302593, -86.618215138 37.3086946218, -86.6179433474 37.3089182925, -86.6177866506 37.3090746396, -86.6176179623 37.3092643095, -86.617491105 37.3094437815, -86.6173911857 37.3096038263, -86.6170781207 37.310152176, -86.6167228774 37.3107700516, -86.616372121 37.3113307637, -86.6162380494 37.3115113853, -86.616107879 37.3116727528, -86.6159324633 37.311876203, -86.6157255864 37.3120947186, -86.6155075771 37.3123023288, -86.6152504923 37.3125209405, -86.6148601972 37.3128171679, -86.6140554652 37.313404304, -86.6123386387 37.3146351081, -86.6109169958 37.3156736459, -86.61082084 37.3157446675, -86.6083804332 37.3175193505, -86.6082326937 37.3176206866, -86.6072474643 37.3183406633, -86.6070298296 37.318494696, -86.6047946331 37.3201263477, -86.6035436448 37.3210393993, -86.6015164892 37.3225011002, -86.6006430483 37.3231433002, -86.5996514233 37.32385804, -86.5985260436 37.3246679506, -86.5981035611 37.3249577629, -86.597885759 37.3251005185, -86.5976101656 37.3252725328, -86.5973046476 37.3254444876, -86.5970878495 37.325554826, -86.5968405231 37.3256722502, -86.5964565788 37.3258436728, -86.596222466 37.3259436973, -86.5955106796 37.3262301016, -86.5942152832 37.3267335805, -86.5930703132 37.3271889928, -86.5919727893 37.3276135656, -86.5895927438 37.3285615122, -86.5870525173 37.3295542287, -86.5864752352 37.3297871539, -86.5853259799 37.3302367526, -86.5847924959 37.3304504051, -86.5843931431 37.3306018478, -86.5838140751 37.330830378, -86.5837010493 37.3308732078, -86.5811449243 37.3318730486, -86.5802247939 37.3322399422, -86.579928871 37.3323530072, -86.5787646112 37.3328213244, -86.5778370041 37.3332294508, -86.5773743175 37.3334414692, -86.576843124 37.3337105496, -86.5764680839 37.3339172745, -86.5756618056 37.3343813801, -86.5753615292 37.3345686223, -86.5747810915 37.3349583421, -86.5742193087 37.3353558922, -86.5739446784 37.335561077, -86.5733473777 37.3360448415, -86.5727712748 37.3365487798, -86.5723434085 37.3369580123, -86.5720861808 37.3372138814, -86.5718246796 37.3374879086, -86.5715357668 37.337803051, -86.5713727131 37.3379898677, -86.5710607895 37.3383710886, -86.5707537366 37.3387574939, -86.5706161048 37.3389416582, -86.5704687656 37.3391503357, -86.570202551 37.3395597988, -86.5698357502 37.340175687, -86.569376585 37.34102678, -86.5692689112 37.3412456146, -86.5691980626 37.3414034905, -86.5688615513 37.3421477039, -86.5687491009 37.3423704167, -86.5683225556 37.3432808781, -86.5678040314 37.3444314845, -86.5676180476 37.3448508174, -86.5669038031 37.3464139541, -86.5665616244 37.3471474878, -86.5662569772 37.347821707, -86.565626562 37.3492537868, -86.5655203673 37.3494841426, -86.5654032002 37.3497178711, -86.5644151345 37.3518912715, -86.5638078609 37.3532119422, -86.5633187782 37.3542986022, -86.5624372752 37.356221578, -86.5622244357 37.3567078313, -86.562016216 37.3572077839, -86.5616586637 37.3579603608, -86.5608317247 37.3597829693, -86.5600439136 37.361505325, -86.5596236146 37.3624088432, -86.5595286035 37.3626267562, -86.5594201871 37.3628461352, -86.5593055438 37.3630625368, -86.5591822435 37.3632740538, -86.5591225984 37.3633585122, -86.55888559 37.363682602, -86.5587238988 37.3638762563, -86.5584905251 37.3641234158, -86.5583679483 37.3642434651, -86.5581736753 37.3644156461, -86.5579651809 37.3645774883, -86.5575373045 37.3648811963, -86.5569192544 37.3652916842, -86.5561542869 37.3657998619, -86.5552018911 37.3664153437, -86.5542834076 37.3670495359, -86.5538460062 37.3673662041, -86.5535661792 37.3675842842, -86.5532926022 37.3678078136, -86.5530245927 37.3680370724, -86.5528293034 37.3682128225, -86.5521387452 37.3688613619, -86.5518922189 37.3691050268, -86.5516247443 37.3693848165, -86.5511310187 37.3699383416, -86.5509693085 37.3701333594, -86.550462818 37.370684772, -86.5494804616 37.3717893042, -86.5487900833 37.3725246144, -86.5486179746 37.3727139318, -86.5483915457 37.3729725581, -86.5478015477 37.3736673524, -86.547460063 37.3740448651, -86.5463097623 37.3751903405, -86.5457736238 37.3756790378, -86.5456037639 37.3758224671, -86.544515261 37.3767008109, -86.5441533474 37.3770051192, -86.5438249729 37.3773243049, -86.5436753826 37.3774972566, -86.5436620859 37.3775198685)"
"District 03","Butler","03-80406.00","KY","79","KY-79","SAFETY(P)","13.3","24.9","Lane departure safety improvements on KY-79 between the KY-70 crossroads and the Grayson County line (2026CCN)","","2026","2026","C","SPP","2500000","2031","","","","016-KY-0079-000","LINESTRING (-86.6792618135 37.2651872609, -86.6792530242 37.2652744567, -86.6792295382 37.2655959977, -86.6791625951 37.266346359, -86.6790968633 37.2670838011, -86.6790676806 37.2673067843, -86.679031306 37.2675042815, -86.6789633518 37.2677599838, -86.6789086127 37.2679178008, -86.6788108291 37.2681514915, -86.6787079731 37.2683643498, -86.678614144 37.2685293436, -86.6784847478 37.268736095, -86.6783654889 37.2689012916, -86.6782366171 37.2690673879, -86.6779350426 37.2694125635, -86.6775088352 37.269878207, -86.6770920675 37.2703572311, -86.6766922286 37.2708438106, -86.6764434567 37.2711800492, -86.6762075797 37.271586223, -86.6760948482 37.271807396, -86.6759091554 37.2722420116, -86.6756299242 37.2729770243, -86.6753357424 37.2738093847, -86.674897226 37.2749763287, -86.6748106199 37.2751709262, -86.6747733549 37.2752423583, -86.674691918 37.2753825318, -86.6745666307 37.2755620541, -86.6744406648 37.2757146649, -86.6743187913 37.2758370306, -86.6740943482 37.2760307961, -86.6737971986 37.2762374953, -86.672636427 37.2769813939, -86.6724605516 37.2771008878, -86.6722085242 37.2772882759, -86.6720915687 37.2773919228, -86.6719447199 37.2775518373, -86.6718153968 37.2777116129, -86.6717319471 37.2778287281, -86.6716133648 37.2780233003, -86.6715888874 37.2780729335, -86.6715022976 37.278269725, -86.6714438391 37.2784344346, -86.6713822611 37.2786527275, -86.6712778574 37.2791048209, -86.6707729613 37.2816958457, -86.6706624761 37.2822963046, -86.670452537 37.2833054205, -86.6703700417 37.2836397846, -86.6703058327 37.2838682607, -86.6701713627 37.2843085048, -86.6699072819 37.2850538206, -86.6695662081 37.2859672863, -86.669466489 37.2861878016, -86.6693275927 37.2865206866, -86.6690626736 37.2871435078, -86.6688931601 37.287502726, -86.6687341811 37.2877684763, -86.6686053365 37.2879411544, -86.668495448 37.288062046, -86.6683786362 37.2881791461, -86.6682147836 37.2883284775, -86.6679918423 37.288509035, -86.6673244188 37.2890251502, -86.6669024806 37.2893492686, -86.6660841299 37.2899775253, -86.6654698852 37.2904311391, -86.6650909353 37.2907299194, -86.6649237298 37.2908872376, -86.6647752504 37.2910578671, -86.6646453364 37.2912566417, -86.6645616379 37.2914396721, -86.6644958975 37.2916294292, -86.664455773 37.2918335426, -86.6644368046 37.2920248556, -86.6644489804 37.293830388, -86.6644394243 37.2940603549, -86.6644171301 37.2942887741, -86.6643791399 37.2945549444, -86.6643420931 37.2947299194, -86.6642609002 37.2950615227, -86.6642354168 37.2951421978, -86.6641864598 37.2952711231, -86.6640123958 37.2956270734, -86.6639057331 37.2957883108, -86.6636644161 37.2961272086, -86.6634732081 37.2963750756, -86.6633103106 37.2965485627, -86.6631360708 37.2967224127, -86.6629517771 37.2968894747, -86.6627591515 37.2970500096, -86.662556061 37.2971982656, -86.6623426361 37.2973449545, -86.6616472552 37.2977774831, -86.6605381798 37.2984280184, -86.6581708899 37.2998529906, -86.6576919742 37.3001368675, -86.6575812847 37.3001948577, -86.6567596145 37.3006794249, -86.6560629922 37.3010998437, -86.6558307393 37.3012268915, -86.6556774622 37.3013173448, -86.654810133 37.3018379581, -86.6537432036 37.3024864533, -86.652018516 37.3035047702, -86.6515108819 37.3038058732, -86.6511170047 37.3040462192, -86.650161795 37.3046122458, -86.6495152793 37.3050025757, -86.6490565597 37.3052557745, -86.6488443442 37.3053642503, -86.6486063856 37.3054764952, -86.648357652 37.3055792093, -86.6477544348 37.3057975331, -86.6475355152 37.3058634857, -86.6471566791 37.3059556604, -86.6468843181 37.3060096633, -86.6465246923 37.306069553, -86.6452042767 37.3062362354, -86.6446952057 37.3063068782, -86.6442071844 37.3063839496, -86.6428913884 37.3065640286, -86.6405443455 37.3068837963, -86.6396745318 37.3070088026, -86.638619576 37.3071500431, -86.6376003924 37.3072926496, -86.635232274 37.3076078009, -86.6342110633 37.3077545131, -86.6331670599 37.3078931488, -86.6323455937 37.3080086713, -86.6313894575 37.3081345423, -86.6305541678 37.3082446624, -86.6297460706 37.3083282051, -86.6292046879 37.308372931, -86.6286590802 37.3084094453, -86.6283759046 37.3084228361, -86.6280885071 37.3084282919, -86.6275582339 37.3084237624, -86.6270031231 37.3084125498, -86.6264499931 37.3083941783, -86.6261761239 37.3083803025, -86.6251148709 37.3083110771, -86.6218739687 37.3080675141, -86.6209217509 37.3080004582, -86.6206251981 37.3079872876, -86.6203308787 37.3079886568, -86.6201130309 37.3080018147, -86.6198723015 37.3080283269, -86.6196269306 37.3080697053, -86.6193882463 37.3081242161, -86.6191915503 37.308181986, -86.6189254928 37.3082776244, -86.6187049242 37.3083819873, -86.6184972498 37.3085010864, -86.6183013839 37.3086302593, -86.618215138 37.3086946218, -86.6179433474 37.3089182925, -86.6177866506 37.3090746396, -86.6176179623 37.3092643095, -86.617491105 37.3094437815, -86.6173911857 37.3096038263, -86.6170781207 37.310152176, -86.6167228774 37.3107700516, -86.616372121 37.3113307637, -86.6162380494 37.3115113853, -86.616107879 37.3116727528, -86.6159324633 37.311876203, -86.6157255864 37.3120947186, -86.6155075771 37.3123023288, -86.6152504923 37.3125209405, -86.6148601972 37.3128171679, -86.6140554652 37.313404304, -86.6123386387 37.3146351081, -86.6109169958 37.3156736459, -86.61082084 37.3157446675, -86.6083804332 37.3175193505, -86.6082326937 37.3176206866, -86.6072474643 37.3183406633, -86.6070298296 37.318494696, -86.6047946331 37.3201263477, -86.6035436448 37.3210393993, -86.6015164892 37.3225011002, -86.6006430483 37.3231433002, -86.5996514233 37.32385804, -86.5985260436 37.3246679506, -86.5981035611 37.3249577629, -86.597885759 37.3251005185, -86.5976101656 37.3252725328, -86.5973046476 37.3254444876, -86.5970878495 37.325554826, -86.5968405231 37.3256722502, -86.5964565788 37.3258436728, -86.596222466 37.3259436973, -86.5955106796 37.3262301016, -86.5942152832 37.3267335805, -86.5930703132 37.3271889928, -86.5919727893 37.3276135656, -86.5895927438 37.3285615122, -86.5870525173 37.3295542287, -86.5864752352 37.3297871539, -86.5853259799 37.3302367526, -86.5847924959 37.3304504051, -86.5843931431 37.3306018478, -86.5838140751 37.330830378, -86.5837010493 37.3308732078, -86.5811449243 37.3318730486, -86.5802247939 37.3322399422, -86.579928871 37.3323530072, -86.5787646112 37.3328213244, -86.5778370041 37.3332294508, -86.5773743175 37.3334414692, -86.576843124 37.3337105496, -86.5764680839 37.3339172745, -86.5756618056 37.3343813801, -86.5753615292 37.3345686223, -86.5747810915 37.3349583421, -86.5742193087 37.3353558922, -86.5739446784 37.335561077, -86.5733473777 37.3360448415, -86.5727712748 37.3365487798, -86.5723434085 37.3369580123, -86.5720861808 37.3372138814, -86.5718246796 37.3374879086, -86.5715357668 37.337803051, -86.5713727131 37.3379898677, -86.5710607895 37.3383710886, -86.5707537366 37.3387574939, -86.5706161048 37.3389416582, -86.5704687656 37.3391503357, -86.570202551 37.3395597988, -86.5698357502 37.340175687, -86.569376585 37.34102678, -86.5692689112 37.3412456146, -86.5691980626 37.3414034905, -86.5688615513 37.3421477039, -86.5687491009 37.3423704167, -86.5683225556 37.3432808781, -86.5678040314 37.3444314845, -86.5676180476 37.3448508174, -86.5669038031 37.3464139541, -86.5665616244 37.3471474878, -86.5662569772 37.347821707, -86.565626562 37.3492537868, -86.5655203673 37.3494841426, -86.5654032002 37.3497178711, -86.5644151345 37.3518912715, -86.5638078609 37.3532119422, -86.5633187782 37.3542986022, -86.5624372752 37.356221578, -86.5622244357 37.3567078313, -86.562016216 37.3572077839, -86.5616586637 37.3579603608, -86.5608317247 37.3597829693, -86.5600439136 37.361505325, -86.5596236146 37.3624088432, -86.5595286035 37.3626267562, -86.5594201871 37.3628461352, -86.5593055438 37.3630625368, -86.5591822435 37.3632740538, -86.5591225984 37.3633585122, -86.55888559 37.363682602, -86.5587238988 37.3638762563, -86.5584905251 37.3641234158, -86.5583679483 37.3642434651, -86.5581736753 37.3644156461, -86.5579651809 37.3645774883, -86.5575373045 37.3648811963, -86.5569192544 37.3652916842, -86.5561542869 37.3657998619, -86.5552018911 37.3664153437, -86.5542834076 37.3670495359, -86.5538460062 37.3673662041, -86.5535661792 37.3675842842, -86.5532926022 37.3678078136, -86.5530245927 37.3680370724, -86.5528293034 37.3682128225, -86.5521387452 37.3688613619, -86.5518922189 37.3691050268, -86.5516247443 37.3693848165, -86.5511310187 37.3699383416, -86.5509693085 37.3701333594, -86.550462818 37.370684772, -86.5494804616 37.3717893042, -86.5487900833 37.3725246144, -86.5486179746 37.3727139318, -86.5483915457 37.3729725581, -86.5478015477 37.3736673524, -86.547460063 37.3740448651, -86.5463097623 37.3751903405, -86.5457736238 37.3756790378, -86.5456037639 37.3758224671, -86.544515261 37.3767008109, -86.5441533474 37.3770051192, -86.5438249729 37.3773243049, -86.5436753826 37.3774972566, -86.5436620859 37.3775198685)"
"District 03","Butler","03-80406.00","KY","79","KY-79","SAFETY(P)","13.3","24.9","Lane departure safety improvements on KY-79 between the KY-70 crossroads and the Grayson County line (2026CCN)","","2026","2026","R","SPP","500000","2030","","","","016-KY-0079-000","LINESTRING (-86.6792618135 37.2651872609, -86.6792530242 37.2652744567, -86.6792295382 37.2655959977, -86.6791625951 37.266346359, -86.6790968633 37.2670838011, -86.6790676806 37.2673067843, -86.679031306 37.2675042815, -86.6789633518 37.2677599838, -86.6789086127 37.2679178008, -86.6788108291 37.2681514915, -86.6787079731 37.2683643498, -86.678614144 37.2685293436, -86.6784847478 37.268736095, -86.6783654889 37.2689012916, -86.6782366171 37.2690673879, -86.6779350426 37.2694125635, -86.6775088352 37.269878207, -86.6770920675 37.2703572311, -86.6766922286 37.2708438106, -86.6764434567 37.2711800492, -86.6762075797 37.271586223, -86.6760948482 37.271807396, -86.6759091554 37.2722420116, -86.6756299242 37.2729770243, -86.6753357424 37.2738093847, -86.674897226 37.2749763287, -86.6748106199 37.2751709262, -86.6747733549 37.2752423583, -86.674691918 37.2753825318, -86.6745666307 37.2755620541, -86.6744406648 37.2757146649, -86.6743187913 37.2758370306, -86.6740943482 37.2760307961, -86.6737971986 37.2762374953, -86.672636427 37.2769813939, -86.6724605516 37.2771008878, -86.6722085242 37.2772882759, -86.6720915687 37.2773919228, -86.6719447199 37.2775518373, -86.6718153968 37.2777116129, -86.6717319471 37.2778287281, -86.6716133648 37.2780233003, -86.6715888874 37.2780729335, -86.6715022976 37.278269725, -86.6714438391 37.2784344346, -86.6713822611 37.2786527275, -86.6712778574 37.2791048209, -86.6707729613 37.2816958457, -86.6706624761 37.2822963046, -86.670452537 37.2833054205, -86.6703700417 37.2836397846, -86.6703058327 37.2838682607, -86.6701713627 37.2843085048, -86.6699072819 37.2850538206, -86.6695662081 37.2859672863, -86.669466489 37.2861878016, -86.6693275927 37.2865206866, -86.6690626736 37.2871435078, -86.6688931601 37.287502726, -86.6687341811 37.2877684763, -86.6686053365 37.2879411544, -86.668495448 37.288062046, -86.6683786362 37.2881791461, -86.6682147836 37.2883284775, -86.6679918423 37.288509035, -86.6673244188 37.2890251502, -86.6669024806 37.2893492686, -86.6660841299 37.2899775253, -86.6654698852 37.2904311391, -86.6650909353 37.2907299194, -86.6649237298 37.2908872376, -86.6647752504 37.2910578671, -86.6646453364 37.2912566417, -86.6645616379 37.2914396721, -86.6644958975 37.2916294292, -86.664455773 37.2918335426, -86.6644368046 37.2920248556, -86.6644489804 37.293830388, -86.6644394243 37.2940603549, -86.6644171301 37.2942887741, -86.6643791399 37.2945549444, -86.6643420931 37.2947299194, -86.6642609002 37.2950615227, -86.6642354168 37.2951421978, -86.6641864598 37.2952711231, -86.6640123958 37.2956270734, -86.6639057331 37.2957883108, -86.6636644161 37.2961272086, -86.6634732081 37.2963750756, -86.6633103106 37.2965485627, -86.6631360708 37.2967224127, -86.6629517771 37.2968894747, -86.6627591515 37.2970500096, -86.662556061 37.2971982656, -86.6623426361 37.2973449545, -86.6616472552 37.2977774831, -86.6605381798 37.2984280184, -86.6581708899 37.2998529906, -86.6576919742 37.3001368675, -86.6575812847 37.3001948577, -86.6567596145 37.3006794249, -86.6560629922 37.3010998437, -86.6558307393 37.3012268915, -86.6556774622 37.3013173448, -86.654810133 37.3018379581, -86.6537432036 37.3024864533, -86.652018516 37.3035047702, -86.6515108819 37.3038058732, -86.6511170047 37.3040462192, -86.650161795 37.3046122458, -86.6495152793 37.3050025757, -86.6490565597 37.3052557745, -86.6488443442 37.3053642503, -86.6486063856 37.3054764952, -86.648357652 37.3055792093, -86.6477544348 37.3057975331, -86.6475355152 37.3058634857, -86.6471566791 37.3059556604, -86.6468843181 37.3060096633, -86.6465246923 37.306069553, -86.6452042767 37.3062362354, -86.6446952057 37.3063068782, -86.6442071844 37.3063839496, -86.6428913884 37.3065640286, -86.6405443455 37.3068837963, -86.6396745318 37.3070088026, -86.638619576 37.3071500431, -86.6376003924 37.3072926496, -86.635232274 37.3076078009, -86.6342110633 37.3077545131, -86.6331670599 37.3078931488, -86.6323455937 37.3080086713, -86.6313894575 37.3081345423, -86.6305541678 37.3082446624, -86.6297460706 37.3083282051, -86.6292046879 37.308372931, -86.6286590802 37.3084094453, -86.6283759046 37.3084228361, -86.6280885071 37.3084282919, -86.6275582339 37.3084237624, -86.6270031231 37.3084125498, -86.6264499931 37.3083941783, -86.6261761239 37.3083803025, -86.6251148709 37.3083110771, -86.6218739687 37.3080675141, -86.6209217509 37.3080004582, -86.6206251981 37.3079872876, -86.6203308787 37.3079886568, -86.6201130309 37.3080018147, -86.6198723015 37.3080283269, -86.6196269306 37.3080697053, -86.6193882463 37.3081242161, -86.6191915503 37.308181986, -86.6189254928 37.3082776244, -86.6187049242 37.3083819873, -86.6184972498 37.3085010864, -86.6183013839 37.3086302593, -86.618215138 37.3086946218, -86.6179433474 37.3089182925, -86.6177866506 37.3090746396, -86.6176179623 37.3092643095, -86.617491105 37.3094437815, -86.6173911857 37.3096038263, -86.6170781207 37.310152176, -86.6167228774 37.3107700516, -86.616372121 37.3113307637, -86.6162380494 37.3115113853, -86.616107879 37.3116727528, -86.6159324633 37.311876203, -86.6157255864 37.3120947186, -86.6155075771 37.3123023288, -86.6152504923 37.3125209405, -86.6148601972 37.3128171679, -86.6140554652 37.313404304, -86.6123386387 37.3146351081, -86.6109169958 37.3156736459, -86.61082084 37.3157446675, -86.6083804332 37.3175193505, -86.6082326937 37.3176206866, -86.6072474643 37.3183406633, -86.6070298296 37.318494696, -86.6047946331 37.3201263477, -86.6035436448 37.3210393993, -86.6015164892 37.3225011002, -86.6006430483 37.3231433002, -86.5996514233 37.32385804, -86.5985260436 37.3246679506, -86.5981035611 37.3249577629, -86.597885759 37.3251005185, -86.5976101656 37.3252725328, -86.5973046476 37.3254444876, -86.5970878495 37.325554826, -86.5968405231 37.3256722502, -86.5964565788 37.3258436728, -86.596222466 37.3259436973, -86.5955106796 37.3262301016, -86.5942152832 37.3267335805, -86.5930703132 37.3271889928, -86.5919727893 37.3276135656, -86.5895927438 37.3285615122, -86.5870525173 37.3295542287, -86.5864752352 37.3297871539, -86.5853259799 37.3302367526, -86.5847924959 37.3304504051, -86.5843931431 37.3306018478, -86.5838140751 37.330830378, -86.5837010493 37.3308732078, -86.5811449243 37.3318730486, -86.5802247939 37.3322399422, -86.579928871 37.3323530072, -86.5787646112 37.3328213244, -86.5778370041 37.3332294508, -86.5773743175 37.3334414692, -86.576843124 37.3337105496, -86.5764680839 37.3339172745, -86.5756618056 37.3343813801, -86.5753615292 37.3345686223, -86.5747810915 37.3349583421, -86.5742193087 37.3353558922, -86.5739446784 37.335561077, -86.5733473777 37.3360448415, -86.5727712748 37.3365487798, -86.5723434085 37.3369580123, -86.5720861808 37.3372138814, -86.5718246796 37.3374879086, -86.5715357668 37.337803051, -86.5713727131 37.3379898677, -86.5710607895 37.3383710886, -86.5707537366 37.3387574939, -86.5706161048 37.3389416582, -86.5704687656 37.3391503357, -86.570202551 37.3395597988, -86.5698357502 37.340175687, -86.569376585 37.34102678, -86.5692689112 37.3412456146, -86.5691980626 37.3414034905, -86.5688615513 37.3421477039, -86.5687491009 37.3423704167, -86.5683225556 37.3432808781, -86.5678040314 37.3444314845, -86.5676180476 37.3448508174, -86.5669038031 37.3464139541, -86.5665616244 37.3471474878, -86.5662569772 37.347821707, -86.565626562 37.3492537868, -86.5655203673 37.3494841426, -86.5654032002 37.3497178711, -86.5644151345 37.3518912715, -86.5638078609 37.3532119422, -86.5633187782 37.3542986022, -86.5624372752 37.356221578, -86.5622244357 37.3567078313, -86.562016216 37.3572077839, -86.5616586637 37.3579603608, -86.5608317247 37.3597829693, -86.5600439136 37.361505325, -86.5596236146 37.3624088432, -86.5595286035 37.3626267562, -86.5594201871 37.3628461352, -86.5593055438 37.3630625368, -86.5591822435 37.3632740538, -86.5591225984 37.3633585122, -86.55888559 37.363682602, -86.5587238988 37.3638762563, -86.5584905251 37.3641234158, -86.5583679483 37.3642434651, -86.5581736753 37.3644156461, -86.5579651809 37.3645774883, -86.5575373045 37.3648811963, -86.5569192544 37.3652916842, -86.5561542869 37.3657998619, -86.5552018911 37.3664153437, -86.5542834076 37.3670495359, -86.5538460062 37.3673662041, -86.5535661792 37.3675842842, -86.5532926022 37.3678078136, -86.5530245927 37.3680370724, -86.5528293034 37.3682128225, -86.5521387452 37.3688613619, -86.5518922189 37.3691050268, -86.5516247443 37.3693848165, -86.5511310187 37.3699383416, -86.5509693085 37.3701333594, -86.550462818 37.370684772, -86.5494804616 37.3717893042, -86.5487900833 37.3725246144, -86.5486179746 37.3727139318, -86.5483915457 37.3729725581, -86.5478015477 37.3736673524, -86.547460063 37.3740448651, -86.5463097623 37.3751903405, -86.5457736238 37.3756790378, -86.5456037639 37.3758224671, -86.544515261 37.3767008109, -86.5441533474 37.3770051192, -86.5438249729 37.3773243049, -86.5436753826 37.3774972566, -86.5436620859 37.3775198685)"
"District 03","Butler","03-80406.00","KY","79","KY-79","SAFETY(P)","13.3","24.9","Lane departure safety improvements on KY-79 between the KY-70 crossroads and the Grayson County line (2026CCN)","","2026","2026","U","SPP","500000","2030","","","","016-KY-0079-000","LINESTRING (-86.6792618135 37.2651872609, -86.6792530242 37.2652744567, -86.6792295382 37.2655959977, -86.6791625951 37.266346359, -86.6790968633 37.2670838011, -86.6790676806 37.2673067843, -86.679031306 37.2675042815, -86.6789633518 37.2677599838, -86.6789086127 37.2679178008, -86.6788108291 37.2681514915, -86.6787079731 37.2683643498, -86.678614144 37.2685293436, -86.6784847478 37.268736095, -86.6783654889 37.2689012916, -86.6782366171 37.2690673879, -86.6779350426 37.2694125635, -86.6775088352 37.269878207, -86.6770920675 37.2703572311, -86.6766922286 37.2708438106, -86.6764434567 37.2711800492, -86.6762075797 37.271586223, -86.6760948482 37.271807396, -86.6759091554 37.2722420116, -86.6756299242 37.2729770243, -86.6753357424 37.2738093847, -86.674897226 37.2749763287, -86.6748106199 37.2751709262, -86.6747733549 37.2752423583, -86.674691918 37.2753825318, -86.6745666307 37.2755620541, -86.6744406648 37.2757146649, -86.6743187913 37.2758370306, -86.6740943482 37.2760307961, -86.6737971986 37.2762374953, -86.672636427 37.2769813939, -86.6724605516 37.2771008878, -86.6722085242 37.2772882759, -86.6720915687 37.2773919228, -86.6719447199 37.2775518373, -86.6718153968 37.2777116129, -86.6717319471 37.2778287281, -86.6716133648 37.2780233003, -86.6715888874 37.2780729335, -86.6715022976 37.278269725, -86.6714438391 37.2784344346, -86.6713822611 37.2786527275, -86.6712778574 37.2791048209, -86.6707729613 37.2816958457, -86.6706624761 37.2822963046, -86.670452537 37.2833054205, -86.6703700417 37.2836397846, -86.6703058327 37.2838682607, -86.6701713627 37.2843085048, -86.6699072819 37.2850538206, -86.6695662081 37.2859672863, -86.669466489 37.2861878016, -86.6693275927 37.2865206866, -86.6690626736 37.2871435078, -86.6688931601 37.287502726, -86.6687341811 37.2877684763, -86.6686053365 37.2879411544, -86.668495448 37.288062046, -86.6683786362 37.2881791461, -86.6682147836 37.2883284775, -86.6679918423 37.288509035, -86.6673244188 37.2890251502, -86.6669024806 37.2893492686, -86.6660841299 37.2899775253, -86.6654698852 37.2904311391, -86.6650909353 37.2907299194, -86.6649237298 37.2908872376, -86.6647752504 37.2910578671, -86.6646453364 37.2912566417, -86.6645616379 37.2914396721, -86.6644958975 37.2916294292, -86.664455773 37.2918335426, -86.6644368046 37.2920248556, -86.6644489804 37.293830388, -86.6644394243 37.2940603549, -86.6644171301 37.2942887741, -86.6643791399 37.2945549444, -86.6643420931 37.2947299194, -86.6642609002 37.2950615227, -86.6642354168 37.2951421978, -86.6641864598 37.2952711231, -86.6640123958 37.2956270734, -86.6639057331 37.2957883108, -86.6636644161 37.2961272086, -86.6634732081 37.2963750756, -86.6633103106 37.2965485627, -86.6631360708 37.2967224127, -86.6629517771 37.2968894747, -86.6627591515 37.2970500096, -86.662556061 37.2971982656, -86.6623426361 37.2973449545, -86.6616472552 37.2977774831, -86.6605381798 37.2984280184, -86.6581708899 37.2998529906, -86.6576919742 37.3001368675, -86.6575812847 37.3001948577, -86.6567596145 37.3006794249, -86.6560629922 37.3010998437, -86.6558307393 37.3012268915, -86.6556774622 37.3013173448, -86.654810133 37.3018379581, -86.6537432036 37.3024864533, -86.652018516 37.3035047702, -86.6515108819 37.3038058732, -86.6511170047 37.3040462192, -86.650161795 37.3046122458, -86.6495152793 37.3050025757, -86.6490565597 37.3052557745, -86.6488443442 37.3053642503, -86.6486063856 37.3054764952, -86.648357652 37.3055792093, -86.6477544348 37.3057975331, -86.6475355152 37.3058634857, -86.6471566791 37.3059556604, -86.6468843181 37.3060096633, -86.6465246923 37.306069553, -86.6452042767 37.3062362354, -86.6446952057 37.3063068782, -86.6442071844 37.3063839496, -86.6428913884 37.3065640286, -86.6405443455 37.3068837963, -86.6396745318 37.3070088026, -86.638619576 37.3071500431, -86.6376003924 37.3072926496, -86.635232274 37.3076078009, -86.6342110633 37.3077545131, -86.6331670599 37.3078931488, -86.6323455937 37.3080086713, -86.6313894575 37.3081345423, -86.6305541678 37.3082446624, -86.6297460706 37.3083282051, -86.6292046879 37.308372931, -86.6286590802 37.3084094453, -86.6283759046 37.3084228361, -86.6280885071 37.3084282919, -86.6275582339 37.3084237624, -86.6270031231 37.3084125498, -86.6264499931 37.3083941783, -86.6261761239 37.3083803025, -86.6251148709 37.3083110771, -86.6218739687 37.3080675141, -86.6209217509 37.3080004582, -86.6206251981 37.3079872876, -86.6203308787 37.3079886568, -86.6201130309 37.3080018147, -86.6198723015 37.3080283269, -86.6196269306 37.3080697053, -86.6193882463 37.3081242161, -86.6191915503 37.308181986, -86.6189254928 37.3082776244, -86.6187049242 37.3083819873, -86.6184972498 37.3085010864, -86.6183013839 37.3086302593, -86.618215138 37.3086946218, -86.6179433474 37.3089182925, -86.6177866506 37.3090746396, -86.6176179623 37.3092643095, -86.617491105 37.3094437815, -86.6173911857 37.3096038263, -86.6170781207 37.310152176, -86.6167228774 37.3107700516, -86.616372121 37.3113307637, -86.6162380494 37.3115113853, -86.616107879 37.3116727528, -86.6159324633 37.311876203, -86.6157255864 37.3120947186, -86.6155075771 37.3123023288, -86.6152504923 37.3125209405, -86.6148601972 37.3128171679, -86.6140554652 37.313404304, -86.6123386387 37.3146351081, -86.6109169958 37.3156736459, -86.61082084 37.3157446675, -86.6083804332 37.3175193505, -86.6082326937 37.3176206866, -86.6072474643 37.3183406633, -86.6070298296 37.318494696, -86.6047946331 37.3201263477, -86.6035436448 37.3210393993, -86.6015164892 37.3225011002, -86.6006430483 37.3231433002, -86.5996514233 37.32385804, -86.5985260436 37.3246679506, -86.5981035611 37.3249577629, -86.597885759 37.3251005185, -86.5976101656 37.3252725328, -86.5973046476 37.3254444876, -86.5970878495 37.325554826, -86.5968405231 37.3256722502, -86.5964565788 37.3258436728, -86.596222466 37.3259436973, -86.5955106796 37.3262301016, -86.5942152832 37.3267335805, -86.5930703132 37.3271889928, -86.5919727893 37.3276135656, -86.5895927438 37.3285615122, -86.5870525173 37.3295542287, -86.5864752352 37.3297871539, -86.5853259799 37.3302367526, -86.5847924959 37.3304504051, -86.5843931431 37.3306018478, -86.5838140751 37.330830378, -86.5837010493 37.3308732078, -86.5811449243 37.3318730486, -86.5802247939 37.3322399422, -86.579928871 37.3323530072, -86.5787646112 37.3328213244, -86.5778370041 37.3332294508, -86.5773743175 37.3334414692, -86.576843124 37.3337105496, -86.5764680839 37.3339172745, -86.5756618056 37.3343813801, -86.5753615292 37.3345686223, -86.5747810915 37.3349583421, -86.5742193087 37.3353558922, -86.5739446784 37.335561077, -86.5733473777 37.3360448415, -86.5727712748 37.3365487798, -86.5723434085 37.3369580123, -86.5720861808 37.3372138814, -86.5718246796 37.3374879086, -86.5715357668 37.337803051, -86.5713727131 37.3379898677, -86.5710607895 37.3383710886, -86.5707537366 37.3387574939, -86.5706161048 37.3389416582, -86.5704687656 37.3391503357, -86.570202551 37.3395597988, -86.5698357502 37.340175687, -86.569376585 37.34102678, -86.5692689112 37.3412456146, -86.5691980626 37.3414034905, -86.5688615513 37.3421477039, -86.5687491009 37.3423704167, -86.5683225556 37.3432808781, -86.5678040314 37.3444314845, -86.5676180476 37.3448508174, -86.5669038031 37.3464139541, -86.5665616244 37.3471474878, -86.5662569772 37.347821707, -86.565626562 37.3492537868, -86.5655203673 37.3494841426, -86.5654032002 37.3497178711, -86.5644151345 37.3518912715, -86.5638078609 37.3532119422, -86.5633187782 37.3542986022, -86.5624372752 37.356221578, -86.5622244357 37.3567078313, -86.562016216 37.3572077839, -86.5616586637 37.3579603608, -86.5608317247 37.3597829693, -86.5600439136 37.361505325, -86.5596236146 37.3624088432, -86.5595286035 37.3626267562, -86.5594201871 37.3628461352, -86.5593055438 37.3630625368, -86.5591822435 37.3632740538, -86.5591225984 37.3633585122, -86.55888559 37.363682602, -86.5587238988 37.3638762563, -86.5584905251 37.3641234158, -86.5583679483 37.3642434651, -86.5581736753 37.3644156461, -86.5579651809 37.3645774883, -86.5575373045 37.3648811963, -86.5569192544 37.3652916842, -86.5561542869 37.3657998619, -86.5552018911 37.3664153437, -86.5542834076 37.3670495359, -86.5538460062 37.3673662041, -86.5535661792 37.3675842842, -86.5532926022 37.3678078136, -86.5530245927 37.3680370724, -86.5528293034 37.3682128225, -86.5521387452 37.3688613619, -86.5518922189 37.3691050268, -86.5516247443 37.3693848165, -86.5511310187 37.3699383416, -86.5509693085 37.3701333594, -86.550462818 37.370684772, -86.5494804616 37.3717893042, -86.5487900833 37.3725246144, -86.5486179746 37.3727139318, -86.5483915457 37.3729725581, -86.5478015477 37.3736673524, -86.547460063 37.3740448651, -86.5463097623 37.3751903405, -86.5457736238 37.3756790378, -86.5456037639 37.3758224671, -86.544515261 37.3767008109, -86.5441533474 37.3770051192, -86.5438249729 37.3773243049, -86.5436753826 37.3774972566, -86.5436620859 37.3775198685)"
"District 03","Butler","03-80407.00","KY","185","KY-185","SAFETY(P)","3.0","4.8","Improve safety and mobility on KY 185 from MP 3 to MP 4.8. (2026CCN)","","2026","2026","R","SPP","1250000","2029","","","","016-KY-0185-000","LINESTRING (-86.4312331574 37.1897055246, -86.4312886618 37.1898392664, -86.4313914849 37.19004658, -86.4317416557 37.1906485017, -86.4320766613 37.1911681138, -86.4322609204 37.1914581714, -86.4324043187 37.1916721132, -86.4327010971 37.1921776657, -86.4330575059 37.1927460388, -86.4333245836 37.1931564571, -86.4336273168 37.1936361551, -86.4338585449 37.1939550476, -86.4339787451 37.1940716211, -86.4342230864 37.1942852435, -86.4346397102 37.1945665183, -86.4348646074 37.194681103, -86.4350997288 37.1947873874, -86.4357257317 37.1949877786, -86.4372348232 37.195417797, -86.4375943926 37.195541196, -86.4376740672 37.195581101, -86.4378290129 37.1956669787, -86.4380530891 37.1958032598, -86.4382549787 37.1959536787, -86.4383442595 37.1960297806, -86.4384298289 37.1961130454, -86.438573576 37.1962874276, -86.4386947452 37.1964707322, -86.4387908625 37.1966550072, -86.4388619825 37.1968465719, -86.4389066937 37.197041039, -86.4389235997 37.1972359445, -86.4389193101 37.1974408627, -86.4388891969 37.1976376949, -86.438861277 37.1977746375, -86.4388270473 37.197897611, -86.438765187 37.1980399733, -86.4386471752 37.1982364998, -86.4382395574 37.1988615499, -86.4381011703 37.1990829148, -86.4374975154 37.1999714141, -86.4373580831 37.2001914113, -86.4372154806 37.2004029121, -86.4370605932 37.200622725, -86.4366051626 37.2013158911, -86.4358848346 37.2024025463, -86.4354738316 37.2030004158, -86.435126659 37.2035204558, -86.4348324472 37.2040124437, -86.4347166068 37.2041858824, -86.4344059762 37.2046104002, -86.4342439854 37.2048063557, -86.4337736004 37.2054095106, -86.4336299308 37.2056190914, -86.433501005 37.2058266625, -86.4333803591 37.206038304, -86.4332752353 37.2062578212, -86.4331896502 37.2064736519, -86.4331196763 37.2067069697, -86.4330626966 37.2069344435, -86.433013807 37.2072580001, -86.43295732 37.2078771295, -86.4327566941 37.2104575959, -86.4327488225 37.2107608622, -86.4327549912 37.2109846699, -86.4327681636 37.2111859158, -86.4327907329 37.2114381923, -86.4328196416 37.2116703816, -86.4328569767 37.2118868289)"
"District 03","Butler","03-80407.00","KY","185","KY-185","SAFETY(P)","3.0","4.8","Improve safety and mobility on KY 185 from MP 3 to MP 4.8. (2026CCN)","","2026","2026","U","SPP","500000","2030","","","","016-KY-0185-000","LINESTRING (-86.4312331574 37.1897055246, -86.4312886618 37.1898392664, -86.4313914849 37.19004658, -86.4317416557 37.1906485017, -86.4320766613 37.1911681138, -86.4322609204 37.1914581714, -86.4324043187 37.1916721132, -86.4327010971 37.1921776657, -86.4330575059 37.1927460388, -86.4333245836 37.1931564571, -86.4336273168 37.1936361551, -86.4338585449 37.1939550476, -86.4339787451 37.1940716211, -86.4342230864 37.1942852435, -86.4346397102 37.1945665183, -86.4348646074 37.194681103, -86.4350997288 37.1947873874, -86.4357257317 37.1949877786, -86.4372348232 37.195417797, -86.4375943926 37.195541196, -86.4376740672 37.195581101, -86.4378290129 37.1956669787, -86.4380530891 37.1958032598, -86.4382549787 37.1959536787, -86.4383442595 37.1960297806, -86.4384298289 37.1961130454, -86.438573576 37.1962874276, -86.4386947452 37.1964707322, -86.4387908625 37.1966550072, -86.4388619825 37.1968465719, -86.4389066937 37.197041039, -86.4389235997 37.1972359445, -86.4389193101 37.1974408627, -86.4388891969 37.1976376949, -86.438861277 37.1977746375, -86.4388270473 37.197897611, -86.438765187 37.1980399733, -86.4386471752 37.1982364998, -86.4382395574 37.1988615499, -86.4381011703 37.1990829148, -86.4374975154 37.1999714141, -86.4373580831 37.2001914113, -86.4372154806 37.2004029121, -86.4370605932 37.200622725, -86.4366051626 37.2013158911, -86.4358848346 37.2024025463, -86.4354738316 37.2030004158, -86.435126659 37.2035204558, -86.4348324472 37.2040124437, -86.4347166068 37.2041858824, -86.4344059762 37.2046104002, -86.4342439854 37.2048063557, -86.4337736004 37.2054095106, -86.4336299308 37.2056190914, -86.433501005 37.2058266625, -86.4333803591 37.206038304, -86.4332752353 37.2062578212, -86.4331896502 37.2064736519, -86.4331196763 37.2067069697, -86.4330626966 37.2069344435, -86.433013807 37.2072580001, -86.43295732 37.2078771295, -86.4327566941 37.2104575959, -86.4327488225 37.2107608622, -86.4327549912 37.2109846699, -86.4327681636 37.2111859158, -86.4327907329 37.2114381923, -86.4328196416 37.2116703816, -86.4328569767 37.2118868289)"
"District 03","Butler","03-80407.00","KY","185","KY-185","SAFETY(P)","3.0","4.8","Improve safety and mobility on KY 185 from MP 3 to MP 4.8. (2026CCN)","","2026","2026","C","SPP","5250000","2031","","","","016-KY-0185-000","LINESTRING (-86.4312331574 37.1897055246, -86.4312886618 37.1898392664, -86.4313914849 37.19004658, -86.4317416557 37.1906485017, -86.4320766613 37.1911681138, -86.4322609204 37.1914581714, -86.4324043187 37.1916721132, -86.4327010971 37.1921776657, -86.4330575059 37.1927460388, -86.4333245836 37.1931564571, -86.4336273168 37.1936361551, -86.4338585449 37.1939550476, -86.4339787451 37.1940716211, -86.4342230864 37.1942852435, -86.4346397102 37.1945665183, -86.4348646074 37.194681103, -86.4350997288 37.1947873874, -86.4357257317 37.1949877786, -86.4372348232 37.195417797, -86.4375943926 37.195541196, -86.4376740672 37.195581101, -86.4378290129 37.1956669787, -86.4380530891 37.1958032598, -86.4382549787 37.1959536787, -86.4383442595 37.1960297806, -86.4384298289 37.1961130454, -86.438573576 37.1962874276, -86.4386947452 37.1964707322, -86.4387908625 37.1966550072, -86.4388619825 37.1968465719, -86.4389066937 37.197041039, -86.4389235997 37.1972359445, -86.4389193101 37.1974408627, -86.4388891969 37.1976376949, -86.438861277 37.1977746375, -86.4388270473 37.197897611, -86.438765187 37.1980399733, -86.4386471752 37.1982364998, -86.4382395574 37.1988615499, -86.4381011703 37.1990829148, -86.4374975154 37.1999714141, -86.4373580831 37.2001914113, -86.4372154806 37.2004029121, -86.4370605932 37.200622725, -86.4366051626 37.2013158911, -86.4358848346 37.2024025463, -86.4354738316 37.2030004158, -86.435126659 37.2035204558, -86.4348324472 37.2040124437, -86.4347166068 37.2041858824, -86.4344059762 37.2046104002, -86.4342439854 37.2048063557, -86.4337736004 37.2054095106, -86.4336299308 37.2056190914, -86.433501005 37.2058266625, -86.4333803591 37.206038304, -86.4332752353 37.2062578212, -86.4331896502 37.2064736519, -86.4331196763 37.2067069697, -86.4330626966 37.2069344435, -86.433013807 37.2072580001, -86.43295732 37.2078771295, -86.4327566941 37.2104575959, -86.4327488225 37.2107608622, -86.4327549912 37.2109846699, -86.4327681636 37.2111859158, -86.4327907329 37.2114381923, -86.4328196416 37.2116703816, -86.4328569767 37.2118868289)"
"District 03","Butler","03-80407.00","KY","185","KY-185","SAFETY(P)","3.0","4.8","Improve safety and mobility on KY 185 from MP 3 to MP 4.8. (2026CCN)","","2026","2026","D","SPP","1500000","2029","","","","016-KY-0185-000","LINESTRING (-86.4312331574 37.1897055246, -86.4312886618 37.1898392664, -86.4313914849 37.19004658, -86.4317416557 37.1906485017, -86.4320766613 37.1911681138, -86.4322609204 37.1914581714, -86.4324043187 37.1916721132, -86.4327010971 37.1921776657, -86.4330575059 37.1927460388, -86.4333245836 37.1931564571, -86.4336273168 37.1936361551, -86.4338585449 37.1939550476, -86.4339787451 37.1940716211, -86.4342230864 37.1942852435, -86.4346397102 37.1945665183, -86.4348646074 37.194681103, -86.4350997288 37.1947873874, -86.4357257317 37.1949877786, -86.4372348232 37.195417797, -86.4375943926 37.195541196, -86.4376740672 37.195581101, -86.4378290129 37.1956669787, -86.4380530891 37.1958032598, -86.4382549787 37.1959536787, -86.4383442595 37.1960297806, -86.4384298289 37.1961130454, -86.438573576 37.1962874276, -86.4386947452 37.1964707322, -86.4387908625 37.1966550072, -86.4388619825 37.1968465719, -86.4389066937 37.197041039, -86.4389235997 37.1972359445, -86.4389193101 37.1974408627, -86.4388891969 37.1976376949, -86.438861277 37.1977746375, -86.4388270473 37.197897611, -86.438765187 37.1980399733, -86.4386471752 37.1982364998, -86.4382395574 37.1988615499, -86.4381011703 37.1990829148, -86.4374975154 37.1999714141, -86.4373580831 37.2001914113, -86.4372154806 37.2004029121, -86.4370605932 37.200622725, -86.4366051626 37.2013158911, -86.4358848346 37.2024025463, -86.4354738316 37.2030004158, -86.435126659 37.2035204558, -86.4348324472 37.2040124437, -86.4347166068 37.2041858824, -86.4344059762 37.2046104002, -86.4342439854 37.2048063557, -86.4337736004 37.2054095106, -86.4336299308 37.2056190914, -86.433501005 37.2058266625, -86.4333803591 37.206038304, -86.4332752353 37.2062578212, -86.4331896502 37.2064736519, -86.4331196763 37.2067069697, -86.4330626966 37.2069344435, -86.433013807 37.2072580001, -86.43295732 37.2078771295, -86.4327566941 37.2104575959, -86.4327488225 37.2107608622, -86.4327549912 37.2109846699, -86.4327681636 37.2111859158, -86.4327907329 37.2114381923, -86.4328196416 37.2116703816, -86.4328569767 37.2118868289)"
"District 03","Butler","03-80408.00","KY","70","KY-70","SAFETY(P)","12.8","14.4","Improve safety and mobility on KY 70 from US 231 to I 165 (2026CCN)","","2026","2026","U","SPP","4000000","2031","","","","016-KY-0070-000","LINESTRING (-86.711675674 37.2144927475, -86.7115982964 37.2145525293, -86.7114199327 37.2147025916, -86.7112682001 37.2148406242, -86.7111101696 37.2149696443, -86.7107840367 37.2152725366, -86.7106328643 37.2154275923, -86.7104893032 37.21558698, -86.7103660891 37.2157264246, -86.7099820163 37.2161443265, -86.7093322445 37.2168387998, -86.7091360889 37.2170483323, -86.7090595256 37.2171302618, -86.7088423533 37.2173613899, -86.7074838333 37.2188156249, -86.7070870551 37.2192630094, -86.7070135015 37.2193388698, -86.7069050404 37.2194512735, -86.7062422487 37.2201527018, -86.7059577078 37.2204615575, -86.7053166797 37.2211474219, -86.7048815322 37.2216310939, -86.7045968467 37.2219564269, -86.7044151798 37.2221729742, -86.7039399937 37.2228302818, -86.7038232816 37.2229696664, -86.7036678805 37.2231187046, -86.7035419989 37.2232125696, -86.7033804844 37.2233133175, -86.7031773522 37.2234094603, -86.7029640451 37.2234889326, -86.7027755179 37.2235454043, -86.7019176158 37.2237663683, -86.7013107608 37.2239317195, -86.701154138 37.2239854571, -86.7008650484 37.2241017978, -86.7007123147 37.2241642923, -86.7004801554 37.2242741254, -86.7001595601 37.2244788888, -86.700102766 37.2245232972, -86.7000021063 37.2246023953, -86.6992509747 37.2252531411, -86.6989624423 37.2254949934, -86.6986163107 37.2257721959, -86.6983196696 37.2259979076, -86.6980419805 37.2262014919, -86.6975297018 37.2265679325, -86.6972581658 37.2267695417, -86.6966200115 37.2272592246, -86.6960449016 37.2276830237, -86.6958804399 37.2277966935, -86.695683532 37.2279249096, -86.6954336457 37.2280738785, -86.6952746732 37.2281600365, -86.6949718591 37.2283066873, -86.6946955023 37.2284270297, -86.6942884709 37.2285899025, -86.6937929906 37.2287935903, -86.6933585217 37.2289599783, -86.6926285097 37.2292512514, -86.6923637257 37.2293638036, -86.6922326298 37.2294274855, -86.6921760357 37.2294611766, -86.6921119507 37.2295001467, -86.692028626 37.2295659146, -86.6919567049 37.2296370828, -86.6919133696 37.2296871465, -86.6918776249 37.2297398955, -86.691820527 37.2298425311, -86.6917991697 37.2298921424, -86.6917717715 37.2299802555, -86.6917562044 37.2300531673, -86.6917147029 37.2303573931)"
"District 03","Butler","03-80408.00","KY","70","KY-70","SAFETY(P)","12.8","14.4","Improve safety and mobility on KY 70 from US 231 to I 165 (2026CCN)","","2026","2026","C","SPP","7000000","2032","","","","016-KY-0070-000","LINESTRING (-86.711675674 37.2144927475, -86.7115982964 37.2145525293, -86.7114199327 37.2147025916, -86.7112682001 37.2148406242, -86.7111101696 37.2149696443, -86.7107840367 37.2152725366, -86.7106328643 37.2154275923, -86.7104893032 37.21558698, -86.7103660891 37.2157264246, -86.7099820163 37.2161443265, -86.7093322445 37.2168387998, -86.7091360889 37.2170483323, -86.7090595256 37.2171302618, -86.7088423533 37.2173613899, -86.7074838333 37.2188156249, -86.7070870551 37.2192630094, -86.7070135015 37.2193388698, -86.7069050404 37.2194512735, -86.7062422487 37.2201527018, -86.7059577078 37.2204615575, -86.7053166797 37.2211474219, -86.7048815322 37.2216310939, -86.7045968467 37.2219564269, -86.7044151798 37.2221729742, -86.7039399937 37.2228302818, -86.7038232816 37.2229696664, -86.7036678805 37.2231187046, -86.7035419989 37.2232125696, -86.7033804844 37.2233133175, -86.7031773522 37.2234094603, -86.7029640451 37.2234889326, -86.7027755179 37.2235454043, -86.7019176158 37.2237663683, -86.7013107608 37.2239317195, -86.701154138 37.2239854571, -86.7008650484 37.2241017978, -86.7007123147 37.2241642923, -86.7004801554 37.2242741254, -86.7001595601 37.2244788888, -86.700102766 37.2245232972, -86.7000021063 37.2246023953, -86.6992509747 37.2252531411, -86.6989624423 37.2254949934, -86.6986163107 37.2257721959, -86.6983196696 37.2259979076, -86.6980419805 37.2262014919, -86.6975297018 37.2265679325, -86.6972581658 37.2267695417, -86.6966200115 37.2272592246, -86.6960449016 37.2276830237, -86.6958804399 37.2277966935, -86.695683532 37.2279249096, -86.6954336457 37.2280738785, -86.6952746732 37.2281600365, -86.6949718591 37.2283066873, -86.6946955023 37.2284270297, -86.6942884709 37.2285899025, -86.6937929906 37.2287935903, -86.6933585217 37.2289599783, -86.6926285097 37.2292512514, -86.6923637257 37.2293638036, -86.6922326298 37.2294274855, -86.6921760357 37.2294611766, -86.6921119507 37.2295001467, -86.692028626 37.2295659146, -86.6919567049 37.2296370828, -86.6919133696 37.2296871465, -86.6918776249 37.2297398955, -86.691820527 37.2298425311, -86.6917991697 37.2298921424, -86.6917717715 37.2299802555, -86.6917562044 37.2300531673, -86.6917147029 37.2303573931)"
"District 03","Butler","03-80408.00","KY","70","KY-70","SAFETY(P)","12.8","14.4","Improve safety and mobility on KY 70 from US 231 to I 165 (2026CCN)","","2026","2026","D","SPP","1000000","2029","","","","016-KY-0070-000","LINESTRING (-86.711675674 37.2144927475, -86.7115982964 37.2145525293, -86.7114199327 37.2147025916, -86.7112682001 37.2148406242, -86.7111101696 37.2149696443, -86.7107840367 37.2152725366, -86.7106328643 37.2154275923, -86.7104893032 37.21558698, -86.7103660891 37.2157264246, -86.7099820163 37.2161443265, -86.7093322445 37.2168387998, -86.7091360889 37.2170483323, -86.7090595256 37.2171302618, -86.7088423533 37.2173613899, -86.7074838333 37.2188156249, -86.7070870551 37.2192630094, -86.7070135015 37.2193388698, -86.7069050404 37.2194512735, -86.7062422487 37.2201527018, -86.7059577078 37.2204615575, -86.7053166797 37.2211474219, -86.7048815322 37.2216310939, -86.7045968467 37.2219564269, -86.7044151798 37.2221729742, -86.7039399937 37.2228302818, -86.7038232816 37.2229696664, -86.7036678805 37.2231187046, -86.7035419989 37.2232125696, -86.7033804844 37.2233133175, -86.7031773522 37.2234094603, -86.7029640451 37.2234889326, -86.7027755179 37.2235454043, -86.7019176158 37.2237663683, -86.7013107608 37.2239317195, -86.701154138 37.2239854571, -86.7008650484 37.2241017978, -86.7007123147 37.2241642923, -86.7004801554 37.2242741254, -86.7001595601 37.2244788888, -86.700102766 37.2245232972, -86.7000021063 37.2246023953, -86.6992509747 37.2252531411, -86.6989624423 37.2254949934, -86.6986163107 37.2257721959, -86.6983196696 37.2259979076, -86.6980419805 37.2262014919, -86.6975297018 37.2265679325, -86.6972581658 37.2267695417, -86.6966200115 37.2272592246, -86.6960449016 37.2276830237, -86.6958804399 37.2277966935, -86.695683532 37.2279249096, -86.6954336457 37.2280738785, -86.6952746732 37.2281600365, -86.6949718591 37.2283066873, -86.6946955023 37.2284270297, -86.6942884709 37.2285899025, -86.6937929906 37.2287935903, -86.6933585217 37.2289599783, -86.6926285097 37.2292512514, -86.6923637257 37.2293638036, -86.6922326298 37.2294274855, -86.6921760357 37.2294611766, -86.6921119507 37.2295001467, -86.692028626 37.2295659146, -86.6919567049 37.2296370828, -86.6919133696 37.2296871465, -86.6918776249 37.2297398955, -86.691820527 37.2298425311, -86.6917991697 37.2298921424, -86.6917717715 37.2299802555, -86.6917562044 37.2300531673, -86.6917147029 37.2303573931)"
"District 03","Butler","03-80408.00","KY","70","KY-70","SAFETY(P)","12.8","14.4","Improve safety and mobility on KY 70 from US 231 to I 165 (2026CCN)","","2026","2026","R","SPP","4000000","2030","","","","016-KY-0070-000","LINESTRING (-86.711675674 37.2144927475, -86.7115982964 37.2145525293, -86.7114199327 37.2147025916, -86.7112682001 37.2148406242, -86.7111101696 37.2149696443, -86.7107840367 37.2152725366, -86.7106328643 37.2154275923, -86.7104893032 37.21558698, -86.7103660891 37.2157264246, -86.7099820163 37.2161443265, -86.7093322445 37.2168387998, -86.7091360889 37.2170483323, -86.7090595256 37.2171302618, -86.7088423533 37.2173613899, -86.7074838333 37.2188156249, -86.7070870551 37.2192630094, -86.7070135015 37.2193388698, -86.7069050404 37.2194512735, -86.7062422487 37.2201527018, -86.7059577078 37.2204615575, -86.7053166797 37.2211474219, -86.7048815322 37.2216310939, -86.7045968467 37.2219564269, -86.7044151798 37.2221729742, -86.7039399937 37.2228302818, -86.7038232816 37.2229696664, -86.7036678805 37.2231187046, -86.7035419989 37.2232125696, -86.7033804844 37.2233133175, -86.7031773522 37.2234094603, -86.7029640451 37.2234889326, -86.7027755179 37.2235454043, -86.7019176158 37.2237663683, -86.7013107608 37.2239317195, -86.701154138 37.2239854571, -86.7008650484 37.2241017978, -86.7007123147 37.2241642923, -86.7004801554 37.2242741254, -86.7001595601 37.2244788888, -86.700102766 37.2245232972, -86.7000021063 37.2246023953, -86.6992509747 37.2252531411, -86.6989624423 37.2254949934, -86.6986163107 37.2257721959, -86.6983196696 37.2259979076, -86.6980419805 37.2262014919, -86.6975297018 37.2265679325, -86.6972581658 37.2267695417, -86.6966200115 37.2272592246, -86.6960449016 37.2276830237, -86.6958804399 37.2277966935, -86.695683532 37.2279249096, -86.6954336457 37.2280738785, -86.6952746732 37.2281600365, -86.6949718591 37.2283066873, -86.6946955023 37.2284270297, -86.6942884709 37.2285899025, -86.6937929906 37.2287935903, -86.6933585217 37.2289599783, -86.6926285097 37.2292512514, -86.6923637257 37.2293638036, -86.6922326298 37.2294274855, -86.6921760357 37.2294611766, -86.6921119507 37.2295001467, -86.692028626 37.2295659146, -86.6919567049 37.2296370828, -86.6919133696 37.2296871465, -86.6918776249 37.2297398955, -86.691820527 37.2298425311, -86.6917991697 37.2298921424, -86.6917717715 37.2299802555, -86.6917562044 37.2300531673, -86.6917147029 37.2303573931)"
"District 03","Butler","03-80412.00","KY","70","KY-70","MINOR WIDENING(O)","12.2","12.4","Widen KY-70 to provide turning lanes at KY 1468 (Gardiner Lane) and new industrial access road. Extend Industrial Drive to KY 70 for new access to industrial park. (2026CCN)","","2026","2026","C","SPP","2900000","2031","","","","016-KY-0070-000","LINESTRING (-86.7207946664 37.2102180636, -86.7207251677 37.2102265403, -86.7200711176 37.2103160271, -86.7187747428 37.2104992873, -86.7184659818 37.2105490929, -86.71815669 37.2106109871, -86.717926641 37.2106664551, -86.7177254344 37.2107216832, -86.7175359553 37.2107809339, -86.7173521169 37.2108513987, -86.7173033772 37.2108714755)"
"District 03","Butler","03-80412.00","KY","70","KY-70","MINOR WIDENING(O)","12.2","12.4","Widen KY-70 to provide turning lanes at KY 1468 (Gardiner Lane) and new industrial access road. Extend Industrial Drive to KY 70 for new access to industrial park. (2026CCN)","","2026","2026","D","SPP","250000","2027","","","","016-KY-0070-000","LINESTRING (-86.7207946664 37.2102180636, -86.7207251677 37.2102265403, -86.7200711176 37.2103160271, -86.7187747428 37.2104992873, -86.7184659818 37.2105490929, -86.71815669 37.2106109871, -86.717926641 37.2106664551, -86.7177254344 37.2107216832, -86.7175359553 37.2107809339, -86.7173521169 37.2108513987, -86.7173033772 37.2108714755)"
"District 03","Butler","03-80412.00","KY","70","KY-70","MINOR WIDENING(O)","12.2","12.4","Widen KY-70 to provide turning lanes at KY 1468 (Gardiner Lane) and new industrial access road. Extend Industrial Drive to KY 70 for new access to industrial park. (2026CCN)","","2026","2026","R","SPP","200000","2030","","","","016-KY-0070-000","LINESTRING (-86.7207946664 37.2102180636, -86.7207251677 37.2102265403, -86.7200711176 37.2103160271, -86.7187747428 37.2104992873, -86.7184659818 37.2105490929, -86.71815669 37.2106109871, -86.717926641 37.2106664551, -86.7177254344 37.2107216832, -86.7175359553 37.2107809339, -86.7173521169 37.2108513987, -86.7173033772 37.2108714755)"
"District 03","Butler","03-80412.00","KY","70","KY-70","MINOR WIDENING(O)","12.2","12.4","Widen KY-70 to provide turning lanes at KY 1468 (Gardiner Lane) and new industrial access road. Extend Industrial Drive to KY 70 for new access to industrial park. (2026CCN)","","2026","2026","U","SPP","1100000","2030","","","","016-KY-0070-000","LINESTRING (-86.7207946664 37.2102180636, -86.7207251677 37.2102265403, -86.7200711176 37.2103160271, -86.7187747428 37.2104992873, -86.7184659818 37.2105490929, -86.71815669 37.2106109871, -86.717926641 37.2106664551, -86.7177254344 37.2107216832, -86.7175359553 37.2107809339, -86.7173521169 37.2108513987, -86.7173033772 37.2108714755)"
"District 03","Edmonson","03-07030.10","KY","70","KY-70","SPOT IMPROVEMENTS(O)","9.939","10.401","RECONSTRUCT KY-70/KY-259 FROM 0.36 MILE NORTH GREEN RIVER BRIDGE AT BROWNSVILLE TO 0.42 MILE NORTH OF THE KY-70/KY-259 INTERSECTION.(06CCR)(2004BOPC)(12CCR)(14CCR)(18CCN) (2020CCR) (2022CCR) (2024CCR)","","2006","2026","C","STP2","1240000","2027","","","","031-KY-0070-000","LINESTRING (-86.2860976736 37.2139633754, -86.2856791128 37.212446383, -86.2855177498 37.2118291541, -86.2854064164 37.2114360877, -86.2853612815 37.2112237132, -86.2848958097 37.2095705153, -86.2845164747 37.2081951445, -86.2844042123 37.2077666505, -86.2842320448 37.2071242019, -86.2841153258 37.2067443421, -86.2840041293 37.2064163669, -86.2839064758 37.2062053306, -86.2837235625 37.2058837251, -86.2834993462 37.2055480265, -86.2832308202 37.2052100578, -86.2830809159 37.2050382606, -86.2827594309 37.2047365124, -86.2825963445 37.2045938891, -86.2823864123 37.2044303297, -86.280377213 37.2029555319, -86.2796257837 37.2024354251)"
"District 03","Edmonson","03-80107.00","KY","259","KY-259","SAFETY(P)","15.633","22.24","IMPROVE SAFETY AND MOBILITY ON KY 259 FROM NORTH OF KYROCK ROAD TO THE GRAYSON COUNTY LINE. (2020CCN)","","2020","2026","U","SPP","340000","2029","","","","031-KY-0259-000","LINESTRING (-86.2805320478 37.2550809381, -86.2810532912 37.2555644296, -86.2815725988 37.2560646821, -86.2828227751 37.2572408157, -86.2834777699 37.2578766679, -86.2836287942 37.2580457134, -86.2837733165 37.2582186336, -86.2838976114 37.2583976879, -86.2840095706 37.2585814682, -86.2842153986 37.2589658655, -86.2843030478 37.2591615663, -86.2843790269 37.2593589694, -86.2844429793 37.2595564267, -86.2845165556 37.2598499691, -86.2845536978 37.2600461756, -86.2845798555 37.2602438067, -86.2845950496 37.2605420102, -86.2845895946 37.2607397858, -86.2845711145 37.2609420152, -86.2845426547 37.2611423672, -86.2845210402 37.2612429889, -86.2844427798 37.2615427197, -86.2843964778 37.2616989347, -86.2842062139 37.2622414218, -86.2839431316 37.2629328288, -86.2836669209 37.2636149563, -86.282782998 37.2659115237, -86.2823827207 37.2669325875, -86.2822556149 37.2672278699, -86.2821147487 37.2675212925, -86.2820102787 37.2677140255, -86.2818968485 37.267903504, -86.2816551309 37.2682712668, -86.2813920023 37.2686248447, -86.2811783716 37.268883716, -86.2808756135 37.2692226417, -86.2807152607 37.2693867889, -86.2805493811 37.2695471163, -86.2802898761 37.2697833979, -86.2788334066 37.2710407737, -86.2765248227 37.2730155252, -86.2760234074 37.2734558567, -86.2757758936 37.2736907018, -86.2756339696 37.2738393785, -86.2755013574 37.2739926822, -86.2753794288 37.2741503324, -86.2752675017 37.2743128818, -86.2751645265 37.2744778616, -86.2750718911 37.2746469157, -86.274929502 37.2749741184, -86.2748587446 37.2751754825, -86.2748101974 37.2753586194, -86.2747706353 37.2755485825, -86.2747400594 37.2757456459, -86.2747218915 37.2759478723, -86.2747194692 37.2760920766, -86.2747282656 37.2763653164, -86.2747462586 37.2765778173, -86.2748176009 37.2772407834, -86.2748489986 37.2774532241, -86.27495834 37.2783384893, -86.2753417608 37.2815856377, -86.2754327887 37.2822603248, -86.2756782455 37.2843625149, -86.275725114 37.2847210004, -86.2757772147 37.2849926728, -86.2758252591 37.2851764738, -86.2758867122 37.2853607641, -86.2760676864 37.2857257876, -86.2761626386 37.2858832849, -86.276283836 37.2860579678, -86.2764104067 37.2862144991, -86.2765475903 37.2863649396, -86.276697103 37.2865090077, -86.2768599754 37.2866461493, -86.2769463644 37.2867103028, -86.2770330933 37.2867739051, -86.2772499581 37.2869146482, -86.2774101287 37.2870097787, -86.2776126618 37.2871165283, -86.2778233868 37.2872150006, -86.2780422756 37.2873013504, -86.2782683015 37.2873758579, -86.2788882688 37.2875485559, -86.2794351404 37.2876897221, -86.2819689207 37.2883670396, -86.2829084295 37.2886129656, -86.2840918799 37.2889368692, -86.2842886445 37.2890040828, -86.2844727721 37.2890826157, -86.2846405557 37.2891829197, -86.2847776484 37.2892696324, -86.2848536203 37.2893178984, -86.2849510233 37.2893825455, -86.2850928291 37.2895032919, -86.285223717 37.28963535, -86.2853467719 37.2897776055, -86.2854458021 37.28992519, -86.2854889905 37.2900035428, -86.2855297852 37.2900835548, -86.2855962769 37.2902474918, -86.2856432115 37.2904164639, -86.2856866746 37.2906766359, -86.285712318 37.2909443048, -86.285769723 37.2917092262, -86.2861639273 37.2965242879, -86.2862667846 37.2979193295, -86.2863714301 37.299180057, -86.2865111213 37.3008671608, -86.2866201807 37.3023102377, -86.2866973612 37.3031451046, -86.2867378764 37.3036148496, -86.2867584413 37.3039402196, -86.2868268652 37.3047045402, -86.286859173 37.3051325764, -86.2869125434 37.3059071286, -86.286921815 37.3061441118, -86.2869148142 37.3064610932, -86.28688277 37.3067380911, -86.286858855 37.3068549295, -86.2868173346 37.3070097493, -86.2867789676 37.3071250059, -86.2867333569 37.3072372743, -86.2866649685 37.3073853515, -86.286585896 37.3075301824, -86.2864788656 37.3077078259, -86.2863597533 37.3078789322, -86.2862558338 37.3080112426, -86.2861163547 37.3081714564, -86.2859623713 37.3083229479, -86.285799056 37.3084678897, -86.2856191655 37.3086030206, -86.2854226961 37.3087277896, -86.2852196172 37.3088421525, -86.2848375252 37.3090227014, -86.283928126 37.3094168687, -86.2829971228 37.3098204657, -86.2821305076 37.3101897041, -86.2811905209 37.3105900322, -86.2793925299 37.3113669476, -86.2780205581 37.3119515759, -86.2762454398 37.3127140569, -86.2758228192 37.312907118, -86.2754040207 37.3131062033, -86.2749877119 37.3133170863, -86.2747452294 37.3134555019, -86.2741729108 37.313828853, -86.2739576995 37.3139828001, -86.2736827152 37.3141941424, -86.2735189438 37.3143283575, -86.2733877103 37.3144440256, -86.2731789599 37.3146369426, -86.2729036593 37.3149021172, -86.2726950812 37.3151200262, -86.2724126343 37.3154453801, -86.2722520521 37.3156427496, -86.2721014296 37.3158384271, -86.2718750396 37.3161651765, -86.2710770609 37.3174181351, -86.2705186008 37.3182563934, -86.2697795503 37.3193854867, -86.2688007267 37.3209020767, -86.2686714127 37.3210987533, -86.2681934126 37.3218438101, -86.2679870054 37.3221809006, -86.2677684493 37.322502115, -86.2676078524 37.3227508385, -86.2670013223 37.323661252, -86.266670566 37.3241699991, -86.2663671733 37.3246080387, -86.2661900376 37.3248538116, -86.2659534179 37.3251512075, -86.2658026075 37.3253249041, -86.2654864505 37.3256594533, -86.2652076322 37.3259229768, -86.2649679693 37.326129474, -86.2646015903 37.32641398, -86.2641484031 37.3267285297, -86.2638169632 37.3269433928, -86.2634179404 37.3271832708, -86.2632188887 37.3272953801, -86.2630567926 37.3273798608, -86.2625737155 37.3276008791, -86.2620770951 37.3278035527, -86.2580795392 37.3293115429, -86.2552748242 37.3303923772)"
"District 03","Edmonson","03-80107.00","KY","259","KY-259","SAFETY(P)","15.633","22.24","IMPROVE SAFETY AND MOBILITY ON KY 259 FROM NORTH OF KYROCK ROAD TO THE GRAYSON COUNTY LINE. (2020CCN)","","2020","2026","R","SPP","370000","2029","","","","031-KY-0259-000","LINESTRING (-86.2805320478 37.2550809381, -86.2810532912 37.2555644296, -86.2815725988 37.2560646821, -86.2828227751 37.2572408157, -86.2834777699 37.2578766679, -86.2836287942 37.2580457134, -86.2837733165 37.2582186336, -86.2838976114 37.2583976879, -86.2840095706 37.2585814682, -86.2842153986 37.2589658655, -86.2843030478 37.2591615663, -86.2843790269 37.2593589694, -86.2844429793 37.2595564267, -86.2845165556 37.2598499691, -86.2845536978 37.2600461756, -86.2845798555 37.2602438067, -86.2845950496 37.2605420102, -86.2845895946 37.2607397858, -86.2845711145 37.2609420152, -86.2845426547 37.2611423672, -86.2845210402 37.2612429889, -86.2844427798 37.2615427197, -86.2843964778 37.2616989347, -86.2842062139 37.2622414218, -86.2839431316 37.2629328288, -86.2836669209 37.2636149563, -86.282782998 37.2659115237, -86.2823827207 37.2669325875, -86.2822556149 37.2672278699, -86.2821147487 37.2675212925, -86.2820102787 37.2677140255, -86.2818968485 37.267903504, -86.2816551309 37.2682712668, -86.2813920023 37.2686248447, -86.2811783716 37.268883716, -86.2808756135 37.2692226417, -86.2807152607 37.2693867889, -86.2805493811 37.2695471163, -86.2802898761 37.2697833979, -86.2788334066 37.2710407737, -86.2765248227 37.2730155252, -86.2760234074 37.2734558567, -86.2757758936 37.2736907018, -86.2756339696 37.2738393785, -86.2755013574 37.2739926822, -86.2753794288 37.2741503324, -86.2752675017 37.2743128818, -86.2751645265 37.2744778616, -86.2750718911 37.2746469157, -86.274929502 37.2749741184, -86.2748587446 37.2751754825, -86.2748101974 37.2753586194, -86.2747706353 37.2755485825, -86.2747400594 37.2757456459, -86.2747218915 37.2759478723, -86.2747194692 37.2760920766, -86.2747282656 37.2763653164, -86.2747462586 37.2765778173, -86.2748176009 37.2772407834, -86.2748489986 37.2774532241, -86.27495834 37.2783384893, -86.2753417608 37.2815856377, -86.2754327887 37.2822603248, -86.2756782455 37.2843625149, -86.275725114 37.2847210004, -86.2757772147 37.2849926728, -86.2758252591 37.2851764738, -86.2758867122 37.2853607641, -86.2760676864 37.2857257876, -86.2761626386 37.2858832849, -86.276283836 37.2860579678, -86.2764104067 37.2862144991, -86.2765475903 37.2863649396, -86.276697103 37.2865090077, -86.2768599754 37.2866461493, -86.2769463644 37.2867103028, -86.2770330933 37.2867739051, -86.2772499581 37.2869146482, -86.2774101287 37.2870097787, -86.2776126618 37.2871165283, -86.2778233868 37.2872150006, -86.2780422756 37.2873013504, -86.2782683015 37.2873758579, -86.2788882688 37.2875485559, -86.2794351404 37.2876897221, -86.2819689207 37.2883670396, -86.2829084295 37.2886129656, -86.2840918799 37.2889368692, -86.2842886445 37.2890040828, -86.2844727721 37.2890826157, -86.2846405557 37.2891829197, -86.2847776484 37.2892696324, -86.2848536203 37.2893178984, -86.2849510233 37.2893825455, -86.2850928291 37.2895032919, -86.285223717 37.28963535, -86.2853467719 37.2897776055, -86.2854458021 37.28992519, -86.2854889905 37.2900035428, -86.2855297852 37.2900835548, -86.2855962769 37.2902474918, -86.2856432115 37.2904164639, -86.2856866746 37.2906766359, -86.285712318 37.2909443048, -86.285769723 37.2917092262, -86.2861639273 37.2965242879, -86.2862667846 37.2979193295, -86.2863714301 37.299180057, -86.2865111213 37.3008671608, -86.2866201807 37.3023102377, -86.2866973612 37.3031451046, -86.2867378764 37.3036148496, -86.2867584413 37.3039402196, -86.2868268652 37.3047045402, -86.286859173 37.3051325764, -86.2869125434 37.3059071286, -86.286921815 37.3061441118, -86.2869148142 37.3064610932, -86.28688277 37.3067380911, -86.286858855 37.3068549295, -86.2868173346 37.3070097493, -86.2867789676 37.3071250059, -86.2867333569 37.3072372743, -86.2866649685 37.3073853515, -86.286585896 37.3075301824, -86.2864788656 37.3077078259, -86.2863597533 37.3078789322, -86.2862558338 37.3080112426, -86.2861163547 37.3081714564, -86.2859623713 37.3083229479, -86.285799056 37.3084678897, -86.2856191655 37.3086030206, -86.2854226961 37.3087277896, -86.2852196172 37.3088421525, -86.2848375252 37.3090227014, -86.283928126 37.3094168687, -86.2829971228 37.3098204657, -86.2821305076 37.3101897041, -86.2811905209 37.3105900322, -86.2793925299 37.3113669476, -86.2780205581 37.3119515759, -86.2762454398 37.3127140569, -86.2758228192 37.312907118, -86.2754040207 37.3131062033, -86.2749877119 37.3133170863, -86.2747452294 37.3134555019, -86.2741729108 37.313828853, -86.2739576995 37.3139828001, -86.2736827152 37.3141941424, -86.2735189438 37.3143283575, -86.2733877103 37.3144440256, -86.2731789599 37.3146369426, -86.2729036593 37.3149021172, -86.2726950812 37.3151200262, -86.2724126343 37.3154453801, -86.2722520521 37.3156427496, -86.2721014296 37.3158384271, -86.2718750396 37.3161651765, -86.2710770609 37.3174181351, -86.2705186008 37.3182563934, -86.2697795503 37.3193854867, -86.2688007267 37.3209020767, -86.2686714127 37.3210987533, -86.2681934126 37.3218438101, -86.2679870054 37.3221809006, -86.2677684493 37.322502115, -86.2676078524 37.3227508385, -86.2670013223 37.323661252, -86.266670566 37.3241699991, -86.2663671733 37.3246080387, -86.2661900376 37.3248538116, -86.2659534179 37.3251512075, -86.2658026075 37.3253249041, -86.2654864505 37.3256594533, -86.2652076322 37.3259229768, -86.2649679693 37.326129474, -86.2646015903 37.32641398, -86.2641484031 37.3267285297, -86.2638169632 37.3269433928, -86.2634179404 37.3271832708, -86.2632188887 37.3272953801, -86.2630567926 37.3273798608, -86.2625737155 37.3276008791, -86.2620770951 37.3278035527, -86.2580795392 37.3293115429, -86.2552748242 37.3303923772)"
"District 03","Edmonson","03-80107.00","KY","259","KY-259","SAFETY(P)","15.633","22.24","IMPROVE SAFETY AND MOBILITY ON KY 259 FROM NORTH OF KYROCK ROAD TO THE GRAYSON COUNTY LINE. (2020CCN)","","2020","2026","C","SPP","2190000","2030","","","","031-KY-0259-000","LINESTRING (-86.2805320478 37.2550809381, -86.2810532912 37.2555644296, -86.2815725988 37.2560646821, -86.2828227751 37.2572408157, -86.2834777699 37.2578766679, -86.2836287942 37.2580457134, -86.2837733165 37.2582186336, -86.2838976114 37.2583976879, -86.2840095706 37.2585814682, -86.2842153986 37.2589658655, -86.2843030478 37.2591615663, -86.2843790269 37.2593589694, -86.2844429793 37.2595564267, -86.2845165556 37.2598499691, -86.2845536978 37.2600461756, -86.2845798555 37.2602438067, -86.2845950496 37.2605420102, -86.2845895946 37.2607397858, -86.2845711145 37.2609420152, -86.2845426547 37.2611423672, -86.2845210402 37.2612429889, -86.2844427798 37.2615427197, -86.2843964778 37.2616989347, -86.2842062139 37.2622414218, -86.2839431316 37.2629328288, -86.2836669209 37.2636149563, -86.282782998 37.2659115237, -86.2823827207 37.2669325875, -86.2822556149 37.2672278699, -86.2821147487 37.2675212925, -86.2820102787 37.2677140255, -86.2818968485 37.267903504, -86.2816551309 37.2682712668, -86.2813920023 37.2686248447, -86.2811783716 37.268883716, -86.2808756135 37.2692226417, -86.2807152607 37.2693867889, -86.2805493811 37.2695471163, -86.2802898761 37.2697833979, -86.2788334066 37.2710407737, -86.2765248227 37.2730155252, -86.2760234074 37.2734558567, -86.2757758936 37.2736907018, -86.2756339696 37.2738393785, -86.2755013574 37.2739926822, -86.2753794288 37.2741503324, -86.2752675017 37.2743128818, -86.2751645265 37.2744778616, -86.2750718911 37.2746469157, -86.274929502 37.2749741184, -86.2748587446 37.2751754825, -86.2748101974 37.2753586194, -86.2747706353 37.2755485825, -86.2747400594 37.2757456459, -86.2747218915 37.2759478723, -86.2747194692 37.2760920766, -86.2747282656 37.2763653164, -86.2747462586 37.2765778173, -86.2748176009 37.2772407834, -86.2748489986 37.2774532241, -86.27495834 37.2783384893, -86.2753417608 37.2815856377, -86.2754327887 37.2822603248, -86.2756782455 37.2843625149, -86.275725114 37.2847210004, -86.2757772147 37.2849926728, -86.2758252591 37.2851764738, -86.2758867122 37.2853607641, -86.2760676864 37.2857257876, -86.2761626386 37.2858832849, -86.276283836 37.2860579678, -86.2764104067 37.2862144991, -86.2765475903 37.2863649396, -86.276697103 37.2865090077, -86.2768599754 37.2866461493, -86.2769463644 37.2867103028, -86.2770330933 37.2867739051, -86.2772499581 37.2869146482, -86.2774101287 37.2870097787, -86.2776126618 37.2871165283, -86.2778233868 37.2872150006, -86.2780422756 37.2873013504, -86.2782683015 37.2873758579, -86.2788882688 37.2875485559, -86.2794351404 37.2876897221, -86.2819689207 37.2883670396, -86.2829084295 37.2886129656, -86.2840918799 37.2889368692, -86.2842886445 37.2890040828, -86.2844727721 37.2890826157, -86.2846405557 37.2891829197, -86.2847776484 37.2892696324, -86.2848536203 37.2893178984, -86.2849510233 37.2893825455, -86.2850928291 37.2895032919, -86.285223717 37.28963535, -86.2853467719 37.2897776055, -86.2854458021 37.28992519, -86.2854889905 37.2900035428, -86.2855297852 37.2900835548, -86.2855962769 37.2902474918, -86.2856432115 37.2904164639, -86.2856866746 37.2906766359, -86.285712318 37.2909443048, -86.285769723 37.2917092262, -86.2861639273 37.2965242879, -86.2862667846 37.2979193295, -86.2863714301 37.299180057, -86.2865111213 37.3008671608, -86.2866201807 37.3023102377, -86.2866973612 37.3031451046, -86.2867378764 37.3036148496, -86.2867584413 37.3039402196, -86.2868268652 37.3047045402, -86.286859173 37.3051325764, -86.2869125434 37.3059071286, -86.286921815 37.3061441118, -86.2869148142 37.3064610932, -86.28688277 37.3067380911, -86.286858855 37.3068549295, -86.2868173346 37.3070097493, -86.2867789676 37.3071250059, -86.2867333569 37.3072372743, -86.2866649685 37.3073853515, -86.286585896 37.3075301824, -86.2864788656 37.3077078259, -86.2863597533 37.3078789322, -86.2862558338 37.3080112426, -86.2861163547 37.3081714564, -86.2859623713 37.3083229479, -86.285799056 37.3084678897, -86.2856191655 37.3086030206, -86.2854226961 37.3087277896, -86.2852196172 37.3088421525, -86.2848375252 37.3090227014, -86.283928126 37.3094168687, -86.2829971228 37.3098204657, -86.2821305076 37.3101897041, -86.2811905209 37.3105900322, -86.2793925299 37.3113669476, -86.2780205581 37.3119515759, -86.2762454398 37.3127140569, -86.2758228192 37.312907118, -86.2754040207 37.3131062033, -86.2749877119 37.3133170863, -86.2747452294 37.3134555019, -86.2741729108 37.313828853, -86.2739576995 37.3139828001, -86.2736827152 37.3141941424, -86.2735189438 37.3143283575, -86.2733877103 37.3144440256, -86.2731789599 37.3146369426, -86.2729036593 37.3149021172, -86.2726950812 37.3151200262, -86.2724126343 37.3154453801, -86.2722520521 37.3156427496, -86.2721014296 37.3158384271, -86.2718750396 37.3161651765, -86.2710770609 37.3174181351, -86.2705186008 37.3182563934, -86.2697795503 37.3193854867, -86.2688007267 37.3209020767, -86.2686714127 37.3210987533, -86.2681934126 37.3218438101, -86.2679870054 37.3221809006, -86.2677684493 37.322502115, -86.2676078524 37.3227508385, -86.2670013223 37.323661252, -86.266670566 37.3241699991, -86.2663671733 37.3246080387, -86.2661900376 37.3248538116, -86.2659534179 37.3251512075, -86.2658026075 37.3253249041, -86.2654864505 37.3256594533, -86.2652076322 37.3259229768, -86.2649679693 37.326129474, -86.2646015903 37.32641398, -86.2641484031 37.3267285297, -86.2638169632 37.3269433928, -86.2634179404 37.3271832708, -86.2632188887 37.3272953801, -86.2630567926 37.3273798608, -86.2625737155 37.3276008791, -86.2620770951 37.3278035527, -86.2580795392 37.3293115429, -86.2552748242 37.3303923772)"
"District 03","Edmonson","03-80317.00","KY","259","KY-259","RECONSTRUCTION(O)","12.1","15.63","RECONSTRUCTION AND REALIGNMENT OF KY 259 FROM MP 12.096 TO 15.633/ (2024CCN)","","2024","2026","D","SPP","1300000","2027","","","","031-KY-0259-000","LINESTRING (-86.2861139287 37.2140222876, -86.2863130561 37.2147439631, -86.2863955138 37.2149883007, -86.2864626908 37.2151610226, -86.2865487293 37.2153300879, -86.2866387149 37.2154749661, -86.2867438314 37.21562252, -86.2871250495 37.2160558161, -86.287465741 37.2163448302, -86.288183983 37.2168900017, -86.2888603434 37.2173883966, -86.2901403728 37.2183498067, -86.2903323364 37.218490364, -86.2905249203 37.2186215802, -86.290828409 37.2188442915, -86.291688675 37.2195030393, -86.2929931863 37.2204678748, -86.2948064958 37.2218263712, -86.2952913098 37.2221847261, -86.2959142538 37.222645154, -86.2963519698 37.2229957602, -86.2965020895 37.2231408978, -86.2966357712 37.2232924301, -86.296808179 37.2235261754, -86.2969085923 37.2236839059, -86.2969969966 37.2238430651, -86.2970566693 37.2239715972, -86.2971031945 37.224087008, -86.2971552567 37.2242548517, -86.2971859839 37.2244639934, -86.2972226404 37.2247791231, -86.2972201953 37.224960955, -86.2971910134 37.2253373671, -86.2970467502 37.2265542079, -86.2969447421 37.2274915282, -86.296869636 37.2280694762, -86.2968510529 37.2282522074, -86.2968369376 37.2284351931, -86.296825654 37.2287233567, -86.2967639003 37.229295749, -86.2967217666 37.2295925722, -86.2965527385 37.2305725024, -86.2964778853 37.2309513249, -86.2962126484 37.2321624144, -86.2960999498 37.2327680032, -86.296027314 37.2331218215, -86.2960011395 37.2333001942, -86.2959098982 37.2336933746, -86.2958556714 37.233887534, -86.2957608765 37.2341708696, -86.2956474444 37.2344422086, -86.2955817454 37.2345707788, -86.2954670906 37.2347690648, -86.2953637996 37.2349241775, -86.2952525873 37.2350765807, -86.2950101404 37.2353680213, -86.2948137393 37.2355677866, -86.2946666472 37.2356992078, -86.294564884 37.2357818045, -86.2943923503 37.2359103229, -86.2936507035 37.2364273813, -86.2924868302 37.2372226999, -86.2916656081 37.2378074052, -86.2913986444 37.2379899154, -86.291042723 37.2382217244, -86.289881579 37.239022222, -86.2896576976 37.2391778873, -86.2893115459 37.2394321687, -86.2891895407 37.2395197966, -86.2890924752 37.2395883592, -86.2882317201 37.2401765191, -86.287086365 37.2409835075, -86.2866776731 37.2412855832, -86.2862451888 37.2416234714, -86.2852868486 37.2424067859, -86.284946785 37.2426997524, -86.2844480291 37.2431403838, -86.2838603884 37.2436907309, -86.2832994785 37.2442332629, -86.2822241786 37.2453411773, -86.28119316 37.2464483313, -86.2801841468 37.2475139036, -86.279439499 37.2483159741, -86.2790988109 37.2486731948, -86.2787619487 37.2490375372, -86.2778654876 37.2499960137, -86.2776777427 37.2502171351, -86.2775702273 37.250366208, -86.2774806074 37.2505195948, -86.2774420044 37.2505994186, -86.2774064893 37.2506786786, -86.2773461446 37.2508420954, -86.2772988549 37.2510054523, -86.2772825927 37.2510865493, -86.2772683835 37.2511665375, -86.2772566257 37.2513014452, -86.277262697 37.251479942, -86.2772816374 37.2516320145, -86.277325634 37.2517804031, -86.2773902224 37.2519254023, -86.2774702672 37.2520697828, -86.2776048778 37.2522537414, -86.2776755909 37.2523415854, -86.2779967577 37.2526694423, -86.2791137852 37.2537393777, -86.2797045912 37.2542961669, -86.2804975701 37.2550482394)"
"District 03","Edmonson","03-80317.00","KY","259","KY-259","RECONSTRUCTION(O)","12.1","15.63","RECONSTRUCTION AND REALIGNMENT OF KY 259 FROM MP 12.096 TO 15.633/ (2024CCN)","","2024","2026","R","SPP","5390000","2030","","","","031-KY-0259-000","LINESTRING (-86.2861139287 37.2140222876, -86.2863130561 37.2147439631, -86.2863955138 37.2149883007, -86.2864626908 37.2151610226, -86.2865487293 37.2153300879, -86.2866387149 37.2154749661, -86.2867438314 37.21562252, -86.2871250495 37.2160558161, -86.287465741 37.2163448302, -86.288183983 37.2168900017, -86.2888603434 37.2173883966, -86.2901403728 37.2183498067, -86.2903323364 37.218490364, -86.2905249203 37.2186215802, -86.290828409 37.2188442915, -86.291688675 37.2195030393, -86.2929931863 37.2204678748, -86.2948064958 37.2218263712, -86.2952913098 37.2221847261, -86.2959142538 37.222645154, -86.2963519698 37.2229957602, -86.2965020895 37.2231408978, -86.2966357712 37.2232924301, -86.296808179 37.2235261754, -86.2969085923 37.2236839059, -86.2969969966 37.2238430651, -86.2970566693 37.2239715972, -86.2971031945 37.224087008, -86.2971552567 37.2242548517, -86.2971859839 37.2244639934, -86.2972226404 37.2247791231, -86.2972201953 37.224960955, -86.2971910134 37.2253373671, -86.2970467502 37.2265542079, -86.2969447421 37.2274915282, -86.296869636 37.2280694762, -86.2968510529 37.2282522074, -86.2968369376 37.2284351931, -86.296825654 37.2287233567, -86.2967639003 37.229295749, -86.2967217666 37.2295925722, -86.2965527385 37.2305725024, -86.2964778853 37.2309513249, -86.2962126484 37.2321624144, -86.2960999498 37.2327680032, -86.296027314 37.2331218215, -86.2960011395 37.2333001942, -86.2959098982 37.2336933746, -86.2958556714 37.233887534, -86.2957608765 37.2341708696, -86.2956474444 37.2344422086, -86.2955817454 37.2345707788, -86.2954670906 37.2347690648, -86.2953637996 37.2349241775, -86.2952525873 37.2350765807, -86.2950101404 37.2353680213, -86.2948137393 37.2355677866, -86.2946666472 37.2356992078, -86.294564884 37.2357818045, -86.2943923503 37.2359103229, -86.2936507035 37.2364273813, -86.2924868302 37.2372226999, -86.2916656081 37.2378074052, -86.2913986444 37.2379899154, -86.291042723 37.2382217244, -86.289881579 37.239022222, -86.2896576976 37.2391778873, -86.2893115459 37.2394321687, -86.2891895407 37.2395197966, -86.2890924752 37.2395883592, -86.2882317201 37.2401765191, -86.287086365 37.2409835075, -86.2866776731 37.2412855832, -86.2862451888 37.2416234714, -86.2852868486 37.2424067859, -86.284946785 37.2426997524, -86.2844480291 37.2431403838, -86.2838603884 37.2436907309, -86.2832994785 37.2442332629, -86.2822241786 37.2453411773, -86.28119316 37.2464483313, -86.2801841468 37.2475139036, -86.279439499 37.2483159741, -86.2790988109 37.2486731948, -86.2787619487 37.2490375372, -86.2778654876 37.2499960137, -86.2776777427 37.2502171351, -86.2775702273 37.250366208, -86.2774806074 37.2505195948, -86.2774420044 37.2505994186, -86.2774064893 37.2506786786, -86.2773461446 37.2508420954, -86.2772988549 37.2510054523, -86.2772825927 37.2510865493, -86.2772683835 37.2511665375, -86.2772566257 37.2513014452, -86.277262697 37.251479942, -86.2772816374 37.2516320145, -86.277325634 37.2517804031, -86.2773902224 37.2519254023, -86.2774702672 37.2520697828, -86.2776048778 37.2522537414, -86.2776755909 37.2523415854, -86.2779967577 37.2526694423, -86.2791137852 37.2537393777, -86.2797045912 37.2542961669, -86.2804975701 37.2550482394)"
"District 03","Edmonson","03-80317.00","KY","259","KY-259","RECONSTRUCTION(O)","12.1","15.63","RECONSTRUCTION AND REALIGNMENT OF KY 259 FROM MP 12.096 TO 15.633/ (2024CCN)","","2024","2026","C","SPP","26772000","2031","","","","031-KY-0259-000","LINESTRING (-86.2861139287 37.2140222876, -86.2863130561 37.2147439631, -86.2863955138 37.2149883007, -86.2864626908 37.2151610226, -86.2865487293 37.2153300879, -86.2866387149 37.2154749661, -86.2867438314 37.21562252, -86.2871250495 37.2160558161, -86.287465741 37.2163448302, -86.288183983 37.2168900017, -86.2888603434 37.2173883966, -86.2901403728 37.2183498067, -86.2903323364 37.218490364, -86.2905249203 37.2186215802, -86.290828409 37.2188442915, -86.291688675 37.2195030393, -86.2929931863 37.2204678748, -86.2948064958 37.2218263712, -86.2952913098 37.2221847261, -86.2959142538 37.222645154, -86.2963519698 37.2229957602, -86.2965020895 37.2231408978, -86.2966357712 37.2232924301, -86.296808179 37.2235261754, -86.2969085923 37.2236839059, -86.2969969966 37.2238430651, -86.2970566693 37.2239715972, -86.2971031945 37.224087008, -86.2971552567 37.2242548517, -86.2971859839 37.2244639934, -86.2972226404 37.2247791231, -86.2972201953 37.224960955, -86.2971910134 37.2253373671, -86.2970467502 37.2265542079, -86.2969447421 37.2274915282, -86.296869636 37.2280694762, -86.2968510529 37.2282522074, -86.2968369376 37.2284351931, -86.296825654 37.2287233567, -86.2967639003 37.229295749, -86.2967217666 37.2295925722, -86.2965527385 37.2305725024, -86.2964778853 37.2309513249, -86.2962126484 37.2321624144, -86.2960999498 37.2327680032, -86.296027314 37.2331218215, -86.2960011395 37.2333001942, -86.2959098982 37.2336933746, -86.2958556714 37.233887534, -86.2957608765 37.2341708696, -86.2956474444 37.2344422086, -86.2955817454 37.2345707788, -86.2954670906 37.2347690648, -86.2953637996 37.2349241775, -86.2952525873 37.2350765807, -86.2950101404 37.2353680213, -86.2948137393 37.2355677866, -86.2946666472 37.2356992078, -86.294564884 37.2357818045, -86.2943923503 37.2359103229, -86.2936507035 37.2364273813, -86.2924868302 37.2372226999, -86.2916656081 37.2378074052, -86.2913986444 37.2379899154, -86.291042723 37.2382217244, -86.289881579 37.239022222, -86.2896576976 37.2391778873, -86.2893115459 37.2394321687, -86.2891895407 37.2395197966, -86.2890924752 37.2395883592, -86.2882317201 37.2401765191, -86.287086365 37.2409835075, -86.2866776731 37.2412855832, -86.2862451888 37.2416234714, -86.2852868486 37.2424067859, -86.284946785 37.2426997524, -86.2844480291 37.2431403838, -86.2838603884 37.2436907309, -86.2832994785 37.2442332629, -86.2822241786 37.2453411773, -86.28119316 37.2464483313, -86.2801841468 37.2475139036, -86.279439499 37.2483159741, -86.2790988109 37.2486731948, -86.2787619487 37.2490375372, -86.2778654876 37.2499960137, -86.2776777427 37.2502171351, -86.2775702273 37.250366208, -86.2774806074 37.2505195948, -86.2774420044 37.2505994186, -86.2774064893 37.2506786786, -86.2773461446 37.2508420954, -86.2772988549 37.2510054523, -86.2772825927 37.2510865493, -86.2772683835 37.2511665375, -86.2772566257 37.2513014452, -86.277262697 37.251479942, -86.2772816374 37.2516320145, -86.277325634 37.2517804031, -86.2773902224 37.2519254023, -86.2774702672 37.2520697828, -86.2776048778 37.2522537414, -86.2776755909 37.2523415854, -86.2779967577 37.2526694423, -86.2791137852 37.2537393777, -86.2797045912 37.2542961669, -86.2804975701 37.2550482394)"
"District 03","Edmonson","03-80317.00","KY","259","KY-259","RECONSTRUCTION(O)","12.1","15.63","RECONSTRUCTION AND REALIGNMENT OF KY 259 FROM MP 12.096 TO 15.633/ (2024CCN)","","2024","2026","U","SPP","2410000","2030","","","","031-KY-0259-000","LINESTRING (-86.2861139287 37.2140222876, -86.2863130561 37.2147439631, -86.2863955138 37.2149883007, -86.2864626908 37.2151610226, -86.2865487293 37.2153300879, -86.2866387149 37.2154749661, -86.2867438314 37.21562252, -86.2871250495 37.2160558161, -86.287465741 37.2163448302, -86.288183983 37.2168900017, -86.2888603434 37.2173883966, -86.2901403728 37.2183498067, -86.2903323364 37.218490364, -86.2905249203 37.2186215802, -86.290828409 37.2188442915, -86.291688675 37.2195030393, -86.2929931863 37.2204678748, -86.2948064958 37.2218263712, -86.2952913098 37.2221847261, -86.2959142538 37.222645154, -86.2963519698 37.2229957602, -86.2965020895 37.2231408978, -86.2966357712 37.2232924301, -86.296808179 37.2235261754, -86.2969085923 37.2236839059, -86.2969969966 37.2238430651, -86.2970566693 37.2239715972, -86.2971031945 37.224087008, -86.2971552567 37.2242548517, -86.2971859839 37.2244639934, -86.2972226404 37.2247791231, -86.2972201953 37.224960955, -86.2971910134 37.2253373671, -86.2970467502 37.2265542079, -86.2969447421 37.2274915282, -86.296869636 37.2280694762, -86.2968510529 37.2282522074, -86.2968369376 37.2284351931, -86.296825654 37.2287233567, -86.2967639003 37.229295749, -86.2967217666 37.2295925722, -86.2965527385 37.2305725024, -86.2964778853 37.2309513249, -86.2962126484 37.2321624144, -86.2960999498 37.2327680032, -86.296027314 37.2331218215, -86.2960011395 37.2333001942, -86.2959098982 37.2336933746, -86.2958556714 37.233887534, -86.2957608765 37.2341708696, -86.2956474444 37.2344422086, -86.2955817454 37.2345707788, -86.2954670906 37.2347690648, -86.2953637996 37.2349241775, -86.2952525873 37.2350765807, -86.2950101404 37.2353680213, -86.2948137393 37.2355677866, -86.2946666472 37.2356992078, -86.294564884 37.2357818045, -86.2943923503 37.2359103229, -86.2936507035 37.2364273813, -86.2924868302 37.2372226999, -86.2916656081 37.2378074052, -86.2913986444 37.2379899154, -86.291042723 37.2382217244, -86.289881579 37.239022222, -86.2896576976 37.2391778873, -86.2893115459 37.2394321687, -86.2891895407 37.2395197966, -86.2890924752 37.2395883592, -86.2882317201 37.2401765191, -86.287086365 37.2409835075, -86.2866776731 37.2412855832, -86.2862451888 37.2416234714, -86.2852868486 37.2424067859, -86.284946785 37.2426997524, -86.2844480291 37.2431403838, -86.2838603884 37.2436907309, -86.2832994785 37.2442332629, -86.2822241786 37.2453411773, -86.28119316 37.2464483313, -86.2801841468 37.2475139036, -86.279439499 37.2483159741, -86.2790988109 37.2486731948, -86.2787619487 37.2490375372, -86.2778654876 37.2499960137, -86.2776777427 37.2502171351, -86.2775702273 37.250366208, -86.2774806074 37.2505195948, -86.2774420044 37.2505994186, -86.2774064893 37.2506786786, -86.2773461446 37.2508420954, -86.2772988549 37.2510054523, -86.2772825927 37.2510865493, -86.2772683835 37.2511665375, -86.2772566257 37.2513014452, -86.277262697 37.251479942, -86.2772816374 37.2516320145, -86.277325634 37.2517804031, -86.2773902224 37.2519254023, -86.2774702672 37.2520697828, -86.2776048778 37.2522537414, -86.2776755909 37.2523415854, -86.2779967577 37.2526694423, -86.2791137852 37.2537393777, -86.2797045912 37.2542961669, -86.2804975701 37.2550482394)"
"District 03","Edmonson","03-80323.00","KY","2326","KY-2326","RECONSTRUCTION(O)","0.0","1.25","RECONSTRUCT KY 2326 (OTTER GAP ROAD) FROM US 31W IN WARREN CO. TO NOAH BLEDSOE ROAD IN EDMONSON CO. (2024CCN)","","2024","2026","R","SPP","1500000","2030","","","","031-KY-2326-000","MULTILINESTRING ((-86.2702959415 37.0822194969, -86.2702813931 37.0822964641, -86.2702454725 37.082356223, -86.2701543115 37.0825076889, -86.2698761112 37.0829244774, -86.2697849995 37.0830339204, -86.2697114769 37.0831092284, -86.2695806684 37.0832284606, -86.2690448863 37.0836271711, -86.268803515 37.083819953, -86.26865401 37.0839623384, -86.268564213 37.0840640841, -86.2684398508 37.0842236608, -86.2683731157 37.0843387613, -86.2682990791 37.084488776, -86.2681812058 37.0847933387, -86.2679500771 37.0854757752, -86.2674221726 37.0871153158, -86.2671477507 37.0880335935, -86.2669651907 37.0887023549, -86.2665893834 37.0900327829, -86.2663614137 37.0908791698, -86.2661981277 37.0915607527, -86.2659382373 37.0927014311, -86.2658544178 37.0931744766, -86.2658190569 37.0934160517, -86.2657453884 37.0940686737, -86.2656645817 37.0951280854, -86.2656172007 37.0959137973, -86.2655464268 37.0967877757, -86.2655011968 37.0970903664, -86.2654520209 37.0975168427, -86.2653912603 37.0979538067, -86.2653424531 37.0982349906, -86.2652713847 37.0985198432, -86.265227057 37.0986551676, -86.2651704411 37.0987985112, -86.265077157 37.0989944749, -86.2649234133 37.099273651, -86.2647925464 37.0994892811, -86.2647608069 37.0995384924), (-86.2675623647 37.0705716557, -86.2676983191 37.0708023069, -86.2679441405 37.0711588087, -86.268715754 37.0723067095, -86.2700161551 37.0742756491, -86.2703633875 37.0748190049, -86.2705277653 37.0750926467, -86.2706020676 37.0752290898, -86.2707060777 37.0754475223, -86.2708154393 37.0756961415, -86.2709619247 37.0760580256, -86.2711079793 37.0764561645, -86.2712035321 37.0767394512, -86.2713006462 37.077099084, -86.2713347248 37.0772672918, -86.2713456091 37.077353484, -86.2713544506 37.0775399317, -86.2713412986 37.0776693508, -86.2713237104 37.0778015374, -86.2713019166 37.077871396, -86.2712482586 37.0779924822, -86.2711822153 37.0781073074, -86.2709934347 37.0783665981, -86.2708404506 37.0785979893, -86.2705658805 37.0789919677, -86.2705067643 37.0790680355, -86.2703210776 37.0792800708, -86.2702298481 37.0793716626, -86.2701258998 37.0794583678, -86.2697204752 37.0797680608, -86.2696090664 37.0798663333, -86.2694782648 37.0800352779, -86.269426514 37.0801354814, -86.269397609 37.0802182801, -86.2693075279 37.0805743549, -86.2692717253 37.0807500166, -86.2692536996 37.0809184571, -86.2692621307 37.0809972446, -86.2692894832 37.0811349973, -86.2693103651 37.0811802216, -86.2694435837 37.0813589748, -86.269488806 37.0814043652, -86.2695615255 37.0814603442, -86.2698460355 37.0816557245, -86.2699755793 37.0817493518, -86.2701396467 37.0818779798, -86.270210404 37.0819474248, -86.2702549878 37.0819994091, -86.2702834896 37.0820558601, -86.27029263 37.0820885033))"
"District 03","Edmonson","03-80323.00","KY","2326","KY-2326","RECONSTRUCTION(O)","0.0","1.25","RECONSTRUCT KY 2326 (OTTER GAP ROAD) FROM US 31W IN WARREN CO. TO NOAH BLEDSOE ROAD IN EDMONSON CO. (2024CCN)","","2024","2026","C","SPP","6000000","2032","","","","031-KY-2326-000","MULTILINESTRING ((-86.2702959415 37.0822194969, -86.2702813931 37.0822964641, -86.2702454725 37.082356223, -86.2701543115 37.0825076889, -86.2698761112 37.0829244774, -86.2697849995 37.0830339204, -86.2697114769 37.0831092284, -86.2695806684 37.0832284606, -86.2690448863 37.0836271711, -86.268803515 37.083819953, -86.26865401 37.0839623384, -86.268564213 37.0840640841, -86.2684398508 37.0842236608, -86.2683731157 37.0843387613, -86.2682990791 37.084488776, -86.2681812058 37.0847933387, -86.2679500771 37.0854757752, -86.2674221726 37.0871153158, -86.2671477507 37.0880335935, -86.2669651907 37.0887023549, -86.2665893834 37.0900327829, -86.2663614137 37.0908791698, -86.2661981277 37.0915607527, -86.2659382373 37.0927014311, -86.2658544178 37.0931744766, -86.2658190569 37.0934160517, -86.2657453884 37.0940686737, -86.2656645817 37.0951280854, -86.2656172007 37.0959137973, -86.2655464268 37.0967877757, -86.2655011968 37.0970903664, -86.2654520209 37.0975168427, -86.2653912603 37.0979538067, -86.2653424531 37.0982349906, -86.2652713847 37.0985198432, -86.265227057 37.0986551676, -86.2651704411 37.0987985112, -86.265077157 37.0989944749, -86.2649234133 37.099273651, -86.2647925464 37.0994892811, -86.2647608069 37.0995384924), (-86.2675623647 37.0705716557, -86.2676983191 37.0708023069, -86.2679441405 37.0711588087, -86.268715754 37.0723067095, -86.2700161551 37.0742756491, -86.2703633875 37.0748190049, -86.2705277653 37.0750926467, -86.2706020676 37.0752290898, -86.2707060777 37.0754475223, -86.2708154393 37.0756961415, -86.2709619247 37.0760580256, -86.2711079793 37.0764561645, -86.2712035321 37.0767394512, -86.2713006462 37.077099084, -86.2713347248 37.0772672918, -86.2713456091 37.077353484, -86.2713544506 37.0775399317, -86.2713412986 37.0776693508, -86.2713237104 37.0778015374, -86.2713019166 37.077871396, -86.2712482586 37.0779924822, -86.2711822153 37.0781073074, -86.2709934347 37.0783665981, -86.2708404506 37.0785979893, -86.2705658805 37.0789919677, -86.2705067643 37.0790680355, -86.2703210776 37.0792800708, -86.2702298481 37.0793716626, -86.2701258998 37.0794583678, -86.2697204752 37.0797680608, -86.2696090664 37.0798663333, -86.2694782648 37.0800352779, -86.269426514 37.0801354814, -86.269397609 37.0802182801, -86.2693075279 37.0805743549, -86.2692717253 37.0807500166, -86.2692536996 37.0809184571, -86.2692621307 37.0809972446, -86.2692894832 37.0811349973, -86.2693103651 37.0811802216, -86.2694435837 37.0813589748, -86.269488806 37.0814043652, -86.2695615255 37.0814603442, -86.2698460355 37.0816557245, -86.2699755793 37.0817493518, -86.2701396467 37.0818779798, -86.270210404 37.0819474248, -86.2702549878 37.0819994091, -86.2702834896 37.0820558601, -86.27029263 37.0820885033))"
"District 03","Edmonson","03-80323.00","KY","2326","KY-2326","RECONSTRUCTION(O)","0.0","1.25","RECONSTRUCT KY 2326 (OTTER GAP ROAD) FROM US 31W IN WARREN CO. TO NOAH BLEDSOE ROAD IN EDMONSON CO. (2024CCN)","","2024","2026","U","SPP","2000000","2031","","","","031-KY-2326-000","MULTILINESTRING ((-86.2702959415 37.0822194969, -86.2702813931 37.0822964641, -86.2702454725 37.082356223, -86.2701543115 37.0825076889, -86.2698761112 37.0829244774, -86.2697849995 37.0830339204, -86.2697114769 37.0831092284, -86.2695806684 37.0832284606, -86.2690448863 37.0836271711, -86.268803515 37.083819953, -86.26865401 37.0839623384, -86.268564213 37.0840640841, -86.2684398508 37.0842236608, -86.2683731157 37.0843387613, -86.2682990791 37.084488776, -86.2681812058 37.0847933387, -86.2679500771 37.0854757752, -86.2674221726 37.0871153158, -86.2671477507 37.0880335935, -86.2669651907 37.0887023549, -86.2665893834 37.0900327829, -86.2663614137 37.0908791698, -86.2661981277 37.0915607527, -86.2659382373 37.0927014311, -86.2658544178 37.0931744766, -86.2658190569 37.0934160517, -86.2657453884 37.0940686737, -86.2656645817 37.0951280854, -86.2656172007 37.0959137973, -86.2655464268 37.0967877757, -86.2655011968 37.0970903664, -86.2654520209 37.0975168427, -86.2653912603 37.0979538067, -86.2653424531 37.0982349906, -86.2652713847 37.0985198432, -86.265227057 37.0986551676, -86.2651704411 37.0987985112, -86.265077157 37.0989944749, -86.2649234133 37.099273651, -86.2647925464 37.0994892811, -86.2647608069 37.0995384924), (-86.2675623647 37.0705716557, -86.2676983191 37.0708023069, -86.2679441405 37.0711588087, -86.268715754 37.0723067095, -86.2700161551 37.0742756491, -86.2703633875 37.0748190049, -86.2705277653 37.0750926467, -86.2706020676 37.0752290898, -86.2707060777 37.0754475223, -86.2708154393 37.0756961415, -86.2709619247 37.0760580256, -86.2711079793 37.0764561645, -86.2712035321 37.0767394512, -86.2713006462 37.077099084, -86.2713347248 37.0772672918, -86.2713456091 37.077353484, -86.2713544506 37.0775399317, -86.2713412986 37.0776693508, -86.2713237104 37.0778015374, -86.2713019166 37.077871396, -86.2712482586 37.0779924822, -86.2711822153 37.0781073074, -86.2709934347 37.0783665981, -86.2708404506 37.0785979893, -86.2705658805 37.0789919677, -86.2705067643 37.0790680355, -86.2703210776 37.0792800708, -86.2702298481 37.0793716626, -86.2701258998 37.0794583678, -86.2697204752 37.0797680608, -86.2696090664 37.0798663333, -86.2694782648 37.0800352779, -86.269426514 37.0801354814, -86.269397609 37.0802182801, -86.2693075279 37.0805743549, -86.2692717253 37.0807500166, -86.2692536996 37.0809184571, -86.2692621307 37.0809972446, -86.2692894832 37.0811349973, -86.2693103651 37.0811802216, -86.2694435837 37.0813589748, -86.269488806 37.0814043652, -86.2695615255 37.0814603442, -86.2698460355 37.0816557245, -86.2699755793 37.0817493518, -86.2701396467 37.0818779798, -86.270210404 37.0819474248, -86.2702549878 37.0819994091, -86.2702834896 37.0820558601, -86.27029263 37.0820885033))"
"District 03","Edmonson","03-80323.00","KY","2326","KY-2326","RECONSTRUCTION(O)","0.0","1.25","RECONSTRUCT KY 2326 (OTTER GAP ROAD) FROM US 31W IN WARREN CO. TO NOAH BLEDSOE ROAD IN EDMONSON CO. (2024CCN)","","2024","2026","D","SPP","1300000","2029","","","","031-KY-2326-000","MULTILINESTRING ((-86.2702959415 37.0822194969, -86.2702813931 37.0822964641, -86.2702454725 37.082356223, -86.2701543115 37.0825076889, -86.2698761112 37.0829244774, -86.2697849995 37.0830339204, -86.2697114769 37.0831092284, -86.2695806684 37.0832284606, -86.2690448863 37.0836271711, -86.268803515 37.083819953, -86.26865401 37.0839623384, -86.268564213 37.0840640841, -86.2684398508 37.0842236608, -86.2683731157 37.0843387613, -86.2682990791 37.084488776, -86.2681812058 37.0847933387, -86.2679500771 37.0854757752, -86.2674221726 37.0871153158, -86.2671477507 37.0880335935, -86.2669651907 37.0887023549, -86.2665893834 37.0900327829, -86.2663614137 37.0908791698, -86.2661981277 37.0915607527, -86.2659382373 37.0927014311, -86.2658544178 37.0931744766, -86.2658190569 37.0934160517, -86.2657453884 37.0940686737, -86.2656645817 37.0951280854, -86.2656172007 37.0959137973, -86.2655464268 37.0967877757, -86.2655011968 37.0970903664, -86.2654520209 37.0975168427, -86.2653912603 37.0979538067, -86.2653424531 37.0982349906, -86.2652713847 37.0985198432, -86.265227057 37.0986551676, -86.2651704411 37.0987985112, -86.265077157 37.0989944749, -86.2649234133 37.099273651, -86.2647925464 37.0994892811, -86.2647608069 37.0995384924), (-86.2675623647 37.0705716557, -86.2676983191 37.0708023069, -86.2679441405 37.0711588087, -86.268715754 37.0723067095, -86.2700161551 37.0742756491, -86.2703633875 37.0748190049, -86.2705277653 37.0750926467, -86.2706020676 37.0752290898, -86.2707060777 37.0754475223, -86.2708154393 37.0756961415, -86.2709619247 37.0760580256, -86.2711079793 37.0764561645, -86.2712035321 37.0767394512, -86.2713006462 37.077099084, -86.2713347248 37.0772672918, -86.2713456091 37.077353484, -86.2713544506 37.0775399317, -86.2713412986 37.0776693508, -86.2713237104 37.0778015374, -86.2713019166 37.077871396, -86.2712482586 37.0779924822, -86.2711822153 37.0781073074, -86.2709934347 37.0783665981, -86.2708404506 37.0785979893, -86.2705658805 37.0789919677, -86.2705067643 37.0790680355, -86.2703210776 37.0792800708, -86.2702298481 37.0793716626, -86.2701258998 37.0794583678, -86.2697204752 37.0797680608, -86.2696090664 37.0798663333, -86.2694782648 37.0800352779, -86.269426514 37.0801354814, -86.269397609 37.0802182801, -86.2693075279 37.0805743549, -86.2692717253 37.0807500166, -86.2692536996 37.0809184571, -86.2692621307 37.0809972446, -86.2692894832 37.0811349973, -86.2693103651 37.0811802216, -86.2694435837 37.0813589748, -86.269488806 37.0814043652, -86.2695615255 37.0814603442, -86.2698460355 37.0816557245, -86.2699755793 37.0817493518, -86.2701396467 37.0818779798, -86.270210404 37.0819474248, -86.2702549878 37.0819994091, -86.2702834896 37.0820558601, -86.27029263 37.0820885033))"
"District 03","Edmonson","03-80350.00","CR","1137","CR-1137","RECONSTRUCTION(O)","0.0","2.455","Reconstruction/Widening from KY 2326 to KY 101 (MP 0.0 - 2.455). (2024CCN)","","2024","2026","U","SPP","3000000","2031","","","","031-CR-1137-000","LINESTRING (-86.2646497183 37.0997107319, -86.2638385292 37.0995215077, -86.2629775958 37.0993778137, -86.2597145516 37.0988974891, -86.2573237496 37.0985571948, -86.2567784426 37.0984870606, -86.2558617098 37.0983526204, -86.2538644368 37.0980954132, -86.2530700452 37.0980007967, -86.2521676563 37.0979071882, -86.2519889895 37.0979027399, -86.2516102423 37.0979219489, -86.251267382 37.0979750592, -86.2511660635 37.0980007633, -86.2509904645 37.0980449131, -86.2508746827 37.0981124252, -86.250780189 37.0981845155, -86.2507004725 37.0982614863, -86.2505644278 37.0984265862, -86.2504313461 37.0986246321, -86.250367334 37.0987430067, -86.2503177861 37.098870658, -86.2502517317 37.0991450432, -86.2500797011 37.1000304324, -86.250015071 37.1003641348, -86.2497359031 37.101637516, -86.2496552037 37.1019273444, -86.2496022152 37.1020539107, -86.2495292243 37.1021632601, -86.249433839 37.1022567754, -86.2492006342 37.1024052624, -86.2488054401 37.1025838307, -86.248383148 37.1027614139, -86.247874622 37.1029657311, -86.24751063 37.103093351, -86.2470197842 37.1032242569, -86.2469094734 37.1032395591, -86.2467356307 37.1032405745, -86.2466031078 37.1032158721, -86.2464787155 37.103176303, -86.2463638217 37.103121313, -86.2462635453 37.1030470349, -86.246020015 37.1027775414, -86.2456007103 37.102269024, -86.2448777944 37.1014258983, -86.2420957082 37.0981111128, -86.2418916689 37.0978982962, -86.2416840976 37.0977217484, -86.2415800794 37.0976502286, -86.2414700259 37.097599333, -86.2413543056 37.0975731797, -86.2412373173 37.097562687, -86.2409844289 37.0975857251, -86.2394308721 37.0977946794, -86.2387122546 37.0979064589, -86.2384054379 37.0979673439, -86.2378255801 37.0981686207, -86.2362597642 37.0987629187, -86.235936956 37.0988963725, -86.2352802246 37.0992476415, -86.2347630474 37.0994945088, -86.2339291954 37.0999234092, -86.2329366132 37.1004109129, -86.2325995079 37.1005625437, -86.2315356156 37.1010011686, -86.2313629681 37.101080431, -86.2300913 37.1016305854, -86.2299654046 37.1016753232, -86.2298866607 37.1016943232, -86.2296526599 37.1017244001)"
"District 03","Edmonson","03-80350.00","CR","1137","CR-1137","RECONSTRUCTION(O)","0.0","2.455","Reconstruction/Widening from KY 2326 to KY 101 (MP 0.0 - 2.455). (2024CCN)","","2024","2026","R","SPP","1250000","2030","","","","031-CR-1137-000","LINESTRING (-86.2646497183 37.0997107319, -86.2638385292 37.0995215077, -86.2629775958 37.0993778137, -86.2597145516 37.0988974891, -86.2573237496 37.0985571948, -86.2567784426 37.0984870606, -86.2558617098 37.0983526204, -86.2538644368 37.0980954132, -86.2530700452 37.0980007967, -86.2521676563 37.0979071882, -86.2519889895 37.0979027399, -86.2516102423 37.0979219489, -86.251267382 37.0979750592, -86.2511660635 37.0980007633, -86.2509904645 37.0980449131, -86.2508746827 37.0981124252, -86.250780189 37.0981845155, -86.2507004725 37.0982614863, -86.2505644278 37.0984265862, -86.2504313461 37.0986246321, -86.250367334 37.0987430067, -86.2503177861 37.098870658, -86.2502517317 37.0991450432, -86.2500797011 37.1000304324, -86.250015071 37.1003641348, -86.2497359031 37.101637516, -86.2496552037 37.1019273444, -86.2496022152 37.1020539107, -86.2495292243 37.1021632601, -86.249433839 37.1022567754, -86.2492006342 37.1024052624, -86.2488054401 37.1025838307, -86.248383148 37.1027614139, -86.247874622 37.1029657311, -86.24751063 37.103093351, -86.2470197842 37.1032242569, -86.2469094734 37.1032395591, -86.2467356307 37.1032405745, -86.2466031078 37.1032158721, -86.2464787155 37.103176303, -86.2463638217 37.103121313, -86.2462635453 37.1030470349, -86.246020015 37.1027775414, -86.2456007103 37.102269024, -86.2448777944 37.1014258983, -86.2420957082 37.0981111128, -86.2418916689 37.0978982962, -86.2416840976 37.0977217484, -86.2415800794 37.0976502286, -86.2414700259 37.097599333, -86.2413543056 37.0975731797, -86.2412373173 37.097562687, -86.2409844289 37.0975857251, -86.2394308721 37.0977946794, -86.2387122546 37.0979064589, -86.2384054379 37.0979673439, -86.2378255801 37.0981686207, -86.2362597642 37.0987629187, -86.235936956 37.0988963725, -86.2352802246 37.0992476415, -86.2347630474 37.0994945088, -86.2339291954 37.0999234092, -86.2329366132 37.1004109129, -86.2325995079 37.1005625437, -86.2315356156 37.1010011686, -86.2313629681 37.101080431, -86.2300913 37.1016305854, -86.2299654046 37.1016753232, -86.2298866607 37.1016943232, -86.2296526599 37.1017244001)"
"District 03","Edmonson","03-80350.00","CR","1137","CR-1137","RECONSTRUCTION(O)","0.0","2.455","Reconstruction/Widening from KY 2326 to KY 101 (MP 0.0 - 2.455). (2024CCN)","","2024","2026","C","SPP","6000000","2032","","","","031-CR-1137-000","LINESTRING (-86.2646497183 37.0997107319, -86.2638385292 37.0995215077, -86.2629775958 37.0993778137, -86.2597145516 37.0988974891, -86.2573237496 37.0985571948, -86.2567784426 37.0984870606, -86.2558617098 37.0983526204, -86.2538644368 37.0980954132, -86.2530700452 37.0980007967, -86.2521676563 37.0979071882, -86.2519889895 37.0979027399, -86.2516102423 37.0979219489, -86.251267382 37.0979750592, -86.2511660635 37.0980007633, -86.2509904645 37.0980449131, -86.2508746827 37.0981124252, -86.250780189 37.0981845155, -86.2507004725 37.0982614863, -86.2505644278 37.0984265862, -86.2504313461 37.0986246321, -86.250367334 37.0987430067, -86.2503177861 37.098870658, -86.2502517317 37.0991450432, -86.2500797011 37.1000304324, -86.250015071 37.1003641348, -86.2497359031 37.101637516, -86.2496552037 37.1019273444, -86.2496022152 37.1020539107, -86.2495292243 37.1021632601, -86.249433839 37.1022567754, -86.2492006342 37.1024052624, -86.2488054401 37.1025838307, -86.248383148 37.1027614139, -86.247874622 37.1029657311, -86.24751063 37.103093351, -86.2470197842 37.1032242569, -86.2469094734 37.1032395591, -86.2467356307 37.1032405745, -86.2466031078 37.1032158721, -86.2464787155 37.103176303, -86.2463638217 37.103121313, -86.2462635453 37.1030470349, -86.246020015 37.1027775414, -86.2456007103 37.102269024, -86.2448777944 37.1014258983, -86.2420957082 37.0981111128, -86.2418916689 37.0978982962, -86.2416840976 37.0977217484, -86.2415800794 37.0976502286, -86.2414700259 37.097599333, -86.2413543056 37.0975731797, -86.2412373173 37.097562687, -86.2409844289 37.0975857251, -86.2394308721 37.0977946794, -86.2387122546 37.0979064589, -86.2384054379 37.0979673439, -86.2378255801 37.0981686207, -86.2362597642 37.0987629187, -86.235936956 37.0988963725, -86.2352802246 37.0992476415, -86.2347630474 37.0994945088, -86.2339291954 37.0999234092, -86.2329366132 37.1004109129, -86.2325995079 37.1005625437, -86.2315356156 37.1010011686, -86.2313629681 37.101080431, -86.2300913 37.1016305854, -86.2299654046 37.1016753232, -86.2298866607 37.1016943232, -86.2296526599 37.1017244001)"
"District 03","Edmonson","03-80350.00","CR","1137","CR-1137","RECONSTRUCTION(O)","0.0","2.455","Reconstruction/Widening from KY 2326 to KY 101 (MP 0.0 - 2.455). (2024CCN)","","2024","2026","D","SPP","1670000","2029","","","","031-CR-1137-000","LINESTRING (-86.2646497183 37.0997107319, -86.2638385292 37.0995215077, -86.2629775958 37.0993778137, -86.2597145516 37.0988974891, -86.2573237496 37.0985571948, -86.2567784426 37.0984870606, -86.2558617098 37.0983526204, -86.2538644368 37.0980954132, -86.2530700452 37.0980007967, -86.2521676563 37.0979071882, -86.2519889895 37.0979027399, -86.2516102423 37.0979219489, -86.251267382 37.0979750592, -86.2511660635 37.0980007633, -86.2509904645 37.0980449131, -86.2508746827 37.0981124252, -86.250780189 37.0981845155, -86.2507004725 37.0982614863, -86.2505644278 37.0984265862, -86.2504313461 37.0986246321, -86.250367334 37.0987430067, -86.2503177861 37.098870658, -86.2502517317 37.0991450432, -86.2500797011 37.1000304324, -86.250015071 37.1003641348, -86.2497359031 37.101637516, -86.2496552037 37.1019273444, -86.2496022152 37.1020539107, -86.2495292243 37.1021632601, -86.249433839 37.1022567754, -86.2492006342 37.1024052624, -86.2488054401 37.1025838307, -86.248383148 37.1027614139, -86.247874622 37.1029657311, -86.24751063 37.103093351, -86.2470197842 37.1032242569, -86.2469094734 37.1032395591, -86.2467356307 37.1032405745, -86.2466031078 37.1032158721, -86.2464787155 37.103176303, -86.2463638217 37.103121313, -86.2462635453 37.1030470349, -86.246020015 37.1027775414, -86.2456007103 37.102269024, -86.2448777944 37.1014258983, -86.2420957082 37.0981111128, -86.2418916689 37.0978982962, -86.2416840976 37.0977217484, -86.2415800794 37.0976502286, -86.2414700259 37.097599333, -86.2413543056 37.0975731797, -86.2412373173 37.097562687, -86.2409844289 37.0975857251, -86.2394308721 37.0977946794, -86.2387122546 37.0979064589, -86.2384054379 37.0979673439, -86.2378255801 37.0981686207, -86.2362597642 37.0987629187, -86.235936956 37.0988963725, -86.2352802246 37.0992476415, -86.2347630474 37.0994945088, -86.2339291954 37.0999234092, -86.2329366132 37.1004109129, -86.2325995079 37.1005625437, -86.2315356156 37.1010011686, -86.2313629681 37.101080431, -86.2300913 37.1016305854, -86.2299654046 37.1016753232, -86.2298866607 37.1016943232, -86.2296526599 37.1017244001)"
"District 03","Edmonson","03-80351.00","CR","1139","CR-1139","RECONSTRUCTION(O)","0.0","1.25","Reconstruction/Widening from KY 743 to Noah Bledsoe Road (MP 0.0 - 1.254). (2024CCN)","","2024","2026","R","SPP","650000","2030","","","","031-CR-1139-000","LINESTRING (-86.2430417585 37.1192258436, -86.2430191706 37.1190770783, -86.2429733417 37.1188888618, -86.2428665085 37.1186550364, -86.2427015126 37.1183387865, -86.2418603732 37.1168518087, -86.2406844175 37.1148232502, -86.2405037239 37.1144639441, -86.2404648393 37.1143394156, -86.2404468524 37.1142115043, -86.2404532089 37.1140826665, -86.2404870205 37.1139567338, -86.240547981 37.1138394759, -86.2406902966 37.113629318, -86.2407450689 37.1135098891, -86.2407693446 37.113394158, -86.2407713408 37.1132804447, -86.2407500127 37.1131660048, -86.2405971054 37.1127027635, -86.2404132665 37.1118631056, -86.2404049486 37.1117453156, -86.2404118494 37.1114904105, -86.2404652001 37.1111021037, -86.2405303562 37.1108406367, -86.2406198612 37.1105793413, -86.2410191289 37.1096542837, -86.2411498999 37.1094109409, -86.2412276722 37.1092955346, -86.2416076765 37.1088327926, -86.2423463855 37.1080076434, -86.2425145723 37.1077710075, -86.2427946129 37.1072320576, -86.2429567013 37.1069553473, -86.2436147777 37.1059720579, -86.2437032771 37.105872534, -86.243799667 37.1057735262, -86.2441163778 37.1054934126, -86.2444468737 37.1052239516, -86.2453006726 37.1044933238, -86.2461454771 37.1038050245, -86.2468424566 37.1032891615)"
"District 03","Edmonson","03-80351.00","CR","1139","CR-1139","RECONSTRUCTION(O)","0.0","1.25","Reconstruction/Widening from KY 743 to Noah Bledsoe Road (MP 0.0 - 1.254). (2024CCN)","","2024","2026","C","SPP","350000","2032","","","","031-CR-1139-000","LINESTRING (-86.2430417585 37.1192258436, -86.2430191706 37.1190770783, -86.2429733417 37.1188888618, -86.2428665085 37.1186550364, -86.2427015126 37.1183387865, -86.2418603732 37.1168518087, -86.2406844175 37.1148232502, -86.2405037239 37.1144639441, -86.2404648393 37.1143394156, -86.2404468524 37.1142115043, -86.2404532089 37.1140826665, -86.2404870205 37.1139567338, -86.240547981 37.1138394759, -86.2406902966 37.113629318, -86.2407450689 37.1135098891, -86.2407693446 37.113394158, -86.2407713408 37.1132804447, -86.2407500127 37.1131660048, -86.2405971054 37.1127027635, -86.2404132665 37.1118631056, -86.2404049486 37.1117453156, -86.2404118494 37.1114904105, -86.2404652001 37.1111021037, -86.2405303562 37.1108406367, -86.2406198612 37.1105793413, -86.2410191289 37.1096542837, -86.2411498999 37.1094109409, -86.2412276722 37.1092955346, -86.2416076765 37.1088327926, -86.2423463855 37.1080076434, -86.2425145723 37.1077710075, -86.2427946129 37.1072320576, -86.2429567013 37.1069553473, -86.2436147777 37.1059720579, -86.2437032771 37.105872534, -86.243799667 37.1057735262, -86.2441163778 37.1054934126, -86.2444468737 37.1052239516, -86.2453006726 37.1044933238, -86.2461454771 37.1038050245, -86.2468424566 37.1032891615)"
"District 03","Edmonson","03-80351.00","CR","1139","CR-1139","RECONSTRUCTION(O)","0.0","1.25","Reconstruction/Widening from KY 743 to Noah Bledsoe Road (MP 0.0 - 1.254). (2024CCN)","","2024","2026","U","SPP","1500000","2031","","","","031-CR-1139-000","LINESTRING (-86.2430417585 37.1192258436, -86.2430191706 37.1190770783, -86.2429733417 37.1188888618, -86.2428665085 37.1186550364, -86.2427015126 37.1183387865, -86.2418603732 37.1168518087, -86.2406844175 37.1148232502, -86.2405037239 37.1144639441, -86.2404648393 37.1143394156, -86.2404468524 37.1142115043, -86.2404532089 37.1140826665, -86.2404870205 37.1139567338, -86.240547981 37.1138394759, -86.2406902966 37.113629318, -86.2407450689 37.1135098891, -86.2407693446 37.113394158, -86.2407713408 37.1132804447, -86.2407500127 37.1131660048, -86.2405971054 37.1127027635, -86.2404132665 37.1118631056, -86.2404049486 37.1117453156, -86.2404118494 37.1114904105, -86.2404652001 37.1111021037, -86.2405303562 37.1108406367, -86.2406198612 37.1105793413, -86.2410191289 37.1096542837, -86.2411498999 37.1094109409, -86.2412276722 37.1092955346, -86.2416076765 37.1088327926, -86.2423463855 37.1080076434, -86.2425145723 37.1077710075, -86.2427946129 37.1072320576, -86.2429567013 37.1069553473, -86.2436147777 37.1059720579, -86.2437032771 37.105872534, -86.243799667 37.1057735262, -86.2441163778 37.1054934126, -86.2444468737 37.1052239516, -86.2453006726 37.1044933238, -86.2461454771 37.1038050245, -86.2468424566 37.1032891615)"
"District 03","Edmonson","03-80351.00","CR","1139","CR-1139","RECONSTRUCTION(O)","0.0","1.25","Reconstruction/Widening from KY 743 to Noah Bledsoe Road (MP 0.0 - 1.254). (2024CCN)","","2024","2026","D","SPP","890000","2029","","","","031-CR-1139-000","LINESTRING (-86.2430417585 37.1192258436, -86.2430191706 37.1190770783, -86.2429733417 37.1188888618, -86.2428665085 37.1186550364, -86.2427015126 37.1183387865, -86.2418603732 37.1168518087, -86.2406844175 37.1148232502, -86.2405037239 37.1144639441, -86.2404648393 37.1143394156, -86.2404468524 37.1142115043, -86.2404532089 37.1140826665, -86.2404870205 37.1139567338, -86.240547981 37.1138394759, -86.2406902966 37.113629318, -86.2407450689 37.1135098891, -86.2407693446 37.113394158, -86.2407713408 37.1132804447, -86.2407500127 37.1131660048, -86.2405971054 37.1127027635, -86.2404132665 37.1118631056, -86.2404049486 37.1117453156, -86.2404118494 37.1114904105, -86.2404652001 37.1111021037, -86.2405303562 37.1108406367, -86.2406198612 37.1105793413, -86.2410191289 37.1096542837, -86.2411498999 37.1094109409, -86.2412276722 37.1092955346, -86.2416076765 37.1088327926, -86.2423463855 37.1080076434, -86.2425145723 37.1077710075, -86.2427946129 37.1072320576, -86.2429567013 37.1069553473, -86.2436147777 37.1059720579, -86.2437032771 37.105872534, -86.243799667 37.1057735262, -86.2441163778 37.1054934126, -86.2444468737 37.1052239516, -86.2453006726 37.1044933238, -86.2461454771 37.1038050245, -86.2468424566 37.1032891615)"
"District 03","Edmonson","03-80409.00","CR","1308","CR-1308","MINOR WIDENING(O)","3.985","4.415","Minor widening of Blackgold Road to provide secondary access to new Kyrock school (2026CCN)","","2026","2026","D","SPP","300000","2027","","","","031-CR-1308-000","LINESTRING (-86.286107526 37.2578440229, -86.2859606045 37.2577683434, -86.2850860798 37.2572359575, -86.2846766457 37.2569686729, -86.2839774838 37.2565472587, -86.2825456403 37.2556262956, -86.282022243 37.2552757526, -86.2816329801 37.2550394016, -86.2813522868 37.2548981339, -86.2806086423 37.2545939044, -86.2802104321 37.2544512463, -86.2797383139 37.2543065056)"
"District 03","Edmonson","03-80409.00","CR","1308","CR-1308","MINOR WIDENING(O)","3.985","4.415","Minor widening of Blackgold Road to provide secondary access to new Kyrock school (2026CCN)","","2026","2026","R","SPP","250000","2027","","","","031-CR-1308-000","LINESTRING (-86.286107526 37.2578440229, -86.2859606045 37.2577683434, -86.2850860798 37.2572359575, -86.2846766457 37.2569686729, -86.2839774838 37.2565472587, -86.2825456403 37.2556262956, -86.282022243 37.2552757526, -86.2816329801 37.2550394016, -86.2813522868 37.2548981339, -86.2806086423 37.2545939044, -86.2802104321 37.2544512463, -86.2797383139 37.2543065056)"
"District 03","Edmonson","03-80409.00","CR","1308","CR-1308","MINOR WIDENING(O)","3.985","4.415","Minor widening of Blackgold Road to provide secondary access to new Kyrock school (2026CCN)","","2026","2026","C","SPP","500000","2028","","","","031-CR-1308-000","LINESTRING (-86.286107526 37.2578440229, -86.2859606045 37.2577683434, -86.2850860798 37.2572359575, -86.2846766457 37.2569686729, -86.2839774838 37.2565472587, -86.2825456403 37.2556262956, -86.282022243 37.2552757526, -86.2816329801 37.2550394016, -86.2813522868 37.2548981339, -86.2806086423 37.2545939044, -86.2802104321 37.2544512463, -86.2797383139 37.2543065056)"
"District 03","Edmonson","03-80409.00","CR","1308","CR-1308","MINOR WIDENING(O)","3.985","4.415","Minor widening of Blackgold Road to provide secondary access to new Kyrock school (2026CCN)","","2026","2026","U","SPP","600000","2028","","","","031-CR-1308-000","LINESTRING (-86.286107526 37.2578440229, -86.2859606045 37.2577683434, -86.2850860798 37.2572359575, -86.2846766457 37.2569686729, -86.2839774838 37.2565472587, -86.2825456403 37.2556262956, -86.282022243 37.2552757526, -86.2816329801 37.2550394016, -86.2813522868 37.2548981339, -86.2806086423 37.2545939044, -86.2802104321 37.2544512463, -86.2797383139 37.2543065056)"
"District 03","Logan","03-08908.00","KY","2349","KY-2349","BRIDGE REPLACEMENT(P)","0.3","0.5","IMPROVE SAFETY BY IMPROVING SIGHT LINES CROSSING RAILROAD BETWEEN STOCKYARDS AND INDUSTRIAL PARK. (16CCN)(18CCN) (2020CCR)","","2016","2026","R","SPP","120000","2030","","","","071-KY-2349-000","LINESTRING (-86.6170764041 36.8868752513, -86.6175953711 36.8877631151, -86.6176299556 36.8878265766, -86.6176585871 36.8879073852, -86.6176580598 36.8879505091, -86.6176408641 36.8880896128, -86.6176438504 36.8882293884, -86.6175037897 36.8897354879)"
"District 03","Logan","03-08908.00","KY","2349","KY-2349","BRIDGE REPLACEMENT(P)","0.3","0.5","IMPROVE SAFETY BY IMPROVING SIGHT LINES CROSSING RAILROAD BETWEEN STOCKYARDS AND INDUSTRIAL PARK. (16CCN)(18CCN) (2020CCR)","","2016","2026","C","SPP","1000000","2031","","","","071-KY-2349-000","LINESTRING (-86.6170764041 36.8868752513, -86.6175953711 36.8877631151, -86.6176299556 36.8878265766, -86.6176585871 36.8879073852, -86.6176580598 36.8879505091, -86.6176408641 36.8880896128, -86.6176438504 36.8882293884, -86.6175037897 36.8897354879)"
"District 03","Logan","03-08908.00","KY","2349","KY-2349","BRIDGE REPLACEMENT(P)","0.3","0.5","IMPROVE SAFETY BY IMPROVING SIGHT LINES CROSSING RAILROAD BETWEEN STOCKYARDS AND INDUSTRIAL PARK. (16CCN)(18CCN) (2020CCR)","","2016","2026","D","SPP","100000","2029","","","","071-KY-2349-000","LINESTRING (-86.6170764041 36.8868752513, -86.6175953711 36.8877631151, -86.6176299556 36.8878265766, -86.6176585871 36.8879073852, -86.6176580598 36.8879505091, -86.6176408641 36.8880896128, -86.6176438504 36.8882293884, -86.6175037897 36.8897354879)"
"District 03","Logan","03-08908.00","KY","2349","KY-2349","BRIDGE REPLACEMENT(P)","0.3","0.5","IMPROVE SAFETY BY IMPROVING SIGHT LINES CROSSING RAILROAD BETWEEN STOCKYARDS AND INDUSTRIAL PARK. (16CCN)(18CCN) (2020CCR)","","2016","2026","U","SPP","170000","2030","","","","071-KY-2349-000","LINESTRING (-86.6170764041 36.8868752513, -86.6175953711 36.8877631151, -86.6176299556 36.8878265766, -86.6176585871 36.8879073852, -86.6176580598 36.8879505091, -86.6176408641 36.8880896128, -86.6176438504 36.8882293884, -86.6175037897 36.8897354879)"
"District 03","Logan","03-10042.00","US","68","US-68","AM-BRIDGE (P)","1.32","1.388","BRIDGE PROJECT IN LOGAN COUNTY ON (071B00047N) US-68X AT RJC RAILROAD","071B00047N","2022","2026","D","FBP","1262998","2030","","","","071-US-0068X-000","LINESTRING (-86.8962392442 36.8453921688, -86.8962052537 36.84538182, -86.8950900162 36.8450118798)"
"District 03","Logan","03-10042.00","US","68","US-68","AM-BRIDGE (P)","1.32","1.388","BRIDGE PROJECT IN LOGAN COUNTY ON (071B00047N) US-68X AT RJC RAILROAD","071B00047N","2022","2026","C","FBP","8419984","2030","","","","071-US-0068X-000","LINESTRING (-86.8962392442 36.8453921688, -86.8962052537 36.84538182, -86.8950900162 36.8450118798)"
"District 03","Logan","03-10043.00","KY","3201","KY-3201","AM-BRIDGE (P)","0.408","0.422","BRIDGE PROJECT IN LOGAN COUNTY ON (071B00099N) COOPERSTOWN-QUALIT AT MUD RIVER","071B00099N","2022","2026","D","BRX","208307","2032","","","","071-KY-3201-000","LINESTRING (-86.8743920831 36.9570402916, -86.8742761719 36.9571365833, -86.8742094889 36.9571858434)"
"District 03","Logan","03-10043.00","KY","3201","KY-3201","AM-BRIDGE (P)","0.408","0.422","BRIDGE PROJECT IN LOGAN COUNTY ON (071B00099N) COOPERSTOWN-QUALIT AT MUD RIVER","071B00099N","2022","2026","C","BRX","1388711","2032","","","","071-KY-3201-000","LINESTRING (-86.8743920831 36.9570402916, -86.8742761719 36.9571365833, -86.8742094889 36.9571858434)"
"District 03","Logan","03-80050.00","US","79","US-79","MINOR WIDENING","0.0","10.713","WIDEN US-79 FROM TODD COUNTY LINE TO INTERSECTION WITH RUSSELLVILLE BYPASS.(18CCN) (2020CCR) (2022CCR) (2024CCN)","","2018","2026","D","NH","11370000","2026","","","","071-US-0079-000","LINESTRING (-87.0596188612 36.741071892, -87.0576264387 36.7421460601, -87.0562536658 36.742902572, -87.0550262547 36.7436003021, -87.0544469563 36.7439460287, -87.0535138991 36.744517381, -87.0482878421 36.7477607201, -87.0475777873 36.7482067541, -87.0469412004 36.7486187274, -87.0447748954 36.7500423391, -87.0377664576 36.7547448624, -87.0363011367 36.7557029402, -87.0343230533 36.7569188189, -87.0330646507 36.7577256976, -87.0316886518 36.7586841015, -87.0291104236 36.7605679065, -87.0271797201 36.761994629, -87.0261069848 36.7628287747, -87.0224262384 36.7658047997, -87.012228755 36.7740080294, -87.0118673195 36.774300082, -87.0113637044 36.7747054673, -87.0109205805 36.7750536124, -87.0104654664 36.7753996883, -87.0101156892 36.7756548046, -87.006450472 36.7781851934, -87.0062264636 36.7783265991, -87.0060067229 36.7784577946, -87.0057898829 36.778578796, -87.0055752954 36.7786915331, -87.0051518529 36.7788924981, -87.0032914245 36.7796956736, -87.0029844954 36.7798407143, -87.0027346015 36.7799661872, -87.0025217536 36.7800813715, -87.002301277 36.7802100959, -87.0020334239 36.780384925, -87.0015823309 36.7807103233, -86.9976773488 36.7838442528, -86.9972946921 36.7841395092, -86.9970269916 36.7843250367, -86.9965113787 36.784654129, -86.996017991 36.7849236537, -86.9955806232 36.7851532984, -86.9947545955 36.7855645433, -86.994313724 36.7857892764, -86.9939513014 36.7859881732, -86.9934799384 36.7862689869, -86.9927869118 36.7867123001, -86.9883733728 36.7896135017, -86.9878740242 36.7899393613, -86.9859084767 36.7912300755, -86.9854390966 36.7915314342, -86.9849702242 36.7918223482, -86.9842770079 36.7922395203, -86.9770568115 36.7965329782, -86.9768349898 36.7966476608, -86.9765975807 36.7967490486, -86.9763640897 36.796839408, -86.9761228619 36.7969161159, -86.9758762953 36.7969796962, -86.974875396 36.7971954383, -86.9746304769 36.7972554275, -86.9743911383 36.7973224992, -86.9741580884 36.7973982921, -86.9739320323 36.7974841744, -86.9737136417 36.7975793128, -86.9735022217 36.7976831675, -86.9731980167 36.7978566645, -86.9729069885 36.7980423816, -86.9693313296 36.800426442, -86.9690262987 36.8006133956, -86.9687122264 36.8007905546, -86.9685002334 36.8009020963, -86.9680728903 36.80110791, -86.9678606143 36.8012021493, -86.9676485727 36.8012897942, -86.9672269571 36.8014488521, -86.9670180695 36.8015205319, -86.9667068005 36.80161828, -86.9664994413 36.8016789564, -86.966183505 36.8017627443, -86.9578524607 36.8036886151, -86.9564940778 36.8040056971, -86.9548074922 36.8043893428, -86.9543331608 36.8045013842, -86.9539345576 36.8046074192, -86.9536935696 36.8046807822, -86.9535288097 36.8047365995, -86.9531967546 36.8048606185, -86.9528643594 36.8050060643, -86.9525817421 36.8051460494, -86.9522388445 36.8053396677, -86.9520099206 36.8054840388, -86.9517801992 36.8056426997, -86.9514287068 36.8058971046, -86.9433380394 36.8118638159, -86.9425019421 36.8124728182, -86.9420890958 36.812761059, -86.9414630162 36.8131737111, -86.9409765808 36.8134747881, -86.9406262705 36.8136791603, -86.9404386772 36.8137832576, -86.9399861864 36.8140282264, -86.9395443308 36.8142546821, -86.939089748 36.8144757731, -86.9387831577 36.8146156943, -86.9384736369 36.8147432859, -86.9382358544 36.8148278438, -86.937909788 36.8149245668, -86.9376885909 36.8149779178, -86.9374120793 36.8150329324, -86.9369984122 36.8150986876, -86.9332486768 36.8156437256, -86.9328895438 36.8157020436, -86.9326229267 36.815756672, -86.9323646749 36.8158219253, -86.9321128005 36.8159016705, -86.9318613743 36.8159882772, -86.9316221192 36.8160884924, -86.9313888209 36.8161982596, -86.9311635207 36.8163170093, -86.9309912333 36.8164181896, -86.9308025511 36.8165412347, -86.9306207396 36.8166666812, -86.9304159941 36.816832736, -86.9302489059 36.8169822029, -86.9301154757 36.8171214395, -86.9299576641 36.8172960795, -86.9298131802 36.8174711338, -86.929671615 36.8176796673, -86.9295129736 36.8179320435, -86.9283395221 36.8200420946, -86.9282148757 36.8202408412, -86.9280771973 36.8204147257, -86.927931143 36.8205774338, -86.9278437133 36.8206662122, -86.92771231 36.8207829027, -86.9275928453 36.8208766757, -86.9274678493 36.8209663847, -86.9273376267 36.821049554, -86.927134405 36.8211614799, -86.9269223833 36.8212570145, -86.9268497082 36.8212846676, -86.9267022649 36.8213372493, -86.926476443 36.8214024365, -86.9262459222 36.8214511902, -86.9260100578 36.8214859895, -86.9257701945 36.8215054488, -86.9256096958 36.8215098211, -86.9254484104 36.8215076096, -86.9252880587 36.8214996202, -86.9250570765 36.8214753165, -86.9248375096 36.8214382629, -86.9246300986 36.8213920219, -86.9244307507 36.8213371841, -86.9242013651 36.8212620503, -86.923378211 36.8209676992, -86.9229771502 36.8208374437, -86.9227692369 36.8207807676, -86.9225532677 36.8207332358, -86.9223303222 36.8206984089, -86.9221377028 36.8206803043, -86.9219232349 36.8206632437, -86.9216957333 36.820664716, -86.9214254835 36.8206852967, -86.9212073087 36.8207152394, -86.9210098125 36.8207567829, -86.9207734239 36.8208237135, -86.9205505116 36.8209003936, -86.9203600312 36.820975649, -86.9201089128 36.8210839248, -86.9198002578 36.8212268385, -86.9189236773 36.8216682596, -86.9185689851 36.8218607976, -86.9125802016 36.825436311, -86.9122066987 36.8256737867, -86.9117721206 36.8259607624, -86.9113989144 36.8262177337, -86.9109794871 36.8265347674, -86.910691217 36.8267612239, -86.9103575167 36.8270326281, -86.9096499794 36.8276315911, -86.9092233284 36.827990714, -86.9085691852 36.8285306347, -86.9084369613 36.8286412685, -86.9069930198 36.8298553847)"
"District 03","Logan","03-80314.00","US","431","US-431","SAFETY(P)","4.09","4.29","IMPROVE SAFETY AT THE INTERSECTION OF US 431 AND KY 663. (2024CCN)","","2024","2026","C","SPP","930000","2031","","","","071-US-0431-000","LINESTRING (-86.8616898256 36.701546857, -86.8616429937 36.7023364096, -86.8615553639 36.7039294122, -86.8615302277 36.7044373137)"
"District 03","Logan","03-80314.00","US","431","US-431","SAFETY(P)","4.09","4.29","IMPROVE SAFETY AT THE INTERSECTION OF US 431 AND KY 663. (2024CCN)","","2024","2026","R","SPP","200000","2030","","","","071-US-0431-000","LINESTRING (-86.8616898256 36.701546857, -86.8616429937 36.7023364096, -86.8615553639 36.7039294122, -86.8615302277 36.7044373137)"
"District 03","Logan","03-80314.00","US","431","US-431","SAFETY(P)","4.09","4.29","IMPROVE SAFETY AT THE INTERSECTION OF US 431 AND KY 663. (2024CCN)","","2024","2026","D","SPP","400000","2029","","","","071-US-0431-000","LINESTRING (-86.8616898256 36.701546857, -86.8616429937 36.7023364096, -86.8615553639 36.7039294122, -86.8615302277 36.7044373137)"
"District 03","Logan","03-80314.00","US","431","US-431","SAFETY(P)","4.09","4.29","IMPROVE SAFETY AT THE INTERSECTION OF US 431 AND KY 663. (2024CCN)","","2024","2026","U","SPP","250000","2030","","","","071-US-0431-000","LINESTRING (-86.8616898256 36.701546857, -86.8616429937 36.7023364096, -86.8615553639 36.7039294122, -86.8615302277 36.7044373137)"
"District 03","Logan","03-80414.00","US","79","US-79","MINOR WIDENING(O)","0.0","10.7","Widen US 79 from Todd County line to Russellville Bypass. (Estimates based on preliminary engineering. Design funds allocated under Logan Co. Item No. 03-80050) (2026CCN)","","2026","2026","R","NH","7800000","2027","","","","071-US-0079-000","LINESTRING (-87.0596188612 36.741071892, -87.0576264387 36.7421460601, -87.0562536658 36.742902572, -87.0550262547 36.7436003021, -87.0544469563 36.7439460287, -87.0535138991 36.744517381, -87.0482878421 36.7477607201, -87.0475777873 36.7482067541, -87.0469412004 36.7486187274, -87.0447748954 36.7500423391, -87.0377664576 36.7547448624, -87.0363011367 36.7557029402, -87.0343230533 36.7569188189, -87.0330646507 36.7577256976, -87.0316886518 36.7586841015, -87.0291104236 36.7605679065, -87.0271797201 36.761994629, -87.0261069848 36.7628287747, -87.0224262384 36.7658047997, -87.012228755 36.7740080294, -87.0118673195 36.774300082, -87.0113637044 36.7747054673, -87.0109205805 36.7750536124, -87.0104654664 36.7753996883, -87.0101156892 36.7756548046, -87.006450472 36.7781851934, -87.0062264636 36.7783265991, -87.0060067229 36.7784577946, -87.0057898829 36.778578796, -87.0055752954 36.7786915331, -87.0051518529 36.7788924981, -87.0032914245 36.7796956736, -87.0029844954 36.7798407143, -87.0027346015 36.7799661872, -87.0025217536 36.7800813715, -87.002301277 36.7802100959, -87.0020334239 36.780384925, -87.0015823309 36.7807103233, -86.9976773488 36.7838442528, -86.9972946921 36.7841395092, -86.9970269916 36.7843250367, -86.9965113787 36.784654129, -86.996017991 36.7849236537, -86.9955806232 36.7851532984, -86.9947545955 36.7855645433, -86.994313724 36.7857892764, -86.9939513014 36.7859881732, -86.9934799384 36.7862689869, -86.9927869118 36.7867123001, -86.9883733728 36.7896135017, -86.9878740242 36.7899393613, -86.9859084767 36.7912300755, -86.9854390966 36.7915314342, -86.9849702242 36.7918223482, -86.9842770079 36.7922395203, -86.9770568115 36.7965329782, -86.9768349898 36.7966476608, -86.9765975807 36.7967490486, -86.9763640897 36.796839408, -86.9761228619 36.7969161159, -86.9758762953 36.7969796962, -86.974875396 36.7971954383, -86.9746304769 36.7972554275, -86.9743911383 36.7973224992, -86.9741580884 36.7973982921, -86.9739320323 36.7974841744, -86.9737136417 36.7975793128, -86.9735022217 36.7976831675, -86.9731980167 36.7978566645, -86.9729069885 36.7980423816, -86.9693313296 36.800426442, -86.9690262987 36.8006133956, -86.9687122264 36.8007905546, -86.9685002334 36.8009020963, -86.9680728903 36.80110791, -86.9678606143 36.8012021493, -86.9676485727 36.8012897942, -86.9672269571 36.8014488521, -86.9670180695 36.8015205319, -86.9667068005 36.80161828, -86.9664994413 36.8016789564, -86.966183505 36.8017627443, -86.9578524607 36.8036886151, -86.9564940778 36.8040056971, -86.9548074922 36.8043893428, -86.9543331608 36.8045013842, -86.9539345576 36.8046074192, -86.9536935696 36.8046807822, -86.9535288097 36.8047365995, -86.9531967546 36.8048606185, -86.9528643594 36.8050060643, -86.9525817421 36.8051460494, -86.9522388445 36.8053396677, -86.9520099206 36.8054840388, -86.9517801992 36.8056426997, -86.9514287068 36.8058971046, -86.9433380394 36.8118638159, -86.9425019421 36.8124728182, -86.9420890958 36.812761059, -86.9414630162 36.8131737111, -86.9409765808 36.8134747881, -86.9406262705 36.8136791603, -86.9404386772 36.8137832576, -86.9399861864 36.8140282264, -86.9395443308 36.8142546821, -86.939089748 36.8144757731, -86.9387831577 36.8146156943, -86.9384736369 36.8147432859, -86.9382358544 36.8148278438, -86.937909788 36.8149245668, -86.9376885909 36.8149779178, -86.9374120793 36.8150329324, -86.9369984122 36.8150986876, -86.9332486768 36.8156437256, -86.9328895438 36.8157020436, -86.9326229267 36.815756672, -86.9323646749 36.8158219253, -86.9321128005 36.8159016705, -86.9318613743 36.8159882772, -86.9316221192 36.8160884924, -86.9313888209 36.8161982596, -86.9311635207 36.8163170093, -86.9309912333 36.8164181896, -86.9308025511 36.8165412347, -86.9306207396 36.8166666812, -86.9304159941 36.816832736, -86.9302489059 36.8169822029, -86.9301154757 36.8171214395, -86.9299576641 36.8172960795, -86.9298131802 36.8174711338, -86.929671615 36.8176796673, -86.9295129736 36.8179320435, -86.9283395221 36.8200420946, -86.9282148757 36.8202408412, -86.9280771973 36.8204147257, -86.927931143 36.8205774338, -86.9278437133 36.8206662122, -86.92771231 36.8207829027, -86.9275928453 36.8208766757, -86.9274678493 36.8209663847, -86.9273376267 36.821049554, -86.927134405 36.8211614799, -86.9269223833 36.8212570145, -86.9268497082 36.8212846676, -86.9267022649 36.8213372493, -86.926476443 36.8214024365, -86.9262459222 36.8214511902, -86.9260100578 36.8214859895, -86.9257701945 36.8215054488, -86.9256096958 36.8215098211, -86.9254484104 36.8215076096, -86.9252880587 36.8214996202, -86.9250570765 36.8214753165, -86.9248375096 36.8214382629, -86.9246300986 36.8213920219, -86.9244307507 36.8213371841, -86.9242013651 36.8212620503, -86.923378211 36.8209676992, -86.9229771502 36.8208374437, -86.9227692369 36.8207807676, -86.9225532677 36.8207332358, -86.9223303222 36.8206984089, -86.9221377028 36.8206803043, -86.9219232349 36.8206632437, -86.9216957333 36.820664716, -86.9214254835 36.8206852967, -86.9212073087 36.8207152394, -86.9210098125 36.8207567829, -86.9207734239 36.8208237135, -86.9205505116 36.8209003936, -86.9203600312 36.820975649, -86.9201089128 36.8210839248, -86.9198002578 36.8212268385, -86.9189236773 36.8216682596, -86.9185689851 36.8218607976, -86.9125802016 36.825436311, -86.9122066987 36.8256737867, -86.9117721206 36.8259607624, -86.9113989144 36.8262177337, -86.9109794871 36.8265347674, -86.910691217 36.8267612239, -86.9103575167 36.8270326281, -86.9096499794 36.8276315911, -86.9092233284 36.827990714, -86.9085691852 36.8285306347, -86.9084369613 36.8286412685, -86.9071468847 36.8297260125)"
"District 03","Logan","03-80414.00","US","79","US-79","MINOR WIDENING(O)","0.0","10.7","Widen US 79 from Todd County line to Russellville Bypass. (Estimates based on preliminary engineering. Design funds allocated under Logan Co. Item No. 03-80050) (2026CCN)","","2026","2026","C","NH","35600000","2030","","","","071-US-0079-000","LINESTRING (-87.0596188612 36.741071892, -87.0576264387 36.7421460601, -87.0562536658 36.742902572, -87.0550262547 36.7436003021, -87.0544469563 36.7439460287, -87.0535138991 36.744517381, -87.0482878421 36.7477607201, -87.0475777873 36.7482067541, -87.0469412004 36.7486187274, -87.0447748954 36.7500423391, -87.0377664576 36.7547448624, -87.0363011367 36.7557029402, -87.0343230533 36.7569188189, -87.0330646507 36.7577256976, -87.0316886518 36.7586841015, -87.0291104236 36.7605679065, -87.0271797201 36.761994629, -87.0261069848 36.7628287747, -87.0224262384 36.7658047997, -87.012228755 36.7740080294, -87.0118673195 36.774300082, -87.0113637044 36.7747054673, -87.0109205805 36.7750536124, -87.0104654664 36.7753996883, -87.0101156892 36.7756548046, -87.006450472 36.7781851934, -87.0062264636 36.7783265991, -87.0060067229 36.7784577946, -87.0057898829 36.778578796, -87.0055752954 36.7786915331, -87.0051518529 36.7788924981, -87.0032914245 36.7796956736, -87.0029844954 36.7798407143, -87.0027346015 36.7799661872, -87.0025217536 36.7800813715, -87.002301277 36.7802100959, -87.0020334239 36.780384925, -87.0015823309 36.7807103233, -86.9976773488 36.7838442528, -86.9972946921 36.7841395092, -86.9970269916 36.7843250367, -86.9965113787 36.784654129, -86.996017991 36.7849236537, -86.9955806232 36.7851532984, -86.9947545955 36.7855645433, -86.994313724 36.7857892764, -86.9939513014 36.7859881732, -86.9934799384 36.7862689869, -86.9927869118 36.7867123001, -86.9883733728 36.7896135017, -86.9878740242 36.7899393613, -86.9859084767 36.7912300755, -86.9854390966 36.7915314342, -86.9849702242 36.7918223482, -86.9842770079 36.7922395203, -86.9770568115 36.7965329782, -86.9768349898 36.7966476608, -86.9765975807 36.7967490486, -86.9763640897 36.796839408, -86.9761228619 36.7969161159, -86.9758762953 36.7969796962, -86.974875396 36.7971954383, -86.9746304769 36.7972554275, -86.9743911383 36.7973224992, -86.9741580884 36.7973982921, -86.9739320323 36.7974841744, -86.9737136417 36.7975793128, -86.9735022217 36.7976831675, -86.9731980167 36.7978566645, -86.9729069885 36.7980423816, -86.9693313296 36.800426442, -86.9690262987 36.8006133956, -86.9687122264 36.8007905546, -86.9685002334 36.8009020963, -86.9680728903 36.80110791, -86.9678606143 36.8012021493, -86.9676485727 36.8012897942, -86.9672269571 36.8014488521, -86.9670180695 36.8015205319, -86.9667068005 36.80161828, -86.9664994413 36.8016789564, -86.966183505 36.8017627443, -86.9578524607 36.8036886151, -86.9564940778 36.8040056971, -86.9548074922 36.8043893428, -86.9543331608 36.8045013842, -86.9539345576 36.8046074192, -86.9536935696 36.8046807822, -86.9535288097 36.8047365995, -86.9531967546 36.8048606185, -86.9528643594 36.8050060643, -86.9525817421 36.8051460494, -86.9522388445 36.8053396677, -86.9520099206 36.8054840388, -86.9517801992 36.8056426997, -86.9514287068 36.8058971046, -86.9433380394 36.8118638159, -86.9425019421 36.8124728182, -86.9420890958 36.812761059, -86.9414630162 36.8131737111, -86.9409765808 36.8134747881, -86.9406262705 36.8136791603, -86.9404386772 36.8137832576, -86.9399861864 36.8140282264, -86.9395443308 36.8142546821, -86.939089748 36.8144757731, -86.9387831577 36.8146156943, -86.9384736369 36.8147432859, -86.9382358544 36.8148278438, -86.937909788 36.8149245668, -86.9376885909 36.8149779178, -86.9374120793 36.8150329324, -86.9369984122 36.8150986876, -86.9332486768 36.8156437256, -86.9328895438 36.8157020436, -86.9326229267 36.815756672, -86.9323646749 36.8158219253, -86.9321128005 36.8159016705, -86.9318613743 36.8159882772, -86.9316221192 36.8160884924, -86.9313888209 36.8161982596, -86.9311635207 36.8163170093, -86.9309912333 36.8164181896, -86.9308025511 36.8165412347, -86.9306207396 36.8166666812, -86.9304159941 36.816832736, -86.9302489059 36.8169822029, -86.9301154757 36.8171214395, -86.9299576641 36.8172960795, -86.9298131802 36.8174711338, -86.929671615 36.8176796673, -86.9295129736 36.8179320435, -86.9283395221 36.8200420946, -86.9282148757 36.8202408412, -86.9280771973 36.8204147257, -86.927931143 36.8205774338, -86.9278437133 36.8206662122, -86.92771231 36.8207829027, -86.9275928453 36.8208766757, -86.9274678493 36.8209663847, -86.9273376267 36.821049554, -86.927134405 36.8211614799, -86.9269223833 36.8212570145, -86.9268497082 36.8212846676, -86.9267022649 36.8213372493, -86.926476443 36.8214024365, -86.9262459222 36.8214511902, -86.9260100578 36.8214859895, -86.9257701945 36.8215054488, -86.9256096958 36.8215098211, -86.9254484104 36.8215076096, -86.9252880587 36.8214996202, -86.9250570765 36.8214753165, -86.9248375096 36.8214382629, -86.9246300986 36.8213920219, -86.9244307507 36.8213371841, -86.9242013651 36.8212620503, -86.923378211 36.8209676992, -86.9229771502 36.8208374437, -86.9227692369 36.8207807676, -86.9225532677 36.8207332358, -86.9223303222 36.8206984089, -86.9221377028 36.8206803043, -86.9219232349 36.8206632437, -86.9216957333 36.820664716, -86.9214254835 36.8206852967, -86.9212073087 36.8207152394, -86.9210098125 36.8207567829, -86.9207734239 36.8208237135, -86.9205505116 36.8209003936, -86.9203600312 36.820975649, -86.9201089128 36.8210839248, -86.9198002578 36.8212268385, -86.9189236773 36.8216682596, -86.9185689851 36.8218607976, -86.9125802016 36.825436311, -86.9122066987 36.8256737867, -86.9117721206 36.8259607624, -86.9113989144 36.8262177337, -86.9109794871 36.8265347674, -86.910691217 36.8267612239, -86.9103575167 36.8270326281, -86.9096499794 36.8276315911, -86.9092233284 36.827990714, -86.9085691852 36.8285306347, -86.9084369613 36.8286412685, -86.9071468847 36.8297260125)"
"District 03","Logan","03-80414.00","US","79","US-79","MINOR WIDENING(O)","0.0","10.7","Widen US 79 from Todd County line to Russellville Bypass. (Estimates based on preliminary engineering. Design funds allocated under Logan Co. Item No. 03-80050) (2026CCN)","","2026","2026","U","NH","12600000","2029","","","","071-US-0079-000","LINESTRING (-87.0596188612 36.741071892, -87.0576264387 36.7421460601, -87.0562536658 36.742902572, -87.0550262547 36.7436003021, -87.0544469563 36.7439460287, -87.0535138991 36.744517381, -87.0482878421 36.7477607201, -87.0475777873 36.7482067541, -87.0469412004 36.7486187274, -87.0447748954 36.7500423391, -87.0377664576 36.7547448624, -87.0363011367 36.7557029402, -87.0343230533 36.7569188189, -87.0330646507 36.7577256976, -87.0316886518 36.7586841015, -87.0291104236 36.7605679065, -87.0271797201 36.761994629, -87.0261069848 36.7628287747, -87.0224262384 36.7658047997, -87.012228755 36.7740080294, -87.0118673195 36.774300082, -87.0113637044 36.7747054673, -87.0109205805 36.7750536124, -87.0104654664 36.7753996883, -87.0101156892 36.7756548046, -87.006450472 36.7781851934, -87.0062264636 36.7783265991, -87.0060067229 36.7784577946, -87.0057898829 36.778578796, -87.0055752954 36.7786915331, -87.0051518529 36.7788924981, -87.0032914245 36.7796956736, -87.0029844954 36.7798407143, -87.0027346015 36.7799661872, -87.0025217536 36.7800813715, -87.002301277 36.7802100959, -87.0020334239 36.780384925, -87.0015823309 36.7807103233, -86.9976773488 36.7838442528, -86.9972946921 36.7841395092, -86.9970269916 36.7843250367, -86.9965113787 36.784654129, -86.996017991 36.7849236537, -86.9955806232 36.7851532984, -86.9947545955 36.7855645433, -86.994313724 36.7857892764, -86.9939513014 36.7859881732, -86.9934799384 36.7862689869, -86.9927869118 36.7867123001, -86.9883733728 36.7896135017, -86.9878740242 36.7899393613, -86.9859084767 36.7912300755, -86.9854390966 36.7915314342, -86.9849702242 36.7918223482, -86.9842770079 36.7922395203, -86.9770568115 36.7965329782, -86.9768349898 36.7966476608, -86.9765975807 36.7967490486, -86.9763640897 36.796839408, -86.9761228619 36.7969161159, -86.9758762953 36.7969796962, -86.974875396 36.7971954383, -86.9746304769 36.7972554275, -86.9743911383 36.7973224992, -86.9741580884 36.7973982921, -86.9739320323 36.7974841744, -86.9737136417 36.7975793128, -86.9735022217 36.7976831675, -86.9731980167 36.7978566645, -86.9729069885 36.7980423816, -86.9693313296 36.800426442, -86.9690262987 36.8006133956, -86.9687122264 36.8007905546, -86.9685002334 36.8009020963, -86.9680728903 36.80110791, -86.9678606143 36.8012021493, -86.9676485727 36.8012897942, -86.9672269571 36.8014488521, -86.9670180695 36.8015205319, -86.9667068005 36.80161828, -86.9664994413 36.8016789564, -86.966183505 36.8017627443, -86.9578524607 36.8036886151, -86.9564940778 36.8040056971, -86.9548074922 36.8043893428, -86.9543331608 36.8045013842, -86.9539345576 36.8046074192, -86.9536935696 36.8046807822, -86.9535288097 36.8047365995, -86.9531967546 36.8048606185, -86.9528643594 36.8050060643, -86.9525817421 36.8051460494, -86.9522388445 36.8053396677, -86.9520099206 36.8054840388, -86.9517801992 36.8056426997, -86.9514287068 36.8058971046, -86.9433380394 36.8118638159, -86.9425019421 36.8124728182, -86.9420890958 36.812761059, -86.9414630162 36.8131737111, -86.9409765808 36.8134747881, -86.9406262705 36.8136791603, -86.9404386772 36.8137832576, -86.9399861864 36.8140282264, -86.9395443308 36.8142546821, -86.939089748 36.8144757731, -86.9387831577 36.8146156943, -86.9384736369 36.8147432859, -86.9382358544 36.8148278438, -86.937909788 36.8149245668, -86.9376885909 36.8149779178, -86.9374120793 36.8150329324, -86.9369984122 36.8150986876, -86.9332486768 36.8156437256, -86.9328895438 36.8157020436, -86.9326229267 36.815756672, -86.9323646749 36.8158219253, -86.9321128005 36.8159016705, -86.9318613743 36.8159882772, -86.9316221192 36.8160884924, -86.9313888209 36.8161982596, -86.9311635207 36.8163170093, -86.9309912333 36.8164181896, -86.9308025511 36.8165412347, -86.9306207396 36.8166666812, -86.9304159941 36.816832736, -86.9302489059 36.8169822029, -86.9301154757 36.8171214395, -86.9299576641 36.8172960795, -86.9298131802 36.8174711338, -86.929671615 36.8176796673, -86.9295129736 36.8179320435, -86.9283395221 36.8200420946, -86.9282148757 36.8202408412, -86.9280771973 36.8204147257, -86.927931143 36.8205774338, -86.9278437133 36.8206662122, -86.92771231 36.8207829027, -86.9275928453 36.8208766757, -86.9274678493 36.8209663847, -86.9273376267 36.821049554, -86.927134405 36.8211614799, -86.9269223833 36.8212570145, -86.9268497082 36.8212846676, -86.9267022649 36.8213372493, -86.926476443 36.8214024365, -86.9262459222 36.8214511902, -86.9260100578 36.8214859895, -86.9257701945 36.8215054488, -86.9256096958 36.8215098211, -86.9254484104 36.8215076096, -86.9252880587 36.8214996202, -86.9250570765 36.8214753165, -86.9248375096 36.8214382629, -86.9246300986 36.8213920219, -86.9244307507 36.8213371841, -86.9242013651 36.8212620503, -86.923378211 36.8209676992, -86.9229771502 36.8208374437, -86.9227692369 36.8207807676, -86.9225532677 36.8207332358, -86.9223303222 36.8206984089, -86.9221377028 36.8206803043, -86.9219232349 36.8206632437, -86.9216957333 36.820664716, -86.9214254835 36.8206852967, -86.9212073087 36.8207152394, -86.9210098125 36.8207567829, -86.9207734239 36.8208237135, -86.9205505116 36.8209003936, -86.9203600312 36.820975649, -86.9201089128 36.8210839248, -86.9198002578 36.8212268385, -86.9189236773 36.8216682596, -86.9185689851 36.8218607976, -86.9125802016 36.825436311, -86.9122066987 36.8256737867, -86.9117721206 36.8259607624, -86.9113989144 36.8262177337, -86.9109794871 36.8265347674, -86.910691217 36.8267612239, -86.9103575167 36.8270326281, -86.9096499794 36.8276315911, -86.9092233284 36.827990714, -86.9085691852 36.8285306347, -86.9084369613 36.8286412685, -86.9071468847 36.8297260125)"
"District 03","Logan","03-80415.00","US","68","US-68","SAFETY(P)","12.27","12.47","Improve safety at the US 68/US 431, US 68/Newtown Road, and US 68/KY 79 intersections. (MP 12.265 - 12.465) (2026CCN)","","2026","2026","D","SPP","500000","2027","","","","071-US-0068-000","LINESTRING (-86.8700661241 36.8656141177, -86.8696779623 36.8655661369, -86.8693843991 36.8655250203, -86.8690914212 36.8654773065, -86.8687999814 36.865418041, -86.8685087148 36.8653475122, -86.8683422223 36.8653002263, -86.8682213868 36.8652659589, -86.8679420982 36.8651733406, -86.8676701784 36.8650704878, -86.8674046168 36.8649585107, -86.8671457698 36.8648382275, -86.8668939663 36.864708812, -86.8667367003 36.8646193311)"
"District 03","Logan","03-80415.00","US","68","US-68","SAFETY(P)","12.27","12.47","Improve safety at the US 68/US 431, US 68/Newtown Road, and US 68/KY 79 intersections. (MP 12.265 - 12.465) (2026CCN)","","2026","2026","C","SPP","4000000","2029","","","","071-US-0068-000","LINESTRING (-86.8700661241 36.8656141177, -86.8696779623 36.8655661369, -86.8693843991 36.8655250203, -86.8690914212 36.8654773065, -86.8687999814 36.865418041, -86.8685087148 36.8653475122, -86.8683422223 36.8653002263, -86.8682213868 36.8652659589, -86.8679420982 36.8651733406, -86.8676701784 36.8650704878, -86.8674046168 36.8649585107, -86.8671457698 36.8648382275, -86.8668939663 36.864708812, -86.8667367003 36.8646193311)"
"District 03","Metcalfe","03-00112.10","KY","90","KY-90","SPOT IMPROVEMENTS(O)","1.1","3.3","SUMMER SHADE BYPASS. (06CCR)(2006BOPC)(08CCR)(12CCR)(14CCR) (2024CCN)","","2008","2026","R","SPP","5180000","2029","","","","085-KY-0090-000","LINESTRING (-85.7245376311 36.8923752419, -85.7222744456 36.8912104914, -85.7220987304 36.8911187194, -85.7202592233 36.8901583916, -85.7195799735 36.8898083227, -85.7191232644 36.8895835456, -85.7187137256 36.8894005252, -85.718292556 36.8892326052, -85.7178577056 36.8890828056, -85.7173493481 36.8889266681, -85.71636408 36.8886451544, -85.7156099214 36.8884301641, -85.7115281033 36.8872660528, -85.7105637274 36.8869990533, -85.7096393626 36.8867298618, -85.7093638338 36.8866473737, -85.7088903871 36.8864857178, -85.7086217062 36.8863883989, -85.7083263683 36.8862707474, -85.7079636998 36.886113522, -85.707448247 36.8858798888, -85.7060847841 36.8852422144, -85.7052012276 36.8848307386, -85.7049999097 36.88473536, -85.7042903371 36.8844082609, -85.7040510681 36.8843161617, -85.703804955 36.8842366923, -85.7035195189 36.8841659956, -85.7033359516 36.8841203324, -85.7030857205 36.8840672254, -85.7028368541 36.8840207105, -85.7025377257 36.883978568, -85.7011870137 36.8838288779, -85.7010335154 36.8838120611, -85.7008512975 36.8837988008, -85.7007128333 36.8837959957, -85.7005572717 36.8837992259, -85.7003285321 36.8838213742, -85.7001069627 36.8838600037, -85.6998067304 36.8839389707, -85.6987028774 36.8842751989, -85.6982959479 36.8843892692, -85.6980613684 36.8844479375, -85.6978852671 36.884486583, -85.6975843676 36.8845353335, -85.6974257184 36.884550093, -85.6972462195 36.8845577013, -85.6970998893 36.884557086, -85.6968598929 36.8845391237, -85.6966236712 36.8845019391, -85.696394985 36.8844452578, -85.6961728092 36.8843699036, -85.6960316496 36.8843110652, -85.6958918651 36.8842437131, -85.6957578978 36.8841681238, -85.6955713182 36.8840403284, -85.695475305 36.8839603628, -85.695399451 36.8838971599, -85.6952422962 36.8837405408, -85.6951005356 36.8835723935, -85.6949714306 36.8833957379, -85.6946008893 36.8828443571, -85.6944700824 36.8826627568, -85.6942880184 36.8824462525, -85.6941674236 36.8823248032, -85.6940953314 36.8822643475, -85.6939887303 36.8821764113, -85.6939077455 36.8821211691, -85.6937915639 36.8820433892, -85.6936835743 36.8819834657, -85.6935776321 36.8819279365, -85.6934631403 36.8818770723, -85.6933500121 36.8818314267, -85.6931114388 36.8817530375, -85.6928649878 36.8816946923, -85.6926069013 36.881651996, -85.6923423098 36.8816208308, -85.689990011 36.881400201, -85.6896892757 36.8813726365)"
"District 03","Metcalfe","03-00112.10","KY","90","KY-90","SPOT IMPROVEMENTS(O)","1.1","3.3","SUMMER SHADE BYPASS. (06CCR)(2006BOPC)(08CCR)(12CCR)(14CCR) (2024CCN)","","2008","2026","U","SPP","4900000","2029","","","","085-KY-0090-000","LINESTRING (-85.7245376311 36.8923752419, -85.7222744456 36.8912104914, -85.7220987304 36.8911187194, -85.7202592233 36.8901583916, -85.7195799735 36.8898083227, -85.7191232644 36.8895835456, -85.7187137256 36.8894005252, -85.718292556 36.8892326052, -85.7178577056 36.8890828056, -85.7173493481 36.8889266681, -85.71636408 36.8886451544, -85.7156099214 36.8884301641, -85.7115281033 36.8872660528, -85.7105637274 36.8869990533, -85.7096393626 36.8867298618, -85.7093638338 36.8866473737, -85.7088903871 36.8864857178, -85.7086217062 36.8863883989, -85.7083263683 36.8862707474, -85.7079636998 36.886113522, -85.707448247 36.8858798888, -85.7060847841 36.8852422144, -85.7052012276 36.8848307386, -85.7049999097 36.88473536, -85.7042903371 36.8844082609, -85.7040510681 36.8843161617, -85.703804955 36.8842366923, -85.7035195189 36.8841659956, -85.7033359516 36.8841203324, -85.7030857205 36.8840672254, -85.7028368541 36.8840207105, -85.7025377257 36.883978568, -85.7011870137 36.8838288779, -85.7010335154 36.8838120611, -85.7008512975 36.8837988008, -85.7007128333 36.8837959957, -85.7005572717 36.8837992259, -85.7003285321 36.8838213742, -85.7001069627 36.8838600037, -85.6998067304 36.8839389707, -85.6987028774 36.8842751989, -85.6982959479 36.8843892692, -85.6980613684 36.8844479375, -85.6978852671 36.884486583, -85.6975843676 36.8845353335, -85.6974257184 36.884550093, -85.6972462195 36.8845577013, -85.6970998893 36.884557086, -85.6968598929 36.8845391237, -85.6966236712 36.8845019391, -85.696394985 36.8844452578, -85.6961728092 36.8843699036, -85.6960316496 36.8843110652, -85.6958918651 36.8842437131, -85.6957578978 36.8841681238, -85.6955713182 36.8840403284, -85.695475305 36.8839603628, -85.695399451 36.8838971599, -85.6952422962 36.8837405408, -85.6951005356 36.8835723935, -85.6949714306 36.8833957379, -85.6946008893 36.8828443571, -85.6944700824 36.8826627568, -85.6942880184 36.8824462525, -85.6941674236 36.8823248032, -85.6940953314 36.8822643475, -85.6939887303 36.8821764113, -85.6939077455 36.8821211691, -85.6937915639 36.8820433892, -85.6936835743 36.8819834657, -85.6935776321 36.8819279365, -85.6934631403 36.8818770723, -85.6933500121 36.8818314267, -85.6931114388 36.8817530375, -85.6928649878 36.8816946923, -85.6926069013 36.881651996, -85.6923423098 36.8816208308, -85.689990011 36.881400201, -85.6896892757 36.8813726365)"
"District 03","Metcalfe","03-00112.10","KY","90","KY-90","SPOT IMPROVEMENTS(O)","1.1","3.3","SUMMER SHADE BYPASS. (06CCR)(2006BOPC)(08CCR)(12CCR)(14CCR) (2024CCN)","","2008","2026","C","SPP","20720000","2032","","","","085-KY-0090-000","LINESTRING (-85.7245376311 36.8923752419, -85.7222744456 36.8912104914, -85.7220987304 36.8911187194, -85.7202592233 36.8901583916, -85.7195799735 36.8898083227, -85.7191232644 36.8895835456, -85.7187137256 36.8894005252, -85.718292556 36.8892326052, -85.7178577056 36.8890828056, -85.7173493481 36.8889266681, -85.71636408 36.8886451544, -85.7156099214 36.8884301641, -85.7115281033 36.8872660528, -85.7105637274 36.8869990533, -85.7096393626 36.8867298618, -85.7093638338 36.8866473737, -85.7088903871 36.8864857178, -85.7086217062 36.8863883989, -85.7083263683 36.8862707474, -85.7079636998 36.886113522, -85.707448247 36.8858798888, -85.7060847841 36.8852422144, -85.7052012276 36.8848307386, -85.7049999097 36.88473536, -85.7042903371 36.8844082609, -85.7040510681 36.8843161617, -85.703804955 36.8842366923, -85.7035195189 36.8841659956, -85.7033359516 36.8841203324, -85.7030857205 36.8840672254, -85.7028368541 36.8840207105, -85.7025377257 36.883978568, -85.7011870137 36.8838288779, -85.7010335154 36.8838120611, -85.7008512975 36.8837988008, -85.7007128333 36.8837959957, -85.7005572717 36.8837992259, -85.7003285321 36.8838213742, -85.7001069627 36.8838600037, -85.6998067304 36.8839389707, -85.6987028774 36.8842751989, -85.6982959479 36.8843892692, -85.6980613684 36.8844479375, -85.6978852671 36.884486583, -85.6975843676 36.8845353335, -85.6974257184 36.884550093, -85.6972462195 36.8845577013, -85.6970998893 36.884557086, -85.6968598929 36.8845391237, -85.6966236712 36.8845019391, -85.696394985 36.8844452578, -85.6961728092 36.8843699036, -85.6960316496 36.8843110652, -85.6958918651 36.8842437131, -85.6957578978 36.8841681238, -85.6955713182 36.8840403284, -85.695475305 36.8839603628, -85.695399451 36.8838971599, -85.6952422962 36.8837405408, -85.6951005356 36.8835723935, -85.6949714306 36.8833957379, -85.6946008893 36.8828443571, -85.6944700824 36.8826627568, -85.6942880184 36.8824462525, -85.6941674236 36.8823248032, -85.6940953314 36.8822643475, -85.6939887303 36.8821764113, -85.6939077455 36.8821211691, -85.6937915639 36.8820433892, -85.6936835743 36.8819834657, -85.6935776321 36.8819279365, -85.6934631403 36.8818770723, -85.6933500121 36.8818314267, -85.6931114388 36.8817530375, -85.6928649878 36.8816946923, -85.6926069013 36.881651996, -85.6923423098 36.8816208308, -85.689990011 36.881400201, -85.6896892757 36.8813726365)"
"District 03","Metcalfe","03-00112.10","KY","90","KY-90","SPOT IMPROVEMENTS(O)","1.1","3.3","SUMMER SHADE BYPASS. (06CCR)(2006BOPC)(08CCR)(12CCR)(14CCR) (2024CCN)","","2008","2026","D","SPP","2240000","2026","","","","085-KY-0090-000","LINESTRING (-85.7245376311 36.8923752419, -85.7222744456 36.8912104914, -85.7220987304 36.8911187194, -85.7202592233 36.8901583916, -85.7195799735 36.8898083227, -85.7191232644 36.8895835456, -85.7187137256 36.8894005252, -85.718292556 36.8892326052, -85.7178577056 36.8890828056, -85.7173493481 36.8889266681, -85.71636408 36.8886451544, -85.7156099214 36.8884301641, -85.7115281033 36.8872660528, -85.7105637274 36.8869990533, -85.7096393626 36.8867298618, -85.7093638338 36.8866473737, -85.7088903871 36.8864857178, -85.7086217062 36.8863883989, -85.7083263683 36.8862707474, -85.7079636998 36.886113522, -85.707448247 36.8858798888, -85.7060847841 36.8852422144, -85.7052012276 36.8848307386, -85.7049999097 36.88473536, -85.7042903371 36.8844082609, -85.7040510681 36.8843161617, -85.703804955 36.8842366923, -85.7035195189 36.8841659956, -85.7033359516 36.8841203324, -85.7030857205 36.8840672254, -85.7028368541 36.8840207105, -85.7025377257 36.883978568, -85.7011870137 36.8838288779, -85.7010335154 36.8838120611, -85.7008512975 36.8837988008, -85.7007128333 36.8837959957, -85.7005572717 36.8837992259, -85.7003285321 36.8838213742, -85.7001069627 36.8838600037, -85.6998067304 36.8839389707, -85.6987028774 36.8842751989, -85.6982959479 36.8843892692, -85.6980613684 36.8844479375, -85.6978852671 36.884486583, -85.6975843676 36.8845353335, -85.6974257184 36.884550093, -85.6972462195 36.8845577013, -85.6970998893 36.884557086, -85.6968598929 36.8845391237, -85.6966236712 36.8845019391, -85.696394985 36.8844452578, -85.6961728092 36.8843699036, -85.6960316496 36.8843110652, -85.6958918651 36.8842437131, -85.6957578978 36.8841681238, -85.6955713182 36.8840403284, -85.695475305 36.8839603628, -85.695399451 36.8838971599, -85.6952422962 36.8837405408, -85.6951005356 36.8835723935, -85.6949714306 36.8833957379, -85.6946008893 36.8828443571, -85.6944700824 36.8826627568, -85.6942880184 36.8824462525, -85.6941674236 36.8823248032, -85.6940953314 36.8822643475, -85.6939887303 36.8821764113, -85.6939077455 36.8821211691, -85.6937915639 36.8820433892, -85.6936835743 36.8819834657, -85.6935776321 36.8819279365, -85.6934631403 36.8818770723, -85.6933500121 36.8818314267, -85.6931114388 36.8817530375, -85.6928649878 36.8816946923, -85.6926069013 36.881651996, -85.6923423098 36.8816208308, -85.689990011 36.881400201, -85.6896892757 36.8813726365)"
"District 03","Metcalfe","03-08955.00","KY","163","KY-163","SAFETY(P)","2.91","9.78","IMPROVE HIGHWAY SAFETY AND SYSTEMS MOBILITY IN THE KY 163 CORRIDOR BETWEEN KY 90 (MP 2.907) AND THE PROPOSED WEST EDMONTON BYPASS (MP 9.777). (16CCN)(18CCN) (2024CCR) (2026CCN)","","2016","2026","D","STP2","2710000","2029","","","","085-KY-0163-000","LINESTRING (-85.6644513773 36.8768522942, -85.6644376681 36.8768828243, -85.6643468428 36.8770857173, -85.6641733469 36.8775360005, -85.6640786798 36.8778094726, -85.6640364304 36.8779843877, -85.6640102365 36.8781694766, -85.6640021809 36.878337825, -85.6640044646 36.8784325784, -85.6640254382 36.8786264905, -85.6640488868 36.8787484479, -85.6640747532 36.8788495353, -85.6641453174 36.8790264557, -85.6643100694 36.8793498307, -85.6643912951 36.8794721056, -85.6645862378 36.8797048698, -85.6650953297 36.8802685318, -85.6651605346 36.8803506977, -85.6652810187 36.8805249075, -85.6653909052 36.8806996594, -85.6654929084 36.8808936308, -85.6655426957 36.8810051713, -85.6655842652 36.8811293395, -85.665644624 36.8812661538, -85.6659101829 36.8822517593, -85.6661637684 36.8832513613, -85.6662440226 36.8836372903, -85.6662509785 36.8838366846, -85.6662415337 36.8840286522, -85.6662026888 36.8842173027, -85.666140574 36.884425985, -85.6660473605 36.8846209132, -85.6659315868 36.8848111561, -85.6656573111 36.8851830965, -85.6647488958 36.8863831649, -85.6640739571 36.8872996947, -85.6638647072 36.8876002723, -85.66361602 36.8880010641, -85.6634532649 36.8883030479, -85.6633552453 36.8885048368, -85.6632263338 36.888809592, -85.6630887449 36.889225297, -85.6629897774 36.8896520154, -85.6629157636 36.8900842456, -85.6627790024 36.8909613476, -85.6627056656 36.8913963246, -85.6625971151 36.8918271552, -85.6624362529 36.8922546515, -85.6618538106 36.8935343144, -85.6617499637 36.893739394, -85.6616379107 36.8939428179, -85.66149885 36.894141552, -85.6613495551 36.8943196809, -85.6611800936 36.8944895549, -85.6609959358 36.8946544736, -85.6605852304 36.8949710947, -85.6602508559 36.8952204856, -85.6599075438 36.8955069457, -85.6595871002 36.8958252814, -85.6592744891 36.8961683401, -85.6589033113 36.8965871523, -85.6566517264 36.8992169825, -85.6554127059 36.9006496108, -85.6528307247 36.9036526116, -85.6526097827 36.90393366, -85.6524853923 36.9041260797, -85.6523688657 36.9043201537, -85.6521716815 36.9047368949, -85.6520310046 36.905090515, -85.6513315292 36.9069942907, -85.6510024198 36.9078536405, -85.6505219522 36.9091102677, -85.6501601782 36.9100860354, -85.650027974 36.9104838783, -85.6499832501 36.9106804833, -85.649948103 36.9108762729, -85.6499481748 36.9110789592, -85.6499615877 36.911279459, -85.6500316343 36.9115857456, -85.6500980609 36.9117854677, -85.650382054 36.9124684729, -85.6504382429 36.9126522561, -85.6504707862 36.9128714485, -85.650472906 36.913078256, -85.6504579247 36.9132842246, -85.6504125158 36.9134819287, -85.6503781775 36.913582967, -85.6502965127 36.9137809146, -85.6501524789 36.9140683412, -85.6495185308 36.9152149758, -85.6488940748 36.9164107758, -85.648682538 36.916779711, -85.6485584793 36.9169575713, -85.6484122015 36.9171244264, -85.6483293168 36.9172056481, -85.6482426713 36.9172852183, -85.6480604974 36.9174383094, -85.6472425605 36.9180179088, -85.647049082 36.9181800513, -85.6468627793 36.9183463192, -85.6466089514 36.9186152435, -85.6464493021 36.9187993865, -85.6461416189 36.9191764707, -85.6453089617 36.9202298016, -85.6451184411 36.9204710401, -85.6440595894 36.921810885, -85.6427961344 36.9233955132, -85.6425205879 36.9237597093, -85.6422850551 36.9241277873, -85.642086434 36.9245164965, -85.6417589091 36.9253362753, -85.6411762312 36.9268300623, -85.6406906939 36.9280825268, -85.6406436654 36.9281931639, -85.6404628264 36.9285736488, -85.6402453616 36.9289672815, -85.64000877 36.9293389242, -85.6398236618 36.9295944409, -85.6395535866 36.9299344673, -85.63755275 36.9323686321, -85.6372429222 36.9327399236, -85.6370438454 36.9329448887, -85.6368807707 36.9330960581, -85.6364968036 36.9333969669, -85.6362430438 36.9335628784, -85.6359749225 36.933722732, -85.6355982875 36.9339231266, -85.6337049402 36.9348443225, -85.6317598155 36.935810203, -85.6298875888 36.9367294364, -85.6288295622 36.9372487868, -85.6279184259 36.9376894603, -85.6274065051 36.9379506568, -85.6256070906 36.9388443559, -85.6253968433 36.9389476715, -85.6242538227 36.939514952, -85.6204938829 36.9413627442, -85.6181621466 36.9425095051, -85.6178135183 36.9426859801, -85.6173593742 36.942935114, -85.6171435691 36.9430730134, -85.6169332305 36.9432144886, -85.6167375811 36.9433694377, -85.6165477398 36.943528239, -85.6161994926 36.9438700439, -85.6157730444 36.9443141997, -85.61517792 36.9449383254, -85.614852916 36.9452861959, -85.614638593 36.9455443855, -85.6145717116 36.9456319195, -85.6144625748 36.9458116835, -85.6143739608 36.9459961405, -85.6143282335 36.9461163813, -85.6142731966 36.9462758849, -85.6142059622 36.9465573151, -85.6141456593 36.9469788227, -85.6141153056 36.94730067, -85.6141070973 36.9474874177, -85.6141091476 36.9476771985, -85.6141228268 36.9478702888, -85.6141484768 36.9480666895, -85.6141667745 36.9481658572, -85.6142363816 36.9484639261, -85.6143530234 36.9488661404, -85.6145088091 36.9493832015, -85.6147211368 36.9500469873, -85.6148058504 36.9503195328, -85.6148633106 36.9505253071, -85.6149029726 36.9507327097, -85.6149156027 36.9509400797, -85.6149169372 36.9511488109, -85.6148915816 36.9513564118, -85.614849116 36.9515645426, -85.6147099203 36.9520886751, -85.6144984734 36.9528269457, -85.6140098828 36.9544800047, -85.6136596244 36.9557039568, -85.6133836602 36.956716244, -85.6132960844 36.957073178, -85.6130236252 36.9584092744, -85.6128553342 36.9592964506, -85.6128042784 36.9595177531, -85.6127195655 36.9598030081, -85.6127049292 36.9598442623)"
"District 03","Metcalfe","03-08955.00","KY","163","KY-163","SAFETY(P)","2.91","9.78","IMPROVE HIGHWAY SAFETY AND SYSTEMS MOBILITY IN THE KY 163 CORRIDOR BETWEEN KY 90 (MP 2.907) AND THE PROPOSED WEST EDMONTON BYPASS (MP 9.777). (16CCN)(18CCN) (2024CCR) (2026CCN)","","2016","2026","R","STP2","12870000","2030","","","","085-KY-0163-000","LINESTRING (-85.6644513773 36.8768522942, -85.6644376681 36.8768828243, -85.6643468428 36.8770857173, -85.6641733469 36.8775360005, -85.6640786798 36.8778094726, -85.6640364304 36.8779843877, -85.6640102365 36.8781694766, -85.6640021809 36.878337825, -85.6640044646 36.8784325784, -85.6640254382 36.8786264905, -85.6640488868 36.8787484479, -85.6640747532 36.8788495353, -85.6641453174 36.8790264557, -85.6643100694 36.8793498307, -85.6643912951 36.8794721056, -85.6645862378 36.8797048698, -85.6650953297 36.8802685318, -85.6651605346 36.8803506977, -85.6652810187 36.8805249075, -85.6653909052 36.8806996594, -85.6654929084 36.8808936308, -85.6655426957 36.8810051713, -85.6655842652 36.8811293395, -85.665644624 36.8812661538, -85.6659101829 36.8822517593, -85.6661637684 36.8832513613, -85.6662440226 36.8836372903, -85.6662509785 36.8838366846, -85.6662415337 36.8840286522, -85.6662026888 36.8842173027, -85.666140574 36.884425985, -85.6660473605 36.8846209132, -85.6659315868 36.8848111561, -85.6656573111 36.8851830965, -85.6647488958 36.8863831649, -85.6640739571 36.8872996947, -85.6638647072 36.8876002723, -85.66361602 36.8880010641, -85.6634532649 36.8883030479, -85.6633552453 36.8885048368, -85.6632263338 36.888809592, -85.6630887449 36.889225297, -85.6629897774 36.8896520154, -85.6629157636 36.8900842456, -85.6627790024 36.8909613476, -85.6627056656 36.8913963246, -85.6625971151 36.8918271552, -85.6624362529 36.8922546515, -85.6618538106 36.8935343144, -85.6617499637 36.893739394, -85.6616379107 36.8939428179, -85.66149885 36.894141552, -85.6613495551 36.8943196809, -85.6611800936 36.8944895549, -85.6609959358 36.8946544736, -85.6605852304 36.8949710947, -85.6602508559 36.8952204856, -85.6599075438 36.8955069457, -85.6595871002 36.8958252814, -85.6592744891 36.8961683401, -85.6589033113 36.8965871523, -85.6566517264 36.8992169825, -85.6554127059 36.9006496108, -85.6528307247 36.9036526116, -85.6526097827 36.90393366, -85.6524853923 36.9041260797, -85.6523688657 36.9043201537, -85.6521716815 36.9047368949, -85.6520310046 36.905090515, -85.6513315292 36.9069942907, -85.6510024198 36.9078536405, -85.6505219522 36.9091102677, -85.6501601782 36.9100860354, -85.650027974 36.9104838783, -85.6499832501 36.9106804833, -85.649948103 36.9108762729, -85.6499481748 36.9110789592, -85.6499615877 36.911279459, -85.6500316343 36.9115857456, -85.6500980609 36.9117854677, -85.650382054 36.9124684729, -85.6504382429 36.9126522561, -85.6504707862 36.9128714485, -85.650472906 36.913078256, -85.6504579247 36.9132842246, -85.6504125158 36.9134819287, -85.6503781775 36.913582967, -85.6502965127 36.9137809146, -85.6501524789 36.9140683412, -85.6495185308 36.9152149758, -85.6488940748 36.9164107758, -85.648682538 36.916779711, -85.6485584793 36.9169575713, -85.6484122015 36.9171244264, -85.6483293168 36.9172056481, -85.6482426713 36.9172852183, -85.6480604974 36.9174383094, -85.6472425605 36.9180179088, -85.647049082 36.9181800513, -85.6468627793 36.9183463192, -85.6466089514 36.9186152435, -85.6464493021 36.9187993865, -85.6461416189 36.9191764707, -85.6453089617 36.9202298016, -85.6451184411 36.9204710401, -85.6440595894 36.921810885, -85.6427961344 36.9233955132, -85.6425205879 36.9237597093, -85.6422850551 36.9241277873, -85.642086434 36.9245164965, -85.6417589091 36.9253362753, -85.6411762312 36.9268300623, -85.6406906939 36.9280825268, -85.6406436654 36.9281931639, -85.6404628264 36.9285736488, -85.6402453616 36.9289672815, -85.64000877 36.9293389242, -85.6398236618 36.9295944409, -85.6395535866 36.9299344673, -85.63755275 36.9323686321, -85.6372429222 36.9327399236, -85.6370438454 36.9329448887, -85.6368807707 36.9330960581, -85.6364968036 36.9333969669, -85.6362430438 36.9335628784, -85.6359749225 36.933722732, -85.6355982875 36.9339231266, -85.6337049402 36.9348443225, -85.6317598155 36.935810203, -85.6298875888 36.9367294364, -85.6288295622 36.9372487868, -85.6279184259 36.9376894603, -85.6274065051 36.9379506568, -85.6256070906 36.9388443559, -85.6253968433 36.9389476715, -85.6242538227 36.939514952, -85.6204938829 36.9413627442, -85.6181621466 36.9425095051, -85.6178135183 36.9426859801, -85.6173593742 36.942935114, -85.6171435691 36.9430730134, -85.6169332305 36.9432144886, -85.6167375811 36.9433694377, -85.6165477398 36.943528239, -85.6161994926 36.9438700439, -85.6157730444 36.9443141997, -85.61517792 36.9449383254, -85.614852916 36.9452861959, -85.614638593 36.9455443855, -85.6145717116 36.9456319195, -85.6144625748 36.9458116835, -85.6143739608 36.9459961405, -85.6143282335 36.9461163813, -85.6142731966 36.9462758849, -85.6142059622 36.9465573151, -85.6141456593 36.9469788227, -85.6141153056 36.94730067, -85.6141070973 36.9474874177, -85.6141091476 36.9476771985, -85.6141228268 36.9478702888, -85.6141484768 36.9480666895, -85.6141667745 36.9481658572, -85.6142363816 36.9484639261, -85.6143530234 36.9488661404, -85.6145088091 36.9493832015, -85.6147211368 36.9500469873, -85.6148058504 36.9503195328, -85.6148633106 36.9505253071, -85.6149029726 36.9507327097, -85.6149156027 36.9509400797, -85.6149169372 36.9511488109, -85.6148915816 36.9513564118, -85.614849116 36.9515645426, -85.6147099203 36.9520886751, -85.6144984734 36.9528269457, -85.6140098828 36.9544800047, -85.6136596244 36.9557039568, -85.6133836602 36.956716244, -85.6132960844 36.957073178, -85.6130236252 36.9584092744, -85.6128553342 36.9592964506, -85.6128042784 36.9595177531, -85.6127195655 36.9598030081, -85.6127049292 36.9598442623)"
"District 03","Metcalfe","03-08955.00","KY","163","KY-163","SAFETY(P)","2.91","9.78","IMPROVE HIGHWAY SAFETY AND SYSTEMS MOBILITY IN THE KY 163 CORRIDOR BETWEEN KY 90 (MP 2.907) AND THE PROPOSED WEST EDMONTON BYPASS (MP 9.777). (16CCN)(18CCN) (2024CCR) (2026CCN)","","2016","2026","C","STP2","43800000","2032","","","","085-KY-0163-000","LINESTRING (-85.6644513773 36.8768522942, -85.6644376681 36.8768828243, -85.6643468428 36.8770857173, -85.6641733469 36.8775360005, -85.6640786798 36.8778094726, -85.6640364304 36.8779843877, -85.6640102365 36.8781694766, -85.6640021809 36.878337825, -85.6640044646 36.8784325784, -85.6640254382 36.8786264905, -85.6640488868 36.8787484479, -85.6640747532 36.8788495353, -85.6641453174 36.8790264557, -85.6643100694 36.8793498307, -85.6643912951 36.8794721056, -85.6645862378 36.8797048698, -85.6650953297 36.8802685318, -85.6651605346 36.8803506977, -85.6652810187 36.8805249075, -85.6653909052 36.8806996594, -85.6654929084 36.8808936308, -85.6655426957 36.8810051713, -85.6655842652 36.8811293395, -85.665644624 36.8812661538, -85.6659101829 36.8822517593, -85.6661637684 36.8832513613, -85.6662440226 36.8836372903, -85.6662509785 36.8838366846, -85.6662415337 36.8840286522, -85.6662026888 36.8842173027, -85.666140574 36.884425985, -85.6660473605 36.8846209132, -85.6659315868 36.8848111561, -85.6656573111 36.8851830965, -85.6647488958 36.8863831649, -85.6640739571 36.8872996947, -85.6638647072 36.8876002723, -85.66361602 36.8880010641, -85.6634532649 36.8883030479, -85.6633552453 36.8885048368, -85.6632263338 36.888809592, -85.6630887449 36.889225297, -85.6629897774 36.8896520154, -85.6629157636 36.8900842456, -85.6627790024 36.8909613476, -85.6627056656 36.8913963246, -85.6625971151 36.8918271552, -85.6624362529 36.8922546515, -85.6618538106 36.8935343144, -85.6617499637 36.893739394, -85.6616379107 36.8939428179, -85.66149885 36.894141552, -85.6613495551 36.8943196809, -85.6611800936 36.8944895549, -85.6609959358 36.8946544736, -85.6605852304 36.8949710947, -85.6602508559 36.8952204856, -85.6599075438 36.8955069457, -85.6595871002 36.8958252814, -85.6592744891 36.8961683401, -85.6589033113 36.8965871523, -85.6566517264 36.8992169825, -85.6554127059 36.9006496108, -85.6528307247 36.9036526116, -85.6526097827 36.90393366, -85.6524853923 36.9041260797, -85.6523688657 36.9043201537, -85.6521716815 36.9047368949, -85.6520310046 36.905090515, -85.6513315292 36.9069942907, -85.6510024198 36.9078536405, -85.6505219522 36.9091102677, -85.6501601782 36.9100860354, -85.650027974 36.9104838783, -85.6499832501 36.9106804833, -85.649948103 36.9108762729, -85.6499481748 36.9110789592, -85.6499615877 36.911279459, -85.6500316343 36.9115857456, -85.6500980609 36.9117854677, -85.650382054 36.9124684729, -85.6504382429 36.9126522561, -85.6504707862 36.9128714485, -85.650472906 36.913078256, -85.6504579247 36.9132842246, -85.6504125158 36.9134819287, -85.6503781775 36.913582967, -85.6502965127 36.9137809146, -85.6501524789 36.9140683412, -85.6495185308 36.9152149758, -85.6488940748 36.9164107758, -85.648682538 36.916779711, -85.6485584793 36.9169575713, -85.6484122015 36.9171244264, -85.6483293168 36.9172056481, -85.6482426713 36.9172852183, -85.6480604974 36.9174383094, -85.6472425605 36.9180179088, -85.647049082 36.9181800513, -85.6468627793 36.9183463192, -85.6466089514 36.9186152435, -85.6464493021 36.9187993865, -85.6461416189 36.9191764707, -85.6453089617 36.9202298016, -85.6451184411 36.9204710401, -85.6440595894 36.921810885, -85.6427961344 36.9233955132, -85.6425205879 36.9237597093, -85.6422850551 36.9241277873, -85.642086434 36.9245164965, -85.6417589091 36.9253362753, -85.6411762312 36.9268300623, -85.6406906939 36.9280825268, -85.6406436654 36.9281931639, -85.6404628264 36.9285736488, -85.6402453616 36.9289672815, -85.64000877 36.9293389242, -85.6398236618 36.9295944409, -85.6395535866 36.9299344673, -85.63755275 36.9323686321, -85.6372429222 36.9327399236, -85.6370438454 36.9329448887, -85.6368807707 36.9330960581, -85.6364968036 36.9333969669, -85.6362430438 36.9335628784, -85.6359749225 36.933722732, -85.6355982875 36.9339231266, -85.6337049402 36.9348443225, -85.6317598155 36.935810203, -85.6298875888 36.9367294364, -85.6288295622 36.9372487868, -85.6279184259 36.9376894603, -85.6274065051 36.9379506568, -85.6256070906 36.9388443559, -85.6253968433 36.9389476715, -85.6242538227 36.939514952, -85.6204938829 36.9413627442, -85.6181621466 36.9425095051, -85.6178135183 36.9426859801, -85.6173593742 36.942935114, -85.6171435691 36.9430730134, -85.6169332305 36.9432144886, -85.6167375811 36.9433694377, -85.6165477398 36.943528239, -85.6161994926 36.9438700439, -85.6157730444 36.9443141997, -85.61517792 36.9449383254, -85.614852916 36.9452861959, -85.614638593 36.9455443855, -85.6145717116 36.9456319195, -85.6144625748 36.9458116835, -85.6143739608 36.9459961405, -85.6143282335 36.9461163813, -85.6142731966 36.9462758849, -85.6142059622 36.9465573151, -85.6141456593 36.9469788227, -85.6141153056 36.94730067, -85.6141070973 36.9474874177, -85.6141091476 36.9476771985, -85.6141228268 36.9478702888, -85.6141484768 36.9480666895, -85.6141667745 36.9481658572, -85.6142363816 36.9484639261, -85.6143530234 36.9488661404, -85.6145088091 36.9493832015, -85.6147211368 36.9500469873, -85.6148058504 36.9503195328, -85.6148633106 36.9505253071, -85.6149029726 36.9507327097, -85.6149156027 36.9509400797, -85.6149169372 36.9511488109, -85.6148915816 36.9513564118, -85.614849116 36.9515645426, -85.6147099203 36.9520886751, -85.6144984734 36.9528269457, -85.6140098828 36.9544800047, -85.6136596244 36.9557039568, -85.6133836602 36.956716244, -85.6132960844 36.957073178, -85.6130236252 36.9584092744, -85.6128553342 36.9592964506, -85.6128042784 36.9595177531, -85.6127195655 36.9598030081, -85.6127049292 36.9598442623)"
"District 03","Metcalfe","03-08955.00","KY","163","KY-163","SAFETY(P)","2.91","9.78","IMPROVE HIGHWAY SAFETY AND SYSTEMS MOBILITY IN THE KY 163 CORRIDOR BETWEEN KY 90 (MP 2.907) AND THE PROPOSED WEST EDMONTON BYPASS (MP 9.777). (16CCN)(18CCN) (2024CCR) (2026CCN)","","2016","2026","U","STP2","10130000","2030","","","","085-KY-0163-000","LINESTRING (-85.6644513773 36.8768522942, -85.6644376681 36.8768828243, -85.6643468428 36.8770857173, -85.6641733469 36.8775360005, -85.6640786798 36.8778094726, -85.6640364304 36.8779843877, -85.6640102365 36.8781694766, -85.6640021809 36.878337825, -85.6640044646 36.8784325784, -85.6640254382 36.8786264905, -85.6640488868 36.8787484479, -85.6640747532 36.8788495353, -85.6641453174 36.8790264557, -85.6643100694 36.8793498307, -85.6643912951 36.8794721056, -85.6645862378 36.8797048698, -85.6650953297 36.8802685318, -85.6651605346 36.8803506977, -85.6652810187 36.8805249075, -85.6653909052 36.8806996594, -85.6654929084 36.8808936308, -85.6655426957 36.8810051713, -85.6655842652 36.8811293395, -85.665644624 36.8812661538, -85.6659101829 36.8822517593, -85.6661637684 36.8832513613, -85.6662440226 36.8836372903, -85.6662509785 36.8838366846, -85.6662415337 36.8840286522, -85.6662026888 36.8842173027, -85.666140574 36.884425985, -85.6660473605 36.8846209132, -85.6659315868 36.8848111561, -85.6656573111 36.8851830965, -85.6647488958 36.8863831649, -85.6640739571 36.8872996947, -85.6638647072 36.8876002723, -85.66361602 36.8880010641, -85.6634532649 36.8883030479, -85.6633552453 36.8885048368, -85.6632263338 36.888809592, -85.6630887449 36.889225297, -85.6629897774 36.8896520154, -85.6629157636 36.8900842456, -85.6627790024 36.8909613476, -85.6627056656 36.8913963246, -85.6625971151 36.8918271552, -85.6624362529 36.8922546515, -85.6618538106 36.8935343144, -85.6617499637 36.893739394, -85.6616379107 36.8939428179, -85.66149885 36.894141552, -85.6613495551 36.8943196809, -85.6611800936 36.8944895549, -85.6609959358 36.8946544736, -85.6605852304 36.8949710947, -85.6602508559 36.8952204856, -85.6599075438 36.8955069457, -85.6595871002 36.8958252814, -85.6592744891 36.8961683401, -85.6589033113 36.8965871523, -85.6566517264 36.8992169825, -85.6554127059 36.9006496108, -85.6528307247 36.9036526116, -85.6526097827 36.90393366, -85.6524853923 36.9041260797, -85.6523688657 36.9043201537, -85.6521716815 36.9047368949, -85.6520310046 36.905090515, -85.6513315292 36.9069942907, -85.6510024198 36.9078536405, -85.6505219522 36.9091102677, -85.6501601782 36.9100860354, -85.650027974 36.9104838783, -85.6499832501 36.9106804833, -85.649948103 36.9108762729, -85.6499481748 36.9110789592, -85.6499615877 36.911279459, -85.6500316343 36.9115857456, -85.6500980609 36.9117854677, -85.650382054 36.9124684729, -85.6504382429 36.9126522561, -85.6504707862 36.9128714485, -85.650472906 36.913078256, -85.6504579247 36.9132842246, -85.6504125158 36.9134819287, -85.6503781775 36.913582967, -85.6502965127 36.9137809146, -85.6501524789 36.9140683412, -85.6495185308 36.9152149758, -85.6488940748 36.9164107758, -85.648682538 36.916779711, -85.6485584793 36.9169575713, -85.6484122015 36.9171244264, -85.6483293168 36.9172056481, -85.6482426713 36.9172852183, -85.6480604974 36.9174383094, -85.6472425605 36.9180179088, -85.647049082 36.9181800513, -85.6468627793 36.9183463192, -85.6466089514 36.9186152435, -85.6464493021 36.9187993865, -85.6461416189 36.9191764707, -85.6453089617 36.9202298016, -85.6451184411 36.9204710401, -85.6440595894 36.921810885, -85.6427961344 36.9233955132, -85.6425205879 36.9237597093, -85.6422850551 36.9241277873, -85.642086434 36.9245164965, -85.6417589091 36.9253362753, -85.6411762312 36.9268300623, -85.6406906939 36.9280825268, -85.6406436654 36.9281931639, -85.6404628264 36.9285736488, -85.6402453616 36.9289672815, -85.64000877 36.9293389242, -85.6398236618 36.9295944409, -85.6395535866 36.9299344673, -85.63755275 36.9323686321, -85.6372429222 36.9327399236, -85.6370438454 36.9329448887, -85.6368807707 36.9330960581, -85.6364968036 36.9333969669, -85.6362430438 36.9335628784, -85.6359749225 36.933722732, -85.6355982875 36.9339231266, -85.6337049402 36.9348443225, -85.6317598155 36.935810203, -85.6298875888 36.9367294364, -85.6288295622 36.9372487868, -85.6279184259 36.9376894603, -85.6274065051 36.9379506568, -85.6256070906 36.9388443559, -85.6253968433 36.9389476715, -85.6242538227 36.939514952, -85.6204938829 36.9413627442, -85.6181621466 36.9425095051, -85.6178135183 36.9426859801, -85.6173593742 36.942935114, -85.6171435691 36.9430730134, -85.6169332305 36.9432144886, -85.6167375811 36.9433694377, -85.6165477398 36.943528239, -85.6161994926 36.9438700439, -85.6157730444 36.9443141997, -85.61517792 36.9449383254, -85.614852916 36.9452861959, -85.614638593 36.9455443855, -85.6145717116 36.9456319195, -85.6144625748 36.9458116835, -85.6143739608 36.9459961405, -85.6143282335 36.9461163813, -85.6142731966 36.9462758849, -85.6142059622 36.9465573151, -85.6141456593 36.9469788227, -85.6141153056 36.94730067, -85.6141070973 36.9474874177, -85.6141091476 36.9476771985, -85.6141228268 36.9478702888, -85.6141484768 36.9480666895, -85.6141667745 36.9481658572, -85.6142363816 36.9484639261, -85.6143530234 36.9488661404, -85.6145088091 36.9493832015, -85.6147211368 36.9500469873, -85.6148058504 36.9503195328, -85.6148633106 36.9505253071, -85.6149029726 36.9507327097, -85.6149156027 36.9509400797, -85.6149169372 36.9511488109, -85.6148915816 36.9513564118, -85.614849116 36.9515645426, -85.6147099203 36.9520886751, -85.6144984734 36.9528269457, -85.6140098828 36.9544800047, -85.6136596244 36.9557039568, -85.6133836602 36.956716244, -85.6132960844 36.957073178, -85.6130236252 36.9584092744, -85.6128553342 36.9592964506, -85.6128042784 36.9595177531, -85.6127195655 36.9598030081, -85.6127049292 36.9598442623)"
"District 03","Metcalfe","03-80306.00","US","68","US-68","RECONSTRUCTION","8.77","9.25","INTERSECTION IMPROVEMENTS AT US-68 AND KY-80. OPTIONS INCLUDE REALIGNMENT OF NORTH APPROACH, WIDENING FOR TURN LANES, AND A ROUNDABOUT. (2024CCN)","","2024","2026","R","SPP","310000","2030","","","","085-US-0068-000","LINESTRING (-85.6124932517 36.9825575625, -85.612482524 36.9826575203, -85.6124379355 36.9828892678, -85.6123714582 36.9831100037, -85.612253841 36.9834009871, -85.6114043651 36.9853142514, -85.6113596725 36.985414993, -85.6112304094 36.9857054126, -85.6114273237 36.9858578002, -85.6114717181 36.9859182746, -85.6114986618 36.9859735103, -85.6115866589 36.9861526833, -85.6116368161 36.9862439253, -85.6116982638 36.9863395749, -85.6118174756 36.9864869261, -85.6119490361 36.9866211084, -85.612015338 36.9866838063, -85.6122635408 36.9868747041, -85.6126772457 36.9871751051, -85.613303985 36.9876193944, -85.6143517622 36.9883471446)"
"District 03","Metcalfe","03-80306.00","US","68","US-68","RECONSTRUCTION","8.77","9.25","INTERSECTION IMPROVEMENTS AT US-68 AND KY-80. OPTIONS INCLUDE REALIGNMENT OF NORTH APPROACH, WIDENING FOR TURN LANES, AND A ROUNDABOUT. (2024CCN)","","2024","2026","U","SPP","310000","2031","","","","085-US-0068-000","LINESTRING (-85.6124932517 36.9825575625, -85.612482524 36.9826575203, -85.6124379355 36.9828892678, -85.6123714582 36.9831100037, -85.612253841 36.9834009871, -85.6114043651 36.9853142514, -85.6113596725 36.985414993, -85.6112304094 36.9857054126, -85.6114273237 36.9858578002, -85.6114717181 36.9859182746, -85.6114986618 36.9859735103, -85.6115866589 36.9861526833, -85.6116368161 36.9862439253, -85.6116982638 36.9863395749, -85.6118174756 36.9864869261, -85.6119490361 36.9866211084, -85.612015338 36.9866838063, -85.6122635408 36.9868747041, -85.6126772457 36.9871751051, -85.613303985 36.9876193944, -85.6143517622 36.9883471446)"
"District 03","Metcalfe","03-80306.00","US","68","US-68","RECONSTRUCTION","8.77","9.25","INTERSECTION IMPROVEMENTS AT US-68 AND KY-80. OPTIONS INCLUDE REALIGNMENT OF NORTH APPROACH, WIDENING FOR TURN LANES, AND A ROUNDABOUT. (2024CCN)","","2024","2026","C","SPP","1240000","2032","","","","085-US-0068-000","LINESTRING (-85.6124932517 36.9825575625, -85.612482524 36.9826575203, -85.6124379355 36.9828892678, -85.6123714582 36.9831100037, -85.612253841 36.9834009871, -85.6114043651 36.9853142514, -85.6113596725 36.985414993, -85.6112304094 36.9857054126, -85.6114273237 36.9858578002, -85.6114717181 36.9859182746, -85.6114986618 36.9859735103, -85.6115866589 36.9861526833, -85.6116368161 36.9862439253, -85.6116982638 36.9863395749, -85.6118174756 36.9864869261, -85.6119490361 36.9866211084, -85.612015338 36.9866838063, -85.6122635408 36.9868747041, -85.6126772457 36.9871751051, -85.613303985 36.9876193944, -85.6143517622 36.9883471446)"
"District 03","Metcalfe","03-80306.00","US","68","US-68","RECONSTRUCTION","8.77","9.25","INTERSECTION IMPROVEMENTS AT US-68 AND KY-80. OPTIONS INCLUDE REALIGNMENT OF NORTH APPROACH, WIDENING FOR TURN LANES, AND A ROUNDABOUT. (2024CCN)","","2024","2026","D","SPP","330000","2029","","","","085-US-0068-000","LINESTRING (-85.6124932517 36.9825575625, -85.612482524 36.9826575203, -85.6124379355 36.9828892678, -85.6123714582 36.9831100037, -85.612253841 36.9834009871, -85.6114043651 36.9853142514, -85.6113596725 36.985414993, -85.6112304094 36.9857054126, -85.6114273237 36.9858578002, -85.6114717181 36.9859182746, -85.6114986618 36.9859735103, -85.6115866589 36.9861526833, -85.6116368161 36.9862439253, -85.6116982638 36.9863395749, -85.6118174756 36.9864869261, -85.6119490361 36.9866211084, -85.612015338 36.9866838063, -85.6122635408 36.9868747041, -85.6126772457 36.9871751051, -85.613303985 36.9876193944, -85.6143517622 36.9883471446)"
"District 03","Metcalfe","03-80309.00","LN","9008","LN-9008","SAFETY(P)","27.16","27.66","IMPROVE SAFETY AND ADDRESS GEOMETRIC DEFICIENCIES ON THE LB NUNN CUMBERLAND EXPRESSWAY AT EXIT 27 INTERCHANGE. (2024CCN)","","2024","2026","R","SPP","330000","2030","","","","085-LN-9008-000","LINESTRING (-85.6632504364 36.9962119724, -85.6585638128 36.9963301834, -85.658288854 36.9963371077, -85.6567473089 36.9963707628, -85.6556878696 36.9964034147, -85.6554629092 36.9964040566, -85.6552242384 36.9964159468, -85.6544897592 36.9964334727, -85.6542380919 36.9964340895, -85.6542198505 36.9964345489)"
"District 03","Metcalfe","03-80309.00","LN","9008","LN-9008","SAFETY(P)","27.16","27.66","IMPROVE SAFETY AND ADDRESS GEOMETRIC DEFICIENCIES ON THE LB NUNN CUMBERLAND EXPRESSWAY AT EXIT 27 INTERCHANGE. (2024CCN)","","2024","2026","D","SPP","1940000","2029","","","","085-LN-9008-000","LINESTRING (-85.6632504364 36.9962119724, -85.6585638128 36.9963301834, -85.658288854 36.9963371077, -85.6567473089 36.9963707628, -85.6556878696 36.9964034147, -85.6554629092 36.9964040566, -85.6552242384 36.9964159468, -85.6544897592 36.9964334727, -85.6542380919 36.9964340895, -85.6542198505 36.9964345489)"
"District 03","Metcalfe","03-80309.00","LN","9008","LN-9008","SAFETY(P)","27.16","27.66","IMPROVE SAFETY AND ADDRESS GEOMETRIC DEFICIENCIES ON THE LB NUNN CUMBERLAND EXPRESSWAY AT EXIT 27 INTERCHANGE. (2024CCN)","","2024","2026","U","SPP","380000","2031","","","","085-LN-9008-000","LINESTRING (-85.6632504364 36.9962119724, -85.6585638128 36.9963301834, -85.658288854 36.9963371077, -85.6567473089 36.9963707628, -85.6556878696 36.9964034147, -85.6554629092 36.9964040566, -85.6552242384 36.9964159468, -85.6544897592 36.9964334727, -85.6542380919 36.9964340895, -85.6542198505 36.9964345489)"
"District 03","Metcalfe","03-80309.00","LN","9008","LN-9008","SAFETY(P)","27.16","27.66","IMPROVE SAFETY AND ADDRESS GEOMETRIC DEFICIENCIES ON THE LB NUNN CUMBERLAND EXPRESSWAY AT EXIT 27 INTERCHANGE. (2024CCN)","","2024","2026","C","SPP","11160000","2032","","","","085-LN-9008-000","LINESTRING (-85.6632504364 36.9962119724, -85.6585638128 36.9963301834, -85.658288854 36.9963371077, -85.6567473089 36.9963707628, -85.6556878696 36.9964034147, -85.6554629092 36.9964040566, -85.6552242384 36.9964159468, -85.6544897592 36.9964334727, -85.6542380919 36.9964340895, -85.6542198505 36.9964345489)"
"District 03","Metcalfe","03-80400.00","KY","640","KY-640","RECONSTRUCTION(O)","13.4","13.7","Reconstruct profile grade of 800 feet length of roadway to minimize road closure due to flooding (2026CCN)","","2026","2026","R","SPP","40000","2030","","","","085-KY-0640-000","LINESTRING (-85.7128172176 37.033557761, -85.7122297062 37.0338141597, -85.7111092228 37.034318589, -85.7107021503 37.0344884582, -85.7103762921 37.0346146844, -85.7099675151 37.0347647757, -85.7093336208 37.0349892163, -85.7087555776 37.035187307, -85.7083539885 37.0353379439, -85.7081624379 37.0354216427, -85.7079825339 37.0355078164)"
"District 03","Metcalfe","03-80400.00","KY","640","KY-640","RECONSTRUCTION(O)","13.4","13.7","Reconstruct profile grade of 800 feet length of roadway to minimize road closure due to flooding (2026CCN)","","2026","2026","D","SPP","100000","2029","","","","085-KY-0640-000","LINESTRING (-85.7128172176 37.033557761, -85.7122297062 37.0338141597, -85.7111092228 37.034318589, -85.7107021503 37.0344884582, -85.7103762921 37.0346146844, -85.7099675151 37.0347647757, -85.7093336208 37.0349892163, -85.7087555776 37.035187307, -85.7083539885 37.0353379439, -85.7081624379 37.0354216427, -85.7079825339 37.0355078164)"
"District 03","Metcalfe","03-80400.00","KY","640","KY-640","RECONSTRUCTION(O)","13.4","13.7","Reconstruct profile grade of 800 feet length of roadway to minimize road closure due to flooding (2026CCN)","","2026","2026","U","SPP","130000","2030","","","","085-KY-0640-000","LINESTRING (-85.7128172176 37.033557761, -85.7122297062 37.0338141597, -85.7111092228 37.034318589, -85.7107021503 37.0344884582, -85.7103762921 37.0346146844, -85.7099675151 37.0347647757, -85.7093336208 37.0349892163, -85.7087555776 37.035187307, -85.7083539885 37.0353379439, -85.7081624379 37.0354216427, -85.7079825339 37.0355078164)"
"District 03","Metcalfe","03-80400.00","KY","640","KY-640","RECONSTRUCTION(O)","13.4","13.7","Reconstruct profile grade of 800 feet length of roadway to minimize road closure due to flooding (2026CCN)","","2026","2026","C","SPP","500000","2031","","","","085-KY-0640-000","LINESTRING (-85.7128172176 37.033557761, -85.7122297062 37.0338141597, -85.7111092228 37.034318589, -85.7107021503 37.0344884582, -85.7103762921 37.0346146844, -85.7099675151 37.0347647757, -85.7093336208 37.0349892163, -85.7087555776 37.035187307, -85.7083539885 37.0353379439, -85.7081624379 37.0354216427, -85.7079825339 37.0355078164)"
"District 03","Metcalfe","03-80416.00","KY","90","KY-90","SAFETY(P)","0.0","3.28","Improve safety and mobility on KY 90 between the Barren County Line and KY 640 in Summer Shade. (MP 0-3.283) (2026CCN)","","2026","2026","R","SPP","750000","2029","","","","085-KY-0090-000","LINESTRING (-85.7430255731 36.8971730357, -85.7427451765 36.8971342941, -85.7402845498 36.89675456, -85.7384332824 36.8964742558, -85.735038529 36.8959605635, -85.7341358243 36.8958190028, -85.7336506215 36.8957384662, -85.733373659 36.8956856954, -85.7330966971 36.8956263329, -85.7328190545 36.8955595537, -85.7325417559 36.8954861839, -85.7317792752 36.8952723955, -85.7300990996 36.8947909477, -85.7286463198 36.8943600525, -85.728448355 36.8942979467, -85.7281891927 36.894206992, -85.7279361892 36.8941061508, -85.7275929308 36.8939520112, -85.7272578821 36.8937893584, -85.7267686514 36.8935387889, -85.7245680099 36.8923908758, -85.7222744456 36.8912104914, -85.7220987304 36.8911187194, -85.7202592233 36.8901583916, -85.7195799735 36.8898083227, -85.7191232644 36.8895835456, -85.7187137256 36.8894005252, -85.718292556 36.8892326052, -85.7178577056 36.8890828056, -85.7173493481 36.8889266681, -85.71636408 36.8886451544, -85.7156099214 36.8884301641, -85.7115281033 36.8872660528, -85.7105637274 36.8869990533, -85.7096393626 36.8867298618, -85.7093638338 36.8866473737, -85.7088903871 36.8864857178, -85.7086217062 36.8863883989, -85.7083263683 36.8862707474, -85.7079636998 36.886113522, -85.707448247 36.8858798888, -85.7060847841 36.8852422144, -85.7052012276 36.8848307386, -85.7049999097 36.88473536, -85.7042903371 36.8844082609, -85.7040510681 36.8843161617, -85.703804955 36.8842366923, -85.7035195189 36.8841659956, -85.7033359516 36.8841203324, -85.7030857205 36.8840672254, -85.7028368541 36.8840207105, -85.7025377257 36.883978568, -85.7011870137 36.8838288779, -85.7010335154 36.8838120611, -85.7008512975 36.8837988008, -85.7007128333 36.8837959957, -85.7005572717 36.8837992259, -85.7003285321 36.8838213742, -85.7001069627 36.8838600037, -85.6998067304 36.8839389707, -85.6987028774 36.8842751989, -85.6982959479 36.8843892692, -85.6980613684 36.8844479375, -85.6978852671 36.884486583, -85.6975843676 36.8845353335, -85.6974257184 36.884550093, -85.6972462195 36.8845577013, -85.6970998893 36.884557086, -85.6968598929 36.8845391237, -85.6966236712 36.8845019391, -85.696394985 36.8844452578, -85.6961728092 36.8843699036, -85.6960316496 36.8843110652, -85.6958918651 36.8842437131, -85.6957578978 36.8841681238, -85.6955713182 36.8840403284, -85.695475305 36.8839603628, -85.695399451 36.8838971599, -85.6952422962 36.8837405408, -85.6951005356 36.8835723935, -85.6949714306 36.8833957379, -85.6946008893 36.8828443571, -85.6944700824 36.8826627568, -85.6942880184 36.8824462525, -85.6941674236 36.8823248032, -85.6940953314 36.8822643475, -85.6939887303 36.8821764113, -85.6939077455 36.8821211691, -85.6937915639 36.8820433892, -85.6936835743 36.8819834657, -85.6935776321 36.8819279365, -85.6934631403 36.8818770723, -85.6933500121 36.8818314267, -85.6931114388 36.8817530375, -85.6928649878 36.8816946923, -85.6926069013 36.881651996, -85.6923423098 36.8816208308, -85.6900430702 36.8814051781)"
"District 03","Metcalfe","03-80416.00","KY","90","KY-90","SAFETY(P)","0.0","3.28","Improve safety and mobility on KY 90 between the Barren County Line and KY 640 in Summer Shade. (MP 0-3.283) (2026CCN)","","2026","2026","C","SPP","4000000","2031","","","","085-KY-0090-000","LINESTRING (-85.7430255731 36.8971730357, -85.7427451765 36.8971342941, -85.7402845498 36.89675456, -85.7384332824 36.8964742558, -85.735038529 36.8959605635, -85.7341358243 36.8958190028, -85.7336506215 36.8957384662, -85.733373659 36.8956856954, -85.7330966971 36.8956263329, -85.7328190545 36.8955595537, -85.7325417559 36.8954861839, -85.7317792752 36.8952723955, -85.7300990996 36.8947909477, -85.7286463198 36.8943600525, -85.728448355 36.8942979467, -85.7281891927 36.894206992, -85.7279361892 36.8941061508, -85.7275929308 36.8939520112, -85.7272578821 36.8937893584, -85.7267686514 36.8935387889, -85.7245680099 36.8923908758, -85.7222744456 36.8912104914, -85.7220987304 36.8911187194, -85.7202592233 36.8901583916, -85.7195799735 36.8898083227, -85.7191232644 36.8895835456, -85.7187137256 36.8894005252, -85.718292556 36.8892326052, -85.7178577056 36.8890828056, -85.7173493481 36.8889266681, -85.71636408 36.8886451544, -85.7156099214 36.8884301641, -85.7115281033 36.8872660528, -85.7105637274 36.8869990533, -85.7096393626 36.8867298618, -85.7093638338 36.8866473737, -85.7088903871 36.8864857178, -85.7086217062 36.8863883989, -85.7083263683 36.8862707474, -85.7079636998 36.886113522, -85.707448247 36.8858798888, -85.7060847841 36.8852422144, -85.7052012276 36.8848307386, -85.7049999097 36.88473536, -85.7042903371 36.8844082609, -85.7040510681 36.8843161617, -85.703804955 36.8842366923, -85.7035195189 36.8841659956, -85.7033359516 36.8841203324, -85.7030857205 36.8840672254, -85.7028368541 36.8840207105, -85.7025377257 36.883978568, -85.7011870137 36.8838288779, -85.7010335154 36.8838120611, -85.7008512975 36.8837988008, -85.7007128333 36.8837959957, -85.7005572717 36.8837992259, -85.7003285321 36.8838213742, -85.7001069627 36.8838600037, -85.6998067304 36.8839389707, -85.6987028774 36.8842751989, -85.6982959479 36.8843892692, -85.6980613684 36.8844479375, -85.6978852671 36.884486583, -85.6975843676 36.8845353335, -85.6974257184 36.884550093, -85.6972462195 36.8845577013, -85.6970998893 36.884557086, -85.6968598929 36.8845391237, -85.6966236712 36.8845019391, -85.696394985 36.8844452578, -85.6961728092 36.8843699036, -85.6960316496 36.8843110652, -85.6958918651 36.8842437131, -85.6957578978 36.8841681238, -85.6955713182 36.8840403284, -85.695475305 36.8839603628, -85.695399451 36.8838971599, -85.6952422962 36.8837405408, -85.6951005356 36.8835723935, -85.6949714306 36.8833957379, -85.6946008893 36.8828443571, -85.6944700824 36.8826627568, -85.6942880184 36.8824462525, -85.6941674236 36.8823248032, -85.6940953314 36.8822643475, -85.6939887303 36.8821764113, -85.6939077455 36.8821211691, -85.6937915639 36.8820433892, -85.6936835743 36.8819834657, -85.6935776321 36.8819279365, -85.6934631403 36.8818770723, -85.6933500121 36.8818314267, -85.6931114388 36.8817530375, -85.6928649878 36.8816946923, -85.6926069013 36.881651996, -85.6923423098 36.8816208308, -85.6900430702 36.8814051781)"
"District 03","Metcalfe","03-80416.00","KY","90","KY-90","SAFETY(P)","0.0","3.28","Improve safety and mobility on KY 90 between the Barren County Line and KY 640 in Summer Shade. (MP 0-3.283) (2026CCN)","","2026","2026","D","SPP","750000","2028","","","","085-KY-0090-000","LINESTRING (-85.7430255731 36.8971730357, -85.7427451765 36.8971342941, -85.7402845498 36.89675456, -85.7384332824 36.8964742558, -85.735038529 36.8959605635, -85.7341358243 36.8958190028, -85.7336506215 36.8957384662, -85.733373659 36.8956856954, -85.7330966971 36.8956263329, -85.7328190545 36.8955595537, -85.7325417559 36.8954861839, -85.7317792752 36.8952723955, -85.7300990996 36.8947909477, -85.7286463198 36.8943600525, -85.728448355 36.8942979467, -85.7281891927 36.894206992, -85.7279361892 36.8941061508, -85.7275929308 36.8939520112, -85.7272578821 36.8937893584, -85.7267686514 36.8935387889, -85.7245680099 36.8923908758, -85.7222744456 36.8912104914, -85.7220987304 36.8911187194, -85.7202592233 36.8901583916, -85.7195799735 36.8898083227, -85.7191232644 36.8895835456, -85.7187137256 36.8894005252, -85.718292556 36.8892326052, -85.7178577056 36.8890828056, -85.7173493481 36.8889266681, -85.71636408 36.8886451544, -85.7156099214 36.8884301641, -85.7115281033 36.8872660528, -85.7105637274 36.8869990533, -85.7096393626 36.8867298618, -85.7093638338 36.8866473737, -85.7088903871 36.8864857178, -85.7086217062 36.8863883989, -85.7083263683 36.8862707474, -85.7079636998 36.886113522, -85.707448247 36.8858798888, -85.7060847841 36.8852422144, -85.7052012276 36.8848307386, -85.7049999097 36.88473536, -85.7042903371 36.8844082609, -85.7040510681 36.8843161617, -85.703804955 36.8842366923, -85.7035195189 36.8841659956, -85.7033359516 36.8841203324, -85.7030857205 36.8840672254, -85.7028368541 36.8840207105, -85.7025377257 36.883978568, -85.7011870137 36.8838288779, -85.7010335154 36.8838120611, -85.7008512975 36.8837988008, -85.7007128333 36.8837959957, -85.7005572717 36.8837992259, -85.7003285321 36.8838213742, -85.7001069627 36.8838600037, -85.6998067304 36.8839389707, -85.6987028774 36.8842751989, -85.6982959479 36.8843892692, -85.6980613684 36.8844479375, -85.6978852671 36.884486583, -85.6975843676 36.8845353335, -85.6974257184 36.884550093, -85.6972462195 36.8845577013, -85.6970998893 36.884557086, -85.6968598929 36.8845391237, -85.6966236712 36.8845019391, -85.696394985 36.8844452578, -85.6961728092 36.8843699036, -85.6960316496 36.8843110652, -85.6958918651 36.8842437131, -85.6957578978 36.8841681238, -85.6955713182 36.8840403284, -85.695475305 36.8839603628, -85.695399451 36.8838971599, -85.6952422962 36.8837405408, -85.6951005356 36.8835723935, -85.6949714306 36.8833957379, -85.6946008893 36.8828443571, -85.6944700824 36.8826627568, -85.6942880184 36.8824462525, -85.6941674236 36.8823248032, -85.6940953314 36.8822643475, -85.6939887303 36.8821764113, -85.6939077455 36.8821211691, -85.6937915639 36.8820433892, -85.6936835743 36.8819834657, -85.6935776321 36.8819279365, -85.6934631403 36.8818770723, -85.6933500121 36.8818314267, -85.6931114388 36.8817530375, -85.6928649878 36.8816946923, -85.6926069013 36.881651996, -85.6923423098 36.8816208308, -85.6900430702 36.8814051781)"
"District 03","Metcalfe","03-80416.00","KY","90","KY-90","SAFETY(P)","0.0","3.28","Improve safety and mobility on KY 90 between the Barren County Line and KY 640 in Summer Shade. (MP 0-3.283) (2026CCN)","","2026","2026","U","SPP","750000","2030","","","","085-KY-0090-000","LINESTRING (-85.7430255731 36.8971730357, -85.7427451765 36.8971342941, -85.7402845498 36.89675456, -85.7384332824 36.8964742558, -85.735038529 36.8959605635, -85.7341358243 36.8958190028, -85.7336506215 36.8957384662, -85.733373659 36.8956856954, -85.7330966971 36.8956263329, -85.7328190545 36.8955595537, -85.7325417559 36.8954861839, -85.7317792752 36.8952723955, -85.7300990996 36.8947909477, -85.7286463198 36.8943600525, -85.728448355 36.8942979467, -85.7281891927 36.894206992, -85.7279361892 36.8941061508, -85.7275929308 36.8939520112, -85.7272578821 36.8937893584, -85.7267686514 36.8935387889, -85.7245680099 36.8923908758, -85.7222744456 36.8912104914, -85.7220987304 36.8911187194, -85.7202592233 36.8901583916, -85.7195799735 36.8898083227, -85.7191232644 36.8895835456, -85.7187137256 36.8894005252, -85.718292556 36.8892326052, -85.7178577056 36.8890828056, -85.7173493481 36.8889266681, -85.71636408 36.8886451544, -85.7156099214 36.8884301641, -85.7115281033 36.8872660528, -85.7105637274 36.8869990533, -85.7096393626 36.8867298618, -85.7093638338 36.8866473737, -85.7088903871 36.8864857178, -85.7086217062 36.8863883989, -85.7083263683 36.8862707474, -85.7079636998 36.886113522, -85.707448247 36.8858798888, -85.7060847841 36.8852422144, -85.7052012276 36.8848307386, -85.7049999097 36.88473536, -85.7042903371 36.8844082609, -85.7040510681 36.8843161617, -85.703804955 36.8842366923, -85.7035195189 36.8841659956, -85.7033359516 36.8841203324, -85.7030857205 36.8840672254, -85.7028368541 36.8840207105, -85.7025377257 36.883978568, -85.7011870137 36.8838288779, -85.7010335154 36.8838120611, -85.7008512975 36.8837988008, -85.7007128333 36.8837959957, -85.7005572717 36.8837992259, -85.7003285321 36.8838213742, -85.7001069627 36.8838600037, -85.6998067304 36.8839389707, -85.6987028774 36.8842751989, -85.6982959479 36.8843892692, -85.6980613684 36.8844479375, -85.6978852671 36.884486583, -85.6975843676 36.8845353335, -85.6974257184 36.884550093, -85.6972462195 36.8845577013, -85.6970998893 36.884557086, -85.6968598929 36.8845391237, -85.6966236712 36.8845019391, -85.696394985 36.8844452578, -85.6961728092 36.8843699036, -85.6960316496 36.8843110652, -85.6958918651 36.8842437131, -85.6957578978 36.8841681238, -85.6955713182 36.8840403284, -85.695475305 36.8839603628, -85.695399451 36.8838971599, -85.6952422962 36.8837405408, -85.6951005356 36.8835723935, -85.6949714306 36.8833957379, -85.6946008893 36.8828443571, -85.6944700824 36.8826627568, -85.6942880184 36.8824462525, -85.6941674236 36.8823248032, -85.6940953314 36.8822643475, -85.6939887303 36.8821764113, -85.6939077455 36.8821211691, -85.6937915639 36.8820433892, -85.6936835743 36.8819834657, -85.6935776321 36.8819279365, -85.6934631403 36.8818770723, -85.6933500121 36.8818314267, -85.6931114388 36.8817530375, -85.6928649878 36.8816946923, -85.6926069013 36.881651996, -85.6923423098 36.8816208308, -85.6900430702 36.8814051781)"
"District 03","Metcalfe","03-80417.00","KY","1243","KY-1243","SAFETY(P)","6.01","9.09","Improve safety and the alignment on KY 1243 from Wayne Porter Road to Ratliff Mitchell Road. (MP 6.011-9.09) (2026CCN)","","2026","2026","R","SPP","2500000","2031","","","","085-KY-1243-000","LINESTRING (-85.6812567802 37.0637830624, -85.681299026 37.063920161, -85.6813406368 37.0641385291, -85.6813542282 37.0642662474, -85.6813687541 37.0644955859, -85.6813540007 37.065261566, -85.6813615397 37.0656350894, -85.6813932006 37.0658660853, -85.6814341506 37.0660583616, -85.6814901901 37.0662418583, -85.6815578843 37.0664215174, -85.6815944748 37.0665105237, -85.6816382642 37.0665970631, -85.6817330416 37.0667695966, -85.6818374159 37.0669421359, -85.6820882916 37.0673201961, -85.6822960615 37.067614463, -85.6824278538 37.067790313, -85.6825442529 37.0679345703, -85.6826671655 37.0680763587, -85.6829017163 37.0683217536, -85.6830674593 37.0684789467, -85.6832390351 37.0686290018, -85.6834181571 37.0687735684, -85.6836055092 37.0689134709, -85.6838877527 37.0691061583, -85.6842152323 37.0693082083, -85.6852648341 37.0699399341, -85.6854590625 37.0700628089, -85.6856080649 37.0701669821, -85.6857676681 37.0702999996, -85.6858796425 37.0704198069, -85.6859720725 37.0705489415, -85.686019644 37.070630263, -85.6860719881 37.0707426224, -85.6861270448 37.0708895882, -85.6861970693 37.0711683932, -85.686296712 37.0716845079, -85.6865502004 37.0730680409, -85.6866920957 37.0738840922, -85.6867592585 37.0743098308, -85.6868179957 37.0745677557, -85.6868719908 37.0747592136, -85.6869410714 37.0749451867, -85.6870262695 37.0751243023, -85.6871303245 37.0752968368, -85.6872511815 37.0754630628, -85.687343637 37.0755721473, -85.687441238 37.0756762905, -85.6875446714 37.0757752196, -85.6877128584 37.0759090617, -85.687891337 37.0760338468, -85.6880849107 37.0761429848, -85.6884429709 37.0763057653, -85.6886698291 37.076373448, -85.6889189815 37.0764243886, -85.6892545173 37.0764698805, -85.6894204038 37.0764869955, -85.6898725159 37.0764902501, -85.6907980194 37.0764627108, -85.692356627 37.0764244925, -85.6927240775 37.0764246738, -85.6929369271 37.0764390602, -85.6931463375 37.0764680005, -85.6933519665 37.0765117692, -85.6938221549 37.0766369608, -85.6942772575 37.0767679112, -85.6949187828 37.0769640393, -85.6949975961 37.0769973091, -85.6950770898 37.0770377199, -85.6952340133 37.0771278773, -85.6953936599 37.0772455012, -85.6955025764 37.07736365, -85.695615924 37.0775161323, -85.6957063146 37.077656244, -85.695740544 37.0777227246, -85.6958664807 37.0780064931, -85.6959085836 37.0780872585, -85.6959431658 37.0781402816, -85.6960510435 37.0782749081, -85.6962123775 37.0784362006, -85.696353863 37.0785502439, -85.69647137 37.078644227, -85.6966539569 37.0788058033, -85.6967532938 37.0789036229, -85.6968533076 37.0790146255, -85.697030348 37.0792646348, -85.6974302839 37.079885242, -85.697531308 37.0800242588, -85.6976073421 37.0801154756, -85.6977114777 37.0802190645, -85.6978954397 37.0803842092, -85.6989646586 37.0812978825, -85.6990814677 37.0814201511, -85.6991290729 37.0814849888, -85.699176332 37.0815522984, -85.6992136509 37.0816209763, -85.6992506246 37.0816907524, -85.6993142878 37.081833322, -85.6995521412 37.0824099082, -85.6997862475 37.0829576542, -85.6998307256 37.0830856595, -85.6998587484 37.0832158538, -85.6998644882 37.0833457644, -85.6998431497 37.0834731907, -85.6997981595 37.0835967621, -85.6997332889 37.0837159313, -85.6993297245 37.0843463449, -85.698804654 37.0851876327, -85.6977183628 37.087039917, -85.6974832406 37.0874548024, -85.6974152589 37.0876008841, -85.6973870927 37.0876777722, -85.6973599562 37.0877543861, -85.6973166487 37.0879131126, -85.6972812246 37.0880743142, -85.6972140863 37.0884821342, -85.6971964876 37.0886438926, -85.6971881466 37.0888045577, -85.6971880906 37.0888839303, -85.6971992916 37.0890424066, -85.6972262646 37.0891984184, -85.6972467806 37.0892745052, -85.6973261657 37.0894893148, -85.6977216242 37.0902200528, -85.6984248836 37.0915548756, -85.6985365131 37.0917529453, -85.6986864818 37.0920383695, -85.6991504351 37.0929177168, -85.6992209942 37.093016621, -85.6992614198 37.0930603072, -85.6993069969 37.0930930097, -85.699352233 37.0931210439, -85.6994111847 37.0931482593, -85.6994691125 37.0931675097, -85.6995311588 37.093180994, -85.6996638316 37.0931950584, -85.6999487326 37.0932023223, -85.7001695195 37.0932131279, -85.7002425421 37.0932194765, -85.7003848096 37.0932409594, -85.7005212358 37.0932808409, -85.700647016 37.0933490072, -85.7007546094 37.0934424324, -85.7007988015 37.0934957323, -85.7008399067 37.0935515035, -85.700913542 37.0936690828, -85.7013673247 37.0944270238, -85.7014358087 37.0945602566, -85.701464222 37.0946283803, -85.7015052737 37.0947679183, -85.7015319262 37.0949063511, -85.7016301757 37.0956685373, -85.7016861191 37.0961096433, -85.7017175635 37.0962631837, -85.7017394572 37.0963398198, -85.7017623793 37.0964150823, -85.7018202281 37.0965639648, -85.7020736036 37.0970979826, -85.7021122722 37.0972163721, -85.7021269415 37.0973311797, -85.7021162402 37.0974437806, -85.7020897659 37.0975596707, -85.7020066359 37.0978021497, -85.7019643698 37.0979468715, -85.7018808386 37.0982797085, -85.7018303009 37.098489793, -85.7018064335 37.0985627815)"
"District 03","Metcalfe","03-80417.00","KY","1243","KY-1243","SAFETY(P)","6.01","9.09","Improve safety and the alignment on KY 1243 from Wayne Porter Road to Ratliff Mitchell Road. (MP 6.011-9.09) (2026CCN)","","2026","2026","D","SPP","900000","2030","","","","085-KY-1243-000","LINESTRING (-85.6812567802 37.0637830624, -85.681299026 37.063920161, -85.6813406368 37.0641385291, -85.6813542282 37.0642662474, -85.6813687541 37.0644955859, -85.6813540007 37.065261566, -85.6813615397 37.0656350894, -85.6813932006 37.0658660853, -85.6814341506 37.0660583616, -85.6814901901 37.0662418583, -85.6815578843 37.0664215174, -85.6815944748 37.0665105237, -85.6816382642 37.0665970631, -85.6817330416 37.0667695966, -85.6818374159 37.0669421359, -85.6820882916 37.0673201961, -85.6822960615 37.067614463, -85.6824278538 37.067790313, -85.6825442529 37.0679345703, -85.6826671655 37.0680763587, -85.6829017163 37.0683217536, -85.6830674593 37.0684789467, -85.6832390351 37.0686290018, -85.6834181571 37.0687735684, -85.6836055092 37.0689134709, -85.6838877527 37.0691061583, -85.6842152323 37.0693082083, -85.6852648341 37.0699399341, -85.6854590625 37.0700628089, -85.6856080649 37.0701669821, -85.6857676681 37.0702999996, -85.6858796425 37.0704198069, -85.6859720725 37.0705489415, -85.686019644 37.070630263, -85.6860719881 37.0707426224, -85.6861270448 37.0708895882, -85.6861970693 37.0711683932, -85.686296712 37.0716845079, -85.6865502004 37.0730680409, -85.6866920957 37.0738840922, -85.6867592585 37.0743098308, -85.6868179957 37.0745677557, -85.6868719908 37.0747592136, -85.6869410714 37.0749451867, -85.6870262695 37.0751243023, -85.6871303245 37.0752968368, -85.6872511815 37.0754630628, -85.687343637 37.0755721473, -85.687441238 37.0756762905, -85.6875446714 37.0757752196, -85.6877128584 37.0759090617, -85.687891337 37.0760338468, -85.6880849107 37.0761429848, -85.6884429709 37.0763057653, -85.6886698291 37.076373448, -85.6889189815 37.0764243886, -85.6892545173 37.0764698805, -85.6894204038 37.0764869955, -85.6898725159 37.0764902501, -85.6907980194 37.0764627108, -85.692356627 37.0764244925, -85.6927240775 37.0764246738, -85.6929369271 37.0764390602, -85.6931463375 37.0764680005, -85.6933519665 37.0765117692, -85.6938221549 37.0766369608, -85.6942772575 37.0767679112, -85.6949187828 37.0769640393, -85.6949975961 37.0769973091, -85.6950770898 37.0770377199, -85.6952340133 37.0771278773, -85.6953936599 37.0772455012, -85.6955025764 37.07736365, -85.695615924 37.0775161323, -85.6957063146 37.077656244, -85.695740544 37.0777227246, -85.6958664807 37.0780064931, -85.6959085836 37.0780872585, -85.6959431658 37.0781402816, -85.6960510435 37.0782749081, -85.6962123775 37.0784362006, -85.696353863 37.0785502439, -85.69647137 37.078644227, -85.6966539569 37.0788058033, -85.6967532938 37.0789036229, -85.6968533076 37.0790146255, -85.697030348 37.0792646348, -85.6974302839 37.079885242, -85.697531308 37.0800242588, -85.6976073421 37.0801154756, -85.6977114777 37.0802190645, -85.6978954397 37.0803842092, -85.6989646586 37.0812978825, -85.6990814677 37.0814201511, -85.6991290729 37.0814849888, -85.699176332 37.0815522984, -85.6992136509 37.0816209763, -85.6992506246 37.0816907524, -85.6993142878 37.081833322, -85.6995521412 37.0824099082, -85.6997862475 37.0829576542, -85.6998307256 37.0830856595, -85.6998587484 37.0832158538, -85.6998644882 37.0833457644, -85.6998431497 37.0834731907, -85.6997981595 37.0835967621, -85.6997332889 37.0837159313, -85.6993297245 37.0843463449, -85.698804654 37.0851876327, -85.6977183628 37.087039917, -85.6974832406 37.0874548024, -85.6974152589 37.0876008841, -85.6973870927 37.0876777722, -85.6973599562 37.0877543861, -85.6973166487 37.0879131126, -85.6972812246 37.0880743142, -85.6972140863 37.0884821342, -85.6971964876 37.0886438926, -85.6971881466 37.0888045577, -85.6971880906 37.0888839303, -85.6971992916 37.0890424066, -85.6972262646 37.0891984184, -85.6972467806 37.0892745052, -85.6973261657 37.0894893148, -85.6977216242 37.0902200528, -85.6984248836 37.0915548756, -85.6985365131 37.0917529453, -85.6986864818 37.0920383695, -85.6991504351 37.0929177168, -85.6992209942 37.093016621, -85.6992614198 37.0930603072, -85.6993069969 37.0930930097, -85.699352233 37.0931210439, -85.6994111847 37.0931482593, -85.6994691125 37.0931675097, -85.6995311588 37.093180994, -85.6996638316 37.0931950584, -85.6999487326 37.0932023223, -85.7001695195 37.0932131279, -85.7002425421 37.0932194765, -85.7003848096 37.0932409594, -85.7005212358 37.0932808409, -85.700647016 37.0933490072, -85.7007546094 37.0934424324, -85.7007988015 37.0934957323, -85.7008399067 37.0935515035, -85.700913542 37.0936690828, -85.7013673247 37.0944270238, -85.7014358087 37.0945602566, -85.701464222 37.0946283803, -85.7015052737 37.0947679183, -85.7015319262 37.0949063511, -85.7016301757 37.0956685373, -85.7016861191 37.0961096433, -85.7017175635 37.0962631837, -85.7017394572 37.0963398198, -85.7017623793 37.0964150823, -85.7018202281 37.0965639648, -85.7020736036 37.0970979826, -85.7021122722 37.0972163721, -85.7021269415 37.0973311797, -85.7021162402 37.0974437806, -85.7020897659 37.0975596707, -85.7020066359 37.0978021497, -85.7019643698 37.0979468715, -85.7018808386 37.0982797085, -85.7018303009 37.098489793, -85.7018064335 37.0985627815)"
"District 03","Metcalfe","03-80417.00","KY","1243","KY-1243","SAFETY(P)","6.01","9.09","Improve safety and the alignment on KY 1243 from Wayne Porter Road to Ratliff Mitchell Road. (MP 6.011-9.09) (2026CCN)","","2026","2026","C","SPP","7000000","2032","","","","085-KY-1243-000","LINESTRING (-85.6812567802 37.0637830624, -85.681299026 37.063920161, -85.6813406368 37.0641385291, -85.6813542282 37.0642662474, -85.6813687541 37.0644955859, -85.6813540007 37.065261566, -85.6813615397 37.0656350894, -85.6813932006 37.0658660853, -85.6814341506 37.0660583616, -85.6814901901 37.0662418583, -85.6815578843 37.0664215174, -85.6815944748 37.0665105237, -85.6816382642 37.0665970631, -85.6817330416 37.0667695966, -85.6818374159 37.0669421359, -85.6820882916 37.0673201961, -85.6822960615 37.067614463, -85.6824278538 37.067790313, -85.6825442529 37.0679345703, -85.6826671655 37.0680763587, -85.6829017163 37.0683217536, -85.6830674593 37.0684789467, -85.6832390351 37.0686290018, -85.6834181571 37.0687735684, -85.6836055092 37.0689134709, -85.6838877527 37.0691061583, -85.6842152323 37.0693082083, -85.6852648341 37.0699399341, -85.6854590625 37.0700628089, -85.6856080649 37.0701669821, -85.6857676681 37.0702999996, -85.6858796425 37.0704198069, -85.6859720725 37.0705489415, -85.686019644 37.070630263, -85.6860719881 37.0707426224, -85.6861270448 37.0708895882, -85.6861970693 37.0711683932, -85.686296712 37.0716845079, -85.6865502004 37.0730680409, -85.6866920957 37.0738840922, -85.6867592585 37.0743098308, -85.6868179957 37.0745677557, -85.6868719908 37.0747592136, -85.6869410714 37.0749451867, -85.6870262695 37.0751243023, -85.6871303245 37.0752968368, -85.6872511815 37.0754630628, -85.687343637 37.0755721473, -85.687441238 37.0756762905, -85.6875446714 37.0757752196, -85.6877128584 37.0759090617, -85.687891337 37.0760338468, -85.6880849107 37.0761429848, -85.6884429709 37.0763057653, -85.6886698291 37.076373448, -85.6889189815 37.0764243886, -85.6892545173 37.0764698805, -85.6894204038 37.0764869955, -85.6898725159 37.0764902501, -85.6907980194 37.0764627108, -85.692356627 37.0764244925, -85.6927240775 37.0764246738, -85.6929369271 37.0764390602, -85.6931463375 37.0764680005, -85.6933519665 37.0765117692, -85.6938221549 37.0766369608, -85.6942772575 37.0767679112, -85.6949187828 37.0769640393, -85.6949975961 37.0769973091, -85.6950770898 37.0770377199, -85.6952340133 37.0771278773, -85.6953936599 37.0772455012, -85.6955025764 37.07736365, -85.695615924 37.0775161323, -85.6957063146 37.077656244, -85.695740544 37.0777227246, -85.6958664807 37.0780064931, -85.6959085836 37.0780872585, -85.6959431658 37.0781402816, -85.6960510435 37.0782749081, -85.6962123775 37.0784362006, -85.696353863 37.0785502439, -85.69647137 37.078644227, -85.6966539569 37.0788058033, -85.6967532938 37.0789036229, -85.6968533076 37.0790146255, -85.697030348 37.0792646348, -85.6974302839 37.079885242, -85.697531308 37.0800242588, -85.6976073421 37.0801154756, -85.6977114777 37.0802190645, -85.6978954397 37.0803842092, -85.6989646586 37.0812978825, -85.6990814677 37.0814201511, -85.6991290729 37.0814849888, -85.699176332 37.0815522984, -85.6992136509 37.0816209763, -85.6992506246 37.0816907524, -85.6993142878 37.081833322, -85.6995521412 37.0824099082, -85.6997862475 37.0829576542, -85.6998307256 37.0830856595, -85.6998587484 37.0832158538, -85.6998644882 37.0833457644, -85.6998431497 37.0834731907, -85.6997981595 37.0835967621, -85.6997332889 37.0837159313, -85.6993297245 37.0843463449, -85.698804654 37.0851876327, -85.6977183628 37.087039917, -85.6974832406 37.0874548024, -85.6974152589 37.0876008841, -85.6973870927 37.0876777722, -85.6973599562 37.0877543861, -85.6973166487 37.0879131126, -85.6972812246 37.0880743142, -85.6972140863 37.0884821342, -85.6971964876 37.0886438926, -85.6971881466 37.0888045577, -85.6971880906 37.0888839303, -85.6971992916 37.0890424066, -85.6972262646 37.0891984184, -85.6972467806 37.0892745052, -85.6973261657 37.0894893148, -85.6977216242 37.0902200528, -85.6984248836 37.0915548756, -85.6985365131 37.0917529453, -85.6986864818 37.0920383695, -85.6991504351 37.0929177168, -85.6992209942 37.093016621, -85.6992614198 37.0930603072, -85.6993069969 37.0930930097, -85.699352233 37.0931210439, -85.6994111847 37.0931482593, -85.6994691125 37.0931675097, -85.6995311588 37.093180994, -85.6996638316 37.0931950584, -85.6999487326 37.0932023223, -85.7001695195 37.0932131279, -85.7002425421 37.0932194765, -85.7003848096 37.0932409594, -85.7005212358 37.0932808409, -85.700647016 37.0933490072, -85.7007546094 37.0934424324, -85.7007988015 37.0934957323, -85.7008399067 37.0935515035, -85.700913542 37.0936690828, -85.7013673247 37.0944270238, -85.7014358087 37.0945602566, -85.701464222 37.0946283803, -85.7015052737 37.0947679183, -85.7015319262 37.0949063511, -85.7016301757 37.0956685373, -85.7016861191 37.0961096433, -85.7017175635 37.0962631837, -85.7017394572 37.0963398198, -85.7017623793 37.0964150823, -85.7018202281 37.0965639648, -85.7020736036 37.0970979826, -85.7021122722 37.0972163721, -85.7021269415 37.0973311797, -85.7021162402 37.0974437806, -85.7020897659 37.0975596707, -85.7020066359 37.0978021497, -85.7019643698 37.0979468715, -85.7018808386 37.0982797085, -85.7018303009 37.098489793, -85.7018064335 37.0985627815)"
"District 03","Metcalfe","03-80417.00","KY","1243","KY-1243","SAFETY(P)","6.01","9.09","Improve safety and the alignment on KY 1243 from Wayne Porter Road to Ratliff Mitchell Road. (MP 6.011-9.09) (2026CCN)","","2026","2026","U","SPP","1500000","2031","","","","085-KY-1243-000","LINESTRING (-85.6812567802 37.0637830624, -85.681299026 37.063920161, -85.6813406368 37.0641385291, -85.6813542282 37.0642662474, -85.6813687541 37.0644955859, -85.6813540007 37.065261566, -85.6813615397 37.0656350894, -85.6813932006 37.0658660853, -85.6814341506 37.0660583616, -85.6814901901 37.0662418583, -85.6815578843 37.0664215174, -85.6815944748 37.0665105237, -85.6816382642 37.0665970631, -85.6817330416 37.0667695966, -85.6818374159 37.0669421359, -85.6820882916 37.0673201961, -85.6822960615 37.067614463, -85.6824278538 37.067790313, -85.6825442529 37.0679345703, -85.6826671655 37.0680763587, -85.6829017163 37.0683217536, -85.6830674593 37.0684789467, -85.6832390351 37.0686290018, -85.6834181571 37.0687735684, -85.6836055092 37.0689134709, -85.6838877527 37.0691061583, -85.6842152323 37.0693082083, -85.6852648341 37.0699399341, -85.6854590625 37.0700628089, -85.6856080649 37.0701669821, -85.6857676681 37.0702999996, -85.6858796425 37.0704198069, -85.6859720725 37.0705489415, -85.686019644 37.070630263, -85.6860719881 37.0707426224, -85.6861270448 37.0708895882, -85.6861970693 37.0711683932, -85.686296712 37.0716845079, -85.6865502004 37.0730680409, -85.6866920957 37.0738840922, -85.6867592585 37.0743098308, -85.6868179957 37.0745677557, -85.6868719908 37.0747592136, -85.6869410714 37.0749451867, -85.6870262695 37.0751243023, -85.6871303245 37.0752968368, -85.6872511815 37.0754630628, -85.687343637 37.0755721473, -85.687441238 37.0756762905, -85.6875446714 37.0757752196, -85.6877128584 37.0759090617, -85.687891337 37.0760338468, -85.6880849107 37.0761429848, -85.6884429709 37.0763057653, -85.6886698291 37.076373448, -85.6889189815 37.0764243886, -85.6892545173 37.0764698805, -85.6894204038 37.0764869955, -85.6898725159 37.0764902501, -85.6907980194 37.0764627108, -85.692356627 37.0764244925, -85.6927240775 37.0764246738, -85.6929369271 37.0764390602, -85.6931463375 37.0764680005, -85.6933519665 37.0765117692, -85.6938221549 37.0766369608, -85.6942772575 37.0767679112, -85.6949187828 37.0769640393, -85.6949975961 37.0769973091, -85.6950770898 37.0770377199, -85.6952340133 37.0771278773, -85.6953936599 37.0772455012, -85.6955025764 37.07736365, -85.695615924 37.0775161323, -85.6957063146 37.077656244, -85.695740544 37.0777227246, -85.6958664807 37.0780064931, -85.6959085836 37.0780872585, -85.6959431658 37.0781402816, -85.6960510435 37.0782749081, -85.6962123775 37.0784362006, -85.696353863 37.0785502439, -85.69647137 37.078644227, -85.6966539569 37.0788058033, -85.6967532938 37.0789036229, -85.6968533076 37.0790146255, -85.697030348 37.0792646348, -85.6974302839 37.079885242, -85.697531308 37.0800242588, -85.6976073421 37.0801154756, -85.6977114777 37.0802190645, -85.6978954397 37.0803842092, -85.6989646586 37.0812978825, -85.6990814677 37.0814201511, -85.6991290729 37.0814849888, -85.699176332 37.0815522984, -85.6992136509 37.0816209763, -85.6992506246 37.0816907524, -85.6993142878 37.081833322, -85.6995521412 37.0824099082, -85.6997862475 37.0829576542, -85.6998307256 37.0830856595, -85.6998587484 37.0832158538, -85.6998644882 37.0833457644, -85.6998431497 37.0834731907, -85.6997981595 37.0835967621, -85.6997332889 37.0837159313, -85.6993297245 37.0843463449, -85.698804654 37.0851876327, -85.6977183628 37.087039917, -85.6974832406 37.0874548024, -85.6974152589 37.0876008841, -85.6973870927 37.0876777722, -85.6973599562 37.0877543861, -85.6973166487 37.0879131126, -85.6972812246 37.0880743142, -85.6972140863 37.0884821342, -85.6971964876 37.0886438926, -85.6971881466 37.0888045577, -85.6971880906 37.0888839303, -85.6971992916 37.0890424066, -85.6972262646 37.0891984184, -85.6972467806 37.0892745052, -85.6973261657 37.0894893148, -85.6977216242 37.0902200528, -85.6984248836 37.0915548756, -85.6985365131 37.0917529453, -85.6986864818 37.0920383695, -85.6991504351 37.0929177168, -85.6992209942 37.093016621, -85.6992614198 37.0930603072, -85.6993069969 37.0930930097, -85.699352233 37.0931210439, -85.6994111847 37.0931482593, -85.6994691125 37.0931675097, -85.6995311588 37.093180994, -85.6996638316 37.0931950584, -85.6999487326 37.0932023223, -85.7001695195 37.0932131279, -85.7002425421 37.0932194765, -85.7003848096 37.0932409594, -85.7005212358 37.0932808409, -85.700647016 37.0933490072, -85.7007546094 37.0934424324, -85.7007988015 37.0934957323, -85.7008399067 37.0935515035, -85.700913542 37.0936690828, -85.7013673247 37.0944270238, -85.7014358087 37.0945602566, -85.701464222 37.0946283803, -85.7015052737 37.0947679183, -85.7015319262 37.0949063511, -85.7016301757 37.0956685373, -85.7016861191 37.0961096433, -85.7017175635 37.0962631837, -85.7017394572 37.0963398198, -85.7017623793 37.0964150823, -85.7018202281 37.0965639648, -85.7020736036 37.0970979826, -85.7021122722 37.0972163721, -85.7021269415 37.0973311797, -85.7021162402 37.0974437806, -85.7020897659 37.0975596707, -85.7020066359 37.0978021497, -85.7019643698 37.0979468715, -85.7018808386 37.0982797085, -85.7018303009 37.098489793, -85.7018064335 37.0985627815)"
"District 03","Monroe","03-00128.11","KY","214","KY-214","FERRY OPERATION(P)","1.737","1.837","OPERATION OF TURKEY NECK BEND FERRY FOR FY 2027-2032.(12CCR) (2020CCR) (2024CCR)","","2014","2026","C","SPP","7500000","2027","","","","086-KY-0214-000","MULTILINESTRING ((-85.5677230444 36.6880799411, -85.5677607428 36.6882915486, -85.5677692982 36.6884198157, -85.5677593043 36.6884631917, -85.5677469667 36.6884884388, -85.5676987777 36.6885328528, -85.5676332645 36.6885495026, -85.5676025664 36.6885527501, -85.5675459699 36.6885485415, -85.5674740721 36.6885270063, -85.5674018777 36.6884865224), (-85.5662506836 36.6891721091, -85.5661261464 36.6893405358, -85.5660936603 36.689377011, -85.5660543496 36.6894159459, -85.5660027776 36.6894490946, -85.5658826069 36.6895046546, -85.5657436858 36.6895582621, -85.5655742498 36.6896163741))"
"District 03","Monroe","03-10044.00","KY","678","KY-678","AM-BRIDGE (P)","19.41","19.432","BRIDGE PROJECT IN MONROE COUNTY ON (086B00040N) KY-678 AT SKAGGS CREEK","086B00040N","2022","2026","D","BRX","301224","2028","","","","086-KY-0678-000","LINESTRING (-85.7350408635 36.8069324916, -85.7349507232 36.8070357314, -85.7348009655 36.8071856641)"
"District 03","Monroe","03-10044.00","KY","678","KY-678","AM-BRIDGE (P)","19.41","19.432","BRIDGE PROJECT IN MONROE COUNTY ON (086B00040N) KY-678 AT SKAGGS CREEK","086B00040N","2022","2026","C","BRX","2008159","2028","","","","086-KY-0678-000","LINESTRING (-85.7350408635 36.8069324916, -85.7349507232 36.8070357314, -85.7348009655 36.8071856641)"
"District 03","Monroe","03-80003.00","KY","100","KY-100","AM-BRIDGE (P)","14.7","14.9","REPLACE BRIDGE ON KY-100 BETWEEN MP 14.7 AND 14.9. (18CCN)","","2018","2026","D","BRX","204133","2030","","","","086-KY-0100-000","LINESTRING (-85.685582407 36.7034126507, -85.685527364 36.7034269846, -85.6845694239 36.703677188, -85.6840195001 36.7038117212, -85.6835855604 36.7039224255, -85.6834194122 36.7039747843, -85.6833013632 36.7040178342, -85.6831345182 36.7040869459, -85.6829724372 36.7041662211, -85.6826560974 36.7043514158, -85.6820754302 36.704735907)"
"District 03","Monroe","03-80003.00","KY","100","KY-100","AM-BRIDGE (P)","14.7","14.9","REPLACE BRIDGE ON KY-100 BETWEEN MP 14.7 AND 14.9. (18CCN)","","2018","2026","C","BRX","1360887","2030","","","","086-KY-0100-000","LINESTRING (-85.685582407 36.7034126507, -85.685527364 36.7034269846, -85.6845694239 36.703677188, -85.6840195001 36.7038117212, -85.6835855604 36.7039224255, -85.6834194122 36.7039747843, -85.6833013632 36.7040178342, -85.6831345182 36.7040869459, -85.6829724372 36.7041662211, -85.6826560974 36.7043514158, -85.6820754302 36.704735907)"
"District 03","Monroe","03-80401.00","KY","163","KY-163","RECONSTRUCTION(O)","0.0","7.1","Reconstruct or realign KY 163 (Celina Road) from Tennessee State Line to Tompkinsville Bypass (2026CCN)","","2026","2026","C","SPP","30000000","2032","","","","086-KY-0163-000","LINESTRING (-85.6403770889 36.6175359445, -85.6402569373 36.6176951151, -85.6401146261 36.6178649759, -85.6397791629 36.6182562769, -85.6395546232 36.6185084471, -85.6393495793 36.6187073578, -85.6393048931 36.6187457632, -85.6391657411 36.6188488905, -85.6390119603 36.6189379973, -85.638901841 36.6189903458, -85.6388449086 36.6190163809, -85.6386656109 36.6190815708, -85.6384757704 36.619134116, -85.6380831704 36.6192199712, -85.63782517 36.6192870056, -85.6376983753 36.619326154, -85.6375112371 36.619393806, -85.6373288518 36.6194721725, -85.6370953 36.6195916832, -85.6369831146 36.6196577593, -85.6368190841 36.6197633309, -85.636337892 36.6200797816, -85.636187484 36.6201875633, -85.636053078 36.6203025001, -85.6359380754 36.6204270689, -85.6358428165 36.6205620925, -85.635769007 36.6207067495, -85.6357159679 36.6208591157, -85.6356850667 36.6210161733, -85.6356787721 36.6211229972, -85.6356766478 36.6211757241, -85.6356894547 36.6214915605, -85.635683767 36.6216469949, -85.6356583223 36.6218004869, -85.6356435974 36.6218501802, -85.6356093755 36.6219501119, -85.6355406747 36.6220947736, -85.6354563073 36.6222353005, -85.6353603607 36.6223727945, -85.6352562395 36.6225086325, -85.6350343701 36.6227791964, -85.6349132144 36.6229130953, -85.634780823 36.6230428635, -85.6346371961 36.6231668529, -85.6345120124 36.6232612002, -85.6343159013 36.6233941993, -85.6341409582 36.623498933, -85.6339626176 36.6235965221, -85.6337842867 36.6236875204, -85.6336069897 36.6237711042, -85.6334290241 36.6238458992, -85.6332490336 36.623907784, -85.6331890433 36.6239242013, -85.6330043184 36.6239630115, -85.6328155324 36.6239847909, -85.6326881007 36.6239893309, -85.6324979931 36.6239839204, -85.6320077793 36.623941403, -85.6317665583 36.6239406082, -85.6315866302 36.6239618449, -85.6314100791 36.6240023098, -85.6312379292 36.6240606288, -85.6311261005 36.6241091237, -85.6309160392 36.6242248017, -85.630764944 36.6243265336, -85.6306186043 36.6244362342, -85.6294013947 36.6254046887, -85.6290847891 36.6256669039, -85.6287313681 36.6259384175, -85.6284478586 36.6261693582, -85.6283093207 36.6262966409, -85.6282335429 36.6263816964, -85.6281365666 36.6265128666, -85.628061728 36.626648455, -85.6280117522 36.6267912094, -85.6279972861 36.6268870404, -85.62799336 36.6269968877, -85.6280017409 36.627081208, -85.628034208 36.627230915, -85.6280715268 36.6273300955, -85.6280905294 36.6273781754, -85.6281693442 36.6275224386, -85.6286731191 36.6282534825, -85.6287682857 36.6284007833, -85.6288511853 36.6285491705, -85.6289167018 36.6287005599, -85.6289634766 36.6288538515, -85.6289928672 36.6290106963, -85.6290059024 36.6291686216, -85.6289988333 36.6293268008, -85.6289774543 36.6294841415, -85.6289359754 36.6296395382, -85.6287770974 36.6301218964, -85.6287291187 36.6302921162, -85.6286910162 36.6304667404, -85.6286597229 36.6306441184, -85.6286314257 36.6308648912, -85.6286137635 36.63104091, -85.6286020166 36.6313526026, -85.6286135731 36.6315813812, -85.6286683492 36.6320554497, -85.6286755748 36.6322235307, -85.6286667802 36.632394615, -85.6286297107 36.6325607276, -85.6285859282 36.6326644912, -85.6285613084 36.6327174695, -85.6284571237 36.6328760964, -85.6283509585 36.6329948991, -85.6281291374 36.6332011871, -85.6273221454 36.6338849873, -85.6268141167 36.6342793661, -85.6264692129 36.6345231441, -85.6263365266 36.6346029197, -85.6261015523 36.6347202104, -85.6259048149 36.6347930513, -85.6257029862 36.6348532531, -85.6252806174 36.6349552364, -85.624725334 36.6350677845, -85.6243892181 36.6351434923, -85.6241662636 36.6352022965, -85.6239477304 36.6352657721, -85.6237356585 36.6353363961, -85.623480937 36.6354388291, -85.6233342952 36.6355070522, -85.6231450015 36.6356087327, -85.6229642091 36.6357205829, -85.6227932793 36.6358428802, -85.622635279 36.6359775495, -85.6224939506 36.6361259696, -85.6224007164 36.6362475275, -85.6222930871 36.6364174053, -85.6221765077 36.6366400013, -85.6219165801 36.637194741, -85.6215556798 36.638007796, -85.6210522169 36.6390843356, -85.6204244495 36.6405010014, -85.6201022125 36.6412064395, -85.6198907803 36.6416835101, -85.6198329121 36.6418424555, -85.6197941301 36.6419997753, -85.6197775029 36.642155472, -85.6197884795 36.6423109248, -85.6198267269 36.6424625637, -85.6198912261 36.6426079154, -85.6199809591 36.6427445074, -85.6200163253 36.642788488, -85.6200955902 36.6428698675, -85.62022626 36.6429828871, -85.6203763668 36.643089612, -85.6205343215 36.6431914017, -85.6209782628 36.6434577393, -85.6235926545 36.6449996516, -85.6239715821 36.6452310285, -85.6242010275 36.6453845221, -85.6243317323 36.6454835307, -85.6244552696 36.6455880242, -85.6246100875 36.645738141, -85.6246805027 36.6458167616, -85.624811443 36.6459800331, -85.6249294211 36.6461501572, -85.6249834633 36.6462380973, -85.6250789269 36.6464211039, -85.6251563127 36.6466128795, -85.6252030983 36.6467617799, -85.6252399931 36.646914514, -85.6252599294 36.6470177965, -85.6252804593 36.6471746327, -85.625298766 36.6474385718, -85.6253011435 36.6476494909, -85.625294647 36.6482786632, -85.6252990681 36.6491061301, -85.6253164893 36.6509324428, -85.6253192783 36.6519230393, -85.6253214472 36.652053491, -85.6253327535 36.6522240489, -85.6253621297 36.6523905065, -85.6254129905 36.6525503964, -85.6254649635 36.6526564598, -85.6255309144 36.6527600668, -85.6255768177 36.6528265768, -85.625623424 36.6528804548, -85.6257033815 36.6529651264, -85.6258364645 36.6530773188, -85.6259849038 36.6531788164, -85.6261129414 36.6532509067, -85.6263220668 36.6533434062, -85.6265084174 36.6533982574, -85.6267053681 36.6534327958, -85.626845776 36.6534439304, -85.6269105293 36.6534478441, -85.6272861424 36.653445771, -85.6277718633 36.6534333767, -85.6279068345 36.6534348922, -85.628167202 36.6534568619, -85.6283498454 36.6534867146, -85.6284711343 36.6535181496, -85.6286479352 36.6535784788, -85.6287061821 36.6536016094, -85.6288768067 36.6536871982, -85.6290381961 36.6537928248, -85.6291508688 36.6538841202, -85.6293683313 36.6540947139, -85.629746723 36.654487555, -85.6299929438 36.6548341202, -85.6300884392 36.6550116305, -85.6301257934 36.6550990012, -85.6301593958 36.6551877424, -85.6301705728 36.6552327931, -85.6302077093 36.655456931, -85.6302372853 36.6557195085, -85.6302723917 36.6561485187, -85.6303044337 36.6563616653, -85.6303602685 36.6566168555, -85.6304478154 36.6568652118, -85.6304902702 36.6569611024, -85.6306218269 36.6571850618, -85.6307752099 36.6574024536, -85.6309755908 36.6576465321, -85.6311083125 36.657782061, -85.6313213886 36.6579742469, -85.6314163755 36.6580462978, -85.6315662045 36.658142572, -85.6316656482 36.6581984232, -85.6318522951 36.6582919889, -85.6320880271 36.6583850539, -85.6322869796 36.6584574848, -85.6325135453 36.6585274709, -85.6327571679 36.6585895095, -85.6329347015 36.6586264904, -85.6331592723 36.6586646157, -85.6335051868 36.6587067083, -85.6337396774 36.6587234218, -85.6339810033 36.6587286069, -85.6342254115 36.6587239083, -85.6357911169 36.6586546074, -85.6364425449 36.6586330027, -85.6367438609 36.6586387904, -85.6368962013 36.6586567902, -85.6370870134 36.658705861, -85.6371735428 36.6587394506, -85.6372501887 36.6587719314, -85.6373346604 36.6588145815, -85.6374667996 36.6588924308, -85.6376819636 36.6590692267, -85.6379682481 36.6593284811, -85.6382559224 36.659570435, -85.6392358326 36.660327161, -85.6400867512 36.6609601726, -85.6404044272 36.6612084657, -85.6405538675 36.661349768, -85.6406542708 36.6614566938, -85.6409063852 36.6617851162, -85.6411088032 36.6620651563, -85.641298688 36.6622916303, -85.6414368943 36.6624246817, -85.6415284972 36.6624901292, -85.6417498718 36.6626293006, -85.6419266572 36.6627217418, -85.6421447083 36.6628024115, -85.6423208709 36.6628547553, -85.6424288899 36.6628831433, -85.6426834586 36.6629350096, -85.6450316549 36.6632969286, -85.6459051486 36.663441624, -85.6461692909 36.6634745419, -85.6463850376 36.6635002755, -85.6467899696 36.6635316709, -85.6489082238 36.6635508401, -85.6493080689 36.6635632722, -85.6496117788 36.6635802883, -85.6498428743 36.6635997125, -85.6500494208 36.6636235092, -85.6507562807 36.6637325964, -85.6512088735 36.6638145488, -85.6514365234 36.6638639026, -85.6517629778 36.6639542584, -85.6521970742 36.6641062223, -85.652471008 36.6642163055, -85.6534522124 36.6646540663, -85.6546582834 36.6652002084, -85.6549141375 36.6653253768, -85.6550752683 36.6654142143, -85.6552319605 36.6655104634, -85.6553893184 36.665619072, -85.6555378061 36.6657334398, -85.6556263451 36.6658084859, -85.6558193998 36.6659962165, -85.6559347983 36.6661286827, -85.6560535818 36.6662817488, -85.6573737091 36.6680885143, -85.6575779045 36.6683737449, -85.6576936007 36.6685474044, -85.6578004274 36.6687257248, -85.6579412248 36.6690040397, -85.6580156736 36.6691762918, -85.6581954525 36.6696380905, -85.6584384084 36.670294653, -85.6601195134 36.6748293163, -85.6602694771 36.6751562446, -85.6604704877 36.6755639539, -85.6606930066 36.6759486107, -85.6608134836 36.6761324326, -85.6609533797 36.6763286269, -85.6612056333 36.6766564563, -85.6613465893 36.6768235408, -85.6614640628 36.6769538067, -85.6617232065 36.6772247914, -85.6619605759 36.67745786, -85.66230593 36.677775871, -85.6627640382 36.6781837706, -85.663035853 36.6784149413, -85.6632051549 36.6785466165, -85.6633843557 36.6786706097, -85.6636388774 36.6788212984, -85.6638440179 36.678922516, -85.6640590577 36.6790141277, -85.6642315079 36.6790793436, -85.6644223761 36.6791393548, -85.664730865 36.6792096135, -85.6648706296 36.6792347078, -85.6650359684 36.679257898, -85.665169268 36.6792717272, -85.6663205878 36.6793626433, -85.6665824092 36.6793949646, -85.6667368373 36.6794195177, -85.6670330672 36.6794774038, -85.667224978 36.6795231292, -85.6673858634 36.679566911, -85.6675276566 36.6796093051, -85.6677969153 36.6797006747, -85.6679254047 36.6797496497, -85.6681554494 36.6798462084, -85.6682944914 36.679910571, -85.6685671098 36.6800510999, -85.6686904626 36.6801212175, -85.6688955856 36.6802482416, -85.6691259054 36.6804079637, -85.6692703551 36.6805184668, -85.6693848186 36.6806124707, -85.6695844325 36.6807919437, -85.6697908346 36.6810021807, -85.6699679176 36.6812085517, -85.6700561074 36.6813220363, -85.6707608564 36.682324928, -85.6711193764 36.682825278, -85.6714037153 36.6831844154, -85.6715968135 36.6834105687, -85.6718631544 36.6837032324, -85.67203244 36.6838780126, -85.6722766758 36.6841171071, -85.6724711897 36.6842976709, -85.6726718463 36.6844752176, -85.6729270228 36.6846890516, -85.6731488215 36.6848677097, -85.6735328223 36.6851516591, -85.6738084869 36.6853427108, -85.6740708728 36.6855148027, -85.6744532238 36.6857506872, -85.6740328288 36.6861467014)"
"District 03","Monroe","03-80401.00","KY","163","KY-163","RECONSTRUCTION(O)","0.0","7.1","Reconstruct or realign KY 163 (Celina Road) from Tennessee State Line to Tompkinsville Bypass (2026CCN)","","2026","2026","R","SPP","6000000","2030","","","","086-KY-0163-000","LINESTRING (-85.6403770889 36.6175359445, -85.6402569373 36.6176951151, -85.6401146261 36.6178649759, -85.6397791629 36.6182562769, -85.6395546232 36.6185084471, -85.6393495793 36.6187073578, -85.6393048931 36.6187457632, -85.6391657411 36.6188488905, -85.6390119603 36.6189379973, -85.638901841 36.6189903458, -85.6388449086 36.6190163809, -85.6386656109 36.6190815708, -85.6384757704 36.619134116, -85.6380831704 36.6192199712, -85.63782517 36.6192870056, -85.6376983753 36.619326154, -85.6375112371 36.619393806, -85.6373288518 36.6194721725, -85.6370953 36.6195916832, -85.6369831146 36.6196577593, -85.6368190841 36.6197633309, -85.636337892 36.6200797816, -85.636187484 36.6201875633, -85.636053078 36.6203025001, -85.6359380754 36.6204270689, -85.6358428165 36.6205620925, -85.635769007 36.6207067495, -85.6357159679 36.6208591157, -85.6356850667 36.6210161733, -85.6356787721 36.6211229972, -85.6356766478 36.6211757241, -85.6356894547 36.6214915605, -85.635683767 36.6216469949, -85.6356583223 36.6218004869, -85.6356435974 36.6218501802, -85.6356093755 36.6219501119, -85.6355406747 36.6220947736, -85.6354563073 36.6222353005, -85.6353603607 36.6223727945, -85.6352562395 36.6225086325, -85.6350343701 36.6227791964, -85.6349132144 36.6229130953, -85.634780823 36.6230428635, -85.6346371961 36.6231668529, -85.6345120124 36.6232612002, -85.6343159013 36.6233941993, -85.6341409582 36.623498933, -85.6339626176 36.6235965221, -85.6337842867 36.6236875204, -85.6336069897 36.6237711042, -85.6334290241 36.6238458992, -85.6332490336 36.623907784, -85.6331890433 36.6239242013, -85.6330043184 36.6239630115, -85.6328155324 36.6239847909, -85.6326881007 36.6239893309, -85.6324979931 36.6239839204, -85.6320077793 36.623941403, -85.6317665583 36.6239406082, -85.6315866302 36.6239618449, -85.6314100791 36.6240023098, -85.6312379292 36.6240606288, -85.6311261005 36.6241091237, -85.6309160392 36.6242248017, -85.630764944 36.6243265336, -85.6306186043 36.6244362342, -85.6294013947 36.6254046887, -85.6290847891 36.6256669039, -85.6287313681 36.6259384175, -85.6284478586 36.6261693582, -85.6283093207 36.6262966409, -85.6282335429 36.6263816964, -85.6281365666 36.6265128666, -85.628061728 36.626648455, -85.6280117522 36.6267912094, -85.6279972861 36.6268870404, -85.62799336 36.6269968877, -85.6280017409 36.627081208, -85.628034208 36.627230915, -85.6280715268 36.6273300955, -85.6280905294 36.6273781754, -85.6281693442 36.6275224386, -85.6286731191 36.6282534825, -85.6287682857 36.6284007833, -85.6288511853 36.6285491705, -85.6289167018 36.6287005599, -85.6289634766 36.6288538515, -85.6289928672 36.6290106963, -85.6290059024 36.6291686216, -85.6289988333 36.6293268008, -85.6289774543 36.6294841415, -85.6289359754 36.6296395382, -85.6287770974 36.6301218964, -85.6287291187 36.6302921162, -85.6286910162 36.6304667404, -85.6286597229 36.6306441184, -85.6286314257 36.6308648912, -85.6286137635 36.63104091, -85.6286020166 36.6313526026, -85.6286135731 36.6315813812, -85.6286683492 36.6320554497, -85.6286755748 36.6322235307, -85.6286667802 36.632394615, -85.6286297107 36.6325607276, -85.6285859282 36.6326644912, -85.6285613084 36.6327174695, -85.6284571237 36.6328760964, -85.6283509585 36.6329948991, -85.6281291374 36.6332011871, -85.6273221454 36.6338849873, -85.6268141167 36.6342793661, -85.6264692129 36.6345231441, -85.6263365266 36.6346029197, -85.6261015523 36.6347202104, -85.6259048149 36.6347930513, -85.6257029862 36.6348532531, -85.6252806174 36.6349552364, -85.624725334 36.6350677845, -85.6243892181 36.6351434923, -85.6241662636 36.6352022965, -85.6239477304 36.6352657721, -85.6237356585 36.6353363961, -85.623480937 36.6354388291, -85.6233342952 36.6355070522, -85.6231450015 36.6356087327, -85.6229642091 36.6357205829, -85.6227932793 36.6358428802, -85.622635279 36.6359775495, -85.6224939506 36.6361259696, -85.6224007164 36.6362475275, -85.6222930871 36.6364174053, -85.6221765077 36.6366400013, -85.6219165801 36.637194741, -85.6215556798 36.638007796, -85.6210522169 36.6390843356, -85.6204244495 36.6405010014, -85.6201022125 36.6412064395, -85.6198907803 36.6416835101, -85.6198329121 36.6418424555, -85.6197941301 36.6419997753, -85.6197775029 36.642155472, -85.6197884795 36.6423109248, -85.6198267269 36.6424625637, -85.6198912261 36.6426079154, -85.6199809591 36.6427445074, -85.6200163253 36.642788488, -85.6200955902 36.6428698675, -85.62022626 36.6429828871, -85.6203763668 36.643089612, -85.6205343215 36.6431914017, -85.6209782628 36.6434577393, -85.6235926545 36.6449996516, -85.6239715821 36.6452310285, -85.6242010275 36.6453845221, -85.6243317323 36.6454835307, -85.6244552696 36.6455880242, -85.6246100875 36.645738141, -85.6246805027 36.6458167616, -85.624811443 36.6459800331, -85.6249294211 36.6461501572, -85.6249834633 36.6462380973, -85.6250789269 36.6464211039, -85.6251563127 36.6466128795, -85.6252030983 36.6467617799, -85.6252399931 36.646914514, -85.6252599294 36.6470177965, -85.6252804593 36.6471746327, -85.625298766 36.6474385718, -85.6253011435 36.6476494909, -85.625294647 36.6482786632, -85.6252990681 36.6491061301, -85.6253164893 36.6509324428, -85.6253192783 36.6519230393, -85.6253214472 36.652053491, -85.6253327535 36.6522240489, -85.6253621297 36.6523905065, -85.6254129905 36.6525503964, -85.6254649635 36.6526564598, -85.6255309144 36.6527600668, -85.6255768177 36.6528265768, -85.625623424 36.6528804548, -85.6257033815 36.6529651264, -85.6258364645 36.6530773188, -85.6259849038 36.6531788164, -85.6261129414 36.6532509067, -85.6263220668 36.6533434062, -85.6265084174 36.6533982574, -85.6267053681 36.6534327958, -85.626845776 36.6534439304, -85.6269105293 36.6534478441, -85.6272861424 36.653445771, -85.6277718633 36.6534333767, -85.6279068345 36.6534348922, -85.628167202 36.6534568619, -85.6283498454 36.6534867146, -85.6284711343 36.6535181496, -85.6286479352 36.6535784788, -85.6287061821 36.6536016094, -85.6288768067 36.6536871982, -85.6290381961 36.6537928248, -85.6291508688 36.6538841202, -85.6293683313 36.6540947139, -85.629746723 36.654487555, -85.6299929438 36.6548341202, -85.6300884392 36.6550116305, -85.6301257934 36.6550990012, -85.6301593958 36.6551877424, -85.6301705728 36.6552327931, -85.6302077093 36.655456931, -85.6302372853 36.6557195085, -85.6302723917 36.6561485187, -85.6303044337 36.6563616653, -85.6303602685 36.6566168555, -85.6304478154 36.6568652118, -85.6304902702 36.6569611024, -85.6306218269 36.6571850618, -85.6307752099 36.6574024536, -85.6309755908 36.6576465321, -85.6311083125 36.657782061, -85.6313213886 36.6579742469, -85.6314163755 36.6580462978, -85.6315662045 36.658142572, -85.6316656482 36.6581984232, -85.6318522951 36.6582919889, -85.6320880271 36.6583850539, -85.6322869796 36.6584574848, -85.6325135453 36.6585274709, -85.6327571679 36.6585895095, -85.6329347015 36.6586264904, -85.6331592723 36.6586646157, -85.6335051868 36.6587067083, -85.6337396774 36.6587234218, -85.6339810033 36.6587286069, -85.6342254115 36.6587239083, -85.6357911169 36.6586546074, -85.6364425449 36.6586330027, -85.6367438609 36.6586387904, -85.6368962013 36.6586567902, -85.6370870134 36.658705861, -85.6371735428 36.6587394506, -85.6372501887 36.6587719314, -85.6373346604 36.6588145815, -85.6374667996 36.6588924308, -85.6376819636 36.6590692267, -85.6379682481 36.6593284811, -85.6382559224 36.659570435, -85.6392358326 36.660327161, -85.6400867512 36.6609601726, -85.6404044272 36.6612084657, -85.6405538675 36.661349768, -85.6406542708 36.6614566938, -85.6409063852 36.6617851162, -85.6411088032 36.6620651563, -85.641298688 36.6622916303, -85.6414368943 36.6624246817, -85.6415284972 36.6624901292, -85.6417498718 36.6626293006, -85.6419266572 36.6627217418, -85.6421447083 36.6628024115, -85.6423208709 36.6628547553, -85.6424288899 36.6628831433, -85.6426834586 36.6629350096, -85.6450316549 36.6632969286, -85.6459051486 36.663441624, -85.6461692909 36.6634745419, -85.6463850376 36.6635002755, -85.6467899696 36.6635316709, -85.6489082238 36.6635508401, -85.6493080689 36.6635632722, -85.6496117788 36.6635802883, -85.6498428743 36.6635997125, -85.6500494208 36.6636235092, -85.6507562807 36.6637325964, -85.6512088735 36.6638145488, -85.6514365234 36.6638639026, -85.6517629778 36.6639542584, -85.6521970742 36.6641062223, -85.652471008 36.6642163055, -85.6534522124 36.6646540663, -85.6546582834 36.6652002084, -85.6549141375 36.6653253768, -85.6550752683 36.6654142143, -85.6552319605 36.6655104634, -85.6553893184 36.665619072, -85.6555378061 36.6657334398, -85.6556263451 36.6658084859, -85.6558193998 36.6659962165, -85.6559347983 36.6661286827, -85.6560535818 36.6662817488, -85.6573737091 36.6680885143, -85.6575779045 36.6683737449, -85.6576936007 36.6685474044, -85.6578004274 36.6687257248, -85.6579412248 36.6690040397, -85.6580156736 36.6691762918, -85.6581954525 36.6696380905, -85.6584384084 36.670294653, -85.6601195134 36.6748293163, -85.6602694771 36.6751562446, -85.6604704877 36.6755639539, -85.6606930066 36.6759486107, -85.6608134836 36.6761324326, -85.6609533797 36.6763286269, -85.6612056333 36.6766564563, -85.6613465893 36.6768235408, -85.6614640628 36.6769538067, -85.6617232065 36.6772247914, -85.6619605759 36.67745786, -85.66230593 36.677775871, -85.6627640382 36.6781837706, -85.663035853 36.6784149413, -85.6632051549 36.6785466165, -85.6633843557 36.6786706097, -85.6636388774 36.6788212984, -85.6638440179 36.678922516, -85.6640590577 36.6790141277, -85.6642315079 36.6790793436, -85.6644223761 36.6791393548, -85.664730865 36.6792096135, -85.6648706296 36.6792347078, -85.6650359684 36.679257898, -85.665169268 36.6792717272, -85.6663205878 36.6793626433, -85.6665824092 36.6793949646, -85.6667368373 36.6794195177, -85.6670330672 36.6794774038, -85.667224978 36.6795231292, -85.6673858634 36.679566911, -85.6675276566 36.6796093051, -85.6677969153 36.6797006747, -85.6679254047 36.6797496497, -85.6681554494 36.6798462084, -85.6682944914 36.679910571, -85.6685671098 36.6800510999, -85.6686904626 36.6801212175, -85.6688955856 36.6802482416, -85.6691259054 36.6804079637, -85.6692703551 36.6805184668, -85.6693848186 36.6806124707, -85.6695844325 36.6807919437, -85.6697908346 36.6810021807, -85.6699679176 36.6812085517, -85.6700561074 36.6813220363, -85.6707608564 36.682324928, -85.6711193764 36.682825278, -85.6714037153 36.6831844154, -85.6715968135 36.6834105687, -85.6718631544 36.6837032324, -85.67203244 36.6838780126, -85.6722766758 36.6841171071, -85.6724711897 36.6842976709, -85.6726718463 36.6844752176, -85.6729270228 36.6846890516, -85.6731488215 36.6848677097, -85.6735328223 36.6851516591, -85.6738084869 36.6853427108, -85.6740708728 36.6855148027, -85.6744532238 36.6857506872, -85.6740328288 36.6861467014)"
"District 03","Monroe","03-80401.00","KY","163","KY-163","RECONSTRUCTION(O)","0.0","7.1","Reconstruct or realign KY 163 (Celina Road) from Tennessee State Line to Tompkinsville Bypass (2026CCN)","","2026","2026","U","SPP","1500000","2031","","","","086-KY-0163-000","LINESTRING (-85.6403770889 36.6175359445, -85.6402569373 36.6176951151, -85.6401146261 36.6178649759, -85.6397791629 36.6182562769, -85.6395546232 36.6185084471, -85.6393495793 36.6187073578, -85.6393048931 36.6187457632, -85.6391657411 36.6188488905, -85.6390119603 36.6189379973, -85.638901841 36.6189903458, -85.6388449086 36.6190163809, -85.6386656109 36.6190815708, -85.6384757704 36.619134116, -85.6380831704 36.6192199712, -85.63782517 36.6192870056, -85.6376983753 36.619326154, -85.6375112371 36.619393806, -85.6373288518 36.6194721725, -85.6370953 36.6195916832, -85.6369831146 36.6196577593, -85.6368190841 36.6197633309, -85.636337892 36.6200797816, -85.636187484 36.6201875633, -85.636053078 36.6203025001, -85.6359380754 36.6204270689, -85.6358428165 36.6205620925, -85.635769007 36.6207067495, -85.6357159679 36.6208591157, -85.6356850667 36.6210161733, -85.6356787721 36.6211229972, -85.6356766478 36.6211757241, -85.6356894547 36.6214915605, -85.635683767 36.6216469949, -85.6356583223 36.6218004869, -85.6356435974 36.6218501802, -85.6356093755 36.6219501119, -85.6355406747 36.6220947736, -85.6354563073 36.6222353005, -85.6353603607 36.6223727945, -85.6352562395 36.6225086325, -85.6350343701 36.6227791964, -85.6349132144 36.6229130953, -85.634780823 36.6230428635, -85.6346371961 36.6231668529, -85.6345120124 36.6232612002, -85.6343159013 36.6233941993, -85.6341409582 36.623498933, -85.6339626176 36.6235965221, -85.6337842867 36.6236875204, -85.6336069897 36.6237711042, -85.6334290241 36.6238458992, -85.6332490336 36.623907784, -85.6331890433 36.6239242013, -85.6330043184 36.6239630115, -85.6328155324 36.6239847909, -85.6326881007 36.6239893309, -85.6324979931 36.6239839204, -85.6320077793 36.623941403, -85.6317665583 36.6239406082, -85.6315866302 36.6239618449, -85.6314100791 36.6240023098, -85.6312379292 36.6240606288, -85.6311261005 36.6241091237, -85.6309160392 36.6242248017, -85.630764944 36.6243265336, -85.6306186043 36.6244362342, -85.6294013947 36.6254046887, -85.6290847891 36.6256669039, -85.6287313681 36.6259384175, -85.6284478586 36.6261693582, -85.6283093207 36.6262966409, -85.6282335429 36.6263816964, -85.6281365666 36.6265128666, -85.628061728 36.626648455, -85.6280117522 36.6267912094, -85.6279972861 36.6268870404, -85.62799336 36.6269968877, -85.6280017409 36.627081208, -85.628034208 36.627230915, -85.6280715268 36.6273300955, -85.6280905294 36.6273781754, -85.6281693442 36.6275224386, -85.6286731191 36.6282534825, -85.6287682857 36.6284007833, -85.6288511853 36.6285491705, -85.6289167018 36.6287005599, -85.6289634766 36.6288538515, -85.6289928672 36.6290106963, -85.6290059024 36.6291686216, -85.6289988333 36.6293268008, -85.6289774543 36.6294841415, -85.6289359754 36.6296395382, -85.6287770974 36.6301218964, -85.6287291187 36.6302921162, -85.6286910162 36.6304667404, -85.6286597229 36.6306441184, -85.6286314257 36.6308648912, -85.6286137635 36.63104091, -85.6286020166 36.6313526026, -85.6286135731 36.6315813812, -85.6286683492 36.6320554497, -85.6286755748 36.6322235307, -85.6286667802 36.632394615, -85.6286297107 36.6325607276, -85.6285859282 36.6326644912, -85.6285613084 36.6327174695, -85.6284571237 36.6328760964, -85.6283509585 36.6329948991, -85.6281291374 36.6332011871, -85.6273221454 36.6338849873, -85.6268141167 36.6342793661, -85.6264692129 36.6345231441, -85.6263365266 36.6346029197, -85.6261015523 36.6347202104, -85.6259048149 36.6347930513, -85.6257029862 36.6348532531, -85.6252806174 36.6349552364, -85.624725334 36.6350677845, -85.6243892181 36.6351434923, -85.6241662636 36.6352022965, -85.6239477304 36.6352657721, -85.6237356585 36.6353363961, -85.623480937 36.6354388291, -85.6233342952 36.6355070522, -85.6231450015 36.6356087327, -85.6229642091 36.6357205829, -85.6227932793 36.6358428802, -85.622635279 36.6359775495, -85.6224939506 36.6361259696, -85.6224007164 36.6362475275, -85.6222930871 36.6364174053, -85.6221765077 36.6366400013, -85.6219165801 36.637194741, -85.6215556798 36.638007796, -85.6210522169 36.6390843356, -85.6204244495 36.6405010014, -85.6201022125 36.6412064395, -85.6198907803 36.6416835101, -85.6198329121 36.6418424555, -85.6197941301 36.6419997753, -85.6197775029 36.642155472, -85.6197884795 36.6423109248, -85.6198267269 36.6424625637, -85.6198912261 36.6426079154, -85.6199809591 36.6427445074, -85.6200163253 36.642788488, -85.6200955902 36.6428698675, -85.62022626 36.6429828871, -85.6203763668 36.643089612, -85.6205343215 36.6431914017, -85.6209782628 36.6434577393, -85.6235926545 36.6449996516, -85.6239715821 36.6452310285, -85.6242010275 36.6453845221, -85.6243317323 36.6454835307, -85.6244552696 36.6455880242, -85.6246100875 36.645738141, -85.6246805027 36.6458167616, -85.624811443 36.6459800331, -85.6249294211 36.6461501572, -85.6249834633 36.6462380973, -85.6250789269 36.6464211039, -85.6251563127 36.6466128795, -85.6252030983 36.6467617799, -85.6252399931 36.646914514, -85.6252599294 36.6470177965, -85.6252804593 36.6471746327, -85.625298766 36.6474385718, -85.6253011435 36.6476494909, -85.625294647 36.6482786632, -85.6252990681 36.6491061301, -85.6253164893 36.6509324428, -85.6253192783 36.6519230393, -85.6253214472 36.652053491, -85.6253327535 36.6522240489, -85.6253621297 36.6523905065, -85.6254129905 36.6525503964, -85.6254649635 36.6526564598, -85.6255309144 36.6527600668, -85.6255768177 36.6528265768, -85.625623424 36.6528804548, -85.6257033815 36.6529651264, -85.6258364645 36.6530773188, -85.6259849038 36.6531788164, -85.6261129414 36.6532509067, -85.6263220668 36.6533434062, -85.6265084174 36.6533982574, -85.6267053681 36.6534327958, -85.626845776 36.6534439304, -85.6269105293 36.6534478441, -85.6272861424 36.653445771, -85.6277718633 36.6534333767, -85.6279068345 36.6534348922, -85.628167202 36.6534568619, -85.6283498454 36.6534867146, -85.6284711343 36.6535181496, -85.6286479352 36.6535784788, -85.6287061821 36.6536016094, -85.6288768067 36.6536871982, -85.6290381961 36.6537928248, -85.6291508688 36.6538841202, -85.6293683313 36.6540947139, -85.629746723 36.654487555, -85.6299929438 36.6548341202, -85.6300884392 36.6550116305, -85.6301257934 36.6550990012, -85.6301593958 36.6551877424, -85.6301705728 36.6552327931, -85.6302077093 36.655456931, -85.6302372853 36.6557195085, -85.6302723917 36.6561485187, -85.6303044337 36.6563616653, -85.6303602685 36.6566168555, -85.6304478154 36.6568652118, -85.6304902702 36.6569611024, -85.6306218269 36.6571850618, -85.6307752099 36.6574024536, -85.6309755908 36.6576465321, -85.6311083125 36.657782061, -85.6313213886 36.6579742469, -85.6314163755 36.6580462978, -85.6315662045 36.658142572, -85.6316656482 36.6581984232, -85.6318522951 36.6582919889, -85.6320880271 36.6583850539, -85.6322869796 36.6584574848, -85.6325135453 36.6585274709, -85.6327571679 36.6585895095, -85.6329347015 36.6586264904, -85.6331592723 36.6586646157, -85.6335051868 36.6587067083, -85.6337396774 36.6587234218, -85.6339810033 36.6587286069, -85.6342254115 36.6587239083, -85.6357911169 36.6586546074, -85.6364425449 36.6586330027, -85.6367438609 36.6586387904, -85.6368962013 36.6586567902, -85.6370870134 36.658705861, -85.6371735428 36.6587394506, -85.6372501887 36.6587719314, -85.6373346604 36.6588145815, -85.6374667996 36.6588924308, -85.6376819636 36.6590692267, -85.6379682481 36.6593284811, -85.6382559224 36.659570435, -85.6392358326 36.660327161, -85.6400867512 36.6609601726, -85.6404044272 36.6612084657, -85.6405538675 36.661349768, -85.6406542708 36.6614566938, -85.6409063852 36.6617851162, -85.6411088032 36.6620651563, -85.641298688 36.6622916303, -85.6414368943 36.6624246817, -85.6415284972 36.6624901292, -85.6417498718 36.6626293006, -85.6419266572 36.6627217418, -85.6421447083 36.6628024115, -85.6423208709 36.6628547553, -85.6424288899 36.6628831433, -85.6426834586 36.6629350096, -85.6450316549 36.6632969286, -85.6459051486 36.663441624, -85.6461692909 36.6634745419, -85.6463850376 36.6635002755, -85.6467899696 36.6635316709, -85.6489082238 36.6635508401, -85.6493080689 36.6635632722, -85.6496117788 36.6635802883, -85.6498428743 36.6635997125, -85.6500494208 36.6636235092, -85.6507562807 36.6637325964, -85.6512088735 36.6638145488, -85.6514365234 36.6638639026, -85.6517629778 36.6639542584, -85.6521970742 36.6641062223, -85.652471008 36.6642163055, -85.6534522124 36.6646540663, -85.6546582834 36.6652002084, -85.6549141375 36.6653253768, -85.6550752683 36.6654142143, -85.6552319605 36.6655104634, -85.6553893184 36.665619072, -85.6555378061 36.6657334398, -85.6556263451 36.6658084859, -85.6558193998 36.6659962165, -85.6559347983 36.6661286827, -85.6560535818 36.6662817488, -85.6573737091 36.6680885143, -85.6575779045 36.6683737449, -85.6576936007 36.6685474044, -85.6578004274 36.6687257248, -85.6579412248 36.6690040397, -85.6580156736 36.6691762918, -85.6581954525 36.6696380905, -85.6584384084 36.670294653, -85.6601195134 36.6748293163, -85.6602694771 36.6751562446, -85.6604704877 36.6755639539, -85.6606930066 36.6759486107, -85.6608134836 36.6761324326, -85.6609533797 36.6763286269, -85.6612056333 36.6766564563, -85.6613465893 36.6768235408, -85.6614640628 36.6769538067, -85.6617232065 36.6772247914, -85.6619605759 36.67745786, -85.66230593 36.677775871, -85.6627640382 36.6781837706, -85.663035853 36.6784149413, -85.6632051549 36.6785466165, -85.6633843557 36.6786706097, -85.6636388774 36.6788212984, -85.6638440179 36.678922516, -85.6640590577 36.6790141277, -85.6642315079 36.6790793436, -85.6644223761 36.6791393548, -85.664730865 36.6792096135, -85.6648706296 36.6792347078, -85.6650359684 36.679257898, -85.665169268 36.6792717272, -85.6663205878 36.6793626433, -85.6665824092 36.6793949646, -85.6667368373 36.6794195177, -85.6670330672 36.6794774038, -85.667224978 36.6795231292, -85.6673858634 36.679566911, -85.6675276566 36.6796093051, -85.6677969153 36.6797006747, -85.6679254047 36.6797496497, -85.6681554494 36.6798462084, -85.6682944914 36.679910571, -85.6685671098 36.6800510999, -85.6686904626 36.6801212175, -85.6688955856 36.6802482416, -85.6691259054 36.6804079637, -85.6692703551 36.6805184668, -85.6693848186 36.6806124707, -85.6695844325 36.6807919437, -85.6697908346 36.6810021807, -85.6699679176 36.6812085517, -85.6700561074 36.6813220363, -85.6707608564 36.682324928, -85.6711193764 36.682825278, -85.6714037153 36.6831844154, -85.6715968135 36.6834105687, -85.6718631544 36.6837032324, -85.67203244 36.6838780126, -85.6722766758 36.6841171071, -85.6724711897 36.6842976709, -85.6726718463 36.6844752176, -85.6729270228 36.6846890516, -85.6731488215 36.6848677097, -85.6735328223 36.6851516591, -85.6738084869 36.6853427108, -85.6740708728 36.6855148027, -85.6744532238 36.6857506872, -85.6740328288 36.6861467014)"
"District 03","Monroe","03-80401.00","KY","163","KY-163","RECONSTRUCTION(O)","0.0","7.1","Reconstruct or realign KY 163 (Celina Road) from Tennessee State Line to Tompkinsville Bypass (2026CCN)","","2026","2026","D","SPP","2500000","2027","","","","086-KY-0163-000","LINESTRING (-85.6403770889 36.6175359445, -85.6402569373 36.6176951151, -85.6401146261 36.6178649759, -85.6397791629 36.6182562769, -85.6395546232 36.6185084471, -85.6393495793 36.6187073578, -85.6393048931 36.6187457632, -85.6391657411 36.6188488905, -85.6390119603 36.6189379973, -85.638901841 36.6189903458, -85.6388449086 36.6190163809, -85.6386656109 36.6190815708, -85.6384757704 36.619134116, -85.6380831704 36.6192199712, -85.63782517 36.6192870056, -85.6376983753 36.619326154, -85.6375112371 36.619393806, -85.6373288518 36.6194721725, -85.6370953 36.6195916832, -85.6369831146 36.6196577593, -85.6368190841 36.6197633309, -85.636337892 36.6200797816, -85.636187484 36.6201875633, -85.636053078 36.6203025001, -85.6359380754 36.6204270689, -85.6358428165 36.6205620925, -85.635769007 36.6207067495, -85.6357159679 36.6208591157, -85.6356850667 36.6210161733, -85.6356787721 36.6211229972, -85.6356766478 36.6211757241, -85.6356894547 36.6214915605, -85.635683767 36.6216469949, -85.6356583223 36.6218004869, -85.6356435974 36.6218501802, -85.6356093755 36.6219501119, -85.6355406747 36.6220947736, -85.6354563073 36.6222353005, -85.6353603607 36.6223727945, -85.6352562395 36.6225086325, -85.6350343701 36.6227791964, -85.6349132144 36.6229130953, -85.634780823 36.6230428635, -85.6346371961 36.6231668529, -85.6345120124 36.6232612002, -85.6343159013 36.6233941993, -85.6341409582 36.623498933, -85.6339626176 36.6235965221, -85.6337842867 36.6236875204, -85.6336069897 36.6237711042, -85.6334290241 36.6238458992, -85.6332490336 36.623907784, -85.6331890433 36.6239242013, -85.6330043184 36.6239630115, -85.6328155324 36.6239847909, -85.6326881007 36.6239893309, -85.6324979931 36.6239839204, -85.6320077793 36.623941403, -85.6317665583 36.6239406082, -85.6315866302 36.6239618449, -85.6314100791 36.6240023098, -85.6312379292 36.6240606288, -85.6311261005 36.6241091237, -85.6309160392 36.6242248017, -85.630764944 36.6243265336, -85.6306186043 36.6244362342, -85.6294013947 36.6254046887, -85.6290847891 36.6256669039, -85.6287313681 36.6259384175, -85.6284478586 36.6261693582, -85.6283093207 36.6262966409, -85.6282335429 36.6263816964, -85.6281365666 36.6265128666, -85.628061728 36.626648455, -85.6280117522 36.6267912094, -85.6279972861 36.6268870404, -85.62799336 36.6269968877, -85.6280017409 36.627081208, -85.628034208 36.627230915, -85.6280715268 36.6273300955, -85.6280905294 36.6273781754, -85.6281693442 36.6275224386, -85.6286731191 36.6282534825, -85.6287682857 36.6284007833, -85.6288511853 36.6285491705, -85.6289167018 36.6287005599, -85.6289634766 36.6288538515, -85.6289928672 36.6290106963, -85.6290059024 36.6291686216, -85.6289988333 36.6293268008, -85.6289774543 36.6294841415, -85.6289359754 36.6296395382, -85.6287770974 36.6301218964, -85.6287291187 36.6302921162, -85.6286910162 36.6304667404, -85.6286597229 36.6306441184, -85.6286314257 36.6308648912, -85.6286137635 36.63104091, -85.6286020166 36.6313526026, -85.6286135731 36.6315813812, -85.6286683492 36.6320554497, -85.6286755748 36.6322235307, -85.6286667802 36.632394615, -85.6286297107 36.6325607276, -85.6285859282 36.6326644912, -85.6285613084 36.6327174695, -85.6284571237 36.6328760964, -85.6283509585 36.6329948991, -85.6281291374 36.6332011871, -85.6273221454 36.6338849873, -85.6268141167 36.6342793661, -85.6264692129 36.6345231441, -85.6263365266 36.6346029197, -85.6261015523 36.6347202104, -85.6259048149 36.6347930513, -85.6257029862 36.6348532531, -85.6252806174 36.6349552364, -85.624725334 36.6350677845, -85.6243892181 36.6351434923, -85.6241662636 36.6352022965, -85.6239477304 36.6352657721, -85.6237356585 36.6353363961, -85.623480937 36.6354388291, -85.6233342952 36.6355070522, -85.6231450015 36.6356087327, -85.6229642091 36.6357205829, -85.6227932793 36.6358428802, -85.622635279 36.6359775495, -85.6224939506 36.6361259696, -85.6224007164 36.6362475275, -85.6222930871 36.6364174053, -85.6221765077 36.6366400013, -85.6219165801 36.637194741, -85.6215556798 36.638007796, -85.6210522169 36.6390843356, -85.6204244495 36.6405010014, -85.6201022125 36.6412064395, -85.6198907803 36.6416835101, -85.6198329121 36.6418424555, -85.6197941301 36.6419997753, -85.6197775029 36.642155472, -85.6197884795 36.6423109248, -85.6198267269 36.6424625637, -85.6198912261 36.6426079154, -85.6199809591 36.6427445074, -85.6200163253 36.642788488, -85.6200955902 36.6428698675, -85.62022626 36.6429828871, -85.6203763668 36.643089612, -85.6205343215 36.6431914017, -85.6209782628 36.6434577393, -85.6235926545 36.6449996516, -85.6239715821 36.6452310285, -85.6242010275 36.6453845221, -85.6243317323 36.6454835307, -85.6244552696 36.6455880242, -85.6246100875 36.645738141, -85.6246805027 36.6458167616, -85.624811443 36.6459800331, -85.6249294211 36.6461501572, -85.6249834633 36.6462380973, -85.6250789269 36.6464211039, -85.6251563127 36.6466128795, -85.6252030983 36.6467617799, -85.6252399931 36.646914514, -85.6252599294 36.6470177965, -85.6252804593 36.6471746327, -85.625298766 36.6474385718, -85.6253011435 36.6476494909, -85.625294647 36.6482786632, -85.6252990681 36.6491061301, -85.6253164893 36.6509324428, -85.6253192783 36.6519230393, -85.6253214472 36.652053491, -85.6253327535 36.6522240489, -85.6253621297 36.6523905065, -85.6254129905 36.6525503964, -85.6254649635 36.6526564598, -85.6255309144 36.6527600668, -85.6255768177 36.6528265768, -85.625623424 36.6528804548, -85.6257033815 36.6529651264, -85.6258364645 36.6530773188, -85.6259849038 36.6531788164, -85.6261129414 36.6532509067, -85.6263220668 36.6533434062, -85.6265084174 36.6533982574, -85.6267053681 36.6534327958, -85.626845776 36.6534439304, -85.6269105293 36.6534478441, -85.6272861424 36.653445771, -85.6277718633 36.6534333767, -85.6279068345 36.6534348922, -85.628167202 36.6534568619, -85.6283498454 36.6534867146, -85.6284711343 36.6535181496, -85.6286479352 36.6535784788, -85.6287061821 36.6536016094, -85.6288768067 36.6536871982, -85.6290381961 36.6537928248, -85.6291508688 36.6538841202, -85.6293683313 36.6540947139, -85.629746723 36.654487555, -85.6299929438 36.6548341202, -85.6300884392 36.6550116305, -85.6301257934 36.6550990012, -85.6301593958 36.6551877424, -85.6301705728 36.6552327931, -85.6302077093 36.655456931, -85.6302372853 36.6557195085, -85.6302723917 36.6561485187, -85.6303044337 36.6563616653, -85.6303602685 36.6566168555, -85.6304478154 36.6568652118, -85.6304902702 36.6569611024, -85.6306218269 36.6571850618, -85.6307752099 36.6574024536, -85.6309755908 36.6576465321, -85.6311083125 36.657782061, -85.6313213886 36.6579742469, -85.6314163755 36.6580462978, -85.6315662045 36.658142572, -85.6316656482 36.6581984232, -85.6318522951 36.6582919889, -85.6320880271 36.6583850539, -85.6322869796 36.6584574848, -85.6325135453 36.6585274709, -85.6327571679 36.6585895095, -85.6329347015 36.6586264904, -85.6331592723 36.6586646157, -85.6335051868 36.6587067083, -85.6337396774 36.6587234218, -85.6339810033 36.6587286069, -85.6342254115 36.6587239083, -85.6357911169 36.6586546074, -85.6364425449 36.6586330027, -85.6367438609 36.6586387904, -85.6368962013 36.6586567902, -85.6370870134 36.658705861, -85.6371735428 36.6587394506, -85.6372501887 36.6587719314, -85.6373346604 36.6588145815, -85.6374667996 36.6588924308, -85.6376819636 36.6590692267, -85.6379682481 36.6593284811, -85.6382559224 36.659570435, -85.6392358326 36.660327161, -85.6400867512 36.6609601726, -85.6404044272 36.6612084657, -85.6405538675 36.661349768, -85.6406542708 36.6614566938, -85.6409063852 36.6617851162, -85.6411088032 36.6620651563, -85.641298688 36.6622916303, -85.6414368943 36.6624246817, -85.6415284972 36.6624901292, -85.6417498718 36.6626293006, -85.6419266572 36.6627217418, -85.6421447083 36.6628024115, -85.6423208709 36.6628547553, -85.6424288899 36.6628831433, -85.6426834586 36.6629350096, -85.6450316549 36.6632969286, -85.6459051486 36.663441624, -85.6461692909 36.6634745419, -85.6463850376 36.6635002755, -85.6467899696 36.6635316709, -85.6489082238 36.6635508401, -85.6493080689 36.6635632722, -85.6496117788 36.6635802883, -85.6498428743 36.6635997125, -85.6500494208 36.6636235092, -85.6507562807 36.6637325964, -85.6512088735 36.6638145488, -85.6514365234 36.6638639026, -85.6517629778 36.6639542584, -85.6521970742 36.6641062223, -85.652471008 36.6642163055, -85.6534522124 36.6646540663, -85.6546582834 36.6652002084, -85.6549141375 36.6653253768, -85.6550752683 36.6654142143, -85.6552319605 36.6655104634, -85.6553893184 36.665619072, -85.6555378061 36.6657334398, -85.6556263451 36.6658084859, -85.6558193998 36.6659962165, -85.6559347983 36.6661286827, -85.6560535818 36.6662817488, -85.6573737091 36.6680885143, -85.6575779045 36.6683737449, -85.6576936007 36.6685474044, -85.6578004274 36.6687257248, -85.6579412248 36.6690040397, -85.6580156736 36.6691762918, -85.6581954525 36.6696380905, -85.6584384084 36.670294653, -85.6601195134 36.6748293163, -85.6602694771 36.6751562446, -85.6604704877 36.6755639539, -85.6606930066 36.6759486107, -85.6608134836 36.6761324326, -85.6609533797 36.6763286269, -85.6612056333 36.6766564563, -85.6613465893 36.6768235408, -85.6614640628 36.6769538067, -85.6617232065 36.6772247914, -85.6619605759 36.67745786, -85.66230593 36.677775871, -85.6627640382 36.6781837706, -85.663035853 36.6784149413, -85.6632051549 36.6785466165, -85.6633843557 36.6786706097, -85.6636388774 36.6788212984, -85.6638440179 36.678922516, -85.6640590577 36.6790141277, -85.6642315079 36.6790793436, -85.6644223761 36.6791393548, -85.664730865 36.6792096135, -85.6648706296 36.6792347078, -85.6650359684 36.679257898, -85.665169268 36.6792717272, -85.6663205878 36.6793626433, -85.6665824092 36.6793949646, -85.6667368373 36.6794195177, -85.6670330672 36.6794774038, -85.667224978 36.6795231292, -85.6673858634 36.679566911, -85.6675276566 36.6796093051, -85.6677969153 36.6797006747, -85.6679254047 36.6797496497, -85.6681554494 36.6798462084, -85.6682944914 36.679910571, -85.6685671098 36.6800510999, -85.6686904626 36.6801212175, -85.6688955856 36.6802482416, -85.6691259054 36.6804079637, -85.6692703551 36.6805184668, -85.6693848186 36.6806124707, -85.6695844325 36.6807919437, -85.6697908346 36.6810021807, -85.6699679176 36.6812085517, -85.6700561074 36.6813220363, -85.6707608564 36.682324928, -85.6711193764 36.682825278, -85.6714037153 36.6831844154, -85.6715968135 36.6834105687, -85.6718631544 36.6837032324, -85.67203244 36.6838780126, -85.6722766758 36.6841171071, -85.6724711897 36.6842976709, -85.6726718463 36.6844752176, -85.6729270228 36.6846890516, -85.6731488215 36.6848677097, -85.6735328223 36.6851516591, -85.6738084869 36.6853427108, -85.6740708728 36.6855148027, -85.6744532238 36.6857506872, -85.6740328288 36.6861467014)"
"District 03","Monroe","03-80418.00","KY","100","KY-100","SAFETY(P)","13.5","13.6","Improve safety and mobility on KY 100 at the narrow bridge over East Fork Barren River. (MP 13.5-13.6) (2026CCN)","","2026","2026","D","SPP","300000","2029","","","","086-KY-0100-000","LINESTRING (-85.7951118153 36.6503071301, -85.795352277 36.6497040335, -85.7955258096 36.6492283052, -85.7955622043 36.6491066302, -85.795575792 36.6490319251, -85.7955822201 36.6489542018, -85.7955801491 36.6489108663)"
"District 03","Monroe","03-80418.00","KY","100","KY-100","SAFETY(P)","13.5","13.6","Improve safety and mobility on KY 100 at the narrow bridge over East Fork Barren River. (MP 13.5-13.6) (2026CCN)","","2026","2026","U","SPP","200000","2031","","","","086-KY-0100-000","LINESTRING (-85.7951118153 36.6503071301, -85.795352277 36.6497040335, -85.7955258096 36.6492283052, -85.7955622043 36.6491066302, -85.795575792 36.6490319251, -85.7955822201 36.6489542018, -85.7955801491 36.6489108663)"
"District 03","Monroe","03-80418.00","KY","100","KY-100","SAFETY(P)","13.5","13.6","Improve safety and mobility on KY 100 at the narrow bridge over East Fork Barren River. (MP 13.5-13.6) (2026CCN)","","2026","2026","C","SPP","1500000","2032","","","","086-KY-0100-000","LINESTRING (-85.7951118153 36.6503071301, -85.795352277 36.6497040335, -85.7955258096 36.6492283052, -85.7955622043 36.6491066302, -85.795575792 36.6490319251, -85.7955822201 36.6489542018, -85.7955801491 36.6489108663)"
"District 03","Monroe","03-80418.00","KY","100","KY-100","SAFETY(P)","13.5","13.6","Improve safety and mobility on KY 100 at the narrow bridge over East Fork Barren River. (MP 13.5-13.6) (2026CCN)","","2026","2026","R","SPP","100000","2030","","","","086-KY-0100-000","LINESTRING (-85.7951118153 36.6503071301, -85.795352277 36.6497040335, -85.7955258096 36.6492283052, -85.7955622043 36.6491066302, -85.795575792 36.6490319251, -85.7955822201 36.6489542018, -85.7955801491 36.6489108663)"
"District 03","Monroe","03-80419.00","KY","100","KY-100","SAFETY(P)","1.72","1.77","Improve safety and mobility on KY 100 at the narrow bridge over Spring Creek. (MP1.72-1.77) (2026CCN)","","2026","2026","U","SPP","100000","2027","","","","086-KY-0100-000","LINESTRING (-85.9494452926 36.7219544603, -85.9493546655 36.7219296494, -85.9486352992 36.7217196906, -85.9486004867 36.7217140377)"
"District 03","Monroe","03-80419.00","KY","100","KY-100","SAFETY(P)","1.72","1.77","Improve safety and mobility on KY 100 at the narrow bridge over Spring Creek. (MP1.72-1.77) (2026CCN)","","2026","2026","D","SPP","250000","2027","","","","086-KY-0100-000","LINESTRING (-85.9494452926 36.7219544603, -85.9493546655 36.7219296494, -85.9486352992 36.7217196906, -85.9486004867 36.7217140377)"
"District 03","Monroe","03-80419.00","KY","100","KY-100","SAFETY(P)","1.72","1.77","Improve safety and mobility on KY 100 at the narrow bridge over Spring Creek. (MP1.72-1.77) (2026CCN)","","2026","2026","R","SPP","75000","2027","","","","086-KY-0100-000","LINESTRING (-85.9494452926 36.7219544603, -85.9493546655 36.7219296494, -85.9486352992 36.7217196906, -85.9486004867 36.7217140377)"
"District 03","Monroe","03-80419.00","KY","100","KY-100","SAFETY(P)","1.72","1.77","Improve safety and mobility on KY 100 at the narrow bridge over Spring Creek. (MP1.72-1.77) (2026CCN)","","2026","2026","C","SPP","600000","2029","","","","086-KY-0100-000","LINESTRING (-85.9494452926 36.7219544603, -85.9493546655 36.7219296494, -85.9486352992 36.7217196906, -85.9486004867 36.7217140377)"
"District 03","Monroe","03-80420.00","KY","100","KY-100","SAFETY(P)","4.0","4.1","Improve safety and mobility on KY 100 at the narrow bridge over Indian Creek. (MP 4-4.1) (2026CCN)","","2026","2026","C","SPP","800000","2029","","","","086-KY-0100-000","LINESTRING (-85.9130158636 36.713661599, -85.9126020849 36.7135346029, -85.9117469558 36.7132400186, -85.91151518 36.713165641, -85.9113416618 36.7131306025)"
"District 03","Monroe","03-80420.00","KY","100","KY-100","SAFETY(P)","4.0","4.1","Improve safety and mobility on KY 100 at the narrow bridge over Indian Creek. (MP 4-4.1) (2026CCN)","","2026","2026","R","SPP","75000","2028","","","","086-KY-0100-000","LINESTRING (-85.9130158636 36.713661599, -85.9126020849 36.7135346029, -85.9117469558 36.7132400186, -85.91151518 36.713165641, -85.9113416618 36.7131306025)"
"District 03","Monroe","03-80420.00","KY","100","KY-100","SAFETY(P)","4.0","4.1","Improve safety and mobility on KY 100 at the narrow bridge over Indian Creek. (MP 4-4.1) (2026CCN)","","2026","2026","U","SPP","100000","2028","","","","086-KY-0100-000","LINESTRING (-85.9130158636 36.713661599, -85.9126020849 36.7135346029, -85.9117469558 36.7132400186, -85.91151518 36.713165641, -85.9113416618 36.7131306025)"
"District 03","Monroe","03-80420.00","KY","100","KY-100","SAFETY(P)","4.0","4.1","Improve safety and mobility on KY 100 at the narrow bridge over Indian Creek. (MP 4-4.1) (2026CCN)","","2026","2026","D","SPP","250000","2028","","","","086-KY-0100-000","LINESTRING (-85.9130158636 36.713661599, -85.9126020849 36.7135346029, -85.9117469558 36.7132400186, -85.91151518 36.713165641, -85.9113416618 36.7131306025)"
"District 03","Simpson","03-08855.00","KY","1008","KY-1008","MAJOR WIDENING","3.688","4.333","IMPROVE KY-1008 FROM KY-73 TO NORTH FRANKLIN STREET. (14CCN) (2022CCR) (2024CCR)","","2014","2026","C","HGC","4600000","2026","","","","107-KY-1008-000","LINESTRING (-86.5600259055 36.7204664784, -86.5595573867 36.7218811501, -86.559484294 36.7220950593, -86.5593772076 36.7224154933, -86.559105238 36.7232336354, -86.5587897008 36.7241885792, -86.5582061172 36.7259484532, -86.5581169207 36.726220149, -86.5579064631 36.7268596159, -86.5578324873 36.7270875373, -86.5577680434 36.7273134694, -86.5577278968 36.7274826554, -86.5576807688 36.7277642203, -86.557657947 36.7279898623, -86.557615371 36.7285995961, -86.5575678436 36.7296375357)"
"District 03","Simpson","03-08856.00","US","31","US-31","MAJOR WIDENING","8.477","10.799","IMPROVE US-31W FROM KY-1008 TO KY-621. (14CCN)(16CCR)  (2020CCR) (2024CCR)","","2014","2026","C","STPF","13760000","2031","","","","107-US-0031W-000","LINESTRING (-86.5781866121 36.7507414305, -86.5778217264 36.7519453393, -86.5772845612 36.7536843888, -86.5770869917 36.7543086966, -86.5769747769 36.7546256145, -86.5768052019 36.7550648848, -86.576181738 36.7566271236, -86.5757484736 36.7577952603, -86.5754159189 36.7587176938, -86.5750923239 36.7596175424, -86.5745355525 36.7611672143, -86.5738498973 36.7630745656, -86.5737483383 36.7634007427, -86.5736206565 36.7638660776, -86.572819502 36.7670442108, -86.5721039496 36.7698465651, -86.5719080171 36.7705345717, -86.5718028499 36.7708758788, -86.571095337 36.7730154478, -86.5706614328 36.7743283109, -86.5705153652 36.774833047, -86.5703991245 36.7752867626, -86.5702679022 36.7758693939, -86.5701633572 36.7763938859, -86.5700453822 36.7770956198, -86.5697326771 36.779068425, -86.5693800298 36.7812933644, -86.5692354145 36.7821521099, -86.5692008607 36.7823336219, -86.5691187081 36.7826901447, -86.5690748765 36.7828662292, -86.5689932548 36.7831463967, -86.5689183635 36.7833861432, -86.5689034232 36.7834289908)"
"District 03","Simpson","03-08856.00","US","31","US-31","MAJOR WIDENING","8.477","10.799","IMPROVE US-31W FROM KY-1008 TO KY-621. (14CCN)(16CCR)  (2020CCR) (2024CCR)","","2014","2026","U","STPF","8880000","2030","","","","107-US-0031W-000","LINESTRING (-86.5781866121 36.7507414305, -86.5778217264 36.7519453393, -86.5772845612 36.7536843888, -86.5770869917 36.7543086966, -86.5769747769 36.7546256145, -86.5768052019 36.7550648848, -86.576181738 36.7566271236, -86.5757484736 36.7577952603, -86.5754159189 36.7587176938, -86.5750923239 36.7596175424, -86.5745355525 36.7611672143, -86.5738498973 36.7630745656, -86.5737483383 36.7634007427, -86.5736206565 36.7638660776, -86.572819502 36.7670442108, -86.5721039496 36.7698465651, -86.5719080171 36.7705345717, -86.5718028499 36.7708758788, -86.571095337 36.7730154478, -86.5706614328 36.7743283109, -86.5705153652 36.774833047, -86.5703991245 36.7752867626, -86.5702679022 36.7758693939, -86.5701633572 36.7763938859, -86.5700453822 36.7770956198, -86.5697326771 36.779068425, -86.5693800298 36.7812933644, -86.5692354145 36.7821521099, -86.5692008607 36.7823336219, -86.5691187081 36.7826901447, -86.5690748765 36.7828662292, -86.5689932548 36.7831463967, -86.5689183635 36.7833861432, -86.5689034232 36.7834289908)"
"District 03","Simpson","03-08856.00","US","31","US-31","MAJOR WIDENING","8.477","10.799","IMPROVE US-31W FROM KY-1008 TO KY-621. (14CCN)(16CCR)  (2020CCR) (2024CCR)","","2014","2026","R","STPF","4200000","2029","","","","107-US-0031W-000","LINESTRING (-86.5781866121 36.7507414305, -86.5778217264 36.7519453393, -86.5772845612 36.7536843888, -86.5770869917 36.7543086966, -86.5769747769 36.7546256145, -86.5768052019 36.7550648848, -86.576181738 36.7566271236, -86.5757484736 36.7577952603, -86.5754159189 36.7587176938, -86.5750923239 36.7596175424, -86.5745355525 36.7611672143, -86.5738498973 36.7630745656, -86.5737483383 36.7634007427, -86.5736206565 36.7638660776, -86.572819502 36.7670442108, -86.5721039496 36.7698465651, -86.5719080171 36.7705345717, -86.5718028499 36.7708758788, -86.571095337 36.7730154478, -86.5706614328 36.7743283109, -86.5705153652 36.774833047, -86.5703991245 36.7752867626, -86.5702679022 36.7758693939, -86.5701633572 36.7763938859, -86.5700453822 36.7770956198, -86.5697326771 36.779068425, -86.5693800298 36.7812933644, -86.5692354145 36.7821521099, -86.5692008607 36.7823336219, -86.5691187081 36.7826901447, -86.5690748765 36.7828662292, -86.5689932548 36.7831463967, -86.5689183635 36.7833861432, -86.5689034232 36.7834289908)"
"District 03","Simpson","03-10046.00","KY","664","KY-664","AM-BRIDGE (P)","6.103","6.111","BRIDGE PROJECT IN SIMPSON COUNTY ON (107B00033N) KY-664 AT NEELEY BRANCH","107B00033N","2022","2026","D","BRX","167953","2031","","","","107-KY-0664-000","LINESTRING (-86.6517292887 36.7098138269, -86.6515851879 36.7098246736)"
"District 03","Simpson","03-10046.00","KY","664","KY-664","AM-BRIDGE (P)","6.103","6.111","BRIDGE PROJECT IN SIMPSON COUNTY ON (107B00033N) KY-664 AT NEELEY BRANCH","107B00033N","2022","2026","C","BRX","1119686","2031","","","","107-KY-0664-000","LINESTRING (-86.6517292887 36.7098138269, -86.6515851879 36.7098246736)"
"District 03","Simpson","03-80202.00","KY","100","KY-100","ECONOMIC DEVEL(O)","13.52","14.18","SUPPLEMENTAL MOA FOR INDUSTRIAL ACCESS ROADS FOR STONE-GIVENS PARK (2022CCN)","","2022","2026","C","SPP","300000","2026","","","","107-KY-0100-000","LINESTRING (-86.5120957904 36.7139653126, -86.5115597462 36.7138888417, -86.5089616794 36.7135812549, -86.508727834 36.7135641099, -86.5084983266 36.713537324, -86.5080063504 36.7134625441, -86.5075801502 36.7133815639, -86.5070665934 36.7132638019, -86.5068343537 36.7132027005, -86.5064196911 36.7130815434, -86.5059856813 36.7129360673, -86.5048219801 36.7125157583, -86.5046240249 36.7124374009, -86.5042264022 36.7122798722, -86.5036143637 36.7120009707, -86.5021710954 36.7112861133, -86.5018244418 36.7111076473, -86.5015728788 36.7109892608, -86.5010739294 36.7107389102)"
"District 03","Simpson","03-80310.00","KY","1171","KY-1171","DESIGN ENGINEERING(O)","0.0","0.907","IMPROVE MOBILITY ALONG KY 1171 (NORTH STREET) FROM THE INTERSECTION WITH US 31W TO THE INTERSECTION WITH KY 1008 IN FRANKLIN. (2024CCN)","","2024","2026","R","SPP","1690000","2030","","","","107-KY-1171-000","LINESTRING (-86.5783753989 36.7292737571, -86.5779571094 36.7292756469, -86.5777227659 36.729281165, -86.5776365573 36.729291668, -86.577554175 36.7293087348, -86.5773127287 36.7293818655, -86.5772235829 36.7294044733, -86.5771241567 36.7294230346, -86.5770178382 36.7294353285, -86.5769056639 36.7294427201, -86.5762361125 36.7294631489, -86.5749652029 36.7294999387, -86.5738784961 36.7295326583, -86.572711755 36.72954781, -86.5709302712 36.729603558, -86.5702209009 36.7296335719, -86.5696439262 36.7296645672, -86.5666121694 36.7298988124, -86.5652642828 36.7300118402, -86.5638571393 36.7301357043, -86.5632925004 36.7301720754, -86.5630441317 36.7301746408, -86.5626491697 36.7301570865, -86.5620513163 36.7300879452)"
"District 03","Simpson","03-80310.00","KY","1171","KY-1171","DESIGN ENGINEERING(O)","0.0","0.907","IMPROVE MOBILITY ALONG KY 1171 (NORTH STREET) FROM THE INTERSECTION WITH US 31W TO THE INTERSECTION WITH KY 1008 IN FRANKLIN. (2024CCN)","","2024","2026","U","SPP","1620000","2030","","","","107-KY-1171-000","LINESTRING (-86.5783753989 36.7292737571, -86.5779571094 36.7292756469, -86.5777227659 36.729281165, -86.5776365573 36.729291668, -86.577554175 36.7293087348, -86.5773127287 36.7293818655, -86.5772235829 36.7294044733, -86.5771241567 36.7294230346, -86.5770178382 36.7294353285, -86.5769056639 36.7294427201, -86.5762361125 36.7294631489, -86.5749652029 36.7294999387, -86.5738784961 36.7295326583, -86.572711755 36.72954781, -86.5709302712 36.729603558, -86.5702209009 36.7296335719, -86.5696439262 36.7296645672, -86.5666121694 36.7298988124, -86.5652642828 36.7300118402, -86.5638571393 36.7301357043, -86.5632925004 36.7301720754, -86.5630441317 36.7301746408, -86.5626491697 36.7301570865, -86.5620513163 36.7300879452)"
"District 03","Simpson","03-80310.00","KY","1171","KY-1171","DESIGN ENGINEERING(O)","0.0","0.907","IMPROVE MOBILITY ALONG KY 1171 (NORTH STREET) FROM THE INTERSECTION WITH US 31W TO THE INTERSECTION WITH KY 1008 IN FRANKLIN. (2024CCN)","","2024","2026","D","SPP","1290000","2029","","","","107-KY-1171-000","LINESTRING (-86.5783753989 36.7292737571, -86.5779571094 36.7292756469, -86.5777227659 36.729281165, -86.5776365573 36.729291668, -86.577554175 36.7293087348, -86.5773127287 36.7293818655, -86.5772235829 36.7294044733, -86.5771241567 36.7294230346, -86.5770178382 36.7294353285, -86.5769056639 36.7294427201, -86.5762361125 36.7294631489, -86.5749652029 36.7294999387, -86.5738784961 36.7295326583, -86.572711755 36.72954781, -86.5709302712 36.729603558, -86.5702209009 36.7296335719, -86.5696439262 36.7296645672, -86.5666121694 36.7298988124, -86.5652642828 36.7300118402, -86.5638571393 36.7301357043, -86.5632925004 36.7301720754, -86.5630441317 36.7301746408, -86.5626491697 36.7301570865, -86.5620513163 36.7300879452)"
"District 03","Simpson","03-80310.00","KY","1171","KY-1171","DESIGN ENGINEERING(O)","0.0","0.907","IMPROVE MOBILITY ALONG KY 1171 (NORTH STREET) FROM THE INTERSECTION WITH US 31W TO THE INTERSECTION WITH KY 1008 IN FRANKLIN. (2024CCN)","","2024","2026","C","SPP","5270000","2031","","","","107-KY-1171-000","LINESTRING (-86.5783753989 36.7292737571, -86.5779571094 36.7292756469, -86.5777227659 36.729281165, -86.5776365573 36.729291668, -86.577554175 36.7293087348, -86.5773127287 36.7293818655, -86.5772235829 36.7294044733, -86.5771241567 36.7294230346, -86.5770178382 36.7294353285, -86.5769056639 36.7294427201, -86.5762361125 36.7294631489, -86.5749652029 36.7294999387, -86.5738784961 36.7295326583, -86.572711755 36.72954781, -86.5709302712 36.729603558, -86.5702209009 36.7296335719, -86.5696439262 36.7296645672, -86.5666121694 36.7298988124, -86.5652642828 36.7300118402, -86.5638571393 36.7301357043, -86.5632925004 36.7301720754, -86.5630441317 36.7301746408, -86.5626491697 36.7301570865, -86.5620513163 36.7300879452)"
"District 03","Simpson","03-80316.00","KY","1008","KY-1008","DESIGN ENGINEERING(O)","0.0","6.526","IMPROVE MOBILITY BY COMPLETING THE KY 1008 BYPASS AROUND FRANKLIN. (2024CCN)","","2024","2026","U","SPP","3720000","2030","","","","107-KY-1008-000","LINESTRING (-86.595190814 36.723880288, -86.5952884487 36.7235519242, -86.5959531432 36.7209843577, -86.5966778539 36.7182672182, -86.5967886817 36.7178091242, -86.5968446972 36.7175123724, -86.5968836615 36.717216295, -86.5968982346 36.716995923, -86.596898837 36.7167770266, -86.5968900545 36.716633451, -86.5968731256 36.7164935048, -86.5968497747 36.7163588248, -86.5968088107 36.7161748372, -86.5966616971 36.7156529879, -86.5966290767 36.715573579, -86.5966050391 36.7155292618, -86.5965804424 36.7154959344, -86.5965393772 36.7154542142, -86.5962126677 36.7151602574, -86.5960619148 36.7150114019, -86.5959475704 36.7148845267, -86.5958378561 36.7147447088, -86.5957681498 36.7146435982, -86.5957021217 36.7145358701, -86.5955967773 36.7143295559, -86.5955347356 36.7141819754, -86.5954667071 36.7139569874, -86.5954112174 36.7136640712, -86.5953970677 36.7135282254, -86.5953910599 36.7133884751, -86.5953939035 36.7132470116, -86.595404232 36.7131038465, -86.5954321698 36.7128885954, -86.5955862234 36.7119369252, -86.5956895351 36.7112962489, -86.5957154836 36.7110862306, -86.595731662 36.7108869955, -86.5957327112 36.7106771585, -86.5957233539 36.710542926, -86.5956900369 36.7103407558, -86.5956773941 36.7102782287, -86.5956223436 36.7100847311, -86.5955526862 36.7098965585, -86.5954650036 36.7097131855, -86.5953626572 36.7095301952, -86.5952852305 36.7094093666, -86.5951529478 36.7092334597, -86.5950541352 36.7091218507, -86.5949161992 36.7089891043, -86.5947694879 36.708864661, -86.5945768496 36.7087207781, -86.5944380169 36.708629509, -86.5942151785 36.7084995773, -86.5939747131 36.7083793865, -86.5937180258 36.7082724961, -86.5935386039 36.7082117324, -86.5933534926 36.7081606223, -86.5931650912 36.7081202468, -86.5929723352 36.7080870434, -86.5927775928 36.7080590735, -86.5923837808 36.7080127742, -86.5914273682 36.7079252444, -86.5896232376 36.7077694212, -86.5890417912 36.7077203512, -86.588541197 36.7076720665, -86.5874754753 36.7075696397, -86.5859936118 36.7074364236, -86.5856688297 36.7074008655, -86.5848666561 36.7073173874, -86.5845208041 36.7072580824, -86.5843015635 36.707204457, -86.5841958008 36.7071717124, -86.5840420184 36.7071151439, -86.5838181551 36.7070137624, -86.5835961686 36.7068969875, -86.5832863664 36.7067047676, -86.5830270166 36.7065404716, -86.5822757029 36.7061204454, -86.5795630558 36.7045829351, -86.5792696845 36.7044251917, -86.5791232801 36.7043562049, -86.5789776893 36.7042992964, -86.5788373706 36.704256357, -86.5787046939 36.7042259966, -86.5785864542 36.7042056941, -86.5783804995 36.7041802516, -86.578226883 36.7041687158, -86.5780525595 36.7041661167, -86.5779605011 36.704169246, -86.5776114106 36.7041857462, -86.5774249873 36.7041994363, -86.5772941785 36.7042146522, -86.5771613951 36.7042364721, -86.5770273163 36.7042646193, -86.5768950105 36.7042987955, -86.5762471793 36.7045061024, -86.5753431762 36.7048055896, -86.574826112 36.7049943802, -86.5745176654 36.7051094537, -86.5730279779 36.7056877318, -86.5716293383 36.7062345845, -86.5688096285 36.7073413062, -86.5683906728 36.7075214113, -86.5680945204 36.7076709859, -86.5679423126 36.7077580232, -86.5677292113 36.7078913569, -86.5675491303 36.7080186884, -86.5673803363 36.7081489614, -86.567192777 36.7083101268, -86.5670567078 36.7084385215, -86.566926832 36.7085718155, -86.5668014667 36.7087122177, -86.5666829796 36.7088577901, -86.5664594588 36.7091628468, -86.5661724064 36.7095858977, -86.5654048017 36.7107390386, -86.5652543726 36.7109592628, -86.5650826465 36.7111974887, -86.5648996332 36.711433047, -86.5647339863 36.7116344266, -86.564389631 36.7120282146, -86.5641188115 36.7123143741, -86.563115865 36.7133502315, -86.5627907452 36.7136947187, -86.56266839 36.7138309757, -86.562438074 36.7141099812, -86.5622307476 36.7144014583, -86.5620727852 36.714652217, -86.5619864291 36.7148055239, -86.561906917 36.7149607059, -86.5618352671 36.7151174798, -86.5617079836 36.715429544, -86.5615556859 36.7158576825, -86.5612799933 36.7166742069, -86.5612542469 36.7167540337, -86.5610780343 36.7173059296, -86.5604408535 36.7192106503, -86.5600259055 36.7204664784, -86.5595573867 36.7218811501, -86.559484294 36.7220950593, -86.5593772076 36.7224154933, -86.559105238 36.7232336354, -86.5587897008 36.7241885792, -86.5582061172 36.7259484532, -86.5581169207 36.726220149, -86.5579064631 36.7268596159, -86.5578324873 36.7270875373, -86.5577680434 36.7273134694, -86.5577278968 36.7274826554, -86.5576807688 36.7277642203, -86.557657947 36.7279898623, -86.557615371 36.7285995961, -86.5575678436 36.7296375357, -86.5574627473 36.731795329, -86.5572953911 36.7344786773, -86.5570428497 36.738540241, -86.5570351151 36.7389319393, -86.5570435012 36.7391090269, -86.5570620767 36.7392816498, -86.5571062232 36.739515615, -86.55718058 36.7397663976, -86.5572545907 36.7399531905, -86.5573749251 36.7401954141, -86.5574667153 36.7403535194, -86.5576280596 36.7406012249, -86.5582453779 36.7414571125, -86.5593188489 36.7429030492, -86.5595451669 36.7431936923, -86.5598166294 36.7435249418, -86.5600899651 36.7438396987, -86.5602826396 36.744048182, -86.560689439 36.7444600538, -86.5612067906 36.7449645299, -86.5618412389 36.7455667816, -86.5626378771 36.746301922, -86.562801202 36.7464460644, -86.5630605251 36.7466623155, -86.5633127276 36.7468511514, -86.5634946094 36.7469753882, -86.5636812139 36.7470943741, -86.5638711571 36.7472064701, -86.5641155804 36.7473385069, -86.5644648308 36.7475068842, -86.5646678141 36.7475938938, -86.5648724353 36.7476745758, -86.5650810769 36.7477483619, -86.5655111577 36.7478799143, -86.5658906842 36.7479758431, -86.5662033734 36.7480453255, -86.5691235658 36.7486544982, -86.5707022832 36.7489907627, -86.5725969754 36.7493824411, -86.5741113997 36.7497040108, -86.5759835493 36.7500908513, -86.5763592067 36.7501741387, -86.5767928295 36.7502833786, -86.5771677682 36.7503941332, -86.5775870283 36.7505314862, -86.5781866121 36.7507414305)"
"District 03","Simpson","03-80316.00","KY","1008","KY-1008","DESIGN ENGINEERING(O)","0.0","6.526","IMPROVE MOBILITY BY COMPLETING THE KY 1008 BYPASS AROUND FRANKLIN. (2024CCN)","","2024","2026","D","SPP","3410000","2029","","","","107-KY-1008-000","LINESTRING (-86.595190814 36.723880288, -86.5952884487 36.7235519242, -86.5959531432 36.7209843577, -86.5966778539 36.7182672182, -86.5967886817 36.7178091242, -86.5968446972 36.7175123724, -86.5968836615 36.717216295, -86.5968982346 36.716995923, -86.596898837 36.7167770266, -86.5968900545 36.716633451, -86.5968731256 36.7164935048, -86.5968497747 36.7163588248, -86.5968088107 36.7161748372, -86.5966616971 36.7156529879, -86.5966290767 36.715573579, -86.5966050391 36.7155292618, -86.5965804424 36.7154959344, -86.5965393772 36.7154542142, -86.5962126677 36.7151602574, -86.5960619148 36.7150114019, -86.5959475704 36.7148845267, -86.5958378561 36.7147447088, -86.5957681498 36.7146435982, -86.5957021217 36.7145358701, -86.5955967773 36.7143295559, -86.5955347356 36.7141819754, -86.5954667071 36.7139569874, -86.5954112174 36.7136640712, -86.5953970677 36.7135282254, -86.5953910599 36.7133884751, -86.5953939035 36.7132470116, -86.595404232 36.7131038465, -86.5954321698 36.7128885954, -86.5955862234 36.7119369252, -86.5956895351 36.7112962489, -86.5957154836 36.7110862306, -86.595731662 36.7108869955, -86.5957327112 36.7106771585, -86.5957233539 36.710542926, -86.5956900369 36.7103407558, -86.5956773941 36.7102782287, -86.5956223436 36.7100847311, -86.5955526862 36.7098965585, -86.5954650036 36.7097131855, -86.5953626572 36.7095301952, -86.5952852305 36.7094093666, -86.5951529478 36.7092334597, -86.5950541352 36.7091218507, -86.5949161992 36.7089891043, -86.5947694879 36.708864661, -86.5945768496 36.7087207781, -86.5944380169 36.708629509, -86.5942151785 36.7084995773, -86.5939747131 36.7083793865, -86.5937180258 36.7082724961, -86.5935386039 36.7082117324, -86.5933534926 36.7081606223, -86.5931650912 36.7081202468, -86.5929723352 36.7080870434, -86.5927775928 36.7080590735, -86.5923837808 36.7080127742, -86.5914273682 36.7079252444, -86.5896232376 36.7077694212, -86.5890417912 36.7077203512, -86.588541197 36.7076720665, -86.5874754753 36.7075696397, -86.5859936118 36.7074364236, -86.5856688297 36.7074008655, -86.5848666561 36.7073173874, -86.5845208041 36.7072580824, -86.5843015635 36.707204457, -86.5841958008 36.7071717124, -86.5840420184 36.7071151439, -86.5838181551 36.7070137624, -86.5835961686 36.7068969875, -86.5832863664 36.7067047676, -86.5830270166 36.7065404716, -86.5822757029 36.7061204454, -86.5795630558 36.7045829351, -86.5792696845 36.7044251917, -86.5791232801 36.7043562049, -86.5789776893 36.7042992964, -86.5788373706 36.704256357, -86.5787046939 36.7042259966, -86.5785864542 36.7042056941, -86.5783804995 36.7041802516, -86.578226883 36.7041687158, -86.5780525595 36.7041661167, -86.5779605011 36.704169246, -86.5776114106 36.7041857462, -86.5774249873 36.7041994363, -86.5772941785 36.7042146522, -86.5771613951 36.7042364721, -86.5770273163 36.7042646193, -86.5768950105 36.7042987955, -86.5762471793 36.7045061024, -86.5753431762 36.7048055896, -86.574826112 36.7049943802, -86.5745176654 36.7051094537, -86.5730279779 36.7056877318, -86.5716293383 36.7062345845, -86.5688096285 36.7073413062, -86.5683906728 36.7075214113, -86.5680945204 36.7076709859, -86.5679423126 36.7077580232, -86.5677292113 36.7078913569, -86.5675491303 36.7080186884, -86.5673803363 36.7081489614, -86.567192777 36.7083101268, -86.5670567078 36.7084385215, -86.566926832 36.7085718155, -86.5668014667 36.7087122177, -86.5666829796 36.7088577901, -86.5664594588 36.7091628468, -86.5661724064 36.7095858977, -86.5654048017 36.7107390386, -86.5652543726 36.7109592628, -86.5650826465 36.7111974887, -86.5648996332 36.711433047, -86.5647339863 36.7116344266, -86.564389631 36.7120282146, -86.5641188115 36.7123143741, -86.563115865 36.7133502315, -86.5627907452 36.7136947187, -86.56266839 36.7138309757, -86.562438074 36.7141099812, -86.5622307476 36.7144014583, -86.5620727852 36.714652217, -86.5619864291 36.7148055239, -86.561906917 36.7149607059, -86.5618352671 36.7151174798, -86.5617079836 36.715429544, -86.5615556859 36.7158576825, -86.5612799933 36.7166742069, -86.5612542469 36.7167540337, -86.5610780343 36.7173059296, -86.5604408535 36.7192106503, -86.5600259055 36.7204664784, -86.5595573867 36.7218811501, -86.559484294 36.7220950593, -86.5593772076 36.7224154933, -86.559105238 36.7232336354, -86.5587897008 36.7241885792, -86.5582061172 36.7259484532, -86.5581169207 36.726220149, -86.5579064631 36.7268596159, -86.5578324873 36.7270875373, -86.5577680434 36.7273134694, -86.5577278968 36.7274826554, -86.5576807688 36.7277642203, -86.557657947 36.7279898623, -86.557615371 36.7285995961, -86.5575678436 36.7296375357, -86.5574627473 36.731795329, -86.5572953911 36.7344786773, -86.5570428497 36.738540241, -86.5570351151 36.7389319393, -86.5570435012 36.7391090269, -86.5570620767 36.7392816498, -86.5571062232 36.739515615, -86.55718058 36.7397663976, -86.5572545907 36.7399531905, -86.5573749251 36.7401954141, -86.5574667153 36.7403535194, -86.5576280596 36.7406012249, -86.5582453779 36.7414571125, -86.5593188489 36.7429030492, -86.5595451669 36.7431936923, -86.5598166294 36.7435249418, -86.5600899651 36.7438396987, -86.5602826396 36.744048182, -86.560689439 36.7444600538, -86.5612067906 36.7449645299, -86.5618412389 36.7455667816, -86.5626378771 36.746301922, -86.562801202 36.7464460644, -86.5630605251 36.7466623155, -86.5633127276 36.7468511514, -86.5634946094 36.7469753882, -86.5636812139 36.7470943741, -86.5638711571 36.7472064701, -86.5641155804 36.7473385069, -86.5644648308 36.7475068842, -86.5646678141 36.7475938938, -86.5648724353 36.7476745758, -86.5650810769 36.7477483619, -86.5655111577 36.7478799143, -86.5658906842 36.7479758431, -86.5662033734 36.7480453255, -86.5691235658 36.7486544982, -86.5707022832 36.7489907627, -86.5725969754 36.7493824411, -86.5741113997 36.7497040108, -86.5759835493 36.7500908513, -86.5763592067 36.7501741387, -86.5767928295 36.7502833786, -86.5771677682 36.7503941332, -86.5775870283 36.7505314862, -86.5781866121 36.7507414305)"
"District 03","Simpson","03-80316.00","KY","1008","KY-1008","DESIGN ENGINEERING(O)","0.0","6.526","IMPROVE MOBILITY BY COMPLETING THE KY 1008 BYPASS AROUND FRANKLIN. (2024CCN)","","2024","2026","C","SPP","21080000","2031","","","","107-KY-1008-000","LINESTRING (-86.595190814 36.723880288, -86.5952884487 36.7235519242, -86.5959531432 36.7209843577, -86.5966778539 36.7182672182, -86.5967886817 36.7178091242, -86.5968446972 36.7175123724, -86.5968836615 36.717216295, -86.5968982346 36.716995923, -86.596898837 36.7167770266, -86.5968900545 36.716633451, -86.5968731256 36.7164935048, -86.5968497747 36.7163588248, -86.5968088107 36.7161748372, -86.5966616971 36.7156529879, -86.5966290767 36.715573579, -86.5966050391 36.7155292618, -86.5965804424 36.7154959344, -86.5965393772 36.7154542142, -86.5962126677 36.7151602574, -86.5960619148 36.7150114019, -86.5959475704 36.7148845267, -86.5958378561 36.7147447088, -86.5957681498 36.7146435982, -86.5957021217 36.7145358701, -86.5955967773 36.7143295559, -86.5955347356 36.7141819754, -86.5954667071 36.7139569874, -86.5954112174 36.7136640712, -86.5953970677 36.7135282254, -86.5953910599 36.7133884751, -86.5953939035 36.7132470116, -86.595404232 36.7131038465, -86.5954321698 36.7128885954, -86.5955862234 36.7119369252, -86.5956895351 36.7112962489, -86.5957154836 36.7110862306, -86.595731662 36.7108869955, -86.5957327112 36.7106771585, -86.5957233539 36.710542926, -86.5956900369 36.7103407558, -86.5956773941 36.7102782287, -86.5956223436 36.7100847311, -86.5955526862 36.7098965585, -86.5954650036 36.7097131855, -86.5953626572 36.7095301952, -86.5952852305 36.7094093666, -86.5951529478 36.7092334597, -86.5950541352 36.7091218507, -86.5949161992 36.7089891043, -86.5947694879 36.708864661, -86.5945768496 36.7087207781, -86.5944380169 36.708629509, -86.5942151785 36.7084995773, -86.5939747131 36.7083793865, -86.5937180258 36.7082724961, -86.5935386039 36.7082117324, -86.5933534926 36.7081606223, -86.5931650912 36.7081202468, -86.5929723352 36.7080870434, -86.5927775928 36.7080590735, -86.5923837808 36.7080127742, -86.5914273682 36.7079252444, -86.5896232376 36.7077694212, -86.5890417912 36.7077203512, -86.588541197 36.7076720665, -86.5874754753 36.7075696397, -86.5859936118 36.7074364236, -86.5856688297 36.7074008655, -86.5848666561 36.7073173874, -86.5845208041 36.7072580824, -86.5843015635 36.707204457, -86.5841958008 36.7071717124, -86.5840420184 36.7071151439, -86.5838181551 36.7070137624, -86.5835961686 36.7068969875, -86.5832863664 36.7067047676, -86.5830270166 36.7065404716, -86.5822757029 36.7061204454, -86.5795630558 36.7045829351, -86.5792696845 36.7044251917, -86.5791232801 36.7043562049, -86.5789776893 36.7042992964, -86.5788373706 36.704256357, -86.5787046939 36.7042259966, -86.5785864542 36.7042056941, -86.5783804995 36.7041802516, -86.578226883 36.7041687158, -86.5780525595 36.7041661167, -86.5779605011 36.704169246, -86.5776114106 36.7041857462, -86.5774249873 36.7041994363, -86.5772941785 36.7042146522, -86.5771613951 36.7042364721, -86.5770273163 36.7042646193, -86.5768950105 36.7042987955, -86.5762471793 36.7045061024, -86.5753431762 36.7048055896, -86.574826112 36.7049943802, -86.5745176654 36.7051094537, -86.5730279779 36.7056877318, -86.5716293383 36.7062345845, -86.5688096285 36.7073413062, -86.5683906728 36.7075214113, -86.5680945204 36.7076709859, -86.5679423126 36.7077580232, -86.5677292113 36.7078913569, -86.5675491303 36.7080186884, -86.5673803363 36.7081489614, -86.567192777 36.7083101268, -86.5670567078 36.7084385215, -86.566926832 36.7085718155, -86.5668014667 36.7087122177, -86.5666829796 36.7088577901, -86.5664594588 36.7091628468, -86.5661724064 36.7095858977, -86.5654048017 36.7107390386, -86.5652543726 36.7109592628, -86.5650826465 36.7111974887, -86.5648996332 36.711433047, -86.5647339863 36.7116344266, -86.564389631 36.7120282146, -86.5641188115 36.7123143741, -86.563115865 36.7133502315, -86.5627907452 36.7136947187, -86.56266839 36.7138309757, -86.562438074 36.7141099812, -86.5622307476 36.7144014583, -86.5620727852 36.714652217, -86.5619864291 36.7148055239, -86.561906917 36.7149607059, -86.5618352671 36.7151174798, -86.5617079836 36.715429544, -86.5615556859 36.7158576825, -86.5612799933 36.7166742069, -86.5612542469 36.7167540337, -86.5610780343 36.7173059296, -86.5604408535 36.7192106503, -86.5600259055 36.7204664784, -86.5595573867 36.7218811501, -86.559484294 36.7220950593, -86.5593772076 36.7224154933, -86.559105238 36.7232336354, -86.5587897008 36.7241885792, -86.5582061172 36.7259484532, -86.5581169207 36.726220149, -86.5579064631 36.7268596159, -86.5578324873 36.7270875373, -86.5577680434 36.7273134694, -86.5577278968 36.7274826554, -86.5576807688 36.7277642203, -86.557657947 36.7279898623, -86.557615371 36.7285995961, -86.5575678436 36.7296375357, -86.5574627473 36.731795329, -86.5572953911 36.7344786773, -86.5570428497 36.738540241, -86.5570351151 36.7389319393, -86.5570435012 36.7391090269, -86.5570620767 36.7392816498, -86.5571062232 36.739515615, -86.55718058 36.7397663976, -86.5572545907 36.7399531905, -86.5573749251 36.7401954141, -86.5574667153 36.7403535194, -86.5576280596 36.7406012249, -86.5582453779 36.7414571125, -86.5593188489 36.7429030492, -86.5595451669 36.7431936923, -86.5598166294 36.7435249418, -86.5600899651 36.7438396987, -86.5602826396 36.744048182, -86.560689439 36.7444600538, -86.5612067906 36.7449645299, -86.5618412389 36.7455667816, -86.5626378771 36.746301922, -86.562801202 36.7464460644, -86.5630605251 36.7466623155, -86.5633127276 36.7468511514, -86.5634946094 36.7469753882, -86.5636812139 36.7470943741, -86.5638711571 36.7472064701, -86.5641155804 36.7473385069, -86.5644648308 36.7475068842, -86.5646678141 36.7475938938, -86.5648724353 36.7476745758, -86.5650810769 36.7477483619, -86.5655111577 36.7478799143, -86.5658906842 36.7479758431, -86.5662033734 36.7480453255, -86.5691235658 36.7486544982, -86.5707022832 36.7489907627, -86.5725969754 36.7493824411, -86.5741113997 36.7497040108, -86.5759835493 36.7500908513, -86.5763592067 36.7501741387, -86.5767928295 36.7502833786, -86.5771677682 36.7503941332, -86.5775870283 36.7505314862, -86.5781866121 36.7507414305)"
"District 03","Simpson","03-80316.00","KY","1008","KY-1008","DESIGN ENGINEERING(O)","0.0","6.526","IMPROVE MOBILITY BY COMPLETING THE KY 1008 BYPASS AROUND FRANKLIN. (2024CCN)","","2024","2026","R","SPP","13000000","2030","","","","107-KY-1008-000","LINESTRING (-86.595190814 36.723880288, -86.5952884487 36.7235519242, -86.5959531432 36.7209843577, -86.5966778539 36.7182672182, -86.5967886817 36.7178091242, -86.5968446972 36.7175123724, -86.5968836615 36.717216295, -86.5968982346 36.716995923, -86.596898837 36.7167770266, -86.5968900545 36.716633451, -86.5968731256 36.7164935048, -86.5968497747 36.7163588248, -86.5968088107 36.7161748372, -86.5966616971 36.7156529879, -86.5966290767 36.715573579, -86.5966050391 36.7155292618, -86.5965804424 36.7154959344, -86.5965393772 36.7154542142, -86.5962126677 36.7151602574, -86.5960619148 36.7150114019, -86.5959475704 36.7148845267, -86.5958378561 36.7147447088, -86.5957681498 36.7146435982, -86.5957021217 36.7145358701, -86.5955967773 36.7143295559, -86.5955347356 36.7141819754, -86.5954667071 36.7139569874, -86.5954112174 36.7136640712, -86.5953970677 36.7135282254, -86.5953910599 36.7133884751, -86.5953939035 36.7132470116, -86.595404232 36.7131038465, -86.5954321698 36.7128885954, -86.5955862234 36.7119369252, -86.5956895351 36.7112962489, -86.5957154836 36.7110862306, -86.595731662 36.7108869955, -86.5957327112 36.7106771585, -86.5957233539 36.710542926, -86.5956900369 36.7103407558, -86.5956773941 36.7102782287, -86.5956223436 36.7100847311, -86.5955526862 36.7098965585, -86.5954650036 36.7097131855, -86.5953626572 36.7095301952, -86.5952852305 36.7094093666, -86.5951529478 36.7092334597, -86.5950541352 36.7091218507, -86.5949161992 36.7089891043, -86.5947694879 36.708864661, -86.5945768496 36.7087207781, -86.5944380169 36.708629509, -86.5942151785 36.7084995773, -86.5939747131 36.7083793865, -86.5937180258 36.7082724961, -86.5935386039 36.7082117324, -86.5933534926 36.7081606223, -86.5931650912 36.7081202468, -86.5929723352 36.7080870434, -86.5927775928 36.7080590735, -86.5923837808 36.7080127742, -86.5914273682 36.7079252444, -86.5896232376 36.7077694212, -86.5890417912 36.7077203512, -86.588541197 36.7076720665, -86.5874754753 36.7075696397, -86.5859936118 36.7074364236, -86.5856688297 36.7074008655, -86.5848666561 36.7073173874, -86.5845208041 36.7072580824, -86.5843015635 36.707204457, -86.5841958008 36.7071717124, -86.5840420184 36.7071151439, -86.5838181551 36.7070137624, -86.5835961686 36.7068969875, -86.5832863664 36.7067047676, -86.5830270166 36.7065404716, -86.5822757029 36.7061204454, -86.5795630558 36.7045829351, -86.5792696845 36.7044251917, -86.5791232801 36.7043562049, -86.5789776893 36.7042992964, -86.5788373706 36.704256357, -86.5787046939 36.7042259966, -86.5785864542 36.7042056941, -86.5783804995 36.7041802516, -86.578226883 36.7041687158, -86.5780525595 36.7041661167, -86.5779605011 36.704169246, -86.5776114106 36.7041857462, -86.5774249873 36.7041994363, -86.5772941785 36.7042146522, -86.5771613951 36.7042364721, -86.5770273163 36.7042646193, -86.5768950105 36.7042987955, -86.5762471793 36.7045061024, -86.5753431762 36.7048055896, -86.574826112 36.7049943802, -86.5745176654 36.7051094537, -86.5730279779 36.7056877318, -86.5716293383 36.7062345845, -86.5688096285 36.7073413062, -86.5683906728 36.7075214113, -86.5680945204 36.7076709859, -86.5679423126 36.7077580232, -86.5677292113 36.7078913569, -86.5675491303 36.7080186884, -86.5673803363 36.7081489614, -86.567192777 36.7083101268, -86.5670567078 36.7084385215, -86.566926832 36.7085718155, -86.5668014667 36.7087122177, -86.5666829796 36.7088577901, -86.5664594588 36.7091628468, -86.5661724064 36.7095858977, -86.5654048017 36.7107390386, -86.5652543726 36.7109592628, -86.5650826465 36.7111974887, -86.5648996332 36.711433047, -86.5647339863 36.7116344266, -86.564389631 36.7120282146, -86.5641188115 36.7123143741, -86.563115865 36.7133502315, -86.5627907452 36.7136947187, -86.56266839 36.7138309757, -86.562438074 36.7141099812, -86.5622307476 36.7144014583, -86.5620727852 36.714652217, -86.5619864291 36.7148055239, -86.561906917 36.7149607059, -86.5618352671 36.7151174798, -86.5617079836 36.715429544, -86.5615556859 36.7158576825, -86.5612799933 36.7166742069, -86.5612542469 36.7167540337, -86.5610780343 36.7173059296, -86.5604408535 36.7192106503, -86.5600259055 36.7204664784, -86.5595573867 36.7218811501, -86.559484294 36.7220950593, -86.5593772076 36.7224154933, -86.559105238 36.7232336354, -86.5587897008 36.7241885792, -86.5582061172 36.7259484532, -86.5581169207 36.726220149, -86.5579064631 36.7268596159, -86.5578324873 36.7270875373, -86.5577680434 36.7273134694, -86.5577278968 36.7274826554, -86.5576807688 36.7277642203, -86.557657947 36.7279898623, -86.557615371 36.7285995961, -86.5575678436 36.7296375357, -86.5574627473 36.731795329, -86.5572953911 36.7344786773, -86.5570428497 36.738540241, -86.5570351151 36.7389319393, -86.5570435012 36.7391090269, -86.5570620767 36.7392816498, -86.5571062232 36.739515615, -86.55718058 36.7397663976, -86.5572545907 36.7399531905, -86.5573749251 36.7401954141, -86.5574667153 36.7403535194, -86.5576280596 36.7406012249, -86.5582453779 36.7414571125, -86.5593188489 36.7429030492, -86.5595451669 36.7431936923, -86.5598166294 36.7435249418, -86.5600899651 36.7438396987, -86.5602826396 36.744048182, -86.560689439 36.7444600538, -86.5612067906 36.7449645299, -86.5618412389 36.7455667816, -86.5626378771 36.746301922, -86.562801202 36.7464460644, -86.5630605251 36.7466623155, -86.5633127276 36.7468511514, -86.5634946094 36.7469753882, -86.5636812139 36.7470943741, -86.5638711571 36.7472064701, -86.5641155804 36.7473385069, -86.5644648308 36.7475068842, -86.5646678141 36.7475938938, -86.5648724353 36.7476745758, -86.5650810769 36.7477483619, -86.5655111577 36.7478799143, -86.5658906842 36.7479758431, -86.5662033734 36.7480453255, -86.5691235658 36.7486544982, -86.5707022832 36.7489907627, -86.5725969754 36.7493824411, -86.5741113997 36.7497040108, -86.5759835493 36.7500908513, -86.5763592067 36.7501741387, -86.5767928295 36.7502833786, -86.5771677682 36.7503941332, -86.5775870283 36.7505314862, -86.5781866121 36.7507414305)"
"District 03","Simpson","03-80321.00","KY","585","KY-585","SAFETY(P)","3.45","3.75","IMPROVE SAFETY ON KY 585 AT LICK CREEK FROM MP 3.45 TO 3.75. (2024CCN)","","2024","2026","R","SPP","650000","2030","","","","107-KY-0585-000","LINESTRING (-86.4901094391 36.739093715, -86.4898044177 36.7390835029, -86.4894580355 36.7390813182, -86.4893000728 36.7390845232, -86.4885720943 36.7391081127, -86.4879872196 36.7391442452, -86.4877104132 36.7391729213, -86.4874920547 36.7392113872, -86.487345436 36.7392579105, -86.4872044927 36.7393263691, -86.4870414813 36.7394411076, -86.4868342188 36.7396019936, -86.4867382393 36.7396624753, -86.4866200051 36.7397154085, -86.4865751071 36.7397302504, -86.4864841724 36.7397484052, -86.4863079565 36.7397695728, -86.4850127522 36.7398906689, -86.4849592723 36.7398936765)"
"District 03","Simpson","03-80321.00","KY","585","KY-585","SAFETY(P)","3.45","3.75","IMPROVE SAFETY ON KY 585 AT LICK CREEK FROM MP 3.45 TO 3.75. (2024CCN)","","2024","2026","D","SPP","970000","2029","","","","107-KY-0585-000","LINESTRING (-86.4901094391 36.739093715, -86.4898044177 36.7390835029, -86.4894580355 36.7390813182, -86.4893000728 36.7390845232, -86.4885720943 36.7391081127, -86.4879872196 36.7391442452, -86.4877104132 36.7391729213, -86.4874920547 36.7392113872, -86.487345436 36.7392579105, -86.4872044927 36.7393263691, -86.4870414813 36.7394411076, -86.4868342188 36.7396019936, -86.4867382393 36.7396624753, -86.4866200051 36.7397154085, -86.4865751071 36.7397302504, -86.4864841724 36.7397484052, -86.4863079565 36.7397695728, -86.4850127522 36.7398906689, -86.4849592723 36.7398936765)"
"District 03","Simpson","03-80321.00","KY","585","KY-585","SAFETY(P)","3.45","3.75","IMPROVE SAFETY ON KY 585 AT LICK CREEK FROM MP 3.45 TO 3.75. (2024CCN)","","2024","2026","U","SPP","620000","2030","","","","107-KY-0585-000","LINESTRING (-86.4901094391 36.739093715, -86.4898044177 36.7390835029, -86.4894580355 36.7390813182, -86.4893000728 36.7390845232, -86.4885720943 36.7391081127, -86.4879872196 36.7391442452, -86.4877104132 36.7391729213, -86.4874920547 36.7392113872, -86.487345436 36.7392579105, -86.4872044927 36.7393263691, -86.4870414813 36.7394411076, -86.4868342188 36.7396019936, -86.4867382393 36.7396624753, -86.4866200051 36.7397154085, -86.4865751071 36.7397302504, -86.4864841724 36.7397484052, -86.4863079565 36.7397695728, -86.4850127522 36.7398906689, -86.4849592723 36.7398936765)"
"District 03","Simpson","03-80321.00","KY","585","KY-585","SAFETY(P)","3.45","3.75","IMPROVE SAFETY ON KY 585 AT LICK CREEK FROM MP 3.45 TO 3.75. (2024CCN)","","2024","2026","C","SPP","2480000","2031","","","","107-KY-0585-000","LINESTRING (-86.4901094391 36.739093715, -86.4898044177 36.7390835029, -86.4894580355 36.7390813182, -86.4893000728 36.7390845232, -86.4885720943 36.7391081127, -86.4879872196 36.7391442452, -86.4877104132 36.7391729213, -86.4874920547 36.7392113872, -86.487345436 36.7392579105, -86.4872044927 36.7393263691, -86.4870414813 36.7394411076, -86.4868342188 36.7396019936, -86.4867382393 36.7396624753, -86.4866200051 36.7397154085, -86.4865751071 36.7397302504, -86.4864841724 36.7397484052, -86.4863079565 36.7397695728, -86.4850127522 36.7398906689, -86.4849592723 36.7398936765)"
"District 03","Simpson","03-80413.00","PF","9999","PF-9999","ECONOMIC DEVEL(O)","","","Provide access from US 31W to proposed industrial park in the city of Franklin by constructing a new four lane road with curb, gutter as well as reconstruct and widen Steele Rd. (Memorandum of Agreement with the City of Franklin to construct, right of way","","2026","2026","U","CRP","300000","2028","","","","",""
"District 03","Simpson","03-80413.00","PF","9999","PF-9999","ECONOMIC DEVEL(O)","","","Provide access from US 31W to proposed industrial park in the city of Franklin by constructing a new four lane road with curb, gutter as well as reconstruct and widen Steele Rd. (Memorandum of Agreement with the City of Franklin to construct, right of way","","2026","2026","C","CRP","8343800","2028","","","","",""
"District 03","Simpson","03-80413.00","PF","9999","PF-9999","ECONOMIC DEVEL(O)","","","Provide access from US 31W to proposed industrial park in the city of Franklin by constructing a new four lane road with curb, gutter as well as reconstruct and widen Steele Rd. (Memorandum of Agreement with the City of Franklin to construct, right of way","","2026","2026","R","CRP","20000","2028","","","","",""
"District 03","Simpson","03-80421.00","PF","9999","PF-9999","MINOR WIDENING(O)","","","Construct 3,300 linear feet of new road from KY 100 west of Exit 6 to KY 585. Minor widening of KY 585 and US 31W to provide turning lanes. (Memorandum of Agreement with the City of Franklin to construct, right of way to be donated) (2026CCN)","","2026","2026","C","SPP","2000000","2028","","","","",""
"District 03","Simpson","03-80421.00","PF","9999","PF-9999","MINOR WIDENING(O)","","","Construct 3,300 linear feet of new road from KY 100 west of Exit 6 to KY 585. Minor widening of KY 585 and US 31W to provide turning lanes. (Memorandum of Agreement with the City of Franklin to construct, right of way to be donated) (2026CCN)","","2026","2026","D","SPP","500000","2027","","","","",""
"District 03","Simpson","03-80421.00","PF","9999","PF-9999","MINOR WIDENING(O)","","","Construct 3,300 linear feet of new road from KY 100 west of Exit 6 to KY 585. Minor widening of KY 585 and US 31W to provide turning lanes. (Memorandum of Agreement with the City of Franklin to construct, right of way to be donated) (2026CCN)","","2026","2026","U","SPP","500000","2028","","","","",""
"District 03","Simpson","03-80421.00","PF","9999","PF-9999","MINOR WIDENING(O)","","","Construct 3,300 linear feet of new road from KY 100 west of Exit 6 to KY 585. Minor widening of KY 585 and US 31W to provide turning lanes. (Memorandum of Agreement with the City of Franklin to construct, right of way to be donated) (2026CCN)","","2026","2026","R","SPP","150000","2028","","","","",""
"District 03","Todd","03-00170.00","KY","848","KY-848","INDUSTRIAL ACCESS","7.314","8.814","Upgrade connection for new industrial site on KY 848 (Haddensville Road). (2024CCR)","","2022","2026","C","SPP","5220000","2032","","","","110-KY-0848-000","LINESTRING (-87.1491027953 36.6786042396, -87.1489908921 36.6785278611, -87.148642294 36.678320855, -87.148507243 36.6782282758, -87.1482145729 36.6780030143, -87.1472362028 36.6771924781, -87.1446534083 36.67499746, -87.1444988698 36.6748831379, -87.1443302788 36.6747832674, -87.1441460075 36.6747019884, -87.1439450026 36.6746376648, -87.1437298373 36.6745820249, -87.1411143467 36.6739814646, -87.1397818713 36.6736890127, -87.1380595102 36.6732951973, -87.1365413879 36.6729557682, -87.1358027136 36.6728003591, -87.1343479092 36.6725098582, -87.1341092663 36.6724561295, -87.1338755097 36.6723899818, -87.1336520181 36.6723072317, -87.1334401802 36.6722092355, -87.1332417305 36.672097621, -87.1330570197 36.6719729327, -87.1328840648 36.6718384906, -87.1327225893 36.6716978682, -87.1325671893 36.6715538776, -87.1315691645 36.6706061171, -87.1312038894 36.6702476448, -87.1306111053 36.6696424912, -87.1292508174 36.6682364984, -87.1286230162 36.6675979683, -87.1279535304 36.6668981321, -87.1277950813 36.6667221641)"
"District 03","Todd","03-10048.00","KY","848","KY-848","AM-BRIDGE (P)","2.957","2.963","BRIDGE PROJECT IN TODD COUNTY ON (110B00031N) KY-848 AT SPRING CREEK","110B00031N","2022","2026","C","BRX","868802","2028","","","","110-KY-0848-000","LINESTRING (-87.2152601393 36.7062327935, -87.2151577339 36.7062045163)"
"District 03","Todd","03-10048.00","KY","848","KY-848","AM-BRIDGE (P)","2.957","2.963","BRIDGE PROJECT IN TODD COUNTY ON (110B00031N) KY-848 AT SPRING CREEK","110B00031N","2022","2026","D","BRX","130320","2028","","","","110-KY-0848-000","LINESTRING (-87.2152601393 36.7062327935, -87.2151577339 36.7062045163)"
"District 03","Todd","03-80402.00","US","79","US-79","MAJOR WIDENING(O)","3.0","10.6","Widen US 79 from MP 3.0 to Logan County line. (Estimates based on preliminary engineering. Design funds allocated under Logan Co. Item No. 03-80050) (2026CCN)","","2026","2026","R","NH","5700000","2026","","","","110-US-0079-000","LINESTRING (-87.1622392386 36.6688598389, -87.1585665225 36.672131385, -87.1581799864 36.6724654045, -87.1577870812 36.6727871413, -87.1575861126 36.6729436699, -87.1571765505 36.6732502257, -87.1568589355 36.6734779335, -87.1565289846 36.6737024945, -87.1491027953 36.6786042396, -87.1367387538 36.6868329205, -87.1310797032 36.6906199956, -87.1225596147 36.6963699446, -87.1201544997 36.6979862329, -87.1181834281 36.699318289, -87.1088846877 36.7055784912, -87.1084214569 36.7058805579, -87.1081914659 36.7060271769, -87.1077316241 36.7063094249, -87.1072705665 36.7065812475, -87.1029089608 36.70909789, -87.1025843723 36.7092966894, -87.1023754413 36.7094394798, -87.1021838881 36.7095812436, -87.1020055024 36.7097343888, -87.1018351676 36.7098989758, -87.0989330872 36.7128790927, -87.0972728921 36.7146007604, -87.0954284705 36.7164981295, -87.089778497 36.7221054379, -87.0866622868 36.7251659971, -87.0853574 36.7264639841, -87.0839901844 36.727809367, -87.08362696 36.7281456131, -87.0833408806 36.7283875859, -87.0831426639 36.7285431267, -87.0827292594 36.728840121, -87.0824118522 36.7290475692, -87.082197866 36.7291799441, -87.0818697832 36.7293627938, -87.0784298201 36.7311702663, -87.068987819 36.7361148765, -87.0684136767 36.736416944, -87.063398571 36.7390287726, -87.0606353232 36.7405132791, -87.0599134894 36.7409099761)"
"District 03","Todd","03-80402.00","US","79","US-79","MAJOR WIDENING(O)","3.0","10.6","Widen US 79 from MP 3.0 to Logan County line. (Estimates based on preliminary engineering. Design funds allocated under Logan Co. Item No. 03-80050) (2026CCN)","","2026","2026","U","NH","9100000","2026","","","","110-US-0079-000","LINESTRING (-87.1622392386 36.6688598389, -87.1585665225 36.672131385, -87.1581799864 36.6724654045, -87.1577870812 36.6727871413, -87.1575861126 36.6729436699, -87.1571765505 36.6732502257, -87.1568589355 36.6734779335, -87.1565289846 36.6737024945, -87.1491027953 36.6786042396, -87.1367387538 36.6868329205, -87.1310797032 36.6906199956, -87.1225596147 36.6963699446, -87.1201544997 36.6979862329, -87.1181834281 36.699318289, -87.1088846877 36.7055784912, -87.1084214569 36.7058805579, -87.1081914659 36.7060271769, -87.1077316241 36.7063094249, -87.1072705665 36.7065812475, -87.1029089608 36.70909789, -87.1025843723 36.7092966894, -87.1023754413 36.7094394798, -87.1021838881 36.7095812436, -87.1020055024 36.7097343888, -87.1018351676 36.7098989758, -87.0989330872 36.7128790927, -87.0972728921 36.7146007604, -87.0954284705 36.7164981295, -87.089778497 36.7221054379, -87.0866622868 36.7251659971, -87.0853574 36.7264639841, -87.0839901844 36.727809367, -87.08362696 36.7281456131, -87.0833408806 36.7283875859, -87.0831426639 36.7285431267, -87.0827292594 36.728840121, -87.0824118522 36.7290475692, -87.082197866 36.7291799441, -87.0818697832 36.7293627938, -87.0784298201 36.7311702663, -87.068987819 36.7361148765, -87.0684136767 36.736416944, -87.063398571 36.7390287726, -87.0606353232 36.7405132791, -87.0599134894 36.7409099761)"
"District 03","Todd","03-80402.00","US","79","US-79","MAJOR WIDENING(O)","3.0","10.6","Widen US 79 from MP 3.0 to Logan County line. (Estimates based on preliminary engineering. Design funds allocated under Logan Co. Item No. 03-80050) (2026CCN)","","2026","2026","C","NH","25800000","2029","","","","110-US-0079-000","LINESTRING (-87.1622392386 36.6688598389, -87.1585665225 36.672131385, -87.1581799864 36.6724654045, -87.1577870812 36.6727871413, -87.1575861126 36.6729436699, -87.1571765505 36.6732502257, -87.1568589355 36.6734779335, -87.1565289846 36.6737024945, -87.1491027953 36.6786042396, -87.1367387538 36.6868329205, -87.1310797032 36.6906199956, -87.1225596147 36.6963699446, -87.1201544997 36.6979862329, -87.1181834281 36.699318289, -87.1088846877 36.7055784912, -87.1084214569 36.7058805579, -87.1081914659 36.7060271769, -87.1077316241 36.7063094249, -87.1072705665 36.7065812475, -87.1029089608 36.70909789, -87.1025843723 36.7092966894, -87.1023754413 36.7094394798, -87.1021838881 36.7095812436, -87.1020055024 36.7097343888, -87.1018351676 36.7098989758, -87.0989330872 36.7128790927, -87.0972728921 36.7146007604, -87.0954284705 36.7164981295, -87.089778497 36.7221054379, -87.0866622868 36.7251659971, -87.0853574 36.7264639841, -87.0839901844 36.727809367, -87.08362696 36.7281456131, -87.0833408806 36.7283875859, -87.0831426639 36.7285431267, -87.0827292594 36.728840121, -87.0824118522 36.7290475692, -87.082197866 36.7291799441, -87.0818697832 36.7293627938, -87.0784298201 36.7311702663, -87.068987819 36.7361148765, -87.0684136767 36.736416944, -87.063398571 36.7390287726, -87.0606353232 36.7405132791, -87.0599134894 36.7409099761)"
"District 03","Todd","03-80422.00","KY","181","KY-181","SAFETY(P)","0.21","10.96","Improve safety and access on KY 181 from US 421 to Elkton city limits (MP 0.21-10.955) (2026CCN)","","2026","2026","U","SPP","7900000","2031","","","","110-KY-0181-000","LINESTRING (-87.1999870472 36.6477271957, -87.1999855392 36.6477935, -87.1999142491 36.6507429066, -87.1999017362 36.6517733267, -87.1998476768 36.6537427934, -87.1998353956 36.6541489, -87.1998155689 36.6545526294, -87.1997672041 36.655155848, -87.1997206919 36.6555546928, -87.1996658478 36.6559456762, -87.1992913854 36.6584662851, -87.1991005157 36.6597063103, -87.1987581072 36.6620169479, -87.1984410379 36.6640512317, -87.1982431412 36.6653704471, -87.1978350141 36.6680952767, -87.1977919532 36.6684795218, -87.1977613237 36.6688718504, -87.1977441765 36.6692738987, -87.197742507 36.6696828951, -87.1977470911 36.6698855402, -87.1977786116 36.6704775979, -87.1978295578 36.6710515598, -87.1978786087 36.6714384989, -87.1979403095 36.6718272019, -87.1980170632 36.6722184635, -87.198104821 36.6726145319, -87.19918477 36.6772178691, -87.1995437957 36.6787718275, -87.1998226621 36.6799172624, -87.2005778027 36.6831235921, -87.200661413 36.6834977377, -87.2007701648 36.6840613628, -87.2008297342 36.6844443243, -87.2008775138 36.6848348505, -87.200914474 36.6852301799, -87.2009339628 36.6855507452, -87.2009968158 36.6873578074, -87.2010384768 36.6888973363, -87.2010766753 36.6899394892, -87.2011014836 36.6907120882, -87.2011094268 36.6914060693, -87.2011057428 36.6917274748, -87.2010954939 36.6918855355, -87.2010547344 36.6921944958, -87.2010012954 36.6925003194, -87.2009595323 36.6926513585, -87.2008694854 36.6929513237, -87.2004352047 36.6942180262, -87.2000657273 36.6952556694, -87.1997086231 36.6962810713, -87.1994752935 36.6969690077, -87.1991353276 36.6979288228, -87.1985054342 36.6997560865, -87.1981663007 36.7007603848, -87.1976373924 36.7022900181, -87.1975449726 36.7025389215, -87.1973550497 36.7029854286, -87.1971890463 36.7033102349, -87.1969878911 36.7036519599, -87.1968813166 36.7038213864, -87.1964263796 36.7045002723, -87.1959387559 36.7052004389, -87.1954422191 36.7059342245, -87.1952122631 36.7063045957, -87.1950048414 36.706676059, -87.1948257808 36.7070501895, -87.1947458207 36.707238235, -87.1946016727 36.7076185219, -87.1945368178 36.7078115965, -87.1942176113 36.7088634277, -87.1935466346 36.711102353, -87.1927143509 36.7138261479, -87.1924020932 36.7148693726, -87.1919056106 36.716499929, -87.1915552769 36.7176224547, -87.190804979 36.7200743958, -87.190140653 36.7223148696, -87.1897073834 36.7237237998, -87.1894956006 36.7244413882, -87.1893694047 36.7249604276, -87.1893089258 36.725276496, -87.1892694212 36.7255653875, -87.1892476263 36.7257812712, -87.1892308806 36.7260292288, -87.1892207223 36.7261757525, -87.1892197992 36.726412527, -87.1892257465 36.7265448427, -87.1892515559 36.7268411633, -87.1892909542 36.7271521466, -87.1893246036 36.7273233955, -87.1895904708 36.7289288197, -87.1896360432 36.7292235214, -87.1896716167 36.7296018457, -87.1896825741 36.7299777292, -87.1896628657 36.7305517534, -87.1896256798 36.7309438913, -87.1895960001 36.7311400977, -87.1895152341 36.731519592, -87.1894137038 36.7318839634, -87.1892956285 36.7322397498, -87.1891594538 36.7325949378, -87.1890080054 36.7329544341, -87.1887620244 36.7335095686, -87.1885836566 36.7338891751, -87.1883770022 36.7342707803, -87.1882639046 36.7344592328, -87.1881439027 36.7346436497, -87.1880191085 36.7348273024, -87.1878870544 36.7350061002, -87.1876087505 36.73535316, -87.1874614884 36.735521984, -87.1871500925 36.7358518754, -87.1869866193 36.7360118352, -87.1864731066 36.736479915, -87.1863103816 36.7366434358, -87.1859473893 36.7369525376, -87.1857742853 36.7371087707, -87.1839584846 36.7387740284, -87.1829279607 36.7397099269, -87.1825649701 36.7400206658, -87.1821969707 36.7403193815, -87.180532737 36.7416185041, -87.1799824921 36.742061463, -87.1796214471 36.74236805, -87.1790958235 36.742849979, -87.1789262813 36.7430154954, -87.1787616035 36.7431856212, -87.1784374585 36.7435307517, -87.1762196524 36.7459517798, -87.1757507453 36.7464752945, -87.174874931 36.7474811797, -87.1744630325 36.7479342231, -87.1741198264 36.748284245, -87.1735869225 36.7488002968, -87.1722118124 36.7500822892, -87.1718940895 36.7503732133, -87.1715946676 36.7506573197, -87.1713638758 36.7508886721, -87.1710429353 36.7512263265, -87.1707717129 36.7515218964, -87.170378918 36.751976888, -87.1701309625 36.7522757414, -87.1698938891 36.7525725393, -87.1692085775 36.7534799145, -87.1688740729 36.7539317158, -87.1686504909 36.7542566362, -87.1685461224 36.7544235377, -87.1683457189 36.7547649287, -87.1681604329 36.7551116278, -87.1679954248 36.755465769, -87.1679223418 36.7556446472, -87.1677978288 36.7560103792, -87.1677025042 36.7563672391, -87.1676549853 36.7565804121, -87.1675849768 36.7569765145, -87.167552351 36.7572191699, -87.1675307854 36.7573787415, -87.1674869907 36.7579519585, -87.167417242 36.7589586439, -87.1673557483 36.7601676589, -87.1672500218 36.7618727147, -87.167167458 36.763014694, -87.1669950424 36.7656906926, -87.1666438622 36.7709795954, -87.1666228055 36.7711844809, -87.1665942026 36.7713875354, -87.1665133924 36.7717911853, -87.1664035351 36.7721935424, -87.1662729023 36.7725986252, -87.1658507857 36.7738414338, -87.1652824384 36.7754782516, -87.1646440417 36.7773491136, -87.1644298148 36.7779939009, -87.1642818801 36.7784785719, -87.164146146 36.778976552, -87.164011992 36.7795223055, -87.1636310697 36.7810708592, -87.163589281 36.7812814903, -87.1635607695 36.7814900368, -87.1635472322 36.7816959276, -87.1635494699 36.7821048826, -87.1635865703 36.7827150182, -87.1637435507 36.7843960003, -87.1638747972 36.7858707448, -87.1640272179 36.7874358721, -87.1640790151 36.7879738663, -87.1641715794 36.7890442217, -87.164197395 36.7894718409, -87.1642007012 36.78968357, -87.1641947328 36.7898923917, -87.1641750139 36.7900964364, -87.1641463506 36.7902970189, -87.1641066888 36.7904938911, -87.1640570481 36.7906867638, -87.1640005579 36.7908786216, -87.1639364839 36.7910667267, -87.1638645047 36.7912521814, -87.1637818577 36.7914333722, -87.1636892419 36.7916111121, -87.1634836527 36.79195558, -87.1628885912 36.7928728068, -87.1625807942 36.7933396457, -87.1615080421 36.7949959877)"
"District 03","Todd","03-80422.00","KY","181","KY-181","SAFETY(P)","0.21","10.96","Improve safety and access on KY 181 from US 421 to Elkton city limits (MP 0.21-10.955) (2026CCN)","","2026","2026","D","SPP","4600000","2027","","","","110-KY-0181-000","LINESTRING (-87.1999870472 36.6477271957, -87.1999855392 36.6477935, -87.1999142491 36.6507429066, -87.1999017362 36.6517733267, -87.1998476768 36.6537427934, -87.1998353956 36.6541489, -87.1998155689 36.6545526294, -87.1997672041 36.655155848, -87.1997206919 36.6555546928, -87.1996658478 36.6559456762, -87.1992913854 36.6584662851, -87.1991005157 36.6597063103, -87.1987581072 36.6620169479, -87.1984410379 36.6640512317, -87.1982431412 36.6653704471, -87.1978350141 36.6680952767, -87.1977919532 36.6684795218, -87.1977613237 36.6688718504, -87.1977441765 36.6692738987, -87.197742507 36.6696828951, -87.1977470911 36.6698855402, -87.1977786116 36.6704775979, -87.1978295578 36.6710515598, -87.1978786087 36.6714384989, -87.1979403095 36.6718272019, -87.1980170632 36.6722184635, -87.198104821 36.6726145319, -87.19918477 36.6772178691, -87.1995437957 36.6787718275, -87.1998226621 36.6799172624, -87.2005778027 36.6831235921, -87.200661413 36.6834977377, -87.2007701648 36.6840613628, -87.2008297342 36.6844443243, -87.2008775138 36.6848348505, -87.200914474 36.6852301799, -87.2009339628 36.6855507452, -87.2009968158 36.6873578074, -87.2010384768 36.6888973363, -87.2010766753 36.6899394892, -87.2011014836 36.6907120882, -87.2011094268 36.6914060693, -87.2011057428 36.6917274748, -87.2010954939 36.6918855355, -87.2010547344 36.6921944958, -87.2010012954 36.6925003194, -87.2009595323 36.6926513585, -87.2008694854 36.6929513237, -87.2004352047 36.6942180262, -87.2000657273 36.6952556694, -87.1997086231 36.6962810713, -87.1994752935 36.6969690077, -87.1991353276 36.6979288228, -87.1985054342 36.6997560865, -87.1981663007 36.7007603848, -87.1976373924 36.7022900181, -87.1975449726 36.7025389215, -87.1973550497 36.7029854286, -87.1971890463 36.7033102349, -87.1969878911 36.7036519599, -87.1968813166 36.7038213864, -87.1964263796 36.7045002723, -87.1959387559 36.7052004389, -87.1954422191 36.7059342245, -87.1952122631 36.7063045957, -87.1950048414 36.706676059, -87.1948257808 36.7070501895, -87.1947458207 36.707238235, -87.1946016727 36.7076185219, -87.1945368178 36.7078115965, -87.1942176113 36.7088634277, -87.1935466346 36.711102353, -87.1927143509 36.7138261479, -87.1924020932 36.7148693726, -87.1919056106 36.716499929, -87.1915552769 36.7176224547, -87.190804979 36.7200743958, -87.190140653 36.7223148696, -87.1897073834 36.7237237998, -87.1894956006 36.7244413882, -87.1893694047 36.7249604276, -87.1893089258 36.725276496, -87.1892694212 36.7255653875, -87.1892476263 36.7257812712, -87.1892308806 36.7260292288, -87.1892207223 36.7261757525, -87.1892197992 36.726412527, -87.1892257465 36.7265448427, -87.1892515559 36.7268411633, -87.1892909542 36.7271521466, -87.1893246036 36.7273233955, -87.1895904708 36.7289288197, -87.1896360432 36.7292235214, -87.1896716167 36.7296018457, -87.1896825741 36.7299777292, -87.1896628657 36.7305517534, -87.1896256798 36.7309438913, -87.1895960001 36.7311400977, -87.1895152341 36.731519592, -87.1894137038 36.7318839634, -87.1892956285 36.7322397498, -87.1891594538 36.7325949378, -87.1890080054 36.7329544341, -87.1887620244 36.7335095686, -87.1885836566 36.7338891751, -87.1883770022 36.7342707803, -87.1882639046 36.7344592328, -87.1881439027 36.7346436497, -87.1880191085 36.7348273024, -87.1878870544 36.7350061002, -87.1876087505 36.73535316, -87.1874614884 36.735521984, -87.1871500925 36.7358518754, -87.1869866193 36.7360118352, -87.1864731066 36.736479915, -87.1863103816 36.7366434358, -87.1859473893 36.7369525376, -87.1857742853 36.7371087707, -87.1839584846 36.7387740284, -87.1829279607 36.7397099269, -87.1825649701 36.7400206658, -87.1821969707 36.7403193815, -87.180532737 36.7416185041, -87.1799824921 36.742061463, -87.1796214471 36.74236805, -87.1790958235 36.742849979, -87.1789262813 36.7430154954, -87.1787616035 36.7431856212, -87.1784374585 36.7435307517, -87.1762196524 36.7459517798, -87.1757507453 36.7464752945, -87.174874931 36.7474811797, -87.1744630325 36.7479342231, -87.1741198264 36.748284245, -87.1735869225 36.7488002968, -87.1722118124 36.7500822892, -87.1718940895 36.7503732133, -87.1715946676 36.7506573197, -87.1713638758 36.7508886721, -87.1710429353 36.7512263265, -87.1707717129 36.7515218964, -87.170378918 36.751976888, -87.1701309625 36.7522757414, -87.1698938891 36.7525725393, -87.1692085775 36.7534799145, -87.1688740729 36.7539317158, -87.1686504909 36.7542566362, -87.1685461224 36.7544235377, -87.1683457189 36.7547649287, -87.1681604329 36.7551116278, -87.1679954248 36.755465769, -87.1679223418 36.7556446472, -87.1677978288 36.7560103792, -87.1677025042 36.7563672391, -87.1676549853 36.7565804121, -87.1675849768 36.7569765145, -87.167552351 36.7572191699, -87.1675307854 36.7573787415, -87.1674869907 36.7579519585, -87.167417242 36.7589586439, -87.1673557483 36.7601676589, -87.1672500218 36.7618727147, -87.167167458 36.763014694, -87.1669950424 36.7656906926, -87.1666438622 36.7709795954, -87.1666228055 36.7711844809, -87.1665942026 36.7713875354, -87.1665133924 36.7717911853, -87.1664035351 36.7721935424, -87.1662729023 36.7725986252, -87.1658507857 36.7738414338, -87.1652824384 36.7754782516, -87.1646440417 36.7773491136, -87.1644298148 36.7779939009, -87.1642818801 36.7784785719, -87.164146146 36.778976552, -87.164011992 36.7795223055, -87.1636310697 36.7810708592, -87.163589281 36.7812814903, -87.1635607695 36.7814900368, -87.1635472322 36.7816959276, -87.1635494699 36.7821048826, -87.1635865703 36.7827150182, -87.1637435507 36.7843960003, -87.1638747972 36.7858707448, -87.1640272179 36.7874358721, -87.1640790151 36.7879738663, -87.1641715794 36.7890442217, -87.164197395 36.7894718409, -87.1642007012 36.78968357, -87.1641947328 36.7898923917, -87.1641750139 36.7900964364, -87.1641463506 36.7902970189, -87.1641066888 36.7904938911, -87.1640570481 36.7906867638, -87.1640005579 36.7908786216, -87.1639364839 36.7910667267, -87.1638645047 36.7912521814, -87.1637818577 36.7914333722, -87.1636892419 36.7916111121, -87.1634836527 36.79195558, -87.1628885912 36.7928728068, -87.1625807942 36.7933396457, -87.1615080421 36.7949959877)"
"District 03","Todd","03-80422.00","KY","181","KY-181","SAFETY(P)","0.21","10.96","Improve safety and access on KY 181 from US 421 to Elkton city limits (MP 0.21-10.955) (2026CCN)","","2026","2026","R","SPP","16000000","2030","","","","110-KY-0181-000","LINESTRING (-87.1999870472 36.6477271957, -87.1999855392 36.6477935, -87.1999142491 36.6507429066, -87.1999017362 36.6517733267, -87.1998476768 36.6537427934, -87.1998353956 36.6541489, -87.1998155689 36.6545526294, -87.1997672041 36.655155848, -87.1997206919 36.6555546928, -87.1996658478 36.6559456762, -87.1992913854 36.6584662851, -87.1991005157 36.6597063103, -87.1987581072 36.6620169479, -87.1984410379 36.6640512317, -87.1982431412 36.6653704471, -87.1978350141 36.6680952767, -87.1977919532 36.6684795218, -87.1977613237 36.6688718504, -87.1977441765 36.6692738987, -87.197742507 36.6696828951, -87.1977470911 36.6698855402, -87.1977786116 36.6704775979, -87.1978295578 36.6710515598, -87.1978786087 36.6714384989, -87.1979403095 36.6718272019, -87.1980170632 36.6722184635, -87.198104821 36.6726145319, -87.19918477 36.6772178691, -87.1995437957 36.6787718275, -87.1998226621 36.6799172624, -87.2005778027 36.6831235921, -87.200661413 36.6834977377, -87.2007701648 36.6840613628, -87.2008297342 36.6844443243, -87.2008775138 36.6848348505, -87.200914474 36.6852301799, -87.2009339628 36.6855507452, -87.2009968158 36.6873578074, -87.2010384768 36.6888973363, -87.2010766753 36.6899394892, -87.2011014836 36.6907120882, -87.2011094268 36.6914060693, -87.2011057428 36.6917274748, -87.2010954939 36.6918855355, -87.2010547344 36.6921944958, -87.2010012954 36.6925003194, -87.2009595323 36.6926513585, -87.2008694854 36.6929513237, -87.2004352047 36.6942180262, -87.2000657273 36.6952556694, -87.1997086231 36.6962810713, -87.1994752935 36.6969690077, -87.1991353276 36.6979288228, -87.1985054342 36.6997560865, -87.1981663007 36.7007603848, -87.1976373924 36.7022900181, -87.1975449726 36.7025389215, -87.1973550497 36.7029854286, -87.1971890463 36.7033102349, -87.1969878911 36.7036519599, -87.1968813166 36.7038213864, -87.1964263796 36.7045002723, -87.1959387559 36.7052004389, -87.1954422191 36.7059342245, -87.1952122631 36.7063045957, -87.1950048414 36.706676059, -87.1948257808 36.7070501895, -87.1947458207 36.707238235, -87.1946016727 36.7076185219, -87.1945368178 36.7078115965, -87.1942176113 36.7088634277, -87.1935466346 36.711102353, -87.1927143509 36.7138261479, -87.1924020932 36.7148693726, -87.1919056106 36.716499929, -87.1915552769 36.7176224547, -87.190804979 36.7200743958, -87.190140653 36.7223148696, -87.1897073834 36.7237237998, -87.1894956006 36.7244413882, -87.1893694047 36.7249604276, -87.1893089258 36.725276496, -87.1892694212 36.7255653875, -87.1892476263 36.7257812712, -87.1892308806 36.7260292288, -87.1892207223 36.7261757525, -87.1892197992 36.726412527, -87.1892257465 36.7265448427, -87.1892515559 36.7268411633, -87.1892909542 36.7271521466, -87.1893246036 36.7273233955, -87.1895904708 36.7289288197, -87.1896360432 36.7292235214, -87.1896716167 36.7296018457, -87.1896825741 36.7299777292, -87.1896628657 36.7305517534, -87.1896256798 36.7309438913, -87.1895960001 36.7311400977, -87.1895152341 36.731519592, -87.1894137038 36.7318839634, -87.1892956285 36.7322397498, -87.1891594538 36.7325949378, -87.1890080054 36.7329544341, -87.1887620244 36.7335095686, -87.1885836566 36.7338891751, -87.1883770022 36.7342707803, -87.1882639046 36.7344592328, -87.1881439027 36.7346436497, -87.1880191085 36.7348273024, -87.1878870544 36.7350061002, -87.1876087505 36.73535316, -87.1874614884 36.735521984, -87.1871500925 36.7358518754, -87.1869866193 36.7360118352, -87.1864731066 36.736479915, -87.1863103816 36.7366434358, -87.1859473893 36.7369525376, -87.1857742853 36.7371087707, -87.1839584846 36.7387740284, -87.1829279607 36.7397099269, -87.1825649701 36.7400206658, -87.1821969707 36.7403193815, -87.180532737 36.7416185041, -87.1799824921 36.742061463, -87.1796214471 36.74236805, -87.1790958235 36.742849979, -87.1789262813 36.7430154954, -87.1787616035 36.7431856212, -87.1784374585 36.7435307517, -87.1762196524 36.7459517798, -87.1757507453 36.7464752945, -87.174874931 36.7474811797, -87.1744630325 36.7479342231, -87.1741198264 36.748284245, -87.1735869225 36.7488002968, -87.1722118124 36.7500822892, -87.1718940895 36.7503732133, -87.1715946676 36.7506573197, -87.1713638758 36.7508886721, -87.1710429353 36.7512263265, -87.1707717129 36.7515218964, -87.170378918 36.751976888, -87.1701309625 36.7522757414, -87.1698938891 36.7525725393, -87.1692085775 36.7534799145, -87.1688740729 36.7539317158, -87.1686504909 36.7542566362, -87.1685461224 36.7544235377, -87.1683457189 36.7547649287, -87.1681604329 36.7551116278, -87.1679954248 36.755465769, -87.1679223418 36.7556446472, -87.1677978288 36.7560103792, -87.1677025042 36.7563672391, -87.1676549853 36.7565804121, -87.1675849768 36.7569765145, -87.167552351 36.7572191699, -87.1675307854 36.7573787415, -87.1674869907 36.7579519585, -87.167417242 36.7589586439, -87.1673557483 36.7601676589, -87.1672500218 36.7618727147, -87.167167458 36.763014694, -87.1669950424 36.7656906926, -87.1666438622 36.7709795954, -87.1666228055 36.7711844809, -87.1665942026 36.7713875354, -87.1665133924 36.7717911853, -87.1664035351 36.7721935424, -87.1662729023 36.7725986252, -87.1658507857 36.7738414338, -87.1652824384 36.7754782516, -87.1646440417 36.7773491136, -87.1644298148 36.7779939009, -87.1642818801 36.7784785719, -87.164146146 36.778976552, -87.164011992 36.7795223055, -87.1636310697 36.7810708592, -87.163589281 36.7812814903, -87.1635607695 36.7814900368, -87.1635472322 36.7816959276, -87.1635494699 36.7821048826, -87.1635865703 36.7827150182, -87.1637435507 36.7843960003, -87.1638747972 36.7858707448, -87.1640272179 36.7874358721, -87.1640790151 36.7879738663, -87.1641715794 36.7890442217, -87.164197395 36.7894718409, -87.1642007012 36.78968357, -87.1641947328 36.7898923917, -87.1641750139 36.7900964364, -87.1641463506 36.7902970189, -87.1641066888 36.7904938911, -87.1640570481 36.7906867638, -87.1640005579 36.7908786216, -87.1639364839 36.7910667267, -87.1638645047 36.7912521814, -87.1637818577 36.7914333722, -87.1636892419 36.7916111121, -87.1634836527 36.79195558, -87.1628885912 36.7928728068, -87.1625807942 36.7933396457, -87.1615080421 36.7949959877)"
"District 03","Todd","03-80422.00","KY","181","KY-181","SAFETY(P)","0.21","10.96","Improve safety and access on KY 181 from US 421 to Elkton city limits (MP 0.21-10.955) (2026CCN)","","2026","2026","C","SPP","31600000","2032","","","","110-KY-0181-000","LINESTRING (-87.1999870472 36.6477271957, -87.1999855392 36.6477935, -87.1999142491 36.6507429066, -87.1999017362 36.6517733267, -87.1998476768 36.6537427934, -87.1998353956 36.6541489, -87.1998155689 36.6545526294, -87.1997672041 36.655155848, -87.1997206919 36.6555546928, -87.1996658478 36.6559456762, -87.1992913854 36.6584662851, -87.1991005157 36.6597063103, -87.1987581072 36.6620169479, -87.1984410379 36.6640512317, -87.1982431412 36.6653704471, -87.1978350141 36.6680952767, -87.1977919532 36.6684795218, -87.1977613237 36.6688718504, -87.1977441765 36.6692738987, -87.197742507 36.6696828951, -87.1977470911 36.6698855402, -87.1977786116 36.6704775979, -87.1978295578 36.6710515598, -87.1978786087 36.6714384989, -87.1979403095 36.6718272019, -87.1980170632 36.6722184635, -87.198104821 36.6726145319, -87.19918477 36.6772178691, -87.1995437957 36.6787718275, -87.1998226621 36.6799172624, -87.2005778027 36.6831235921, -87.200661413 36.6834977377, -87.2007701648 36.6840613628, -87.2008297342 36.6844443243, -87.2008775138 36.6848348505, -87.200914474 36.6852301799, -87.2009339628 36.6855507452, -87.2009968158 36.6873578074, -87.2010384768 36.6888973363, -87.2010766753 36.6899394892, -87.2011014836 36.6907120882, -87.2011094268 36.6914060693, -87.2011057428 36.6917274748, -87.2010954939 36.6918855355, -87.2010547344 36.6921944958, -87.2010012954 36.6925003194, -87.2009595323 36.6926513585, -87.2008694854 36.6929513237, -87.2004352047 36.6942180262, -87.2000657273 36.6952556694, -87.1997086231 36.6962810713, -87.1994752935 36.6969690077, -87.1991353276 36.6979288228, -87.1985054342 36.6997560865, -87.1981663007 36.7007603848, -87.1976373924 36.7022900181, -87.1975449726 36.7025389215, -87.1973550497 36.7029854286, -87.1971890463 36.7033102349, -87.1969878911 36.7036519599, -87.1968813166 36.7038213864, -87.1964263796 36.7045002723, -87.1959387559 36.7052004389, -87.1954422191 36.7059342245, -87.1952122631 36.7063045957, -87.1950048414 36.706676059, -87.1948257808 36.7070501895, -87.1947458207 36.707238235, -87.1946016727 36.7076185219, -87.1945368178 36.7078115965, -87.1942176113 36.7088634277, -87.1935466346 36.711102353, -87.1927143509 36.7138261479, -87.1924020932 36.7148693726, -87.1919056106 36.716499929, -87.1915552769 36.7176224547, -87.190804979 36.7200743958, -87.190140653 36.7223148696, -87.1897073834 36.7237237998, -87.1894956006 36.7244413882, -87.1893694047 36.7249604276, -87.1893089258 36.725276496, -87.1892694212 36.7255653875, -87.1892476263 36.7257812712, -87.1892308806 36.7260292288, -87.1892207223 36.7261757525, -87.1892197992 36.726412527, -87.1892257465 36.7265448427, -87.1892515559 36.7268411633, -87.1892909542 36.7271521466, -87.1893246036 36.7273233955, -87.1895904708 36.7289288197, -87.1896360432 36.7292235214, -87.1896716167 36.7296018457, -87.1896825741 36.7299777292, -87.1896628657 36.7305517534, -87.1896256798 36.7309438913, -87.1895960001 36.7311400977, -87.1895152341 36.731519592, -87.1894137038 36.7318839634, -87.1892956285 36.7322397498, -87.1891594538 36.7325949378, -87.1890080054 36.7329544341, -87.1887620244 36.7335095686, -87.1885836566 36.7338891751, -87.1883770022 36.7342707803, -87.1882639046 36.7344592328, -87.1881439027 36.7346436497, -87.1880191085 36.7348273024, -87.1878870544 36.7350061002, -87.1876087505 36.73535316, -87.1874614884 36.735521984, -87.1871500925 36.7358518754, -87.1869866193 36.7360118352, -87.1864731066 36.736479915, -87.1863103816 36.7366434358, -87.1859473893 36.7369525376, -87.1857742853 36.7371087707, -87.1839584846 36.7387740284, -87.1829279607 36.7397099269, -87.1825649701 36.7400206658, -87.1821969707 36.7403193815, -87.180532737 36.7416185041, -87.1799824921 36.742061463, -87.1796214471 36.74236805, -87.1790958235 36.742849979, -87.1789262813 36.7430154954, -87.1787616035 36.7431856212, -87.1784374585 36.7435307517, -87.1762196524 36.7459517798, -87.1757507453 36.7464752945, -87.174874931 36.7474811797, -87.1744630325 36.7479342231, -87.1741198264 36.748284245, -87.1735869225 36.7488002968, -87.1722118124 36.7500822892, -87.1718940895 36.7503732133, -87.1715946676 36.7506573197, -87.1713638758 36.7508886721, -87.1710429353 36.7512263265, -87.1707717129 36.7515218964, -87.170378918 36.751976888, -87.1701309625 36.7522757414, -87.1698938891 36.7525725393, -87.1692085775 36.7534799145, -87.1688740729 36.7539317158, -87.1686504909 36.7542566362, -87.1685461224 36.7544235377, -87.1683457189 36.7547649287, -87.1681604329 36.7551116278, -87.1679954248 36.755465769, -87.1679223418 36.7556446472, -87.1677978288 36.7560103792, -87.1677025042 36.7563672391, -87.1676549853 36.7565804121, -87.1675849768 36.7569765145, -87.167552351 36.7572191699, -87.1675307854 36.7573787415, -87.1674869907 36.7579519585, -87.167417242 36.7589586439, -87.1673557483 36.7601676589, -87.1672500218 36.7618727147, -87.167167458 36.763014694, -87.1669950424 36.7656906926, -87.1666438622 36.7709795954, -87.1666228055 36.7711844809, -87.1665942026 36.7713875354, -87.1665133924 36.7717911853, -87.1664035351 36.7721935424, -87.1662729023 36.7725986252, -87.1658507857 36.7738414338, -87.1652824384 36.7754782516, -87.1646440417 36.7773491136, -87.1644298148 36.7779939009, -87.1642818801 36.7784785719, -87.164146146 36.778976552, -87.164011992 36.7795223055, -87.1636310697 36.7810708592, -87.163589281 36.7812814903, -87.1635607695 36.7814900368, -87.1635472322 36.7816959276, -87.1635494699 36.7821048826, -87.1635865703 36.7827150182, -87.1637435507 36.7843960003, -87.1638747972 36.7858707448, -87.1640272179 36.7874358721, -87.1640790151 36.7879738663, -87.1641715794 36.7890442217, -87.164197395 36.7894718409, -87.1642007012 36.78968357, -87.1641947328 36.7898923917, -87.1641750139 36.7900964364, -87.1641463506 36.7902970189, -87.1641066888 36.7904938911, -87.1640570481 36.7906867638, -87.1640005579 36.7908786216, -87.1639364839 36.7910667267, -87.1638645047 36.7912521814, -87.1637818577 36.7914333722, -87.1636892419 36.7916111121, -87.1634836527 36.79195558, -87.1628885912 36.7928728068, -87.1625807942 36.7933396457, -87.1615080421 36.7949959877)"
"District 03","Warren","03-00020.00","I","65","I-65","I-CHANGE RECONST(O)","35.5","35.9","COMPLETE I65/US68 (GLASGOW ROAD)DIAMOND INTERCHANGE BY ADDING NORTHBOUND ON-RAMP AND SOUTHBOUND OFF-RAMP. (2024CCR)","","2024","2026","C","NH","9100000","2031","","","","114-I-0065-000","LINESTRING (-86.2419380297 37.030324411, -86.2406974245 37.0319258083, -86.2399112563 37.0328725398, -86.239010009 37.0337741581, -86.2384271267 37.0342753685, -86.2379948999 37.0346075844, -86.2375696513 37.0349189027)"
"District 03","Warren","03-00020.00","I","65","I-65","I-CHANGE RECONST(O)","35.5","35.9","COMPLETE I65/US68 (GLASGOW ROAD)DIAMOND INTERCHANGE BY ADDING NORTHBOUND ON-RAMP AND SOUTHBOUND OFF-RAMP. (2024CCR)","","2024","2026","R","NH","530000","2029","","","","114-I-0065-000","LINESTRING (-86.2419380297 37.030324411, -86.2406974245 37.0319258083, -86.2399112563 37.0328725398, -86.239010009 37.0337741581, -86.2384271267 37.0342753685, -86.2379948999 37.0346075844, -86.2375696513 37.0349189027)"
"District 03","Warren","03-00020.00","I","65","I-65","I-CHANGE RECONST(O)","35.5","35.9","COMPLETE I65/US68 (GLASGOW ROAD)DIAMOND INTERCHANGE BY ADDING NORTHBOUND ON-RAMP AND SOUTHBOUND OFF-RAMP. (2024CCR)","","2024","2026","U","NH","1655000","2030","","","","114-I-0065-000","LINESTRING (-86.2419380297 37.030324411, -86.2406974245 37.0319258083, -86.2399112563 37.0328725398, -86.239010009 37.0337741581, -86.2384271267 37.0342753685, -86.2379948999 37.0346075844, -86.2375696513 37.0349189027)"
"District 03","Warren","03-00021.00","I","65","I-65","NEW INTERCHANGE","14.0","16.0","NEW I-65 INTERCHANGE IN SOUTHERN WARREN COUNTY NEAR WOODBURN. (2024CCR)","","2024","2026","D","NH","2000000","2028","","","","114-I-0065-000","LINESTRING (-86.470998136 36.8210454581, -86.4694775653 36.8240666034, -86.4685069708 36.8262750096, -86.4681052581 36.82738707, -86.4677101617 36.828513369, -86.4673114426 36.82965507, -86.466914278 36.8308176323, -86.4660846986 36.8331764799, -86.4656840765 36.8343387858, -86.4652666035 36.8354910317, -86.4647877495 36.8366573869, -86.4642463893 36.8378276956, -86.463697786 36.8389928282, -86.4625927675 36.8413692735, -86.4597292165 36.8474666863, -86.4592735426 36.8484503377)"
"District 03","Warren","03-00110.40","KY","185","KY-185","RECONSTRUCTION(O)","9.48","11.02","IMPROVE KY 185 FROM 0.32 MILES SOUTH OF THE AUSTIN RAYMER ROAD TO 0.08 MILES SOUTH OF THE BRIDGE OVER IVY CREEK. (2018BOP) (2022CCR)","","2020","2026","R","SPP","800000","2029","","","","114-KY-0185-000","LINESTRING (-86.4227385661 37.1258683486, -86.4227733823 37.1260196104, -86.4230926798 37.1272715645, -86.4231394553 37.1274759117, -86.4231749242 37.1276816983, -86.4231949842 37.1278903193, -86.4232039916 37.1282429237, -86.4231938721 37.1285283485, -86.4231769371 37.1287426771, -86.4231507231 37.1289551359, -86.423114888 37.1291657288, -86.4230256471 37.1295785001, -86.4228376938 37.1303810278, -86.4227034943 37.1309821973, -86.4226648008 37.1311804463, -86.4226451405 37.1313209082, -86.4226335721 37.1314456684, -86.4226264582 37.131646207, -86.4226380623 37.1319825922, -86.4226804674 37.132387188, -86.4229546882 37.134611131, -86.4229660712 37.1348085425, -86.4229564881 37.1350014051, -86.4229173587 37.1351894943, -86.4228462469 37.1353687058, -86.422750004 37.1355381736, -86.4226354923 37.1356981339, -86.4225506465 37.1357999716, -86.4224540745 37.1358950094, -86.4223495595 37.1359840514, -86.4221770329 37.1361017744, -86.4215699109 37.1364543603, -86.4205976117 37.1370567829, -86.4204266166 37.1371544444, -86.4203088122 37.1372158206, -86.4201229329 37.1372987367, -86.4199249276 37.1373685386, -86.419715802 37.1374224742, -86.4194983134 37.1374619004, -86.4191988071 37.1374985017, -86.4181667034 37.1375934101, -86.4165153051 37.1377574954, -86.416099105 37.1377884383, -86.4157616092 37.1377969582, -86.4154263042 37.1377818448, -86.4152583992 37.1377652256, -86.4150948539 37.1377373193, -86.4148531933 37.1376823938, -86.4141149309 37.1374896751, -86.4139155632 37.1374454929, -86.4137259382 37.1374166357, -86.4135450821 37.1374094258, -86.4134542322 37.1374162597, -86.4133668545 37.1374277432, -86.4131922985 37.1374732308, -86.4130282762 37.1375461236, -86.4128785193 37.137641456, -86.4127481568 37.1377575518, -86.4126464378 37.1378927117, -86.4125722858 37.138041721, -86.4125465676 37.1381204183, -86.4125232583 37.1381999257, -86.4124510539 37.1385299217, -86.4124078361 37.1386856217, -86.412381057 37.1387607548, -86.4123515356 37.1388361776, -86.4123120278 37.1389072632, -86.4122690908 37.1389786424, -86.4122144686 37.1390476164, -86.4121546831 37.1391146973, -86.4121077104 37.1391564369, -86.4119609438 37.1392800405, -86.4118549729 37.1393616659, -86.4116215371 37.1394997684, -86.4113200888 37.139667096, -86.4111604804 37.1397742927, -86.4110199112 37.1399006072, -86.4109028285 37.1400449157, -86.4108102449 37.1402052884, -86.4107162448 37.1404381797, -86.4105903932 37.1408146869)"
"District 03","Warren","03-00110.40","KY","185","KY-185","RECONSTRUCTION(O)","9.48","11.02","IMPROVE KY 185 FROM 0.32 MILES SOUTH OF THE AUSTIN RAYMER ROAD TO 0.08 MILES SOUTH OF THE BRIDGE OVER IVY CREEK. (2018BOP) (2022CCR)","","2020","2026","U","SPP","680000","2029","","","","114-KY-0185-000","LINESTRING (-86.4227385661 37.1258683486, -86.4227733823 37.1260196104, -86.4230926798 37.1272715645, -86.4231394553 37.1274759117, -86.4231749242 37.1276816983, -86.4231949842 37.1278903193, -86.4232039916 37.1282429237, -86.4231938721 37.1285283485, -86.4231769371 37.1287426771, -86.4231507231 37.1289551359, -86.423114888 37.1291657288, -86.4230256471 37.1295785001, -86.4228376938 37.1303810278, -86.4227034943 37.1309821973, -86.4226648008 37.1311804463, -86.4226451405 37.1313209082, -86.4226335721 37.1314456684, -86.4226264582 37.131646207, -86.4226380623 37.1319825922, -86.4226804674 37.132387188, -86.4229546882 37.134611131, -86.4229660712 37.1348085425, -86.4229564881 37.1350014051, -86.4229173587 37.1351894943, -86.4228462469 37.1353687058, -86.422750004 37.1355381736, -86.4226354923 37.1356981339, -86.4225506465 37.1357999716, -86.4224540745 37.1358950094, -86.4223495595 37.1359840514, -86.4221770329 37.1361017744, -86.4215699109 37.1364543603, -86.4205976117 37.1370567829, -86.4204266166 37.1371544444, -86.4203088122 37.1372158206, -86.4201229329 37.1372987367, -86.4199249276 37.1373685386, -86.419715802 37.1374224742, -86.4194983134 37.1374619004, -86.4191988071 37.1374985017, -86.4181667034 37.1375934101, -86.4165153051 37.1377574954, -86.416099105 37.1377884383, -86.4157616092 37.1377969582, -86.4154263042 37.1377818448, -86.4152583992 37.1377652256, -86.4150948539 37.1377373193, -86.4148531933 37.1376823938, -86.4141149309 37.1374896751, -86.4139155632 37.1374454929, -86.4137259382 37.1374166357, -86.4135450821 37.1374094258, -86.4134542322 37.1374162597, -86.4133668545 37.1374277432, -86.4131922985 37.1374732308, -86.4130282762 37.1375461236, -86.4128785193 37.137641456, -86.4127481568 37.1377575518, -86.4126464378 37.1378927117, -86.4125722858 37.138041721, -86.4125465676 37.1381204183, -86.4125232583 37.1381999257, -86.4124510539 37.1385299217, -86.4124078361 37.1386856217, -86.412381057 37.1387607548, -86.4123515356 37.1388361776, -86.4123120278 37.1389072632, -86.4122690908 37.1389786424, -86.4122144686 37.1390476164, -86.4121546831 37.1391146973, -86.4121077104 37.1391564369, -86.4119609438 37.1392800405, -86.4118549729 37.1393616659, -86.4116215371 37.1394997684, -86.4113200888 37.139667096, -86.4111604804 37.1397742927, -86.4110199112 37.1399006072, -86.4109028285 37.1400449157, -86.4108102449 37.1402052884, -86.4107162448 37.1404381797, -86.4105903932 37.1408146869)"
"District 03","Warren","03-00110.40","KY","185","KY-185","RECONSTRUCTION(O)","9.48","11.02","IMPROVE KY 185 FROM 0.32 MILES SOUTH OF THE AUSTIN RAYMER ROAD TO 0.08 MILES SOUTH OF THE BRIDGE OVER IVY CREEK. (2018BOP) (2022CCR)","","2020","2026","C","SPP","10150000","2030","","","","114-KY-0185-000","LINESTRING (-86.4227385661 37.1258683486, -86.4227733823 37.1260196104, -86.4230926798 37.1272715645, -86.4231394553 37.1274759117, -86.4231749242 37.1276816983, -86.4231949842 37.1278903193, -86.4232039916 37.1282429237, -86.4231938721 37.1285283485, -86.4231769371 37.1287426771, -86.4231507231 37.1289551359, -86.423114888 37.1291657288, -86.4230256471 37.1295785001, -86.4228376938 37.1303810278, -86.4227034943 37.1309821973, -86.4226648008 37.1311804463, -86.4226451405 37.1313209082, -86.4226335721 37.1314456684, -86.4226264582 37.131646207, -86.4226380623 37.1319825922, -86.4226804674 37.132387188, -86.4229546882 37.134611131, -86.4229660712 37.1348085425, -86.4229564881 37.1350014051, -86.4229173587 37.1351894943, -86.4228462469 37.1353687058, -86.422750004 37.1355381736, -86.4226354923 37.1356981339, -86.4225506465 37.1357999716, -86.4224540745 37.1358950094, -86.4223495595 37.1359840514, -86.4221770329 37.1361017744, -86.4215699109 37.1364543603, -86.4205976117 37.1370567829, -86.4204266166 37.1371544444, -86.4203088122 37.1372158206, -86.4201229329 37.1372987367, -86.4199249276 37.1373685386, -86.419715802 37.1374224742, -86.4194983134 37.1374619004, -86.4191988071 37.1374985017, -86.4181667034 37.1375934101, -86.4165153051 37.1377574954, -86.416099105 37.1377884383, -86.4157616092 37.1377969582, -86.4154263042 37.1377818448, -86.4152583992 37.1377652256, -86.4150948539 37.1377373193, -86.4148531933 37.1376823938, -86.4141149309 37.1374896751, -86.4139155632 37.1374454929, -86.4137259382 37.1374166357, -86.4135450821 37.1374094258, -86.4134542322 37.1374162597, -86.4133668545 37.1374277432, -86.4131922985 37.1374732308, -86.4130282762 37.1375461236, -86.4128785193 37.137641456, -86.4127481568 37.1377575518, -86.4126464378 37.1378927117, -86.4125722858 37.138041721, -86.4125465676 37.1381204183, -86.4125232583 37.1381999257, -86.4124510539 37.1385299217, -86.4124078361 37.1386856217, -86.412381057 37.1387607548, -86.4123515356 37.1388361776, -86.4123120278 37.1389072632, -86.4122690908 37.1389786424, -86.4122144686 37.1390476164, -86.4121546831 37.1391146973, -86.4121077104 37.1391564369, -86.4119609438 37.1392800405, -86.4118549729 37.1393616659, -86.4116215371 37.1394997684, -86.4113200888 37.139667096, -86.4111604804 37.1397742927, -86.4110199112 37.1399006072, -86.4109028285 37.1400449157, -86.4108102449 37.1402052884, -86.4107162448 37.1404381797, -86.4105903932 37.1408146869)"
"District 03","Warren","03-00182.00","KY","622","KY-622","RECONSTRUCTION","6.454","6.895","RECONSTRUCT KY 622 (PLANO RD) TO ELIMINATE TWO RIGHT-ANGLE CURVES. (2022CCR) (2024CCR)","","2022","2026","U","SPP","2720000","2030","","","","114-KY-0622-000","LINESTRING (-86.4178163485 36.8975459415, -86.4178109513 36.8976039969, -86.4177251636 36.8984534291, -86.4177249738 36.8985473595, -86.4177383729 36.8986310509, -86.4177524325 36.8986738145, -86.4177715456 36.8987080365, -86.4178278797 36.8987747267, -86.4178647451 36.8988055499, -86.4178980712 36.8988229364, -86.4180071972 36.8988657033, -86.4181274517 36.8988908286, -86.4183061944 36.8989172655, -86.4190319417 36.8990042723, -86.4205161695 36.8991668232, -86.4207411016 36.8991957364, -86.4208617367 36.8992249764, -86.4209166333 36.8992452581, -86.4209719407 36.8992732281, -86.4210194121 36.8993045383, -86.421064215 36.8993432799, -86.4211234732 36.8994305503, -86.4211558037 36.899527589, -86.4211634745 36.8995822003, -86.4211602144 36.8996382472, -86.4211379425 36.8997479602, -86.4210191131 36.9001878107, -86.4206000063 36.9016189527, -86.420565879 36.90171768)"
"District 03","Warren","03-00182.00","KY","622","KY-622","RECONSTRUCTION","6.454","6.895","RECONSTRUCT KY 622 (PLANO RD) TO ELIMINATE TWO RIGHT-ANGLE CURVES. (2022CCR) (2024CCR)","","2022","2026","R","SPP","2880000","2029","","","","114-KY-0622-000","LINESTRING (-86.4178163485 36.8975459415, -86.4178109513 36.8976039969, -86.4177251636 36.8984534291, -86.4177249738 36.8985473595, -86.4177383729 36.8986310509, -86.4177524325 36.8986738145, -86.4177715456 36.8987080365, -86.4178278797 36.8987747267, -86.4178647451 36.8988055499, -86.4178980712 36.8988229364, -86.4180071972 36.8988657033, -86.4181274517 36.8988908286, -86.4183061944 36.8989172655, -86.4190319417 36.8990042723, -86.4205161695 36.8991668232, -86.4207411016 36.8991957364, -86.4208617367 36.8992249764, -86.4209166333 36.8992452581, -86.4209719407 36.8992732281, -86.4210194121 36.8993045383, -86.421064215 36.8993432799, -86.4211234732 36.8994305503, -86.4211558037 36.899527589, -86.4211634745 36.8995822003, -86.4211602144 36.8996382472, -86.4211379425 36.8997479602, -86.4210191131 36.9001878107, -86.4206000063 36.9016189527, -86.420565879 36.90171768)"
"District 03","Warren","03-00182.00","KY","622","KY-622","RECONSTRUCTION","6.454","6.895","RECONSTRUCT KY 622 (PLANO RD) TO ELIMINATE TWO RIGHT-ANGLE CURVES. (2022CCR) (2024CCR)","","2022","2026","C","SPP","5200000","2032","","","","114-KY-0622-000","LINESTRING (-86.4178163485 36.8975459415, -86.4178109513 36.8976039969, -86.4177251636 36.8984534291, -86.4177249738 36.8985473595, -86.4177383729 36.8986310509, -86.4177524325 36.8986738145, -86.4177715456 36.8987080365, -86.4178278797 36.8987747267, -86.4178647451 36.8988055499, -86.4178980712 36.8988229364, -86.4180071972 36.8988657033, -86.4181274517 36.8988908286, -86.4183061944 36.8989172655, -86.4190319417 36.8990042723, -86.4205161695 36.8991668232, -86.4207411016 36.8991957364, -86.4208617367 36.8992249764, -86.4209166333 36.8992452581, -86.4209719407 36.8992732281, -86.4210194121 36.8993045383, -86.421064215 36.8993432799, -86.4211234732 36.8994305503, -86.4211558037 36.899527589, -86.4211634745 36.8995822003, -86.4211602144 36.8996382472, -86.4211379425 36.8997479602, -86.4210191131 36.9001878107, -86.4206000063 36.9016189527, -86.420565879 36.90171768)"
"District 03","Warren","03-00212.00","US","31","US-31","SAFETY","8.5","9.5","CONSTRUCT A DOUBLE CROSSOVER DIAMOND (DCD) ON US-31W AT THE I-165 INTERCHANGE IN BOWLING GREEN.","","2026","2026","D","STP1","1500000","2029","","","","114-US-0031W-000","LINESTRING (-86.4865478887 36.9363596699, -86.4853948993 36.9379848377, -86.4845159392 36.9392079244, -86.4840397839 36.9398838282, -86.4837438365 36.940304814, -86.4835893182 36.9403887342, -86.4830623752 36.941120983, -86.4827143393 36.9416049155, -86.4821844066 36.9423481656, -86.4817113038 36.9430254138, -86.4815354527 36.9432731578, -86.4808245757 36.9443061982, -86.4808021811 36.9444307553, -86.4798559991 36.9457588723, -86.4794145786 36.9463908692, -86.4780467827 36.9483189815, -86.4776252652 36.9489116879)"
"District 03","Warren","03-08818.00","KY","884","KY-884","MINOR WIDENING(O)","7.302","8.622","THREE SPRINGS ROAD EXTENSION FROM FLEALAND TO THE NATCHER PARKWAY INCLUDING BRIDGE OVER PARKWAY. (14CCN)(18CCN) (2020CCR) (2022CCR) (2024CCR)","","2014","2026","C","HGC","11780000","2028","2026-04-23","Awarded","1","114-KY-0884-000","LINESTRING (-86.4414213558 36.912651023, -86.4414075738 36.912679632, -86.4413722113 36.9127394416, -86.441249465 36.9129294048, -86.4411389232 36.9130706829, -86.4410001338 36.9132272346, -86.4407005163 36.9135245392, -86.4392880325 36.9148388844, -86.4379329496 36.9161146958, -86.437179332 36.9168134685, -86.4368382714 36.9171453394, -86.4364048896 36.9175557546, -86.4357154569 36.9182071736, -86.4343269445 36.9195062113, -86.4331554162 36.9205979691, -86.4327324505 36.9209921052, -86.4316322637 36.9220345405, -86.4307289437 36.9228733968, -86.4301754427 36.9233987463, -86.4292282996 36.9242749247, -86.4288278011 36.9246614995, -86.4285149657 36.9249827437, -86.4283621872 36.9251487005, -86.4281424394 36.9253990902, -86.4278479656 36.9257465919, -86.4275648331 36.9261000685, -86.4270075308 36.9268154827, -86.4265051515 36.927472417)"
"District 03","Warren","03-08853.00","US","31","US-31","MINOR WIDENING(O)","0.0","4.258","WIDEN US-31W FROM WARREN/SIMPSON COUNTY LINE TO BUCHANON PARK. (14CCN) (2020CCN) (2022CCR) (2024CCR)","","2014","2026","C","HGC","18720000","2026","","","","114-US-0031W-000","LINESTRING (-86.5482041222 36.8264011478, -86.5481257817 36.8265197863, -86.5472819983 36.8279087169, -86.5441007459 36.8330887055, -86.5439044379 36.833425944, -86.5437175851 36.8337205469, -86.5427065615 36.8353684837, -86.5416633803 36.8370817224, -86.5410462729 36.8380845533, -86.5409315486 36.8382869277, -86.5408020603 36.8384828102, -86.5403126234 36.8392812528, -86.5401992545 36.8394830677, -86.5400678029 36.8396874772, -86.5396303913 36.8403982241, -86.5393855956 36.8408074691, -86.5392091161 36.8411170998, -86.5388847794 36.8417290252, -86.5386988046 36.8421109529, -86.5385338823 36.8424803773, -86.5383389102 36.84304693, -86.5381700289 36.8435602976, -86.5380678392 36.8438839794, -86.5380017321 36.8441294151, -86.5378580892 36.8447035832, -86.5377753997 36.8450946955, -86.5377096012 36.8454672922, -86.5376722907 36.8457542793, -86.5376337976 36.8460912601, -86.5375771061 36.8466804937, -86.537534303 36.8471930051, -86.5374317604 36.8484277008, -86.5373235432 36.8496756187, -86.5373118502 36.8498965157, -86.5372732241 36.8503189146, -86.5372130471 36.8511300878, -86.5371906677 36.851342269, -86.5371649052 36.8517530449, -86.5369768504 36.8538614319, -86.5369216576 36.8542688374, -86.5368554944 36.8546730209, -86.5367729414 36.855078689, -86.5366770816 36.8554866438, -86.5365665691 36.8558988175, -86.5364703801 36.8562103731, -86.5363656695 36.8565241825, -86.5362118524 36.8569462628, -86.5349679765 36.8601980176, -86.5348162456 36.8606250254, -86.5346509307 36.8610606381, -86.5343063987 36.8619429445, -86.5300610831 36.873068499, -86.5295241745 36.8744302493, -86.5292685581 36.8750642096, -86.5287876358 36.8762563964, -86.528089159 36.8778993672, -86.5274234827 36.8794113803, -86.526640835 36.8811197234, -86.5262447915 36.8819649981, -86.5256403397 36.8832552249, -86.5249360665 36.8847803904)"
"District 03","Warren","03-08854.00","KY","234","KY-234","MAJOR WIDENING(O)","7.878","9.625","MAJOR WIDENING/RECONSTRUCTION OF CEMETERY ROAD (KY-234) FROM FOUNTAIN TRACE TO ROGER PORTER ROAD (MP 7.878 TO MP 9.625).(14CCN) (2020CCN) (2022CCR) (2024CCR)","","2014","2026","R","SPP","5400000","2029","","","","114-KY-0234-000","LINESTRING (-86.354980975 36.9589424461, -86.354999436 36.9589672058, -86.3554109809 36.9594965104, -86.3555756045 36.9597087809, -86.3556944971 36.9598523531, -86.3558188361 36.9599920513, -86.35587335 36.9600464222, -86.3562365179 36.9603903131, -86.3565293173 36.9606236118, -86.3566033268 36.9606762328, -86.3567533439 36.9607745983, -86.3571364472 36.9610013821, -86.3572989717 36.9610804564, -86.3574621602 36.9611567806, -86.3577880868 36.9612962479, -86.358305526 36.9615014518, -86.3625136041 36.9632283316, -86.3628779709 36.9633785676, -86.3631438319 36.9634947165, -86.3635081941 36.9636441265, -86.3638652887 36.9637834125, -86.36439746 36.9639863143, -86.3645742428 36.9640493738, -86.365021735 36.964193122, -86.3654910243 36.9643235691, -86.3657808133 36.9643934437, -86.3660736286 36.9644567105, -86.3662690339 36.9644949503, -86.3666642121 36.964561243, -86.3670345901 36.9646084413, -86.3672613845 36.9646344278, -86.367754902 36.9646721814, -86.3706845366 36.9648172519, -86.3713745091 36.9648539412, -86.3724408668 36.964918549, -86.3727128257 36.9649423604, -86.3729835003 36.9649763403, -86.3732549485 36.9650210275, -86.3735275237 36.9650777925, -86.3738911159 36.9651722446, -86.3740719596 36.9652284009, -86.3744382228 36.965355795, -86.3748117803 36.9654957826, -86.3753716399 36.9657303461, -86.3762947478 36.966139825, -86.3766583392 36.9663150153, -86.3770074062 36.9665130793, -86.3771815258 36.966623923, -86.3773478249 36.9667408506, -86.3777217601 36.9670469907, -86.3778617913 36.9671742217, -86.3780575061 36.9673700888, -86.3781794406 36.9675023605, -86.3782921432 36.9676357812, -86.3784447876 36.967838197, -86.3785851662 36.9680472712, -86.3786729798 36.968192087, -86.3787553612 36.9683421494, -86.3788706239 36.9685763522, -86.3792370826 36.9693757991, -86.3799643992 36.9709977909, -86.38006964 36.9712196869, -86.3801718407 36.9714056212)"
"District 03","Warren","03-08854.00","KY","234","KY-234","MAJOR WIDENING(O)","7.878","9.625","MAJOR WIDENING/RECONSTRUCTION OF CEMETERY ROAD (KY-234) FROM FOUNTAIN TRACE TO ROGER PORTER ROAD (MP 7.878 TO MP 9.625).(14CCN) (2020CCN) (2022CCR) (2024CCR)","","2014","2026","C","SPP","6380000","2031","","","","114-KY-0234-000","LINESTRING (-86.354980975 36.9589424461, -86.354999436 36.9589672058, -86.3554109809 36.9594965104, -86.3555756045 36.9597087809, -86.3556944971 36.9598523531, -86.3558188361 36.9599920513, -86.35587335 36.9600464222, -86.3562365179 36.9603903131, -86.3565293173 36.9606236118, -86.3566033268 36.9606762328, -86.3567533439 36.9607745983, -86.3571364472 36.9610013821, -86.3572989717 36.9610804564, -86.3574621602 36.9611567806, -86.3577880868 36.9612962479, -86.358305526 36.9615014518, -86.3625136041 36.9632283316, -86.3628779709 36.9633785676, -86.3631438319 36.9634947165, -86.3635081941 36.9636441265, -86.3638652887 36.9637834125, -86.36439746 36.9639863143, -86.3645742428 36.9640493738, -86.365021735 36.964193122, -86.3654910243 36.9643235691, -86.3657808133 36.9643934437, -86.3660736286 36.9644567105, -86.3662690339 36.9644949503, -86.3666642121 36.964561243, -86.3670345901 36.9646084413, -86.3672613845 36.9646344278, -86.367754902 36.9646721814, -86.3706845366 36.9648172519, -86.3713745091 36.9648539412, -86.3724408668 36.964918549, -86.3727128257 36.9649423604, -86.3729835003 36.9649763403, -86.3732549485 36.9650210275, -86.3735275237 36.9650777925, -86.3738911159 36.9651722446, -86.3740719596 36.9652284009, -86.3744382228 36.965355795, -86.3748117803 36.9654957826, -86.3753716399 36.9657303461, -86.3762947478 36.966139825, -86.3766583392 36.9663150153, -86.3770074062 36.9665130793, -86.3771815258 36.966623923, -86.3773478249 36.9667408506, -86.3777217601 36.9670469907, -86.3778617913 36.9671742217, -86.3780575061 36.9673700888, -86.3781794406 36.9675023605, -86.3782921432 36.9676357812, -86.3784447876 36.967838197, -86.3785851662 36.9680472712, -86.3786729798 36.968192087, -86.3787553612 36.9683421494, -86.3788706239 36.9685763522, -86.3792370826 36.9693757991, -86.3799643992 36.9709977909, -86.38006964 36.9712196869, -86.3801718407 36.9714056212)"
"District 03","Warren","03-08854.00","KY","234","KY-234","MAJOR WIDENING(O)","7.878","9.625","MAJOR WIDENING/RECONSTRUCTION OF CEMETERY ROAD (KY-234) FROM FOUNTAIN TRACE TO ROGER PORTER ROAD (MP 7.878 TO MP 9.625).(14CCN) (2020CCN) (2022CCR) (2024CCR)","","2014","2026","U","SPP","4800000","2030","","","","114-KY-0234-000","LINESTRING (-86.354980975 36.9589424461, -86.354999436 36.9589672058, -86.3554109809 36.9594965104, -86.3555756045 36.9597087809, -86.3556944971 36.9598523531, -86.3558188361 36.9599920513, -86.35587335 36.9600464222, -86.3562365179 36.9603903131, -86.3565293173 36.9606236118, -86.3566033268 36.9606762328, -86.3567533439 36.9607745983, -86.3571364472 36.9610013821, -86.3572989717 36.9610804564, -86.3574621602 36.9611567806, -86.3577880868 36.9612962479, -86.358305526 36.9615014518, -86.3625136041 36.9632283316, -86.3628779709 36.9633785676, -86.3631438319 36.9634947165, -86.3635081941 36.9636441265, -86.3638652887 36.9637834125, -86.36439746 36.9639863143, -86.3645742428 36.9640493738, -86.365021735 36.964193122, -86.3654910243 36.9643235691, -86.3657808133 36.9643934437, -86.3660736286 36.9644567105, -86.3662690339 36.9644949503, -86.3666642121 36.964561243, -86.3670345901 36.9646084413, -86.3672613845 36.9646344278, -86.367754902 36.9646721814, -86.3706845366 36.9648172519, -86.3713745091 36.9648539412, -86.3724408668 36.964918549, -86.3727128257 36.9649423604, -86.3729835003 36.9649763403, -86.3732549485 36.9650210275, -86.3735275237 36.9650777925, -86.3738911159 36.9651722446, -86.3740719596 36.9652284009, -86.3744382228 36.965355795, -86.3748117803 36.9654957826, -86.3753716399 36.9657303461, -86.3762947478 36.966139825, -86.3766583392 36.9663150153, -86.3770074062 36.9665130793, -86.3771815258 36.966623923, -86.3773478249 36.9667408506, -86.3777217601 36.9670469907, -86.3778617913 36.9671742217, -86.3780575061 36.9673700888, -86.3781794406 36.9675023605, -86.3782921432 36.9676357812, -86.3784447876 36.967838197, -86.3785851662 36.9680472712, -86.3786729798 36.968192087, -86.3787553612 36.9683421494, -86.3788706239 36.9685763522, -86.3792370826 36.9693757991, -86.3799643992 36.9709977909, -86.38006964 36.9712196869, -86.3801718407 36.9714056212)"
"District 03","Warren","03-10049.00","KY","185","KY-185","AM-BRIDGE (P)","1.915","2.025","BRIDGE PROJECT IN WARREN COUNTY ON (114B00003N) KY-185 AT BARREN RIVER","114B00003N","2022","2026","D","BRX","1448144","2031","","","","114-KY-0185-000","LINESTRING (-86.4449314003 37.0292697785, -86.4452500728 37.0308243772)"
"District 03","Warren","03-10049.00","KY","185","KY-185","AM-BRIDGE (P)","1.915","2.025","BRIDGE PROJECT IN WARREN COUNTY ON (114B00003N) KY-185 AT BARREN RIVER","114B00003N","2022","2026","C","BRX","9654291","2031","","","","114-KY-0185-000","LINESTRING (-86.4449314003 37.0292697785, -86.4452500728 37.0308243772)"
"District 03","Warren","03-10051.00","US","68","US-68","AM-BRIDGE (P)","12.734","12.772","BRIDGE PROJECT IN WARREN COUNTY ON (114B00076N) KY-880 AT JENNINGS CREEK (2026CCR)","114B00076N","2022","2026","C","BRX","924665","2029","","","","114-US-0068-000","LINESTRING (-86.4717296051 37.0071468544, -86.4711145221 37.0070982218, -86.4710406538 37.0070931865)"
"District 03","Warren","03-10051.00","US","68","US-68","AM-BRIDGE (P)","12.734","12.772","BRIDGE PROJECT IN WARREN COUNTY ON (114B00076N) KY-880 AT JENNINGS CREEK (2026CCR)","114B00076N","2022","2026","D","BRX","92466","2029","","","","114-US-0068-000","LINESTRING (-86.4717296051 37.0071468544, -86.4711145221 37.0070982218, -86.4710406538 37.0070931865)"
"District 03","Warren","03-10052.00","I","65","I-65","AM-BRIDGE (P)","26.486","26.604","BRIDGE PROJECT IN WARREN COUNTY ON (114B00095N) I-65 AT BARREN RIVER","114B00095N","2022","2026","D","BRO","2785992","2031","","","","114-I-0065-000","LINESTRING (-86.3853168879 36.9879580066, -86.3851896326 36.9881976476, -86.3846860808 36.9891361314, -86.3844702312 36.989533555)"
"District 03","Warren","03-10052.00","I","65","I-65","AM-BRIDGE (P)","26.486","26.604","BRIDGE PROJECT IN WARREN COUNTY ON (114B00095N) I-65 AT BARREN RIVER","114B00095N","2022","2026","C","BRO","18573282","2031","","","","114-I-0065-000","LINESTRING (-86.3853168879 36.9879580066, -86.3851896326 36.9881976476, -86.3846860808 36.9891361314, -86.3844702312 36.989533555)"
"District 03","Warren","03-10053.00","CR","1388","CR-1388","AM-BRIDGE (P)","1.908","1.922","BRIDGE PROJECT IN WARREN COUNTY ON (114C00016N) GREENCASTLE RD AT TAYLOR BRANCH","114C00016N","2022","2026","C","BRZ","1049720","2026","","","","114-CR-1388-000","LINESTRING (-86.4976487847 37.0904211063, -86.4977188027 37.090223179)"
"District 03","Warren","03-10053.00","CR","1388","CR-1388","AM-BRIDGE (P)","1.908","1.922","BRIDGE PROJECT IN WARREN COUNTY ON (114C00016N) GREENCASTLE RD AT TAYLOR BRANCH","114C00016N","2022","2026","D","BRZ","157458","2026","","","","114-CR-1388-000","LINESTRING (-86.4976487847 37.0904211063, -86.4977188027 37.090223179)"
"District 03","Warren","03-22132.00","I","165","I-165","AM-PAVEMENT (INT)(P)","0.521","7.121","ADDRESS CONDITION OF I-165 FROM MILEPOINT 0.521 TO MILEPOINT 7.121","","2022","2026","C","STP5","5017600","2029","","","","114-I-0165-000","LINESTRING (-86.4399958833 36.9143673117, -86.440085061 36.9144383841, -86.4405346921 36.9148303847, -86.4409741052 36.9152265646, -86.442942771 36.9170247853, -86.4444646563 36.9184013101, -86.448914034 36.9224608817, -86.4521064107 36.9253581528, -86.4535908815 36.9267216045, -86.4553002925 36.9282800476, -86.456574219 36.9294340821, -86.4580619448 36.9307988318, -86.4593369927 36.931953929, -86.4597719885 36.932332214, -86.4599957799 36.9325173354, -86.4604542504 36.9328809183, -86.4609249646 36.93323646, -86.4611650676 36.9334093943, -86.4616557701 36.9337433872, -86.462160002 36.9340605426, -86.4624173704 36.9342135943, -86.4629419498 36.9345111204, -86.463478058 36.9347973132, -86.4637496695 36.934936542, -86.4643037214 36.935202297, -86.4648689105 36.9354515013, -86.4654408066 36.9356861052, -86.4663050939 36.9360133857, -86.4671844084 36.9363369958, -86.4704144105 36.937496651, -86.474801996 36.9390793835, -86.4762678309 36.9396143196, -86.476845806 36.9398337243, -86.477420788 36.9400616591, -86.4782807193 36.9404229351, -86.4793907128 36.9409180386, -86.4802112664 36.9413094842, -86.4855811827 36.9439589781, -86.4891731218 36.9457403838, -86.4897176394 36.9460280519, -86.49025614 36.9463297624, -86.4905198069 36.9464868321, -86.4907783809 36.9466477791, -86.4910308431 36.9468134335, -86.4912761508 36.9469821537, -86.4917477057 36.9473296023, -86.4921985025 36.9476881669, -86.4924172835 36.9478729843, -86.4928426499 36.9482545055, -86.4930488889 36.9484509373, -86.4934457472 36.948855709, -86.4936370421 36.9490632209, -86.4940022919 36.9494890664, -86.494347808 36.9499260244, -86.4945129054 36.9501482595, -86.4946722229 36.9503741015, -86.4949745049 36.950833031, -86.4952515686 36.95130201, -86.4953802049 36.9515393085, -86.4956183535 36.9520175983, -86.4957282151 36.9522594116, -86.4958309092 36.9525029189, -86.4959886629 36.952914435, -86.4961194829 36.9533016789, -86.4961796068 36.95349712, -86.4962491976 36.9537496278, -86.4963119576 36.9540035527, -86.4964238207 36.9545142373, -86.4967666576 36.9562917826, -86.4975338357 36.9603613208, -86.4988841223 36.9674911274, -86.4992801222 36.9695413301, -86.4995607079 36.9710707117, -86.4998563797 36.9726013681, -86.4999971974 36.9733661922, -86.5000531831 36.9736242801, -86.5003420707 36.9751590993, -86.5004018355 36.975418261, -86.5006327258 36.9766983012, -86.500968006 36.978487424, -86.5017005697 36.9823033908, -86.5019366218 36.9835817491, -86.502278392 36.985363137, -86.5024435263 36.9861239573, -86.5027435101 36.9873906401, -86.5028337137 36.9877484789)"
"District 03","Warren","03-22132.00","I","165","I-165","AM-PAVEMENT (INT)(P)","0.521","7.121","ADDRESS CONDITION OF I-165 FROM MILEPOINT 0.521 TO MILEPOINT 7.121","","2022","2026","D","STP5","500000","2029","","","","114-I-0165-000","LINESTRING (-86.4399958833 36.9143673117, -86.440085061 36.9144383841, -86.4405346921 36.9148303847, -86.4409741052 36.9152265646, -86.442942771 36.9170247853, -86.4444646563 36.9184013101, -86.448914034 36.9224608817, -86.4521064107 36.9253581528, -86.4535908815 36.9267216045, -86.4553002925 36.9282800476, -86.456574219 36.9294340821, -86.4580619448 36.9307988318, -86.4593369927 36.931953929, -86.4597719885 36.932332214, -86.4599957799 36.9325173354, -86.4604542504 36.9328809183, -86.4609249646 36.93323646, -86.4611650676 36.9334093943, -86.4616557701 36.9337433872, -86.462160002 36.9340605426, -86.4624173704 36.9342135943, -86.4629419498 36.9345111204, -86.463478058 36.9347973132, -86.4637496695 36.934936542, -86.4643037214 36.935202297, -86.4648689105 36.9354515013, -86.4654408066 36.9356861052, -86.4663050939 36.9360133857, -86.4671844084 36.9363369958, -86.4704144105 36.937496651, -86.474801996 36.9390793835, -86.4762678309 36.9396143196, -86.476845806 36.9398337243, -86.477420788 36.9400616591, -86.4782807193 36.9404229351, -86.4793907128 36.9409180386, -86.4802112664 36.9413094842, -86.4855811827 36.9439589781, -86.4891731218 36.9457403838, -86.4897176394 36.9460280519, -86.49025614 36.9463297624, -86.4905198069 36.9464868321, -86.4907783809 36.9466477791, -86.4910308431 36.9468134335, -86.4912761508 36.9469821537, -86.4917477057 36.9473296023, -86.4921985025 36.9476881669, -86.4924172835 36.9478729843, -86.4928426499 36.9482545055, -86.4930488889 36.9484509373, -86.4934457472 36.948855709, -86.4936370421 36.9490632209, -86.4940022919 36.9494890664, -86.494347808 36.9499260244, -86.4945129054 36.9501482595, -86.4946722229 36.9503741015, -86.4949745049 36.950833031, -86.4952515686 36.95130201, -86.4953802049 36.9515393085, -86.4956183535 36.9520175983, -86.4957282151 36.9522594116, -86.4958309092 36.9525029189, -86.4959886629 36.952914435, -86.4961194829 36.9533016789, -86.4961796068 36.95349712, -86.4962491976 36.9537496278, -86.4963119576 36.9540035527, -86.4964238207 36.9545142373, -86.4967666576 36.9562917826, -86.4975338357 36.9603613208, -86.4988841223 36.9674911274, -86.4992801222 36.9695413301, -86.4995607079 36.9710707117, -86.4998563797 36.9726013681, -86.4999971974 36.9733661922, -86.5000531831 36.9736242801, -86.5003420707 36.9751590993, -86.5004018355 36.975418261, -86.5006327258 36.9766983012, -86.500968006 36.978487424, -86.5017005697 36.9823033908, -86.5019366218 36.9835817491, -86.502278392 36.985363137, -86.5024435263 36.9861239573, -86.5027435101 36.9873906401, -86.5028337137 36.9877484789)"
"District 03","Warren","03-80051.00","KY","3225","KY-3225","SAFETY(P)","0.0","1.0","SAFETY IMPROVEMENTS AND REHABILITATION ON KY-3225. KEEP EXISTING FOOTPRINT BY REPLACING CURBLINE IN SAME LOCATION FROM MP 0 TO MP 1(18CCN) (2022CCR)","","2018","2026","R","SPP","1420000","2029","","","","114-KY-3225-000","LINESTRING (-86.4079303174 37.0088230989, -86.4079883327 37.0085662458, -86.4080455037 37.008407998, -86.4080889222 37.0083215124, -86.40814325 37.0082294709, -86.4082035173 37.0081508543, -86.4082951497 37.0080561301, -86.4084328433 37.0079419204, -86.4086902632 37.0077732003, -86.4089561843 37.0076368407, -86.4098287058 37.0072396939, -86.4103934724 37.0070120995, -86.4107406275 37.0068843379, -86.4109363116 37.0068225285, -86.411155957 37.0067594841, -86.4115276875 37.0066615173, -86.4120082242 37.006552769, -86.4125846732 37.0064470434, -86.4133247993 37.0063392825, -86.4156350501 37.0060344096, -86.416698439 37.0058874249, -86.4171061126 37.0058274114, -86.4176043171 37.0057429825, -86.4179024279 37.0056857917, -86.4185645277 37.0055474102, -86.4192879299 37.0053713193, -86.4200024921 37.0051645139, -86.4207151687 37.0049387639, -86.4217793853 37.0045434433, -86.4221120488 37.0044069419, -86.4227501688 37.004117342, -86.4234798063 37.0037615663, -86.4239731439 37.0035192132, -86.4240791343 37.0034625708)"
"District 03","Warren","03-80051.00","KY","3225","KY-3225","SAFETY(P)","0.0","1.0","SAFETY IMPROVEMENTS AND REHABILITATION ON KY-3225. KEEP EXISTING FOOTPRINT BY REPLACING CURBLINE IN SAME LOCATION FROM MP 0 TO MP 1(18CCN) (2022CCR)","","2018","2026","C","SPP","1460000","2031","","","","114-KY-3225-000","LINESTRING (-86.4079303174 37.0088230989, -86.4079883327 37.0085662458, -86.4080455037 37.008407998, -86.4080889222 37.0083215124, -86.40814325 37.0082294709, -86.4082035173 37.0081508543, -86.4082951497 37.0080561301, -86.4084328433 37.0079419204, -86.4086902632 37.0077732003, -86.4089561843 37.0076368407, -86.4098287058 37.0072396939, -86.4103934724 37.0070120995, -86.4107406275 37.0068843379, -86.4109363116 37.0068225285, -86.411155957 37.0067594841, -86.4115276875 37.0066615173, -86.4120082242 37.006552769, -86.4125846732 37.0064470434, -86.4133247993 37.0063392825, -86.4156350501 37.0060344096, -86.416698439 37.0058874249, -86.4171061126 37.0058274114, -86.4176043171 37.0057429825, -86.4179024279 37.0056857917, -86.4185645277 37.0055474102, -86.4192879299 37.0053713193, -86.4200024921 37.0051645139, -86.4207151687 37.0049387639, -86.4217793853 37.0045434433, -86.4221120488 37.0044069419, -86.4227501688 37.004117342, -86.4234798063 37.0037615663, -86.4239731439 37.0035192132, -86.4240791343 37.0034625708)"
"District 03","Warren","03-80051.00","KY","3225","KY-3225","SAFETY(P)","0.0","1.0","SAFETY IMPROVEMENTS AND REHABILITATION ON KY-3225. KEEP EXISTING FOOTPRINT BY REPLACING CURBLINE IN SAME LOCATION FROM MP 0 TO MP 1(18CCN) (2022CCR)","","2018","2026","U","SPP","130000","2030","","","","114-KY-3225-000","LINESTRING (-86.4079303174 37.0088230989, -86.4079883327 37.0085662458, -86.4080455037 37.008407998, -86.4080889222 37.0083215124, -86.40814325 37.0082294709, -86.4082035173 37.0081508543, -86.4082951497 37.0080561301, -86.4084328433 37.0079419204, -86.4086902632 37.0077732003, -86.4089561843 37.0076368407, -86.4098287058 37.0072396939, -86.4103934724 37.0070120995, -86.4107406275 37.0068843379, -86.4109363116 37.0068225285, -86.411155957 37.0067594841, -86.4115276875 37.0066615173, -86.4120082242 37.006552769, -86.4125846732 37.0064470434, -86.4133247993 37.0063392825, -86.4156350501 37.0060344096, -86.416698439 37.0058874249, -86.4171061126 37.0058274114, -86.4176043171 37.0057429825, -86.4179024279 37.0056857917, -86.4185645277 37.0055474102, -86.4192879299 37.0053713193, -86.4200024921 37.0051645139, -86.4207151687 37.0049387639, -86.4217793853 37.0045434433, -86.4221120488 37.0044069419, -86.4227501688 37.004117342, -86.4234798063 37.0037615663, -86.4239731439 37.0035192132, -86.4240791343 37.0034625708)"
"District 03","Warren","03-80052.00","KY","234","KY-234","MINOR WIDENING(O)","11.9","12.4","WIDEN KY-234 FROM MP 11.9 TO 12.4. IMPROVEMENTS MAY INCLUDE A ROUNDABOUT, TURN LANE, AND A SIGNAL AT HAMPTON DR. (18CCN) (2022CCR) (2024CCR)","","2018","2026","C","SPP","1260000","2026","","","","114-KY-0234-000","LINESTRING (-86.4128788816 36.9896370785, -86.4142555716 36.989860095, -86.4156824331 36.9900697367, -86.415817502 36.9900887392, -86.4178648213 36.9903804938, -86.4187382758 36.9904987941, -86.4191250771 36.9905265075, -86.4195352958 36.9905310136, -86.4209873037 36.9905635707, -86.4216413503 36.990573529, -86.421709986 36.9905758793)"
"District 03","Warren","03-80201.00","CR","1704","CR-1704","CONGESTION MITIGTN(O)","0.0","0.879","Reduce congestion and increase safety on Cave Mill Road/Dishman Lane from the end of the three-lane section near Raintree Drive (MP 0.570) just east of Grider Pond Road. (2022CCN) (2024CCR) (Memorandum of Agreement with Warren County to construct and move","","2022","2026","U","SPP","6450000","2030","","","","114-CR-1704X-000","MULTILINESTRING ((-86.4665627614 36.9478566772, -86.4662650356 36.9477115727, -86.4658163953 36.947458086, -86.4650185482 36.9469351162, -86.462761091 36.9454562474, -86.4626233489 36.945364809, -86.4613009874 36.9444816638), (-86.4612865372 36.9444733655, -86.4608963831 36.9442493123, -86.4605485457 36.9440852742, -86.4602625098 36.9439793593, -86.4601046686 36.9439328086, -86.4597627799 36.9438546979, -86.4593895887 36.9437951791, -86.4579886593 36.9436065192, -86.4537578477 36.9430035308, -86.4524765695 36.9428052461))"
"District 03","Warren","03-80201.00","CR","1704","CR-1704","CONGESTION MITIGTN(O)","0.0","0.879","Reduce congestion and increase safety on Cave Mill Road/Dishman Lane from the end of the three-lane section near Raintree Drive (MP 0.570) just east of Grider Pond Road. (2022CCN) (2024CCR) (Memorandum of Agreement with Warren County to construct and move","","2022","2026","C","SPP","12400000","2032","","","","114-CR-1704X-000","MULTILINESTRING ((-86.4665627614 36.9478566772, -86.4662650356 36.9477115727, -86.4658163953 36.947458086, -86.4650185482 36.9469351162, -86.462761091 36.9454562474, -86.4626233489 36.945364809, -86.4613009874 36.9444816638), (-86.4612865372 36.9444733655, -86.4608963831 36.9442493123, -86.4605485457 36.9440852742, -86.4602625098 36.9439793593, -86.4601046686 36.9439328086, -86.4597627799 36.9438546979, -86.4593895887 36.9437951791, -86.4579886593 36.9436065192, -86.4537578477 36.9430035308, -86.4524765695 36.9428052461))"
"District 03","Warren","03-80201.00","CR","1704","CR-1704","CONGESTION MITIGTN(O)","0.0","0.879","Reduce congestion and increase safety on Cave Mill Road/Dishman Lane from the end of the three-lane section near Raintree Drive (MP 0.570) just east of Grider Pond Road. (2022CCN) (2024CCR) (Memorandum of Agreement with Warren County to construct and move","","2022","2026","R","SPP","6830000","2027","","","","114-CR-1704X-000","MULTILINESTRING ((-86.4665627614 36.9478566772, -86.4662650356 36.9477115727, -86.4658163953 36.947458086, -86.4650185482 36.9469351162, -86.462761091 36.9454562474, -86.4626233489 36.945364809, -86.4613009874 36.9444816638), (-86.4612865372 36.9444733655, -86.4608963831 36.9442493123, -86.4605485457 36.9440852742, -86.4602625098 36.9439793593, -86.4601046686 36.9439328086, -86.4597627799 36.9438546979, -86.4593895887 36.9437951791, -86.4579886593 36.9436065192, -86.4537578477 36.9430035308, -86.4524765695 36.9428052461))"
"District 03","Warren","03-80203.00","US","31","US-31","CONGESTION MITIGTN(O)","22.489","23.239","Transpark: Improve mobility and reduce congestion on US-31W from Mizpah Road to Freeport Road (2022CCN) (2024CCR)","","2022","2026","C","SPP","4630000","2026","","","","114-US-0031W-000","LINESTRING (-86.3098122921 37.0514343785, -86.3082346054 37.0522831948, -86.3053264368 37.053811252, -86.3047079996 37.0541465278, -86.3040879026 37.0544897728, -86.302874771 37.0551772229, -86.3023798691 37.0554457077, -86.3008460045 37.0562329829, -86.2983624911 37.0574836559, -86.298224873 37.0575529312)"
"District 03","Warren","03-80214.00","KY","101","KY-101","MINOR WIDENING(O)","7.55","8.2","Construct a two-lane roundabout at the intersection of KY 101 and the I-65 southbound entrance and exit ramps in Smiths Grove. Widen the existing I-65 southbound exit ramp to two lanes and extend the beginning point if the ramp approximately five-hundred","","2022","2026","C","SPP","5176000","2030","","","","114-KY-0101-000","LINESTRING (-86.2122740338 37.037726295, -86.2122111414 37.0378386013, -86.2121208778 37.0379790304, -86.211971714 37.038179292, -86.2118611918 37.0383126613, -86.2117033161 37.0384893373, -86.2113789698 37.0388383294, -86.2110011728 37.0392427357, -86.2109428342 37.0392827909, -86.2107220347 37.0395901738, -86.2106661568 37.0396403813, -86.2105101594 37.0397335544, -86.210471577 37.0397551302, -86.2104184896 37.0398135661, -86.2104033283 37.0398550972, -86.2103987905 37.0398971367, -86.2102852504 37.0400975305, -86.2101734817 37.040363283, -86.2101314049 37.0404851191, -86.2101465064 37.0405452073, -86.2100808696 37.0406800445, -86.2100488257 37.0407620168, -86.2099832205 37.0409578262, -86.2099729156 37.0410092265, -86.2099557683 37.041062301, -86.2099135719 37.041276145, -86.2098969869 37.0414764299, -86.2098382965 37.0421841572, -86.2098061405 37.0426940331, -86.2098004904 37.0427780981, -86.2097741153 37.0431695772, -86.2097381437 37.0435045165, -86.2097268036 37.0436663293, -86.2096474367 37.0446342318, -86.2096053096 37.0451386539, -86.2095562722 37.0458570555, -86.2095078463 37.0462845999, -86.2094894992 37.0464214479, -86.209465691 37.0465653744)"
"District 03","Warren","03-80214.00","KY","101","KY-101","MINOR WIDENING(O)","7.55","8.2","Construct a two-lane roundabout at the intersection of KY 101 and the I-65 southbound entrance and exit ramps in Smiths Grove. Widen the existing I-65 southbound exit ramp to two lanes and extend the beginning point if the ramp approximately five-hundred","","2022","2026","U","SPP","2710000","2029","","","","114-KY-0101-000","LINESTRING (-86.2122740338 37.037726295, -86.2122111414 37.0378386013, -86.2121208778 37.0379790304, -86.211971714 37.038179292, -86.2118611918 37.0383126613, -86.2117033161 37.0384893373, -86.2113789698 37.0388383294, -86.2110011728 37.0392427357, -86.2109428342 37.0392827909, -86.2107220347 37.0395901738, -86.2106661568 37.0396403813, -86.2105101594 37.0397335544, -86.210471577 37.0397551302, -86.2104184896 37.0398135661, -86.2104033283 37.0398550972, -86.2103987905 37.0398971367, -86.2102852504 37.0400975305, -86.2101734817 37.040363283, -86.2101314049 37.0404851191, -86.2101465064 37.0405452073, -86.2100808696 37.0406800445, -86.2100488257 37.0407620168, -86.2099832205 37.0409578262, -86.2099729156 37.0410092265, -86.2099557683 37.041062301, -86.2099135719 37.041276145, -86.2098969869 37.0414764299, -86.2098382965 37.0421841572, -86.2098061405 37.0426940331, -86.2098004904 37.0427780981, -86.2097741153 37.0431695772, -86.2097381437 37.0435045165, -86.2097268036 37.0436663293, -86.2096474367 37.0446342318, -86.2096053096 37.0451386539, -86.2095562722 37.0458570555, -86.2095078463 37.0462845999, -86.2094894992 37.0464214479, -86.209465691 37.0465653744)"
"District 03","Warren","03-80214.00","KY","101","KY-101","MINOR WIDENING(O)","7.55","8.2","Construct a two-lane roundabout at the intersection of KY 101 and the I-65 southbound entrance and exit ramps in Smiths Grove. Widen the existing I-65 southbound exit ramp to two lanes and extend the beginning point if the ramp approximately five-hundred","","2022","2026","R","SPP","2370000","2026","","","","114-KY-0101-000","LINESTRING (-86.2122740338 37.037726295, -86.2122111414 37.0378386013, -86.2121208778 37.0379790304, -86.211971714 37.038179292, -86.2118611918 37.0383126613, -86.2117033161 37.0384893373, -86.2113789698 37.0388383294, -86.2110011728 37.0392427357, -86.2109428342 37.0392827909, -86.2107220347 37.0395901738, -86.2106661568 37.0396403813, -86.2105101594 37.0397335544, -86.210471577 37.0397551302, -86.2104184896 37.0398135661, -86.2104033283 37.0398550972, -86.2103987905 37.0398971367, -86.2102852504 37.0400975305, -86.2101734817 37.040363283, -86.2101314049 37.0404851191, -86.2101465064 37.0405452073, -86.2100808696 37.0406800445, -86.2100488257 37.0407620168, -86.2099832205 37.0409578262, -86.2099729156 37.0410092265, -86.2099557683 37.041062301, -86.2099135719 37.041276145, -86.2098969869 37.0414764299, -86.2098382965 37.0421841572, -86.2098061405 37.0426940331, -86.2098004904 37.0427780981, -86.2097741153 37.0431695772, -86.2097381437 37.0435045165, -86.2097268036 37.0436663293, -86.2096474367 37.0446342318, -86.2096053096 37.0451386539, -86.2095562722 37.0458570555, -86.2095078463 37.0462845999, -86.2094894992 37.0464214479, -86.209465691 37.0465653744)"
"District 03","Warren","03-80301.00","CS","1334","CS-1334","MINOR WIDENING(O)","0.0","1.651","MINOR WIDENING OF CS-1344/CR1235 (SMALLHOUSE RD) FROM ELROD RD TO US 231 (CAMPBELL LANE). SCOPE INCLUDES INTERSECTION IMPROVEMENTS, CONTINUOUS CENTER TURN LANE. (2024CCN) (2026CCR)","","2024","2026","C","SPP","9920000","2032","","","","114-CS-1334-000","MULTILINESTRING ((-86.4536991084 36.9496081433, -86.4532934124 36.9525034985, -86.4529950417 36.9544034171, -86.4529546053 36.9547258275, -86.4529480812 36.954905764, -86.4529538857 36.9550867235, -86.4530167944 36.9554447631, -86.4532485946 36.9561492157, -86.4534970276 36.9568387353, -86.4537853599 36.9575854146, -86.4541304488 36.9585440565, -86.4545214455 36.9596158495, -86.4545451347 36.9596964541, -86.4545791061 36.959851426, -86.4545842079 36.9600299182, -86.4545791855 36.9601145416, -86.4545361202 36.9604117004, -86.4544960899 36.9605894105), (-86.4501396539 36.9334757733, -86.4504169074 36.9346973958, -86.4505983406 36.935440057, -86.4511414606 36.9376496421, -86.4514910793 36.93906885, -86.4519432977 36.940846682, -86.4524409785 36.942799738, -86.4524540715 36.942918858, -86.4524594448 36.943053954, -86.4524576154 36.9432967564, -86.452479911 36.9434485031, -86.4525018846 36.943529392, -86.4525661695 36.9436707242, -86.4526006116 36.9437312142, -86.4526474052 36.9437951992, -86.4526901555 36.9438658005, -86.4528598 36.9440402772, -86.4530589601 36.9441876592, -86.4533801539 36.9443947255, -86.4537103739 36.9446154697, -86.4538076239 36.9446959028, -86.4538967269 36.9447832516, -86.4539691875 36.9448838847, -86.4540079286 36.9449646719, -86.4540381806 36.945052377, -86.4540748305 36.9452383684, -86.4540866878 36.9452984449, -86.454106508 36.9455504545))"
"District 03","Warren","03-80301.00","CS","1334","CS-1334","MINOR WIDENING(O)","0.0","1.651","MINOR WIDENING OF CS-1344/CR1235 (SMALLHOUSE RD) FROM ELROD RD TO US 231 (CAMPBELL LANE). SCOPE INCLUDES INTERSECTION IMPROVEMENTS, CONTINUOUS CENTER TURN LANE. (2024CCN) (2026CCR)","","2024","2026","D","SPP","1940000","2027","","","","114-CS-1334-000","MULTILINESTRING ((-86.4536991084 36.9496081433, -86.4532934124 36.9525034985, -86.4529950417 36.9544034171, -86.4529546053 36.9547258275, -86.4529480812 36.954905764, -86.4529538857 36.9550867235, -86.4530167944 36.9554447631, -86.4532485946 36.9561492157, -86.4534970276 36.9568387353, -86.4537853599 36.9575854146, -86.4541304488 36.9585440565, -86.4545214455 36.9596158495, -86.4545451347 36.9596964541, -86.4545791061 36.959851426, -86.4545842079 36.9600299182, -86.4545791855 36.9601145416, -86.4545361202 36.9604117004, -86.4544960899 36.9605894105), (-86.4501396539 36.9334757733, -86.4504169074 36.9346973958, -86.4505983406 36.935440057, -86.4511414606 36.9376496421, -86.4514910793 36.93906885, -86.4519432977 36.940846682, -86.4524409785 36.942799738, -86.4524540715 36.942918858, -86.4524594448 36.943053954, -86.4524576154 36.9432967564, -86.452479911 36.9434485031, -86.4525018846 36.943529392, -86.4525661695 36.9436707242, -86.4526006116 36.9437312142, -86.4526474052 36.9437951992, -86.4526901555 36.9438658005, -86.4528598 36.9440402772, -86.4530589601 36.9441876592, -86.4533801539 36.9443947255, -86.4537103739 36.9446154697, -86.4538076239 36.9446959028, -86.4538967269 36.9447832516, -86.4539691875 36.9448838847, -86.4540079286 36.9449646719, -86.4540381806 36.945052377, -86.4540748305 36.9452383684, -86.4540866878 36.9452984449, -86.454106508 36.9455504545))"
"District 03","Warren","03-80301.00","CS","1334","CS-1334","MINOR WIDENING(O)","0.0","1.651","MINOR WIDENING OF CS-1344/CR1235 (SMALLHOUSE RD) FROM ELROD RD TO US 231 (CAMPBELL LANE). SCOPE INCLUDES INTERSECTION IMPROVEMENTS, CONTINUOUS CENTER TURN LANE. (2024CCN) (2026CCR)","","2024","2026","U","SPP","6200000","2031","","","","114-CS-1334-000","MULTILINESTRING ((-86.4536991084 36.9496081433, -86.4532934124 36.9525034985, -86.4529950417 36.9544034171, -86.4529546053 36.9547258275, -86.4529480812 36.954905764, -86.4529538857 36.9550867235, -86.4530167944 36.9554447631, -86.4532485946 36.9561492157, -86.4534970276 36.9568387353, -86.4537853599 36.9575854146, -86.4541304488 36.9585440565, -86.4545214455 36.9596158495, -86.4545451347 36.9596964541, -86.4545791061 36.959851426, -86.4545842079 36.9600299182, -86.4545791855 36.9601145416, -86.4545361202 36.9604117004, -86.4544960899 36.9605894105), (-86.4501396539 36.9334757733, -86.4504169074 36.9346973958, -86.4505983406 36.935440057, -86.4511414606 36.9376496421, -86.4514910793 36.93906885, -86.4519432977 36.940846682, -86.4524409785 36.942799738, -86.4524540715 36.942918858, -86.4524594448 36.943053954, -86.4524576154 36.9432967564, -86.452479911 36.9434485031, -86.4525018846 36.943529392, -86.4525661695 36.9436707242, -86.4526006116 36.9437312142, -86.4526474052 36.9437951992, -86.4526901555 36.9438658005, -86.4528598 36.9440402772, -86.4530589601 36.9441876592, -86.4533801539 36.9443947255, -86.4537103739 36.9446154697, -86.4538076239 36.9446959028, -86.4538967269 36.9447832516, -86.4539691875 36.9448838847, -86.4540079286 36.9449646719, -86.4540381806 36.945052377, -86.4540748305 36.9452383684, -86.4540866878 36.9452984449, -86.454106508 36.9455504545))"
"District 03","Warren","03-80301.00","CS","1334","CS-1334","MINOR WIDENING(O)","0.0","1.651","MINOR WIDENING OF CS-1344/CR1235 (SMALLHOUSE RD) FROM ELROD RD TO US 231 (CAMPBELL LANE). SCOPE INCLUDES INTERSECTION IMPROVEMENTS, CONTINUOUS CENTER TURN LANE. (2024CCN) (2026CCR)","","2024","2026","R","SPP","6500000","2030","","","","114-CS-1334-000","MULTILINESTRING ((-86.4536991084 36.9496081433, -86.4532934124 36.9525034985, -86.4529950417 36.9544034171, -86.4529546053 36.9547258275, -86.4529480812 36.954905764, -86.4529538857 36.9550867235, -86.4530167944 36.9554447631, -86.4532485946 36.9561492157, -86.4534970276 36.9568387353, -86.4537853599 36.9575854146, -86.4541304488 36.9585440565, -86.4545214455 36.9596158495, -86.4545451347 36.9596964541, -86.4545791061 36.959851426, -86.4545842079 36.9600299182, -86.4545791855 36.9601145416, -86.4545361202 36.9604117004, -86.4544960899 36.9605894105), (-86.4501396539 36.9334757733, -86.4504169074 36.9346973958, -86.4505983406 36.935440057, -86.4511414606 36.9376496421, -86.4514910793 36.93906885, -86.4519432977 36.940846682, -86.4524409785 36.942799738, -86.4524540715 36.942918858, -86.4524594448 36.943053954, -86.4524576154 36.9432967564, -86.452479911 36.9434485031, -86.4525018846 36.943529392, -86.4525661695 36.9436707242, -86.4526006116 36.9437312142, -86.4526474052 36.9437951992, -86.4526901555 36.9438658005, -86.4528598 36.9440402772, -86.4530589601 36.9441876592, -86.4533801539 36.9443947255, -86.4537103739 36.9446154697, -86.4538076239 36.9446959028, -86.4538967269 36.9447832516, -86.4539691875 36.9448838847, -86.4540079286 36.9449646719, -86.4540381806 36.945052377, -86.4540748305 36.9452383684, -86.4540866878 36.9452984449, -86.454106508 36.9455504545))"
"District 03","Warren","03-80302.00","US","31","US-31","SAFETY(P)","23.15","28.35","IMPROVE SAFETY AND MOBILITY ON US 31W FROM FREEPORT ROAD TO KY 101. (2024CCN)","","2024","2026","R","NH","7150000","2031","","","","114-US-0031W-000","LINESTRING (-86.2996199767 37.0568504104, -86.2983624911 37.0574836559, -86.2969404245 37.0581994925, -86.2959763299 37.0587022333, -86.2953857727 37.0590183779, -86.2938825578 37.0598463402, -86.292152859 37.0607794297, -86.2910258333 37.0613658326, -86.2905142758 37.0616173162, -86.2901227316 37.0617833745, -86.2894686084 37.0620360645, -86.284844301 37.0637445754, -86.281466515 37.0650044829, -86.2798757496 37.0656071742, -86.2770429495 37.0666535402, -86.2763954117 37.0668800349, -86.2754335847 37.0672043469, -86.2750250911 37.0673572468, -86.2747578329 37.0674655649, -86.2717422095 37.0687570635, -86.271231731 37.0689831902, -86.2703329699 37.0693640294, -86.2698258855 37.0695865638, -86.2689233501 37.0699687833, -86.2675623647 37.0705716557, -86.2657333093 37.0713952074, -86.2647030413 37.0718501922, -86.2639309344 37.0721667027, -86.2623700516 37.0727712198, -86.2621050876 37.072869612, -86.2618363141 37.0729625263, -86.2615643979 37.0730469407, -86.2612927593 37.0731220142, -86.259878506 37.0734704293, -86.2593984862 37.0735988687, -86.2590013631 37.0737200777, -86.2586074031 37.0738528074, -86.2579488398 37.0740883102, -86.2558621155 37.074852407, -86.2530940401 37.0758893924, -86.2480326088 37.0777350994, -86.2444802493 37.0790652609, -86.2434582929 37.079464542, -86.2404639612 37.080603806, -86.2394108747 37.0810193867, -86.2379233488 37.0816293092, -86.2346440607 37.0829931809, -86.2340614889 37.0832353723, -86.2322423847 37.0840056225, -86.2286784132 37.0854858569, -86.2269332797 37.0862073801, -86.2264129381 37.0864317018, -86.2246077821 37.0872635705, -86.2243472762 37.0873780624, -86.2240867381 37.0874876096, -86.2238244469 37.0875911216, -86.2230364792 37.0878920453, -86.2222516399 37.0882006405, -86.2217298308 37.0884142349, -86.2213407306 37.0885792277, -86.219687323 37.0892988974, -86.2190603189 37.0895782713, -86.217732852 37.0901796004, -86.2166610789 37.0906639871, -86.215897074 37.0910161084)"
"District 03","Warren","03-80302.00","US","31","US-31","SAFETY(P)","23.15","28.35","IMPROVE SAFETY AND MOBILITY ON US 31W FROM FREEPORT ROAD TO KY 101. (2024CCN)","","2024","2026","C","NH","23560000","2032","","","","114-US-0031W-000","LINESTRING (-86.2996199767 37.0568504104, -86.2983624911 37.0574836559, -86.2969404245 37.0581994925, -86.2959763299 37.0587022333, -86.2953857727 37.0590183779, -86.2938825578 37.0598463402, -86.292152859 37.0607794297, -86.2910258333 37.0613658326, -86.2905142758 37.0616173162, -86.2901227316 37.0617833745, -86.2894686084 37.0620360645, -86.284844301 37.0637445754, -86.281466515 37.0650044829, -86.2798757496 37.0656071742, -86.2770429495 37.0666535402, -86.2763954117 37.0668800349, -86.2754335847 37.0672043469, -86.2750250911 37.0673572468, -86.2747578329 37.0674655649, -86.2717422095 37.0687570635, -86.271231731 37.0689831902, -86.2703329699 37.0693640294, -86.2698258855 37.0695865638, -86.2689233501 37.0699687833, -86.2675623647 37.0705716557, -86.2657333093 37.0713952074, -86.2647030413 37.0718501922, -86.2639309344 37.0721667027, -86.2623700516 37.0727712198, -86.2621050876 37.072869612, -86.2618363141 37.0729625263, -86.2615643979 37.0730469407, -86.2612927593 37.0731220142, -86.259878506 37.0734704293, -86.2593984862 37.0735988687, -86.2590013631 37.0737200777, -86.2586074031 37.0738528074, -86.2579488398 37.0740883102, -86.2558621155 37.074852407, -86.2530940401 37.0758893924, -86.2480326088 37.0777350994, -86.2444802493 37.0790652609, -86.2434582929 37.079464542, -86.2404639612 37.080603806, -86.2394108747 37.0810193867, -86.2379233488 37.0816293092, -86.2346440607 37.0829931809, -86.2340614889 37.0832353723, -86.2322423847 37.0840056225, -86.2286784132 37.0854858569, -86.2269332797 37.0862073801, -86.2264129381 37.0864317018, -86.2246077821 37.0872635705, -86.2243472762 37.0873780624, -86.2240867381 37.0874876096, -86.2238244469 37.0875911216, -86.2230364792 37.0878920453, -86.2222516399 37.0882006405, -86.2217298308 37.0884142349, -86.2213407306 37.0885792277, -86.219687323 37.0892988974, -86.2190603189 37.0895782713, -86.217732852 37.0901796004, -86.2166610789 37.0906639871, -86.215897074 37.0910161084)"
"District 03","Warren","03-80302.00","US","31","US-31","SAFETY(P)","23.15","28.35","IMPROVE SAFETY AND MOBILITY ON US 31W FROM FREEPORT ROAD TO KY 101. (2024CCN)","","2024","2026","U","NH","7440000","2031","","","","114-US-0031W-000","LINESTRING (-86.2996199767 37.0568504104, -86.2983624911 37.0574836559, -86.2969404245 37.0581994925, -86.2959763299 37.0587022333, -86.2953857727 37.0590183779, -86.2938825578 37.0598463402, -86.292152859 37.0607794297, -86.2910258333 37.0613658326, -86.2905142758 37.0616173162, -86.2901227316 37.0617833745, -86.2894686084 37.0620360645, -86.284844301 37.0637445754, -86.281466515 37.0650044829, -86.2798757496 37.0656071742, -86.2770429495 37.0666535402, -86.2763954117 37.0668800349, -86.2754335847 37.0672043469, -86.2750250911 37.0673572468, -86.2747578329 37.0674655649, -86.2717422095 37.0687570635, -86.271231731 37.0689831902, -86.2703329699 37.0693640294, -86.2698258855 37.0695865638, -86.2689233501 37.0699687833, -86.2675623647 37.0705716557, -86.2657333093 37.0713952074, -86.2647030413 37.0718501922, -86.2639309344 37.0721667027, -86.2623700516 37.0727712198, -86.2621050876 37.072869612, -86.2618363141 37.0729625263, -86.2615643979 37.0730469407, -86.2612927593 37.0731220142, -86.259878506 37.0734704293, -86.2593984862 37.0735988687, -86.2590013631 37.0737200777, -86.2586074031 37.0738528074, -86.2579488398 37.0740883102, -86.2558621155 37.074852407, -86.2530940401 37.0758893924, -86.2480326088 37.0777350994, -86.2444802493 37.0790652609, -86.2434582929 37.079464542, -86.2404639612 37.080603806, -86.2394108747 37.0810193867, -86.2379233488 37.0816293092, -86.2346440607 37.0829931809, -86.2340614889 37.0832353723, -86.2322423847 37.0840056225, -86.2286784132 37.0854858569, -86.2269332797 37.0862073801, -86.2264129381 37.0864317018, -86.2246077821 37.0872635705, -86.2243472762 37.0873780624, -86.2240867381 37.0874876096, -86.2238244469 37.0875911216, -86.2230364792 37.0878920453, -86.2222516399 37.0882006405, -86.2217298308 37.0884142349, -86.2213407306 37.0885792277, -86.219687323 37.0892988974, -86.2190603189 37.0895782713, -86.217732852 37.0901796004, -86.2166610789 37.0906639871, -86.215897074 37.0910161084)"
"District 03","Warren","03-80302.00","US","31","US-31","SAFETY(P)","23.15","28.35","IMPROVE SAFETY AND MOBILITY ON US 31W FROM FREEPORT ROAD TO KY 101. (2024CCN)","","2024","2026","D","NH","1940000","2029","","","","114-US-0031W-000","LINESTRING (-86.2996199767 37.0568504104, -86.2983624911 37.0574836559, -86.2969404245 37.0581994925, -86.2959763299 37.0587022333, -86.2953857727 37.0590183779, -86.2938825578 37.0598463402, -86.292152859 37.0607794297, -86.2910258333 37.0613658326, -86.2905142758 37.0616173162, -86.2901227316 37.0617833745, -86.2894686084 37.0620360645, -86.284844301 37.0637445754, -86.281466515 37.0650044829, -86.2798757496 37.0656071742, -86.2770429495 37.0666535402, -86.2763954117 37.0668800349, -86.2754335847 37.0672043469, -86.2750250911 37.0673572468, -86.2747578329 37.0674655649, -86.2717422095 37.0687570635, -86.271231731 37.0689831902, -86.2703329699 37.0693640294, -86.2698258855 37.0695865638, -86.2689233501 37.0699687833, -86.2675623647 37.0705716557, -86.2657333093 37.0713952074, -86.2647030413 37.0718501922, -86.2639309344 37.0721667027, -86.2623700516 37.0727712198, -86.2621050876 37.072869612, -86.2618363141 37.0729625263, -86.2615643979 37.0730469407, -86.2612927593 37.0731220142, -86.259878506 37.0734704293, -86.2593984862 37.0735988687, -86.2590013631 37.0737200777, -86.2586074031 37.0738528074, -86.2579488398 37.0740883102, -86.2558621155 37.074852407, -86.2530940401 37.0758893924, -86.2480326088 37.0777350994, -86.2444802493 37.0790652609, -86.2434582929 37.079464542, -86.2404639612 37.080603806, -86.2394108747 37.0810193867, -86.2379233488 37.0816293092, -86.2346440607 37.0829931809, -86.2340614889 37.0832353723, -86.2322423847 37.0840056225, -86.2286784132 37.0854858569, -86.2269332797 37.0862073801, -86.2264129381 37.0864317018, -86.2246077821 37.0872635705, -86.2243472762 37.0873780624, -86.2240867381 37.0874876096, -86.2238244469 37.0875911216, -86.2230364792 37.0878920453, -86.2222516399 37.0882006405, -86.2217298308 37.0884142349, -86.2213407306 37.0885792277, -86.219687323 37.0892988974, -86.2190603189 37.0895782713, -86.217732852 37.0901796004, -86.2166610789 37.0906639871, -86.215897074 37.0910161084)"
"District 03","Warren","03-80304.00","KY","101","KY-101","SAFETY(P)","0.0","7.865","IMPROVE SAFETY AND MOBILITY ON KY 101 BETWEEN THE ALLEN COUNTY LINE AND I 65. (2024CCN)","","2024","2026","U","SPP","2480000","2030","","","","114-KY-0101-000","LINESTRING (-86.204168703 36.9337826852, -86.2042164912 36.933877526, -86.2045461554 36.9344744168, -86.2048249273 36.9350281112, -86.2049774394 36.9353535199, -86.2060239161 36.9373609273, -86.2067568923 36.9387829149, -86.2068454692 36.9389448825, -86.2076472843 36.940484417, -86.2080853765 36.9413461797, -86.2087768684 36.942685925, -86.2088971156 36.942933455, -86.2090023273 36.9431840667, -86.2090622143 36.9433530125, -86.2091400868 36.9436089501, -86.2092046195 36.9438657648, -86.2092506726 36.9441221018, -86.2092820087 36.9443776744, -86.2093056663 36.9447203398, -86.2093055176 36.9448634311, -86.2092936631 36.9450507866, -86.2092727584 36.9452129114, -86.2092073934 36.9455460406, -86.2091415635 36.9458036443, -86.2090648083 36.9460654106, -86.2090056494 36.9462389461, -86.2089365369 36.9464078521, -86.2087787975 36.9467438186, -86.2086891318 36.9469092346, -86.2085919274 36.9470727575, -86.2083776363 36.9473943897, -86.2080943025 36.9477852298, -86.206489154 36.9498700679, -86.205664871 36.9509496413, -86.2038944803 36.9532336607, -86.2020199688 36.9556916351, -86.2015167438 36.9563464253, -86.2011197296 36.9568522175, -86.200834869 36.9572290387, -86.2005497832 36.9576256352, -86.2002815956 36.9580444119, -86.2000892976 36.9583920349, -86.1999220151 36.9587456025, -86.1997773456 36.9591034781, -86.1997171621 36.9592827806, -86.1995983433 36.9596715905, -86.1994652047 36.9601834975, -86.1994296517 36.9603613314, -86.1993783823 36.960714725, -86.1993609648 36.96089194, -86.1993510803 36.9610699493, -86.1993480453 36.9612484812, -86.1993661751 36.9617032266, -86.1995274452 36.9637105461, -86.1996472047 36.9648454737, -86.199718637 36.965626568, -86.2000438701 36.9688859184, -86.2003306479 36.9718364414, -86.2005062187 36.9734817216, -86.2006348681 36.9747805786, -86.200954529 36.9781813954, -86.2010662785 36.9792292909, -86.2012659484 36.9812891958, -86.2013720032 36.9824700434, -86.2016340823 36.9852248387, -86.2019029321 36.987850249, -86.2020774001 36.9896979496, -86.2021178705 36.990163046, -86.2021310256 36.9904137482, -86.2022547115 36.9915615692, -86.2023788401 36.9928953249, -86.2024819509 36.9939232057, -86.2025836394 36.9946022879, -86.2026379617 36.994865739, -86.2027388982 36.9953067056, -86.2028842901 36.9958513153, -86.203062411 36.9964284806, -86.203685275 36.9981272224, -86.2048801651 37.0014282194, -86.2057698298 37.0039072818, -86.2064643146 37.005818308, -86.2073171897 37.0082002784, -86.2077756009 37.0094643296, -86.2080910246 37.0103611881, -86.2084192086 37.0112714531, -86.2091162692 37.0131893211, -86.2096972198 37.0148217346, -86.2104341758 37.0168671493, -86.2107723638 37.0177795669, -86.2113760164 37.0194717567, -86.2114804669 37.0197468151, -86.2117198825 37.020301479, -86.2120322588 37.0209670863, -86.212184745 37.0212548622, -86.2124541841 37.0217333283, -86.212921248 37.022485931, -86.2133408287 37.0231472638, -86.2136883539 37.0237322545, -86.2138765498 37.0240871746, -86.2140428706 37.024449322, -86.2142188462 37.0248767976, -86.2143382491 37.0251850264, -86.21440724 37.0253731599, -86.2145092205 37.0256885993, -86.2145844409 37.0259420748, -86.2146823561 37.026319875, -86.2148013673 37.0268950634, -86.2148558565 37.0272848473, -86.214910785 37.0278004186, -86.2149533126 37.0283047789, -86.2149655637 37.0286224984, -86.214966918 37.029005903, -86.2149555917 37.0293882592, -86.2149284926 37.0297682065, -86.2148838929 37.0301432806, -86.2148176615 37.0305104763, -86.2146980641 37.0310553081, -86.2146074292 37.0314096912, -86.2145047389 37.0317536874, -86.2143325773 37.0322748337, -86.2141449876 37.0327943942, -86.2139334496 37.033319542, -86.2137785361 37.0337505337, -86.213732987 37.033863322, -86.2136903745 37.0339524777, -86.2136264713 37.0340886832, -86.213535418 37.0343216743, -86.2134584005 37.0345532351, -86.2133326535 37.0348819407, -86.21328902 37.0350276788, -86.2131393559 37.0354778742, -86.2128481465 37.0362513459, -86.2127489306 37.0365502835, -86.2124560968 37.0373394155, -86.2123915895 37.0374896298, -86.2122897569 37.0376982185, -86.2122111414 37.0378386013, -86.2121208778 37.0379790304, -86.211971714 37.038179292, -86.2118611918 37.0383126613, -86.2117033161 37.0384893373, -86.2113789698 37.0388383294, -86.2110011728 37.0392427357, -86.2109428342 37.0392827909, -86.2107220347 37.0395901738, -86.2106661568 37.0396403813, -86.2105101594 37.0397335544, -86.210471577 37.0397551302, -86.2104184896 37.0398135661, -86.2104033283 37.0398550972, -86.2103987905 37.0398971367, -86.2102852504 37.0400975305, -86.2101734817 37.040363283, -86.2101314049 37.0404851191, -86.2101465064 37.0405452073, -86.2100808696 37.0406800445, -86.2100488257 37.0407620168, -86.2099832205 37.0409578262, -86.2099729156 37.0410092265, -86.2099557683 37.041062301, -86.2099135719 37.041276145, -86.2098969869 37.0414764299, -86.2098754273 37.0417364113)"
"District 03","Warren","03-80304.00","KY","101","KY-101","SAFETY(P)","0.0","7.865","IMPROVE SAFETY AND MOBILITY ON KY 101 BETWEEN THE ALLEN COUNTY LINE AND I 65. (2024CCN)","","2024","2026","R","SPP","1630000","2030","","","","114-KY-0101-000","LINESTRING (-86.204168703 36.9337826852, -86.2042164912 36.933877526, -86.2045461554 36.9344744168, -86.2048249273 36.9350281112, -86.2049774394 36.9353535199, -86.2060239161 36.9373609273, -86.2067568923 36.9387829149, -86.2068454692 36.9389448825, -86.2076472843 36.940484417, -86.2080853765 36.9413461797, -86.2087768684 36.942685925, -86.2088971156 36.942933455, -86.2090023273 36.9431840667, -86.2090622143 36.9433530125, -86.2091400868 36.9436089501, -86.2092046195 36.9438657648, -86.2092506726 36.9441221018, -86.2092820087 36.9443776744, -86.2093056663 36.9447203398, -86.2093055176 36.9448634311, -86.2092936631 36.9450507866, -86.2092727584 36.9452129114, -86.2092073934 36.9455460406, -86.2091415635 36.9458036443, -86.2090648083 36.9460654106, -86.2090056494 36.9462389461, -86.2089365369 36.9464078521, -86.2087787975 36.9467438186, -86.2086891318 36.9469092346, -86.2085919274 36.9470727575, -86.2083776363 36.9473943897, -86.2080943025 36.9477852298, -86.206489154 36.9498700679, -86.205664871 36.9509496413, -86.2038944803 36.9532336607, -86.2020199688 36.9556916351, -86.2015167438 36.9563464253, -86.2011197296 36.9568522175, -86.200834869 36.9572290387, -86.2005497832 36.9576256352, -86.2002815956 36.9580444119, -86.2000892976 36.9583920349, -86.1999220151 36.9587456025, -86.1997773456 36.9591034781, -86.1997171621 36.9592827806, -86.1995983433 36.9596715905, -86.1994652047 36.9601834975, -86.1994296517 36.9603613314, -86.1993783823 36.960714725, -86.1993609648 36.96089194, -86.1993510803 36.9610699493, -86.1993480453 36.9612484812, -86.1993661751 36.9617032266, -86.1995274452 36.9637105461, -86.1996472047 36.9648454737, -86.199718637 36.965626568, -86.2000438701 36.9688859184, -86.2003306479 36.9718364414, -86.2005062187 36.9734817216, -86.2006348681 36.9747805786, -86.200954529 36.9781813954, -86.2010662785 36.9792292909, -86.2012659484 36.9812891958, -86.2013720032 36.9824700434, -86.2016340823 36.9852248387, -86.2019029321 36.987850249, -86.2020774001 36.9896979496, -86.2021178705 36.990163046, -86.2021310256 36.9904137482, -86.2022547115 36.9915615692, -86.2023788401 36.9928953249, -86.2024819509 36.9939232057, -86.2025836394 36.9946022879, -86.2026379617 36.994865739, -86.2027388982 36.9953067056, -86.2028842901 36.9958513153, -86.203062411 36.9964284806, -86.203685275 36.9981272224, -86.2048801651 37.0014282194, -86.2057698298 37.0039072818, -86.2064643146 37.005818308, -86.2073171897 37.0082002784, -86.2077756009 37.0094643296, -86.2080910246 37.0103611881, -86.2084192086 37.0112714531, -86.2091162692 37.0131893211, -86.2096972198 37.0148217346, -86.2104341758 37.0168671493, -86.2107723638 37.0177795669, -86.2113760164 37.0194717567, -86.2114804669 37.0197468151, -86.2117198825 37.020301479, -86.2120322588 37.0209670863, -86.212184745 37.0212548622, -86.2124541841 37.0217333283, -86.212921248 37.022485931, -86.2133408287 37.0231472638, -86.2136883539 37.0237322545, -86.2138765498 37.0240871746, -86.2140428706 37.024449322, -86.2142188462 37.0248767976, -86.2143382491 37.0251850264, -86.21440724 37.0253731599, -86.2145092205 37.0256885993, -86.2145844409 37.0259420748, -86.2146823561 37.026319875, -86.2148013673 37.0268950634, -86.2148558565 37.0272848473, -86.214910785 37.0278004186, -86.2149533126 37.0283047789, -86.2149655637 37.0286224984, -86.214966918 37.029005903, -86.2149555917 37.0293882592, -86.2149284926 37.0297682065, -86.2148838929 37.0301432806, -86.2148176615 37.0305104763, -86.2146980641 37.0310553081, -86.2146074292 37.0314096912, -86.2145047389 37.0317536874, -86.2143325773 37.0322748337, -86.2141449876 37.0327943942, -86.2139334496 37.033319542, -86.2137785361 37.0337505337, -86.213732987 37.033863322, -86.2136903745 37.0339524777, -86.2136264713 37.0340886832, -86.213535418 37.0343216743, -86.2134584005 37.0345532351, -86.2133326535 37.0348819407, -86.21328902 37.0350276788, -86.2131393559 37.0354778742, -86.2128481465 37.0362513459, -86.2127489306 37.0365502835, -86.2124560968 37.0373394155, -86.2123915895 37.0374896298, -86.2122897569 37.0376982185, -86.2122111414 37.0378386013, -86.2121208778 37.0379790304, -86.211971714 37.038179292, -86.2118611918 37.0383126613, -86.2117033161 37.0384893373, -86.2113789698 37.0388383294, -86.2110011728 37.0392427357, -86.2109428342 37.0392827909, -86.2107220347 37.0395901738, -86.2106661568 37.0396403813, -86.2105101594 37.0397335544, -86.210471577 37.0397551302, -86.2104184896 37.0398135661, -86.2104033283 37.0398550972, -86.2103987905 37.0398971367, -86.2102852504 37.0400975305, -86.2101734817 37.040363283, -86.2101314049 37.0404851191, -86.2101465064 37.0405452073, -86.2100808696 37.0406800445, -86.2100488257 37.0407620168, -86.2099832205 37.0409578262, -86.2099729156 37.0410092265, -86.2099557683 37.041062301, -86.2099135719 37.041276145, -86.2098969869 37.0414764299, -86.2098754273 37.0417364113)"
"District 03","Warren","03-80304.00","KY","101","KY-101","SAFETY(P)","0.0","7.865","IMPROVE SAFETY AND MOBILITY ON KY 101 BETWEEN THE ALLEN COUNTY LINE AND I 65. (2024CCN)","","2024","2026","D","SPP","970000","2029","","","","114-KY-0101-000","LINESTRING (-86.204168703 36.9337826852, -86.2042164912 36.933877526, -86.2045461554 36.9344744168, -86.2048249273 36.9350281112, -86.2049774394 36.9353535199, -86.2060239161 36.9373609273, -86.2067568923 36.9387829149, -86.2068454692 36.9389448825, -86.2076472843 36.940484417, -86.2080853765 36.9413461797, -86.2087768684 36.942685925, -86.2088971156 36.942933455, -86.2090023273 36.9431840667, -86.2090622143 36.9433530125, -86.2091400868 36.9436089501, -86.2092046195 36.9438657648, -86.2092506726 36.9441221018, -86.2092820087 36.9443776744, -86.2093056663 36.9447203398, -86.2093055176 36.9448634311, -86.2092936631 36.9450507866, -86.2092727584 36.9452129114, -86.2092073934 36.9455460406, -86.2091415635 36.9458036443, -86.2090648083 36.9460654106, -86.2090056494 36.9462389461, -86.2089365369 36.9464078521, -86.2087787975 36.9467438186, -86.2086891318 36.9469092346, -86.2085919274 36.9470727575, -86.2083776363 36.9473943897, -86.2080943025 36.9477852298, -86.206489154 36.9498700679, -86.205664871 36.9509496413, -86.2038944803 36.9532336607, -86.2020199688 36.9556916351, -86.2015167438 36.9563464253, -86.2011197296 36.9568522175, -86.200834869 36.9572290387, -86.2005497832 36.9576256352, -86.2002815956 36.9580444119, -86.2000892976 36.9583920349, -86.1999220151 36.9587456025, -86.1997773456 36.9591034781, -86.1997171621 36.9592827806, -86.1995983433 36.9596715905, -86.1994652047 36.9601834975, -86.1994296517 36.9603613314, -86.1993783823 36.960714725, -86.1993609648 36.96089194, -86.1993510803 36.9610699493, -86.1993480453 36.9612484812, -86.1993661751 36.9617032266, -86.1995274452 36.9637105461, -86.1996472047 36.9648454737, -86.199718637 36.965626568, -86.2000438701 36.9688859184, -86.2003306479 36.9718364414, -86.2005062187 36.9734817216, -86.2006348681 36.9747805786, -86.200954529 36.9781813954, -86.2010662785 36.9792292909, -86.2012659484 36.9812891958, -86.2013720032 36.9824700434, -86.2016340823 36.9852248387, -86.2019029321 36.987850249, -86.2020774001 36.9896979496, -86.2021178705 36.990163046, -86.2021310256 36.9904137482, -86.2022547115 36.9915615692, -86.2023788401 36.9928953249, -86.2024819509 36.9939232057, -86.2025836394 36.9946022879, -86.2026379617 36.994865739, -86.2027388982 36.9953067056, -86.2028842901 36.9958513153, -86.203062411 36.9964284806, -86.203685275 36.9981272224, -86.2048801651 37.0014282194, -86.2057698298 37.0039072818, -86.2064643146 37.005818308, -86.2073171897 37.0082002784, -86.2077756009 37.0094643296, -86.2080910246 37.0103611881, -86.2084192086 37.0112714531, -86.2091162692 37.0131893211, -86.2096972198 37.0148217346, -86.2104341758 37.0168671493, -86.2107723638 37.0177795669, -86.2113760164 37.0194717567, -86.2114804669 37.0197468151, -86.2117198825 37.020301479, -86.2120322588 37.0209670863, -86.212184745 37.0212548622, -86.2124541841 37.0217333283, -86.212921248 37.022485931, -86.2133408287 37.0231472638, -86.2136883539 37.0237322545, -86.2138765498 37.0240871746, -86.2140428706 37.024449322, -86.2142188462 37.0248767976, -86.2143382491 37.0251850264, -86.21440724 37.0253731599, -86.2145092205 37.0256885993, -86.2145844409 37.0259420748, -86.2146823561 37.026319875, -86.2148013673 37.0268950634, -86.2148558565 37.0272848473, -86.214910785 37.0278004186, -86.2149533126 37.0283047789, -86.2149655637 37.0286224984, -86.214966918 37.029005903, -86.2149555917 37.0293882592, -86.2149284926 37.0297682065, -86.2148838929 37.0301432806, -86.2148176615 37.0305104763, -86.2146980641 37.0310553081, -86.2146074292 37.0314096912, -86.2145047389 37.0317536874, -86.2143325773 37.0322748337, -86.2141449876 37.0327943942, -86.2139334496 37.033319542, -86.2137785361 37.0337505337, -86.213732987 37.033863322, -86.2136903745 37.0339524777, -86.2136264713 37.0340886832, -86.213535418 37.0343216743, -86.2134584005 37.0345532351, -86.2133326535 37.0348819407, -86.21328902 37.0350276788, -86.2131393559 37.0354778742, -86.2128481465 37.0362513459, -86.2127489306 37.0365502835, -86.2124560968 37.0373394155, -86.2123915895 37.0374896298, -86.2122897569 37.0376982185, -86.2122111414 37.0378386013, -86.2121208778 37.0379790304, -86.211971714 37.038179292, -86.2118611918 37.0383126613, -86.2117033161 37.0384893373, -86.2113789698 37.0388383294, -86.2110011728 37.0392427357, -86.2109428342 37.0392827909, -86.2107220347 37.0395901738, -86.2106661568 37.0396403813, -86.2105101594 37.0397335544, -86.210471577 37.0397551302, -86.2104184896 37.0398135661, -86.2104033283 37.0398550972, -86.2103987905 37.0398971367, -86.2102852504 37.0400975305, -86.2101734817 37.040363283, -86.2101314049 37.0404851191, -86.2101465064 37.0405452073, -86.2100808696 37.0406800445, -86.2100488257 37.0407620168, -86.2099832205 37.0409578262, -86.2099729156 37.0410092265, -86.2099557683 37.041062301, -86.2099135719 37.041276145, -86.2098969869 37.0414764299, -86.2098754273 37.0417364113)"
"District 03","Warren","03-80304.00","KY","101","KY-101","SAFETY(P)","0.0","7.865","IMPROVE SAFETY AND MOBILITY ON KY 101 BETWEEN THE ALLEN COUNTY LINE AND I 65. (2024CCN)","","2024","2026","C","SPP","9920000","2032","","","","114-KY-0101-000","LINESTRING (-86.204168703 36.9337826852, -86.2042164912 36.933877526, -86.2045461554 36.9344744168, -86.2048249273 36.9350281112, -86.2049774394 36.9353535199, -86.2060239161 36.9373609273, -86.2067568923 36.9387829149, -86.2068454692 36.9389448825, -86.2076472843 36.940484417, -86.2080853765 36.9413461797, -86.2087768684 36.942685925, -86.2088971156 36.942933455, -86.2090023273 36.9431840667, -86.2090622143 36.9433530125, -86.2091400868 36.9436089501, -86.2092046195 36.9438657648, -86.2092506726 36.9441221018, -86.2092820087 36.9443776744, -86.2093056663 36.9447203398, -86.2093055176 36.9448634311, -86.2092936631 36.9450507866, -86.2092727584 36.9452129114, -86.2092073934 36.9455460406, -86.2091415635 36.9458036443, -86.2090648083 36.9460654106, -86.2090056494 36.9462389461, -86.2089365369 36.9464078521, -86.2087787975 36.9467438186, -86.2086891318 36.9469092346, -86.2085919274 36.9470727575, -86.2083776363 36.9473943897, -86.2080943025 36.9477852298, -86.206489154 36.9498700679, -86.205664871 36.9509496413, -86.2038944803 36.9532336607, -86.2020199688 36.9556916351, -86.2015167438 36.9563464253, -86.2011197296 36.9568522175, -86.200834869 36.9572290387, -86.2005497832 36.9576256352, -86.2002815956 36.9580444119, -86.2000892976 36.9583920349, -86.1999220151 36.9587456025, -86.1997773456 36.9591034781, -86.1997171621 36.9592827806, -86.1995983433 36.9596715905, -86.1994652047 36.9601834975, -86.1994296517 36.9603613314, -86.1993783823 36.960714725, -86.1993609648 36.96089194, -86.1993510803 36.9610699493, -86.1993480453 36.9612484812, -86.1993661751 36.9617032266, -86.1995274452 36.9637105461, -86.1996472047 36.9648454737, -86.199718637 36.965626568, -86.2000438701 36.9688859184, -86.2003306479 36.9718364414, -86.2005062187 36.9734817216, -86.2006348681 36.9747805786, -86.200954529 36.9781813954, -86.2010662785 36.9792292909, -86.2012659484 36.9812891958, -86.2013720032 36.9824700434, -86.2016340823 36.9852248387, -86.2019029321 36.987850249, -86.2020774001 36.9896979496, -86.2021178705 36.990163046, -86.2021310256 36.9904137482, -86.2022547115 36.9915615692, -86.2023788401 36.9928953249, -86.2024819509 36.9939232057, -86.2025836394 36.9946022879, -86.2026379617 36.994865739, -86.2027388982 36.9953067056, -86.2028842901 36.9958513153, -86.203062411 36.9964284806, -86.203685275 36.9981272224, -86.2048801651 37.0014282194, -86.2057698298 37.0039072818, -86.2064643146 37.005818308, -86.2073171897 37.0082002784, -86.2077756009 37.0094643296, -86.2080910246 37.0103611881, -86.2084192086 37.0112714531, -86.2091162692 37.0131893211, -86.2096972198 37.0148217346, -86.2104341758 37.0168671493, -86.2107723638 37.0177795669, -86.2113760164 37.0194717567, -86.2114804669 37.0197468151, -86.2117198825 37.020301479, -86.2120322588 37.0209670863, -86.212184745 37.0212548622, -86.2124541841 37.0217333283, -86.212921248 37.022485931, -86.2133408287 37.0231472638, -86.2136883539 37.0237322545, -86.2138765498 37.0240871746, -86.2140428706 37.024449322, -86.2142188462 37.0248767976, -86.2143382491 37.0251850264, -86.21440724 37.0253731599, -86.2145092205 37.0256885993, -86.2145844409 37.0259420748, -86.2146823561 37.026319875, -86.2148013673 37.0268950634, -86.2148558565 37.0272848473, -86.214910785 37.0278004186, -86.2149533126 37.0283047789, -86.2149655637 37.0286224984, -86.214966918 37.029005903, -86.2149555917 37.0293882592, -86.2149284926 37.0297682065, -86.2148838929 37.0301432806, -86.2148176615 37.0305104763, -86.2146980641 37.0310553081, -86.2146074292 37.0314096912, -86.2145047389 37.0317536874, -86.2143325773 37.0322748337, -86.2141449876 37.0327943942, -86.2139334496 37.033319542, -86.2137785361 37.0337505337, -86.213732987 37.033863322, -86.2136903745 37.0339524777, -86.2136264713 37.0340886832, -86.213535418 37.0343216743, -86.2134584005 37.0345532351, -86.2133326535 37.0348819407, -86.21328902 37.0350276788, -86.2131393559 37.0354778742, -86.2128481465 37.0362513459, -86.2127489306 37.0365502835, -86.2124560968 37.0373394155, -86.2123915895 37.0374896298, -86.2122897569 37.0376982185, -86.2122111414 37.0378386013, -86.2121208778 37.0379790304, -86.211971714 37.038179292, -86.2118611918 37.0383126613, -86.2117033161 37.0384893373, -86.2113789698 37.0388383294, -86.2110011728 37.0392427357, -86.2109428342 37.0392827909, -86.2107220347 37.0395901738, -86.2106661568 37.0396403813, -86.2105101594 37.0397335544, -86.210471577 37.0397551302, -86.2104184896 37.0398135661, -86.2104033283 37.0398550972, -86.2103987905 37.0398971367, -86.2102852504 37.0400975305, -86.2101734817 37.040363283, -86.2101314049 37.0404851191, -86.2101465064 37.0405452073, -86.2100808696 37.0406800445, -86.2100488257 37.0407620168, -86.2099832205 37.0409578262, -86.2099729156 37.0410092265, -86.2099557683 37.041062301, -86.2099135719 37.041276145, -86.2098969869 37.0414764299, -86.2098754273 37.0417364113)"
"District 03","Warren","03-80305.00","KY","622","KY-622","SAFETY(P)","7.16","8.332","IMPROVE SAFETY AND MOBILITY ON KY 622 FROM I 165 TO US 231. (2024CCN)","","2024","2026","R","SPP","2600000","2030","","","","114-KY-0622-000","LINESTRING (-86.41900043 36.9053581799, -86.4189091218 36.905435332, -86.4184329559 36.9064204915, -86.4183243424 36.906628201, -86.4180714663 36.9071116639, -86.4177799004 36.9076291308, -86.4176193036 36.9079143155, -86.4170962861 36.9087882304, -86.4171157217 36.908858429, -86.416968775 36.9090638865, -86.4168577508 36.9092323339, -86.4166156195 36.9095800549, -86.4152074162 36.9116081683, -86.4151479321 36.9116884316, -86.4148804925 36.9120766676, -86.4145676509 36.912513776, -86.4141905627 36.913073195, -86.4141133857 36.9132027208, -86.4139978665 36.9133670717, -86.4138733595 36.9135207626, -86.4136375335 36.9138497658, -86.4133996516 36.9141785054, -86.4129236395 36.9148087953, -86.412430617 36.9154504401, -86.4115523006 36.9166183077, -86.4108539783 36.9175261508, -86.4106667228 36.917780442, -86.4100431598 36.9185958473, -86.4097674494 36.9189440205, -86.4096420607 36.9191161128, -86.4091419717 36.9197385593, -86.4089387529 36.9198902186, -86.408759005 36.919988189)"
"District 03","Warren","03-80305.00","KY","622","KY-622","SAFETY(P)","7.16","8.332","IMPROVE SAFETY AND MOBILITY ON KY 622 FROM I 165 TO US 231. (2024CCN)","","2024","2026","C","SPP","6820000","2032","","","","114-KY-0622-000","LINESTRING (-86.41900043 36.9053581799, -86.4189091218 36.905435332, -86.4184329559 36.9064204915, -86.4183243424 36.906628201, -86.4180714663 36.9071116639, -86.4177799004 36.9076291308, -86.4176193036 36.9079143155, -86.4170962861 36.9087882304, -86.4171157217 36.908858429, -86.416968775 36.9090638865, -86.4168577508 36.9092323339, -86.4166156195 36.9095800549, -86.4152074162 36.9116081683, -86.4151479321 36.9116884316, -86.4148804925 36.9120766676, -86.4145676509 36.912513776, -86.4141905627 36.913073195, -86.4141133857 36.9132027208, -86.4139978665 36.9133670717, -86.4138733595 36.9135207626, -86.4136375335 36.9138497658, -86.4133996516 36.9141785054, -86.4129236395 36.9148087953, -86.412430617 36.9154504401, -86.4115523006 36.9166183077, -86.4108539783 36.9175261508, -86.4106667228 36.917780442, -86.4100431598 36.9185958473, -86.4097674494 36.9189440205, -86.4096420607 36.9191161128, -86.4091419717 36.9197385593, -86.4089387529 36.9198902186, -86.408759005 36.919988189)"
"District 03","Warren","03-80305.00","KY","622","KY-622","SAFETY(P)","7.16","8.332","IMPROVE SAFETY AND MOBILITY ON KY 622 FROM I 165 TO US 231. (2024CCN)","","2024","2026","D","SPP","1290000","2029","","","","114-KY-0622-000","LINESTRING (-86.41900043 36.9053581799, -86.4189091218 36.905435332, -86.4184329559 36.9064204915, -86.4183243424 36.906628201, -86.4180714663 36.9071116639, -86.4177799004 36.9076291308, -86.4176193036 36.9079143155, -86.4170962861 36.9087882304, -86.4171157217 36.908858429, -86.416968775 36.9090638865, -86.4168577508 36.9092323339, -86.4166156195 36.9095800549, -86.4152074162 36.9116081683, -86.4151479321 36.9116884316, -86.4148804925 36.9120766676, -86.4145676509 36.912513776, -86.4141905627 36.913073195, -86.4141133857 36.9132027208, -86.4139978665 36.9133670717, -86.4138733595 36.9135207626, -86.4136375335 36.9138497658, -86.4133996516 36.9141785054, -86.4129236395 36.9148087953, -86.412430617 36.9154504401, -86.4115523006 36.9166183077, -86.4108539783 36.9175261508, -86.4106667228 36.917780442, -86.4100431598 36.9185958473, -86.4097674494 36.9189440205, -86.4096420607 36.9191161128, -86.4091419717 36.9197385593, -86.4089387529 36.9198902186, -86.408759005 36.919988189)"
"District 03","Warren","03-80305.00","KY","622","KY-622","SAFETY(P)","7.16","8.332","IMPROVE SAFETY AND MOBILITY ON KY 622 FROM I 165 TO US 231. (2024CCN)","","2024","2026","U","SPP","3720000","2031","","","","114-KY-0622-000","LINESTRING (-86.41900043 36.9053581799, -86.4189091218 36.905435332, -86.4184329559 36.9064204915, -86.4183243424 36.906628201, -86.4180714663 36.9071116639, -86.4177799004 36.9076291308, -86.4176193036 36.9079143155, -86.4170962861 36.9087882304, -86.4171157217 36.908858429, -86.416968775 36.9090638865, -86.4168577508 36.9092323339, -86.4166156195 36.9095800549, -86.4152074162 36.9116081683, -86.4151479321 36.9116884316, -86.4148804925 36.9120766676, -86.4145676509 36.912513776, -86.4141905627 36.913073195, -86.4141133857 36.9132027208, -86.4139978665 36.9133670717, -86.4138733595 36.9135207626, -86.4136375335 36.9138497658, -86.4133996516 36.9141785054, -86.4129236395 36.9148087953, -86.412430617 36.9154504401, -86.4115523006 36.9166183077, -86.4108539783 36.9175261508, -86.4106667228 36.917780442, -86.4100431598 36.9185958473, -86.4097674494 36.9189440205, -86.4096420607 36.9191161128, -86.4091419717 36.9197385593, -86.4089387529 36.9198902186, -86.408759005 36.919988189)"
"District 03","Warren","03-80307.00","US","31","US-31","SAFETY(P)","16.121","18.084","IMPROVE SAFETY AND MOBILITY ON US 31W FROM KY 3225 TO KY 957, INCLUDING THE RECONSTRUCTION OF THE INTERCHANGE WITH KY 446. (2024CCN)","","2024","2026","D","NH","1940000","2029","","","","114-US-0031W-000","LINESTRING (-86.4079303174 37.0088230989, -86.4065964171 37.0087861394, -86.405823459 37.0087855549, -86.4055002607 37.0087961654, -86.4050741404 37.0088252055, -86.4046293472 37.0088727512, -86.4044028981 37.0089031383, -86.4041009107 37.0089504284, -86.4032531918 37.0090952634, -86.4015802367 37.0094114288, -86.4014130288 37.0094414784, -86.4012052174 37.0094887824, -86.4005166413 37.0096225444, -86.4000770129 37.0097137142, -86.3975615417 37.0101880551, -86.3963996651 37.0104027009, -86.3957748341 37.0105039461, -86.3953496224 37.0105604117, -86.3951361208 37.0105841172, -86.3946535431 37.0106205735, -86.3942718029 37.0106347721, -86.3938354765 37.0106336168, -86.3931900469 37.0106099959, -86.3915569359 37.01050915, -86.3903555546 37.0104322736, -86.3880450501 37.0102930828, -86.3853027068 37.0101150072, -86.3845280976 37.0100827054, -86.3842516733 37.0100770714, -86.3839749919 37.0100816003, -86.3836994402 37.0100982071, -86.3834243155 37.0101246985, -86.3831814501 37.0101592531, -86.3828819115 37.0102147143, -86.3826170341 37.0102787748, -86.3823591182 37.0103559804, -86.3821085038 37.0104463296, -86.3818651719 37.010547349, -86.3816420737 37.0106518288, -86.3812888272 37.0108366635, -86.3811728963 37.0108974415, -86.3809617322 37.0110364616, -86.3807609015 37.0111825657, -86.3805728033 37.0113360171, -86.380397438 37.0114968143, -86.3802323922 37.0116630484, -86.3800783574 37.0118355393, -86.3797441404 37.0122479521, -86.378607225 37.0136907999, -86.3779564709 37.0145045348, -86.3776906664 37.0148278599, -86.3774142039 37.0151465732, -86.3771249891 37.0154560157, -86.3768216013 37.0157501544, -86.3764954747 37.0160284842, -86.3762402619 37.0162273324)"
"District 03","Warren","03-80307.00","US","31","US-31","SAFETY(P)","16.121","18.084","IMPROVE SAFETY AND MOBILITY ON US 31W FROM KY 3225 TO KY 957, INCLUDING THE RECONSTRUCTION OF THE INTERCHANGE WITH KY 446. (2024CCN)","","2024","2026","R","NH","6500000","2030","","","","114-US-0031W-000","LINESTRING (-86.4079303174 37.0088230989, -86.4065964171 37.0087861394, -86.405823459 37.0087855549, -86.4055002607 37.0087961654, -86.4050741404 37.0088252055, -86.4046293472 37.0088727512, -86.4044028981 37.0089031383, -86.4041009107 37.0089504284, -86.4032531918 37.0090952634, -86.4015802367 37.0094114288, -86.4014130288 37.0094414784, -86.4012052174 37.0094887824, -86.4005166413 37.0096225444, -86.4000770129 37.0097137142, -86.3975615417 37.0101880551, -86.3963996651 37.0104027009, -86.3957748341 37.0105039461, -86.3953496224 37.0105604117, -86.3951361208 37.0105841172, -86.3946535431 37.0106205735, -86.3942718029 37.0106347721, -86.3938354765 37.0106336168, -86.3931900469 37.0106099959, -86.3915569359 37.01050915, -86.3903555546 37.0104322736, -86.3880450501 37.0102930828, -86.3853027068 37.0101150072, -86.3845280976 37.0100827054, -86.3842516733 37.0100770714, -86.3839749919 37.0100816003, -86.3836994402 37.0100982071, -86.3834243155 37.0101246985, -86.3831814501 37.0101592531, -86.3828819115 37.0102147143, -86.3826170341 37.0102787748, -86.3823591182 37.0103559804, -86.3821085038 37.0104463296, -86.3818651719 37.010547349, -86.3816420737 37.0106518288, -86.3812888272 37.0108366635, -86.3811728963 37.0108974415, -86.3809617322 37.0110364616, -86.3807609015 37.0111825657, -86.3805728033 37.0113360171, -86.380397438 37.0114968143, -86.3802323922 37.0116630484, -86.3800783574 37.0118355393, -86.3797441404 37.0122479521, -86.378607225 37.0136907999, -86.3779564709 37.0145045348, -86.3776906664 37.0148278599, -86.3774142039 37.0151465732, -86.3771249891 37.0154560157, -86.3768216013 37.0157501544, -86.3764954747 37.0160284842, -86.3762402619 37.0162273324)"
"District 03","Warren","03-80307.00","US","31","US-31","SAFETY(P)","16.121","18.084","IMPROVE SAFETY AND MOBILITY ON US 31W FROM KY 3225 TO KY 957, INCLUDING THE RECONSTRUCTION OF THE INTERCHANGE WITH KY 446. (2024CCN)","","2024","2026","U","NH","7440000","2030","","","","114-US-0031W-000","LINESTRING (-86.4079303174 37.0088230989, -86.4065964171 37.0087861394, -86.405823459 37.0087855549, -86.4055002607 37.0087961654, -86.4050741404 37.0088252055, -86.4046293472 37.0088727512, -86.4044028981 37.0089031383, -86.4041009107 37.0089504284, -86.4032531918 37.0090952634, -86.4015802367 37.0094114288, -86.4014130288 37.0094414784, -86.4012052174 37.0094887824, -86.4005166413 37.0096225444, -86.4000770129 37.0097137142, -86.3975615417 37.0101880551, -86.3963996651 37.0104027009, -86.3957748341 37.0105039461, -86.3953496224 37.0105604117, -86.3951361208 37.0105841172, -86.3946535431 37.0106205735, -86.3942718029 37.0106347721, -86.3938354765 37.0106336168, -86.3931900469 37.0106099959, -86.3915569359 37.01050915, -86.3903555546 37.0104322736, -86.3880450501 37.0102930828, -86.3853027068 37.0101150072, -86.3845280976 37.0100827054, -86.3842516733 37.0100770714, -86.3839749919 37.0100816003, -86.3836994402 37.0100982071, -86.3834243155 37.0101246985, -86.3831814501 37.0101592531, -86.3828819115 37.0102147143, -86.3826170341 37.0102787748, -86.3823591182 37.0103559804, -86.3821085038 37.0104463296, -86.3818651719 37.010547349, -86.3816420737 37.0106518288, -86.3812888272 37.0108366635, -86.3811728963 37.0108974415, -86.3809617322 37.0110364616, -86.3807609015 37.0111825657, -86.3805728033 37.0113360171, -86.380397438 37.0114968143, -86.3802323922 37.0116630484, -86.3800783574 37.0118355393, -86.3797441404 37.0122479521, -86.378607225 37.0136907999, -86.3779564709 37.0145045348, -86.3776906664 37.0148278599, -86.3774142039 37.0151465732, -86.3771249891 37.0154560157, -86.3768216013 37.0157501544, -86.3764954747 37.0160284842, -86.3762402619 37.0162273324)"
"District 03","Warren","03-80307.00","US","31","US-31","SAFETY(P)","16.121","18.084","IMPROVE SAFETY AND MOBILITY ON US 31W FROM KY 3225 TO KY 957, INCLUDING THE RECONSTRUCTION OF THE INTERCHANGE WITH KY 446. (2024CCN)","","2024","2026","C","NH","14880000","2032","","","","114-US-0031W-000","LINESTRING (-86.4079303174 37.0088230989, -86.4065964171 37.0087861394, -86.405823459 37.0087855549, -86.4055002607 37.0087961654, -86.4050741404 37.0088252055, -86.4046293472 37.0088727512, -86.4044028981 37.0089031383, -86.4041009107 37.0089504284, -86.4032531918 37.0090952634, -86.4015802367 37.0094114288, -86.4014130288 37.0094414784, -86.4012052174 37.0094887824, -86.4005166413 37.0096225444, -86.4000770129 37.0097137142, -86.3975615417 37.0101880551, -86.3963996651 37.0104027009, -86.3957748341 37.0105039461, -86.3953496224 37.0105604117, -86.3951361208 37.0105841172, -86.3946535431 37.0106205735, -86.3942718029 37.0106347721, -86.3938354765 37.0106336168, -86.3931900469 37.0106099959, -86.3915569359 37.01050915, -86.3903555546 37.0104322736, -86.3880450501 37.0102930828, -86.3853027068 37.0101150072, -86.3845280976 37.0100827054, -86.3842516733 37.0100770714, -86.3839749919 37.0100816003, -86.3836994402 37.0100982071, -86.3834243155 37.0101246985, -86.3831814501 37.0101592531, -86.3828819115 37.0102147143, -86.3826170341 37.0102787748, -86.3823591182 37.0103559804, -86.3821085038 37.0104463296, -86.3818651719 37.010547349, -86.3816420737 37.0106518288, -86.3812888272 37.0108366635, -86.3811728963 37.0108974415, -86.3809617322 37.0110364616, -86.3807609015 37.0111825657, -86.3805728033 37.0113360171, -86.380397438 37.0114968143, -86.3802323922 37.0116630484, -86.3800783574 37.0118355393, -86.3797441404 37.0122479521, -86.378607225 37.0136907999, -86.3779564709 37.0145045348, -86.3776906664 37.0148278599, -86.3774142039 37.0151465732, -86.3771249891 37.0154560157, -86.3768216013 37.0157501544, -86.3764954747 37.0160284842, -86.3762402619 37.0162273324)"
"District 03","Warren","03-80311.00","US","31","US-31","DESIGN ENGINEERING(O)","12.789","12.834","CONSTRUCT DUAL-LANE ROUNDABOUT AT BROADWAY AVE AND US 31W BYPASS. (2024CCN)","","2024","2026","R","STP1","10000000","2030","","","","114-US-0031W-000","LINESTRING (-86.4400150275 36.9826645264, -86.4396544216 36.9827817319, -86.4392603052 36.9829064869)"
"District 03","Warren","03-80311.00","US","31","US-31","DESIGN ENGINEERING(O)","12.789","12.834","CONSTRUCT DUAL-LANE ROUNDABOUT AT BROADWAY AVE AND US 31W BYPASS. (2024CCN)","","2024","2026","U","STP1","5000000","2031","","","","114-US-0031W-000","LINESTRING (-86.4400150275 36.9826645264, -86.4396544216 36.9827817319, -86.4392603052 36.9829064869)"
"District 03","Warren","03-80311.00","US","31","US-31","DESIGN ENGINEERING(O)","12.789","12.834","CONSTRUCT DUAL-LANE ROUNDABOUT AT BROADWAY AVE AND US 31W BYPASS. (2024CCN)","","2024","2026","D","STP1","3120000","2029","","","","114-US-0031W-000","LINESTRING (-86.4400150275 36.9826645264, -86.4396544216 36.9827817319, -86.4392603052 36.9829064869)"
"District 03","Warren","03-80311.00","US","31","US-31","DESIGN ENGINEERING(O)","12.789","12.834","CONSTRUCT DUAL-LANE ROUNDABOUT AT BROADWAY AVE AND US 31W BYPASS. (2024CCN)","","2024","2026","C","STP1","5000000","2032","","","","114-US-0031W-000","LINESTRING (-86.4400150275 36.9826645264, -86.4396544216 36.9827817319, -86.4392603052 36.9829064869)"
"District 03","Warren","03-80320.00","US","68","US-68","DESIGN ENGINEERING(O)","13.8","14.6","MODERNIZE US 68 BETWEEN VICTORIA STREET AND CLAY STREET. (2024CCN)","","2024","2026","C","NH","1860000","2031","","","","114-US-0068-000","LINESTRING (-86.4550433319 37.004634321, -86.4548372043 37.0045107565, -86.4540350889 37.0040272808, -86.453671183 37.0038212952, -86.4534578479 37.0037129982, -86.4533402318 37.0036598782, -86.4532198919 37.003608421, -86.4530212389 37.003531895, -86.4527110446 37.0034291265, -86.452511577 37.0033751255, -86.4523108096 37.0033285482, -86.4521090891 37.0032899413, -86.4518337477 37.003251777, -86.4516281021 37.003232693, -86.4512892734 37.0032166086, -86.4510125726 37.0032160791, -86.4488025904 37.0033062755, -86.4483144479 37.00332596, -86.4479478423 37.0033424419, -86.4465639136 37.0034045662, -86.4461677826 37.0034129799, -86.4458471849 37.0034055594, -86.4456624813 37.0033921068, -86.4454276413 37.0033635737, -86.4452249146 37.0033268837, -86.4450351303 37.0032824253, -86.4448239512 37.0032205165, -86.4445789641 37.003131618, -86.4444424578 37.0030717346, -86.444270437 37.0029856972, -86.4441533761 37.0029177317, -86.4439914486 37.0028121331, -86.4437949159 37.0026674648, -86.4434523476 37.0023951292, -86.4430998339 37.0020470476, -86.4422458145 37.001124082, -86.4417087295 37.0004782726)"
"District 03","Warren","03-80320.00","US","68","US-68","DESIGN ENGINEERING(O)","13.8","14.6","MODERNIZE US 68 BETWEEN VICTORIA STREET AND CLAY STREET. (2024CCN)","","2024","2026","U","NH","1240000","2030","","","","114-US-0068-000","LINESTRING (-86.4550433319 37.004634321, -86.4548372043 37.0045107565, -86.4540350889 37.0040272808, -86.453671183 37.0038212952, -86.4534578479 37.0037129982, -86.4533402318 37.0036598782, -86.4532198919 37.003608421, -86.4530212389 37.003531895, -86.4527110446 37.0034291265, -86.452511577 37.0033751255, -86.4523108096 37.0033285482, -86.4521090891 37.0032899413, -86.4518337477 37.003251777, -86.4516281021 37.003232693, -86.4512892734 37.0032166086, -86.4510125726 37.0032160791, -86.4488025904 37.0033062755, -86.4483144479 37.00332596, -86.4479478423 37.0033424419, -86.4465639136 37.0034045662, -86.4461677826 37.0034129799, -86.4458471849 37.0034055594, -86.4456624813 37.0033921068, -86.4454276413 37.0033635737, -86.4452249146 37.0033268837, -86.4450351303 37.0032824253, -86.4448239512 37.0032205165, -86.4445789641 37.003131618, -86.4444424578 37.0030717346, -86.444270437 37.0029856972, -86.4441533761 37.0029177317, -86.4439914486 37.0028121331, -86.4437949159 37.0026674648, -86.4434523476 37.0023951292, -86.4430998339 37.0020470476, -86.4422458145 37.001124082, -86.4417087295 37.0004782726)"
"District 03","Warren","03-80320.00","US","68","US-68","DESIGN ENGINEERING(O)","13.8","14.6","MODERNIZE US 68 BETWEEN VICTORIA STREET AND CLAY STREET. (2024CCN)","","2024","2026","R","NH","330000","2029","","","","114-US-0068-000","LINESTRING (-86.4550433319 37.004634321, -86.4548372043 37.0045107565, -86.4540350889 37.0040272808, -86.453671183 37.0038212952, -86.4534578479 37.0037129982, -86.4533402318 37.0036598782, -86.4532198919 37.003608421, -86.4530212389 37.003531895, -86.4527110446 37.0034291265, -86.452511577 37.0033751255, -86.4523108096 37.0033285482, -86.4521090891 37.0032899413, -86.4518337477 37.003251777, -86.4516281021 37.003232693, -86.4512892734 37.0032166086, -86.4510125726 37.0032160791, -86.4488025904 37.0033062755, -86.4483144479 37.00332596, -86.4479478423 37.0033424419, -86.4465639136 37.0034045662, -86.4461677826 37.0034129799, -86.4458471849 37.0034055594, -86.4456624813 37.0033921068, -86.4454276413 37.0033635737, -86.4452249146 37.0033268837, -86.4450351303 37.0032824253, -86.4448239512 37.0032205165, -86.4445789641 37.003131618, -86.4444424578 37.0030717346, -86.444270437 37.0029856972, -86.4441533761 37.0029177317, -86.4439914486 37.0028121331, -86.4437949159 37.0026674648, -86.4434523476 37.0023951292, -86.4430998339 37.0020470476, -86.4422458145 37.001124082, -86.4417087295 37.0004782726)"
"District 03","Warren","03-80322.00","I","65","I-65","RECONSTRUCTION(O)","25.3","26.1","IMPROVE SAFETY AND MOBILITY ON KY 234 AT I 65, INCLUDING THE RECONSTRUCTION OF THE INTERCHANGE. (2024CCN)","","2024","2026","D","NH","1940000","2029","","","","114-I-0065-000","LINESTRING (-86.3937606997 36.9721580112, -86.3929427391 36.9736911261, -86.3922683232 36.9749601669, -86.3917433492 36.9759345038, -86.391226279 36.9769140128, -86.39070583 36.9778603055, -86.3885288102 36.9819357324, -86.3880589043 36.9828153547)"
"District 03","Warren","03-80322.00","I","65","I-65","RECONSTRUCTION(O)","25.3","26.1","IMPROVE SAFETY AND MOBILITY ON KY 234 AT I 65, INCLUDING THE RECONSTRUCTION OF THE INTERCHANGE. (2024CCN)","","2024","2026","C","NH","3720000","2032","","","","114-I-0065-000","LINESTRING (-86.3937606997 36.9721580112, -86.3929427391 36.9736911261, -86.3922683232 36.9749601669, -86.3917433492 36.9759345038, -86.391226279 36.9769140128, -86.39070583 36.9778603055, -86.3885288102 36.9819357324, -86.3880589043 36.9828153547)"
"District 03","Warren","03-80322.00","I","65","I-65","RECONSTRUCTION(O)","25.3","26.1","IMPROVE SAFETY AND MOBILITY ON KY 234 AT I 65, INCLUDING THE RECONSTRUCTION OF THE INTERCHANGE. (2024CCN)","","2024","2026","R","NH","330000","2030","","","","114-I-0065-000","LINESTRING (-86.3937606997 36.9721580112, -86.3929427391 36.9736911261, -86.3922683232 36.9749601669, -86.3917433492 36.9759345038, -86.391226279 36.9769140128, -86.39070583 36.9778603055, -86.3885288102 36.9819357324, -86.3880589043 36.9828153547)"
"District 03","Warren","03-80322.00","I","65","I-65","RECONSTRUCTION(O)","25.3","26.1","IMPROVE SAFETY AND MOBILITY ON KY 234 AT I 65, INCLUDING THE RECONSTRUCTION OF THE INTERCHANGE. (2024CCN)","","2024","2026","U","NH","310000","2031","","","","114-I-0065-000","LINESTRING (-86.3937606997 36.9721580112, -86.3929427391 36.9736911261, -86.3922683232 36.9749601669, -86.3917433492 36.9759345038, -86.391226279 36.9769140128, -86.39070583 36.9778603055, -86.3885288102 36.9819357324, -86.3880589043 36.9828153547)"
"District 03","Warren","03-80326.00","PF","9999","PF-9999","SCOPING STUDY DD (O)","","","SCOPING STUDY FOR OUTER BELTLINE EXTENDING KY 3145 TO NORTHERN WARREN COUNTY. (2024CCN)","","2024","2026","D","STPF","15000000","2027","","","","",""
"District 03","Warren","03-80327.00","US","68","US-68","MAJOR WIDENING(O)","1.22","1.56","MAJOR WIDENING OF 68X (RUSSELLVILLE RD) INCLUDING CONSTRUCTION OF ROUNDABOUTS AT INTERSECTIONS WITH MORGANTOWN RD AND UNIVERSITY BLVD. SCOPE INCLUDES RECONSTRUCTION OF CSX OVERPASS AND PEDESTRIAN AND BICYCLE ACCOMMODATIONS NEAR WKU CAMPUS. (2024CCN)","","2024","2026","U","NH","5800000","2030","","","","114-US-0068X-000","LINESTRING (-86.4661812034 36.9814239503, -86.4660761447 36.9814641475, -86.4659873926 36.9814910608, -86.4657271809 36.9815596768, -86.4655005806 36.9815989726, -86.4653836231 36.9816120513, -86.4652255624 36.9816229108, -86.4644055609 36.981650197, -86.4641927229 36.9816608418, -86.463632703 36.9817030049, -86.4632950959 36.9817333654, -86.4624664795 36.9817909025, -86.4622851901 36.9818071183, -86.4620454903 36.9818371497, -86.4619990069 36.9818451239, -86.4617818104 36.9819016583, -86.4618444512 36.9820446437, -86.4618903115 36.9821871819, -86.4619214572 36.9822943803, -86.4619458646 36.9824128807, -86.4619594445 36.9825808847, -86.4619549828 36.9826877523, -86.4619184755 36.9829167611, -86.4618972406 36.9829838755)"
"District 03","Warren","03-80327.00","US","68","US-68","MAJOR WIDENING(O)","1.22","1.56","MAJOR WIDENING OF 68X (RUSSELLVILLE RD) INCLUDING CONSTRUCTION OF ROUNDABOUTS AT INTERSECTIONS WITH MORGANTOWN RD AND UNIVERSITY BLVD. SCOPE INCLUDES RECONSTRUCTION OF CSX OVERPASS AND PEDESTRIAN AND BICYCLE ACCOMMODATIONS NEAR WKU CAMPUS. (2024CCN)","","2024","2026","R","NH","3900000","2030","","","","114-US-0068X-000","LINESTRING (-86.4661812034 36.9814239503, -86.4660761447 36.9814641475, -86.4659873926 36.9814910608, -86.4657271809 36.9815596768, -86.4655005806 36.9815989726, -86.4653836231 36.9816120513, -86.4652255624 36.9816229108, -86.4644055609 36.981650197, -86.4641927229 36.9816608418, -86.463632703 36.9817030049, -86.4632950959 36.9817333654, -86.4624664795 36.9817909025, -86.4622851901 36.9818071183, -86.4620454903 36.9818371497, -86.4619990069 36.9818451239, -86.4617818104 36.9819016583, -86.4618444512 36.9820446437, -86.4618903115 36.9821871819, -86.4619214572 36.9822943803, -86.4619458646 36.9824128807, -86.4619594445 36.9825808847, -86.4619549828 36.9826877523, -86.4619184755 36.9829167611, -86.4618972406 36.9829838755)"
"District 03","Warren","03-80327.00","US","68","US-68","MAJOR WIDENING(O)","1.22","1.56","MAJOR WIDENING OF 68X (RUSSELLVILLE RD) INCLUDING CONSTRUCTION OF ROUNDABOUTS AT INTERSECTIONS WITH MORGANTOWN RD AND UNIVERSITY BLVD. SCOPE INCLUDES RECONSTRUCTION OF CSX OVERPASS AND PEDESTRIAN AND BICYCLE ACCOMMODATIONS NEAR WKU CAMPUS. (2024CCN)","","2024","2026","D","NH","2600000","2029","","","","114-US-0068X-000","LINESTRING (-86.4661812034 36.9814239503, -86.4660761447 36.9814641475, -86.4659873926 36.9814910608, -86.4657271809 36.9815596768, -86.4655005806 36.9815989726, -86.4653836231 36.9816120513, -86.4652255624 36.9816229108, -86.4644055609 36.981650197, -86.4641927229 36.9816608418, -86.463632703 36.9817030049, -86.4632950959 36.9817333654, -86.4624664795 36.9817909025, -86.4622851901 36.9818071183, -86.4620454903 36.9818371497, -86.4619990069 36.9818451239, -86.4617818104 36.9819016583, -86.4618444512 36.9820446437, -86.4618903115 36.9821871819, -86.4619214572 36.9822943803, -86.4619458646 36.9824128807, -86.4619594445 36.9825808847, -86.4619549828 36.9826877523, -86.4619184755 36.9829167611, -86.4618972406 36.9829838755)"
"District 03","Warren","03-80327.00","US","68","US-68","MAJOR WIDENING(O)","1.22","1.56","MAJOR WIDENING OF 68X (RUSSELLVILLE RD) INCLUDING CONSTRUCTION OF ROUNDABOUTS AT INTERSECTIONS WITH MORGANTOWN RD AND UNIVERSITY BLVD. SCOPE INCLUDES RECONSTRUCTION OF CSX OVERPASS AND PEDESTRIAN AND BICYCLE ACCOMMODATIONS NEAR WKU CAMPUS. (2024CCN)","","2024","2026","C","NH","11160000","2031","","","","114-US-0068X-000","LINESTRING (-86.4661812034 36.9814239503, -86.4660761447 36.9814641475, -86.4659873926 36.9814910608, -86.4657271809 36.9815596768, -86.4655005806 36.9815989726, -86.4653836231 36.9816120513, -86.4652255624 36.9816229108, -86.4644055609 36.981650197, -86.4641927229 36.9816608418, -86.463632703 36.9817030049, -86.4632950959 36.9817333654, -86.4624664795 36.9817909025, -86.4622851901 36.9818071183, -86.4620454903 36.9818371497, -86.4619990069 36.9818451239, -86.4617818104 36.9819016583, -86.4618444512 36.9820446437, -86.4618903115 36.9821871819, -86.4619214572 36.9822943803, -86.4619458646 36.9824128807, -86.4619594445 36.9825808847, -86.4619549828 36.9826877523, -86.4619184755 36.9829167611, -86.4618972406 36.9829838755)"
"District 03","Warren","03-80328.00","CR","1240","CR-1240","NEW INTERCHANGE(O)","0.0","2.46","CONSTRUCT NEW INTERCHANGE ON I-165 (NATCHER EXPRESSWAY) AT ELROD ROAD. INCLUDES NEW CONSTRUCTION FOR SEGMENTS OF ELROD ROAD AND MINOR WIDENING OF SMALLHOUSE ROAD. APPROXIMATELY 5 MILES OF ROADWAY IMPROVEMENTS TO PROVIDE CONNECTIONS FROM NEW INTERCHANGE TO","","2024","2026","D","SPP","1300000","2029","","","","114-CR-1240-000","LINESTRING (-86.4768504265 36.9243713897, -86.4767615018 36.9243378893, -86.4766595971 36.924306392, -86.4765314114 36.9242811015, -86.4764173237 36.9242631386, -86.4758076862 36.924188122, -86.4740791244 36.9240102181, -86.4739790589 36.9239918908, -86.4738490831 36.9239580943, -86.473738469 36.9239101697, -86.4736557855 36.9238497117, -86.4736025062 36.9237876983, -86.4735628497 36.9237195566, -86.473558448 36.9235825338, -86.4739227236 36.9214893499, -86.474186889 36.9200117312, -86.4745184459 36.9180406953, -86.4745130734 36.9179448752, -86.4744930189 36.9178518943, -86.4744521916 36.9177683803, -86.4743906348 36.9176990022, -86.4743124671 36.9176451092, -86.4742183599 36.9176053217, -86.4739873194 36.917554028, -86.4738520043 36.9175328988, -86.4702384945 36.9170648226, -86.4688649682 36.9169024939, -86.4643614535 36.9164284769, -86.4639489349 36.9163917362, -86.4638025108 36.9163887908, -86.4636969829 36.9164061928, -86.4636008401 36.9164391913, -86.4635185265 36.9164877605, -86.4634517531 36.9165518896, -86.4633869005 36.916673958, -86.4631422406 36.91802976, -86.4630017277 36.9188282066, -86.4629394615 36.9189708569, -86.4628522112 36.919112013, -86.4627631659 36.9192084127, -86.4626403052 36.9193099619, -86.4595935867 36.921335199, -86.4594824797 36.9214144273, -86.4593014736 36.9215536806, -86.4590741834 36.9217541895, -86.4577505335 36.9230036766, -86.4575656653 36.9231693171, -86.4571576221 36.923501656, -86.4566646361 36.9238592274, -86.4544994224 36.9253686665, -86.4517649938 36.927256126, -86.4503049829 36.9282874541, -86.4495729602 36.928771951, -86.449468373 36.9288189961, -86.4494168334 36.9288316655, -86.449370698 36.9288368873, -86.4492923351 36.9288346123, -86.4491665641 36.9288111991, -86.4491187993 36.928788416, -86.4490527121 36.9287819472, -86.4489877953 36.928790852, -86.448931577 36.9288153587, -86.4488874927 36.9288570963, -86.4488670222 36.9288997899, -86.4488651253 36.9289530832, -86.4488837167 36.9290024093, -86.4489107066 36.9290352051)"
"District 03","Warren","03-80328.00","CR","1240","CR-1240","NEW INTERCHANGE(O)","0.0","2.46","CONSTRUCT NEW INTERCHANGE ON I-165 (NATCHER EXPRESSWAY) AT ELROD ROAD. INCLUDES NEW CONSTRUCTION FOR SEGMENTS OF ELROD ROAD AND MINOR WIDENING OF SMALLHOUSE ROAD. APPROXIMATELY 5 MILES OF ROADWAY IMPROVEMENTS TO PROVIDE CONNECTIONS FROM NEW INTERCHANGE TO","","2024","2026","R","SPP","11900000","2030","","","","114-CR-1240-000","LINESTRING (-86.4768504265 36.9243713897, -86.4767615018 36.9243378893, -86.4766595971 36.924306392, -86.4765314114 36.9242811015, -86.4764173237 36.9242631386, -86.4758076862 36.924188122, -86.4740791244 36.9240102181, -86.4739790589 36.9239918908, -86.4738490831 36.9239580943, -86.473738469 36.9239101697, -86.4736557855 36.9238497117, -86.4736025062 36.9237876983, -86.4735628497 36.9237195566, -86.473558448 36.9235825338, -86.4739227236 36.9214893499, -86.474186889 36.9200117312, -86.4745184459 36.9180406953, -86.4745130734 36.9179448752, -86.4744930189 36.9178518943, -86.4744521916 36.9177683803, -86.4743906348 36.9176990022, -86.4743124671 36.9176451092, -86.4742183599 36.9176053217, -86.4739873194 36.917554028, -86.4738520043 36.9175328988, -86.4702384945 36.9170648226, -86.4688649682 36.9169024939, -86.4643614535 36.9164284769, -86.4639489349 36.9163917362, -86.4638025108 36.9163887908, -86.4636969829 36.9164061928, -86.4636008401 36.9164391913, -86.4635185265 36.9164877605, -86.4634517531 36.9165518896, -86.4633869005 36.916673958, -86.4631422406 36.91802976, -86.4630017277 36.9188282066, -86.4629394615 36.9189708569, -86.4628522112 36.919112013, -86.4627631659 36.9192084127, -86.4626403052 36.9193099619, -86.4595935867 36.921335199, -86.4594824797 36.9214144273, -86.4593014736 36.9215536806, -86.4590741834 36.9217541895, -86.4577505335 36.9230036766, -86.4575656653 36.9231693171, -86.4571576221 36.923501656, -86.4566646361 36.9238592274, -86.4544994224 36.9253686665, -86.4517649938 36.927256126, -86.4503049829 36.9282874541, -86.4495729602 36.928771951, -86.449468373 36.9288189961, -86.4494168334 36.9288316655, -86.449370698 36.9288368873, -86.4492923351 36.9288346123, -86.4491665641 36.9288111991, -86.4491187993 36.928788416, -86.4490527121 36.9287819472, -86.4489877953 36.928790852, -86.448931577 36.9288153587, -86.4488874927 36.9288570963, -86.4488670222 36.9288997899, -86.4488651253 36.9289530832, -86.4488837167 36.9290024093, -86.4489107066 36.9290352051)"
"District 03","Warren","03-80328.00","CR","1240","CR-1240","NEW INTERCHANGE(O)","0.0","2.46","CONSTRUCT NEW INTERCHANGE ON I-165 (NATCHER EXPRESSWAY) AT ELROD ROAD. INCLUDES NEW CONSTRUCTION FOR SEGMENTS OF ELROD ROAD AND MINOR WIDENING OF SMALLHOUSE ROAD. APPROXIMATELY 5 MILES OF ROADWAY IMPROVEMENTS TO PROVIDE CONNECTIONS FROM NEW INTERCHANGE TO","","2024","2026","C","SPP","31580000","2032","","","","114-CR-1240-000","LINESTRING (-86.4768504265 36.9243713897, -86.4767615018 36.9243378893, -86.4766595971 36.924306392, -86.4765314114 36.9242811015, -86.4764173237 36.9242631386, -86.4758076862 36.924188122, -86.4740791244 36.9240102181, -86.4739790589 36.9239918908, -86.4738490831 36.9239580943, -86.473738469 36.9239101697, -86.4736557855 36.9238497117, -86.4736025062 36.9237876983, -86.4735628497 36.9237195566, -86.473558448 36.9235825338, -86.4739227236 36.9214893499, -86.474186889 36.9200117312, -86.4745184459 36.9180406953, -86.4745130734 36.9179448752, -86.4744930189 36.9178518943, -86.4744521916 36.9177683803, -86.4743906348 36.9176990022, -86.4743124671 36.9176451092, -86.4742183599 36.9176053217, -86.4739873194 36.917554028, -86.4738520043 36.9175328988, -86.4702384945 36.9170648226, -86.4688649682 36.9169024939, -86.4643614535 36.9164284769, -86.4639489349 36.9163917362, -86.4638025108 36.9163887908, -86.4636969829 36.9164061928, -86.4636008401 36.9164391913, -86.4635185265 36.9164877605, -86.4634517531 36.9165518896, -86.4633869005 36.916673958, -86.4631422406 36.91802976, -86.4630017277 36.9188282066, -86.4629394615 36.9189708569, -86.4628522112 36.919112013, -86.4627631659 36.9192084127, -86.4626403052 36.9193099619, -86.4595935867 36.921335199, -86.4594824797 36.9214144273, -86.4593014736 36.9215536806, -86.4590741834 36.9217541895, -86.4577505335 36.9230036766, -86.4575656653 36.9231693171, -86.4571576221 36.923501656, -86.4566646361 36.9238592274, -86.4544994224 36.9253686665, -86.4517649938 36.927256126, -86.4503049829 36.9282874541, -86.4495729602 36.928771951, -86.449468373 36.9288189961, -86.4494168334 36.9288316655, -86.449370698 36.9288368873, -86.4492923351 36.9288346123, -86.4491665641 36.9288111991, -86.4491187993 36.928788416, -86.4490527121 36.9287819472, -86.4489877953 36.928790852, -86.448931577 36.9288153587, -86.4488874927 36.9288570963, -86.4488670222 36.9288997899, -86.4488651253 36.9289530832, -86.4488837167 36.9290024093, -86.4489107066 36.9290352051)"
"District 03","Warren","03-80328.00","CR","1240","CR-1240","NEW INTERCHANGE(O)","0.0","2.46","CONSTRUCT NEW INTERCHANGE ON I-165 (NATCHER EXPRESSWAY) AT ELROD ROAD. INCLUDES NEW CONSTRUCTION FOR SEGMENTS OF ELROD ROAD AND MINOR WIDENING OF SMALLHOUSE ROAD. APPROXIMATELY 5 MILES OF ROADWAY IMPROVEMENTS TO PROVIDE CONNECTIONS FROM NEW INTERCHANGE TO","","2024","2026","U","SPP","10620000","2031","","","","114-CR-1240-000","LINESTRING (-86.4768504265 36.9243713897, -86.4767615018 36.9243378893, -86.4766595971 36.924306392, -86.4765314114 36.9242811015, -86.4764173237 36.9242631386, -86.4758076862 36.924188122, -86.4740791244 36.9240102181, -86.4739790589 36.9239918908, -86.4738490831 36.9239580943, -86.473738469 36.9239101697, -86.4736557855 36.9238497117, -86.4736025062 36.9237876983, -86.4735628497 36.9237195566, -86.473558448 36.9235825338, -86.4739227236 36.9214893499, -86.474186889 36.9200117312, -86.4745184459 36.9180406953, -86.4745130734 36.9179448752, -86.4744930189 36.9178518943, -86.4744521916 36.9177683803, -86.4743906348 36.9176990022, -86.4743124671 36.9176451092, -86.4742183599 36.9176053217, -86.4739873194 36.917554028, -86.4738520043 36.9175328988, -86.4702384945 36.9170648226, -86.4688649682 36.9169024939, -86.4643614535 36.9164284769, -86.4639489349 36.9163917362, -86.4638025108 36.9163887908, -86.4636969829 36.9164061928, -86.4636008401 36.9164391913, -86.4635185265 36.9164877605, -86.4634517531 36.9165518896, -86.4633869005 36.916673958, -86.4631422406 36.91802976, -86.4630017277 36.9188282066, -86.4629394615 36.9189708569, -86.4628522112 36.919112013, -86.4627631659 36.9192084127, -86.4626403052 36.9193099619, -86.4595935867 36.921335199, -86.4594824797 36.9214144273, -86.4593014736 36.9215536806, -86.4590741834 36.9217541895, -86.4577505335 36.9230036766, -86.4575656653 36.9231693171, -86.4571576221 36.923501656, -86.4566646361 36.9238592274, -86.4544994224 36.9253686665, -86.4517649938 36.927256126, -86.4503049829 36.9282874541, -86.4495729602 36.928771951, -86.449468373 36.9288189961, -86.4494168334 36.9288316655, -86.449370698 36.9288368873, -86.4492923351 36.9288346123, -86.4491665641 36.9288111991, -86.4491187993 36.928788416, -86.4490527121 36.9287819472, -86.4489877953 36.928790852, -86.448931577 36.9288153587, -86.4488874927 36.9288570963, -86.4488670222 36.9288997899, -86.4488651253 36.9289530832, -86.4488837167 36.9290024093, -86.4489107066 36.9290352051)"
"District 03","Warren","03-80404.00","CR","1266","CR-1266","SAFETY(P)","0.0","2.47","Improve safety and mobility on Dillard Road (CR 1266) from US 31W (Nashville Road) to Neal Howell Road (CR 1241). (2026CCN)","","2026","2026","R","SPP","3766600","2030","","","","114-CR-1266-000","LINESTRING (-86.5074438983 36.9166626855, -86.5072984638 36.9164873071, -86.5071728882 36.9162799396, -86.5066626308 36.9153055045, -86.5057059488 36.9134078474, -86.5055005048 36.9130466434, -86.5054151378 36.9129249788, -86.5053151124 36.912808078, -86.5051970317 36.9126984354, -86.5050632715 36.9125941137, -86.5041275165 36.9119528375, -86.5027109267 36.9110089816, -86.5012111233 36.9099829776, -86.5004405828 36.9094738101, -86.4993537876 36.9087351459, -86.4990922845 36.9085778088, -86.4989586644 36.90852017, -86.4988228214 36.9084795729, -86.498684424 36.9084571193, -86.4985451677 36.9084514251, -86.4984040183 36.908461672, -86.4982619994 36.9084875801, -86.4981225448 36.908530499, -86.4979890762 36.9085906827, -86.4977368939 36.9087502306, -86.4970861289 36.9092051172, -86.4950166557 36.9105880867, -86.4937267447 36.9114697384, -86.4935771747 36.9115627036, -86.49338315 36.9116565022, -86.4932782259 36.9116989205, -86.4931742381 36.9117322687, -86.4929722469 36.9117816241, -86.4926004113 36.9118455223, -86.492462976 36.9113682334, -86.4923718161 36.9110738415, -86.4920361713 36.90968021, -86.4920008295 36.9095650826, -86.4919502122 36.9094615876, -86.4918871584 36.9093801439, -86.491827446 36.9093253212, -86.491755157 36.9092782675, -86.4916463104 36.9092350181, -86.4915252434 36.9092011847, -86.4914594822 36.9091917166, -86.4913568162 36.9091855054, -86.4912700042 36.9091915522, -86.4910374578 36.9092287399, -86.4895065557 36.9096062492, -86.4873185186 36.9101474811, -86.4871347874 36.910175563, -86.4869607236 36.9101780402, -86.4867928597 36.9101502663, -86.4848302901 36.909516715, -86.4843141157 36.9093700186, -86.4804779881 36.9085562368, -86.4795875164 36.908358864, -86.4781015939 36.9080545332, -86.4770031554 36.9078180704, -86.4766126794 36.9077224622, -86.4754288664 36.9073568836, -86.4742646383 36.9069639797, -86.4728408112 36.9064971517)"
"District 03","Warren","03-80404.00","CR","1266","CR-1266","SAFETY(P)","0.0","2.47","Improve safety and mobility on Dillard Road (CR 1266) from US 31W (Nashville Road) to Neal Howell Road (CR 1241). (2026CCN)","","2026","2026","C","SPP","12540000","2032","","","","114-CR-1266-000","LINESTRING (-86.5074438983 36.9166626855, -86.5072984638 36.9164873071, -86.5071728882 36.9162799396, -86.5066626308 36.9153055045, -86.5057059488 36.9134078474, -86.5055005048 36.9130466434, -86.5054151378 36.9129249788, -86.5053151124 36.912808078, -86.5051970317 36.9126984354, -86.5050632715 36.9125941137, -86.5041275165 36.9119528375, -86.5027109267 36.9110089816, -86.5012111233 36.9099829776, -86.5004405828 36.9094738101, -86.4993537876 36.9087351459, -86.4990922845 36.9085778088, -86.4989586644 36.90852017, -86.4988228214 36.9084795729, -86.498684424 36.9084571193, -86.4985451677 36.9084514251, -86.4984040183 36.908461672, -86.4982619994 36.9084875801, -86.4981225448 36.908530499, -86.4979890762 36.9085906827, -86.4977368939 36.9087502306, -86.4970861289 36.9092051172, -86.4950166557 36.9105880867, -86.4937267447 36.9114697384, -86.4935771747 36.9115627036, -86.49338315 36.9116565022, -86.4932782259 36.9116989205, -86.4931742381 36.9117322687, -86.4929722469 36.9117816241, -86.4926004113 36.9118455223, -86.492462976 36.9113682334, -86.4923718161 36.9110738415, -86.4920361713 36.90968021, -86.4920008295 36.9095650826, -86.4919502122 36.9094615876, -86.4918871584 36.9093801439, -86.491827446 36.9093253212, -86.491755157 36.9092782675, -86.4916463104 36.9092350181, -86.4915252434 36.9092011847, -86.4914594822 36.9091917166, -86.4913568162 36.9091855054, -86.4912700042 36.9091915522, -86.4910374578 36.9092287399, -86.4895065557 36.9096062492, -86.4873185186 36.9101474811, -86.4871347874 36.910175563, -86.4869607236 36.9101780402, -86.4867928597 36.9101502663, -86.4848302901 36.909516715, -86.4843141157 36.9093700186, -86.4804779881 36.9085562368, -86.4795875164 36.908358864, -86.4781015939 36.9080545332, -86.4770031554 36.9078180704, -86.4766126794 36.9077224622, -86.4754288664 36.9073568836, -86.4742646383 36.9069639797, -86.4728408112 36.9064971517)"
"District 03","Warren","03-80404.00","CR","1266","CR-1266","SAFETY(P)","0.0","2.47","Improve safety and mobility on Dillard Road (CR 1266) from US 31W (Nashville Road) to Neal Howell Road (CR 1241). (2026CCN)","","2026","2026","D","SPP","1146000","2029","","","","114-CR-1266-000","LINESTRING (-86.5074438983 36.9166626855, -86.5072984638 36.9164873071, -86.5071728882 36.9162799396, -86.5066626308 36.9153055045, -86.5057059488 36.9134078474, -86.5055005048 36.9130466434, -86.5054151378 36.9129249788, -86.5053151124 36.912808078, -86.5051970317 36.9126984354, -86.5050632715 36.9125941137, -86.5041275165 36.9119528375, -86.5027109267 36.9110089816, -86.5012111233 36.9099829776, -86.5004405828 36.9094738101, -86.4993537876 36.9087351459, -86.4990922845 36.9085778088, -86.4989586644 36.90852017, -86.4988228214 36.9084795729, -86.498684424 36.9084571193, -86.4985451677 36.9084514251, -86.4984040183 36.908461672, -86.4982619994 36.9084875801, -86.4981225448 36.908530499, -86.4979890762 36.9085906827, -86.4977368939 36.9087502306, -86.4970861289 36.9092051172, -86.4950166557 36.9105880867, -86.4937267447 36.9114697384, -86.4935771747 36.9115627036, -86.49338315 36.9116565022, -86.4932782259 36.9116989205, -86.4931742381 36.9117322687, -86.4929722469 36.9117816241, -86.4926004113 36.9118455223, -86.492462976 36.9113682334, -86.4923718161 36.9110738415, -86.4920361713 36.90968021, -86.4920008295 36.9095650826, -86.4919502122 36.9094615876, -86.4918871584 36.9093801439, -86.491827446 36.9093253212, -86.491755157 36.9092782675, -86.4916463104 36.9092350181, -86.4915252434 36.9092011847, -86.4914594822 36.9091917166, -86.4913568162 36.9091855054, -86.4912700042 36.9091915522, -86.4910374578 36.9092287399, -86.4895065557 36.9096062492, -86.4873185186 36.9101474811, -86.4871347874 36.910175563, -86.4869607236 36.9101780402, -86.4867928597 36.9101502663, -86.4848302901 36.909516715, -86.4843141157 36.9093700186, -86.4804779881 36.9085562368, -86.4795875164 36.908358864, -86.4781015939 36.9080545332, -86.4770031554 36.9078180704, -86.4766126794 36.9077224622, -86.4754288664 36.9073568836, -86.4742646383 36.9069639797, -86.4728408112 36.9064971517)"
"District 03","Warren","03-80404.00","CR","1266","CR-1266","SAFETY(P)","0.0","2.47","Improve safety and mobility on Dillard Road (CR 1266) from US 31W (Nashville Road) to Neal Howell Road (CR 1241). (2026CCN)","","2026","2026","U","SPP","5850000","2031","","","","114-CR-1266-000","LINESTRING (-86.5074438983 36.9166626855, -86.5072984638 36.9164873071, -86.5071728882 36.9162799396, -86.5066626308 36.9153055045, -86.5057059488 36.9134078474, -86.5055005048 36.9130466434, -86.5054151378 36.9129249788, -86.5053151124 36.912808078, -86.5051970317 36.9126984354, -86.5050632715 36.9125941137, -86.5041275165 36.9119528375, -86.5027109267 36.9110089816, -86.5012111233 36.9099829776, -86.5004405828 36.9094738101, -86.4993537876 36.9087351459, -86.4990922845 36.9085778088, -86.4989586644 36.90852017, -86.4988228214 36.9084795729, -86.498684424 36.9084571193, -86.4985451677 36.9084514251, -86.4984040183 36.908461672, -86.4982619994 36.9084875801, -86.4981225448 36.908530499, -86.4979890762 36.9085906827, -86.4977368939 36.9087502306, -86.4970861289 36.9092051172, -86.4950166557 36.9105880867, -86.4937267447 36.9114697384, -86.4935771747 36.9115627036, -86.49338315 36.9116565022, -86.4932782259 36.9116989205, -86.4931742381 36.9117322687, -86.4929722469 36.9117816241, -86.4926004113 36.9118455223, -86.492462976 36.9113682334, -86.4923718161 36.9110738415, -86.4920361713 36.90968021, -86.4920008295 36.9095650826, -86.4919502122 36.9094615876, -86.4918871584 36.9093801439, -86.491827446 36.9093253212, -86.491755157 36.9092782675, -86.4916463104 36.9092350181, -86.4915252434 36.9092011847, -86.4914594822 36.9091917166, -86.4913568162 36.9091855054, -86.4912700042 36.9091915522, -86.4910374578 36.9092287399, -86.4895065557 36.9096062492, -86.4873185186 36.9101474811, -86.4871347874 36.910175563, -86.4869607236 36.9101780402, -86.4867928597 36.9101502663, -86.4848302901 36.909516715, -86.4843141157 36.9093700186, -86.4804779881 36.9085562368, -86.4795875164 36.908358864, -86.4781015939 36.9080545332, -86.4770031554 36.9078180704, -86.4766126794 36.9077224622, -86.4754288664 36.9073568836, -86.4742646383 36.9069639797, -86.4728408112 36.9064971517)"
"District 03","Warren","03-80410.00","KY","242","KY-242","RECONSTRUCTION(O)","2.5","2.9","Reconstruct KY 242 to improve sight distance at the intersections of Dismon Stone Rd, Upper Gable Way, and Southaven Blvd. (2026CCN)","","2026","2026","U","SPP","500000","2030","","","","114-KY-0242-000","LINESTRING (-86.535598597 36.901070774, -86.5330949152 36.9005505244, -86.5324751063 36.900438523, -86.5322644128 36.9004023141, -86.5316969588 36.9003259348, -86.5288952795 36.8999772659, -86.5285182663 36.8999323147)"
"District 03","Warren","03-80410.00","KY","242","KY-242","RECONSTRUCTION(O)","2.5","2.9","Reconstruct KY 242 to improve sight distance at the intersections of Dismon Stone Rd, Upper Gable Way, and Southaven Blvd. (2026CCN)","","2026","2026","C","SPP","600000","2031","","","","114-KY-0242-000","LINESTRING (-86.535598597 36.901070774, -86.5330949152 36.9005505244, -86.5324751063 36.900438523, -86.5322644128 36.9004023141, -86.5316969588 36.9003259348, -86.5288952795 36.8999772659, -86.5285182663 36.8999323147)"
"District 03","Warren","03-80410.00","KY","242","KY-242","RECONSTRUCTION(O)","2.5","2.9","Reconstruct KY 242 to improve sight distance at the intersections of Dismon Stone Rd, Upper Gable Way, and Southaven Blvd. (2026CCN)","","2026","2026","D","SPP","350000","2029","","","","114-KY-0242-000","LINESTRING (-86.535598597 36.901070774, -86.5330949152 36.9005505244, -86.5324751063 36.900438523, -86.5322644128 36.9004023141, -86.5316969588 36.9003259348, -86.5288952795 36.8999772659, -86.5285182663 36.8999323147)"
"District 03","Warren","03-80410.00","KY","242","KY-242","RECONSTRUCTION(O)","2.5","2.9","Reconstruct KY 242 to improve sight distance at the intersections of Dismon Stone Rd, Upper Gable Way, and Southaven Blvd. (2026CCN)","","2026","2026","R","SPP","200000","2030","","","","114-KY-0242-000","LINESTRING (-86.535598597 36.901070774, -86.5330949152 36.9005505244, -86.5324751063 36.900438523, -86.5322644128 36.9004023141, -86.5316969588 36.9003259348, -86.5288952795 36.8999772659, -86.5285182663 36.8999323147)"
"District 03","Warren","03-80423.00","KY","240","KY-240","SAFETY(P)","0.0","4.5","Reconstruct KY 240 from US 68 to US 31W including intersection improvements at US 68 and an improved connection to Tri-County Industrial Park (MP 0.0-4.5) (2026CCN)","","2026","2026","D","SPP","4200000","2030","","","","114-KY-0240-000","LINESTRING (-86.6107092564 36.8922178478, -86.6106284251 36.891819101, -86.6105804215 36.8916587851, -86.6105135544 36.8914933894, -86.610474014 36.8914148566, -86.6103290813 36.8911808274, -86.6097052644 36.890216194, -86.607843433 36.8872878749, -86.605062517 36.8829644698, -86.6048436911 36.8826337504, -86.6047272601 36.8824676183, -86.6044776377 36.8821343792, -86.6042028217 36.8818103872, -86.6040577862 36.8816540782, -86.6038329374 36.881424199, -86.6035985886 36.8812007057, -86.6034362498 36.8810557834, -86.6030969827 36.880775658, -86.6029193745 36.8806407346, -86.6025506158 36.8803825223, -86.6020715455 36.8800743065, -86.5999874076 36.8788083218, -86.598013024 36.8775975291, -86.5962888217 36.8765568121, -86.5949699396 36.875742732, -86.5942048455 36.8752877042, -86.5939089577 36.875120394, -86.5935107415 36.8749126284, -86.5931027752 36.8747192135, -86.592163705 36.8742953719, -86.584136588 36.8707402515, -86.5836307251 36.8705310281, -86.5830285934 36.8703024434, -86.5825264941 36.8701236753, -86.5820146422 36.8699592563, -86.5815982282 36.8698312298, -86.5810684141 36.8696803929, -86.5800964897 36.8694264249, -86.5767984822 36.8685933112, -86.5760985486 36.8684200426, -86.5756259549 36.8683105214, -86.5752682479 36.8682347883, -86.5749099375 36.8681661985, -86.5745020285 36.8680946644, -86.5740784527 36.868028184, -86.5736077113 36.867962311, -86.5731347292 36.8679101842, -86.5725356188 36.8678586748, -86.5719300631 36.8678116017, -86.5710742032 36.8677566827, -86.5684490418 36.8676084981, -86.5677367401 36.8675522685, -86.567379098 36.8675127641, -86.5669038838 36.867443325, -86.5666675591 36.8674007681, -86.5664325351 36.8673521596, -86.5660812744 36.8672705851, -86.5658485093 36.8672095996, -86.5655004678 36.8671095997, -86.5652703187 36.8670376087, -86.564812653 36.8668839947, -86.5629913448 36.8662477579, -86.5613019371 36.8656679737, -86.5584664989 36.8646814252, -86.5558474381 36.8637842173, -86.5549693389 36.8634670425, -86.5544198203 36.8632544259, -86.5540960431 36.8631190674, -86.5538841385 36.8630249565, -86.5534721904 36.8628270379, -86.5531741597 36.8626698016, -86.5528822143 36.8625062057, -86.5525970382 36.8623362459, -86.5523193068 36.8621590929, -86.552046283 36.8619744916, -86.5517793345 36.8617827058, -86.5516029297 36.861651542, -86.5512633698 36.861381432, -86.5510995381 36.8612433145, -86.5507837623 36.8609595818, -86.550554438 36.8607375972, -86.5503308494 36.8605084322, -86.5501849307 36.8603509645, -86.5499005391 36.860028836, -86.549693528 36.8597833508, -86.5494967108 36.8595320282, -86.5493725196 36.8593604025, -86.5491373687 36.859007722, -86.5489732033 36.8587732017, -86.5488700783 36.8585896208, -86.5488130114 36.8584623013, -86.5486183098 36.858088193, -86.5485294677 36.8578976476, -86.5482920129 36.8573277332, -86.548223327 36.8571362246, -86.5479168067 36.8562080115)"
"District 03","Warren","03-80423.00","KY","240","KY-240","SAFETY(P)","0.0","4.5","Reconstruct KY 240 from US 68 to US 31W including intersection improvements at US 68 and an improved connection to Tri-County Industrial Park (MP 0.0-4.5) (2026CCN)","","2026","2026","U","SPP","6000000","2031","","","","114-KY-0240-000","LINESTRING (-86.6107092564 36.8922178478, -86.6106284251 36.891819101, -86.6105804215 36.8916587851, -86.6105135544 36.8914933894, -86.610474014 36.8914148566, -86.6103290813 36.8911808274, -86.6097052644 36.890216194, -86.607843433 36.8872878749, -86.605062517 36.8829644698, -86.6048436911 36.8826337504, -86.6047272601 36.8824676183, -86.6044776377 36.8821343792, -86.6042028217 36.8818103872, -86.6040577862 36.8816540782, -86.6038329374 36.881424199, -86.6035985886 36.8812007057, -86.6034362498 36.8810557834, -86.6030969827 36.880775658, -86.6029193745 36.8806407346, -86.6025506158 36.8803825223, -86.6020715455 36.8800743065, -86.5999874076 36.8788083218, -86.598013024 36.8775975291, -86.5962888217 36.8765568121, -86.5949699396 36.875742732, -86.5942048455 36.8752877042, -86.5939089577 36.875120394, -86.5935107415 36.8749126284, -86.5931027752 36.8747192135, -86.592163705 36.8742953719, -86.584136588 36.8707402515, -86.5836307251 36.8705310281, -86.5830285934 36.8703024434, -86.5825264941 36.8701236753, -86.5820146422 36.8699592563, -86.5815982282 36.8698312298, -86.5810684141 36.8696803929, -86.5800964897 36.8694264249, -86.5767984822 36.8685933112, -86.5760985486 36.8684200426, -86.5756259549 36.8683105214, -86.5752682479 36.8682347883, -86.5749099375 36.8681661985, -86.5745020285 36.8680946644, -86.5740784527 36.868028184, -86.5736077113 36.867962311, -86.5731347292 36.8679101842, -86.5725356188 36.8678586748, -86.5719300631 36.8678116017, -86.5710742032 36.8677566827, -86.5684490418 36.8676084981, -86.5677367401 36.8675522685, -86.567379098 36.8675127641, -86.5669038838 36.867443325, -86.5666675591 36.8674007681, -86.5664325351 36.8673521596, -86.5660812744 36.8672705851, -86.5658485093 36.8672095996, -86.5655004678 36.8671095997, -86.5652703187 36.8670376087, -86.564812653 36.8668839947, -86.5629913448 36.8662477579, -86.5613019371 36.8656679737, -86.5584664989 36.8646814252, -86.5558474381 36.8637842173, -86.5549693389 36.8634670425, -86.5544198203 36.8632544259, -86.5540960431 36.8631190674, -86.5538841385 36.8630249565, -86.5534721904 36.8628270379, -86.5531741597 36.8626698016, -86.5528822143 36.8625062057, -86.5525970382 36.8623362459, -86.5523193068 36.8621590929, -86.552046283 36.8619744916, -86.5517793345 36.8617827058, -86.5516029297 36.861651542, -86.5512633698 36.861381432, -86.5510995381 36.8612433145, -86.5507837623 36.8609595818, -86.550554438 36.8607375972, -86.5503308494 36.8605084322, -86.5501849307 36.8603509645, -86.5499005391 36.860028836, -86.549693528 36.8597833508, -86.5494967108 36.8595320282, -86.5493725196 36.8593604025, -86.5491373687 36.859007722, -86.5489732033 36.8587732017, -86.5488700783 36.8585896208, -86.5488130114 36.8584623013, -86.5486183098 36.858088193, -86.5485294677 36.8578976476, -86.5482920129 36.8573277332, -86.548223327 36.8571362246, -86.5479168067 36.8562080115)"
"District 03","Warren","03-80423.00","KY","240","KY-240","SAFETY(P)","0.0","4.5","Reconstruct KY 240 from US 68 to US 31W including intersection improvements at US 68 and an improved connection to Tri-County Industrial Park (MP 0.0-4.5) (2026CCN)","","2026","2026","R","SPP","8000000","2031","","","","114-KY-0240-000","LINESTRING (-86.6107092564 36.8922178478, -86.6106284251 36.891819101, -86.6105804215 36.8916587851, -86.6105135544 36.8914933894, -86.610474014 36.8914148566, -86.6103290813 36.8911808274, -86.6097052644 36.890216194, -86.607843433 36.8872878749, -86.605062517 36.8829644698, -86.6048436911 36.8826337504, -86.6047272601 36.8824676183, -86.6044776377 36.8821343792, -86.6042028217 36.8818103872, -86.6040577862 36.8816540782, -86.6038329374 36.881424199, -86.6035985886 36.8812007057, -86.6034362498 36.8810557834, -86.6030969827 36.880775658, -86.6029193745 36.8806407346, -86.6025506158 36.8803825223, -86.6020715455 36.8800743065, -86.5999874076 36.8788083218, -86.598013024 36.8775975291, -86.5962888217 36.8765568121, -86.5949699396 36.875742732, -86.5942048455 36.8752877042, -86.5939089577 36.875120394, -86.5935107415 36.8749126284, -86.5931027752 36.8747192135, -86.592163705 36.8742953719, -86.584136588 36.8707402515, -86.5836307251 36.8705310281, -86.5830285934 36.8703024434, -86.5825264941 36.8701236753, -86.5820146422 36.8699592563, -86.5815982282 36.8698312298, -86.5810684141 36.8696803929, -86.5800964897 36.8694264249, -86.5767984822 36.8685933112, -86.5760985486 36.8684200426, -86.5756259549 36.8683105214, -86.5752682479 36.8682347883, -86.5749099375 36.8681661985, -86.5745020285 36.8680946644, -86.5740784527 36.868028184, -86.5736077113 36.867962311, -86.5731347292 36.8679101842, -86.5725356188 36.8678586748, -86.5719300631 36.8678116017, -86.5710742032 36.8677566827, -86.5684490418 36.8676084981, -86.5677367401 36.8675522685, -86.567379098 36.8675127641, -86.5669038838 36.867443325, -86.5666675591 36.8674007681, -86.5664325351 36.8673521596, -86.5660812744 36.8672705851, -86.5658485093 36.8672095996, -86.5655004678 36.8671095997, -86.5652703187 36.8670376087, -86.564812653 36.8668839947, -86.5629913448 36.8662477579, -86.5613019371 36.8656679737, -86.5584664989 36.8646814252, -86.5558474381 36.8637842173, -86.5549693389 36.8634670425, -86.5544198203 36.8632544259, -86.5540960431 36.8631190674, -86.5538841385 36.8630249565, -86.5534721904 36.8628270379, -86.5531741597 36.8626698016, -86.5528822143 36.8625062057, -86.5525970382 36.8623362459, -86.5523193068 36.8621590929, -86.552046283 36.8619744916, -86.5517793345 36.8617827058, -86.5516029297 36.861651542, -86.5512633698 36.861381432, -86.5510995381 36.8612433145, -86.5507837623 36.8609595818, -86.550554438 36.8607375972, -86.5503308494 36.8605084322, -86.5501849307 36.8603509645, -86.5499005391 36.860028836, -86.549693528 36.8597833508, -86.5494967108 36.8595320282, -86.5493725196 36.8593604025, -86.5491373687 36.859007722, -86.5489732033 36.8587732017, -86.5488700783 36.8585896208, -86.5488130114 36.8584623013, -86.5486183098 36.858088193, -86.5485294677 36.8578976476, -86.5482920129 36.8573277332, -86.548223327 36.8571362246, -86.5479168067 36.8562080115)"
"District 03","Warren","03-80423.00","KY","240","KY-240","SAFETY(P)","0.0","4.5","Reconstruct KY 240 from US 68 to US 31W including intersection improvements at US 68 and an improved connection to Tri-County Industrial Park (MP 0.0-4.5) (2026CCN)","","2026","2026","C","SPP","30000000","2032","","","","114-KY-0240-000","LINESTRING (-86.6107092564 36.8922178478, -86.6106284251 36.891819101, -86.6105804215 36.8916587851, -86.6105135544 36.8914933894, -86.610474014 36.8914148566, -86.6103290813 36.8911808274, -86.6097052644 36.890216194, -86.607843433 36.8872878749, -86.605062517 36.8829644698, -86.6048436911 36.8826337504, -86.6047272601 36.8824676183, -86.6044776377 36.8821343792, -86.6042028217 36.8818103872, -86.6040577862 36.8816540782, -86.6038329374 36.881424199, -86.6035985886 36.8812007057, -86.6034362498 36.8810557834, -86.6030969827 36.880775658, -86.6029193745 36.8806407346, -86.6025506158 36.8803825223, -86.6020715455 36.8800743065, -86.5999874076 36.8788083218, -86.598013024 36.8775975291, -86.5962888217 36.8765568121, -86.5949699396 36.875742732, -86.5942048455 36.8752877042, -86.5939089577 36.875120394, -86.5935107415 36.8749126284, -86.5931027752 36.8747192135, -86.592163705 36.8742953719, -86.584136588 36.8707402515, -86.5836307251 36.8705310281, -86.5830285934 36.8703024434, -86.5825264941 36.8701236753, -86.5820146422 36.8699592563, -86.5815982282 36.8698312298, -86.5810684141 36.8696803929, -86.5800964897 36.8694264249, -86.5767984822 36.8685933112, -86.5760985486 36.8684200426, -86.5756259549 36.8683105214, -86.5752682479 36.8682347883, -86.5749099375 36.8681661985, -86.5745020285 36.8680946644, -86.5740784527 36.868028184, -86.5736077113 36.867962311, -86.5731347292 36.8679101842, -86.5725356188 36.8678586748, -86.5719300631 36.8678116017, -86.5710742032 36.8677566827, -86.5684490418 36.8676084981, -86.5677367401 36.8675522685, -86.567379098 36.8675127641, -86.5669038838 36.867443325, -86.5666675591 36.8674007681, -86.5664325351 36.8673521596, -86.5660812744 36.8672705851, -86.5658485093 36.8672095996, -86.5655004678 36.8671095997, -86.5652703187 36.8670376087, -86.564812653 36.8668839947, -86.5629913448 36.8662477579, -86.5613019371 36.8656679737, -86.5584664989 36.8646814252, -86.5558474381 36.8637842173, -86.5549693389 36.8634670425, -86.5544198203 36.8632544259, -86.5540960431 36.8631190674, -86.5538841385 36.8630249565, -86.5534721904 36.8628270379, -86.5531741597 36.8626698016, -86.5528822143 36.8625062057, -86.5525970382 36.8623362459, -86.5523193068 36.8621590929, -86.552046283 36.8619744916, -86.5517793345 36.8617827058, -86.5516029297 36.861651542, -86.5512633698 36.861381432, -86.5510995381 36.8612433145, -86.5507837623 36.8609595818, -86.550554438 36.8607375972, -86.5503308494 36.8605084322, -86.5501849307 36.8603509645, -86.5499005391 36.860028836, -86.549693528 36.8597833508, -86.5494967108 36.8595320282, -86.5493725196 36.8593604025, -86.5491373687 36.859007722, -86.5489732033 36.8587732017, -86.5488700783 36.8585896208, -86.5488130114 36.8584623013, -86.5486183098 36.858088193, -86.5485294677 36.8578976476, -86.5482920129 36.8573277332, -86.548223327 36.8571362246, -86.5479168067 36.8562080115)"
