"DISTRICT","COUNTY","SYP_NO","ROUTE_PREFIX","ROUTE_NO","ROUTE","TYPE_WORK","BMP","EMP","DESCRIPTION","BRIDGE_ID","ENACT_INITIAL_YEAR","ENACT_YEAR","ENACT_PHASE","FUND_CODE","RSY_FUND","RSY_YEAR","LATEST_LETTING_DATE","AWARDED","NUMBER_OF_LETTINGS","RT_UNIQUE","GEOMETRY_WKT"
"District 09","Bath","09-00193.00","KY","111","KY-111","RECONSTRUCTION(O)","1.0","1.5","RECONSTRUCT KY-111 IN THE VICINITY OF THE ""S-CURVE"" EAST OF OWINGSVILLE (14CCR) (2022CCN) (2024CCR)","","2006","2026","D","SPP","380000","2029","","","","006-KY-0111-000","LINESTRING Z (-83.7387669276 38.1574563665 1, -83.7380224011 38.1575497432 1.041, -83.7377551108 38.1575795274 1.055, -83.7376286947 38.1575845167 1.062, -83.7375029477 38.1575777054 1.069, -83.7373815285 38.1575525641 1.075, -83.7372711485 38.1575053617 1.082, -83.7371736845 38.1574438202 1.089, -83.7370879195 38.1573742384 1.095, -83.7369318633 38.1572290189 1.108, -83.7368514151 38.1571685918 1.114, -83.7367637651 38.157117106 1.12, -83.7366694281 38.1570811633 1.126, -83.7365717405 38.1570660397 1.131, -83.7364732164 38.1570687562 1.136, -83.7363804714 38.1570891503 1.141, -83.7362958492 38.1571305591 1.147, -83.7360673411 38.1572942212 1.163, -83.7359890597 38.1573327162 1.168, -83.7359043649 38.1573513251 1.173, -83.7358109408 38.1573456125 1.178, -83.7357244294 38.1573161199 1.183, -83.7354695976 38.15718295 1.199, -83.7353673916 38.157142202 1.206, -83.7352523146 38.1571141454 1.212, -83.735128036 38.1571046095 1.219, -83.7349974387 38.1571097997 1.226, -83.7348623241 38.157127547 1.233, -83.7347261019 38.157160384 1.241, -83.7345882173 38.1572030802 1.249, -83.7332598834 38.1576781446 1.327, -83.7326392794 38.157906251 1.363, -83.7323757358 38.1579896509 1.379, -83.7322466082 38.1580173863 1.386, -83.7321171905 38.1580302841 1.393, -83.7319838704 38.1580332262 1.4, -83.7315572595 38.1579990218 1.423, -83.7314074298 38.1579950891 1.431, -83.7312594084 38.1580013498 1.439, -83.7311129146 38.1580153282 1.447, -83.7301399356 38.1581678343 1.5)"
"District 09","Bath","09-00193.00","KY","111","KY-111","RECONSTRUCTION(O)","1.0","1.5","RECONSTRUCT KY-111 IN THE VICINITY OF THE ""S-CURVE"" EAST OF OWINGSVILLE (14CCR) (2022CCN) (2024CCR)","","2006","2026","C","SPP","7840000","2032","","","","006-KY-0111-000","LINESTRING Z (-83.7387669276 38.1574563665 1, -83.7380224011 38.1575497432 1.041, -83.7377551108 38.1575795274 1.055, -83.7376286947 38.1575845167 1.062, -83.7375029477 38.1575777054 1.069, -83.7373815285 38.1575525641 1.075, -83.7372711485 38.1575053617 1.082, -83.7371736845 38.1574438202 1.089, -83.7370879195 38.1573742384 1.095, -83.7369318633 38.1572290189 1.108, -83.7368514151 38.1571685918 1.114, -83.7367637651 38.157117106 1.12, -83.7366694281 38.1570811633 1.126, -83.7365717405 38.1570660397 1.131, -83.7364732164 38.1570687562 1.136, -83.7363804714 38.1570891503 1.141, -83.7362958492 38.1571305591 1.147, -83.7360673411 38.1572942212 1.163, -83.7359890597 38.1573327162 1.168, -83.7359043649 38.1573513251 1.173, -83.7358109408 38.1573456125 1.178, -83.7357244294 38.1573161199 1.183, -83.7354695976 38.15718295 1.199, -83.7353673916 38.157142202 1.206, -83.7352523146 38.1571141454 1.212, -83.735128036 38.1571046095 1.219, -83.7349974387 38.1571097997 1.226, -83.7348623241 38.157127547 1.233, -83.7347261019 38.157160384 1.241, -83.7345882173 38.1572030802 1.249, -83.7332598834 38.1576781446 1.327, -83.7326392794 38.157906251 1.363, -83.7323757358 38.1579896509 1.379, -83.7322466082 38.1580173863 1.386, -83.7321171905 38.1580302841 1.393, -83.7319838704 38.1580332262 1.4, -83.7315572595 38.1579990218 1.423, -83.7314074298 38.1579950891 1.431, -83.7312594084 38.1580013498 1.439, -83.7311129146 38.1580153282 1.447, -83.7301399356 38.1581678343 1.5)"
"District 09","Bath","09-00193.00","KY","111","KY-111","RECONSTRUCTION(O)","1.0","1.5","RECONSTRUCT KY-111 IN THE VICINITY OF THE ""S-CURVE"" EAST OF OWINGSVILLE (14CCR) (2022CCN) (2024CCR)","","2006","2026","U","SPP","1960000","2031","","","","006-KY-0111-000","LINESTRING Z (-83.7387669276 38.1574563665 1, -83.7380224011 38.1575497432 1.041, -83.7377551108 38.1575795274 1.055, -83.7376286947 38.1575845167 1.062, -83.7375029477 38.1575777054 1.069, -83.7373815285 38.1575525641 1.075, -83.7372711485 38.1575053617 1.082, -83.7371736845 38.1574438202 1.089, -83.7370879195 38.1573742384 1.095, -83.7369318633 38.1572290189 1.108, -83.7368514151 38.1571685918 1.114, -83.7367637651 38.157117106 1.12, -83.7366694281 38.1570811633 1.126, -83.7365717405 38.1570660397 1.131, -83.7364732164 38.1570687562 1.136, -83.7363804714 38.1570891503 1.141, -83.7362958492 38.1571305591 1.147, -83.7360673411 38.1572942212 1.163, -83.7359890597 38.1573327162 1.168, -83.7359043649 38.1573513251 1.173, -83.7358109408 38.1573456125 1.178, -83.7357244294 38.1573161199 1.183, -83.7354695976 38.15718295 1.199, -83.7353673916 38.157142202 1.206, -83.7352523146 38.1571141454 1.212, -83.735128036 38.1571046095 1.219, -83.7349974387 38.1571097997 1.226, -83.7348623241 38.157127547 1.233, -83.7347261019 38.157160384 1.241, -83.7345882173 38.1572030802 1.249, -83.7332598834 38.1576781446 1.327, -83.7326392794 38.157906251 1.363, -83.7323757358 38.1579896509 1.379, -83.7322466082 38.1580173863 1.386, -83.7321171905 38.1580302841 1.393, -83.7319838704 38.1580332262 1.4, -83.7315572595 38.1579990218 1.423, -83.7314074298 38.1579950891 1.431, -83.7312594084 38.1580013498 1.439, -83.7311129146 38.1580153282 1.447, -83.7301399356 38.1581678343 1.5)"
"District 09","Bath","09-00193.00","KY","111","KY-111","RECONSTRUCTION(O)","1.0","1.5","RECONSTRUCT KY-111 IN THE VICINITY OF THE ""S-CURVE"" EAST OF OWINGSVILLE (14CCR) (2022CCN) (2024CCR)","","2006","2026","R","SPP","2300000","2030","","","","006-KY-0111-000","LINESTRING Z (-83.7387669276 38.1574563665 1, -83.7380224011 38.1575497432 1.041, -83.7377551108 38.1575795274 1.055, -83.7376286947 38.1575845167 1.062, -83.7375029477 38.1575777054 1.069, -83.7373815285 38.1575525641 1.075, -83.7372711485 38.1575053617 1.082, -83.7371736845 38.1574438202 1.089, -83.7370879195 38.1573742384 1.095, -83.7369318633 38.1572290189 1.108, -83.7368514151 38.1571685918 1.114, -83.7367637651 38.157117106 1.12, -83.7366694281 38.1570811633 1.126, -83.7365717405 38.1570660397 1.131, -83.7364732164 38.1570687562 1.136, -83.7363804714 38.1570891503 1.141, -83.7362958492 38.1571305591 1.147, -83.7360673411 38.1572942212 1.163, -83.7359890597 38.1573327162 1.168, -83.7359043649 38.1573513251 1.173, -83.7358109408 38.1573456125 1.178, -83.7357244294 38.1573161199 1.183, -83.7354695976 38.15718295 1.199, -83.7353673916 38.157142202 1.206, -83.7352523146 38.1571141454 1.212, -83.735128036 38.1571046095 1.219, -83.7349974387 38.1571097997 1.226, -83.7348623241 38.157127547 1.233, -83.7347261019 38.157160384 1.241, -83.7345882173 38.1572030802 1.249, -83.7332598834 38.1576781446 1.327, -83.7326392794 38.157906251 1.363, -83.7323757358 38.1579896509 1.379, -83.7322466082 38.1580173863 1.386, -83.7321171905 38.1580302841 1.393, -83.7319838704 38.1580332262 1.4, -83.7315572595 38.1579990218 1.423, -83.7314074298 38.1579950891 1.431, -83.7312594084 38.1580013498 1.439, -83.7311129146 38.1580153282 1.447, -83.7301399356 38.1581678343 1.5)"
"District 09","Bath","09-04327.00","US","60","US-60","SAF-GUARDRAIL(P)","15.1","15.31","INSTALL GUARDRAIL ON US-60 IN BATH COUNTY","","2020","2026","C","GR","46000","2026","","","","006-US-0060-000","LINESTRING Z (-83.6332851766 38.130187123 15.1, -83.6332251753 38.1300103637 15.112, -83.6331232659 38.1297445589 15.131, -83.6330622595 38.1296165579 15.14, -83.6329552044 38.1294330682 15.153, -83.6329159178 38.1293722058 15.158, -83.6328288276 38.1292563733 15.167, -83.6327311936 38.1291444718 15.177, -83.6326247364 38.1290370822 15.187, -83.6325094478 38.1289344783 15.197, -83.632390139 38.1288386695 15.206, -83.6322667548 38.1287515771 15.216, -83.6321410326 38.1286732331 15.225, -83.6320140553 38.1286022837 15.233, -83.6318854591 38.1285392709 15.242, -83.6317566425 38.1284839456 15.25, -83.6316317833 38.1284361076 15.258, -83.63138856 38.1283564801 15.273, -83.6312671062 38.1283232612 15.28, -83.631025654 38.1282667386 15.294, -83.630751213 38.1282113301 15.31)"
"District 09","Bath","09-08404.00","KY","965","KY-965","RECONSTRUCTION(O)","7.147","7.247","RECONSTRUCT CURVE AT .8 MILE SOUTH OF KY-36 (08CCN)(12CCR) MILEPOINT 7.147 TO 7.247) (2022CCN)","","2008","2026","U","SPP","350000","2030","","","","006-KY-0965-000","LINESTRING Z (-83.7468335329 38.1010979431 7.147, -83.7467530683 38.1012319987 7.158, -83.746662796 38.1013559991 7.168, -83.7465609264 38.1014718357 7.177, -83.7464661086 38.1015584013 7.185, -83.7463625697 38.1016332828 7.192, -83.7462408102 38.1017007117 7.2, -83.7461135384 38.10175349 7.208, -83.7459725179 38.10180054 7.219, -83.7454387356 38.1019425267 7.247)"
"District 09","Bath","09-08404.00","KY","965","KY-965","RECONSTRUCTION(O)","7.147","7.247","RECONSTRUCT CURVE AT .8 MILE SOUTH OF KY-36 (08CCN)(12CCR) MILEPOINT 7.147 TO 7.247) (2022CCN)","","2008","2026","R","SPP","580000","2030","","","","006-KY-0965-000","LINESTRING Z (-83.7468335329 38.1010979431 7.147, -83.7467530683 38.1012319987 7.158, -83.746662796 38.1013559991 7.168, -83.7465609264 38.1014718357 7.177, -83.7464661086 38.1015584013 7.185, -83.7463625697 38.1016332828 7.192, -83.7462408102 38.1017007117 7.2, -83.7461135384 38.10175349 7.208, -83.7459725179 38.10180054 7.219, -83.7454387356 38.1019425267 7.247)"
"District 09","Bath","09-08404.00","KY","965","KY-965","RECONSTRUCTION(O)","7.147","7.247","RECONSTRUCT CURVE AT .8 MILE SOUTH OF KY-36 (08CCN)(12CCR) MILEPOINT 7.147 TO 7.247) (2022CCN)","","2008","2026","C","SPP","3100000","2031","","","","006-KY-0965-000","LINESTRING Z (-83.7468335329 38.1010979431 7.147, -83.7467530683 38.1012319987 7.158, -83.746662796 38.1013559991 7.168, -83.7465609264 38.1014718357 7.177, -83.7464661086 38.1015584013 7.185, -83.7463625697 38.1016332828 7.192, -83.7462408102 38.1017007117 7.2, -83.7461135384 38.10175349 7.208, -83.7459725179 38.10180054 7.219, -83.7454387356 38.1019425267 7.247)"
"District 09","Bath","09-08404.00","KY","965","KY-965","RECONSTRUCTION(O)","7.147","7.247","RECONSTRUCT CURVE AT .8 MILE SOUTH OF KY-36 (08CCN)(12CCR) MILEPOINT 7.147 TO 7.247) (2022CCN)","","2008","2026","D","SPP","270000","2029","","","","006-KY-0965-000","LINESTRING Z (-83.7468335329 38.1010979431 7.147, -83.7467530683 38.1012319987 7.158, -83.746662796 38.1013559991 7.168, -83.7465609264 38.1014718357 7.177, -83.7464661086 38.1015584013 7.185, -83.7463625697 38.1016332828 7.192, -83.7462408102 38.1017007117 7.2, -83.7461135384 38.10175349 7.208, -83.7459725179 38.10180054 7.219, -83.7454387356 38.1019425267 7.247)"
"District 09","Bath","09-08814.00","KY","36","KY-36","REALIGNMENT","1.0","6.97","CORRECT HORIZONTAL AND WIDTH DEFICIENCIES ON KY 36 FROM ""OLD KY 11"" MP 1.004 TO KY 1325 (MP 6.97) TO IMPROVE SAFETY AND OPERATIONAL EFFICIENCY OF ROADWAY (14CCN) (2022CCN) (2024CCR)","","2014","2026","C","SPP","81200000","2032","","","","006-KY-0036-000","LINESTRING Z (-83.9205861151 38.2059267482 1, -83.9205285123 38.2058904681 1.004, -83.9204166457 38.205839572 1.011, -83.920262677 38.20581604 1.02, -83.9197352449 38.2057768406 1.049, -83.9179212092 38.2056556378 1.148, -83.9148146895 38.2054654641 1.318, -83.914578173 38.2054579474 1.331, -83.914338388 38.2054558734 1.344, -83.9133932719 38.2054576785 1.396, -83.9126909605 38.2054659956 1.434, -83.9111828731 38.2054719445 1.516, -83.9098014572 38.2054652874 1.592, -83.9083894667 38.2054284743 1.669, -83.9069988311 38.2053730242 1.745, -83.9057930296 38.2053176947 1.811, -83.9049961661 38.205279171 1.854, -83.904788897 38.2052575338 1.866, -83.9045866064 38.2052178466 1.877, -83.9043920831 38.2051598768 1.888, -83.9015683414 38.2041761266 2.056, -83.9003494759 38.203727209 2.129, -83.8999408158 38.2035889748 2.152, -83.8997283873 38.2035235756 2.165, -83.8992935604 38.2034016837 2.19, -83.8990710933 38.2033479377 2.203, -83.8983641203 38.2031962384 2.242, -83.8978865236 38.2030865813 2.269, -83.89765133 38.2030268648 2.283, -83.8963227997 38.2026495236 2.36, -83.8961136215 38.2025935082 2.372, -83.8959076741 38.2025474306 2.383, -83.8956967744 38.2025183048 2.395, -83.8954887529 38.2025131193 2.406, -83.8952802125 38.2025285258 2.418, -83.8948409002 38.2025713497 2.442, -83.8946112051 38.2025836773 2.454, -83.8943769145 38.2025849447 2.467, -83.891990057 38.202518624 2.597, -83.8914865899 38.2024967036 2.625, -83.8912361604 38.2024754636 2.639, -83.8907431275 38.2024125034 2.666, -83.8904983626 38.2023875047 2.679, -83.8902533541 38.2023721159 2.693, -83.8897581698 38.2023530653 2.72, -83.888754316 38.2023251831 2.774, -83.887520397 38.2022966901 2.842, -83.8865667456 38.2022657349 2.893, -83.8863411675 38.2022528402 2.906, -83.886281495 38.2022450332 2.909, -83.8861240031 38.2022238735 2.918, -83.8859177148 38.202177773 2.929, -83.8857216209 38.202113979 2.941, -83.8855361313 38.2020300268 2.952, -83.8853607746 38.2019308522 2.964, -83.8850093323 38.2017201306 2.988, -83.8848221117 38.2016221415 3, -83.8846259924 38.2015319771 3.013, -83.8840174071 38.2012768187 3.05, -83.8838227859 38.201182557 3.063, -83.8836342126 38.2010831712 3.075, -83.8832731676 38.2008808069 3.099, -83.8830990352 38.2007747814 3.111, -83.8829323414 38.2006636546 3.123, -83.8824527977 38.2003165887 3.158, -83.8819836835 38.1999565007 3.194, -83.8818219695 38.1998413297 3.205, -83.8816497752 38.1997413757 3.217, -83.8811004319 38.1994981249 3.251, -83.8809210091 38.1994087674 3.263, -83.8807445098 38.1993139627 3.274, -83.8805723252 38.1992137325 3.286, -83.880405186 38.1991067139 3.298, -83.8799338617 38.1987658094 3.332, -83.8796349575 38.1985570016 3.354, -83.8794887379 38.1984623978 3.364, -83.8791934949 38.1982877057 3.384, -83.8790364411 38.1982085876 3.394, -83.8788711831 38.1981373041 3.405, -83.8786983054 38.1980782606 3.415, -83.8785170131 38.1980352892 3.425, -83.878327677 38.1980075718 3.436, -83.8781310053 38.1979945711 3.446, -83.8779305478 38.1979935943 3.457, -83.8771079351 38.1980267117 3.502, -83.8768989936 38.1980308184 3.513, -83.8766902212 38.1980283347 3.525, -83.8764851148 38.1980184928 3.536, -83.8760622976 38.1979881708 3.559, -83.8758511167 38.1979845495 3.57, -83.8747776578 38.1980271331 3.629, -83.8745639502 38.1980407736 3.64, -83.8743528074 38.1980629686 3.652, -83.8741434806 38.1980959048 3.664, -83.8739315075 38.1981370388 3.675, -83.8724615846 38.1985215949 3.76, -83.87137762 38.1987845426 3.821, -83.8702655923 38.1990420916 3.884, -83.8700452904 38.1990957204 3.897, -83.8695686416 38.1992241034 3.924, -83.8691965546 38.1993332736 3.946, -83.8689859776 38.1993876047 3.958, -83.8687725365 38.199431453 3.97, -83.8685579763 38.1994645702 3.981, -83.8674988479 38.199599057 4.04, -83.8672919835 38.199630647 4.051, -83.8670905107 38.1996691893 4.062, -83.8668916237 38.1997154631 4.074, -83.8666942454 38.1997708241 4.085, -83.8664990829 38.1998347361 4.096, -83.866310585 38.1999102896 4.108, -83.8661280547 38.1999974735 4.12, -83.8657722347 38.2001914907 4.143, -83.8654133406 38.2003967196 4.167, -83.8648842861 38.2007088285 4.203, -83.8643434491 38.2010050914 4.239, -83.8639944376 38.2012047053 4.262, -83.8638308501 38.2013130639 4.274, -83.863675764 38.2014292478 4.285, -83.8632324473 38.2017907853 4.32, -83.8630766426 38.2019077816 4.332, -83.8629160852 38.2020200326 4.343, -83.862413595 38.2023405198 4.378, -83.8617522577 38.2027741063 4.425, -83.86158431 38.2028757997 4.437, -83.8614134137 38.2029703049 4.448, -83.8612357539 38.2030570105 4.459, -83.8610522541 38.2031271421 4.47, -83.8608641406 38.2031735777 4.481, -83.860671153 38.2032064756 4.492, -83.8604787667 38.2032294963 4.502, -83.8602843772 38.2032491874 4.513, -83.8596862581 38.2032940131 4.546, -83.8586752967 38.2033528326 4.601, -83.8584732157 38.203373772 4.612, -83.8576634657 38.2034995253 4.656, -83.8572456987 38.203542555 4.679, -83.8570407257 38.203554106 4.69, -83.8568228278 38.2035539139 4.702, -83.8566123689 38.2035351626 4.714, -83.8564459263 38.2035102487 4.723, -83.8551486632 38.2032779699 4.795, -83.8547226042 38.2032238987 4.818, -83.8545023703 38.203219819 4.83, -83.8542987019 38.203207765 4.841, -83.8532998239 38.2032161928 4.895, -83.852962112 38.203205282 4.914, -83.852822104 38.2031947956 4.921, -83.8525891425 38.2031578221 4.934, -83.8524341341 38.2031215497 4.943, -83.8522434993 38.203063007 4.954, -83.8521645514 38.203046907 4.959, -83.8519290369 38.2029604504 4.973, -83.8516299117 38.2028435826 4.991, -83.8515510749 38.2028096311 4.996, -83.8514673104 38.2027643377 5.001, -83.8513441902 38.2026794102 5.01, -83.8512905035 38.2026285575 5.014, -83.8512377754 38.2025675577 5.02, -83.8511929429 38.2024973453 5.025, -83.8511563608 38.2024176515 5.031, -83.851132517 38.2023299232 5.037, -83.8511301174 38.2022340232 5.044, -83.8511424151 38.2021350641 5.05, -83.8512120592 38.2018370641 5.071, -83.8512474056 38.2016272317 5.086, -83.8512750101 38.2014071126 5.101, -83.8512814914 38.2012907556 5.109, -83.8512711093 38.201180445 5.117, -83.8512499627 38.201069137 5.125, -83.8512040704 38.200959081 5.132, -83.8511336588 38.2008549479 5.141, -83.8510419751 38.2007523956 5.149, -83.8509363814 38.2006493457 5.158, -83.8508206769 38.2005469573 5.168, -83.8504234211 38.2002271735 5.199, -83.8502940477 38.2001149511 5.209, -83.8501676217 38.199996459 5.22, -83.8500487158 38.1998698463 5.231, -83.8498103643 38.1995971109 5.253, -83.8494784352 38.1991470805 5.289, -83.8493639611 38.1989971919 5.301, -83.8492414707 38.1988477233 5.314, -83.8491115476 38.198703079 5.326, -83.8489684745 38.1985554769 5.339, -83.8488164559 38.1984173438 5.351, -83.8486563581 38.1982821019 5.364, -83.8481524219 38.1978754468 5.403, -83.8479879386 38.197734915 5.416, -83.8478253861 38.1975869972 5.43, -83.8476974278 38.1974607862 5.441, -83.8475268319 38.1972740104 5.457, -83.8469802116 38.1966474729 5.509, -83.8468364716 38.1964990327 5.522, -83.8466824245 38.1963589418 5.535, -83.8465155463 38.1962304554 5.547, -83.8463351153 38.1961146596 5.56, -83.8459581954 38.1958984645 5.585, -83.8457724832 38.1957850548 5.598, -83.8455932043 38.1956651564 5.611, -83.8454207074 38.1955387749 5.624, -83.84525497 38.1954067337 5.636, -83.845093919 38.19526845 5.649, -83.8449385987 38.1951239419 5.662, -83.8446340734 38.1948273304 5.689, -83.8440134779 38.1942366677 5.741, -83.8435587504 38.1937865613 5.781, -83.8429376195 38.1931903904 5.834, -83.8426264222 38.1929101461 5.86, -83.842292918 38.1926446492 5.886, -83.8419466358 38.1923888334 5.912, -83.8415875118 38.1921451695 5.938, -83.841400453 38.1920306322 5.951, -83.8410138982 38.1918115185 5.977, -83.8404227941 38.1914948868 6.016, -83.840224463 38.1913991178 6.029, -83.8400202526 38.1913153399 6.041, -83.8398065856 38.1912473386 6.054, -83.8395855757 38.1911940523 6.067, -83.8391324726 38.1911122931 6.092, -83.8365729182 38.1907022826 6.235, -83.8358823863 38.1905834323 6.274, -83.8349688316 38.1904354212 6.325, -83.8336642249 38.1902156919 6.398, -83.8333469368 38.1901712705 6.416, -83.8332633193 38.1901613997 6.421, -83.8330610462 38.1901507037 6.432, -83.8328599336 38.190162276 6.443, -83.8326633243 38.1902013873 6.454, -83.8324737812 38.1902631365 6.465, -83.8322887657 38.190338143 6.477, -83.8321059997 38.1904203272 6.488, -83.8305685283 38.1911235401 6.585, -83.8300012504 38.191376643 6.621, -83.8298243605 38.1914468338 6.632, -83.8296471955 38.1915008143 6.642, -83.8294702415 38.1915333728 6.652, -83.8292929391 38.1915392824 6.662, -83.8291155847 38.1915204693 6.672, -83.8289401305 38.1914821857 6.682, -83.8287677883 38.1914313174 6.692, -83.828253662 38.1912477186 6.723, -83.8279077622 38.1911127237 6.744, -83.8272222583 38.1908282758 6.786, -83.8268801768 38.1906804299 6.808, -83.8267156349 38.1905975481 6.818, -83.8265553898 38.1905100668 6.829, -83.8261174762 38.1902472183 6.859, -83.8259734297 38.190179227 6.868, -83.8258236833 38.1901295455 6.877, -83.8256675144 38.1900992615 6.886, -83.8255147494 38.1900852391 6.894, -83.825371075 38.1900829002 6.902, -83.8252300194 38.1900869209 6.91, -83.8249424383 38.1901044876 6.926, -83.8241415465 38.1901741214 6.97)"
"District 09","Bath","09-08814.00","KY","36","KY-36","REALIGNMENT","1.0","6.97","CORRECT HORIZONTAL AND WIDTH DEFICIENCIES ON KY 36 FROM ""OLD KY 11"" MP 1.004 TO KY 1325 (MP 6.97) TO IMPROVE SAFETY AND OPERATIONAL EFFICIENCY OF ROADWAY (14CCN) (2022CCN) (2024CCR)","","2014","2026","R","SPP","5750000","2031","","","","006-KY-0036-000","LINESTRING Z (-83.9205861151 38.2059267482 1, -83.9205285123 38.2058904681 1.004, -83.9204166457 38.205839572 1.011, -83.920262677 38.20581604 1.02, -83.9197352449 38.2057768406 1.049, -83.9179212092 38.2056556378 1.148, -83.9148146895 38.2054654641 1.318, -83.914578173 38.2054579474 1.331, -83.914338388 38.2054558734 1.344, -83.9133932719 38.2054576785 1.396, -83.9126909605 38.2054659956 1.434, -83.9111828731 38.2054719445 1.516, -83.9098014572 38.2054652874 1.592, -83.9083894667 38.2054284743 1.669, -83.9069988311 38.2053730242 1.745, -83.9057930296 38.2053176947 1.811, -83.9049961661 38.205279171 1.854, -83.904788897 38.2052575338 1.866, -83.9045866064 38.2052178466 1.877, -83.9043920831 38.2051598768 1.888, -83.9015683414 38.2041761266 2.056, -83.9003494759 38.203727209 2.129, -83.8999408158 38.2035889748 2.152, -83.8997283873 38.2035235756 2.165, -83.8992935604 38.2034016837 2.19, -83.8990710933 38.2033479377 2.203, -83.8983641203 38.2031962384 2.242, -83.8978865236 38.2030865813 2.269, -83.89765133 38.2030268648 2.283, -83.8963227997 38.2026495236 2.36, -83.8961136215 38.2025935082 2.372, -83.8959076741 38.2025474306 2.383, -83.8956967744 38.2025183048 2.395, -83.8954887529 38.2025131193 2.406, -83.8952802125 38.2025285258 2.418, -83.8948409002 38.2025713497 2.442, -83.8946112051 38.2025836773 2.454, -83.8943769145 38.2025849447 2.467, -83.891990057 38.202518624 2.597, -83.8914865899 38.2024967036 2.625, -83.8912361604 38.2024754636 2.639, -83.8907431275 38.2024125034 2.666, -83.8904983626 38.2023875047 2.679, -83.8902533541 38.2023721159 2.693, -83.8897581698 38.2023530653 2.72, -83.888754316 38.2023251831 2.774, -83.887520397 38.2022966901 2.842, -83.8865667456 38.2022657349 2.893, -83.8863411675 38.2022528402 2.906, -83.886281495 38.2022450332 2.909, -83.8861240031 38.2022238735 2.918, -83.8859177148 38.202177773 2.929, -83.8857216209 38.202113979 2.941, -83.8855361313 38.2020300268 2.952, -83.8853607746 38.2019308522 2.964, -83.8850093323 38.2017201306 2.988, -83.8848221117 38.2016221415 3, -83.8846259924 38.2015319771 3.013, -83.8840174071 38.2012768187 3.05, -83.8838227859 38.201182557 3.063, -83.8836342126 38.2010831712 3.075, -83.8832731676 38.2008808069 3.099, -83.8830990352 38.2007747814 3.111, -83.8829323414 38.2006636546 3.123, -83.8824527977 38.2003165887 3.158, -83.8819836835 38.1999565007 3.194, -83.8818219695 38.1998413297 3.205, -83.8816497752 38.1997413757 3.217, -83.8811004319 38.1994981249 3.251, -83.8809210091 38.1994087674 3.263, -83.8807445098 38.1993139627 3.274, -83.8805723252 38.1992137325 3.286, -83.880405186 38.1991067139 3.298, -83.8799338617 38.1987658094 3.332, -83.8796349575 38.1985570016 3.354, -83.8794887379 38.1984623978 3.364, -83.8791934949 38.1982877057 3.384, -83.8790364411 38.1982085876 3.394, -83.8788711831 38.1981373041 3.405, -83.8786983054 38.1980782606 3.415, -83.8785170131 38.1980352892 3.425, -83.878327677 38.1980075718 3.436, -83.8781310053 38.1979945711 3.446, -83.8779305478 38.1979935943 3.457, -83.8771079351 38.1980267117 3.502, -83.8768989936 38.1980308184 3.513, -83.8766902212 38.1980283347 3.525, -83.8764851148 38.1980184928 3.536, -83.8760622976 38.1979881708 3.559, -83.8758511167 38.1979845495 3.57, -83.8747776578 38.1980271331 3.629, -83.8745639502 38.1980407736 3.64, -83.8743528074 38.1980629686 3.652, -83.8741434806 38.1980959048 3.664, -83.8739315075 38.1981370388 3.675, -83.8724615846 38.1985215949 3.76, -83.87137762 38.1987845426 3.821, -83.8702655923 38.1990420916 3.884, -83.8700452904 38.1990957204 3.897, -83.8695686416 38.1992241034 3.924, -83.8691965546 38.1993332736 3.946, -83.8689859776 38.1993876047 3.958, -83.8687725365 38.199431453 3.97, -83.8685579763 38.1994645702 3.981, -83.8674988479 38.199599057 4.04, -83.8672919835 38.199630647 4.051, -83.8670905107 38.1996691893 4.062, -83.8668916237 38.1997154631 4.074, -83.8666942454 38.1997708241 4.085, -83.8664990829 38.1998347361 4.096, -83.866310585 38.1999102896 4.108, -83.8661280547 38.1999974735 4.12, -83.8657722347 38.2001914907 4.143, -83.8654133406 38.2003967196 4.167, -83.8648842861 38.2007088285 4.203, -83.8643434491 38.2010050914 4.239, -83.8639944376 38.2012047053 4.262, -83.8638308501 38.2013130639 4.274, -83.863675764 38.2014292478 4.285, -83.8632324473 38.2017907853 4.32, -83.8630766426 38.2019077816 4.332, -83.8629160852 38.2020200326 4.343, -83.862413595 38.2023405198 4.378, -83.8617522577 38.2027741063 4.425, -83.86158431 38.2028757997 4.437, -83.8614134137 38.2029703049 4.448, -83.8612357539 38.2030570105 4.459, -83.8610522541 38.2031271421 4.47, -83.8608641406 38.2031735777 4.481, -83.860671153 38.2032064756 4.492, -83.8604787667 38.2032294963 4.502, -83.8602843772 38.2032491874 4.513, -83.8596862581 38.2032940131 4.546, -83.8586752967 38.2033528326 4.601, -83.8584732157 38.203373772 4.612, -83.8576634657 38.2034995253 4.656, -83.8572456987 38.203542555 4.679, -83.8570407257 38.203554106 4.69, -83.8568228278 38.2035539139 4.702, -83.8566123689 38.2035351626 4.714, -83.8564459263 38.2035102487 4.723, -83.8551486632 38.2032779699 4.795, -83.8547226042 38.2032238987 4.818, -83.8545023703 38.203219819 4.83, -83.8542987019 38.203207765 4.841, -83.8532998239 38.2032161928 4.895, -83.852962112 38.203205282 4.914, -83.852822104 38.2031947956 4.921, -83.8525891425 38.2031578221 4.934, -83.8524341341 38.2031215497 4.943, -83.8522434993 38.203063007 4.954, -83.8521645514 38.203046907 4.959, -83.8519290369 38.2029604504 4.973, -83.8516299117 38.2028435826 4.991, -83.8515510749 38.2028096311 4.996, -83.8514673104 38.2027643377 5.001, -83.8513441902 38.2026794102 5.01, -83.8512905035 38.2026285575 5.014, -83.8512377754 38.2025675577 5.02, -83.8511929429 38.2024973453 5.025, -83.8511563608 38.2024176515 5.031, -83.851132517 38.2023299232 5.037, -83.8511301174 38.2022340232 5.044, -83.8511424151 38.2021350641 5.05, -83.8512120592 38.2018370641 5.071, -83.8512474056 38.2016272317 5.086, -83.8512750101 38.2014071126 5.101, -83.8512814914 38.2012907556 5.109, -83.8512711093 38.201180445 5.117, -83.8512499627 38.201069137 5.125, -83.8512040704 38.200959081 5.132, -83.8511336588 38.2008549479 5.141, -83.8510419751 38.2007523956 5.149, -83.8509363814 38.2006493457 5.158, -83.8508206769 38.2005469573 5.168, -83.8504234211 38.2002271735 5.199, -83.8502940477 38.2001149511 5.209, -83.8501676217 38.199996459 5.22, -83.8500487158 38.1998698463 5.231, -83.8498103643 38.1995971109 5.253, -83.8494784352 38.1991470805 5.289, -83.8493639611 38.1989971919 5.301, -83.8492414707 38.1988477233 5.314, -83.8491115476 38.198703079 5.326, -83.8489684745 38.1985554769 5.339, -83.8488164559 38.1984173438 5.351, -83.8486563581 38.1982821019 5.364, -83.8481524219 38.1978754468 5.403, -83.8479879386 38.197734915 5.416, -83.8478253861 38.1975869972 5.43, -83.8476974278 38.1974607862 5.441, -83.8475268319 38.1972740104 5.457, -83.8469802116 38.1966474729 5.509, -83.8468364716 38.1964990327 5.522, -83.8466824245 38.1963589418 5.535, -83.8465155463 38.1962304554 5.547, -83.8463351153 38.1961146596 5.56, -83.8459581954 38.1958984645 5.585, -83.8457724832 38.1957850548 5.598, -83.8455932043 38.1956651564 5.611, -83.8454207074 38.1955387749 5.624, -83.84525497 38.1954067337 5.636, -83.845093919 38.19526845 5.649, -83.8449385987 38.1951239419 5.662, -83.8446340734 38.1948273304 5.689, -83.8440134779 38.1942366677 5.741, -83.8435587504 38.1937865613 5.781, -83.8429376195 38.1931903904 5.834, -83.8426264222 38.1929101461 5.86, -83.842292918 38.1926446492 5.886, -83.8419466358 38.1923888334 5.912, -83.8415875118 38.1921451695 5.938, -83.841400453 38.1920306322 5.951, -83.8410138982 38.1918115185 5.977, -83.8404227941 38.1914948868 6.016, -83.840224463 38.1913991178 6.029, -83.8400202526 38.1913153399 6.041, -83.8398065856 38.1912473386 6.054, -83.8395855757 38.1911940523 6.067, -83.8391324726 38.1911122931 6.092, -83.8365729182 38.1907022826 6.235, -83.8358823863 38.1905834323 6.274, -83.8349688316 38.1904354212 6.325, -83.8336642249 38.1902156919 6.398, -83.8333469368 38.1901712705 6.416, -83.8332633193 38.1901613997 6.421, -83.8330610462 38.1901507037 6.432, -83.8328599336 38.190162276 6.443, -83.8326633243 38.1902013873 6.454, -83.8324737812 38.1902631365 6.465, -83.8322887657 38.190338143 6.477, -83.8321059997 38.1904203272 6.488, -83.8305685283 38.1911235401 6.585, -83.8300012504 38.191376643 6.621, -83.8298243605 38.1914468338 6.632, -83.8296471955 38.1915008143 6.642, -83.8294702415 38.1915333728 6.652, -83.8292929391 38.1915392824 6.662, -83.8291155847 38.1915204693 6.672, -83.8289401305 38.1914821857 6.682, -83.8287677883 38.1914313174 6.692, -83.828253662 38.1912477186 6.723, -83.8279077622 38.1911127237 6.744, -83.8272222583 38.1908282758 6.786, -83.8268801768 38.1906804299 6.808, -83.8267156349 38.1905975481 6.818, -83.8265553898 38.1905100668 6.829, -83.8261174762 38.1902472183 6.859, -83.8259734297 38.190179227 6.868, -83.8258236833 38.1901295455 6.877, -83.8256675144 38.1900992615 6.886, -83.8255147494 38.1900852391 6.894, -83.825371075 38.1900829002 6.902, -83.8252300194 38.1900869209 6.91, -83.8249424383 38.1901044876 6.926, -83.8241415465 38.1901741214 6.97)"
"District 09","Bath","09-08814.00","KY","36","KY-36","REALIGNMENT","1.0","6.97","CORRECT HORIZONTAL AND WIDTH DEFICIENCIES ON KY 36 FROM ""OLD KY 11"" MP 1.004 TO KY 1325 (MP 6.97) TO IMPROVE SAFETY AND OPERATIONAL EFFICIENCY OF ROADWAY (14CCN) (2022CCN) (2024CCR)","","2014","2026","D","SPP","3640000","2029","","","","006-KY-0036-000","LINESTRING Z (-83.9205861151 38.2059267482 1, -83.9205285123 38.2058904681 1.004, -83.9204166457 38.205839572 1.011, -83.920262677 38.20581604 1.02, -83.9197352449 38.2057768406 1.049, -83.9179212092 38.2056556378 1.148, -83.9148146895 38.2054654641 1.318, -83.914578173 38.2054579474 1.331, -83.914338388 38.2054558734 1.344, -83.9133932719 38.2054576785 1.396, -83.9126909605 38.2054659956 1.434, -83.9111828731 38.2054719445 1.516, -83.9098014572 38.2054652874 1.592, -83.9083894667 38.2054284743 1.669, -83.9069988311 38.2053730242 1.745, -83.9057930296 38.2053176947 1.811, -83.9049961661 38.205279171 1.854, -83.904788897 38.2052575338 1.866, -83.9045866064 38.2052178466 1.877, -83.9043920831 38.2051598768 1.888, -83.9015683414 38.2041761266 2.056, -83.9003494759 38.203727209 2.129, -83.8999408158 38.2035889748 2.152, -83.8997283873 38.2035235756 2.165, -83.8992935604 38.2034016837 2.19, -83.8990710933 38.2033479377 2.203, -83.8983641203 38.2031962384 2.242, -83.8978865236 38.2030865813 2.269, -83.89765133 38.2030268648 2.283, -83.8963227997 38.2026495236 2.36, -83.8961136215 38.2025935082 2.372, -83.8959076741 38.2025474306 2.383, -83.8956967744 38.2025183048 2.395, -83.8954887529 38.2025131193 2.406, -83.8952802125 38.2025285258 2.418, -83.8948409002 38.2025713497 2.442, -83.8946112051 38.2025836773 2.454, -83.8943769145 38.2025849447 2.467, -83.891990057 38.202518624 2.597, -83.8914865899 38.2024967036 2.625, -83.8912361604 38.2024754636 2.639, -83.8907431275 38.2024125034 2.666, -83.8904983626 38.2023875047 2.679, -83.8902533541 38.2023721159 2.693, -83.8897581698 38.2023530653 2.72, -83.888754316 38.2023251831 2.774, -83.887520397 38.2022966901 2.842, -83.8865667456 38.2022657349 2.893, -83.8863411675 38.2022528402 2.906, -83.886281495 38.2022450332 2.909, -83.8861240031 38.2022238735 2.918, -83.8859177148 38.202177773 2.929, -83.8857216209 38.202113979 2.941, -83.8855361313 38.2020300268 2.952, -83.8853607746 38.2019308522 2.964, -83.8850093323 38.2017201306 2.988, -83.8848221117 38.2016221415 3, -83.8846259924 38.2015319771 3.013, -83.8840174071 38.2012768187 3.05, -83.8838227859 38.201182557 3.063, -83.8836342126 38.2010831712 3.075, -83.8832731676 38.2008808069 3.099, -83.8830990352 38.2007747814 3.111, -83.8829323414 38.2006636546 3.123, -83.8824527977 38.2003165887 3.158, -83.8819836835 38.1999565007 3.194, -83.8818219695 38.1998413297 3.205, -83.8816497752 38.1997413757 3.217, -83.8811004319 38.1994981249 3.251, -83.8809210091 38.1994087674 3.263, -83.8807445098 38.1993139627 3.274, -83.8805723252 38.1992137325 3.286, -83.880405186 38.1991067139 3.298, -83.8799338617 38.1987658094 3.332, -83.8796349575 38.1985570016 3.354, -83.8794887379 38.1984623978 3.364, -83.8791934949 38.1982877057 3.384, -83.8790364411 38.1982085876 3.394, -83.8788711831 38.1981373041 3.405, -83.8786983054 38.1980782606 3.415, -83.8785170131 38.1980352892 3.425, -83.878327677 38.1980075718 3.436, -83.8781310053 38.1979945711 3.446, -83.8779305478 38.1979935943 3.457, -83.8771079351 38.1980267117 3.502, -83.8768989936 38.1980308184 3.513, -83.8766902212 38.1980283347 3.525, -83.8764851148 38.1980184928 3.536, -83.8760622976 38.1979881708 3.559, -83.8758511167 38.1979845495 3.57, -83.8747776578 38.1980271331 3.629, -83.8745639502 38.1980407736 3.64, -83.8743528074 38.1980629686 3.652, -83.8741434806 38.1980959048 3.664, -83.8739315075 38.1981370388 3.675, -83.8724615846 38.1985215949 3.76, -83.87137762 38.1987845426 3.821, -83.8702655923 38.1990420916 3.884, -83.8700452904 38.1990957204 3.897, -83.8695686416 38.1992241034 3.924, -83.8691965546 38.1993332736 3.946, -83.8689859776 38.1993876047 3.958, -83.8687725365 38.199431453 3.97, -83.8685579763 38.1994645702 3.981, -83.8674988479 38.199599057 4.04, -83.8672919835 38.199630647 4.051, -83.8670905107 38.1996691893 4.062, -83.8668916237 38.1997154631 4.074, -83.8666942454 38.1997708241 4.085, -83.8664990829 38.1998347361 4.096, -83.866310585 38.1999102896 4.108, -83.8661280547 38.1999974735 4.12, -83.8657722347 38.2001914907 4.143, -83.8654133406 38.2003967196 4.167, -83.8648842861 38.2007088285 4.203, -83.8643434491 38.2010050914 4.239, -83.8639944376 38.2012047053 4.262, -83.8638308501 38.2013130639 4.274, -83.863675764 38.2014292478 4.285, -83.8632324473 38.2017907853 4.32, -83.8630766426 38.2019077816 4.332, -83.8629160852 38.2020200326 4.343, -83.862413595 38.2023405198 4.378, -83.8617522577 38.2027741063 4.425, -83.86158431 38.2028757997 4.437, -83.8614134137 38.2029703049 4.448, -83.8612357539 38.2030570105 4.459, -83.8610522541 38.2031271421 4.47, -83.8608641406 38.2031735777 4.481, -83.860671153 38.2032064756 4.492, -83.8604787667 38.2032294963 4.502, -83.8602843772 38.2032491874 4.513, -83.8596862581 38.2032940131 4.546, -83.8586752967 38.2033528326 4.601, -83.8584732157 38.203373772 4.612, -83.8576634657 38.2034995253 4.656, -83.8572456987 38.203542555 4.679, -83.8570407257 38.203554106 4.69, -83.8568228278 38.2035539139 4.702, -83.8566123689 38.2035351626 4.714, -83.8564459263 38.2035102487 4.723, -83.8551486632 38.2032779699 4.795, -83.8547226042 38.2032238987 4.818, -83.8545023703 38.203219819 4.83, -83.8542987019 38.203207765 4.841, -83.8532998239 38.2032161928 4.895, -83.852962112 38.203205282 4.914, -83.852822104 38.2031947956 4.921, -83.8525891425 38.2031578221 4.934, -83.8524341341 38.2031215497 4.943, -83.8522434993 38.203063007 4.954, -83.8521645514 38.203046907 4.959, -83.8519290369 38.2029604504 4.973, -83.8516299117 38.2028435826 4.991, -83.8515510749 38.2028096311 4.996, -83.8514673104 38.2027643377 5.001, -83.8513441902 38.2026794102 5.01, -83.8512905035 38.2026285575 5.014, -83.8512377754 38.2025675577 5.02, -83.8511929429 38.2024973453 5.025, -83.8511563608 38.2024176515 5.031, -83.851132517 38.2023299232 5.037, -83.8511301174 38.2022340232 5.044, -83.8511424151 38.2021350641 5.05, -83.8512120592 38.2018370641 5.071, -83.8512474056 38.2016272317 5.086, -83.8512750101 38.2014071126 5.101, -83.8512814914 38.2012907556 5.109, -83.8512711093 38.201180445 5.117, -83.8512499627 38.201069137 5.125, -83.8512040704 38.200959081 5.132, -83.8511336588 38.2008549479 5.141, -83.8510419751 38.2007523956 5.149, -83.8509363814 38.2006493457 5.158, -83.8508206769 38.2005469573 5.168, -83.8504234211 38.2002271735 5.199, -83.8502940477 38.2001149511 5.209, -83.8501676217 38.199996459 5.22, -83.8500487158 38.1998698463 5.231, -83.8498103643 38.1995971109 5.253, -83.8494784352 38.1991470805 5.289, -83.8493639611 38.1989971919 5.301, -83.8492414707 38.1988477233 5.314, -83.8491115476 38.198703079 5.326, -83.8489684745 38.1985554769 5.339, -83.8488164559 38.1984173438 5.351, -83.8486563581 38.1982821019 5.364, -83.8481524219 38.1978754468 5.403, -83.8479879386 38.197734915 5.416, -83.8478253861 38.1975869972 5.43, -83.8476974278 38.1974607862 5.441, -83.8475268319 38.1972740104 5.457, -83.8469802116 38.1966474729 5.509, -83.8468364716 38.1964990327 5.522, -83.8466824245 38.1963589418 5.535, -83.8465155463 38.1962304554 5.547, -83.8463351153 38.1961146596 5.56, -83.8459581954 38.1958984645 5.585, -83.8457724832 38.1957850548 5.598, -83.8455932043 38.1956651564 5.611, -83.8454207074 38.1955387749 5.624, -83.84525497 38.1954067337 5.636, -83.845093919 38.19526845 5.649, -83.8449385987 38.1951239419 5.662, -83.8446340734 38.1948273304 5.689, -83.8440134779 38.1942366677 5.741, -83.8435587504 38.1937865613 5.781, -83.8429376195 38.1931903904 5.834, -83.8426264222 38.1929101461 5.86, -83.842292918 38.1926446492 5.886, -83.8419466358 38.1923888334 5.912, -83.8415875118 38.1921451695 5.938, -83.841400453 38.1920306322 5.951, -83.8410138982 38.1918115185 5.977, -83.8404227941 38.1914948868 6.016, -83.840224463 38.1913991178 6.029, -83.8400202526 38.1913153399 6.041, -83.8398065856 38.1912473386 6.054, -83.8395855757 38.1911940523 6.067, -83.8391324726 38.1911122931 6.092, -83.8365729182 38.1907022826 6.235, -83.8358823863 38.1905834323 6.274, -83.8349688316 38.1904354212 6.325, -83.8336642249 38.1902156919 6.398, -83.8333469368 38.1901712705 6.416, -83.8332633193 38.1901613997 6.421, -83.8330610462 38.1901507037 6.432, -83.8328599336 38.190162276 6.443, -83.8326633243 38.1902013873 6.454, -83.8324737812 38.1902631365 6.465, -83.8322887657 38.190338143 6.477, -83.8321059997 38.1904203272 6.488, -83.8305685283 38.1911235401 6.585, -83.8300012504 38.191376643 6.621, -83.8298243605 38.1914468338 6.632, -83.8296471955 38.1915008143 6.642, -83.8294702415 38.1915333728 6.652, -83.8292929391 38.1915392824 6.662, -83.8291155847 38.1915204693 6.672, -83.8289401305 38.1914821857 6.682, -83.8287677883 38.1914313174 6.692, -83.828253662 38.1912477186 6.723, -83.8279077622 38.1911127237 6.744, -83.8272222583 38.1908282758 6.786, -83.8268801768 38.1906804299 6.808, -83.8267156349 38.1905975481 6.818, -83.8265553898 38.1905100668 6.829, -83.8261174762 38.1902472183 6.859, -83.8259734297 38.190179227 6.868, -83.8258236833 38.1901295455 6.877, -83.8256675144 38.1900992615 6.886, -83.8255147494 38.1900852391 6.894, -83.825371075 38.1900829002 6.902, -83.8252300194 38.1900869209 6.91, -83.8249424383 38.1901044876 6.926, -83.8241415465 38.1901741214 6.97)"
"District 09","Bath","09-08814.00","KY","36","KY-36","REALIGNMENT","1.0","6.97","CORRECT HORIZONTAL AND WIDTH DEFICIENCIES ON KY 36 FROM ""OLD KY 11"" MP 1.004 TO KY 1325 (MP 6.97) TO IMPROVE SAFETY AND OPERATIONAL EFFICIENCY OF ROADWAY (14CCN) (2022CCN) (2024CCR)","","2014","2026","P","SPP","400000","2029","","","","006-KY-0036-000","LINESTRING Z (-83.9205861151 38.2059267482 1, -83.9205285123 38.2058904681 1.004, -83.9204166457 38.205839572 1.011, -83.920262677 38.20581604 1.02, -83.9197352449 38.2057768406 1.049, -83.9179212092 38.2056556378 1.148, -83.9148146895 38.2054654641 1.318, -83.914578173 38.2054579474 1.331, -83.914338388 38.2054558734 1.344, -83.9133932719 38.2054576785 1.396, -83.9126909605 38.2054659956 1.434, -83.9111828731 38.2054719445 1.516, -83.9098014572 38.2054652874 1.592, -83.9083894667 38.2054284743 1.669, -83.9069988311 38.2053730242 1.745, -83.9057930296 38.2053176947 1.811, -83.9049961661 38.205279171 1.854, -83.904788897 38.2052575338 1.866, -83.9045866064 38.2052178466 1.877, -83.9043920831 38.2051598768 1.888, -83.9015683414 38.2041761266 2.056, -83.9003494759 38.203727209 2.129, -83.8999408158 38.2035889748 2.152, -83.8997283873 38.2035235756 2.165, -83.8992935604 38.2034016837 2.19, -83.8990710933 38.2033479377 2.203, -83.8983641203 38.2031962384 2.242, -83.8978865236 38.2030865813 2.269, -83.89765133 38.2030268648 2.283, -83.8963227997 38.2026495236 2.36, -83.8961136215 38.2025935082 2.372, -83.8959076741 38.2025474306 2.383, -83.8956967744 38.2025183048 2.395, -83.8954887529 38.2025131193 2.406, -83.8952802125 38.2025285258 2.418, -83.8948409002 38.2025713497 2.442, -83.8946112051 38.2025836773 2.454, -83.8943769145 38.2025849447 2.467, -83.891990057 38.202518624 2.597, -83.8914865899 38.2024967036 2.625, -83.8912361604 38.2024754636 2.639, -83.8907431275 38.2024125034 2.666, -83.8904983626 38.2023875047 2.679, -83.8902533541 38.2023721159 2.693, -83.8897581698 38.2023530653 2.72, -83.888754316 38.2023251831 2.774, -83.887520397 38.2022966901 2.842, -83.8865667456 38.2022657349 2.893, -83.8863411675 38.2022528402 2.906, -83.886281495 38.2022450332 2.909, -83.8861240031 38.2022238735 2.918, -83.8859177148 38.202177773 2.929, -83.8857216209 38.202113979 2.941, -83.8855361313 38.2020300268 2.952, -83.8853607746 38.2019308522 2.964, -83.8850093323 38.2017201306 2.988, -83.8848221117 38.2016221415 3, -83.8846259924 38.2015319771 3.013, -83.8840174071 38.2012768187 3.05, -83.8838227859 38.201182557 3.063, -83.8836342126 38.2010831712 3.075, -83.8832731676 38.2008808069 3.099, -83.8830990352 38.2007747814 3.111, -83.8829323414 38.2006636546 3.123, -83.8824527977 38.2003165887 3.158, -83.8819836835 38.1999565007 3.194, -83.8818219695 38.1998413297 3.205, -83.8816497752 38.1997413757 3.217, -83.8811004319 38.1994981249 3.251, -83.8809210091 38.1994087674 3.263, -83.8807445098 38.1993139627 3.274, -83.8805723252 38.1992137325 3.286, -83.880405186 38.1991067139 3.298, -83.8799338617 38.1987658094 3.332, -83.8796349575 38.1985570016 3.354, -83.8794887379 38.1984623978 3.364, -83.8791934949 38.1982877057 3.384, -83.8790364411 38.1982085876 3.394, -83.8788711831 38.1981373041 3.405, -83.8786983054 38.1980782606 3.415, -83.8785170131 38.1980352892 3.425, -83.878327677 38.1980075718 3.436, -83.8781310053 38.1979945711 3.446, -83.8779305478 38.1979935943 3.457, -83.8771079351 38.1980267117 3.502, -83.8768989936 38.1980308184 3.513, -83.8766902212 38.1980283347 3.525, -83.8764851148 38.1980184928 3.536, -83.8760622976 38.1979881708 3.559, -83.8758511167 38.1979845495 3.57, -83.8747776578 38.1980271331 3.629, -83.8745639502 38.1980407736 3.64, -83.8743528074 38.1980629686 3.652, -83.8741434806 38.1980959048 3.664, -83.8739315075 38.1981370388 3.675, -83.8724615846 38.1985215949 3.76, -83.87137762 38.1987845426 3.821, -83.8702655923 38.1990420916 3.884, -83.8700452904 38.1990957204 3.897, -83.8695686416 38.1992241034 3.924, -83.8691965546 38.1993332736 3.946, -83.8689859776 38.1993876047 3.958, -83.8687725365 38.199431453 3.97, -83.8685579763 38.1994645702 3.981, -83.8674988479 38.199599057 4.04, -83.8672919835 38.199630647 4.051, -83.8670905107 38.1996691893 4.062, -83.8668916237 38.1997154631 4.074, -83.8666942454 38.1997708241 4.085, -83.8664990829 38.1998347361 4.096, -83.866310585 38.1999102896 4.108, -83.8661280547 38.1999974735 4.12, -83.8657722347 38.2001914907 4.143, -83.8654133406 38.2003967196 4.167, -83.8648842861 38.2007088285 4.203, -83.8643434491 38.2010050914 4.239, -83.8639944376 38.2012047053 4.262, -83.8638308501 38.2013130639 4.274, -83.863675764 38.2014292478 4.285, -83.8632324473 38.2017907853 4.32, -83.8630766426 38.2019077816 4.332, -83.8629160852 38.2020200326 4.343, -83.862413595 38.2023405198 4.378, -83.8617522577 38.2027741063 4.425, -83.86158431 38.2028757997 4.437, -83.8614134137 38.2029703049 4.448, -83.8612357539 38.2030570105 4.459, -83.8610522541 38.2031271421 4.47, -83.8608641406 38.2031735777 4.481, -83.860671153 38.2032064756 4.492, -83.8604787667 38.2032294963 4.502, -83.8602843772 38.2032491874 4.513, -83.8596862581 38.2032940131 4.546, -83.8586752967 38.2033528326 4.601, -83.8584732157 38.203373772 4.612, -83.8576634657 38.2034995253 4.656, -83.8572456987 38.203542555 4.679, -83.8570407257 38.203554106 4.69, -83.8568228278 38.2035539139 4.702, -83.8566123689 38.2035351626 4.714, -83.8564459263 38.2035102487 4.723, -83.8551486632 38.2032779699 4.795, -83.8547226042 38.2032238987 4.818, -83.8545023703 38.203219819 4.83, -83.8542987019 38.203207765 4.841, -83.8532998239 38.2032161928 4.895, -83.852962112 38.203205282 4.914, -83.852822104 38.2031947956 4.921, -83.8525891425 38.2031578221 4.934, -83.8524341341 38.2031215497 4.943, -83.8522434993 38.203063007 4.954, -83.8521645514 38.203046907 4.959, -83.8519290369 38.2029604504 4.973, -83.8516299117 38.2028435826 4.991, -83.8515510749 38.2028096311 4.996, -83.8514673104 38.2027643377 5.001, -83.8513441902 38.2026794102 5.01, -83.8512905035 38.2026285575 5.014, -83.8512377754 38.2025675577 5.02, -83.8511929429 38.2024973453 5.025, -83.8511563608 38.2024176515 5.031, -83.851132517 38.2023299232 5.037, -83.8511301174 38.2022340232 5.044, -83.8511424151 38.2021350641 5.05, -83.8512120592 38.2018370641 5.071, -83.8512474056 38.2016272317 5.086, -83.8512750101 38.2014071126 5.101, -83.8512814914 38.2012907556 5.109, -83.8512711093 38.201180445 5.117, -83.8512499627 38.201069137 5.125, -83.8512040704 38.200959081 5.132, -83.8511336588 38.2008549479 5.141, -83.8510419751 38.2007523956 5.149, -83.8509363814 38.2006493457 5.158, -83.8508206769 38.2005469573 5.168, -83.8504234211 38.2002271735 5.199, -83.8502940477 38.2001149511 5.209, -83.8501676217 38.199996459 5.22, -83.8500487158 38.1998698463 5.231, -83.8498103643 38.1995971109 5.253, -83.8494784352 38.1991470805 5.289, -83.8493639611 38.1989971919 5.301, -83.8492414707 38.1988477233 5.314, -83.8491115476 38.198703079 5.326, -83.8489684745 38.1985554769 5.339, -83.8488164559 38.1984173438 5.351, -83.8486563581 38.1982821019 5.364, -83.8481524219 38.1978754468 5.403, -83.8479879386 38.197734915 5.416, -83.8478253861 38.1975869972 5.43, -83.8476974278 38.1974607862 5.441, -83.8475268319 38.1972740104 5.457, -83.8469802116 38.1966474729 5.509, -83.8468364716 38.1964990327 5.522, -83.8466824245 38.1963589418 5.535, -83.8465155463 38.1962304554 5.547, -83.8463351153 38.1961146596 5.56, -83.8459581954 38.1958984645 5.585, -83.8457724832 38.1957850548 5.598, -83.8455932043 38.1956651564 5.611, -83.8454207074 38.1955387749 5.624, -83.84525497 38.1954067337 5.636, -83.845093919 38.19526845 5.649, -83.8449385987 38.1951239419 5.662, -83.8446340734 38.1948273304 5.689, -83.8440134779 38.1942366677 5.741, -83.8435587504 38.1937865613 5.781, -83.8429376195 38.1931903904 5.834, -83.8426264222 38.1929101461 5.86, -83.842292918 38.1926446492 5.886, -83.8419466358 38.1923888334 5.912, -83.8415875118 38.1921451695 5.938, -83.841400453 38.1920306322 5.951, -83.8410138982 38.1918115185 5.977, -83.8404227941 38.1914948868 6.016, -83.840224463 38.1913991178 6.029, -83.8400202526 38.1913153399 6.041, -83.8398065856 38.1912473386 6.054, -83.8395855757 38.1911940523 6.067, -83.8391324726 38.1911122931 6.092, -83.8365729182 38.1907022826 6.235, -83.8358823863 38.1905834323 6.274, -83.8349688316 38.1904354212 6.325, -83.8336642249 38.1902156919 6.398, -83.8333469368 38.1901712705 6.416, -83.8332633193 38.1901613997 6.421, -83.8330610462 38.1901507037 6.432, -83.8328599336 38.190162276 6.443, -83.8326633243 38.1902013873 6.454, -83.8324737812 38.1902631365 6.465, -83.8322887657 38.190338143 6.477, -83.8321059997 38.1904203272 6.488, -83.8305685283 38.1911235401 6.585, -83.8300012504 38.191376643 6.621, -83.8298243605 38.1914468338 6.632, -83.8296471955 38.1915008143 6.642, -83.8294702415 38.1915333728 6.652, -83.8292929391 38.1915392824 6.662, -83.8291155847 38.1915204693 6.672, -83.8289401305 38.1914821857 6.682, -83.8287677883 38.1914313174 6.692, -83.828253662 38.1912477186 6.723, -83.8279077622 38.1911127237 6.744, -83.8272222583 38.1908282758 6.786, -83.8268801768 38.1906804299 6.808, -83.8267156349 38.1905975481 6.818, -83.8265553898 38.1905100668 6.829, -83.8261174762 38.1902472183 6.859, -83.8259734297 38.190179227 6.868, -83.8258236833 38.1901295455 6.877, -83.8256675144 38.1900992615 6.886, -83.8255147494 38.1900852391 6.894, -83.825371075 38.1900829002 6.902, -83.8252300194 38.1900869209 6.91, -83.8249424383 38.1901044876 6.926, -83.8241415465 38.1901741214 6.97)"
"District 09","Bath","09-08814.00","KY","36","KY-36","REALIGNMENT","1.0","6.97","CORRECT HORIZONTAL AND WIDTH DEFICIENCIES ON KY 36 FROM ""OLD KY 11"" MP 1.004 TO KY 1325 (MP 6.97) TO IMPROVE SAFETY AND OPERATIONAL EFFICIENCY OF ROADWAY (14CCN) (2022CCN) (2024CCR)","","2014","2026","U","SPP","3920000","2031","","","","006-KY-0036-000","LINESTRING Z (-83.9205861151 38.2059267482 1, -83.9205285123 38.2058904681 1.004, -83.9204166457 38.205839572 1.011, -83.920262677 38.20581604 1.02, -83.9197352449 38.2057768406 1.049, -83.9179212092 38.2056556378 1.148, -83.9148146895 38.2054654641 1.318, -83.914578173 38.2054579474 1.331, -83.914338388 38.2054558734 1.344, -83.9133932719 38.2054576785 1.396, -83.9126909605 38.2054659956 1.434, -83.9111828731 38.2054719445 1.516, -83.9098014572 38.2054652874 1.592, -83.9083894667 38.2054284743 1.669, -83.9069988311 38.2053730242 1.745, -83.9057930296 38.2053176947 1.811, -83.9049961661 38.205279171 1.854, -83.904788897 38.2052575338 1.866, -83.9045866064 38.2052178466 1.877, -83.9043920831 38.2051598768 1.888, -83.9015683414 38.2041761266 2.056, -83.9003494759 38.203727209 2.129, -83.8999408158 38.2035889748 2.152, -83.8997283873 38.2035235756 2.165, -83.8992935604 38.2034016837 2.19, -83.8990710933 38.2033479377 2.203, -83.8983641203 38.2031962384 2.242, -83.8978865236 38.2030865813 2.269, -83.89765133 38.2030268648 2.283, -83.8963227997 38.2026495236 2.36, -83.8961136215 38.2025935082 2.372, -83.8959076741 38.2025474306 2.383, -83.8956967744 38.2025183048 2.395, -83.8954887529 38.2025131193 2.406, -83.8952802125 38.2025285258 2.418, -83.8948409002 38.2025713497 2.442, -83.8946112051 38.2025836773 2.454, -83.8943769145 38.2025849447 2.467, -83.891990057 38.202518624 2.597, -83.8914865899 38.2024967036 2.625, -83.8912361604 38.2024754636 2.639, -83.8907431275 38.2024125034 2.666, -83.8904983626 38.2023875047 2.679, -83.8902533541 38.2023721159 2.693, -83.8897581698 38.2023530653 2.72, -83.888754316 38.2023251831 2.774, -83.887520397 38.2022966901 2.842, -83.8865667456 38.2022657349 2.893, -83.8863411675 38.2022528402 2.906, -83.886281495 38.2022450332 2.909, -83.8861240031 38.2022238735 2.918, -83.8859177148 38.202177773 2.929, -83.8857216209 38.202113979 2.941, -83.8855361313 38.2020300268 2.952, -83.8853607746 38.2019308522 2.964, -83.8850093323 38.2017201306 2.988, -83.8848221117 38.2016221415 3, -83.8846259924 38.2015319771 3.013, -83.8840174071 38.2012768187 3.05, -83.8838227859 38.201182557 3.063, -83.8836342126 38.2010831712 3.075, -83.8832731676 38.2008808069 3.099, -83.8830990352 38.2007747814 3.111, -83.8829323414 38.2006636546 3.123, -83.8824527977 38.2003165887 3.158, -83.8819836835 38.1999565007 3.194, -83.8818219695 38.1998413297 3.205, -83.8816497752 38.1997413757 3.217, -83.8811004319 38.1994981249 3.251, -83.8809210091 38.1994087674 3.263, -83.8807445098 38.1993139627 3.274, -83.8805723252 38.1992137325 3.286, -83.880405186 38.1991067139 3.298, -83.8799338617 38.1987658094 3.332, -83.8796349575 38.1985570016 3.354, -83.8794887379 38.1984623978 3.364, -83.8791934949 38.1982877057 3.384, -83.8790364411 38.1982085876 3.394, -83.8788711831 38.1981373041 3.405, -83.8786983054 38.1980782606 3.415, -83.8785170131 38.1980352892 3.425, -83.878327677 38.1980075718 3.436, -83.8781310053 38.1979945711 3.446, -83.8779305478 38.1979935943 3.457, -83.8771079351 38.1980267117 3.502, -83.8768989936 38.1980308184 3.513, -83.8766902212 38.1980283347 3.525, -83.8764851148 38.1980184928 3.536, -83.8760622976 38.1979881708 3.559, -83.8758511167 38.1979845495 3.57, -83.8747776578 38.1980271331 3.629, -83.8745639502 38.1980407736 3.64, -83.8743528074 38.1980629686 3.652, -83.8741434806 38.1980959048 3.664, -83.8739315075 38.1981370388 3.675, -83.8724615846 38.1985215949 3.76, -83.87137762 38.1987845426 3.821, -83.8702655923 38.1990420916 3.884, -83.8700452904 38.1990957204 3.897, -83.8695686416 38.1992241034 3.924, -83.8691965546 38.1993332736 3.946, -83.8689859776 38.1993876047 3.958, -83.8687725365 38.199431453 3.97, -83.8685579763 38.1994645702 3.981, -83.8674988479 38.199599057 4.04, -83.8672919835 38.199630647 4.051, -83.8670905107 38.1996691893 4.062, -83.8668916237 38.1997154631 4.074, -83.8666942454 38.1997708241 4.085, -83.8664990829 38.1998347361 4.096, -83.866310585 38.1999102896 4.108, -83.8661280547 38.1999974735 4.12, -83.8657722347 38.2001914907 4.143, -83.8654133406 38.2003967196 4.167, -83.8648842861 38.2007088285 4.203, -83.8643434491 38.2010050914 4.239, -83.8639944376 38.2012047053 4.262, -83.8638308501 38.2013130639 4.274, -83.863675764 38.2014292478 4.285, -83.8632324473 38.2017907853 4.32, -83.8630766426 38.2019077816 4.332, -83.8629160852 38.2020200326 4.343, -83.862413595 38.2023405198 4.378, -83.8617522577 38.2027741063 4.425, -83.86158431 38.2028757997 4.437, -83.8614134137 38.2029703049 4.448, -83.8612357539 38.2030570105 4.459, -83.8610522541 38.2031271421 4.47, -83.8608641406 38.2031735777 4.481, -83.860671153 38.2032064756 4.492, -83.8604787667 38.2032294963 4.502, -83.8602843772 38.2032491874 4.513, -83.8596862581 38.2032940131 4.546, -83.8586752967 38.2033528326 4.601, -83.8584732157 38.203373772 4.612, -83.8576634657 38.2034995253 4.656, -83.8572456987 38.203542555 4.679, -83.8570407257 38.203554106 4.69, -83.8568228278 38.2035539139 4.702, -83.8566123689 38.2035351626 4.714, -83.8564459263 38.2035102487 4.723, -83.8551486632 38.2032779699 4.795, -83.8547226042 38.2032238987 4.818, -83.8545023703 38.203219819 4.83, -83.8542987019 38.203207765 4.841, -83.8532998239 38.2032161928 4.895, -83.852962112 38.203205282 4.914, -83.852822104 38.2031947956 4.921, -83.8525891425 38.2031578221 4.934, -83.8524341341 38.2031215497 4.943, -83.8522434993 38.203063007 4.954, -83.8521645514 38.203046907 4.959, -83.8519290369 38.2029604504 4.973, -83.8516299117 38.2028435826 4.991, -83.8515510749 38.2028096311 4.996, -83.8514673104 38.2027643377 5.001, -83.8513441902 38.2026794102 5.01, -83.8512905035 38.2026285575 5.014, -83.8512377754 38.2025675577 5.02, -83.8511929429 38.2024973453 5.025, -83.8511563608 38.2024176515 5.031, -83.851132517 38.2023299232 5.037, -83.8511301174 38.2022340232 5.044, -83.8511424151 38.2021350641 5.05, -83.8512120592 38.2018370641 5.071, -83.8512474056 38.2016272317 5.086, -83.8512750101 38.2014071126 5.101, -83.8512814914 38.2012907556 5.109, -83.8512711093 38.201180445 5.117, -83.8512499627 38.201069137 5.125, -83.8512040704 38.200959081 5.132, -83.8511336588 38.2008549479 5.141, -83.8510419751 38.2007523956 5.149, -83.8509363814 38.2006493457 5.158, -83.8508206769 38.2005469573 5.168, -83.8504234211 38.2002271735 5.199, -83.8502940477 38.2001149511 5.209, -83.8501676217 38.199996459 5.22, -83.8500487158 38.1998698463 5.231, -83.8498103643 38.1995971109 5.253, -83.8494784352 38.1991470805 5.289, -83.8493639611 38.1989971919 5.301, -83.8492414707 38.1988477233 5.314, -83.8491115476 38.198703079 5.326, -83.8489684745 38.1985554769 5.339, -83.8488164559 38.1984173438 5.351, -83.8486563581 38.1982821019 5.364, -83.8481524219 38.1978754468 5.403, -83.8479879386 38.197734915 5.416, -83.8478253861 38.1975869972 5.43, -83.8476974278 38.1974607862 5.441, -83.8475268319 38.1972740104 5.457, -83.8469802116 38.1966474729 5.509, -83.8468364716 38.1964990327 5.522, -83.8466824245 38.1963589418 5.535, -83.8465155463 38.1962304554 5.547, -83.8463351153 38.1961146596 5.56, -83.8459581954 38.1958984645 5.585, -83.8457724832 38.1957850548 5.598, -83.8455932043 38.1956651564 5.611, -83.8454207074 38.1955387749 5.624, -83.84525497 38.1954067337 5.636, -83.845093919 38.19526845 5.649, -83.8449385987 38.1951239419 5.662, -83.8446340734 38.1948273304 5.689, -83.8440134779 38.1942366677 5.741, -83.8435587504 38.1937865613 5.781, -83.8429376195 38.1931903904 5.834, -83.8426264222 38.1929101461 5.86, -83.842292918 38.1926446492 5.886, -83.8419466358 38.1923888334 5.912, -83.8415875118 38.1921451695 5.938, -83.841400453 38.1920306322 5.951, -83.8410138982 38.1918115185 5.977, -83.8404227941 38.1914948868 6.016, -83.840224463 38.1913991178 6.029, -83.8400202526 38.1913153399 6.041, -83.8398065856 38.1912473386 6.054, -83.8395855757 38.1911940523 6.067, -83.8391324726 38.1911122931 6.092, -83.8365729182 38.1907022826 6.235, -83.8358823863 38.1905834323 6.274, -83.8349688316 38.1904354212 6.325, -83.8336642249 38.1902156919 6.398, -83.8333469368 38.1901712705 6.416, -83.8332633193 38.1901613997 6.421, -83.8330610462 38.1901507037 6.432, -83.8328599336 38.190162276 6.443, -83.8326633243 38.1902013873 6.454, -83.8324737812 38.1902631365 6.465, -83.8322887657 38.190338143 6.477, -83.8321059997 38.1904203272 6.488, -83.8305685283 38.1911235401 6.585, -83.8300012504 38.191376643 6.621, -83.8298243605 38.1914468338 6.632, -83.8296471955 38.1915008143 6.642, -83.8294702415 38.1915333728 6.652, -83.8292929391 38.1915392824 6.662, -83.8291155847 38.1915204693 6.672, -83.8289401305 38.1914821857 6.682, -83.8287677883 38.1914313174 6.692, -83.828253662 38.1912477186 6.723, -83.8279077622 38.1911127237 6.744, -83.8272222583 38.1908282758 6.786, -83.8268801768 38.1906804299 6.808, -83.8267156349 38.1905975481 6.818, -83.8265553898 38.1905100668 6.829, -83.8261174762 38.1902472183 6.859, -83.8259734297 38.190179227 6.868, -83.8258236833 38.1901295455 6.877, -83.8256675144 38.1900992615 6.886, -83.8255147494 38.1900852391 6.894, -83.825371075 38.1900829002 6.902, -83.8252300194 38.1900869209 6.91, -83.8249424383 38.1901044876 6.926, -83.8241415465 38.1901741214 6.97)"
"District 09","Bath","09-10067.00","US","60","US-60","AM-BRIDGE (P)","15.338","15.36","BRIDGE PROJECT IN BATH COUNTY ON (006B00012N) US-60 AT DRAINAGE DITCH","006B00012N","2022","2026","C","BRX","2386193","2028","","","","006-US-0060-000","LINESTRING Z (-83.6302709423 38.1281143637 15.338, -83.6298935877 38.1280381745 15.36)"
"District 09","Bath","09-10067.00","US","60","US-60","AM-BRIDGE (P)","15.338","15.36","BRIDGE PROJECT IN BATH COUNTY ON (006B00012N) US-60 AT DRAINAGE DITCH","006B00012N","2022","2026","D","BRX","357929","2028","","","","006-US-0060-000","LINESTRING Z (-83.6302709423 38.1281143637 15.338, -83.6298935877 38.1280381745 15.36)"
"District 09","Bath","09-10068.00","US","60","US-60","AM-BRIDGE (P)","15.552","15.574","BRIDGE PROJECT IN BATH COUNTY ON (006B00013N) US-60 AT CROOKED RUN CREEK","006B00013N","2022","2026","C","BRX","2445188","2028","","","","006-US-0060-000","LINESTRING Z (-83.6265686619 38.1273697023 15.552, -83.6261735798 38.1272902138 15.574)"
"District 09","Bath","09-10068.00","US","60","US-60","AM-BRIDGE (P)","15.552","15.574","BRIDGE PROJECT IN BATH COUNTY ON (006B00013N) US-60 AT CROOKED RUN CREEK","006B00013N","2022","2026","D","BRX","366778","2028","","","","006-US-0060-000","LINESTRING Z (-83.6265686619 38.1273697023 15.552, -83.6261735798 38.1272902138 15.574)"
"District 09","Bath","09-10069.00","US","60","US-60","AM-BRIDGE (P)","19.759","19.811","BRIDGE PROJECT IN BATH COUNTY ON (006B00015N) US-60 AT LICKING RIVER","006B00015N","2022","2026","D","BRX","1346018","2032","","","","006-US-0060-000","LINESTRING Z (-83.5582566297 38.1398660721 19.759, -83.5575226837 38.1399794244 19.811)"
"District 09","Bath","09-10095.00","US","60","US-60","AM-BRIDGE (P)","14.294","14.302","ADDRESS DEFICIENCIES OF BRIDGE ON US 60 OVER COW CREEK (006B00011N)","006B00011N","2024","2026","D","BRX","144243","2028","","","","006-US-0060-000","LINESTRING Z (-83.6437924775 38.1366395715 14.294, -83.6436527134 38.1366005254 14.302)"
"District 09","Bath","09-10095.00","US","60","US-60","AM-BRIDGE (P)","14.294","14.302","ADDRESS DEFICIENCIES OF BRIDGE ON US 60 OVER COW CREEK (006B00011N)","006B00011N","2024","2026","C","BRX","961619","2028","","","","006-US-0060-000","LINESTRING Z (-83.6437924775 38.1366395715 14.294, -83.6436527134 38.1366005254 14.302)"
"District 09","Bath","09-22045.00","I","64","I-64","AM-PAVEMENT (INT)(P)","117.83","123.6","ADDRESS CONDITION OF I-064 FROM MILEPOINT 117.83 TO MILEPOINT 123.6","","2022","2026","C","NHPM","4910000","2027","","","","006-I-0064-000","LINESTRING Z (-83.8058118989 38.1124654814 117.83, -83.8057832332 38.1124827461 117.832, -83.8054010706 38.1127363038 117.859, -83.8050431724 38.1130056413 117.886, -83.8041656753 38.1136902519 117.953, -83.800496133 38.1165789983 118.235, -83.7931821127 38.1223356947 118.797, -83.7925208203 38.122844436 118.847, -83.7921747723 38.123082893 118.872, -83.7919968496 38.1231966836 118.885, -83.7918138734 38.1233043466 118.897, -83.7914334632 38.1235010298 118.922, -83.7912373759 38.1235917195 118.934, -83.7910382914 38.1236774146 118.946, -83.7908351888 38.1237572749 118.959, -83.7904854231 38.1238605221 118.979, -83.789904668 38.1240069048 119.012, -83.7895160638 38.1240930237 119.034, -83.7890462588 38.1241728493 119.06, -83.7885660249 38.1242264041 119.087, -83.7880742064 38.1242448806 119.114, -83.787576058 38.124239901 119.141, -83.7870700688 38.1242029266 119.168, -83.7849188885 38.1239883398 119.286, -83.7832359677 38.1238306791 119.378, -83.7821798778 38.1237422211 119.436, -83.78172376 38.1237129217 119.461, -83.7813409246 38.1237128598 119.482, -83.7811066859 38.123721316 119.495, -83.7808879075 38.1237237114 119.507, -83.7804613218 38.1237473638 119.53, -83.7799484883 38.1237975933 119.558, -83.7781429141 38.1240009457 119.657, -83.7775436898 38.1240568646 119.69, -83.7767374111 38.1241057508 119.734, -83.7762100263 38.1241147936 119.763, -83.7757661781 38.1240947404 119.787, -83.7753567515 38.1240618016 119.809, -83.775083726 38.1240253734 119.825, -83.7745393042 38.1239305683 119.855, -83.7740001776 38.1238199176 119.885, -83.7670926504 38.1223502427 120.274, -83.7665669753 38.1222444529 120.304, -83.7660439194 38.1221576584 120.333, -83.765783409 38.1221216937 120.347, -83.7655226844 38.1220936906 120.362, -83.7652617753 38.1220725507 120.376, -83.7647419463 38.1220467839 120.404, -83.7644836562 38.1220446403 120.418, -83.7642269102 38.122049663 120.432, -83.7639710512 38.1220604688 120.446, -83.7637174481 38.1220779041 120.46, -83.7634654282 38.1221011341 120.474, -83.7632160241 38.1221304508 120.488, -83.7629685571 38.1221652934 120.501, -83.7627236863 38.1222070453 120.515, -83.7624811078 38.1222540549 120.529, -83.7622415 38.1223068826 120.542, -83.7620041626 38.1223657906 120.556, -83.7617697758 38.122431341 120.569, -83.76153768 38.1225021479 120.583, -83.7610792905 38.1226606136 120.61, -83.7606266447 38.1228381281 120.638, -83.7599453181 38.1231271546 120.68, -83.7558102136 38.1249417474 120.937, -83.74688873 38.1288533756 121.492, -83.7274003679 38.1373961052 122.706, -83.7256982027 38.1381467813 122.812, -83.7246514077 38.1386004752 122.877, -83.7220666675 38.1397361842 123.038, -83.7187677403 38.1411770961 123.243, -83.7130275082 38.1436902562 123.6)"
"District 09","Bath","09-22045.00","I","64","I-64","AM-PAVEMENT (INT)(P)","117.83","123.6","ADDRESS CONDITION OF I-064 FROM MILEPOINT 117.83 TO MILEPOINT 123.6","","2022","2026","D","NHPM","490000","2027","","","","006-I-0064-000","LINESTRING Z (-83.8058118989 38.1124654814 117.83, -83.8057832332 38.1124827461 117.832, -83.8054010706 38.1127363038 117.859, -83.8050431724 38.1130056413 117.886, -83.8041656753 38.1136902519 117.953, -83.800496133 38.1165789983 118.235, -83.7931821127 38.1223356947 118.797, -83.7925208203 38.122844436 118.847, -83.7921747723 38.123082893 118.872, -83.7919968496 38.1231966836 118.885, -83.7918138734 38.1233043466 118.897, -83.7914334632 38.1235010298 118.922, -83.7912373759 38.1235917195 118.934, -83.7910382914 38.1236774146 118.946, -83.7908351888 38.1237572749 118.959, -83.7904854231 38.1238605221 118.979, -83.789904668 38.1240069048 119.012, -83.7895160638 38.1240930237 119.034, -83.7890462588 38.1241728493 119.06, -83.7885660249 38.1242264041 119.087, -83.7880742064 38.1242448806 119.114, -83.787576058 38.124239901 119.141, -83.7870700688 38.1242029266 119.168, -83.7849188885 38.1239883398 119.286, -83.7832359677 38.1238306791 119.378, -83.7821798778 38.1237422211 119.436, -83.78172376 38.1237129217 119.461, -83.7813409246 38.1237128598 119.482, -83.7811066859 38.123721316 119.495, -83.7808879075 38.1237237114 119.507, -83.7804613218 38.1237473638 119.53, -83.7799484883 38.1237975933 119.558, -83.7781429141 38.1240009457 119.657, -83.7775436898 38.1240568646 119.69, -83.7767374111 38.1241057508 119.734, -83.7762100263 38.1241147936 119.763, -83.7757661781 38.1240947404 119.787, -83.7753567515 38.1240618016 119.809, -83.775083726 38.1240253734 119.825, -83.7745393042 38.1239305683 119.855, -83.7740001776 38.1238199176 119.885, -83.7670926504 38.1223502427 120.274, -83.7665669753 38.1222444529 120.304, -83.7660439194 38.1221576584 120.333, -83.765783409 38.1221216937 120.347, -83.7655226844 38.1220936906 120.362, -83.7652617753 38.1220725507 120.376, -83.7647419463 38.1220467839 120.404, -83.7644836562 38.1220446403 120.418, -83.7642269102 38.122049663 120.432, -83.7639710512 38.1220604688 120.446, -83.7637174481 38.1220779041 120.46, -83.7634654282 38.1221011341 120.474, -83.7632160241 38.1221304508 120.488, -83.7629685571 38.1221652934 120.501, -83.7627236863 38.1222070453 120.515, -83.7624811078 38.1222540549 120.529, -83.7622415 38.1223068826 120.542, -83.7620041626 38.1223657906 120.556, -83.7617697758 38.122431341 120.569, -83.76153768 38.1225021479 120.583, -83.7610792905 38.1226606136 120.61, -83.7606266447 38.1228381281 120.638, -83.7599453181 38.1231271546 120.68, -83.7558102136 38.1249417474 120.937, -83.74688873 38.1288533756 121.492, -83.7274003679 38.1373961052 122.706, -83.7256982027 38.1381467813 122.812, -83.7246514077 38.1386004752 122.877, -83.7220666675 38.1397361842 123.038, -83.7187677403 38.1411770961 123.243, -83.7130275082 38.1436902562 123.6)"
"District 09","Bath","09-22046.00","I","64","I-64","AM-PAVEMENT (INT)(P)","123.6","128.955","ADDRESS CONDITION OF I-064 FROM MILEPOINT 123.6 TO MILEPOINT 128.955","","2022","2026","D","NHPM","450000","2026","2026-03-26","Awarded","1","006-I-0064-000","LINESTRING Z (-83.7130275082 38.1436902562 123.6, -83.7003075602 38.1492576313 124.391, -83.6982693172 38.1501526184 124.518, -83.6921479688 38.1528270943 124.898, -83.6918888414 38.1529505848 124.915, -83.6916185457 38.153062893 124.931, -83.690538633 38.1535286228 124.998, -83.6899864729 38.1537560525 125.032, -83.6891440642 38.1540874687 125.083, -83.6882930683 38.1544022471 125.135, -83.6877225177 38.1546027014 125.169, -83.6871497146 38.1547965207 125.202, -83.6862852055 38.1550714944 125.253, -83.6857056387 38.1552456856 125.287, -83.6851252422 38.1554121688 125.32, -83.6845429723 38.1555709256 125.354, -83.6836655983 38.1557953873 125.404, -83.6830772396 38.1559353512 125.438, -83.682486985 38.1560684118 125.471, -83.681895901 38.1561937644 125.504, -83.6813032916 38.1563113952 125.538, -83.6804098548 38.1564753957 125.587, -83.6795092421 38.156622234 125.637, -83.6789031418 38.1567121478 125.671, -83.6779885757 38.1568353817 125.721, -83.6773760428 38.1569064968 125.755, -83.6764783628 38.1569981512 125.804, -83.6756069751 38.1570702085 125.852, -83.6750363877 38.1571093596 125.883, -83.6741843933 38.1571597715 125.93, -83.6739050569 38.1571716201 125.945, -83.6730736309 38.157195741 125.99, -83.6722421816 38.1572083187 126.035, -83.67140313 38.1572067481 126.081, -83.6705609732 38.1571919316 126.127, -83.6447028198 38.1563349488 127.535, -83.6444109459 38.1563349675 127.55, -83.6353891394 38.1560258079 128.042, -83.6344545529 38.1559956201 128.092, -83.6341334815 38.1559948157 128.11, -83.6314398313 38.1558982085 128.257, -83.6266065475 38.1557350912 128.52, -83.6249364642 38.1556836435 128.611, -83.6241880625 38.1556754009 128.651, -83.6232067671 38.155648678 128.705, -83.6219442552 38.1556023247 128.774, -83.6216861441 38.1555897101 128.788, -83.6211709275 38.1555537848 128.816, -83.6209169501 38.1555426158 128.83, -83.6186127299 38.1554656416 128.955)"
"District 09","Bath","09-22046.00","I","64","I-64","AM-PAVEMENT (INT)(P)","123.6","128.955","ADDRESS CONDITION OF I-064 FROM MILEPOINT 123.6 TO MILEPOINT 128.955","","2022","2026","C","NHPM","4521000","2026","2026-03-26","Awarded","1","006-I-0064-000","LINESTRING Z (-83.7130275082 38.1436902562 123.6, -83.7003075602 38.1492576313 124.391, -83.6982693172 38.1501526184 124.518, -83.6921479688 38.1528270943 124.898, -83.6918888414 38.1529505848 124.915, -83.6916185457 38.153062893 124.931, -83.690538633 38.1535286228 124.998, -83.6899864729 38.1537560525 125.032, -83.6891440642 38.1540874687 125.083, -83.6882930683 38.1544022471 125.135, -83.6877225177 38.1546027014 125.169, -83.6871497146 38.1547965207 125.202, -83.6862852055 38.1550714944 125.253, -83.6857056387 38.1552456856 125.287, -83.6851252422 38.1554121688 125.32, -83.6845429723 38.1555709256 125.354, -83.6836655983 38.1557953873 125.404, -83.6830772396 38.1559353512 125.438, -83.682486985 38.1560684118 125.471, -83.681895901 38.1561937644 125.504, -83.6813032916 38.1563113952 125.538, -83.6804098548 38.1564753957 125.587, -83.6795092421 38.156622234 125.637, -83.6789031418 38.1567121478 125.671, -83.6779885757 38.1568353817 125.721, -83.6773760428 38.1569064968 125.755, -83.6764783628 38.1569981512 125.804, -83.6756069751 38.1570702085 125.852, -83.6750363877 38.1571093596 125.883, -83.6741843933 38.1571597715 125.93, -83.6739050569 38.1571716201 125.945, -83.6730736309 38.157195741 125.99, -83.6722421816 38.1572083187 126.035, -83.67140313 38.1572067481 126.081, -83.6705609732 38.1571919316 126.127, -83.6447028198 38.1563349488 127.535, -83.6444109459 38.1563349675 127.55, -83.6353891394 38.1560258079 128.042, -83.6344545529 38.1559956201 128.092, -83.6341334815 38.1559948157 128.11, -83.6314398313 38.1558982085 128.257, -83.6266065475 38.1557350912 128.52, -83.6249364642 38.1556836435 128.611, -83.6241880625 38.1556754009 128.651, -83.6232067671 38.155648678 128.705, -83.6219442552 38.1556023247 128.774, -83.6216861441 38.1555897101 128.788, -83.6211709275 38.1555537848 128.816, -83.6209169501 38.1555426158 128.83, -83.6186127299 38.1554656416 128.955)"
"District 09","Bath","09-80101.00","KY","36","KY-36","SAFETY(P)","13.39","17.1","IMPROVE SAFETY ON KY 36 FROM THE INTERSECTION WITH I-64 TO THE INTERSECTION OF KY 965 INCLUDING THE CURVES KNOWN AS CLEAR CREEK FURNACE AND THOMAS HILL (2020CCN) MILEPOINT 13.394 TO MILEPOINT 17.104 (2022CCN) (2024CCR) (2026CCR)","","2020","2026","R","SPP","1650000","2026","","","","006-KY-0036-000","LINESTRING Z (-83.7501655631 38.1260916584 13.39, -83.7501104164 38.1260526185 13.394, -83.749873934 38.1258741899 13.412, -83.7496787152 38.1257000303 13.428, -83.7495855927 38.1256078076 13.436, -83.7492239878 38.1252223434 13.469, -83.7481562623 38.1240519507 13.569, -83.746231299 38.121927859 13.747, -83.7460656707 38.1217275501 13.763, -83.7459302132 38.1215302257 13.779, -83.7458225376 38.1213341963 13.793, -83.7457775658 38.1212361941 13.8, -83.7457032633 38.1210404562 13.814, -83.7456490887 38.1208461591 13.828, -83.7455955433 38.1205647963 13.847, -83.7455775176 38.1203837472 13.86, -83.7455778486 38.1201925722 13.873, -83.7456119445 38.1199104997 13.892, -83.7456594667 38.119658871 13.909, -83.7456753069 38.1195110842 13.919, -83.7456764117 38.1194449035 13.924, -83.745663323 38.1192741021 13.936, -83.745580905 38.118814254 13.967, -83.7454819293 38.1183112735 14.002, -83.7452706354 38.1173869415 14.068, -83.7452395552 38.1172257232 14.079, -83.7452168691 38.1170627244 14.091, -83.7452139396 38.1169786209 14.097, -83.745218007 38.1168929878 14.103, -83.7452298102 38.1168041904 14.109, -83.7452545454 38.1167128647 14.115, -83.7452907721 38.1166209106 14.122, -83.7453374394 38.1165285847 14.129, -83.7453958548 38.1164389302 14.136, -83.7454649755 38.1163519294 14.143, -83.7455433761 38.1162689313 14.151, -83.745629369 38.1161879854 14.158, -83.7457222451 38.1161096281 14.166, -83.7459232204 38.1159556435 14.181, -83.7469584841 38.115205735 14.259, -83.7470725891 38.1151137275 14.268, -83.7471809125 38.1150169527 14.277, -83.7472759285 38.1149108873 14.286, -83.7473496453 38.1147953963 14.295, -83.7474016392 38.1146732186 14.304, -83.7474340476 38.1145424682 14.313, -83.7474463229 38.1144105526 14.323, -83.7474354009 38.1142878577 14.331, -83.7474038233 38.1141576707 14.341, -83.7473189663 38.1138897874 14.36, -83.7470583469 38.1132066199 14.41, -83.746998569 38.1130778764 14.42, -83.7469253994 38.112955774 14.429, -83.7468349925 38.1128410701 14.439, -83.7467245624 38.1127339918 14.448, -83.7465969185 38.1126334896 14.458, -83.7464590704 38.1125374836 14.468, -83.7463144925 38.112446032 14.479, -83.7460185411 38.1122701556 14.499, -83.7458688468 38.1121879568 14.509, -83.7457137824 38.112111435 14.519, -83.74555351 38.1120474597 14.529, -83.7453870536 38.1119935425 14.539, -83.7452158339 38.1119486097 14.549, -83.745043355 38.1119116208 14.559, -83.7446902985 38.1118542599 14.579, -83.7445124995 38.1118339357 14.589, -83.7443320297 38.1118223556 14.599, -83.7441466681 38.1118244262 14.609, -83.7439657006 38.1118438769 14.619, -83.743784989 38.111879537 14.63, -83.7436098242 38.1119284777 14.64, -83.7432724245 38.1120367394 14.66, -83.7431035519 38.1120844117 14.67, -83.7429321986 38.112121055 14.68, -83.7427580983 38.1121436415 14.69, -83.7425817041 38.112148335 14.699, -83.7424032964 38.1121376106 14.709, -83.7422234796 38.1121147757 14.719, -83.7418581681 38.11204786 14.74, -83.7413007041 38.1119260323 14.772, -83.7411139456 38.1118772574 14.783, -83.7409322491 38.1118214266 14.794, -83.7407570309 38.1117574661 14.805, -83.7405911101 38.1116840485 14.815, -83.7404337099 38.1116041834 14.826, -83.7402833717 38.111520318 14.836, -83.739990907 38.1113447608 14.856, -83.7396238083 38.1111140935 14.882, -83.7394342581 38.1110020909 14.895, -83.7392999266 38.1109305826 14.904, -83.7391670921 38.1108678902 14.912, -83.7390311409 38.1108175052 14.92, -83.7388909933 38.1107807828 14.928, -83.7387463302 38.1107566184 14.937, -83.7385905206 38.1107459988 14.945, -83.7384232318 38.1107483685 14.954, -83.7382521759 38.110761387 14.964, -83.7377225811 38.1108163655 14.993, -83.7373529416 38.110844677 15.013, -83.7371660503 38.1108519304 15.023, -83.73677866 38.1108554898 15.044, -83.7361912833 38.1108493204 15.076, -83.7359995619 38.1108424806 15.087, -83.7358105359 38.1108260721 15.097, -83.7356249587 38.1107979103 15.108, -83.7354424785 38.1107582637 15.118, -83.7352630396 38.1107090558 15.128, -83.7349091546 38.1105934174 15.149, -83.7345571483 38.1104599562 15.171, -83.7343836073 38.1103858511 15.181, -83.7340430585 38.1102275863 15.203, -83.7337088162 38.1100548705 15.225, -83.7330485016 38.1097032576 15.268, -83.7325464375 38.1094510348 15.301, -83.7321974373 38.1092970164 15.322, -83.7318469669 38.1091586282 15.344, -83.7316699278 38.1090981933 15.354, -83.7314906319 38.109044037 15.365, -83.7309454264 38.1088949008 15.396, -83.729786612 38.1085938028 15.463, -83.7282344237 38.1081983345 15.552, -83.7276547703 38.1080507908 15.585, -83.7271274525 38.1079090849 15.615, -83.7269564041 38.1078586344 15.625, -83.7267904015 38.1078016768 15.635, -83.7266330559 38.107733331 15.645, -83.7264863677 38.1076566519 15.654, -83.7264183872 38.1076129097 15.659, -83.7263528007 38.107570583 15.664, -83.7260011476 38.1072860239 15.691, -83.7258790343 38.1072007004 15.7, -83.7257475236 38.1071284011 15.709, -83.7256051526 38.1070718469 15.717, -83.7254529169 38.1070327038 15.726, -83.7252972292 38.1070053127 15.735, -83.7249848216 38.1069628723 15.752, -83.7248286507 38.1069277815 15.761, -83.7246816576 38.1068749933 15.77, -83.7245493563 38.1068062495 15.778, -83.7241994386 38.1065728057 15.803, -83.7240781664 38.1065075474 15.811, -83.7239471057 38.1064569538 15.819, -83.7238093458 38.1064224515 15.827, -83.7236666158 38.1064043446 15.835, -83.7235137418 38.1064011724 15.843, -83.7233493629 38.1064118111 15.852, -83.7230054151 38.1064545277 15.871, -83.7211386664 38.1067422063 15.975, -83.7201164074 38.1068880775 16.032, -83.719077812 38.1070589305 16.09, -83.7189037915 38.1070913719 16.099, -83.718731682 38.1071301644 16.109, -83.7185597837 38.1071739041 16.119, -83.7183935347 38.1072270812 16.129, -83.7182301412 38.1072901948 16.139, -83.7177507139 38.1074929056 16.168, -83.7175870247 38.1075540903 16.178, -83.7174180625 38.107604746 16.188, -83.7172452633 38.1076432498 16.198, -83.717068295 38.1076690453 16.208, -83.7168879447 38.1076788513 16.217, -83.7167069447 38.1076743615 16.227, -83.7165263537 38.1076550456 16.237, -83.71634991 38.1076239884 16.247, -83.7161803726 38.1075820627 16.257, -83.7160191222 38.1075295669 16.266, -83.7158665 38.1074667816 16.276, -83.7157216663 38.1073989107 16.285, -83.7151812153 38.1071168341 16.32, -83.7135726034 38.1062254852 16.427, -83.7128423028 38.1058321714 16.475, -83.7126845447 38.1057541846 16.486, -83.712520071 38.1056802029 16.496, -83.7123499158 38.1056105174 16.506, -83.7121753945 38.1055478989 16.517, -83.7119961367 38.1054931636 16.527, -83.7118131692 38.1054468794 16.538, -83.7116257738 38.1054098584 16.548, -83.7114354094 38.1053796522 16.559, -83.7112427995 38.1053551767 16.57, -83.7102477158 38.1052726159 16.624, -83.7088172967 38.1051685142 16.702, -83.7082130851 38.1051190624 16.735, -83.7078071416 38.1050779815 16.758, -83.7073974859 38.1050203537 16.78, -83.7071919958 38.1049841105 16.792, -83.7067834792 38.1048979329 16.815, -83.7050199795 38.1044825666 16.915, -83.7044557681 38.1043574249 16.947, -83.7038831929 38.1042455953 16.979, -83.7027303253 38.1040371768 17.044, -83.7023451268 38.1039629243 17.066, -83.7019587229 38.1038820573 17.087, -83.7017361611 38.1038267325 17.1)"
"District 09","Bath","09-80101.00","KY","36","KY-36","SAFETY(P)","13.39","17.1","IMPROVE SAFETY ON KY 36 FROM THE INTERSECTION WITH I-64 TO THE INTERSECTION OF KY 965 INCLUDING THE CURVES KNOWN AS CLEAR CREEK FURNACE AND THOMAS HILL (2020CCN) MILEPOINT 13.394 TO MILEPOINT 17.104 (2022CCN) (2024CCR) (2026CCR)","","2020","2026","U","SPP","2430000","2029","","","","006-KY-0036-000","LINESTRING Z (-83.7501655631 38.1260916584 13.39, -83.7501104164 38.1260526185 13.394, -83.749873934 38.1258741899 13.412, -83.7496787152 38.1257000303 13.428, -83.7495855927 38.1256078076 13.436, -83.7492239878 38.1252223434 13.469, -83.7481562623 38.1240519507 13.569, -83.746231299 38.121927859 13.747, -83.7460656707 38.1217275501 13.763, -83.7459302132 38.1215302257 13.779, -83.7458225376 38.1213341963 13.793, -83.7457775658 38.1212361941 13.8, -83.7457032633 38.1210404562 13.814, -83.7456490887 38.1208461591 13.828, -83.7455955433 38.1205647963 13.847, -83.7455775176 38.1203837472 13.86, -83.7455778486 38.1201925722 13.873, -83.7456119445 38.1199104997 13.892, -83.7456594667 38.119658871 13.909, -83.7456753069 38.1195110842 13.919, -83.7456764117 38.1194449035 13.924, -83.745663323 38.1192741021 13.936, -83.745580905 38.118814254 13.967, -83.7454819293 38.1183112735 14.002, -83.7452706354 38.1173869415 14.068, -83.7452395552 38.1172257232 14.079, -83.7452168691 38.1170627244 14.091, -83.7452139396 38.1169786209 14.097, -83.745218007 38.1168929878 14.103, -83.7452298102 38.1168041904 14.109, -83.7452545454 38.1167128647 14.115, -83.7452907721 38.1166209106 14.122, -83.7453374394 38.1165285847 14.129, -83.7453958548 38.1164389302 14.136, -83.7454649755 38.1163519294 14.143, -83.7455433761 38.1162689313 14.151, -83.745629369 38.1161879854 14.158, -83.7457222451 38.1161096281 14.166, -83.7459232204 38.1159556435 14.181, -83.7469584841 38.115205735 14.259, -83.7470725891 38.1151137275 14.268, -83.7471809125 38.1150169527 14.277, -83.7472759285 38.1149108873 14.286, -83.7473496453 38.1147953963 14.295, -83.7474016392 38.1146732186 14.304, -83.7474340476 38.1145424682 14.313, -83.7474463229 38.1144105526 14.323, -83.7474354009 38.1142878577 14.331, -83.7474038233 38.1141576707 14.341, -83.7473189663 38.1138897874 14.36, -83.7470583469 38.1132066199 14.41, -83.746998569 38.1130778764 14.42, -83.7469253994 38.112955774 14.429, -83.7468349925 38.1128410701 14.439, -83.7467245624 38.1127339918 14.448, -83.7465969185 38.1126334896 14.458, -83.7464590704 38.1125374836 14.468, -83.7463144925 38.112446032 14.479, -83.7460185411 38.1122701556 14.499, -83.7458688468 38.1121879568 14.509, -83.7457137824 38.112111435 14.519, -83.74555351 38.1120474597 14.529, -83.7453870536 38.1119935425 14.539, -83.7452158339 38.1119486097 14.549, -83.745043355 38.1119116208 14.559, -83.7446902985 38.1118542599 14.579, -83.7445124995 38.1118339357 14.589, -83.7443320297 38.1118223556 14.599, -83.7441466681 38.1118244262 14.609, -83.7439657006 38.1118438769 14.619, -83.743784989 38.111879537 14.63, -83.7436098242 38.1119284777 14.64, -83.7432724245 38.1120367394 14.66, -83.7431035519 38.1120844117 14.67, -83.7429321986 38.112121055 14.68, -83.7427580983 38.1121436415 14.69, -83.7425817041 38.112148335 14.699, -83.7424032964 38.1121376106 14.709, -83.7422234796 38.1121147757 14.719, -83.7418581681 38.11204786 14.74, -83.7413007041 38.1119260323 14.772, -83.7411139456 38.1118772574 14.783, -83.7409322491 38.1118214266 14.794, -83.7407570309 38.1117574661 14.805, -83.7405911101 38.1116840485 14.815, -83.7404337099 38.1116041834 14.826, -83.7402833717 38.111520318 14.836, -83.739990907 38.1113447608 14.856, -83.7396238083 38.1111140935 14.882, -83.7394342581 38.1110020909 14.895, -83.7392999266 38.1109305826 14.904, -83.7391670921 38.1108678902 14.912, -83.7390311409 38.1108175052 14.92, -83.7388909933 38.1107807828 14.928, -83.7387463302 38.1107566184 14.937, -83.7385905206 38.1107459988 14.945, -83.7384232318 38.1107483685 14.954, -83.7382521759 38.110761387 14.964, -83.7377225811 38.1108163655 14.993, -83.7373529416 38.110844677 15.013, -83.7371660503 38.1108519304 15.023, -83.73677866 38.1108554898 15.044, -83.7361912833 38.1108493204 15.076, -83.7359995619 38.1108424806 15.087, -83.7358105359 38.1108260721 15.097, -83.7356249587 38.1107979103 15.108, -83.7354424785 38.1107582637 15.118, -83.7352630396 38.1107090558 15.128, -83.7349091546 38.1105934174 15.149, -83.7345571483 38.1104599562 15.171, -83.7343836073 38.1103858511 15.181, -83.7340430585 38.1102275863 15.203, -83.7337088162 38.1100548705 15.225, -83.7330485016 38.1097032576 15.268, -83.7325464375 38.1094510348 15.301, -83.7321974373 38.1092970164 15.322, -83.7318469669 38.1091586282 15.344, -83.7316699278 38.1090981933 15.354, -83.7314906319 38.109044037 15.365, -83.7309454264 38.1088949008 15.396, -83.729786612 38.1085938028 15.463, -83.7282344237 38.1081983345 15.552, -83.7276547703 38.1080507908 15.585, -83.7271274525 38.1079090849 15.615, -83.7269564041 38.1078586344 15.625, -83.7267904015 38.1078016768 15.635, -83.7266330559 38.107733331 15.645, -83.7264863677 38.1076566519 15.654, -83.7264183872 38.1076129097 15.659, -83.7263528007 38.107570583 15.664, -83.7260011476 38.1072860239 15.691, -83.7258790343 38.1072007004 15.7, -83.7257475236 38.1071284011 15.709, -83.7256051526 38.1070718469 15.717, -83.7254529169 38.1070327038 15.726, -83.7252972292 38.1070053127 15.735, -83.7249848216 38.1069628723 15.752, -83.7248286507 38.1069277815 15.761, -83.7246816576 38.1068749933 15.77, -83.7245493563 38.1068062495 15.778, -83.7241994386 38.1065728057 15.803, -83.7240781664 38.1065075474 15.811, -83.7239471057 38.1064569538 15.819, -83.7238093458 38.1064224515 15.827, -83.7236666158 38.1064043446 15.835, -83.7235137418 38.1064011724 15.843, -83.7233493629 38.1064118111 15.852, -83.7230054151 38.1064545277 15.871, -83.7211386664 38.1067422063 15.975, -83.7201164074 38.1068880775 16.032, -83.719077812 38.1070589305 16.09, -83.7189037915 38.1070913719 16.099, -83.718731682 38.1071301644 16.109, -83.7185597837 38.1071739041 16.119, -83.7183935347 38.1072270812 16.129, -83.7182301412 38.1072901948 16.139, -83.7177507139 38.1074929056 16.168, -83.7175870247 38.1075540903 16.178, -83.7174180625 38.107604746 16.188, -83.7172452633 38.1076432498 16.198, -83.717068295 38.1076690453 16.208, -83.7168879447 38.1076788513 16.217, -83.7167069447 38.1076743615 16.227, -83.7165263537 38.1076550456 16.237, -83.71634991 38.1076239884 16.247, -83.7161803726 38.1075820627 16.257, -83.7160191222 38.1075295669 16.266, -83.7158665 38.1074667816 16.276, -83.7157216663 38.1073989107 16.285, -83.7151812153 38.1071168341 16.32, -83.7135726034 38.1062254852 16.427, -83.7128423028 38.1058321714 16.475, -83.7126845447 38.1057541846 16.486, -83.712520071 38.1056802029 16.496, -83.7123499158 38.1056105174 16.506, -83.7121753945 38.1055478989 16.517, -83.7119961367 38.1054931636 16.527, -83.7118131692 38.1054468794 16.538, -83.7116257738 38.1054098584 16.548, -83.7114354094 38.1053796522 16.559, -83.7112427995 38.1053551767 16.57, -83.7102477158 38.1052726159 16.624, -83.7088172967 38.1051685142 16.702, -83.7082130851 38.1051190624 16.735, -83.7078071416 38.1050779815 16.758, -83.7073974859 38.1050203537 16.78, -83.7071919958 38.1049841105 16.792, -83.7067834792 38.1048979329 16.815, -83.7050199795 38.1044825666 16.915, -83.7044557681 38.1043574249 16.947, -83.7038831929 38.1042455953 16.979, -83.7027303253 38.1040371768 17.044, -83.7023451268 38.1039629243 17.066, -83.7019587229 38.1038820573 17.087, -83.7017361611 38.1038267325 17.1)"
"District 09","Bath","09-80101.00","KY","36","KY-36","SAFETY(P)","13.39","17.1","IMPROVE SAFETY ON KY 36 FROM THE INTERSECTION WITH I-64 TO THE INTERSECTION OF KY 965 INCLUDING THE CURVES KNOWN AS CLEAR CREEK FURNACE AND THOMAS HILL (2020CCN) MILEPOINT 13.394 TO MILEPOINT 17.104 (2022CCN) (2024CCR) (2026CCR)","","2020","2026","C","SPP","12000000","2029","","","","006-KY-0036-000","LINESTRING Z (-83.7501655631 38.1260916584 13.39, -83.7501104164 38.1260526185 13.394, -83.749873934 38.1258741899 13.412, -83.7496787152 38.1257000303 13.428, -83.7495855927 38.1256078076 13.436, -83.7492239878 38.1252223434 13.469, -83.7481562623 38.1240519507 13.569, -83.746231299 38.121927859 13.747, -83.7460656707 38.1217275501 13.763, -83.7459302132 38.1215302257 13.779, -83.7458225376 38.1213341963 13.793, -83.7457775658 38.1212361941 13.8, -83.7457032633 38.1210404562 13.814, -83.7456490887 38.1208461591 13.828, -83.7455955433 38.1205647963 13.847, -83.7455775176 38.1203837472 13.86, -83.7455778486 38.1201925722 13.873, -83.7456119445 38.1199104997 13.892, -83.7456594667 38.119658871 13.909, -83.7456753069 38.1195110842 13.919, -83.7456764117 38.1194449035 13.924, -83.745663323 38.1192741021 13.936, -83.745580905 38.118814254 13.967, -83.7454819293 38.1183112735 14.002, -83.7452706354 38.1173869415 14.068, -83.7452395552 38.1172257232 14.079, -83.7452168691 38.1170627244 14.091, -83.7452139396 38.1169786209 14.097, -83.745218007 38.1168929878 14.103, -83.7452298102 38.1168041904 14.109, -83.7452545454 38.1167128647 14.115, -83.7452907721 38.1166209106 14.122, -83.7453374394 38.1165285847 14.129, -83.7453958548 38.1164389302 14.136, -83.7454649755 38.1163519294 14.143, -83.7455433761 38.1162689313 14.151, -83.745629369 38.1161879854 14.158, -83.7457222451 38.1161096281 14.166, -83.7459232204 38.1159556435 14.181, -83.7469584841 38.115205735 14.259, -83.7470725891 38.1151137275 14.268, -83.7471809125 38.1150169527 14.277, -83.7472759285 38.1149108873 14.286, -83.7473496453 38.1147953963 14.295, -83.7474016392 38.1146732186 14.304, -83.7474340476 38.1145424682 14.313, -83.7474463229 38.1144105526 14.323, -83.7474354009 38.1142878577 14.331, -83.7474038233 38.1141576707 14.341, -83.7473189663 38.1138897874 14.36, -83.7470583469 38.1132066199 14.41, -83.746998569 38.1130778764 14.42, -83.7469253994 38.112955774 14.429, -83.7468349925 38.1128410701 14.439, -83.7467245624 38.1127339918 14.448, -83.7465969185 38.1126334896 14.458, -83.7464590704 38.1125374836 14.468, -83.7463144925 38.112446032 14.479, -83.7460185411 38.1122701556 14.499, -83.7458688468 38.1121879568 14.509, -83.7457137824 38.112111435 14.519, -83.74555351 38.1120474597 14.529, -83.7453870536 38.1119935425 14.539, -83.7452158339 38.1119486097 14.549, -83.745043355 38.1119116208 14.559, -83.7446902985 38.1118542599 14.579, -83.7445124995 38.1118339357 14.589, -83.7443320297 38.1118223556 14.599, -83.7441466681 38.1118244262 14.609, -83.7439657006 38.1118438769 14.619, -83.743784989 38.111879537 14.63, -83.7436098242 38.1119284777 14.64, -83.7432724245 38.1120367394 14.66, -83.7431035519 38.1120844117 14.67, -83.7429321986 38.112121055 14.68, -83.7427580983 38.1121436415 14.69, -83.7425817041 38.112148335 14.699, -83.7424032964 38.1121376106 14.709, -83.7422234796 38.1121147757 14.719, -83.7418581681 38.11204786 14.74, -83.7413007041 38.1119260323 14.772, -83.7411139456 38.1118772574 14.783, -83.7409322491 38.1118214266 14.794, -83.7407570309 38.1117574661 14.805, -83.7405911101 38.1116840485 14.815, -83.7404337099 38.1116041834 14.826, -83.7402833717 38.111520318 14.836, -83.739990907 38.1113447608 14.856, -83.7396238083 38.1111140935 14.882, -83.7394342581 38.1110020909 14.895, -83.7392999266 38.1109305826 14.904, -83.7391670921 38.1108678902 14.912, -83.7390311409 38.1108175052 14.92, -83.7388909933 38.1107807828 14.928, -83.7387463302 38.1107566184 14.937, -83.7385905206 38.1107459988 14.945, -83.7384232318 38.1107483685 14.954, -83.7382521759 38.110761387 14.964, -83.7377225811 38.1108163655 14.993, -83.7373529416 38.110844677 15.013, -83.7371660503 38.1108519304 15.023, -83.73677866 38.1108554898 15.044, -83.7361912833 38.1108493204 15.076, -83.7359995619 38.1108424806 15.087, -83.7358105359 38.1108260721 15.097, -83.7356249587 38.1107979103 15.108, -83.7354424785 38.1107582637 15.118, -83.7352630396 38.1107090558 15.128, -83.7349091546 38.1105934174 15.149, -83.7345571483 38.1104599562 15.171, -83.7343836073 38.1103858511 15.181, -83.7340430585 38.1102275863 15.203, -83.7337088162 38.1100548705 15.225, -83.7330485016 38.1097032576 15.268, -83.7325464375 38.1094510348 15.301, -83.7321974373 38.1092970164 15.322, -83.7318469669 38.1091586282 15.344, -83.7316699278 38.1090981933 15.354, -83.7314906319 38.109044037 15.365, -83.7309454264 38.1088949008 15.396, -83.729786612 38.1085938028 15.463, -83.7282344237 38.1081983345 15.552, -83.7276547703 38.1080507908 15.585, -83.7271274525 38.1079090849 15.615, -83.7269564041 38.1078586344 15.625, -83.7267904015 38.1078016768 15.635, -83.7266330559 38.107733331 15.645, -83.7264863677 38.1076566519 15.654, -83.7264183872 38.1076129097 15.659, -83.7263528007 38.107570583 15.664, -83.7260011476 38.1072860239 15.691, -83.7258790343 38.1072007004 15.7, -83.7257475236 38.1071284011 15.709, -83.7256051526 38.1070718469 15.717, -83.7254529169 38.1070327038 15.726, -83.7252972292 38.1070053127 15.735, -83.7249848216 38.1069628723 15.752, -83.7248286507 38.1069277815 15.761, -83.7246816576 38.1068749933 15.77, -83.7245493563 38.1068062495 15.778, -83.7241994386 38.1065728057 15.803, -83.7240781664 38.1065075474 15.811, -83.7239471057 38.1064569538 15.819, -83.7238093458 38.1064224515 15.827, -83.7236666158 38.1064043446 15.835, -83.7235137418 38.1064011724 15.843, -83.7233493629 38.1064118111 15.852, -83.7230054151 38.1064545277 15.871, -83.7211386664 38.1067422063 15.975, -83.7201164074 38.1068880775 16.032, -83.719077812 38.1070589305 16.09, -83.7189037915 38.1070913719 16.099, -83.718731682 38.1071301644 16.109, -83.7185597837 38.1071739041 16.119, -83.7183935347 38.1072270812 16.129, -83.7182301412 38.1072901948 16.139, -83.7177507139 38.1074929056 16.168, -83.7175870247 38.1075540903 16.178, -83.7174180625 38.107604746 16.188, -83.7172452633 38.1076432498 16.198, -83.717068295 38.1076690453 16.208, -83.7168879447 38.1076788513 16.217, -83.7167069447 38.1076743615 16.227, -83.7165263537 38.1076550456 16.237, -83.71634991 38.1076239884 16.247, -83.7161803726 38.1075820627 16.257, -83.7160191222 38.1075295669 16.266, -83.7158665 38.1074667816 16.276, -83.7157216663 38.1073989107 16.285, -83.7151812153 38.1071168341 16.32, -83.7135726034 38.1062254852 16.427, -83.7128423028 38.1058321714 16.475, -83.7126845447 38.1057541846 16.486, -83.712520071 38.1056802029 16.496, -83.7123499158 38.1056105174 16.506, -83.7121753945 38.1055478989 16.517, -83.7119961367 38.1054931636 16.527, -83.7118131692 38.1054468794 16.538, -83.7116257738 38.1054098584 16.548, -83.7114354094 38.1053796522 16.559, -83.7112427995 38.1053551767 16.57, -83.7102477158 38.1052726159 16.624, -83.7088172967 38.1051685142 16.702, -83.7082130851 38.1051190624 16.735, -83.7078071416 38.1050779815 16.758, -83.7073974859 38.1050203537 16.78, -83.7071919958 38.1049841105 16.792, -83.7067834792 38.1048979329 16.815, -83.7050199795 38.1044825666 16.915, -83.7044557681 38.1043574249 16.947, -83.7038831929 38.1042455953 16.979, -83.7027303253 38.1040371768 17.044, -83.7023451268 38.1039629243 17.066, -83.7019587229 38.1038820573 17.087, -83.7017361611 38.1038267325 17.1)"
"District 09","Bath","09-80102.00","KY","36","KY-36","SAFETY(P)","12.3","12.993","IMPROVE SAFETY AND OPERATIONAL EFFICIENCY ON KY 36 FROM NORTH OF MARIELLA DR TO THE INTERSECTION OF OLD KY 36 (2020 CCN) (2022CCN) (2024CCR)","","2020","2026","R","SPP","1300000","2030","","","","006-KY-0036-000","LINESTRING Z (-83.7627281866 38.1382609961 12.3, -83.762105418 38.1371386018 12.384, -83.7619395006 38.1368559075 12.405, -83.7616798351 38.136464509 12.436, -83.7593174523 38.1332686134 12.689, -83.7588363663 38.132616922 12.741, -83.7585377895 38.1322767755 12.769, -83.7581570685 38.1318750872 12.803, -83.7578544328 38.1315823893 12.829, -83.7575345893 38.1312959936 12.855, -83.7571432499 38.1309787255 12.886, -83.7567639361 38.1306926977 12.914, -83.7556742126 38.1299296365 12.993)"
"District 09","Bath","09-80102.00","KY","36","KY-36","SAFETY(P)","12.3","12.993","IMPROVE SAFETY AND OPERATIONAL EFFICIENCY ON KY 36 FROM NORTH OF MARIELLA DR TO THE INTERSECTION OF OLD KY 36 (2020 CCN) (2022CCN) (2024CCR)","","2020","2026","U","SPP","1860000","2031","","","","006-KY-0036-000","LINESTRING Z (-83.7627281866 38.1382609961 12.3, -83.762105418 38.1371386018 12.384, -83.7619395006 38.1368559075 12.405, -83.7616798351 38.136464509 12.436, -83.7593174523 38.1332686134 12.689, -83.7588363663 38.132616922 12.741, -83.7585377895 38.1322767755 12.769, -83.7581570685 38.1318750872 12.803, -83.7578544328 38.1315823893 12.829, -83.7575345893 38.1312959936 12.855, -83.7571432499 38.1309787255 12.886, -83.7567639361 38.1306926977 12.914, -83.7556742126 38.1299296365 12.993)"
"District 09","Bath","09-80102.00","KY","36","KY-36","SAFETY(P)","12.3","12.993","IMPROVE SAFETY AND OPERATIONAL EFFICIENCY ON KY 36 FROM NORTH OF MARIELLA DR TO THE INTERSECTION OF OLD KY 36 (2020 CCN) (2022CCN) (2024CCR)","","2020","2026","D","SPP","720000","2029","","","","006-KY-0036-000","LINESTRING Z (-83.7627281866 38.1382609961 12.3, -83.762105418 38.1371386018 12.384, -83.7619395006 38.1368559075 12.405, -83.7616798351 38.136464509 12.436, -83.7593174523 38.1332686134 12.689, -83.7588363663 38.132616922 12.741, -83.7585377895 38.1322767755 12.769, -83.7581570685 38.1318750872 12.803, -83.7578544328 38.1315823893 12.829, -83.7575345893 38.1312959936 12.855, -83.7571432499 38.1309787255 12.886, -83.7567639361 38.1306926977 12.914, -83.7556742126 38.1299296365 12.993)"
"District 09","Bath","09-80102.00","KY","36","KY-36","SAFETY(P)","12.3","12.993","IMPROVE SAFETY AND OPERATIONAL EFFICIENCY ON KY 36 FROM NORTH OF MARIELLA DR TO THE INTERSECTION OF OLD KY 36 (2020 CCN) (2022CCN) (2024CCR)","","2020","2026","C","SPP","6600000","2032","","","","006-KY-0036-000","LINESTRING Z (-83.7627281866 38.1382609961 12.3, -83.762105418 38.1371386018 12.384, -83.7619395006 38.1368559075 12.405, -83.7616798351 38.136464509 12.436, -83.7593174523 38.1332686134 12.689, -83.7588363663 38.132616922 12.741, -83.7585377895 38.1322767755 12.769, -83.7581570685 38.1318750872 12.803, -83.7578544328 38.1315823893 12.829, -83.7575345893 38.1312959936 12.855, -83.7571432499 38.1309787255 12.886, -83.7567639361 38.1306926977 12.914, -83.7556742126 38.1299296365 12.993)"
"District 09","Bath","09-80250.00","US","60","US-60","REALIGNMENT","8.4","9.2","REALIGN ROADWAY ON US 60 NEAR OWINGSVILLE BEGINNING IN THE VICINITY OF ROSE BUSH LN AND ENDING AT WELLS ROAD NEAR I 64 EXIT 123 (2022CCN) (2024CCR)","","2022","2026","C","SPP","11600000","2030","","","","006-US-0060-000","LINESTRING Z (-83.7434568519 38.1446535237 8.4, -83.743332762 38.1446505423 8.407, -83.7432023457 38.1446499753 8.414, -83.7428801496 38.1446670259 8.432, -83.7427210631 38.1446846506 8.44, -83.7422419371 38.1447550693 8.467, -83.7420780966 38.144768491 8.476, -83.7419128235 38.1447706262 8.485, -83.741746853 38.1447601144 8.494, -83.7415812481 38.1447361485 8.503, -83.7414191472 38.1446985077 8.512, -83.7412656662 38.1446508506 8.521, -83.7411225599 38.1445926569 8.53, -83.740992217 38.1445256153 8.538, -83.7408732157 38.1444507997 8.546, -83.7407638563 38.14436681 8.555, -83.740662363 38.1442749872 8.563, -83.7403758054 38.1439800478 8.589, -83.7402801555 38.1438907969 8.597, -83.7401762552 38.1438107437 8.605, -83.7400629941 38.1437423443 8.612, -83.7399375389 38.1436874704 8.62, -83.739801937 38.1436475314 8.628, -83.7396593028 38.1436231298 8.636, -83.7395137718 38.1436157094 8.644, -83.7393709574 38.1436234418 8.651, -83.738970561 38.1436894194 8.674, -83.7388451814 38.1436955257 8.68, -83.7387202211 38.1436862565 8.687, -83.7385985892 38.1436569924 8.694, -83.7384865584 38.1436072896 8.701, -83.7383875455 38.1435394049 8.708, -83.7383074526 38.1434537138 8.716, -83.7382510205 38.1433549654 8.723, -83.7382226477 38.1432476298 8.731, -83.7382176193 38.1431387693 8.738, -83.7382632838 38.142842064 8.759, -83.7382687299 38.1427317334 8.766, -83.7382518453 38.1426240447 8.774, -83.7382094544 38.1425205912 8.781, -83.7381441671 38.1424277345 8.788, -83.738064281 38.1423472656 8.795, -83.7379715277 38.1422794872 8.802, -83.7378676146 38.1422255275 8.809, -83.7377518626 38.1421848256 8.816, -83.7376277257 38.1421582646 8.823, -83.737497938 38.1421475384 8.83, -83.7373649284 38.1421529635 8.837, -83.7372301297 38.1421729166 8.845, -83.7370926193 38.1422029863 8.852, -83.7361662706 38.1424497988 8.905, -83.735468586 38.1426271616 8.945, -83.7331508904 38.1432331284 9.078, -83.732824021 38.1433066569 9.096, -83.7326633493 38.1433313829 9.105, -83.7324995178 38.1433445166 9.114, -83.7323338931 38.1433469072 9.123, -83.7321672315 38.1433363701 9.132, -83.7320030533 38.1433113163 9.141, -83.7318423886 38.1432723133 9.15, -83.7316855766 38.1432196418 9.16, -83.7315339324 38.143156072 9.169, -83.731386678 38.1430846104 9.178, -83.7310996971 38.1429335743 9.197, -83.7310543057 38.142908561 9.2)"
"District 09","Bath","09-80250.00","US","60","US-60","REALIGNMENT","8.4","9.2","REALIGN ROADWAY ON US 60 NEAR OWINGSVILLE BEGINNING IN THE VICINITY OF ROSE BUSH LN AND ENDING AT WELLS ROAD NEAR I 64 EXIT 123 (2022CCN) (2024CCR)","","2022","2026","R","SPP","1820000","2029","","","","006-US-0060-000","LINESTRING Z (-83.7434568519 38.1446535237 8.4, -83.743332762 38.1446505423 8.407, -83.7432023457 38.1446499753 8.414, -83.7428801496 38.1446670259 8.432, -83.7427210631 38.1446846506 8.44, -83.7422419371 38.1447550693 8.467, -83.7420780966 38.144768491 8.476, -83.7419128235 38.1447706262 8.485, -83.741746853 38.1447601144 8.494, -83.7415812481 38.1447361485 8.503, -83.7414191472 38.1446985077 8.512, -83.7412656662 38.1446508506 8.521, -83.7411225599 38.1445926569 8.53, -83.740992217 38.1445256153 8.538, -83.7408732157 38.1444507997 8.546, -83.7407638563 38.14436681 8.555, -83.740662363 38.1442749872 8.563, -83.7403758054 38.1439800478 8.589, -83.7402801555 38.1438907969 8.597, -83.7401762552 38.1438107437 8.605, -83.7400629941 38.1437423443 8.612, -83.7399375389 38.1436874704 8.62, -83.739801937 38.1436475314 8.628, -83.7396593028 38.1436231298 8.636, -83.7395137718 38.1436157094 8.644, -83.7393709574 38.1436234418 8.651, -83.738970561 38.1436894194 8.674, -83.7388451814 38.1436955257 8.68, -83.7387202211 38.1436862565 8.687, -83.7385985892 38.1436569924 8.694, -83.7384865584 38.1436072896 8.701, -83.7383875455 38.1435394049 8.708, -83.7383074526 38.1434537138 8.716, -83.7382510205 38.1433549654 8.723, -83.7382226477 38.1432476298 8.731, -83.7382176193 38.1431387693 8.738, -83.7382632838 38.142842064 8.759, -83.7382687299 38.1427317334 8.766, -83.7382518453 38.1426240447 8.774, -83.7382094544 38.1425205912 8.781, -83.7381441671 38.1424277345 8.788, -83.738064281 38.1423472656 8.795, -83.7379715277 38.1422794872 8.802, -83.7378676146 38.1422255275 8.809, -83.7377518626 38.1421848256 8.816, -83.7376277257 38.1421582646 8.823, -83.737497938 38.1421475384 8.83, -83.7373649284 38.1421529635 8.837, -83.7372301297 38.1421729166 8.845, -83.7370926193 38.1422029863 8.852, -83.7361662706 38.1424497988 8.905, -83.735468586 38.1426271616 8.945, -83.7331508904 38.1432331284 9.078, -83.732824021 38.1433066569 9.096, -83.7326633493 38.1433313829 9.105, -83.7324995178 38.1433445166 9.114, -83.7323338931 38.1433469072 9.123, -83.7321672315 38.1433363701 9.132, -83.7320030533 38.1433113163 9.141, -83.7318423886 38.1432723133 9.15, -83.7316855766 38.1432196418 9.16, -83.7315339324 38.143156072 9.169, -83.731386678 38.1430846104 9.178, -83.7310996971 38.1429335743 9.197, -83.7310543057 38.142908561 9.2)"
"District 09","Bath","09-80250.00","US","60","US-60","REALIGNMENT","8.4","9.2","REALIGN ROADWAY ON US 60 NEAR OWINGSVILLE BEGINNING IN THE VICINITY OF ROSE BUSH LN AND ENDING AT WELLS ROAD NEAR I 64 EXIT 123 (2022CCN) (2024CCR)","","2022","2026","U","SPP","1300000","2029","","","","006-US-0060-000","LINESTRING Z (-83.7434568519 38.1446535237 8.4, -83.743332762 38.1446505423 8.407, -83.7432023457 38.1446499753 8.414, -83.7428801496 38.1446670259 8.432, -83.7427210631 38.1446846506 8.44, -83.7422419371 38.1447550693 8.467, -83.7420780966 38.144768491 8.476, -83.7419128235 38.1447706262 8.485, -83.741746853 38.1447601144 8.494, -83.7415812481 38.1447361485 8.503, -83.7414191472 38.1446985077 8.512, -83.7412656662 38.1446508506 8.521, -83.7411225599 38.1445926569 8.53, -83.740992217 38.1445256153 8.538, -83.7408732157 38.1444507997 8.546, -83.7407638563 38.14436681 8.555, -83.740662363 38.1442749872 8.563, -83.7403758054 38.1439800478 8.589, -83.7402801555 38.1438907969 8.597, -83.7401762552 38.1438107437 8.605, -83.7400629941 38.1437423443 8.612, -83.7399375389 38.1436874704 8.62, -83.739801937 38.1436475314 8.628, -83.7396593028 38.1436231298 8.636, -83.7395137718 38.1436157094 8.644, -83.7393709574 38.1436234418 8.651, -83.738970561 38.1436894194 8.674, -83.7388451814 38.1436955257 8.68, -83.7387202211 38.1436862565 8.687, -83.7385985892 38.1436569924 8.694, -83.7384865584 38.1436072896 8.701, -83.7383875455 38.1435394049 8.708, -83.7383074526 38.1434537138 8.716, -83.7382510205 38.1433549654 8.723, -83.7382226477 38.1432476298 8.731, -83.7382176193 38.1431387693 8.738, -83.7382632838 38.142842064 8.759, -83.7382687299 38.1427317334 8.766, -83.7382518453 38.1426240447 8.774, -83.7382094544 38.1425205912 8.781, -83.7381441671 38.1424277345 8.788, -83.738064281 38.1423472656 8.795, -83.7379715277 38.1422794872 8.802, -83.7378676146 38.1422255275 8.809, -83.7377518626 38.1421848256 8.816, -83.7376277257 38.1421582646 8.823, -83.737497938 38.1421475384 8.83, -83.7373649284 38.1421529635 8.837, -83.7372301297 38.1421729166 8.845, -83.7370926193 38.1422029863 8.852, -83.7361662706 38.1424497988 8.905, -83.735468586 38.1426271616 8.945, -83.7331508904 38.1432331284 9.078, -83.732824021 38.1433066569 9.096, -83.7326633493 38.1433313829 9.105, -83.7324995178 38.1433445166 9.114, -83.7323338931 38.1433469072 9.123, -83.7321672315 38.1433363701 9.132, -83.7320030533 38.1433113163 9.141, -83.7318423886 38.1432723133 9.15, -83.7316855766 38.1432196418 9.16, -83.7315339324 38.143156072 9.169, -83.731386678 38.1430846104 9.178, -83.7310996971 38.1429335743 9.197, -83.7310543057 38.142908561 9.2)"
"District 09","Boyd","09-00180.00","KY","716","KY-716","RECONSTRUCTION","0.0","0.56","IMPROVE SAFETY AND DECREASE CONGESTION ON KY 716 FROM MP 0.0 (US 60) TO MP 0.56 (KY 3293) (2020CCR) (2024CCN)","","2020","2026","U","SPP","1080000","2031","","","","010-KY-0716-000","LINESTRING Z (-82.6902074466 38.4364366312 0, -82.690378932 38.4365377641 0.012, -82.6905105305 38.4366153394 0.02, -82.6906282638 38.4366568413 0.026, -82.690824318 38.4367132748 0.036, -82.6909794853 38.436745026 0.044, -82.6913734847 38.4368126083 0.063, -82.6915814031 38.4368358294 0.073, -82.6916869135 38.4368437699 0.078, -82.691811843 38.4368467162 0.084, -82.6920178184 38.4368495545 0.096, -82.6921846664 38.4368357228 0.106, -82.6923497864 38.4368130545 0.116, -82.6925124815 38.4367815319 0.126, -82.69266981 38.4367446509 0.135, -82.6930666668 38.4366430591 0.16, -82.693295143 38.4365920753 0.172, -82.6934650961 38.4365623872 0.181, -82.6936422275 38.4365364553 0.19, -82.6940042067 38.4364922075 0.209, -82.6948860485 38.4363786531 0.259, -82.6952648377 38.4363249435 0.28, -82.6955371456 38.4362866241 0.295, -82.6968921802 38.4361085867 0.375, -82.6978045677 38.4359826089 0.425, -82.6990068594 38.4358234202 0.49, -82.6994145922 38.4357707171 0.504, -82.7001192022 38.4356767424 0.535, -82.7003134387 38.4356509663 0.546, -82.7006677199 38.4355900153 0.56)"
"District 09","Boyd","09-00180.00","KY","716","KY-716","RECONSTRUCTION","0.0","0.56","IMPROVE SAFETY AND DECREASE CONGESTION ON KY 716 FROM MP 0.0 (US 60) TO MP 0.56 (KY 3293) (2020CCR) (2024CCN)","","2020","2026","C","SPP","2800000","2032","","","","010-KY-0716-000","LINESTRING Z (-82.6902074466 38.4364366312 0, -82.690378932 38.4365377641 0.012, -82.6905105305 38.4366153394 0.02, -82.6906282638 38.4366568413 0.026, -82.690824318 38.4367132748 0.036, -82.6909794853 38.436745026 0.044, -82.6913734847 38.4368126083 0.063, -82.6915814031 38.4368358294 0.073, -82.6916869135 38.4368437699 0.078, -82.691811843 38.4368467162 0.084, -82.6920178184 38.4368495545 0.096, -82.6921846664 38.4368357228 0.106, -82.6923497864 38.4368130545 0.116, -82.6925124815 38.4367815319 0.126, -82.69266981 38.4367446509 0.135, -82.6930666668 38.4366430591 0.16, -82.693295143 38.4365920753 0.172, -82.6934650961 38.4365623872 0.181, -82.6936422275 38.4365364553 0.19, -82.6940042067 38.4364922075 0.209, -82.6948860485 38.4363786531 0.259, -82.6952648377 38.4363249435 0.28, -82.6955371456 38.4362866241 0.295, -82.6968921802 38.4361085867 0.375, -82.6978045677 38.4359826089 0.425, -82.6990068594 38.4358234202 0.49, -82.6994145922 38.4357707171 0.504, -82.7001192022 38.4356767424 0.535, -82.7003134387 38.4356509663 0.546, -82.7006677199 38.4355900153 0.56)"
"District 09","Boyd","09-00180.00","KY","716","KY-716","RECONSTRUCTION","0.0","0.56","IMPROVE SAFETY AND DECREASE CONGESTION ON KY 716 FROM MP 0.0 (US 60) TO MP 0.56 (KY 3293) (2020CCR) (2024CCN)","","2020","2026","D","SPP","520000","2029","","","","010-KY-0716-000","LINESTRING Z (-82.6902074466 38.4364366312 0, -82.690378932 38.4365377641 0.012, -82.6905105305 38.4366153394 0.02, -82.6906282638 38.4366568413 0.026, -82.690824318 38.4367132748 0.036, -82.6909794853 38.436745026 0.044, -82.6913734847 38.4368126083 0.063, -82.6915814031 38.4368358294 0.073, -82.6916869135 38.4368437699 0.078, -82.691811843 38.4368467162 0.084, -82.6920178184 38.4368495545 0.096, -82.6921846664 38.4368357228 0.106, -82.6923497864 38.4368130545 0.116, -82.6925124815 38.4367815319 0.126, -82.69266981 38.4367446509 0.135, -82.6930666668 38.4366430591 0.16, -82.693295143 38.4365920753 0.172, -82.6934650961 38.4365623872 0.181, -82.6936422275 38.4365364553 0.19, -82.6940042067 38.4364922075 0.209, -82.6948860485 38.4363786531 0.259, -82.6952648377 38.4363249435 0.28, -82.6955371456 38.4362866241 0.295, -82.6968921802 38.4361085867 0.375, -82.6978045677 38.4359826089 0.425, -82.6990068594 38.4358234202 0.49, -82.6994145922 38.4357707171 0.504, -82.7001192022 38.4356767424 0.535, -82.7003134387 38.4356509663 0.546, -82.7006677199 38.4355900153 0.56)"
"District 09","Boyd","09-00180.00","KY","716","KY-716","RECONSTRUCTION","0.0","0.56","IMPROVE SAFETY AND DECREASE CONGESTION ON KY 716 FROM MP 0.0 (US 60) TO MP 0.56 (KY 3293) (2020CCR) (2024CCN)","","2020","2026","R","SPP","280000","2030","","","","010-KY-0716-000","LINESTRING Z (-82.6902074466 38.4364366312 0, -82.690378932 38.4365377641 0.012, -82.6905105305 38.4366153394 0.02, -82.6906282638 38.4366568413 0.026, -82.690824318 38.4367132748 0.036, -82.6909794853 38.436745026 0.044, -82.6913734847 38.4368126083 0.063, -82.6915814031 38.4368358294 0.073, -82.6916869135 38.4368437699 0.078, -82.691811843 38.4368467162 0.084, -82.6920178184 38.4368495545 0.096, -82.6921846664 38.4368357228 0.106, -82.6923497864 38.4368130545 0.116, -82.6925124815 38.4367815319 0.126, -82.69266981 38.4367446509 0.135, -82.6930666668 38.4366430591 0.16, -82.693295143 38.4365920753 0.172, -82.6934650961 38.4365623872 0.181, -82.6936422275 38.4365364553 0.19, -82.6940042067 38.4364922075 0.209, -82.6948860485 38.4363786531 0.259, -82.6952648377 38.4363249435 0.28, -82.6955371456 38.4362866241 0.295, -82.6968921802 38.4361085867 0.375, -82.6978045677 38.4359826089 0.425, -82.6990068594 38.4358234202 0.49, -82.6994145922 38.4357707171 0.504, -82.7001192022 38.4356767424 0.535, -82.7003134387 38.4356509663 0.546, -82.7006677199 38.4355900153 0.56)"
"District 09","Boyd","09-00208.06","CO","0","CO-0","MATCHED FED FUNDS(O)","","","FEDERAL 'STP' FUNDS DEDICATED TO HUNTINGTON-ASHLAND MPO FOR FY 2022-2028. (FUNDING SUBJECT TO FISCAL CONSTRAINT PENDING MPO TIP)   (2020CCR) (2022CCR) (2024CCR)","","2014","2026","C","SAH","12600000","2026","","","","",""
"District 09","Boyd","09-10016.00","I","64","I-64","AM-BRIDGE (P)","191.404","191.507","ADDRESS DEFICIENCIES ON PERRY GENTRY BRIDGES OVER THE BIG SANDY RIVER. JOINT PROJECT WITH WEST VIRGINIA. (010B00046L AND 010B00046R)(SD)","010B00046L","2018","2026","D","FBP","200000","2028","","","","010-I-0064-000","LINESTRING Z (-82.5958595593 38.380898112 191.404, -82.5940830539 38.3813742527 191.507)"
"District 09","Boyd","09-10016.00","I","64","I-64","AM-BRIDGE (P)","191.404","191.507","ADDRESS DEFICIENCIES ON PERRY GENTRY BRIDGES OVER THE BIG SANDY RIVER. JOINT PROJECT WITH WEST VIRGINIA. (010B00046L AND 010B00046R)(SD)","010B00046L","2018","2026","C","FBP","2000000","2028","","","","010-I-0064-000","LINESTRING Z (-82.5958595593 38.380898112 191.404, -82.5940830539 38.3813742527 191.507)"
"District 09","Boyd","09-10074.00","US","23","US-23","AM-BRIDGE (P)","0.036","0.474","BRIDGE PROJECT IN BOYD COUNTY ON (010B00058N) US-23S AT OHIO RIVER,CSX,STREETS","010B00058N","2022","2026","C","BRO","20600000","2027","","","","010-US-0023S-000","LINESTRING Z (-82.6425763704 38.4808120968 0.036, -82.6423055924 38.4811395277 0.063, -82.6419057336 38.4816507959 0.105, -82.6415957491 38.4820701799 0.139, -82.640866475 38.4830959293 0.221, -82.6405241352 38.4835608954 0.258, -82.6403210106 38.4838586165 0.281, -82.6400708985 38.4841845031 0.308, -82.6385628372 38.4862575201 0.474)"
"District 09","Boyd","09-10074.00","US","23","US-23","AM-BRIDGE (P)","0.036","0.474","BRIDGE PROJECT IN BOYD COUNTY ON (010B00058N) US-23S AT OHIO RIVER,CSX,STREETS","010B00058N","2022","2026","D","BRO","2060000","2027","","","","010-US-0023S-000","LINESTRING Z (-82.6425763704 38.4808120968 0.036, -82.6423055924 38.4811395277 0.063, -82.6419057336 38.4816507959 0.105, -82.6415957491 38.4820701799 0.139, -82.640866475 38.4830959293 0.221, -82.6405241352 38.4835608954 0.258, -82.6403210106 38.4838586165 0.281, -82.6400708985 38.4841845031 0.308, -82.6385628372 38.4862575201 0.474)"
"District 09","Boyd","09-10075.00","CR","1243","CR-1243","AM-BRIDGE (P)","0.123","0.137","BRIDGE PROJECT IN BOYD COUNTY ON (010C00018N) STRAIGHT CRK AT STRAIGHT CREEK (2026CCR)","010C00018N","2022","2026","C","FBP2","1426494","2031","","","","010-CR-1243-000","LINESTRING Z (-82.762665585 38.4009564601 0.123, -82.7626991873 38.4009681901 0.125, -82.7629120715 38.4010270653 0.137)"
"District 09","Boyd","09-10075.00","CR","1243","CR-1243","AM-BRIDGE (P)","0.123","0.137","BRIDGE PROJECT IN BOYD COUNTY ON (010C00018N) STRAIGHT CRK AT STRAIGHT CREEK (2026CCR)","010C00018N","2022","2026","D","FBP2","213974","2031","","","","010-CR-1243-000","LINESTRING Z (-82.762665585 38.4009564601 0.123, -82.7626991873 38.4009681901 0.125, -82.7629120715 38.4010270653 0.137)"
"District 09","Boyd","09-10096.00","US","23","US-23","AM-BRIDGE (P)","0.048","0.479","ADDRESS DEFICIENCIES OF BRIDGE ON US 23 OVER OHIO RIVER,CSX ,STREETS (010B00040N)","010B00040N","2024","2026","C","BRZ","2000000","2027","","","","010-US-0023S-000","LINESTRING Z (-82.6424560249 38.4809576217 0.048, -82.6423055924 38.4811395277 0.063, -82.6419057336 38.4816507959 0.105, -82.6415957491 38.4820701799 0.139, -82.640866475 38.4830959293 0.221, -82.6405241352 38.4835608954 0.258, -82.6403210106 38.4838586165 0.281, -82.6400708985 38.4841845031 0.308, -82.6385174124 38.48631996 0.479)"
"District 09","Boyd","09-10096.00","US","23","US-23","AM-BRIDGE (P)","0.048","0.479","ADDRESS DEFICIENCIES OF BRIDGE ON US 23 OVER OHIO RIVER,CSX ,STREETS (010B00040N)","010B00040N","2024","2026","D","BRZ","200000","2027","","","","010-US-0023S-000","LINESTRING Z (-82.6424560249 38.4809576217 0.048, -82.6423055924 38.4811395277 0.063, -82.6419057336 38.4816507959 0.105, -82.6415957491 38.4820701799 0.139, -82.640866475 38.4830959293 0.221, -82.6405241352 38.4835608954 0.258, -82.6403210106 38.4838586165 0.281, -82.6400708985 38.4841845031 0.308, -82.6385174124 38.48631996 0.479)"
"District 09","Boyd","09-20036.00","US","60","US-60","AM-PAVEMENT (PRI)(P)","4.135","9.638","ADDRESS CONDITION OF US-60 FROM MILEPOINT 4.135 TO MILEPOINT 9.638","","2026","2026","C","STP5","5520000","2032","","","","010-US-0060-000","LINESTRING Z (-82.7152285204 38.3886359409 4.135, -82.7151215349 38.3887682569 4.146, -82.7149633733 38.3889378466 4.16, -82.7147955042 38.3891058138 4.175, -82.7146081633 38.3892719073 4.19, -82.7144460093 38.3894029299 4.203, -82.7137910178 38.3898699815 4.251, -82.7125522073 38.3907116602 4.34, -82.7120222666 38.3910750311 4.379, -82.7117012368 38.3913080298 4.403, -82.7115071473 38.3914681768 4.418, -82.7112684757 38.3916848772 4.438, -82.7110018783 38.3919689988 4.462, -82.7108744632 38.3921206891 4.475, -82.7107540986 38.3922791532 4.488, -82.7106429097 38.3924436229 4.501, -82.7105409215 38.3926135486 4.514, -82.7104491326 38.3927900544 4.527, -82.710366509 38.3929728401 4.541, -82.7102927127 38.3931616209 4.554, -82.7102298835 38.3933553547 4.568, -82.7101360704 38.3937408901 4.595, -82.7101139929 38.3939452843 4.61, -82.710104829 38.3941497356 4.624, -82.7101057792 38.3943544452 4.638, -82.7101168199 38.3945599636 4.652, -82.7101369382 38.3947654409 4.667, -82.7101972784 38.3951799312 4.696, -82.7102357561 38.3953889003 4.71, -82.7104359279 38.3963638861 4.779, -82.7107039329 38.3976400832 4.869, -82.7113034927 38.4004965967 5.07, -82.7113753592 38.4008690703 5.096, -82.7115014925 38.4014572354 5.137, -82.7115771688 38.4017883206 5.16, -82.7116466941 38.4020571549 5.179, -82.7117196568 38.4023104161 5.197, -82.7117776419 38.4024869148 5.21, -82.7119099825 38.4028408814 5.235, -82.7120671222 38.4031946587 5.261, -82.7121548117 38.4033705446 5.274, -82.7123481612 38.4037183804 5.3, -82.7125656587 38.4040649121 5.327, -82.7127054425 38.4042729028 5.343, -82.7140599113 38.406237403 5.497, -82.7141758241 38.4064233508 5.511, -82.7142835906 38.4066121123 5.525, -82.7143630835 38.4067669057 5.537, -82.7144677765 38.406996251 5.554, -82.7145381973 38.407193122 5.568, -82.7145921125 38.4073923189 5.582, -82.714628113 38.4075940785 5.596, -82.7146479448 38.4077984466 5.61, -82.7146537683 38.4080038297 5.624, -82.7146431974 38.4082087931 5.639, -82.7146276717 38.4083309313 5.647, -82.714616908 38.4084139038 5.653, -82.7145287151 38.4087987606 5.68, -82.7144103318 38.4091199281 5.703, -82.714254253 38.409440679 5.727, -82.7141196793 38.409629829 5.742, -82.7140047322 38.409774973 5.753, -82.7139218631 38.4098621429 5.761, -82.7138769732 38.4099090733 5.765, -82.7134146689 38.4103392974 5.804, -82.7132994214 38.4104410233 5.813, -82.713111336 38.4106068217 5.828, -82.7117088304 38.4117333336 5.938, -82.7110398882 38.4122706233 5.99, -82.7103015752 38.4128638282 6.047, -82.7095155959 38.4134863029 6.107, -82.7074352522 38.4150995372 6.266, -82.7072354938 38.4152683247 6.281, -82.7068503154 38.4155716486 6.311, -82.7064393268 38.4159078271 6.343, -82.7062488045 38.4160727288 6.359, -82.7060654811 38.4162408365 6.374, -82.7058904158 38.4164119042 6.389, -82.7057236536 38.4165848327 6.404, -82.7055652293 38.4167587996 6.419, -82.7054158165 38.4169343716 6.434, -82.7051420601 38.4172872576 6.462, -82.7043378134 38.4183897581 6.55, -82.703458387 38.4196117582 6.643, -82.7029889365 38.4202447959 6.692, -82.7025050305 38.4208725154 6.741, -82.7018835288 38.4216681361 6.803, -82.7014694054 38.4222045064 6.845, -82.7006016003 38.423304249 6.931, -82.7002580166 38.4237479175 6.966, -82.6986603588 38.425785534 7.125, -82.6974897364 38.4272780405 7.25, -82.6969387042 38.4279806634 7.309, -82.6963024523 38.4287920863 7.377, -82.695498995 38.4298189952 7.463, -82.6937334073 38.4320747659 7.653, -82.6932770511 38.4326578256 7.702, -82.6920417859 38.4342293897 7.829, -82.6909356407 38.4356685477 7.945, -82.6906399619 38.4360244076 7.974, -82.6904411708 38.4362346782 7.992, -82.6902074466 38.4364366312 8.011, -82.6900797635 38.4365415858 8.021, -82.689944256 38.4366331512 8.031, -82.6897969753 38.436722215 8.041, -82.689468835 38.436884639 8.062, -82.6891065783 38.4370274987 8.084, -82.68891953 38.4370817411 8.095, -82.6887348266 38.4371300002 8.105, -82.6883652136 38.4372146966 8.126, -82.6840370004 38.4381397787 8.37, -82.6835518115 38.4382481234 8.397, -82.6833124992 38.4383073256 8.411, -82.6830787063 38.4383765603 8.424, -82.6828504656 38.4384550053 8.438, -82.6826278356 38.4385412872 8.451, -82.6824120968 38.4386381877 8.465, -82.6822050287 38.4387449274 8.478, -82.6820069451 38.43886234 8.492, -82.6818197171 38.4389874515 8.505, -82.6816438082 38.4391175256 8.518, -82.6814814903 38.4392567431 8.531, -82.681328604 38.4393959298 8.544, -82.6811864879 38.4395364944 8.556, -82.680953996 38.4398667663 8.582, -82.6808491271 38.4400354929 8.595, -82.6807346908 38.4402575479 8.612, -82.6806726774 38.4403955137 8.622, -82.6806025851 38.4405846472 8.636, -82.680547348 38.440777737 8.649, -82.6805080234 38.4409745351 8.663, -82.6804829155 38.4411738994 8.677, -82.6804741499 38.4413750606 8.691, -82.6804807151 38.4415771672 8.705, -82.6805001823 38.4417798838 8.719, -82.6805301052 38.4419831448 8.733, -82.6807163578 38.4430089146 8.804, -82.6807871477 38.4434294564 8.833, -82.6808150176 38.4436400825 8.848, -82.6808411791 38.4439583635 8.87, -82.6808494586 38.4442698627 8.891, -82.6808446524 38.444476621 8.906, -82.6808325519 38.4446823664 8.92, -82.6808117256 38.4448878854 8.934, -82.6807821766 38.4450931784 8.948, -82.6807449504 38.4452982738 8.963, -82.6807000691 38.4455026214 8.977, -82.6806468456 38.4457059281 8.991, -82.6805165377 38.4461067051 9.02, -82.6803598211 38.4465040512 9.048, -82.6802555437 38.4467335112 9.065, -82.6801742626 38.4468976284 9.077, -82.6800679416 38.4470924174 9.092, -82.6799511505 38.447286936 9.106, -82.6798246335 38.4474801031 9.121, -82.6796901808 38.4476708672 9.136, -82.6795474206 38.4478597674 9.151, -82.6793978062 38.4480454686 9.167, -82.6792406164 38.4482285004 9.182, -82.6789851402 38.4484977298 9.205, -82.6789012307 38.4485826516 9.212, -82.6785399653 38.4489252448 9.243, -82.677265179 38.4500664879 9.347, -82.6770916379 38.4502309597 9.362, -82.6754940331 38.4516709858 9.493, -82.6750473919 38.4520575137 9.529, -82.6747322256 38.4523163959 9.554, -82.6745260383 38.4524758969 9.569, -82.6740946638 38.4527897353 9.601, -82.673641953 38.4530873587 9.633, -82.6735697628 38.45313241 9.638)"
"District 09","Boyd","09-20036.00","US","60","US-60","AM-PAVEMENT (PRI)(P)","4.135","9.638","ADDRESS CONDITION OF US-60 FROM MILEPOINT 4.135 TO MILEPOINT 9.638","","2026","2026","D","STP5","480000","2032","","","","010-US-0060-000","LINESTRING Z (-82.7152285204 38.3886359409 4.135, -82.7151215349 38.3887682569 4.146, -82.7149633733 38.3889378466 4.16, -82.7147955042 38.3891058138 4.175, -82.7146081633 38.3892719073 4.19, -82.7144460093 38.3894029299 4.203, -82.7137910178 38.3898699815 4.251, -82.7125522073 38.3907116602 4.34, -82.7120222666 38.3910750311 4.379, -82.7117012368 38.3913080298 4.403, -82.7115071473 38.3914681768 4.418, -82.7112684757 38.3916848772 4.438, -82.7110018783 38.3919689988 4.462, -82.7108744632 38.3921206891 4.475, -82.7107540986 38.3922791532 4.488, -82.7106429097 38.3924436229 4.501, -82.7105409215 38.3926135486 4.514, -82.7104491326 38.3927900544 4.527, -82.710366509 38.3929728401 4.541, -82.7102927127 38.3931616209 4.554, -82.7102298835 38.3933553547 4.568, -82.7101360704 38.3937408901 4.595, -82.7101139929 38.3939452843 4.61, -82.710104829 38.3941497356 4.624, -82.7101057792 38.3943544452 4.638, -82.7101168199 38.3945599636 4.652, -82.7101369382 38.3947654409 4.667, -82.7101972784 38.3951799312 4.696, -82.7102357561 38.3953889003 4.71, -82.7104359279 38.3963638861 4.779, -82.7107039329 38.3976400832 4.869, -82.7113034927 38.4004965967 5.07, -82.7113753592 38.4008690703 5.096, -82.7115014925 38.4014572354 5.137, -82.7115771688 38.4017883206 5.16, -82.7116466941 38.4020571549 5.179, -82.7117196568 38.4023104161 5.197, -82.7117776419 38.4024869148 5.21, -82.7119099825 38.4028408814 5.235, -82.7120671222 38.4031946587 5.261, -82.7121548117 38.4033705446 5.274, -82.7123481612 38.4037183804 5.3, -82.7125656587 38.4040649121 5.327, -82.7127054425 38.4042729028 5.343, -82.7140599113 38.406237403 5.497, -82.7141758241 38.4064233508 5.511, -82.7142835906 38.4066121123 5.525, -82.7143630835 38.4067669057 5.537, -82.7144677765 38.406996251 5.554, -82.7145381973 38.407193122 5.568, -82.7145921125 38.4073923189 5.582, -82.714628113 38.4075940785 5.596, -82.7146479448 38.4077984466 5.61, -82.7146537683 38.4080038297 5.624, -82.7146431974 38.4082087931 5.639, -82.7146276717 38.4083309313 5.647, -82.714616908 38.4084139038 5.653, -82.7145287151 38.4087987606 5.68, -82.7144103318 38.4091199281 5.703, -82.714254253 38.409440679 5.727, -82.7141196793 38.409629829 5.742, -82.7140047322 38.409774973 5.753, -82.7139218631 38.4098621429 5.761, -82.7138769732 38.4099090733 5.765, -82.7134146689 38.4103392974 5.804, -82.7132994214 38.4104410233 5.813, -82.713111336 38.4106068217 5.828, -82.7117088304 38.4117333336 5.938, -82.7110398882 38.4122706233 5.99, -82.7103015752 38.4128638282 6.047, -82.7095155959 38.4134863029 6.107, -82.7074352522 38.4150995372 6.266, -82.7072354938 38.4152683247 6.281, -82.7068503154 38.4155716486 6.311, -82.7064393268 38.4159078271 6.343, -82.7062488045 38.4160727288 6.359, -82.7060654811 38.4162408365 6.374, -82.7058904158 38.4164119042 6.389, -82.7057236536 38.4165848327 6.404, -82.7055652293 38.4167587996 6.419, -82.7054158165 38.4169343716 6.434, -82.7051420601 38.4172872576 6.462, -82.7043378134 38.4183897581 6.55, -82.703458387 38.4196117582 6.643, -82.7029889365 38.4202447959 6.692, -82.7025050305 38.4208725154 6.741, -82.7018835288 38.4216681361 6.803, -82.7014694054 38.4222045064 6.845, -82.7006016003 38.423304249 6.931, -82.7002580166 38.4237479175 6.966, -82.6986603588 38.425785534 7.125, -82.6974897364 38.4272780405 7.25, -82.6969387042 38.4279806634 7.309, -82.6963024523 38.4287920863 7.377, -82.695498995 38.4298189952 7.463, -82.6937334073 38.4320747659 7.653, -82.6932770511 38.4326578256 7.702, -82.6920417859 38.4342293897 7.829, -82.6909356407 38.4356685477 7.945, -82.6906399619 38.4360244076 7.974, -82.6904411708 38.4362346782 7.992, -82.6902074466 38.4364366312 8.011, -82.6900797635 38.4365415858 8.021, -82.689944256 38.4366331512 8.031, -82.6897969753 38.436722215 8.041, -82.689468835 38.436884639 8.062, -82.6891065783 38.4370274987 8.084, -82.68891953 38.4370817411 8.095, -82.6887348266 38.4371300002 8.105, -82.6883652136 38.4372146966 8.126, -82.6840370004 38.4381397787 8.37, -82.6835518115 38.4382481234 8.397, -82.6833124992 38.4383073256 8.411, -82.6830787063 38.4383765603 8.424, -82.6828504656 38.4384550053 8.438, -82.6826278356 38.4385412872 8.451, -82.6824120968 38.4386381877 8.465, -82.6822050287 38.4387449274 8.478, -82.6820069451 38.43886234 8.492, -82.6818197171 38.4389874515 8.505, -82.6816438082 38.4391175256 8.518, -82.6814814903 38.4392567431 8.531, -82.681328604 38.4393959298 8.544, -82.6811864879 38.4395364944 8.556, -82.680953996 38.4398667663 8.582, -82.6808491271 38.4400354929 8.595, -82.6807346908 38.4402575479 8.612, -82.6806726774 38.4403955137 8.622, -82.6806025851 38.4405846472 8.636, -82.680547348 38.440777737 8.649, -82.6805080234 38.4409745351 8.663, -82.6804829155 38.4411738994 8.677, -82.6804741499 38.4413750606 8.691, -82.6804807151 38.4415771672 8.705, -82.6805001823 38.4417798838 8.719, -82.6805301052 38.4419831448 8.733, -82.6807163578 38.4430089146 8.804, -82.6807871477 38.4434294564 8.833, -82.6808150176 38.4436400825 8.848, -82.6808411791 38.4439583635 8.87, -82.6808494586 38.4442698627 8.891, -82.6808446524 38.444476621 8.906, -82.6808325519 38.4446823664 8.92, -82.6808117256 38.4448878854 8.934, -82.6807821766 38.4450931784 8.948, -82.6807449504 38.4452982738 8.963, -82.6807000691 38.4455026214 8.977, -82.6806468456 38.4457059281 8.991, -82.6805165377 38.4461067051 9.02, -82.6803598211 38.4465040512 9.048, -82.6802555437 38.4467335112 9.065, -82.6801742626 38.4468976284 9.077, -82.6800679416 38.4470924174 9.092, -82.6799511505 38.447286936 9.106, -82.6798246335 38.4474801031 9.121, -82.6796901808 38.4476708672 9.136, -82.6795474206 38.4478597674 9.151, -82.6793978062 38.4480454686 9.167, -82.6792406164 38.4482285004 9.182, -82.6789851402 38.4484977298 9.205, -82.6789012307 38.4485826516 9.212, -82.6785399653 38.4489252448 9.243, -82.677265179 38.4500664879 9.347, -82.6770916379 38.4502309597 9.362, -82.6754940331 38.4516709858 9.493, -82.6750473919 38.4520575137 9.529, -82.6747322256 38.4523163959 9.554, -82.6745260383 38.4524758969 9.569, -82.6740946638 38.4527897353 9.601, -82.673641953 38.4530873587 9.633, -82.6735697628 38.45313241 9.638)"
"District 09","Boyd","09-80300.00","US","60","US-60","SAFETY(P)","10.7","10.9","Improve operational efficiency of the US 60 (13th Street) and KY 168 (Blackburn Ave) intersection. (2024CCN) (2026CCR)","","2024","2026","U","NH","3360000","2031","","","","010-US-0060-000","LINESTRING Z (-82.6606426704 38.4643964573 10.7, -82.6598884442 38.4647763727 10.749, -82.6597605292 38.4648348585 10.757, -82.6594675734 38.4649703701 10.776, -82.6593817639 38.4650247323 10.782, -82.6592915163 38.4651015082 10.789, -82.6591934546 38.4651978617 10.797, -82.6590386229 38.4653891714 10.813, -82.6588624793 38.46559696 10.83, -82.658644853 38.4658022942 10.848, -82.6584703615 38.4659708363 10.863, -82.6583060087 38.4661143667 10.876, -82.6580452504 38.4663397316 10.897, -82.6580042484 38.4663696093 10.9)"
"District 09","Boyd","09-80300.00","US","60","US-60","SAFETY(P)","10.7","10.9","Improve operational efficiency of the US 60 (13th Street) and KY 168 (Blackburn Ave) intersection. (2024CCN) (2026CCR)","","2024","2026","D","NH","1300000","2029","","","","010-US-0060-000","LINESTRING Z (-82.6606426704 38.4643964573 10.7, -82.6598884442 38.4647763727 10.749, -82.6597605292 38.4648348585 10.757, -82.6594675734 38.4649703701 10.776, -82.6593817639 38.4650247323 10.782, -82.6592915163 38.4651015082 10.789, -82.6591934546 38.4651978617 10.797, -82.6590386229 38.4653891714 10.813, -82.6588624793 38.46559696 10.83, -82.658644853 38.4658022942 10.848, -82.6584703615 38.4659708363 10.863, -82.6583060087 38.4661143667 10.876, -82.6580452504 38.4663397316 10.897, -82.6580042484 38.4663696093 10.9)"
"District 09","Boyd","09-80300.00","US","60","US-60","SAFETY(P)","10.7","10.9","Improve operational efficiency of the US 60 (13th Street) and KY 168 (Blackburn Ave) intersection. (2024CCN) (2026CCR)","","2024","2026","R","NH","4600000","2030","","","","010-US-0060-000","LINESTRING Z (-82.6606426704 38.4643964573 10.7, -82.6598884442 38.4647763727 10.749, -82.6597605292 38.4648348585 10.757, -82.6594675734 38.4649703701 10.776, -82.6593817639 38.4650247323 10.782, -82.6592915163 38.4651015082 10.789, -82.6591934546 38.4651978617 10.797, -82.6590386229 38.4653891714 10.813, -82.6588624793 38.46559696 10.83, -82.658644853 38.4658022942 10.848, -82.6584703615 38.4659708363 10.863, -82.6583060087 38.4661143667 10.876, -82.6580452504 38.4663397316 10.897, -82.6580042484 38.4663696093 10.9)"
"District 09","Boyd","09-80300.00","US","60","US-60","SAFETY(P)","10.7","10.9","Improve operational efficiency of the US 60 (13th Street) and KY 168 (Blackburn Ave) intersection. (2024CCN) (2026CCR)","","2024","2026","C","NH","4060000","2032","","","","010-US-0060-000","LINESTRING Z (-82.6606426704 38.4643964573 10.7, -82.6598884442 38.4647763727 10.749, -82.6597605292 38.4648348585 10.757, -82.6594675734 38.4649703701 10.776, -82.6593817639 38.4650247323 10.782, -82.6592915163 38.4651015082 10.789, -82.6591934546 38.4651978617 10.797, -82.6590386229 38.4653891714 10.813, -82.6588624793 38.46559696 10.83, -82.658644853 38.4658022942 10.848, -82.6584703615 38.4659708363 10.863, -82.6583060087 38.4661143667 10.876, -82.6580452504 38.4663397316 10.897, -82.6580042484 38.4663696093 10.9)"
"District 09","Boyd","09-80301.00","US","23","US-23","CONGESTION MITIGTN(O)","17.065","18.055","Improve the operational efficiency of Greenup Avenue (US-23) from the southern split with Winchester Avenue (US-23X) (MP 17.065) to the intersection of 20th Street (MP 18.055). (2024CCN)","","2024","2026","C","NH","1550000","2032","","","","010-US-0023-000","LINESTRING Z (-82.6195573865 38.4684206362 17.065, -82.6196329511 38.4685825333 17.076, -82.6197120623 38.4687104552 17.084, -82.6198063027 38.4688360275 17.093, -82.6199171243 38.4689579173 17.103, -82.6200447055 38.4690720063 17.112, -82.6205147439 38.4694160243 17.143, -82.6214646749 38.4701191509 17.206, -82.6224574274 38.4708511476 17.272, -82.623661228 38.4717321128 17.361, -82.6244108119 38.472282946 17.417, -82.6247280813 38.4725058795 17.44, -82.6248906461 38.4726112681 17.451, -82.6252314194 38.4728076195 17.474, -82.6254081262 38.4729010161 17.486, -82.6264180569 38.4734119828 17.551, -82.6275395537 38.4739789026 17.623, -82.6297304727 38.4750811172 17.764, -82.6305675718 38.4754990344 17.818, -82.6314409623 38.4759431753 17.875, -82.6331215403 38.4767862885 17.983, -82.6342452703 38.4773606186 18.055)"
"District 09","Boyd","09-80301.00","US","23","US-23","CONGESTION MITIGTN(O)","17.065","18.055","Improve the operational efficiency of Greenup Avenue (US-23) from the southern split with Winchester Avenue (US-23X) (MP 17.065) to the intersection of 20th Street (MP 18.055). (2024CCN)","","2024","2026","R","NH","60000","2030","","","","010-US-0023-000","LINESTRING Z (-82.6195573865 38.4684206362 17.065, -82.6196329511 38.4685825333 17.076, -82.6197120623 38.4687104552 17.084, -82.6198063027 38.4688360275 17.093, -82.6199171243 38.4689579173 17.103, -82.6200447055 38.4690720063 17.112, -82.6205147439 38.4694160243 17.143, -82.6214646749 38.4701191509 17.206, -82.6224574274 38.4708511476 17.272, -82.623661228 38.4717321128 17.361, -82.6244108119 38.472282946 17.417, -82.6247280813 38.4725058795 17.44, -82.6248906461 38.4726112681 17.451, -82.6252314194 38.4728076195 17.474, -82.6254081262 38.4729010161 17.486, -82.6264180569 38.4734119828 17.551, -82.6275395537 38.4739789026 17.623, -82.6297304727 38.4750811172 17.764, -82.6305675718 38.4754990344 17.818, -82.6314409623 38.4759431753 17.875, -82.6331215403 38.4767862885 17.983, -82.6342452703 38.4773606186 18.055)"
"District 09","Boyd","09-80301.00","US","23","US-23","CONGESTION MITIGTN(O)","17.065","18.055","Improve the operational efficiency of Greenup Avenue (US-23) from the southern split with Winchester Avenue (US-23X) (MP 17.065) to the intersection of 20th Street (MP 18.055). (2024CCN)","","2024","2026","D","NH","560000","2029","","","","010-US-0023-000","LINESTRING Z (-82.6195573865 38.4684206362 17.065, -82.6196329511 38.4685825333 17.076, -82.6197120623 38.4687104552 17.084, -82.6198063027 38.4688360275 17.093, -82.6199171243 38.4689579173 17.103, -82.6200447055 38.4690720063 17.112, -82.6205147439 38.4694160243 17.143, -82.6214646749 38.4701191509 17.206, -82.6224574274 38.4708511476 17.272, -82.623661228 38.4717321128 17.361, -82.6244108119 38.472282946 17.417, -82.6247280813 38.4725058795 17.44, -82.6248906461 38.4726112681 17.451, -82.6252314194 38.4728076195 17.474, -82.6254081262 38.4729010161 17.486, -82.6264180569 38.4734119828 17.551, -82.6275395537 38.4739789026 17.623, -82.6297304727 38.4750811172 17.764, -82.6305675718 38.4754990344 17.818, -82.6314409623 38.4759431753 17.875, -82.6331215403 38.4767862885 17.983, -82.6342452703 38.4773606186 18.055)"
"District 09","Boyd","09-80301.00","US","23","US-23","CONGESTION MITIGTN(O)","17.065","18.055","Improve the operational efficiency of Greenup Avenue (US-23) from the southern split with Winchester Avenue (US-23X) (MP 17.065) to the intersection of 20th Street (MP 18.055). (2024CCN)","","2024","2026","U","NH","60000","2031","","","","010-US-0023-000","LINESTRING Z (-82.6195573865 38.4684206362 17.065, -82.6196329511 38.4685825333 17.076, -82.6197120623 38.4687104552 17.084, -82.6198063027 38.4688360275 17.093, -82.6199171243 38.4689579173 17.103, -82.6200447055 38.4690720063 17.112, -82.6205147439 38.4694160243 17.143, -82.6214646749 38.4701191509 17.206, -82.6224574274 38.4708511476 17.272, -82.623661228 38.4717321128 17.361, -82.6244108119 38.472282946 17.417, -82.6247280813 38.4725058795 17.44, -82.6248906461 38.4726112681 17.451, -82.6252314194 38.4728076195 17.474, -82.6254081262 38.4729010161 17.486, -82.6264180569 38.4734119828 17.551, -82.6275395537 38.4739789026 17.623, -82.6297304727 38.4750811172 17.764, -82.6305675718 38.4754990344 17.818, -82.6314409623 38.4759431753 17.875, -82.6331215403 38.4767862885 17.983, -82.6342452703 38.4773606186 18.055)"
"District 09","Boyd","09-80350.00","KY","168","KY-168","SAFETY(P)","6.7","6.8","Improve safety, mobility and accessibility at the intersection of KY 168 and CS 2341 (Robert's Drive); located within close proximity of an at grade CSX Railroad Crossing (MP 6.7-6.8) (2024CCN)","","2024","2026","C","SPP","6000000","2032","","","","010-KY-0168-000","LINESTRING Z (-82.6659197924 38.4767167702 6.7, -82.6660994503 38.4767870873 6.711, -82.6662419153 38.4768567273 6.72, -82.6663781461 38.4769333488 6.729, -82.6667690502 38.4771789598 6.756, -82.6671591721 38.4774432318 6.784, -82.6672866529 38.4775534179 6.794, -82.6673516462 38.4776250477 6.8)"
"District 09","Boyd","09-80350.00","KY","168","KY-168","SAFETY(P)","6.7","6.8","Improve safety, mobility and accessibility at the intersection of KY 168 and CS 2341 (Robert's Drive); located within close proximity of an at grade CSX Railroad Crossing (MP 6.7-6.8) (2024CCN)","","2024","2026","U","SPP","1630000","2031","","","","010-KY-0168-000","LINESTRING Z (-82.6659197924 38.4767167702 6.7, -82.6660994503 38.4767870873 6.711, -82.6662419153 38.4768567273 6.72, -82.6663781461 38.4769333488 6.729, -82.6667690502 38.4771789598 6.756, -82.6671591721 38.4774432318 6.784, -82.6672866529 38.4775534179 6.794, -82.6673516462 38.4776250477 6.8)"
"District 09","Boyd","09-80350.00","KY","168","KY-168","SAFETY(P)","6.7","6.8","Improve safety, mobility and accessibility at the intersection of KY 168 and CS 2341 (Robert's Drive); located within close proximity of an at grade CSX Railroad Crossing (MP 6.7-6.8) (2024CCN)","","2024","2026","D","SPP","760000","2029","","","","010-KY-0168-000","LINESTRING Z (-82.6659197924 38.4767167702 6.7, -82.6660994503 38.4767870873 6.711, -82.6662419153 38.4768567273 6.72, -82.6663781461 38.4769333488 6.729, -82.6667690502 38.4771789598 6.756, -82.6671591721 38.4774432318 6.784, -82.6672866529 38.4775534179 6.794, -82.6673516462 38.4776250477 6.8)"
"District 09","Boyd","09-80350.00","KY","168","KY-168","SAFETY(P)","6.7","6.8","Improve safety, mobility and accessibility at the intersection of KY 168 and CS 2341 (Robert's Drive); located within close proximity of an at grade CSX Railroad Crossing (MP 6.7-6.8) (2024CCN)","","2024","2026","R","SPP","2400000","2030","","","","010-KY-0168-000","LINESTRING Z (-82.6659197924 38.4767167702 6.7, -82.6660994503 38.4767870873 6.711, -82.6662419153 38.4768567273 6.72, -82.6663781461 38.4769333488 6.729, -82.6667690502 38.4771789598 6.756, -82.6671591721 38.4774432318 6.784, -82.6672866529 38.4775534179 6.794, -82.6673516462 38.4776250477 6.8)"
"District 09","Boyd","09-80351.00","CR","1299","CR-1299","DRAINAGE IMPROVE(P)","0.0","0.57","Improve Commerce Drive (CR 1299), including widening, improving geometrics and drainage (2024CCN)","","2024","2026","R","SPP","1150000","2030","","","","010-CR-1299-000","MULTILINESTRING Z ((-82.783706123 38.4124994773 0, -82.7841098434 38.412109009 0.035, -82.7844261108 38.4117828394 0.063, -82.7847365866 38.4115999364 0.084, -82.7851058407 38.4114660324 0.106, -82.7856316363 38.411355273 0.136, -82.7873003378 38.4108626176 0.232, -82.7880143965 38.4105944562 0.275, -82.788533886 38.4104233595 0.306), (-82.7900750962 38.404397569 0.306, -82.7900462703 38.4040127664 0.333, -82.7900008394 38.4034769928 0.37, -82.7900113108 38.4031047097 0.396, -82.7900721067 38.4027139025 0.423, -82.7901067835 38.4025812457 0.432, -82.7902031575 38.402312486 0.452, -82.7903333848 38.4020440213 0.471, -82.7904109484 38.4019127102 0.481, -82.7905848393 38.4016609958 0.501, -82.7908794908 38.4013062457 0.53, -82.7913131917 38.4008450713 0.57))"
"District 09","Boyd","09-80351.00","CR","1299","CR-1299","DRAINAGE IMPROVE(P)","0.0","0.57","Improve Commerce Drive (CR 1299), including widening, improving geometrics and drainage (2024CCN)","","2024","2026","U","SPP","840000","2031","","","","010-CR-1299-000","MULTILINESTRING Z ((-82.783706123 38.4124994773 0, -82.7841098434 38.412109009 0.035, -82.7844261108 38.4117828394 0.063, -82.7847365866 38.4115999364 0.084, -82.7851058407 38.4114660324 0.106, -82.7856316363 38.411355273 0.136, -82.7873003378 38.4108626176 0.232, -82.7880143965 38.4105944562 0.275, -82.788533886 38.4104233595 0.306), (-82.7900750962 38.404397569 0.306, -82.7900462703 38.4040127664 0.333, -82.7900008394 38.4034769928 0.37, -82.7900113108 38.4031047097 0.396, -82.7900721067 38.4027139025 0.423, -82.7901067835 38.4025812457 0.432, -82.7902031575 38.402312486 0.452, -82.7903333848 38.4020440213 0.471, -82.7904109484 38.4019127102 0.481, -82.7905848393 38.4016609958 0.501, -82.7908794908 38.4013062457 0.53, -82.7913131917 38.4008450713 0.57))"
"District 09","Boyd","09-80351.00","CR","1299","CR-1299","DRAINAGE IMPROVE(P)","0.0","0.57","Improve Commerce Drive (CR 1299), including widening, improving geometrics and drainage (2024CCN)","","2024","2026","C","SPP","9600000","2032","","","","010-CR-1299-000","MULTILINESTRING Z ((-82.783706123 38.4124994773 0, -82.7841098434 38.412109009 0.035, -82.7844261108 38.4117828394 0.063, -82.7847365866 38.4115999364 0.084, -82.7851058407 38.4114660324 0.106, -82.7856316363 38.411355273 0.136, -82.7873003378 38.4108626176 0.232, -82.7880143965 38.4105944562 0.275, -82.788533886 38.4104233595 0.306), (-82.7900750962 38.404397569 0.306, -82.7900462703 38.4040127664 0.333, -82.7900008394 38.4034769928 0.37, -82.7900113108 38.4031047097 0.396, -82.7900721067 38.4027139025 0.423, -82.7901067835 38.4025812457 0.432, -82.7902031575 38.402312486 0.452, -82.7903333848 38.4020440213 0.471, -82.7904109484 38.4019127102 0.481, -82.7905848393 38.4016609958 0.501, -82.7908794908 38.4013062457 0.53, -82.7913131917 38.4008450713 0.57))"
"District 09","Boyd","09-80351.00","CR","1299","CR-1299","DRAINAGE IMPROVE(P)","0.0","0.57","Improve Commerce Drive (CR 1299), including widening, improving geometrics and drainage (2024CCN)","","2024","2026","D","SPP","780000","2029","","","","010-CR-1299-000","MULTILINESTRING Z ((-82.783706123 38.4124994773 0, -82.7841098434 38.412109009 0.035, -82.7844261108 38.4117828394 0.063, -82.7847365866 38.4115999364 0.084, -82.7851058407 38.4114660324 0.106, -82.7856316363 38.411355273 0.136, -82.7873003378 38.4108626176 0.232, -82.7880143965 38.4105944562 0.275, -82.788533886 38.4104233595 0.306), (-82.7900750962 38.404397569 0.306, -82.7900462703 38.4040127664 0.333, -82.7900008394 38.4034769928 0.37, -82.7900113108 38.4031047097 0.396, -82.7900721067 38.4027139025 0.423, -82.7901067835 38.4025812457 0.432, -82.7902031575 38.402312486 0.452, -82.7903333848 38.4020440213 0.471, -82.7904109484 38.4019127102 0.481, -82.7905848393 38.4016609958 0.501, -82.7908794908 38.4013062457 0.53, -82.7913131917 38.4008450713 0.57))"
"District 09","Boyd","09-80353.00","PF","9999","PF-9999","DESIGN ENGINEERING(O)","","","Construct a new bridge over the Little Sandy River and construct a roadway from the south side of Camp Landing. Project to be complete through a Memorandum of Agreement with Boyd County, state funds contingent on the completion of transfer of ownership of","","2024","2026","U","SPP","1000000","2029","","","","",""
"District 09","Boyd","09-80353.00","PF","9999","PF-9999","DESIGN ENGINEERING(O)","","","Construct a new bridge over the Little Sandy River and construct a roadway from the south side of Camp Landing. Project to be complete through a Memorandum of Agreement with Boyd County, state funds contingent on the completion of transfer of ownership of","","2024","2026","D","SPP","1000000","2026","","","","",""
"District 09","Boyd","09-80353.00","PF","9999","PF-9999","DESIGN ENGINEERING(O)","","","Construct a new bridge over the Little Sandy River and construct a roadway from the south side of Camp Landing. Project to be complete through a Memorandum of Agreement with Boyd County, state funds contingent on the completion of transfer of ownership of","","2024","2026","R","SPP","600000","2029","","","","",""
"District 09","Boyd","09-80353.00","PF","9999","PF-9999","DESIGN ENGINEERING(O)","","","Construct a new bridge over the Little Sandy River and construct a roadway from the south side of Camp Landing. Project to be complete through a Memorandum of Agreement with Boyd County, state funds contingent on the completion of transfer of ownership of","","2024","2026","C","SPP","10000000","2030","","","","",""
"District 09","Boyd","09-80400.00","US","23","US-23","BIKE/PED FACIL(O)","20.75","20.938","Improve pedestrian mobility and safety along US-23 by constructing a pedestrian sidewalk or shared-use-path with curb and gutter from KY-5 in Boyd County to Russell Plaza Drive in Greenup County. (2026CCN)","","2026","2026","C","SPP","2500000","2031","","","","010-US-0023-000","LINESTRING Z (-82.6729106216 38.4965076774 20.75, -82.6730199371 38.4965870719 20.758, -82.6732413944 38.4967664478 20.775, -82.6735728687 38.4970484045 20.802, -82.6743702261 38.4977419042 20.866, -82.674713939 38.4980406588 20.889, -82.6750702607 38.4983639174 20.913, -82.6754129703 38.4987200649 20.938)"
"District 09","Boyd","09-80400.00","US","23","US-23","BIKE/PED FACIL(O)","20.75","20.938","Improve pedestrian mobility and safety along US-23 by constructing a pedestrian sidewalk or shared-use-path with curb and gutter from KY-5 in Boyd County to Russell Plaza Drive in Greenup County. (2026CCN)","","2026","2026","D","SPP","250000","2029","","","","010-US-0023-000","LINESTRING Z (-82.6729106216 38.4965076774 20.75, -82.6730199371 38.4965870719 20.758, -82.6732413944 38.4967664478 20.775, -82.6735728687 38.4970484045 20.802, -82.6743702261 38.4977419042 20.866, -82.674713939 38.4980406588 20.889, -82.6750702607 38.4983639174 20.913, -82.6754129703 38.4987200649 20.938)"
"District 09","Boyd","09-80400.00","US","23","US-23","BIKE/PED FACIL(O)","20.75","20.938","Improve pedestrian mobility and safety along US-23 by constructing a pedestrian sidewalk or shared-use-path with curb and gutter from KY-5 in Boyd County to Russell Plaza Drive in Greenup County. (2026CCN)","","2026","2026","U","SPP","400000","2030","","","","010-US-0023-000","LINESTRING Z (-82.6729106216 38.4965076774 20.75, -82.6730199371 38.4965870719 20.758, -82.6732413944 38.4967664478 20.775, -82.6735728687 38.4970484045 20.802, -82.6743702261 38.4977419042 20.866, -82.674713939 38.4980406588 20.889, -82.6750702607 38.4983639174 20.913, -82.6754129703 38.4987200649 20.938)"
"District 09","Boyd","09-80400.00","US","23","US-23","BIKE/PED FACIL(O)","20.75","20.938","Improve pedestrian mobility and safety along US-23 by constructing a pedestrian sidewalk or shared-use-path with curb and gutter from KY-5 in Boyd County to Russell Plaza Drive in Greenup County. (2026CCN)","","2026","2026","R","SPP","250000","2030","","","","010-US-0023-000","LINESTRING Z (-82.6729106216 38.4965076774 20.75, -82.6730199371 38.4965870719 20.758, -82.6732413944 38.4967664478 20.775, -82.6735728687 38.4970484045 20.802, -82.6743702261 38.4977419042 20.866, -82.674713939 38.4980406588 20.889, -82.6750702607 38.4983639174 20.913, -82.6754129703 38.4987200649 20.938)"
"District 09","Boyd","09-80402.00","US","60","US-60","CONGESTION MITIGTN(O)","10.7","10.9","Improve operational efficiency of the US 60 (13th Street) and KY 168 (Blackburn Ave) intersection (2026CCN)","","2026","2026","C","NH","3000000","2032","","","","010-US-0060-000","LINESTRING Z (-82.6606426704 38.4643964573 10.7, -82.6598884442 38.4647763727 10.749, -82.6597605292 38.4648348585 10.757, -82.6594675734 38.4649703701 10.776, -82.6593817639 38.4650247323 10.782, -82.6592915163 38.4651015082 10.789, -82.6591934546 38.4651978617 10.797, -82.6590386229 38.4653891714 10.813, -82.6588624793 38.46559696 10.83, -82.658644853 38.4658022942 10.848, -82.6584703615 38.4659708363 10.863, -82.6583060087 38.4661143667 10.876, -82.6580452504 38.4663397316 10.897, -82.6580042484 38.4663696093 10.9)"
"District 09","Boyd","09-80402.00","US","60","US-60","CONGESTION MITIGTN(O)","10.7","10.9","Improve operational efficiency of the US 60 (13th Street) and KY 168 (Blackburn Ave) intersection (2026CCN)","","2026","2026","R","NH","4000000","2030","","","","010-US-0060-000","LINESTRING Z (-82.6606426704 38.4643964573 10.7, -82.6598884442 38.4647763727 10.749, -82.6597605292 38.4648348585 10.757, -82.6594675734 38.4649703701 10.776, -82.6593817639 38.4650247323 10.782, -82.6592915163 38.4651015082 10.789, -82.6591934546 38.4651978617 10.797, -82.6590386229 38.4653891714 10.813, -82.6588624793 38.46559696 10.83, -82.658644853 38.4658022942 10.848, -82.6584703615 38.4659708363 10.863, -82.6583060087 38.4661143667 10.876, -82.6580452504 38.4663397316 10.897, -82.6580042484 38.4663696093 10.9)"
"District 09","Boyd","09-80402.00","US","60","US-60","CONGESTION MITIGTN(O)","10.7","10.9","Improve operational efficiency of the US 60 (13th Street) and KY 168 (Blackburn Ave) intersection (2026CCN)","","2026","2026","D","NH","800000","2029","","","","010-US-0060-000","LINESTRING Z (-82.6606426704 38.4643964573 10.7, -82.6598884442 38.4647763727 10.749, -82.6597605292 38.4648348585 10.757, -82.6594675734 38.4649703701 10.776, -82.6593817639 38.4650247323 10.782, -82.6592915163 38.4651015082 10.789, -82.6591934546 38.4651978617 10.797, -82.6590386229 38.4653891714 10.813, -82.6588624793 38.46559696 10.83, -82.658644853 38.4658022942 10.848, -82.6584703615 38.4659708363 10.863, -82.6583060087 38.4661143667 10.876, -82.6580452504 38.4663397316 10.897, -82.6580042484 38.4663696093 10.9)"
"District 09","Boyd","09-80402.00","US","60","US-60","CONGESTION MITIGTN(O)","10.7","10.9","Improve operational efficiency of the US 60 (13th Street) and KY 168 (Blackburn Ave) intersection (2026CCN)","","2026","2026","U","NH","2500000","2031","","","","010-US-0060-000","LINESTRING Z (-82.6606426704 38.4643964573 10.7, -82.6598884442 38.4647763727 10.749, -82.6597605292 38.4648348585 10.757, -82.6594675734 38.4649703701 10.776, -82.6593817639 38.4650247323 10.782, -82.6592915163 38.4651015082 10.789, -82.6591934546 38.4651978617 10.797, -82.6590386229 38.4653891714 10.813, -82.6588624793 38.46559696 10.83, -82.658644853 38.4658022942 10.848, -82.6584703615 38.4659708363 10.863, -82.6583060087 38.4661143667 10.876, -82.6580452504 38.4663397316 10.897, -82.6580042484 38.4663696093 10.9)"
"District 09","Boyd","09-80403.00","KY","5","KY-5","CONGESTION MITIGTN(O)","10.7","10.781","Improve operational efficiency and reduce congestion by constructing a right turn lane on KY 5 approaching US 23 and a TWLTL for turns to adjacent businesses. (2026CCN)","","2026","2026","R","SPP","350000","2030","","","","010-KY-0005-000","LINESTRING Z (-82.6741062478 38.4957158747 10.7, -82.6740045865 38.4957661173 10.706, -82.6736391928 38.4959344049 10.727, -82.6733333735 38.4960825314 10.746, -82.6731678293 38.4961702785 10.756, -82.6729106806 38.4963248853 10.772, -82.6727739777 38.4964084342 10.781)"
"District 09","Boyd","09-80403.00","KY","5","KY-5","CONGESTION MITIGTN(O)","10.7","10.781","Improve operational efficiency and reduce congestion by constructing a right turn lane on KY 5 approaching US 23 and a TWLTL for turns to adjacent businesses. (2026CCN)","","2026","2026","C","SPP","1200000","2032","","","","010-KY-0005-000","LINESTRING Z (-82.6741062478 38.4957158747 10.7, -82.6740045865 38.4957661173 10.706, -82.6736391928 38.4959344049 10.727, -82.6733333735 38.4960825314 10.746, -82.6731678293 38.4961702785 10.756, -82.6729106806 38.4963248853 10.772, -82.6727739777 38.4964084342 10.781)"
"District 09","Boyd","09-80403.00","KY","5","KY-5","CONGESTION MITIGTN(O)","10.7","10.781","Improve operational efficiency and reduce congestion by constructing a right turn lane on KY 5 approaching US 23 and a TWLTL for turns to adjacent businesses. (2026CCN)","","2026","2026","D","SPP","250000","2029","","","","010-KY-0005-000","LINESTRING Z (-82.6741062478 38.4957158747 10.7, -82.6740045865 38.4957661173 10.706, -82.6736391928 38.4959344049 10.727, -82.6733333735 38.4960825314 10.746, -82.6731678293 38.4961702785 10.756, -82.6729106806 38.4963248853 10.772, -82.6727739777 38.4964084342 10.781)"
"District 09","Boyd","09-80403.00","KY","5","KY-5","CONGESTION MITIGTN(O)","10.7","10.781","Improve operational efficiency and reduce congestion by constructing a right turn lane on KY 5 approaching US 23 and a TWLTL for turns to adjacent businesses. (2026CCN)","","2026","2026","U","SPP","500000","2031","","","","010-KY-0005-000","LINESTRING Z (-82.6741062478 38.4957158747 10.7, -82.6740045865 38.4957661173 10.706, -82.6736391928 38.4959344049 10.727, -82.6733333735 38.4960825314 10.746, -82.6731678293 38.4961702785 10.756, -82.6729106806 38.4963248853 10.772, -82.6727739777 38.4964084342 10.781)"
"District 09","Boyd","09-80404.00","US","23","US-23","CONGESTION MITIGTN(O)","18.97","18.99","Improve operation efficiency of the intersection of US 23 (Greenup Avenue) and US 23X (Winchester Avenue). (2026CCN)","","2026","2026","R","NH","5000000","2030","","","","010-US-0023-000","LINESTRING Z (-82.6489247711 38.4837054128 18.97, -82.6490276293 38.4836866709 18.974, -82.6491098182 38.4836772788 18.978, -82.6491926834 38.4836766964 18.982, -82.6492406815 38.4836823464 18.984, -82.6493415074 38.4837033886 18.99)"
"District 09","Boyd","09-80404.00","US","23","US-23","CONGESTION MITIGTN(O)","18.97","18.99","Improve operation efficiency of the intersection of US 23 (Greenup Avenue) and US 23X (Winchester Avenue). (2026CCN)","","2026","2026","U","NH","1500000","2030","","","","010-US-0023-000","LINESTRING Z (-82.6489247711 38.4837054128 18.97, -82.6490276293 38.4836866709 18.974, -82.6491098182 38.4836772788 18.978, -82.6491926834 38.4836766964 18.982, -82.6492406815 38.4836823464 18.984, -82.6493415074 38.4837033886 18.99)"
"District 09","Boyd","09-80404.00","US","23","US-23","CONGESTION MITIGTN(O)","18.97","18.99","Improve operation efficiency of the intersection of US 23 (Greenup Avenue) and US 23X (Winchester Avenue). (2026CCN)","","2026","2026","C","NH","3000000","2031","","","","010-US-0023-000","LINESTRING Z (-82.6489247711 38.4837054128 18.97, -82.6490276293 38.4836866709 18.974, -82.6491098182 38.4836772788 18.978, -82.6491926834 38.4836766964 18.982, -82.6492406815 38.4836823464 18.984, -82.6493415074 38.4837033886 18.99)"
"District 09","Boyd","09-80404.00","US","23","US-23","CONGESTION MITIGTN(O)","18.97","18.99","Improve operation efficiency of the intersection of US 23 (Greenup Avenue) and US 23X (Winchester Avenue). (2026CCN)","","2026","2026","D","NH","850000","2029","","","","010-US-0023-000","LINESTRING Z (-82.6489247711 38.4837054128 18.97, -82.6490276293 38.4836866709 18.974, -82.6491098182 38.4836772788 18.978, -82.6491926834 38.4836766964 18.982, -82.6492406815 38.4836823464 18.984, -82.6493415074 38.4837033886 18.99)"
"District 09","Boyd","09-80408.00","KY","180","KY-180","SAFETY(P)","1.1","1.22","Improve safety on KY 180 in the proximity of the Shell/McDonalds. (2026CCN)","","2026","2026","D","SPP","150000","2029","","","","010-KY-0180-000","LINESTRING Z (-82.7018088339 38.3716703015 1.1, -82.702038236 38.3717937951 1.115, -82.7022651909 38.3719089819 1.13, -82.7024497309 38.3719950536 1.141, -82.7028367659 38.3721550195 1.165, -82.703296153 38.3723544848 1.194, -82.703513996 38.372437015 1.207, -82.7037280314 38.3725181191 1.22)"
"District 09","Boyd","09-80408.00","KY","180","KY-180","SAFETY(P)","1.1","1.22","Improve safety on KY 180 in the proximity of the Shell/McDonalds. (2026CCN)","","2026","2026","C","SPP","1000000","2032","","","","010-KY-0180-000","LINESTRING Z (-82.7018088339 38.3716703015 1.1, -82.702038236 38.3717937951 1.115, -82.7022651909 38.3719089819 1.13, -82.7024497309 38.3719950536 1.141, -82.7028367659 38.3721550195 1.165, -82.703296153 38.3723544848 1.194, -82.703513996 38.372437015 1.207, -82.7037280314 38.3725181191 1.22)"
"District 09","Boyd","09-80408.00","KY","180","KY-180","SAFETY(P)","1.1","1.22","Improve safety on KY 180 in the proximity of the Shell/McDonalds. (2026CCN)","","2026","2026","U","SPP","50000","2031","","","","010-KY-0180-000","LINESTRING Z (-82.7018088339 38.3716703015 1.1, -82.702038236 38.3717937951 1.115, -82.7022651909 38.3719089819 1.13, -82.7024497309 38.3719950536 1.141, -82.7028367659 38.3721550195 1.165, -82.703296153 38.3723544848 1.194, -82.703513996 38.372437015 1.207, -82.7037280314 38.3725181191 1.22)"
"District 09","Boyd","09-80408.00","KY","180","KY-180","SAFETY(P)","1.1","1.22","Improve safety on KY 180 in the proximity of the Shell/McDonalds. (2026CCN)","","2026","2026","R","SPP","50000","2030","","","","010-KY-0180-000","LINESTRING Z (-82.7018088339 38.3716703015 1.1, -82.702038236 38.3717937951 1.115, -82.7022651909 38.3719089819 1.13, -82.7024497309 38.3719950536 1.141, -82.7028367659 38.3721550195 1.165, -82.703296153 38.3723544848 1.194, -82.703513996 38.372437015 1.207, -82.7037280314 38.3725181191 1.22)"
"District 09","Carter","09-03028.00","I","64","I-64","REST AREA REHAB(P)","173.95","174.3","Carter County East Bound Rest Area Renovation located on I-64 at MP 174. (2024BOP)","","2026","2026","C","NH","940000","2026","","","","022-I-0064-000","LINESTRING Z (-82.9019948194 38.3561785786 173.95, -82.9019441038 38.3561937976 173.953, -82.9013603548 38.3563566904 173.987, -82.9009151511 38.3564737361 174.013, -82.9003739241 38.3566016568 174.043, -82.8998290876 38.3567146538 174.074, -82.8992837263 38.356814173 174.104, -82.8987352919 38.3569029015 174.135, -82.8981831111 38.356980273 174.165, -82.8976265286 38.3570451731 174.196, -82.8967815689 38.3571146657 174.242, -82.8959839933 38.357158919 174.286, -82.8957259933 38.3571678838 174.3)"
"District 09","Carter","09-08401.00","US","60","US-60","SAFETY(P)","0.0","0.4","RECONSTRUCT US-60 FROM WEST OF GLENWOOD HOLLOW ROAD TO EAST OF KY-3296. THE PROJECT SHALL INCLUDE 12' LANES, WIDE PAVED SHOULDERS, UNOBSTRUCTED CLEAR ZONES, FLATTER VERTICAL GRADES, AND GENTLY HORIZONTAL CURVES. (08CCN)(12CCR)(14CCR)(18CCN) (2020CCR) (202","","2008","2026","C","SPP","24000000","2032","","","","022-US-0060-000","LINESTRING Z (-83.3210004209 38.2723574177 0, -83.3209619739 38.2723714632 0.002, -83.3208185392 38.2724097248 0.01, -83.3206556481 38.2724462133 0.018, -83.3205487506 38.2724648965 0.023, -83.3203976194 38.2724829457 0.031, -83.3202464841 38.272490557 0.039, -83.3200883452 38.2724886838 0.046, -83.3199277648 38.2724763213 0.054, -83.3197555715 38.272456853 0.063, -83.319349849 38.2724075897 0.083, -83.3183709912 38.2722715578 0.133, -83.3179836259 38.272225689 0.152, -83.3177702171 38.2722092167 0.163, -83.3175957301 38.2722064542 0.172, -83.3174194047 38.2722171151 0.181, -83.3171276461 38.2722622131 0.195, -83.3168235208 38.2723229885 0.211, -83.3163584008 38.2724260536 0.235, -83.3160115607 38.2725139686 0.253, -83.3157498228 38.2725995126 0.267, -83.3156064175 38.2726578222 0.275, -83.3153908811 38.272768764 0.288, -83.3150738564 38.2729559091 0.307, -83.3148695669 38.2730849371 0.32, -83.3143012121 38.273442994 0.362, -83.3140428041 38.2735961789 0.381, -83.3139091304 38.2736656753 0.391, -83.3137733279 38.2737280434 0.4)"
"District 09","Carter","09-08401.00","US","60","US-60","SAFETY(P)","0.0","0.4","RECONSTRUCT US-60 FROM WEST OF GLENWOOD HOLLOW ROAD TO EAST OF KY-3296. THE PROJECT SHALL INCLUDE 12' LANES, WIDE PAVED SHOULDERS, UNOBSTRUCTED CLEAR ZONES, FLATTER VERTICAL GRADES, AND GENTLY HORIZONTAL CURVES. (08CCN)(12CCR)(14CCR)(18CCN) (2020CCR) (202","","2008","2026","U","SPP","4480000","2031","","","","022-US-0060-000","LINESTRING Z (-83.3210004209 38.2723574177 0, -83.3209619739 38.2723714632 0.002, -83.3208185392 38.2724097248 0.01, -83.3206556481 38.2724462133 0.018, -83.3205487506 38.2724648965 0.023, -83.3203976194 38.2724829457 0.031, -83.3202464841 38.272490557 0.039, -83.3200883452 38.2724886838 0.046, -83.3199277648 38.2724763213 0.054, -83.3197555715 38.272456853 0.063, -83.319349849 38.2724075897 0.083, -83.3183709912 38.2722715578 0.133, -83.3179836259 38.272225689 0.152, -83.3177702171 38.2722092167 0.163, -83.3175957301 38.2722064542 0.172, -83.3174194047 38.2722171151 0.181, -83.3171276461 38.2722622131 0.195, -83.3168235208 38.2723229885 0.211, -83.3163584008 38.2724260536 0.235, -83.3160115607 38.2725139686 0.253, -83.3157498228 38.2725995126 0.267, -83.3156064175 38.2726578222 0.275, -83.3153908811 38.272768764 0.288, -83.3150738564 38.2729559091 0.307, -83.3148695669 38.2730849371 0.32, -83.3143012121 38.273442994 0.362, -83.3140428041 38.2735961789 0.381, -83.3139091304 38.2736656753 0.391, -83.3137733279 38.2737280434 0.4)"
"District 09","Carter","09-08401.00","US","60","US-60","SAFETY(P)","0.0","0.4","RECONSTRUCT US-60 FROM WEST OF GLENWOOD HOLLOW ROAD TO EAST OF KY-3296. THE PROJECT SHALL INCLUDE 12' LANES, WIDE PAVED SHOULDERS, UNOBSTRUCTED CLEAR ZONES, FLATTER VERTICAL GRADES, AND GENTLY HORIZONTAL CURVES. (08CCN)(12CCR)(14CCR)(18CCN) (2020CCR) (202","","2008","2026","D","STP2","1040000","2029","","","","022-US-0060-000","LINESTRING Z (-83.3210004209 38.2723574177 0, -83.3209619739 38.2723714632 0.002, -83.3208185392 38.2724097248 0.01, -83.3206556481 38.2724462133 0.018, -83.3205487506 38.2724648965 0.023, -83.3203976194 38.2724829457 0.031, -83.3202464841 38.272490557 0.039, -83.3200883452 38.2724886838 0.046, -83.3199277648 38.2724763213 0.054, -83.3197555715 38.272456853 0.063, -83.319349849 38.2724075897 0.083, -83.3183709912 38.2722715578 0.133, -83.3179836259 38.272225689 0.152, -83.3177702171 38.2722092167 0.163, -83.3175957301 38.2722064542 0.172, -83.3174194047 38.2722171151 0.181, -83.3171276461 38.2722622131 0.195, -83.3168235208 38.2723229885 0.211, -83.3163584008 38.2724260536 0.235, -83.3160115607 38.2725139686 0.253, -83.3157498228 38.2725995126 0.267, -83.3156064175 38.2726578222 0.275, -83.3153908811 38.272768764 0.288, -83.3150738564 38.2729559091 0.307, -83.3148695669 38.2730849371 0.32, -83.3143012121 38.273442994 0.362, -83.3140428041 38.2735961789 0.381, -83.3139091304 38.2736656753 0.391, -83.3137733279 38.2737280434 0.4)"
"District 09","Carter","09-08401.00","US","60","US-60","SAFETY(P)","0.0","0.4","RECONSTRUCT US-60 FROM WEST OF GLENWOOD HOLLOW ROAD TO EAST OF KY-3296. THE PROJECT SHALL INCLUDE 12' LANES, WIDE PAVED SHOULDERS, UNOBSTRUCTED CLEAR ZONES, FLATTER VERTICAL GRADES, AND GENTLY HORIZONTAL CURVES. (08CCN)(12CCR)(14CCR)(18CCN) (2020CCR) (202","","2008","2026","R","SPP","3450000","2030","","","","022-US-0060-000","LINESTRING Z (-83.3210004209 38.2723574177 0, -83.3209619739 38.2723714632 0.002, -83.3208185392 38.2724097248 0.01, -83.3206556481 38.2724462133 0.018, -83.3205487506 38.2724648965 0.023, -83.3203976194 38.2724829457 0.031, -83.3202464841 38.272490557 0.039, -83.3200883452 38.2724886838 0.046, -83.3199277648 38.2724763213 0.054, -83.3197555715 38.272456853 0.063, -83.319349849 38.2724075897 0.083, -83.3183709912 38.2722715578 0.133, -83.3179836259 38.272225689 0.152, -83.3177702171 38.2722092167 0.163, -83.3175957301 38.2722064542 0.172, -83.3174194047 38.2722171151 0.181, -83.3171276461 38.2722622131 0.195, -83.3168235208 38.2723229885 0.211, -83.3163584008 38.2724260536 0.235, -83.3160115607 38.2725139686 0.253, -83.3157498228 38.2725995126 0.267, -83.3156064175 38.2726578222 0.275, -83.3153908811 38.272768764 0.288, -83.3150738564 38.2729559091 0.307, -83.3148695669 38.2730849371 0.32, -83.3143012121 38.273442994 0.362, -83.3140428041 38.2735961789 0.381, -83.3139091304 38.2736656753 0.391, -83.3137733279 38.2737280434 0.4)"
"District 09","Carter","09-09021.00","US","60","US-60","SAFETY","17.8","18.4","CONSTRUCT TURN LANES AND SAFETY FEATURES AT PROPOSED NEW HIGH SCHOOL AND CAREER TECHNOLOGY CENTER. (2024CCR)","","2024","2026","C","SPP","1040000","2029","","","","022-US-0060-000","LINESTRING Z (-83.0484926908 38.337461201 17.8, -83.0481857792 38.3375030924 17.817, -83.0480609747 38.3375203008 17.824, -83.046805336 38.3376996159 17.893, -83.0458096258 38.3378293583 17.948, -83.0455320176 38.3378568113 17.963, -83.0452952366 38.3378648663 17.976, -83.04506645 38.3378546965 17.989, -83.0449723181 38.3378440311 17.994, -83.0446779878 38.337804617 18.01, -83.0426392478 38.3374640861 18.123, -83.0422335576 38.337389429 18.146, -83.0420388068 38.3373454171 18.157, -83.0418486126 38.3372913443 18.168, -83.0412988122 38.3370952594 18.201, -83.0411113727 38.3370327318 18.212, -83.0407148962 38.3369258633 18.234, -83.0403457788 38.3368432453 18.255, -83.0399506643 38.3367751413 18.277, -83.0397571174 38.3367363728 18.288, -83.0395695633 38.3366864776 18.299, -83.0393922622 38.3366233553 18.309, -83.0392211463 38.3365438913 18.32, -83.0390563795 38.3364530335 18.331, -83.0388957713 38.3363534801 18.342, -83.0385744154 38.3361392593 18.365, -83.0382445256 38.3359295127 18.388, -83.0380660928 38.3358285341 18.4)"
"District 09","Carter","09-10079.00","KY","174","KY-174","AM-BRIDGE (P)","9.121","9.143","BRIDGE PROJECT IN CARTER COUNTY ON (022B00033N) KY-174 AT TYGARTS CREEK (2026CCR)","022B00033N","2022","2026","C","BRX","2193682","2030","","","","022-KY-0174-000","LINESTRING Z (-83.1896093196 38.2901293564 9.121, -83.1896104523 38.2901448747 9.122, -83.189634594 38.2902223161 9.128, -83.1897146135 38.2904350125 9.143)"
"District 09","Carter","09-10079.00","KY","174","KY-174","AM-BRIDGE (P)","9.121","9.143","BRIDGE PROJECT IN CARTER COUNTY ON (022B00033N) KY-174 AT TYGARTS CREEK (2026CCR)","022B00033N","2022","2026","D","BRX","329052","2030","","","","022-KY-0174-000","LINESTRING Z (-83.1896093196 38.2901293564 9.121, -83.1896104523 38.2901448747 9.122, -83.189634594 38.2902223161 9.128, -83.1897146135 38.2904350125 9.143)"
"District 09","Carter","09-10081.00","CR","1464","CR-1464","AM-BRIDGE (P)","0.538","0.544","BRIDGE PROJECT IN CARTER COUNTY ON (022C00044N) SMOKY CREEK RD OVER SMOKEY CREEK","022C00044N","2022","2026","C","FBP2","715484","2027","2026-04-23","Awarded","1","022-CR-1464-000","LINESTRING Z (-83.1797704735 38.3534412781 0.538, -83.1798631894 38.3534539217 0.543, -83.1798798017 38.3534591482 0.544)"
"District 09","Carter","09-10081.00","CR","1464","CR-1464","AM-BRIDGE (P)","0.538","0.544","BRIDGE PROJECT IN CARTER COUNTY ON (022C00044N) SMOKY CREEK RD OVER SMOKEY CREEK","022C00044N","2022","2026","D","FBP2","107323","2027","2026-04-23","Awarded","1","022-CR-1464-000","LINESTRING Z (-83.1797704735 38.3534412781 0.538, -83.1798631894 38.3534539217 0.543, -83.1798798017 38.3534591482 0.544)"
"District 09","Carter","09-22051.00","I","64","I-64","AM-PAVEMENT (INT)(P)","148.665","150.155","ADDRESS CONDITION OF I-064 FROM MILEPOINT 148.665 TO MILEPOINT 150.16","","2022","2026","C","NHPM","4310000","2028","","","","022-I-0064-000","LINESTRING Z (-83.3323017042 38.2848015378 148.665, -83.3320084348 38.2849655875 148.685, -83.3306272707 38.2857172453 148.776, -83.3285698693 38.2868520006 148.912, -83.3281019943 38.2870893864 148.943, -83.327863017 38.2872023437 148.958, -83.3276183888 38.2873069444 148.973, -83.3273691916 38.2874021109 148.988, -83.3271153969 38.2874886676 149.003, -83.3268583369 38.2875685633 149.018, -83.3265986705 38.287642911 149.033, -83.326071357 38.2877799046 149.063, -83.3231521594 38.288505193 149.23, -83.322889469 38.2885759001 149.245, -83.3223719472 38.2887325813 149.275, -83.3221167597 38.2888188239 149.29, -83.3218648716 38.2889106269 149.305, -83.3216152585 38.2890074212 149.32, -83.3213696256 38.2891103404 149.335, -83.3211273104 38.2892182716 149.35, -83.320889351 38.2893315107 149.365, -83.3204261491 38.289573907 149.396, -83.3202006204 38.2897011358 149.411, -83.319981198 38.2898334331 149.426, -83.3197664793 38.2899710465 149.441, -83.3195557929 38.2901131377 149.456, -83.319146193 38.2904101964 149.486, -83.3179464427 38.2913181692 149.577, -83.3135552546 38.2946784145 149.909, -83.3127461734 38.2952795661 149.97, -83.3123304467 38.2955704331 150, -83.3121176315 38.2957127424 150.015, -83.311684773 38.2959840241 150.045, -83.3112466003 38.2962472296 150.075, -83.3107972865 38.2964994898 150.105, -83.3103367821 38.2967421783 150.135, -83.3101073378 38.2968706805 150.151, -83.3100428672 38.2969024298 150.155)"
"District 09","Carter","09-22051.00","I","64","I-64","AM-PAVEMENT (INT)(P)","148.665","150.155","ADDRESS CONDITION OF I-064 FROM MILEPOINT 148.665 TO MILEPOINT 150.16","","2022","2026","D","NHPM","430000","2028","","","","022-I-0064-000","LINESTRING Z (-83.3323017042 38.2848015378 148.665, -83.3320084348 38.2849655875 148.685, -83.3306272707 38.2857172453 148.776, -83.3285698693 38.2868520006 148.912, -83.3281019943 38.2870893864 148.943, -83.327863017 38.2872023437 148.958, -83.3276183888 38.2873069444 148.973, -83.3273691916 38.2874021109 148.988, -83.3271153969 38.2874886676 149.003, -83.3268583369 38.2875685633 149.018, -83.3265986705 38.287642911 149.033, -83.326071357 38.2877799046 149.063, -83.3231521594 38.288505193 149.23, -83.322889469 38.2885759001 149.245, -83.3223719472 38.2887325813 149.275, -83.3221167597 38.2888188239 149.29, -83.3218648716 38.2889106269 149.305, -83.3216152585 38.2890074212 149.32, -83.3213696256 38.2891103404 149.335, -83.3211273104 38.2892182716 149.35, -83.320889351 38.2893315107 149.365, -83.3204261491 38.289573907 149.396, -83.3202006204 38.2897011358 149.411, -83.319981198 38.2898334331 149.426, -83.3197664793 38.2899710465 149.441, -83.3195557929 38.2901131377 149.456, -83.319146193 38.2904101964 149.486, -83.3179464427 38.2913181692 149.577, -83.3135552546 38.2946784145 149.909, -83.3127461734 38.2952795661 149.97, -83.3123304467 38.2955704331 150, -83.3121176315 38.2957127424 150.015, -83.311684773 38.2959840241 150.045, -83.3112466003 38.2962472296 150.075, -83.3107972865 38.2964994898 150.105, -83.3103367821 38.2967421783 150.135, -83.3101073378 38.2968706805 150.151, -83.3100428672 38.2969024298 150.155)"
"District 09","Carter","09-22052.00","I","64","I-64","AM-PAVEMENT (INT)(P)","150.155","154.26","ADDRESS CONDITION OF I-064 FROM MILEPOINT 150.16 TO MILEPOINT 154.26","","2022","2026","D","NHPM","430000","2027","","","","022-I-0064-000","LINESTRING Z (-83.3100428672 38.2969024298 150.155, -83.3096399247 38.2971008621 150.18, -83.3091638797 38.2973179527 150.21, -83.3086774084 38.2975235644 150.24, -83.3081862842 38.2977222096 150.27, -83.3074370764 38.2979982151 150.315, -83.3069285056 38.2981657293 150.345, -83.3064129636 38.298322658 150.375, -83.3056326232 38.2985491123 150.421, -83.3038086766 38.2990668902 150.526, -83.3006916032 38.2999457763 150.706, -83.2983423955 38.3006160519 150.842, -83.2941465202 38.3018004206 151.084, -83.2933561958 38.3020312583 151.13, -83.2925714022 38.3022737428 151.176, -83.2920541676 38.3024481567 151.206, -83.2915449435 38.3026331732 151.237, -83.2908024429 38.3029344866 151.282, -83.2905583781 38.3030398482 151.297, -83.2900748598 38.3032586316 151.327, -83.2893640453 38.3036023491 151.373, -83.2865690936 38.3050213133 151.553, -83.2863401514 38.3051431883 151.568, -83.2815120876 38.3076050701 151.881, -83.2808141713 38.3079566993 151.926, -83.2803424529 38.3081855787 151.956, -83.2798644801 38.3084033386 151.986, -83.2793791535 38.3086116031 152.016, -83.2788854104 38.3088108987 152.046, -83.2783864317 38.3089999201 152.076, -83.2781344848 38.3090897085 152.091, -83.2773778667 38.3093406488 152.136, -83.277116449 38.3094217211 152.151, -83.2765885917 38.3095672781 152.182, -83.2760585898 38.3097039964 152.212, -83.275524773 38.3098296452 152.242, -83.2749854956 38.3099414424 152.273, -83.2741691723 38.3100908475 152.318, -83.273618923 38.3101763124 152.349, -83.273063983 38.3102457431 152.379, -83.272507991 38.3103049848 152.41, -83.2719509733 38.3103532153 152.44, -83.271671431 38.3103718134 152.455, -83.2711122922 38.3104002163 152.486, -83.270832037 38.3104089081 152.501, -83.266919955 38.3104791241 152.714, -83.2649767973 38.3105042898 152.819, -83.2644247753 38.3105179769 152.849, -83.2638748584 38.3105415941 152.879, -83.263278591 38.3105749497 152.912, -83.2625083965 38.3106686548 152.954, -83.2619662919 38.3107498412 152.984, -83.2617887751 38.3107823726 152.994, -83.2614305767 38.3108481909 153.014, -83.2611654532 38.3109041533 153.029, -83.2606399929 38.3110290867 153.059, -83.2603803624 38.3110977985 153.074, -83.2598652581 38.3112462973 153.103, -83.2593583586 38.3114097992 153.133, -83.2588609845 38.3115905313 153.163, -83.2586157507 38.3116870135 153.178, -83.2581294088 38.3118918738 153.208, -83.2578889979 38.3120002681 153.223, -83.2574137913 38.3122262383 153.253, -83.2543546343 38.3137375158 153.449, -83.2538809878 38.3139681745 153.48, -83.2533998606 38.3141931804 153.51, -83.252906003 38.3144028064 153.54, -83.2524018835 38.3145962812 153.571, -83.2518874729 38.3147744283 153.601, -83.251364588 38.3149350874 153.632, -83.2511002379 38.3150086248 153.647, -83.2508346903 38.3150763668 153.662, -83.250297327 38.3152012795 153.693, -83.2497543249 38.3153073896 153.723, -83.2492042726 38.3153952187 153.754, -83.2489279299 38.315431687 153.769, -83.2483752981 38.3154928107 153.799, -83.2458844744 38.3157154222 153.935, -83.2456097103 38.3157464221 153.951, -83.2450580969 38.3157979376 153.981, -83.2445096218 38.315859681 154.011, -83.2442366751 38.3158986826 154.026, -83.243695484 38.3159921677 154.056, -83.2434289338 38.3160480607 154.071, -83.2431646353 38.3161094942 154.086, -83.2426438275 38.3162492816 154.116, -83.2423870072 38.3163265302 154.131, -83.2421334844 38.3164093422 154.146, -83.2418825597 38.3164977029 154.161, -83.2416359689 38.3165919236 154.176, -83.2411540763 38.3167968107 154.205, -83.2406872429 38.3170201456 154.235, -83.2403107157 38.3172230032 154.26)"
"District 09","Carter","09-22052.00","I","64","I-64","AM-PAVEMENT (INT)(P)","150.155","154.26","ADDRESS CONDITION OF I-064 FROM MILEPOINT 150.16 TO MILEPOINT 154.26","","2022","2026","C","NHPM","4310000","2027","","","","022-I-0064-000","LINESTRING Z (-83.3100428672 38.2969024298 150.155, -83.3096399247 38.2971008621 150.18, -83.3091638797 38.2973179527 150.21, -83.3086774084 38.2975235644 150.24, -83.3081862842 38.2977222096 150.27, -83.3074370764 38.2979982151 150.315, -83.3069285056 38.2981657293 150.345, -83.3064129636 38.298322658 150.375, -83.3056326232 38.2985491123 150.421, -83.3038086766 38.2990668902 150.526, -83.3006916032 38.2999457763 150.706, -83.2983423955 38.3006160519 150.842, -83.2941465202 38.3018004206 151.084, -83.2933561958 38.3020312583 151.13, -83.2925714022 38.3022737428 151.176, -83.2920541676 38.3024481567 151.206, -83.2915449435 38.3026331732 151.237, -83.2908024429 38.3029344866 151.282, -83.2905583781 38.3030398482 151.297, -83.2900748598 38.3032586316 151.327, -83.2893640453 38.3036023491 151.373, -83.2865690936 38.3050213133 151.553, -83.2863401514 38.3051431883 151.568, -83.2815120876 38.3076050701 151.881, -83.2808141713 38.3079566993 151.926, -83.2803424529 38.3081855787 151.956, -83.2798644801 38.3084033386 151.986, -83.2793791535 38.3086116031 152.016, -83.2788854104 38.3088108987 152.046, -83.2783864317 38.3089999201 152.076, -83.2781344848 38.3090897085 152.091, -83.2773778667 38.3093406488 152.136, -83.277116449 38.3094217211 152.151, -83.2765885917 38.3095672781 152.182, -83.2760585898 38.3097039964 152.212, -83.275524773 38.3098296452 152.242, -83.2749854956 38.3099414424 152.273, -83.2741691723 38.3100908475 152.318, -83.273618923 38.3101763124 152.349, -83.273063983 38.3102457431 152.379, -83.272507991 38.3103049848 152.41, -83.2719509733 38.3103532153 152.44, -83.271671431 38.3103718134 152.455, -83.2711122922 38.3104002163 152.486, -83.270832037 38.3104089081 152.501, -83.266919955 38.3104791241 152.714, -83.2649767973 38.3105042898 152.819, -83.2644247753 38.3105179769 152.849, -83.2638748584 38.3105415941 152.879, -83.263278591 38.3105749497 152.912, -83.2625083965 38.3106686548 152.954, -83.2619662919 38.3107498412 152.984, -83.2617887751 38.3107823726 152.994, -83.2614305767 38.3108481909 153.014, -83.2611654532 38.3109041533 153.029, -83.2606399929 38.3110290867 153.059, -83.2603803624 38.3110977985 153.074, -83.2598652581 38.3112462973 153.103, -83.2593583586 38.3114097992 153.133, -83.2588609845 38.3115905313 153.163, -83.2586157507 38.3116870135 153.178, -83.2581294088 38.3118918738 153.208, -83.2578889979 38.3120002681 153.223, -83.2574137913 38.3122262383 153.253, -83.2543546343 38.3137375158 153.449, -83.2538809878 38.3139681745 153.48, -83.2533998606 38.3141931804 153.51, -83.252906003 38.3144028064 153.54, -83.2524018835 38.3145962812 153.571, -83.2518874729 38.3147744283 153.601, -83.251364588 38.3149350874 153.632, -83.2511002379 38.3150086248 153.647, -83.2508346903 38.3150763668 153.662, -83.250297327 38.3152012795 153.693, -83.2497543249 38.3153073896 153.723, -83.2492042726 38.3153952187 153.754, -83.2489279299 38.315431687 153.769, -83.2483752981 38.3154928107 153.799, -83.2458844744 38.3157154222 153.935, -83.2456097103 38.3157464221 153.951, -83.2450580969 38.3157979376 153.981, -83.2445096218 38.315859681 154.011, -83.2442366751 38.3158986826 154.026, -83.243695484 38.3159921677 154.056, -83.2434289338 38.3160480607 154.071, -83.2431646353 38.3161094942 154.086, -83.2426438275 38.3162492816 154.116, -83.2423870072 38.3163265302 154.131, -83.2421334844 38.3164093422 154.146, -83.2418825597 38.3164977029 154.161, -83.2416359689 38.3165919236 154.176, -83.2411540763 38.3167968107 154.205, -83.2406872429 38.3170201456 154.235, -83.2403107157 38.3172230032 154.26)"
"District 09","Carter","09-22055.00","I","64","I-64","AM-PAVEMENT (INT)(P)","171.2","180.812","ADDRESS CONDITION OF I-064 FROM MILEPOINT 171.2 TO MILEPOINT 180.812","","2022","2026","D","NHPM","780000","2030","","","","022-I-0064-000","LINESTRING Z (-82.9491295033 38.3436655158 171.2, -82.9483319544 38.3437900483 171.244, -82.946746246 38.3440431974 171.332, -82.946120913 38.3441402124 171.367, -82.9439039803 38.3444978882 171.49, -82.9414199265 38.3448890259 171.627, -82.9411383189 38.3449370207 171.643, -82.9408607052 38.3449900534 171.659, -82.9405844508 38.3450348765 171.674, -82.9383447339 38.345384767 171.798, -82.9363976897 38.3456888181 171.906, -82.9306053302 38.3466090876 172.228, -82.9283934966 38.3469660482 172.351, -82.9264600473 38.3472680649 172.459, -82.9201074868 38.3482791454 172.812, -82.9195599337 38.3483745827 172.843, -82.9190099495 38.348478751 172.874, -82.918463248 38.3485972811 172.905, -82.9181911262 38.3486608335 172.92, -82.9176509901 38.3487990227 172.951, -82.9168546527 38.3490310853 172.997, -82.9163308483 38.3491979558 173.028, -82.9158135454 38.3493770698 173.059, -82.9153031263 38.3495676082 173.09, -82.9147975401 38.3497684266 173.121, -82.9142981082 38.3499814781 173.152, -82.9138066568 38.3502046082 173.183, -82.9135646315 38.3503196951 173.198, -82.9130889742 38.3505583114 173.229, -82.9128550046 38.3506815571 173.244, -82.9123940962 38.3509356341 173.275, -82.9107927921 38.3518464653 173.382, -82.9089736873 38.3528940888 173.505, -82.9066827963 38.35419493 173.659, -82.9059839424 38.3545740443 173.706, -82.9055105135 38.3548168048 173.736, -82.9052701289 38.3549338381 173.752, -82.904541622 38.3552674506 173.798, -82.9040431394 38.355472241 173.828, -82.9035381389 38.3556650587 173.859, -82.9030240358 38.3558406229 173.889, -82.9027705409 38.3559356327 173.905, -82.9022483971 38.3561024828 173.935, -82.9019441038 38.3561937976 173.953, -82.9013603548 38.3563566904 173.987, -82.9009151511 38.3564737361 174.013, -82.9003739241 38.3566016568 174.043, -82.8998290876 38.3567146538 174.074, -82.8992837263 38.356814173 174.104, -82.8987352919 38.3569029015 174.135, -82.8981831111 38.356980273 174.165, -82.8976265286 38.3570451731 174.196, -82.8967815689 38.3571146657 174.242, -82.8959839933 38.357158919 174.286, -82.8946018498 38.357206938 174.361, -82.8931050531 38.3572513526 174.442, -82.8914129993 38.3573102678 174.534, -82.8911423284 38.357335057 174.549, -82.889440685 38.3573802511 174.642, -82.8883022606 38.3574233665 174.704, -82.8877332467 38.3574576995 174.735, -82.8874490545 38.3574802303 174.75, -82.8865976201 38.35756323 174.797, -82.886315755 38.3575976284 174.812, -82.8857564341 38.3576786159 174.843, -82.885200095 38.3577725858 174.874, -82.8846457867 38.3578770419 174.905, -82.8840951465 38.3579947716 174.936, -82.8835478252 38.3581257668 174.967, -82.8830056508 38.3582678726 174.998, -82.8824724247 38.3584220066 175.029, -82.8814233161 38.3587595333 175.091, -82.8809114227 38.3589479693 175.121, -82.8804071267 38.359147301 175.152, -82.8799078907 38.3593599406 175.183, -82.8796610621 38.3594707227 175.198, -82.8791758615 38.3596990847 175.229, -82.8786979514 38.3599372371 175.26, -82.8782268871 38.3601876415 175.291, -82.8766046542 38.3610818555 175.398, -82.8752124655 38.3618566264 175.491, -82.8745123738 38.3622344312 175.537, -82.8742748378 38.3623569669 175.552, -82.8737911616 38.3625900144 175.583, -82.8733007523 38.3628077862 175.614, -82.8730566656 38.3629103803 175.629, -82.8725417886 38.3630934883 175.659, -82.8720237794 38.3632674512 175.69, -82.8714945478 38.3634249311 175.721, -82.8709604588 38.3635638824 175.751, -82.8706913992 38.3636268525 175.766, -82.8701486112 38.3637383904 175.797, -82.8695977718 38.363832697 175.828, -82.8693195053 38.3638723628 175.843, -82.8687611128 38.3639368103 175.874, -82.8684816623 38.363962159 175.889, -82.8678002973 38.3640035565 175.926, -82.8670848687 38.3640237898 175.965, -82.8662452297 38.3640258867 176.01, -82.8631470659 38.3639966003 176.179, -82.86004505 38.3639764804 176.347, -82.8586389757 38.3639633332 176.423, -82.8580788534 38.3639650492 176.453, -82.8575185179 38.3639810433 176.484, -82.8569572063 38.3640129458 176.514, -82.8566761378 38.3640349301 176.53, -82.8561147796 38.364094576 176.561, -82.8555558213 38.3641729593 176.591, -82.8552783652 38.3642183811 176.607, -82.8547278008 38.3643227913 176.637, -82.8544550207 38.3643823361 176.653, -82.8539169675 38.3645145221 176.683, -82.8533900407 38.3646653841 176.714, -82.8531306413 38.3647483316 176.729, -82.8526163215 38.3649244996 176.759, -82.8523624356 38.3650180205 176.775, -82.8519774409 38.3651709734 176.798, -82.851612339 38.3653238631 176.82, -82.8511257048 38.3655498794 176.851, -82.8494439298 38.3663760639 176.959, -82.8492007911 38.3664887972 176.974, -82.8480014907 38.367087752 177.051, -82.8472751784 38.3674441523 177.098, -82.8462982822 38.3679158407 177.16, -82.8458055463 38.3681452584 177.191, -82.8455565678 38.3682553695 177.206, -82.8450519278 38.3684680073 177.237, -82.8447966274 38.3685702699 177.253, -82.8442815442 38.3687645157 177.284, -82.8437600503 38.3689443172 177.315, -82.8432348154 38.3691127597 177.346, -82.842970268 38.3691928116 177.361, -82.8424377396 38.369342665 177.392, -82.8419004357 38.3694808597 177.423, -82.84135669 38.3696054318 177.453, -82.8405316631 38.3697741968 177.5, -82.8396999855 38.3699169668 177.546, -82.835831614 38.3705147844 177.76, -82.8308542671 38.3712755548 178.035, -82.8300184468 38.3713986501 178.081, -82.8294567598 38.3714644821 178.112, -82.8291745097 38.3714888462 178.127, -82.8288921741 38.3715066132 178.143, -82.8286093927 38.3715180491 178.158, -82.8283275479 38.3715234637 178.173, -82.8280459327 38.3715231144 178.189, -82.8277649159 38.3715164591 178.204, -82.8274841518 38.3715034916 178.219, -82.8272043356 38.3714842272 178.234, -82.8269247828 38.3714583742 178.25, -82.8266461661 38.371426501 178.265, -82.8261656492 38.3713555779 178.292, -82.8258174183 38.3712928619 178.311, -82.8255443631 38.3712352972 178.326, -82.8252726062 38.3711714447 178.342, -82.8250035191 38.3711018886 178.357, -82.8246089616 38.3709844517 178.38, -82.8244810056 38.3709464009 178.387, -82.8242203449 38.3708580943 178.403, -82.8239665178 38.3707647351 178.418, -82.8237171353 38.3706648916 178.433, -82.8234710892 38.3705601841 178.448, -82.822986954 38.3703438229 178.479, -82.8225141411 38.3701236169 178.508, -82.8208283819 38.3693060995 178.616, -82.8190920562 38.3684798888 178.726, -82.8144867362 38.3662699103 179.017, -82.8127969612 38.3654524488 179.124, -82.8120651301 38.3651139596 179.17, -82.8115689911 38.3649027465 179.201, -82.8110607586 38.3647060661 179.231, -82.810543579 38.3645237232 179.262, -82.8100157197 38.3643641909 179.293, -82.8097489508 38.3642899867 179.308, -82.8092113787 38.3641552109 179.338, -82.8086675945 38.3640362131 179.369, -82.8083926164 38.3639840551 179.384, -82.8078395222 38.3638884509 179.415, -82.8072859313 38.3638139859 179.445, -82.8070009467 38.3637852029 179.46, -82.8064404818 38.363742983 179.491, -82.8058782788 38.3637180256 179.521, -82.8053131812 38.3637130493 179.552, -82.8050297207 38.3637158953 179.567, -82.8044633721 38.3637334125 179.598, -82.803618717 38.3637731299 179.643, -82.8024948614 38.3638399635 179.704, -82.8005144706 38.3639467359 179.812, -82.7954348782 38.3642309207 180.087, -82.7944872666 38.3642880615 180.138, -82.7923347988 38.3644038676 180.254, -82.7861348653 38.3647514492 180.59, -82.7841586211 38.3648577782 180.697, -82.7820330117 38.3649814878 180.812)"
"District 09","Carter","09-22055.00","I","64","I-64","AM-PAVEMENT (INT)(P)","171.2","180.812","ADDRESS CONDITION OF I-064 FROM MILEPOINT 171.2 TO MILEPOINT 180.812","","2022","2026","C","NHPM","7829870","2030","","","","022-I-0064-000","LINESTRING Z (-82.9491295033 38.3436655158 171.2, -82.9483319544 38.3437900483 171.244, -82.946746246 38.3440431974 171.332, -82.946120913 38.3441402124 171.367, -82.9439039803 38.3444978882 171.49, -82.9414199265 38.3448890259 171.627, -82.9411383189 38.3449370207 171.643, -82.9408607052 38.3449900534 171.659, -82.9405844508 38.3450348765 171.674, -82.9383447339 38.345384767 171.798, -82.9363976897 38.3456888181 171.906, -82.9306053302 38.3466090876 172.228, -82.9283934966 38.3469660482 172.351, -82.9264600473 38.3472680649 172.459, -82.9201074868 38.3482791454 172.812, -82.9195599337 38.3483745827 172.843, -82.9190099495 38.348478751 172.874, -82.918463248 38.3485972811 172.905, -82.9181911262 38.3486608335 172.92, -82.9176509901 38.3487990227 172.951, -82.9168546527 38.3490310853 172.997, -82.9163308483 38.3491979558 173.028, -82.9158135454 38.3493770698 173.059, -82.9153031263 38.3495676082 173.09, -82.9147975401 38.3497684266 173.121, -82.9142981082 38.3499814781 173.152, -82.9138066568 38.3502046082 173.183, -82.9135646315 38.3503196951 173.198, -82.9130889742 38.3505583114 173.229, -82.9128550046 38.3506815571 173.244, -82.9123940962 38.3509356341 173.275, -82.9107927921 38.3518464653 173.382, -82.9089736873 38.3528940888 173.505, -82.9066827963 38.35419493 173.659, -82.9059839424 38.3545740443 173.706, -82.9055105135 38.3548168048 173.736, -82.9052701289 38.3549338381 173.752, -82.904541622 38.3552674506 173.798, -82.9040431394 38.355472241 173.828, -82.9035381389 38.3556650587 173.859, -82.9030240358 38.3558406229 173.889, -82.9027705409 38.3559356327 173.905, -82.9022483971 38.3561024828 173.935, -82.9019441038 38.3561937976 173.953, -82.9013603548 38.3563566904 173.987, -82.9009151511 38.3564737361 174.013, -82.9003739241 38.3566016568 174.043, -82.8998290876 38.3567146538 174.074, -82.8992837263 38.356814173 174.104, -82.8987352919 38.3569029015 174.135, -82.8981831111 38.356980273 174.165, -82.8976265286 38.3570451731 174.196, -82.8967815689 38.3571146657 174.242, -82.8959839933 38.357158919 174.286, -82.8946018498 38.357206938 174.361, -82.8931050531 38.3572513526 174.442, -82.8914129993 38.3573102678 174.534, -82.8911423284 38.357335057 174.549, -82.889440685 38.3573802511 174.642, -82.8883022606 38.3574233665 174.704, -82.8877332467 38.3574576995 174.735, -82.8874490545 38.3574802303 174.75, -82.8865976201 38.35756323 174.797, -82.886315755 38.3575976284 174.812, -82.8857564341 38.3576786159 174.843, -82.885200095 38.3577725858 174.874, -82.8846457867 38.3578770419 174.905, -82.8840951465 38.3579947716 174.936, -82.8835478252 38.3581257668 174.967, -82.8830056508 38.3582678726 174.998, -82.8824724247 38.3584220066 175.029, -82.8814233161 38.3587595333 175.091, -82.8809114227 38.3589479693 175.121, -82.8804071267 38.359147301 175.152, -82.8799078907 38.3593599406 175.183, -82.8796610621 38.3594707227 175.198, -82.8791758615 38.3596990847 175.229, -82.8786979514 38.3599372371 175.26, -82.8782268871 38.3601876415 175.291, -82.8766046542 38.3610818555 175.398, -82.8752124655 38.3618566264 175.491, -82.8745123738 38.3622344312 175.537, -82.8742748378 38.3623569669 175.552, -82.8737911616 38.3625900144 175.583, -82.8733007523 38.3628077862 175.614, -82.8730566656 38.3629103803 175.629, -82.8725417886 38.3630934883 175.659, -82.8720237794 38.3632674512 175.69, -82.8714945478 38.3634249311 175.721, -82.8709604588 38.3635638824 175.751, -82.8706913992 38.3636268525 175.766, -82.8701486112 38.3637383904 175.797, -82.8695977718 38.363832697 175.828, -82.8693195053 38.3638723628 175.843, -82.8687611128 38.3639368103 175.874, -82.8684816623 38.363962159 175.889, -82.8678002973 38.3640035565 175.926, -82.8670848687 38.3640237898 175.965, -82.8662452297 38.3640258867 176.01, -82.8631470659 38.3639966003 176.179, -82.86004505 38.3639764804 176.347, -82.8586389757 38.3639633332 176.423, -82.8580788534 38.3639650492 176.453, -82.8575185179 38.3639810433 176.484, -82.8569572063 38.3640129458 176.514, -82.8566761378 38.3640349301 176.53, -82.8561147796 38.364094576 176.561, -82.8555558213 38.3641729593 176.591, -82.8552783652 38.3642183811 176.607, -82.8547278008 38.3643227913 176.637, -82.8544550207 38.3643823361 176.653, -82.8539169675 38.3645145221 176.683, -82.8533900407 38.3646653841 176.714, -82.8531306413 38.3647483316 176.729, -82.8526163215 38.3649244996 176.759, -82.8523624356 38.3650180205 176.775, -82.8519774409 38.3651709734 176.798, -82.851612339 38.3653238631 176.82, -82.8511257048 38.3655498794 176.851, -82.8494439298 38.3663760639 176.959, -82.8492007911 38.3664887972 176.974, -82.8480014907 38.367087752 177.051, -82.8472751784 38.3674441523 177.098, -82.8462982822 38.3679158407 177.16, -82.8458055463 38.3681452584 177.191, -82.8455565678 38.3682553695 177.206, -82.8450519278 38.3684680073 177.237, -82.8447966274 38.3685702699 177.253, -82.8442815442 38.3687645157 177.284, -82.8437600503 38.3689443172 177.315, -82.8432348154 38.3691127597 177.346, -82.842970268 38.3691928116 177.361, -82.8424377396 38.369342665 177.392, -82.8419004357 38.3694808597 177.423, -82.84135669 38.3696054318 177.453, -82.8405316631 38.3697741968 177.5, -82.8396999855 38.3699169668 177.546, -82.835831614 38.3705147844 177.76, -82.8308542671 38.3712755548 178.035, -82.8300184468 38.3713986501 178.081, -82.8294567598 38.3714644821 178.112, -82.8291745097 38.3714888462 178.127, -82.8288921741 38.3715066132 178.143, -82.8286093927 38.3715180491 178.158, -82.8283275479 38.3715234637 178.173, -82.8280459327 38.3715231144 178.189, -82.8277649159 38.3715164591 178.204, -82.8274841518 38.3715034916 178.219, -82.8272043356 38.3714842272 178.234, -82.8269247828 38.3714583742 178.25, -82.8266461661 38.371426501 178.265, -82.8261656492 38.3713555779 178.292, -82.8258174183 38.3712928619 178.311, -82.8255443631 38.3712352972 178.326, -82.8252726062 38.3711714447 178.342, -82.8250035191 38.3711018886 178.357, -82.8246089616 38.3709844517 178.38, -82.8244810056 38.3709464009 178.387, -82.8242203449 38.3708580943 178.403, -82.8239665178 38.3707647351 178.418, -82.8237171353 38.3706648916 178.433, -82.8234710892 38.3705601841 178.448, -82.822986954 38.3703438229 178.479, -82.8225141411 38.3701236169 178.508, -82.8208283819 38.3693060995 178.616, -82.8190920562 38.3684798888 178.726, -82.8144867362 38.3662699103 179.017, -82.8127969612 38.3654524488 179.124, -82.8120651301 38.3651139596 179.17, -82.8115689911 38.3649027465 179.201, -82.8110607586 38.3647060661 179.231, -82.810543579 38.3645237232 179.262, -82.8100157197 38.3643641909 179.293, -82.8097489508 38.3642899867 179.308, -82.8092113787 38.3641552109 179.338, -82.8086675945 38.3640362131 179.369, -82.8083926164 38.3639840551 179.384, -82.8078395222 38.3638884509 179.415, -82.8072859313 38.3638139859 179.445, -82.8070009467 38.3637852029 179.46, -82.8064404818 38.363742983 179.491, -82.8058782788 38.3637180256 179.521, -82.8053131812 38.3637130493 179.552, -82.8050297207 38.3637158953 179.567, -82.8044633721 38.3637334125 179.598, -82.803618717 38.3637731299 179.643, -82.8024948614 38.3638399635 179.704, -82.8005144706 38.3639467359 179.812, -82.7954348782 38.3642309207 180.087, -82.7944872666 38.3642880615 180.138, -82.7923347988 38.3644038676 180.254, -82.7861348653 38.3647514492 180.59, -82.7841586211 38.3648577782 180.697, -82.7820330117 38.3649814878 180.812)"
"District 09","Carter","09-80050.00","US","60","US-60","RECONSTRUCTION","12.4","13.5","IMPROVE US-60 GEOMETRY BEGINNING TERMINI AT NEW CONSTRUCTION AT OLIVE HILL MP 12.4 EXTENDING 1.1 MILES TO I-64 EXIT 161.(18CCN) (2022CCR) (2024CCR)","","2018","2026","C","STP1","11600000","2031","","","","022-US-0060-000","LINESTRING Z (-83.1240397766 38.3143667563 12.4, -83.1238617484 38.3145155505 12.414, -83.1235272424 38.3147726831 12.439, -83.1225562387 38.3154827111 12.511, -83.1218736935 38.3159848554 12.562, -83.1215347028 38.3162402347 12.587, -83.1212520454 38.3164608756 12.609, -83.1197313744 38.3176897044 12.726, -83.1195354787 38.3178630945 12.742, -83.119482723 38.3179146673 12.747, -83.1193913696 38.3180217006 12.756, -83.1193199696 38.3181363196 12.765, -83.1192691981 38.3182590887 12.774, -83.1192537479 38.3183205563 12.778, -83.1192395047 38.3183872714 12.783, -83.1192275832 38.3185449678 12.794, -83.119228154 38.3186556916 12.802, -83.1193399197 38.3204627831 12.93, -83.1193441713 38.3206947371 12.947, -83.1193245162 38.3211074737 12.976, -83.1192810391 38.3215817662 13.01, -83.1192333656 38.3218809715 13.031, -83.1191590875 38.3221732667 13.052, -83.1189406157 38.3229087724 13.106, -83.1186172252 38.3241298406 13.195, -83.1184394206 38.3248005922 13.244, -83.1183995675 38.3249494264 13.254, -83.1180935365 38.3260942332 13.337, -83.1179279057 38.3267364092 13.384, -83.1178579869 38.3270040759 13.404, -83.1176158113 38.3279137706 13.47, -83.1175027881 38.3283490861 13.5)"
"District 09","Carter","09-80050.00","US","60","US-60","RECONSTRUCTION","12.4","13.5","IMPROVE US-60 GEOMETRY BEGINNING TERMINI AT NEW CONSTRUCTION AT OLIVE HILL MP 12.4 EXTENDING 1.1 MILES TO I-64 EXIT 161.(18CCN) (2022CCR) (2024CCR)","","2018","2026","U","STP1","7020000","2030","","","","022-US-0060-000","LINESTRING Z (-83.1240397766 38.3143667563 12.4, -83.1238617484 38.3145155505 12.414, -83.1235272424 38.3147726831 12.439, -83.1225562387 38.3154827111 12.511, -83.1218736935 38.3159848554 12.562, -83.1215347028 38.3162402347 12.587, -83.1212520454 38.3164608756 12.609, -83.1197313744 38.3176897044 12.726, -83.1195354787 38.3178630945 12.742, -83.119482723 38.3179146673 12.747, -83.1193913696 38.3180217006 12.756, -83.1193199696 38.3181363196 12.765, -83.1192691981 38.3182590887 12.774, -83.1192537479 38.3183205563 12.778, -83.1192395047 38.3183872714 12.783, -83.1192275832 38.3185449678 12.794, -83.119228154 38.3186556916 12.802, -83.1193399197 38.3204627831 12.93, -83.1193441713 38.3206947371 12.947, -83.1193245162 38.3211074737 12.976, -83.1192810391 38.3215817662 13.01, -83.1192333656 38.3218809715 13.031, -83.1191590875 38.3221732667 13.052, -83.1189406157 38.3229087724 13.106, -83.1186172252 38.3241298406 13.195, -83.1184394206 38.3248005922 13.244, -83.1183995675 38.3249494264 13.254, -83.1180935365 38.3260942332 13.337, -83.1179279057 38.3267364092 13.384, -83.1178579869 38.3270040759 13.404, -83.1176158113 38.3279137706 13.47, -83.1175027881 38.3283490861 13.5)"
"District 09","Carter","09-80050.00","US","60","US-60","RECONSTRUCTION","12.4","13.5","IMPROVE US-60 GEOMETRY BEGINNING TERMINI AT NEW CONSTRUCTION AT OLIVE HILL MP 12.4 EXTENDING 1.1 MILES TO I-64 EXIT 161.(18CCN) (2022CCR) (2024CCR)","","2018","2026","R","STP1","7700000","2029","","","","022-US-0060-000","LINESTRING Z (-83.1240397766 38.3143667563 12.4, -83.1238617484 38.3145155505 12.414, -83.1235272424 38.3147726831 12.439, -83.1225562387 38.3154827111 12.511, -83.1218736935 38.3159848554 12.562, -83.1215347028 38.3162402347 12.587, -83.1212520454 38.3164608756 12.609, -83.1197313744 38.3176897044 12.726, -83.1195354787 38.3178630945 12.742, -83.119482723 38.3179146673 12.747, -83.1193913696 38.3180217006 12.756, -83.1193199696 38.3181363196 12.765, -83.1192691981 38.3182590887 12.774, -83.1192537479 38.3183205563 12.778, -83.1192395047 38.3183872714 12.783, -83.1192275832 38.3185449678 12.794, -83.119228154 38.3186556916 12.802, -83.1193399197 38.3204627831 12.93, -83.1193441713 38.3206947371 12.947, -83.1193245162 38.3211074737 12.976, -83.1192810391 38.3215817662 13.01, -83.1192333656 38.3218809715 13.031, -83.1191590875 38.3221732667 13.052, -83.1189406157 38.3229087724 13.106, -83.1186172252 38.3241298406 13.195, -83.1184394206 38.3248005922 13.244, -83.1183995675 38.3249494264 13.254, -83.1180935365 38.3260942332 13.337, -83.1179279057 38.3267364092 13.384, -83.1178579869 38.3270040759 13.404, -83.1176158113 38.3279137706 13.47, -83.1175027881 38.3283490861 13.5)"
"District 09","Carter","09-80200.00","KY","1025","KY-1025","CONGESTION MITIGTN(O)","0.0","0.3","Geometric improvements on KY 1025 from US 60 (MP 0.0),East of Olive Hill extending North 0.30 miles providing access to West Carter Middle and High Schools and facilities. Project will include bike/ped facilities. (2022CCN)","","2022","2026","C","CRP","2470000","2028","","","","022-KY-1025-000","LINESTRING Z (-83.1504675911 38.3079015228 0, -83.1505185793 38.3080864256 0.013, -83.1505412686 38.3082138417 0.022, -83.1505632577 38.3083709121 0.033, -83.1505800385 38.3085470974 0.045, -83.1505832444 38.3090578613 0.08, -83.1505664727 38.3097096649 0.125, -83.1505587068 38.3101166205 0.153, -83.1505310546 38.3106915401 0.193, -83.1505200482 38.3110915564 0.22, -83.1504950613 38.3122551793 0.3)"
"District 09","Carter","09-80201.00","KY","3297","KY-3297","SAFETY(P)","0.25","0.9","Improve safety and operational efficiency of KY 3297 near East Carter Middle School and the new sports complex. (2022CCN) (2024CCR)","","2022","2026","U","SPP","220000","2030","","","","022-KY-3297-000","LINESTRING Z (-82.9426321509 38.3348481142 0.25, -82.9425463609 38.3351474501 0.272, -82.9425099755 38.3352416442 0.279, -82.9424342804 38.3353969954 0.29, -82.9423454664 38.335539673 0.301, -82.9421462153 38.3358066575 0.322, -82.9420457764 38.3359248826 0.332, -82.9419065279 38.3360729573 0.345, -82.9417461978 38.3362158624 0.358, -82.9416519996 38.3362894544 0.365, -82.9415441886 38.3363632725 0.373, -82.9413143802 38.3364987601 0.389, -82.941215054 38.3365513507 0.395, -82.9400409029 38.3371644467 0.469, -82.939615649 38.3373848562 0.496, -82.9387448584 38.3378359029 0.553, -82.9372898947 38.3386032991 0.648, -82.9345635285 38.3400242688 0.826, -82.9345115531 38.3400516051 0.829, -82.9337080415 38.3404748194 0.882, -82.9334389415 38.3406154112 0.9)"
"District 09","Carter","09-80201.00","KY","3297","KY-3297","SAFETY(P)","0.25","0.9","Improve safety and operational efficiency of KY 3297 near East Carter Middle School and the new sports complex. (2022CCN) (2024CCR)","","2022","2026","R","SPP","280000","2029","","","","022-KY-3297-000","LINESTRING Z (-82.9426321509 38.3348481142 0.25, -82.9425463609 38.3351474501 0.272, -82.9425099755 38.3352416442 0.279, -82.9424342804 38.3353969954 0.29, -82.9423454664 38.335539673 0.301, -82.9421462153 38.3358066575 0.322, -82.9420457764 38.3359248826 0.332, -82.9419065279 38.3360729573 0.345, -82.9417461978 38.3362158624 0.358, -82.9416519996 38.3362894544 0.365, -82.9415441886 38.3363632725 0.373, -82.9413143802 38.3364987601 0.389, -82.941215054 38.3365513507 0.395, -82.9400409029 38.3371644467 0.469, -82.939615649 38.3373848562 0.496, -82.9387448584 38.3378359029 0.553, -82.9372898947 38.3386032991 0.648, -82.9345635285 38.3400242688 0.826, -82.9345115531 38.3400516051 0.829, -82.9337080415 38.3404748194 0.882, -82.9334389415 38.3406154112 0.9)"
"District 09","Carter","09-80201.00","KY","3297","KY-3297","SAFETY(P)","0.25","0.9","Improve safety and operational efficiency of KY 3297 near East Carter Middle School and the new sports complex. (2022CCN) (2024CCR)","","2022","2026","C","SPP","710000","2031","","","","022-KY-3297-000","LINESTRING Z (-82.9426321509 38.3348481142 0.25, -82.9425463609 38.3351474501 0.272, -82.9425099755 38.3352416442 0.279, -82.9424342804 38.3353969954 0.29, -82.9423454664 38.335539673 0.301, -82.9421462153 38.3358066575 0.322, -82.9420457764 38.3359248826 0.332, -82.9419065279 38.3360729573 0.345, -82.9417461978 38.3362158624 0.358, -82.9416519996 38.3362894544 0.365, -82.9415441886 38.3363632725 0.373, -82.9413143802 38.3364987601 0.389, -82.941215054 38.3365513507 0.395, -82.9400409029 38.3371644467 0.469, -82.939615649 38.3373848562 0.496, -82.9387448584 38.3378359029 0.553, -82.9372898947 38.3386032991 0.648, -82.9345635285 38.3400242688 0.826, -82.9345115531 38.3400516051 0.829, -82.9337080415 38.3404748194 0.882, -82.9334389415 38.3406154112 0.9)"
"District 09","Carter","09-80304.00","PF","9999","PF-9999","CONGESTION MITIGTN(O)","","","Improve connectivity in Grayson between KY 1 (Carol Malone Blvd) and KY 3297 (Midland Trail). (2024CCN)","","2024","2026","D","SPP","810000","2027","","","","",""
"District 09","Carter","09-80304.00","PF","9999","PF-9999","CONGESTION MITIGTN(O)","","","Improve connectivity in Grayson between KY 1 (Carol Malone Blvd) and KY 3297 (Midland Trail). (2024CCN)","","2024","2026","R","SPP","6600000","2030","","","","",""
"District 09","Carter","09-80304.00","PF","9999","PF-9999","CONGESTION MITIGTN(O)","","","Improve connectivity in Grayson between KY 1 (Carol Malone Blvd) and KY 3297 (Midland Trail). (2024CCN)","","2024","2026","C","SPP","8100000","2031","","","","",""
"District 09","Carter","09-80304.00","PF","9999","PF-9999","CONGESTION MITIGTN(O)","","","Improve connectivity in Grayson between KY 1 (Carol Malone Blvd) and KY 3297 (Midland Trail). (2024CCN)","","2024","2026","U","SPP","4640000","2030","","","","",""
"District 09","Carter","09-80305.00","KY","174","KY-174","REALIGNMENT","6.4","6.7","Curve correction on KY 174 to improve horizontal alignment which will include a bridge replacement. (2024CCN)","","2024","2026","R","SPP","720000","2030","","","","022-KY-0174-000","LINESTRING Z (-83.2088928675 38.2657887334 6.4, -83.2088095807 38.2658394361 6.406, -83.2086247991 38.2659434304 6.418, -83.2084361325 38.2660388249 6.43, -83.2082412297 38.2661230964 6.442, -83.2080394123 38.2661956811 6.454, -83.2078289121 38.2662573652 6.467, -83.2076142837 38.2663074219 6.479, -83.2074705038 38.2663340024 6.487, -83.2071795783 38.2663736277 6.503, -83.2069675661 38.2663883018 6.515, -83.206753882 38.2663908525 6.526, -83.2061347567 38.2663690287 6.56, -83.2055408779 38.2663526899 6.593, -83.2053547732 38.2663637975 6.603, -83.2051732928 38.2663923109 6.613, -83.2049933413 38.2664370655 6.623, -83.2042500206 38.2666611769 6.667, -83.2038482914 38.2667610456 6.69, -83.2036769226 38.2667960469 6.7)"
"District 09","Carter","09-80305.00","KY","174","KY-174","REALIGNMENT","6.4","6.7","Curve correction on KY 174 to improve horizontal alignment which will include a bridge replacement. (2024CCN)","","2024","2026","C","SPP","10540000","2032","","","","022-KY-0174-000","LINESTRING Z (-83.2088928675 38.2657887334 6.4, -83.2088095807 38.2658394361 6.406, -83.2086247991 38.2659434304 6.418, -83.2084361325 38.2660388249 6.43, -83.2082412297 38.2661230964 6.442, -83.2080394123 38.2661956811 6.454, -83.2078289121 38.2662573652 6.467, -83.2076142837 38.2663074219 6.479, -83.2074705038 38.2663340024 6.487, -83.2071795783 38.2663736277 6.503, -83.2069675661 38.2663883018 6.515, -83.206753882 38.2663908525 6.526, -83.2061347567 38.2663690287 6.56, -83.2055408779 38.2663526899 6.593, -83.2053547732 38.2663637975 6.603, -83.2051732928 38.2663923109 6.613, -83.2049933413 38.2664370655 6.623, -83.2042500206 38.2666611769 6.667, -83.2038482914 38.2667610456 6.69, -83.2036769226 38.2667960469 6.7)"
"District 09","Carter","09-80305.00","KY","174","KY-174","REALIGNMENT","6.4","6.7","Curve correction on KY 174 to improve horizontal alignment which will include a bridge replacement. (2024CCN)","","2024","2026","U","SPP","700000","2031","","","","022-KY-0174-000","LINESTRING Z (-83.2088928675 38.2657887334 6.4, -83.2088095807 38.2658394361 6.406, -83.2086247991 38.2659434304 6.418, -83.2084361325 38.2660388249 6.43, -83.2082412297 38.2661230964 6.442, -83.2080394123 38.2661956811 6.454, -83.2078289121 38.2662573652 6.467, -83.2076142837 38.2663074219 6.479, -83.2074705038 38.2663340024 6.487, -83.2071795783 38.2663736277 6.503, -83.2069675661 38.2663883018 6.515, -83.206753882 38.2663908525 6.526, -83.2061347567 38.2663690287 6.56, -83.2055408779 38.2663526899 6.593, -83.2053547732 38.2663637975 6.603, -83.2051732928 38.2663923109 6.613, -83.2049933413 38.2664370655 6.623, -83.2042500206 38.2666611769 6.667, -83.2038482914 38.2667610456 6.69, -83.2036769226 38.2667960469 6.7)"
"District 09","Carter","09-80305.00","KY","174","KY-174","REALIGNMENT","6.4","6.7","Curve correction on KY 174 to improve horizontal alignment which will include a bridge replacement. (2024CCN)","","2024","2026","D","SPP","1350000","2029","","","","022-KY-0174-000","LINESTRING Z (-83.2088928675 38.2657887334 6.4, -83.2088095807 38.2658394361 6.406, -83.2086247991 38.2659434304 6.418, -83.2084361325 38.2660388249 6.43, -83.2082412297 38.2661230964 6.442, -83.2080394123 38.2661956811 6.454, -83.2078289121 38.2662573652 6.467, -83.2076142837 38.2663074219 6.479, -83.2074705038 38.2663340024 6.487, -83.2071795783 38.2663736277 6.503, -83.2069675661 38.2663883018 6.515, -83.206753882 38.2663908525 6.526, -83.2061347567 38.2663690287 6.56, -83.2055408779 38.2663526899 6.593, -83.2053547732 38.2663637975 6.603, -83.2051732928 38.2663923109 6.613, -83.2049933413 38.2664370655 6.623, -83.2042500206 38.2666611769 6.667, -83.2038482914 38.2667610456 6.69, -83.2036769226 38.2667960469 6.7)"
"District 09","Carter","09-80409.00","US","60","US-60","CONGESTION MITIGTN(O)","18.2","23.9","Improve US 60 by upgrading geometrics to a 45mph design speed with wider shoulders and an improved clear zone (MP 18.2-23.9) (2026CCN)","","2026","2026","U","NH","6000000","2030","","","","022-US-0060-000","LINESTRING Z (-83.0413154728 38.3371012014 18.2, -83.0412988122 38.3370952594 18.201, -83.0411113727 38.3370327318 18.212, -83.0407148962 38.3369258633 18.234, -83.0403457788 38.3368432453 18.255, -83.0399506643 38.3367751413 18.277, -83.0397571174 38.3367363728 18.288, -83.0395695633 38.3366864776 18.299, -83.0393922622 38.3366233553 18.309, -83.0392211463 38.3365438913 18.32, -83.0390563795 38.3364530335 18.331, -83.0388957713 38.3363534801 18.342, -83.0385744154 38.3361392593 18.365, -83.0382445256 38.3359295127 18.388, -83.0379025298 38.3357359701 18.411, -83.0375344488 38.3355404566 18.435, -83.0364747897 38.334993665 18.504, -83.03622407 38.3348599007 18.52, -83.0360654273 38.3347639594 18.531, -83.035918015 38.3346567374 18.542, -83.0358055971 38.3345558108 18.551, -83.035604301 38.3343399367 18.57, -83.0351314923 38.3337791072 18.616, -83.0348068789 38.3334082096 18.647, -83.0346807174 38.3332734512 18.659, -83.03439886 38.3330103988 18.682, -83.033717668 38.3324167643 18.738, -83.0335159741 38.3322308215 18.754, -83.0333885588 38.332101802 18.766, -83.0332693716 38.3319672019 18.777, -83.0331566399 38.3318278042 18.788, -83.0329445292 38.3315369525 18.812, -83.0328480078 38.3313836414 18.823, -83.0324853254 38.3307695582 18.87, -83.0323900588 38.3305918242 18.883, -83.0317601259 38.3294902923 18.967, -83.0314708002 38.3290149749 19.003, -83.0312940423 38.3287587222 19.023, -83.0311409809 38.3285596061 19.039, -83.031017967 38.3284155753 19.051, -83.0308881603 38.3282760577 19.063, -83.0307949579 38.3281840836 19.071, -83.0306149353 38.3280162156 19.086, -83.0304699054 38.3278922816 19.098, -83.0303157561 38.3277697878 19.11, -83.0301014982 38.3276129456 19.126, -83.0298188439 38.3274289831 19.146, -83.0296413041 38.3273260053 19.158, -83.0294576491 38.3272281062 19.17, -83.029268534 38.3271363998 19.182, -83.0290746867 38.3270500785 19.194, -83.0286689394 38.3268940546 19.218, -83.0283898247 38.3268030259 19.235, -83.028178277 38.3267426709 19.247, -83.0278910424 38.3266731572 19.263, -83.0275978058 38.3266150444 19.28, -83.0273721026 38.3265790867 19.292, -83.0270662164 38.326542384 19.309, -83.0269115326 38.3265286634 19.318, -83.0266794113 38.3265153591 19.33, -83.0263654672 38.3265078649 19.347, -83.0259693768 38.3265149637 19.369, -83.0254099917 38.3265430297 19.399, -83.023352404 38.326664632 19.512, -83.0211787522 38.3267747319 19.63, -83.0197079107 38.3268449541 19.71, -83.0183001759 38.3269155142 19.787, -83.0179481329 38.3269384378 19.807, -83.0176704535 38.3269685699 19.822, -83.017465263 38.3270000997 19.834, -83.0172443104 38.3270428033 19.846, -83.0169247314 38.3271211431 19.864, -83.0167227609 38.3271785697 19.876, -83.016591442 38.3272211431 19.884, -83.0163381519 38.3273174947 19.899, -83.0159063843 38.3275053287 19.926, -83.0155948115 38.3276308276 19.945, -83.0153373167 38.3277182882 19.96, -83.0151424043 38.3277734029 19.971, -83.0149442626 38.3278215738 19.983, -83.0145457426 38.3279030298 20.005, -83.0133507289 38.3281138828 20.072, -83.0130755161 38.3281712592 20.087, -83.0128762042 38.3282226966 20.098, -83.0126964582 38.3282825537 20.109, -83.0126107305 38.3283182099 20.114, -83.0124434379 38.3283995074 20.125, -83.0122823251 38.3284927615 20.136, -83.0119589526 38.3286913288 20.158, -83.0110023322 38.329308218 20.226, -83.0106818424 38.3294947613 20.247, -83.0105176909 38.3295758549 20.258, -83.0103432072 38.3296440709 20.269, -83.0102524954 38.3296730167 20.274, -83.0101594576 38.3296988869 20.279, -83.0099660632 38.3297411158 20.29, -83.0096650753 38.3297879984 20.307, -83.0080975998 38.3299783681 20.393, -83.00691601 38.3301364467 20.459, -83.0065674629 38.330177275 20.478, -83.0064323711 38.3301898053 20.485, -83.0062254545 38.3302017697 20.497, -83.0060199733 38.3302033285 20.508, -83.0058155062 38.3301963929 20.519, -83.0056132016 38.3301782439 20.53, -83.0053603081 38.3301418893 20.544, -83.0042360425 38.3299136337 20.607, -83.0036380215 38.3297799882 20.64, -83.0026653069 38.3295376493 20.696, -83.001991236 38.3293766812 20.734, -83.0016491231 38.3293014353 20.753, -83.0014427238 38.3292623052 20.765, -83.0012347248 38.3292286319 20.776, -83.00102439 38.3292014971 20.788, -83.0008127535 38.3291812001 20.799, -83.000599445 38.3291682818 20.811, -83.0003311199 38.3291623274 20.825, -82.9999550895 38.3291733764 20.846, -82.9996052733 38.3292015173 20.865, -82.9993502801 38.3292307601 20.879, -82.998614689 38.3293345537 20.919, -82.9979021039 38.3294479423 20.959, -82.9976730056 38.3294934425 20.971, -82.9974171455 38.3295550791 20.986, -82.9972189862 38.3296125615 20.997, -82.9970016908 38.329687456 21.01, -82.9968399239 38.3297510043 21.02, -82.9966566426 38.3298302596 21.031, -82.9962972517 38.3300021242 21.054, -82.995190856 38.3305538684 21.125, -82.9949466763 38.3306665954 21.14, -82.9947713763 38.330737518 21.151, -82.9946059882 38.3307952087 21.161, -82.9944388391 38.3308440676 21.17, -82.9942052435 38.3308976987 21.184, -82.9940992457 38.3309155617 21.189, -82.99379679 38.3309453367 21.206, -82.9936031823 38.3309556668 21.217, -82.9935205553 38.3309548427 21.221, -82.9933196025 38.3309471435 21.232, -82.9930698984 38.3309188036 21.246, -82.9927797249 38.3308722136 21.262, -82.9924895218 38.3308171057 21.278, -82.9907295674 38.3304469957 21.377, -82.9887182349 38.3300286914 21.49, -82.9882647277 38.3299480623 21.515, -82.9877050821 38.3298704499 21.546, -82.986172104 38.3296981483 21.63, -82.9858734779 38.3296724976 21.647, -82.9851779458 38.329600768 21.685, -82.9848180362 38.3295632455 21.705, -82.9844863697 38.3295351709 21.723, -82.9840176238 38.3295074665 21.748, -82.9838740798 38.3295035651 21.756, -82.9835836166 38.3295020005 21.772, -82.9833400095 38.3295064753 21.785, -82.9823945071 38.3295434511 21.837, -82.9818937438 38.3295509792 21.864, -82.981446898 38.3295344902 21.888, -82.9811976406 38.3295130045 21.902, -82.9809997745 38.3294883233 21.913, -82.9807543165 38.3294493421 21.927, -82.9805127261 38.3294002868 21.94, -82.980274625 38.3293419711 21.954, -82.9800403596 38.3292744041 21.967, -82.9798560559 38.3292137745 21.978, -82.9795787588 38.3291127826 21.995, -82.9784995163 38.3286732433 22.061, -82.9781323528 38.3285415736 22.083, -82.977653944 38.3284004296 22.111, -82.9774024451 38.3283368498 22.125, -82.9771973657 38.3282908396 22.137, -82.9769377341 38.3282394308 22.151, -82.9765156563 38.3281767995 22.175, -82.9762480945 38.3281507528 22.189, -82.9758682258 38.3281248231 22.21, -82.9755378931 38.3281170851 22.228, -82.9752067468 38.3281216899 22.246, -82.9749855958 38.3281318926 22.258, -82.9746938254 38.3281558256 22.274, -82.9742999569 38.3282051126 22.296, -82.9741182348 38.3282332711 22.306, -82.973798603 38.3282930871 22.324, -82.9735837906 38.328338602 22.336, -82.9733708395 38.3283902039 22.348, -82.9730023504 38.3284969497 22.369, -82.9727953354 38.3285668217 22.382, -82.97259298 38.3286425712 22.394, -82.9722444051 38.3287852221 22.415, -82.9720541678 38.3288725189 22.427, -82.9714954324 38.3291588659 22.463, -82.970978647 38.3294332821 22.497, -82.9705975634 38.3296237917 22.522, -82.9700684544 38.3298734644 22.555, -82.9695811964 38.3300862042 22.585, -82.9690892591 38.330284272 22.615, -82.9680408549 38.3306896001 22.679, -82.9648477624 38.3318969868 22.871, -82.9635169071 38.3324005798 22.952, -82.9629654014 38.3325958479 22.985, -82.9623668076 38.3327726965 23.021, -82.9619277845 38.3328804958 23.046, -82.9613984942 38.3329864444 23.076, -82.9609664923 38.3330562185 23.101, -82.960434908 38.3331214474 23.131, -82.9600674581 38.3331537269 23.151, -82.9590330808 38.333214798 23.208, -82.9581736422 38.3332706433 23.256, -82.9570847327 38.3333348078 23.316, -82.9567338307 38.3333537307 23.335, -82.9565355001 38.3333594935 23.346, -82.9562624043 38.3333593708 23.361, -82.9558696065 38.3333426872 23.382, -82.9555980013 38.3333217192 23.396, -82.9543868219 38.3331983566 23.46, -82.95293705 38.3330481927 23.537, -82.9522697549 38.3329766621 23.573, -82.9518281217 38.332932713 23.596, -82.951596621 38.3329027919 23.608, -82.9513943956 38.3328826298 23.619, -82.9500387509 38.3327247639 23.691, -82.9493340958 38.3326361243 23.729, -82.9488283754 38.3325807583 23.756, -82.9486036441 38.3325471454 23.769, -82.9481885075 38.3324669951 23.792, -82.9476054354 38.3323639138 23.825, -82.9471794457 38.3322848767 23.849, -82.9465136053 38.3321663696 23.886, -82.9462668841 38.3321224233 23.9)"
"District 09","Carter","09-80409.00","US","60","US-60","CONGESTION MITIGTN(O)","18.2","23.9","Improve US 60 by upgrading geometrics to a 45mph design speed with wider shoulders and an improved clear zone (MP 18.2-23.9) (2026CCN)","","2026","2026","C","NH","40000000","2031","","","","022-US-0060-000","LINESTRING Z (-83.0413154728 38.3371012014 18.2, -83.0412988122 38.3370952594 18.201, -83.0411113727 38.3370327318 18.212, -83.0407148962 38.3369258633 18.234, -83.0403457788 38.3368432453 18.255, -83.0399506643 38.3367751413 18.277, -83.0397571174 38.3367363728 18.288, -83.0395695633 38.3366864776 18.299, -83.0393922622 38.3366233553 18.309, -83.0392211463 38.3365438913 18.32, -83.0390563795 38.3364530335 18.331, -83.0388957713 38.3363534801 18.342, -83.0385744154 38.3361392593 18.365, -83.0382445256 38.3359295127 18.388, -83.0379025298 38.3357359701 18.411, -83.0375344488 38.3355404566 18.435, -83.0364747897 38.334993665 18.504, -83.03622407 38.3348599007 18.52, -83.0360654273 38.3347639594 18.531, -83.035918015 38.3346567374 18.542, -83.0358055971 38.3345558108 18.551, -83.035604301 38.3343399367 18.57, -83.0351314923 38.3337791072 18.616, -83.0348068789 38.3334082096 18.647, -83.0346807174 38.3332734512 18.659, -83.03439886 38.3330103988 18.682, -83.033717668 38.3324167643 18.738, -83.0335159741 38.3322308215 18.754, -83.0333885588 38.332101802 18.766, -83.0332693716 38.3319672019 18.777, -83.0331566399 38.3318278042 18.788, -83.0329445292 38.3315369525 18.812, -83.0328480078 38.3313836414 18.823, -83.0324853254 38.3307695582 18.87, -83.0323900588 38.3305918242 18.883, -83.0317601259 38.3294902923 18.967, -83.0314708002 38.3290149749 19.003, -83.0312940423 38.3287587222 19.023, -83.0311409809 38.3285596061 19.039, -83.031017967 38.3284155753 19.051, -83.0308881603 38.3282760577 19.063, -83.0307949579 38.3281840836 19.071, -83.0306149353 38.3280162156 19.086, -83.0304699054 38.3278922816 19.098, -83.0303157561 38.3277697878 19.11, -83.0301014982 38.3276129456 19.126, -83.0298188439 38.3274289831 19.146, -83.0296413041 38.3273260053 19.158, -83.0294576491 38.3272281062 19.17, -83.029268534 38.3271363998 19.182, -83.0290746867 38.3270500785 19.194, -83.0286689394 38.3268940546 19.218, -83.0283898247 38.3268030259 19.235, -83.028178277 38.3267426709 19.247, -83.0278910424 38.3266731572 19.263, -83.0275978058 38.3266150444 19.28, -83.0273721026 38.3265790867 19.292, -83.0270662164 38.326542384 19.309, -83.0269115326 38.3265286634 19.318, -83.0266794113 38.3265153591 19.33, -83.0263654672 38.3265078649 19.347, -83.0259693768 38.3265149637 19.369, -83.0254099917 38.3265430297 19.399, -83.023352404 38.326664632 19.512, -83.0211787522 38.3267747319 19.63, -83.0197079107 38.3268449541 19.71, -83.0183001759 38.3269155142 19.787, -83.0179481329 38.3269384378 19.807, -83.0176704535 38.3269685699 19.822, -83.017465263 38.3270000997 19.834, -83.0172443104 38.3270428033 19.846, -83.0169247314 38.3271211431 19.864, -83.0167227609 38.3271785697 19.876, -83.016591442 38.3272211431 19.884, -83.0163381519 38.3273174947 19.899, -83.0159063843 38.3275053287 19.926, -83.0155948115 38.3276308276 19.945, -83.0153373167 38.3277182882 19.96, -83.0151424043 38.3277734029 19.971, -83.0149442626 38.3278215738 19.983, -83.0145457426 38.3279030298 20.005, -83.0133507289 38.3281138828 20.072, -83.0130755161 38.3281712592 20.087, -83.0128762042 38.3282226966 20.098, -83.0126964582 38.3282825537 20.109, -83.0126107305 38.3283182099 20.114, -83.0124434379 38.3283995074 20.125, -83.0122823251 38.3284927615 20.136, -83.0119589526 38.3286913288 20.158, -83.0110023322 38.329308218 20.226, -83.0106818424 38.3294947613 20.247, -83.0105176909 38.3295758549 20.258, -83.0103432072 38.3296440709 20.269, -83.0102524954 38.3296730167 20.274, -83.0101594576 38.3296988869 20.279, -83.0099660632 38.3297411158 20.29, -83.0096650753 38.3297879984 20.307, -83.0080975998 38.3299783681 20.393, -83.00691601 38.3301364467 20.459, -83.0065674629 38.330177275 20.478, -83.0064323711 38.3301898053 20.485, -83.0062254545 38.3302017697 20.497, -83.0060199733 38.3302033285 20.508, -83.0058155062 38.3301963929 20.519, -83.0056132016 38.3301782439 20.53, -83.0053603081 38.3301418893 20.544, -83.0042360425 38.3299136337 20.607, -83.0036380215 38.3297799882 20.64, -83.0026653069 38.3295376493 20.696, -83.001991236 38.3293766812 20.734, -83.0016491231 38.3293014353 20.753, -83.0014427238 38.3292623052 20.765, -83.0012347248 38.3292286319 20.776, -83.00102439 38.3292014971 20.788, -83.0008127535 38.3291812001 20.799, -83.000599445 38.3291682818 20.811, -83.0003311199 38.3291623274 20.825, -82.9999550895 38.3291733764 20.846, -82.9996052733 38.3292015173 20.865, -82.9993502801 38.3292307601 20.879, -82.998614689 38.3293345537 20.919, -82.9979021039 38.3294479423 20.959, -82.9976730056 38.3294934425 20.971, -82.9974171455 38.3295550791 20.986, -82.9972189862 38.3296125615 20.997, -82.9970016908 38.329687456 21.01, -82.9968399239 38.3297510043 21.02, -82.9966566426 38.3298302596 21.031, -82.9962972517 38.3300021242 21.054, -82.995190856 38.3305538684 21.125, -82.9949466763 38.3306665954 21.14, -82.9947713763 38.330737518 21.151, -82.9946059882 38.3307952087 21.161, -82.9944388391 38.3308440676 21.17, -82.9942052435 38.3308976987 21.184, -82.9940992457 38.3309155617 21.189, -82.99379679 38.3309453367 21.206, -82.9936031823 38.3309556668 21.217, -82.9935205553 38.3309548427 21.221, -82.9933196025 38.3309471435 21.232, -82.9930698984 38.3309188036 21.246, -82.9927797249 38.3308722136 21.262, -82.9924895218 38.3308171057 21.278, -82.9907295674 38.3304469957 21.377, -82.9887182349 38.3300286914 21.49, -82.9882647277 38.3299480623 21.515, -82.9877050821 38.3298704499 21.546, -82.986172104 38.3296981483 21.63, -82.9858734779 38.3296724976 21.647, -82.9851779458 38.329600768 21.685, -82.9848180362 38.3295632455 21.705, -82.9844863697 38.3295351709 21.723, -82.9840176238 38.3295074665 21.748, -82.9838740798 38.3295035651 21.756, -82.9835836166 38.3295020005 21.772, -82.9833400095 38.3295064753 21.785, -82.9823945071 38.3295434511 21.837, -82.9818937438 38.3295509792 21.864, -82.981446898 38.3295344902 21.888, -82.9811976406 38.3295130045 21.902, -82.9809997745 38.3294883233 21.913, -82.9807543165 38.3294493421 21.927, -82.9805127261 38.3294002868 21.94, -82.980274625 38.3293419711 21.954, -82.9800403596 38.3292744041 21.967, -82.9798560559 38.3292137745 21.978, -82.9795787588 38.3291127826 21.995, -82.9784995163 38.3286732433 22.061, -82.9781323528 38.3285415736 22.083, -82.977653944 38.3284004296 22.111, -82.9774024451 38.3283368498 22.125, -82.9771973657 38.3282908396 22.137, -82.9769377341 38.3282394308 22.151, -82.9765156563 38.3281767995 22.175, -82.9762480945 38.3281507528 22.189, -82.9758682258 38.3281248231 22.21, -82.9755378931 38.3281170851 22.228, -82.9752067468 38.3281216899 22.246, -82.9749855958 38.3281318926 22.258, -82.9746938254 38.3281558256 22.274, -82.9742999569 38.3282051126 22.296, -82.9741182348 38.3282332711 22.306, -82.973798603 38.3282930871 22.324, -82.9735837906 38.328338602 22.336, -82.9733708395 38.3283902039 22.348, -82.9730023504 38.3284969497 22.369, -82.9727953354 38.3285668217 22.382, -82.97259298 38.3286425712 22.394, -82.9722444051 38.3287852221 22.415, -82.9720541678 38.3288725189 22.427, -82.9714954324 38.3291588659 22.463, -82.970978647 38.3294332821 22.497, -82.9705975634 38.3296237917 22.522, -82.9700684544 38.3298734644 22.555, -82.9695811964 38.3300862042 22.585, -82.9690892591 38.330284272 22.615, -82.9680408549 38.3306896001 22.679, -82.9648477624 38.3318969868 22.871, -82.9635169071 38.3324005798 22.952, -82.9629654014 38.3325958479 22.985, -82.9623668076 38.3327726965 23.021, -82.9619277845 38.3328804958 23.046, -82.9613984942 38.3329864444 23.076, -82.9609664923 38.3330562185 23.101, -82.960434908 38.3331214474 23.131, -82.9600674581 38.3331537269 23.151, -82.9590330808 38.333214798 23.208, -82.9581736422 38.3332706433 23.256, -82.9570847327 38.3333348078 23.316, -82.9567338307 38.3333537307 23.335, -82.9565355001 38.3333594935 23.346, -82.9562624043 38.3333593708 23.361, -82.9558696065 38.3333426872 23.382, -82.9555980013 38.3333217192 23.396, -82.9543868219 38.3331983566 23.46, -82.95293705 38.3330481927 23.537, -82.9522697549 38.3329766621 23.573, -82.9518281217 38.332932713 23.596, -82.951596621 38.3329027919 23.608, -82.9513943956 38.3328826298 23.619, -82.9500387509 38.3327247639 23.691, -82.9493340958 38.3326361243 23.729, -82.9488283754 38.3325807583 23.756, -82.9486036441 38.3325471454 23.769, -82.9481885075 38.3324669951 23.792, -82.9476054354 38.3323639138 23.825, -82.9471794457 38.3322848767 23.849, -82.9465136053 38.3321663696 23.886, -82.9462668841 38.3321224233 23.9)"
"District 09","Carter","09-80409.00","US","60","US-60","CONGESTION MITIGTN(O)","18.2","23.9","Improve US 60 by upgrading geometrics to a 45mph design speed with wider shoulders and an improved clear zone (MP 18.2-23.9) (2026CCN)","","2026","2026","R","NH","7000000","2030","","","","022-US-0060-000","LINESTRING Z (-83.0413154728 38.3371012014 18.2, -83.0412988122 38.3370952594 18.201, -83.0411113727 38.3370327318 18.212, -83.0407148962 38.3369258633 18.234, -83.0403457788 38.3368432453 18.255, -83.0399506643 38.3367751413 18.277, -83.0397571174 38.3367363728 18.288, -83.0395695633 38.3366864776 18.299, -83.0393922622 38.3366233553 18.309, -83.0392211463 38.3365438913 18.32, -83.0390563795 38.3364530335 18.331, -83.0388957713 38.3363534801 18.342, -83.0385744154 38.3361392593 18.365, -83.0382445256 38.3359295127 18.388, -83.0379025298 38.3357359701 18.411, -83.0375344488 38.3355404566 18.435, -83.0364747897 38.334993665 18.504, -83.03622407 38.3348599007 18.52, -83.0360654273 38.3347639594 18.531, -83.035918015 38.3346567374 18.542, -83.0358055971 38.3345558108 18.551, -83.035604301 38.3343399367 18.57, -83.0351314923 38.3337791072 18.616, -83.0348068789 38.3334082096 18.647, -83.0346807174 38.3332734512 18.659, -83.03439886 38.3330103988 18.682, -83.033717668 38.3324167643 18.738, -83.0335159741 38.3322308215 18.754, -83.0333885588 38.332101802 18.766, -83.0332693716 38.3319672019 18.777, -83.0331566399 38.3318278042 18.788, -83.0329445292 38.3315369525 18.812, -83.0328480078 38.3313836414 18.823, -83.0324853254 38.3307695582 18.87, -83.0323900588 38.3305918242 18.883, -83.0317601259 38.3294902923 18.967, -83.0314708002 38.3290149749 19.003, -83.0312940423 38.3287587222 19.023, -83.0311409809 38.3285596061 19.039, -83.031017967 38.3284155753 19.051, -83.0308881603 38.3282760577 19.063, -83.0307949579 38.3281840836 19.071, -83.0306149353 38.3280162156 19.086, -83.0304699054 38.3278922816 19.098, -83.0303157561 38.3277697878 19.11, -83.0301014982 38.3276129456 19.126, -83.0298188439 38.3274289831 19.146, -83.0296413041 38.3273260053 19.158, -83.0294576491 38.3272281062 19.17, -83.029268534 38.3271363998 19.182, -83.0290746867 38.3270500785 19.194, -83.0286689394 38.3268940546 19.218, -83.0283898247 38.3268030259 19.235, -83.028178277 38.3267426709 19.247, -83.0278910424 38.3266731572 19.263, -83.0275978058 38.3266150444 19.28, -83.0273721026 38.3265790867 19.292, -83.0270662164 38.326542384 19.309, -83.0269115326 38.3265286634 19.318, -83.0266794113 38.3265153591 19.33, -83.0263654672 38.3265078649 19.347, -83.0259693768 38.3265149637 19.369, -83.0254099917 38.3265430297 19.399, -83.023352404 38.326664632 19.512, -83.0211787522 38.3267747319 19.63, -83.0197079107 38.3268449541 19.71, -83.0183001759 38.3269155142 19.787, -83.0179481329 38.3269384378 19.807, -83.0176704535 38.3269685699 19.822, -83.017465263 38.3270000997 19.834, -83.0172443104 38.3270428033 19.846, -83.0169247314 38.3271211431 19.864, -83.0167227609 38.3271785697 19.876, -83.016591442 38.3272211431 19.884, -83.0163381519 38.3273174947 19.899, -83.0159063843 38.3275053287 19.926, -83.0155948115 38.3276308276 19.945, -83.0153373167 38.3277182882 19.96, -83.0151424043 38.3277734029 19.971, -83.0149442626 38.3278215738 19.983, -83.0145457426 38.3279030298 20.005, -83.0133507289 38.3281138828 20.072, -83.0130755161 38.3281712592 20.087, -83.0128762042 38.3282226966 20.098, -83.0126964582 38.3282825537 20.109, -83.0126107305 38.3283182099 20.114, -83.0124434379 38.3283995074 20.125, -83.0122823251 38.3284927615 20.136, -83.0119589526 38.3286913288 20.158, -83.0110023322 38.329308218 20.226, -83.0106818424 38.3294947613 20.247, -83.0105176909 38.3295758549 20.258, -83.0103432072 38.3296440709 20.269, -83.0102524954 38.3296730167 20.274, -83.0101594576 38.3296988869 20.279, -83.0099660632 38.3297411158 20.29, -83.0096650753 38.3297879984 20.307, -83.0080975998 38.3299783681 20.393, -83.00691601 38.3301364467 20.459, -83.0065674629 38.330177275 20.478, -83.0064323711 38.3301898053 20.485, -83.0062254545 38.3302017697 20.497, -83.0060199733 38.3302033285 20.508, -83.0058155062 38.3301963929 20.519, -83.0056132016 38.3301782439 20.53, -83.0053603081 38.3301418893 20.544, -83.0042360425 38.3299136337 20.607, -83.0036380215 38.3297799882 20.64, -83.0026653069 38.3295376493 20.696, -83.001991236 38.3293766812 20.734, -83.0016491231 38.3293014353 20.753, -83.0014427238 38.3292623052 20.765, -83.0012347248 38.3292286319 20.776, -83.00102439 38.3292014971 20.788, -83.0008127535 38.3291812001 20.799, -83.000599445 38.3291682818 20.811, -83.0003311199 38.3291623274 20.825, -82.9999550895 38.3291733764 20.846, -82.9996052733 38.3292015173 20.865, -82.9993502801 38.3292307601 20.879, -82.998614689 38.3293345537 20.919, -82.9979021039 38.3294479423 20.959, -82.9976730056 38.3294934425 20.971, -82.9974171455 38.3295550791 20.986, -82.9972189862 38.3296125615 20.997, -82.9970016908 38.329687456 21.01, -82.9968399239 38.3297510043 21.02, -82.9966566426 38.3298302596 21.031, -82.9962972517 38.3300021242 21.054, -82.995190856 38.3305538684 21.125, -82.9949466763 38.3306665954 21.14, -82.9947713763 38.330737518 21.151, -82.9946059882 38.3307952087 21.161, -82.9944388391 38.3308440676 21.17, -82.9942052435 38.3308976987 21.184, -82.9940992457 38.3309155617 21.189, -82.99379679 38.3309453367 21.206, -82.9936031823 38.3309556668 21.217, -82.9935205553 38.3309548427 21.221, -82.9933196025 38.3309471435 21.232, -82.9930698984 38.3309188036 21.246, -82.9927797249 38.3308722136 21.262, -82.9924895218 38.3308171057 21.278, -82.9907295674 38.3304469957 21.377, -82.9887182349 38.3300286914 21.49, -82.9882647277 38.3299480623 21.515, -82.9877050821 38.3298704499 21.546, -82.986172104 38.3296981483 21.63, -82.9858734779 38.3296724976 21.647, -82.9851779458 38.329600768 21.685, -82.9848180362 38.3295632455 21.705, -82.9844863697 38.3295351709 21.723, -82.9840176238 38.3295074665 21.748, -82.9838740798 38.3295035651 21.756, -82.9835836166 38.3295020005 21.772, -82.9833400095 38.3295064753 21.785, -82.9823945071 38.3295434511 21.837, -82.9818937438 38.3295509792 21.864, -82.981446898 38.3295344902 21.888, -82.9811976406 38.3295130045 21.902, -82.9809997745 38.3294883233 21.913, -82.9807543165 38.3294493421 21.927, -82.9805127261 38.3294002868 21.94, -82.980274625 38.3293419711 21.954, -82.9800403596 38.3292744041 21.967, -82.9798560559 38.3292137745 21.978, -82.9795787588 38.3291127826 21.995, -82.9784995163 38.3286732433 22.061, -82.9781323528 38.3285415736 22.083, -82.977653944 38.3284004296 22.111, -82.9774024451 38.3283368498 22.125, -82.9771973657 38.3282908396 22.137, -82.9769377341 38.3282394308 22.151, -82.9765156563 38.3281767995 22.175, -82.9762480945 38.3281507528 22.189, -82.9758682258 38.3281248231 22.21, -82.9755378931 38.3281170851 22.228, -82.9752067468 38.3281216899 22.246, -82.9749855958 38.3281318926 22.258, -82.9746938254 38.3281558256 22.274, -82.9742999569 38.3282051126 22.296, -82.9741182348 38.3282332711 22.306, -82.973798603 38.3282930871 22.324, -82.9735837906 38.328338602 22.336, -82.9733708395 38.3283902039 22.348, -82.9730023504 38.3284969497 22.369, -82.9727953354 38.3285668217 22.382, -82.97259298 38.3286425712 22.394, -82.9722444051 38.3287852221 22.415, -82.9720541678 38.3288725189 22.427, -82.9714954324 38.3291588659 22.463, -82.970978647 38.3294332821 22.497, -82.9705975634 38.3296237917 22.522, -82.9700684544 38.3298734644 22.555, -82.9695811964 38.3300862042 22.585, -82.9690892591 38.330284272 22.615, -82.9680408549 38.3306896001 22.679, -82.9648477624 38.3318969868 22.871, -82.9635169071 38.3324005798 22.952, -82.9629654014 38.3325958479 22.985, -82.9623668076 38.3327726965 23.021, -82.9619277845 38.3328804958 23.046, -82.9613984942 38.3329864444 23.076, -82.9609664923 38.3330562185 23.101, -82.960434908 38.3331214474 23.131, -82.9600674581 38.3331537269 23.151, -82.9590330808 38.333214798 23.208, -82.9581736422 38.3332706433 23.256, -82.9570847327 38.3333348078 23.316, -82.9567338307 38.3333537307 23.335, -82.9565355001 38.3333594935 23.346, -82.9562624043 38.3333593708 23.361, -82.9558696065 38.3333426872 23.382, -82.9555980013 38.3333217192 23.396, -82.9543868219 38.3331983566 23.46, -82.95293705 38.3330481927 23.537, -82.9522697549 38.3329766621 23.573, -82.9518281217 38.332932713 23.596, -82.951596621 38.3329027919 23.608, -82.9513943956 38.3328826298 23.619, -82.9500387509 38.3327247639 23.691, -82.9493340958 38.3326361243 23.729, -82.9488283754 38.3325807583 23.756, -82.9486036441 38.3325471454 23.769, -82.9481885075 38.3324669951 23.792, -82.9476054354 38.3323639138 23.825, -82.9471794457 38.3322848767 23.849, -82.9465136053 38.3321663696 23.886, -82.9462668841 38.3321224233 23.9)"
"District 09","Carter","09-80409.00","US","60","US-60","CONGESTION MITIGTN(O)","18.2","23.9","Improve US 60 by upgrading geometrics to a 45mph design speed with wider shoulders and an improved clear zone (MP 18.2-23.9) (2026CCN)","","2026","2026","D","NH","4000000","2029","","","","022-US-0060-000","LINESTRING Z (-83.0413154728 38.3371012014 18.2, -83.0412988122 38.3370952594 18.201, -83.0411113727 38.3370327318 18.212, -83.0407148962 38.3369258633 18.234, -83.0403457788 38.3368432453 18.255, -83.0399506643 38.3367751413 18.277, -83.0397571174 38.3367363728 18.288, -83.0395695633 38.3366864776 18.299, -83.0393922622 38.3366233553 18.309, -83.0392211463 38.3365438913 18.32, -83.0390563795 38.3364530335 18.331, -83.0388957713 38.3363534801 18.342, -83.0385744154 38.3361392593 18.365, -83.0382445256 38.3359295127 18.388, -83.0379025298 38.3357359701 18.411, -83.0375344488 38.3355404566 18.435, -83.0364747897 38.334993665 18.504, -83.03622407 38.3348599007 18.52, -83.0360654273 38.3347639594 18.531, -83.035918015 38.3346567374 18.542, -83.0358055971 38.3345558108 18.551, -83.035604301 38.3343399367 18.57, -83.0351314923 38.3337791072 18.616, -83.0348068789 38.3334082096 18.647, -83.0346807174 38.3332734512 18.659, -83.03439886 38.3330103988 18.682, -83.033717668 38.3324167643 18.738, -83.0335159741 38.3322308215 18.754, -83.0333885588 38.332101802 18.766, -83.0332693716 38.3319672019 18.777, -83.0331566399 38.3318278042 18.788, -83.0329445292 38.3315369525 18.812, -83.0328480078 38.3313836414 18.823, -83.0324853254 38.3307695582 18.87, -83.0323900588 38.3305918242 18.883, -83.0317601259 38.3294902923 18.967, -83.0314708002 38.3290149749 19.003, -83.0312940423 38.3287587222 19.023, -83.0311409809 38.3285596061 19.039, -83.031017967 38.3284155753 19.051, -83.0308881603 38.3282760577 19.063, -83.0307949579 38.3281840836 19.071, -83.0306149353 38.3280162156 19.086, -83.0304699054 38.3278922816 19.098, -83.0303157561 38.3277697878 19.11, -83.0301014982 38.3276129456 19.126, -83.0298188439 38.3274289831 19.146, -83.0296413041 38.3273260053 19.158, -83.0294576491 38.3272281062 19.17, -83.029268534 38.3271363998 19.182, -83.0290746867 38.3270500785 19.194, -83.0286689394 38.3268940546 19.218, -83.0283898247 38.3268030259 19.235, -83.028178277 38.3267426709 19.247, -83.0278910424 38.3266731572 19.263, -83.0275978058 38.3266150444 19.28, -83.0273721026 38.3265790867 19.292, -83.0270662164 38.326542384 19.309, -83.0269115326 38.3265286634 19.318, -83.0266794113 38.3265153591 19.33, -83.0263654672 38.3265078649 19.347, -83.0259693768 38.3265149637 19.369, -83.0254099917 38.3265430297 19.399, -83.023352404 38.326664632 19.512, -83.0211787522 38.3267747319 19.63, -83.0197079107 38.3268449541 19.71, -83.0183001759 38.3269155142 19.787, -83.0179481329 38.3269384378 19.807, -83.0176704535 38.3269685699 19.822, -83.017465263 38.3270000997 19.834, -83.0172443104 38.3270428033 19.846, -83.0169247314 38.3271211431 19.864, -83.0167227609 38.3271785697 19.876, -83.016591442 38.3272211431 19.884, -83.0163381519 38.3273174947 19.899, -83.0159063843 38.3275053287 19.926, -83.0155948115 38.3276308276 19.945, -83.0153373167 38.3277182882 19.96, -83.0151424043 38.3277734029 19.971, -83.0149442626 38.3278215738 19.983, -83.0145457426 38.3279030298 20.005, -83.0133507289 38.3281138828 20.072, -83.0130755161 38.3281712592 20.087, -83.0128762042 38.3282226966 20.098, -83.0126964582 38.3282825537 20.109, -83.0126107305 38.3283182099 20.114, -83.0124434379 38.3283995074 20.125, -83.0122823251 38.3284927615 20.136, -83.0119589526 38.3286913288 20.158, -83.0110023322 38.329308218 20.226, -83.0106818424 38.3294947613 20.247, -83.0105176909 38.3295758549 20.258, -83.0103432072 38.3296440709 20.269, -83.0102524954 38.3296730167 20.274, -83.0101594576 38.3296988869 20.279, -83.0099660632 38.3297411158 20.29, -83.0096650753 38.3297879984 20.307, -83.0080975998 38.3299783681 20.393, -83.00691601 38.3301364467 20.459, -83.0065674629 38.330177275 20.478, -83.0064323711 38.3301898053 20.485, -83.0062254545 38.3302017697 20.497, -83.0060199733 38.3302033285 20.508, -83.0058155062 38.3301963929 20.519, -83.0056132016 38.3301782439 20.53, -83.0053603081 38.3301418893 20.544, -83.0042360425 38.3299136337 20.607, -83.0036380215 38.3297799882 20.64, -83.0026653069 38.3295376493 20.696, -83.001991236 38.3293766812 20.734, -83.0016491231 38.3293014353 20.753, -83.0014427238 38.3292623052 20.765, -83.0012347248 38.3292286319 20.776, -83.00102439 38.3292014971 20.788, -83.0008127535 38.3291812001 20.799, -83.000599445 38.3291682818 20.811, -83.0003311199 38.3291623274 20.825, -82.9999550895 38.3291733764 20.846, -82.9996052733 38.3292015173 20.865, -82.9993502801 38.3292307601 20.879, -82.998614689 38.3293345537 20.919, -82.9979021039 38.3294479423 20.959, -82.9976730056 38.3294934425 20.971, -82.9974171455 38.3295550791 20.986, -82.9972189862 38.3296125615 20.997, -82.9970016908 38.329687456 21.01, -82.9968399239 38.3297510043 21.02, -82.9966566426 38.3298302596 21.031, -82.9962972517 38.3300021242 21.054, -82.995190856 38.3305538684 21.125, -82.9949466763 38.3306665954 21.14, -82.9947713763 38.330737518 21.151, -82.9946059882 38.3307952087 21.161, -82.9944388391 38.3308440676 21.17, -82.9942052435 38.3308976987 21.184, -82.9940992457 38.3309155617 21.189, -82.99379679 38.3309453367 21.206, -82.9936031823 38.3309556668 21.217, -82.9935205553 38.3309548427 21.221, -82.9933196025 38.3309471435 21.232, -82.9930698984 38.3309188036 21.246, -82.9927797249 38.3308722136 21.262, -82.9924895218 38.3308171057 21.278, -82.9907295674 38.3304469957 21.377, -82.9887182349 38.3300286914 21.49, -82.9882647277 38.3299480623 21.515, -82.9877050821 38.3298704499 21.546, -82.986172104 38.3296981483 21.63, -82.9858734779 38.3296724976 21.647, -82.9851779458 38.329600768 21.685, -82.9848180362 38.3295632455 21.705, -82.9844863697 38.3295351709 21.723, -82.9840176238 38.3295074665 21.748, -82.9838740798 38.3295035651 21.756, -82.9835836166 38.3295020005 21.772, -82.9833400095 38.3295064753 21.785, -82.9823945071 38.3295434511 21.837, -82.9818937438 38.3295509792 21.864, -82.981446898 38.3295344902 21.888, -82.9811976406 38.3295130045 21.902, -82.9809997745 38.3294883233 21.913, -82.9807543165 38.3294493421 21.927, -82.9805127261 38.3294002868 21.94, -82.980274625 38.3293419711 21.954, -82.9800403596 38.3292744041 21.967, -82.9798560559 38.3292137745 21.978, -82.9795787588 38.3291127826 21.995, -82.9784995163 38.3286732433 22.061, -82.9781323528 38.3285415736 22.083, -82.977653944 38.3284004296 22.111, -82.9774024451 38.3283368498 22.125, -82.9771973657 38.3282908396 22.137, -82.9769377341 38.3282394308 22.151, -82.9765156563 38.3281767995 22.175, -82.9762480945 38.3281507528 22.189, -82.9758682258 38.3281248231 22.21, -82.9755378931 38.3281170851 22.228, -82.9752067468 38.3281216899 22.246, -82.9749855958 38.3281318926 22.258, -82.9746938254 38.3281558256 22.274, -82.9742999569 38.3282051126 22.296, -82.9741182348 38.3282332711 22.306, -82.973798603 38.3282930871 22.324, -82.9735837906 38.328338602 22.336, -82.9733708395 38.3283902039 22.348, -82.9730023504 38.3284969497 22.369, -82.9727953354 38.3285668217 22.382, -82.97259298 38.3286425712 22.394, -82.9722444051 38.3287852221 22.415, -82.9720541678 38.3288725189 22.427, -82.9714954324 38.3291588659 22.463, -82.970978647 38.3294332821 22.497, -82.9705975634 38.3296237917 22.522, -82.9700684544 38.3298734644 22.555, -82.9695811964 38.3300862042 22.585, -82.9690892591 38.330284272 22.615, -82.9680408549 38.3306896001 22.679, -82.9648477624 38.3318969868 22.871, -82.9635169071 38.3324005798 22.952, -82.9629654014 38.3325958479 22.985, -82.9623668076 38.3327726965 23.021, -82.9619277845 38.3328804958 23.046, -82.9613984942 38.3329864444 23.076, -82.9609664923 38.3330562185 23.101, -82.960434908 38.3331214474 23.131, -82.9600674581 38.3331537269 23.151, -82.9590330808 38.333214798 23.208, -82.9581736422 38.3332706433 23.256, -82.9570847327 38.3333348078 23.316, -82.9567338307 38.3333537307 23.335, -82.9565355001 38.3333594935 23.346, -82.9562624043 38.3333593708 23.361, -82.9558696065 38.3333426872 23.382, -82.9555980013 38.3333217192 23.396, -82.9543868219 38.3331983566 23.46, -82.95293705 38.3330481927 23.537, -82.9522697549 38.3329766621 23.573, -82.9518281217 38.332932713 23.596, -82.951596621 38.3329027919 23.608, -82.9513943956 38.3328826298 23.619, -82.9500387509 38.3327247639 23.691, -82.9493340958 38.3326361243 23.729, -82.9488283754 38.3325807583 23.756, -82.9486036441 38.3325471454 23.769, -82.9481885075 38.3324669951 23.792, -82.9476054354 38.3323639138 23.825, -82.9471794457 38.3322848767 23.849, -82.9465136053 38.3321663696 23.886, -82.9462668841 38.3321224233 23.9)"
"District 09","Carter","09-80410.00","US","60","US-60","REALIGNMENT","13.4","18.0","Improve US 60 by upgrading geometrics to a 45mph design speed with wider shoulders and an improved clear zone (MP 13.4 to 18.0) (2026CCN)","","2026","2026","C","NH","50000000","2031","","","","022-US-0060-000","LINESTRING Z (-83.1178719707 38.3269505426 13.4, -83.1178579869 38.3270040759 13.404, -83.1176158113 38.3279137706 13.47, -83.1171335695 38.3297711156 13.598, -83.1170403032 38.3300283735 13.616, -83.1169314263 38.3302443514 13.631, -83.116835716 38.3304043062 13.643, -83.1165832282 38.3307835682 13.672, -83.116306881 38.3311862004 13.703, -83.1156505282 38.3321490402 13.776, -83.1154093546 38.3324944878 13.803, -83.1149271653 38.3332002186 13.859, -83.1148454496 38.3333198239 13.868, -83.1142891227 38.3341280204 13.931, -83.1141105791 38.3343605768 13.949, -83.1139339826 38.3345582879 13.965, -83.1126217948 38.3358144703 14.073, -83.1123989317 38.3360182911 14.092, -83.1121368161 38.3362467862 14.113, -83.1113812233 38.3368719664 14.173, -83.1105719344 38.3375739651 14.238, -83.1103182103 38.3377724246 14.258, -83.1101789971 38.3378610768 14.268, -83.1100274406 38.3379340702 14.277, -83.1098649847 38.3379900621 14.287, -83.109777665 38.3380128403 14.292, -83.1096873569 38.338031431 14.297, -83.1095126306 38.3380503382 14.307, -83.1091415193 38.3380599213 14.327, -83.1084091662 38.3380567778 14.367, -83.1080584764 38.338061045 14.386, -83.1077137685 38.3380929151 14.405, -83.1073670908 38.3381601782 14.424, -83.1072278881 38.3381999282 14.432, -83.1070232118 38.3382659637 14.444, -83.1066847298 38.3384059331 14.465, -83.1049378945 38.3391927348 14.575, -83.1047050145 38.3392960471 14.59, -83.104389612 38.3394244383 14.609, -83.104061636 38.3395338666 14.628, -83.1037299224 38.3396308484 14.648, -83.1035662492 38.3396719711 14.657, -83.1034009113 38.3397108578 14.666, -83.1032360291 38.3397371176 14.676, -83.1030721182 38.3397460923 14.684, -83.1029118544 38.3397312474 14.693, -83.1027580781 38.3396912735 14.702, -83.1026827216 38.3396626676 14.707, -83.1025353124 38.3396008585 14.716, -83.102373423 38.3395247155 14.726, -83.101416169 38.3390352007 14.788, -83.1008836944 38.3387603907 14.822, -83.1007595702 38.3387010233 14.829, -83.1005721606 38.3386168894 14.841, -83.1004092524 38.3385594013 14.85, -83.1003604977 38.3385475968 14.853, -83.1002367001 38.3385179052 14.86, -83.1000530378 38.3384942915 14.87, -83.0998587645 38.338484451 14.881, -83.0987526424 38.3384772816 14.941, -83.0985978619 38.3384749159 14.949, -83.0981739875 38.3384580098 14.972, -83.0979263009 38.3384398274 14.986, -83.0975950189 38.3384087843 15.004, -83.0972127321 38.3383606648 15.025, -83.0969359064 38.3383187518 15.04, -83.0962829045 38.3382044023 15.077, -83.0956214903 38.3380816199 15.114, -83.0939702847 38.3377828025 15.206, -83.0930228343 38.3376030427 15.259, -83.092138291 38.3374296317 15.309, -83.0918153973 38.3373789814 15.327, -83.0916206797 38.3373622494 15.337, -83.0914236634 38.3373608496 15.348, -83.091223939 38.3373764208 15.359, -83.0910229235 38.3374084465 15.37, -83.0908885711 38.3374392202 15.378, -83.0906651326 38.337502883 15.39, -83.0898963921 38.3377534713 15.436, -83.0896643792 38.3378227091 15.449, -83.0894926262 38.3378652785 15.459, -83.0890606088 38.3379577691 15.483, -83.0888553782 38.3379905204 15.495, -83.0885934984 38.3380176028 15.509, -83.0884358426 38.3380272464 15.518, -83.0874816401 38.3380437139 15.57, -83.0872394151 38.338057774 15.583, -83.0869986843 38.3380787346 15.596, -83.0867961609 38.3381041261 15.607, -83.086391182 38.3381626007 15.63, -83.0859983711 38.3382317865 15.651, -83.0858062822 38.3382771901 15.662, -83.0856138449 38.3383322007 15.673, -83.08538565 38.3384114061 15.687, -83.0841456391 38.3388931063 15.762, -83.0839695295 38.3389498553 15.773, -83.0837893868 38.3390023925 15.783, -83.0835113506 38.3390612415 15.799, -83.0833201533 38.3390915518 15.809, -83.0831076876 38.3391120428 15.821, -83.0828370504 38.3391207842 15.836, -83.0826465019 38.3391140211 15.846, -83.0824479577 38.3390969132 15.857, -83.0817484882 38.3390234688 15.895, -83.0815763223 38.3390099755 15.905, -83.0814068641 38.3390083555 15.914, -83.0812334426 38.3390198326 15.924, -83.0810646193 38.3390487201 15.933, -83.080902139 38.3390950579 15.942, -83.0806694564 38.3391727798 15.956, -83.0804586395 38.3392534661 15.969, -83.0803182617 38.339334641 15.978, -83.080252121 38.3393790276 15.983, -83.0801949418 38.3394263641 15.988, -83.0800964246 38.3395266136 15.996, -83.079909067 38.339748757 16.015, -83.0796442194 38.3401067878 16.044, -83.0795464369 38.340225185 16.053, -83.0794357292 38.3403344992 16.063, -83.0793157504 38.3404397577 16.073, -83.0791825483 38.340534554 16.083, -83.0790375375 38.3406183701 16.092, -83.078961556 38.3406551174 16.097, -83.0788831754 38.3406907116 16.102, -83.07872053 38.3407510534 16.112, -83.0785507152 38.3407974969 16.122, -83.0783751464 38.3408295254 16.131, -83.078196969 38.3408469345 16.141, -83.0780167514 38.3408533094 16.151, -83.0778351809 38.3408489387 16.161, -83.0776557121 38.3408347253 16.171, -83.0774786743 38.3408112269 16.181, -83.0767490364 38.3406846018 16.221, -83.0764676632 38.3406430873 16.237, -83.076186606 38.3406216342 16.252, -83.0759956354 38.3406167738 16.263, -83.0758026938 38.3406181873 16.273, -83.0756063747 38.3406261175 16.284, -83.0754128821 38.3406426278 16.294, -83.0752211912 38.3406671449 16.305, -83.0748590958 38.3407446802 16.325, -83.0746842486 38.3407951251 16.336, -83.0745143902 38.3408522764 16.346, -83.0740227949 38.3410375961 16.375, -83.0738206133 38.3410915431 16.387, -83.0737010656 38.3411176876 16.394, -83.0735408211 38.3411310999 16.403, -83.0733695071 38.3411228336 16.412, -83.0731869732 38.3410970066 16.422, -83.0730045994 38.3410667871 16.432, -83.0727674299 38.3410182962 16.445, -83.0717708246 38.3408092342 16.501, -83.0715017748 38.3407454602 16.517, -83.0711448433 38.3406525013 16.537, -83.0709487658 38.3405868045 16.549, -83.0703830235 38.3403756617 16.583, -83.0696035096 38.3400772639 16.63, -83.0694085313 38.3400102163 16.641, -83.0692104136 38.3399527119 16.653, -83.0689083003 38.339887085 16.67, -83.0685978698 38.3398391248 16.687, -83.0641057298 38.3392629156 16.934, -83.0638273286 38.3392167684 16.95, -83.0636201734 38.3391681156 16.962, -83.0634872001 38.3391321339 16.969, -83.0632213556 38.3390478086 16.985, -83.0617503713 38.3385257098 17.073, -83.0612782949 38.3383677458 17.1, -83.061085256 38.3383147384 17.112, -83.0609489875 38.3382830745 17.119, -83.0606449145 38.3382236998 17.136, -83.060421299 38.3381960954 17.149, -83.0599713161 38.33814934 17.173, -83.0584217762 38.3380017796 17.258, -83.0581981578 38.3379837869 17.27, -83.0573016234 38.3378919832 17.319, -83.0562024604 38.3377900704 17.38, -83.0535119381 38.3375211641 17.527, -83.0528522075 38.3374588926 17.563, -83.0524122554 38.3374241496 17.587, -83.0519663155 38.3374005309 17.611, -83.0517556462 38.3373814474 17.623, -83.0512577729 38.3373473028 17.65, -83.0508994339 38.3373317212 17.669, -83.0506825333 38.3373303496 17.681, -83.049802614 38.3373657883 17.729, -83.0494198211 38.3373702479 17.749, -83.0491517013 38.3373863871 17.764, -83.0489456461 38.3374031165 17.775, -83.0487634948 38.3374242373 17.785, -83.0481857792 38.3375030924 17.817, -83.0480609747 38.3375203008 17.824, -83.046805336 38.3376996159 17.893, -83.0458096258 38.3378293583 17.948, -83.0455320176 38.3378568113 17.963, -83.0452952366 38.3378648663 17.976, -83.04506645 38.3378546965 17.989, -83.0449723181 38.3378440311 17.994, -83.0448619442 38.3378292509 18)"
"District 09","Carter","09-80410.00","US","60","US-60","REALIGNMENT","13.4","18.0","Improve US 60 by upgrading geometrics to a 45mph design speed with wider shoulders and an improved clear zone (MP 13.4 to 18.0) (2026CCN)","","2026","2026","R","NH","10000000","2030","","","","022-US-0060-000","LINESTRING Z (-83.1178719707 38.3269505426 13.4, -83.1178579869 38.3270040759 13.404, -83.1176158113 38.3279137706 13.47, -83.1171335695 38.3297711156 13.598, -83.1170403032 38.3300283735 13.616, -83.1169314263 38.3302443514 13.631, -83.116835716 38.3304043062 13.643, -83.1165832282 38.3307835682 13.672, -83.116306881 38.3311862004 13.703, -83.1156505282 38.3321490402 13.776, -83.1154093546 38.3324944878 13.803, -83.1149271653 38.3332002186 13.859, -83.1148454496 38.3333198239 13.868, -83.1142891227 38.3341280204 13.931, -83.1141105791 38.3343605768 13.949, -83.1139339826 38.3345582879 13.965, -83.1126217948 38.3358144703 14.073, -83.1123989317 38.3360182911 14.092, -83.1121368161 38.3362467862 14.113, -83.1113812233 38.3368719664 14.173, -83.1105719344 38.3375739651 14.238, -83.1103182103 38.3377724246 14.258, -83.1101789971 38.3378610768 14.268, -83.1100274406 38.3379340702 14.277, -83.1098649847 38.3379900621 14.287, -83.109777665 38.3380128403 14.292, -83.1096873569 38.338031431 14.297, -83.1095126306 38.3380503382 14.307, -83.1091415193 38.3380599213 14.327, -83.1084091662 38.3380567778 14.367, -83.1080584764 38.338061045 14.386, -83.1077137685 38.3380929151 14.405, -83.1073670908 38.3381601782 14.424, -83.1072278881 38.3381999282 14.432, -83.1070232118 38.3382659637 14.444, -83.1066847298 38.3384059331 14.465, -83.1049378945 38.3391927348 14.575, -83.1047050145 38.3392960471 14.59, -83.104389612 38.3394244383 14.609, -83.104061636 38.3395338666 14.628, -83.1037299224 38.3396308484 14.648, -83.1035662492 38.3396719711 14.657, -83.1034009113 38.3397108578 14.666, -83.1032360291 38.3397371176 14.676, -83.1030721182 38.3397460923 14.684, -83.1029118544 38.3397312474 14.693, -83.1027580781 38.3396912735 14.702, -83.1026827216 38.3396626676 14.707, -83.1025353124 38.3396008585 14.716, -83.102373423 38.3395247155 14.726, -83.101416169 38.3390352007 14.788, -83.1008836944 38.3387603907 14.822, -83.1007595702 38.3387010233 14.829, -83.1005721606 38.3386168894 14.841, -83.1004092524 38.3385594013 14.85, -83.1003604977 38.3385475968 14.853, -83.1002367001 38.3385179052 14.86, -83.1000530378 38.3384942915 14.87, -83.0998587645 38.338484451 14.881, -83.0987526424 38.3384772816 14.941, -83.0985978619 38.3384749159 14.949, -83.0981739875 38.3384580098 14.972, -83.0979263009 38.3384398274 14.986, -83.0975950189 38.3384087843 15.004, -83.0972127321 38.3383606648 15.025, -83.0969359064 38.3383187518 15.04, -83.0962829045 38.3382044023 15.077, -83.0956214903 38.3380816199 15.114, -83.0939702847 38.3377828025 15.206, -83.0930228343 38.3376030427 15.259, -83.092138291 38.3374296317 15.309, -83.0918153973 38.3373789814 15.327, -83.0916206797 38.3373622494 15.337, -83.0914236634 38.3373608496 15.348, -83.091223939 38.3373764208 15.359, -83.0910229235 38.3374084465 15.37, -83.0908885711 38.3374392202 15.378, -83.0906651326 38.337502883 15.39, -83.0898963921 38.3377534713 15.436, -83.0896643792 38.3378227091 15.449, -83.0894926262 38.3378652785 15.459, -83.0890606088 38.3379577691 15.483, -83.0888553782 38.3379905204 15.495, -83.0885934984 38.3380176028 15.509, -83.0884358426 38.3380272464 15.518, -83.0874816401 38.3380437139 15.57, -83.0872394151 38.338057774 15.583, -83.0869986843 38.3380787346 15.596, -83.0867961609 38.3381041261 15.607, -83.086391182 38.3381626007 15.63, -83.0859983711 38.3382317865 15.651, -83.0858062822 38.3382771901 15.662, -83.0856138449 38.3383322007 15.673, -83.08538565 38.3384114061 15.687, -83.0841456391 38.3388931063 15.762, -83.0839695295 38.3389498553 15.773, -83.0837893868 38.3390023925 15.783, -83.0835113506 38.3390612415 15.799, -83.0833201533 38.3390915518 15.809, -83.0831076876 38.3391120428 15.821, -83.0828370504 38.3391207842 15.836, -83.0826465019 38.3391140211 15.846, -83.0824479577 38.3390969132 15.857, -83.0817484882 38.3390234688 15.895, -83.0815763223 38.3390099755 15.905, -83.0814068641 38.3390083555 15.914, -83.0812334426 38.3390198326 15.924, -83.0810646193 38.3390487201 15.933, -83.080902139 38.3390950579 15.942, -83.0806694564 38.3391727798 15.956, -83.0804586395 38.3392534661 15.969, -83.0803182617 38.339334641 15.978, -83.080252121 38.3393790276 15.983, -83.0801949418 38.3394263641 15.988, -83.0800964246 38.3395266136 15.996, -83.079909067 38.339748757 16.015, -83.0796442194 38.3401067878 16.044, -83.0795464369 38.340225185 16.053, -83.0794357292 38.3403344992 16.063, -83.0793157504 38.3404397577 16.073, -83.0791825483 38.340534554 16.083, -83.0790375375 38.3406183701 16.092, -83.078961556 38.3406551174 16.097, -83.0788831754 38.3406907116 16.102, -83.07872053 38.3407510534 16.112, -83.0785507152 38.3407974969 16.122, -83.0783751464 38.3408295254 16.131, -83.078196969 38.3408469345 16.141, -83.0780167514 38.3408533094 16.151, -83.0778351809 38.3408489387 16.161, -83.0776557121 38.3408347253 16.171, -83.0774786743 38.3408112269 16.181, -83.0767490364 38.3406846018 16.221, -83.0764676632 38.3406430873 16.237, -83.076186606 38.3406216342 16.252, -83.0759956354 38.3406167738 16.263, -83.0758026938 38.3406181873 16.273, -83.0756063747 38.3406261175 16.284, -83.0754128821 38.3406426278 16.294, -83.0752211912 38.3406671449 16.305, -83.0748590958 38.3407446802 16.325, -83.0746842486 38.3407951251 16.336, -83.0745143902 38.3408522764 16.346, -83.0740227949 38.3410375961 16.375, -83.0738206133 38.3410915431 16.387, -83.0737010656 38.3411176876 16.394, -83.0735408211 38.3411310999 16.403, -83.0733695071 38.3411228336 16.412, -83.0731869732 38.3410970066 16.422, -83.0730045994 38.3410667871 16.432, -83.0727674299 38.3410182962 16.445, -83.0717708246 38.3408092342 16.501, -83.0715017748 38.3407454602 16.517, -83.0711448433 38.3406525013 16.537, -83.0709487658 38.3405868045 16.549, -83.0703830235 38.3403756617 16.583, -83.0696035096 38.3400772639 16.63, -83.0694085313 38.3400102163 16.641, -83.0692104136 38.3399527119 16.653, -83.0689083003 38.339887085 16.67, -83.0685978698 38.3398391248 16.687, -83.0641057298 38.3392629156 16.934, -83.0638273286 38.3392167684 16.95, -83.0636201734 38.3391681156 16.962, -83.0634872001 38.3391321339 16.969, -83.0632213556 38.3390478086 16.985, -83.0617503713 38.3385257098 17.073, -83.0612782949 38.3383677458 17.1, -83.061085256 38.3383147384 17.112, -83.0609489875 38.3382830745 17.119, -83.0606449145 38.3382236998 17.136, -83.060421299 38.3381960954 17.149, -83.0599713161 38.33814934 17.173, -83.0584217762 38.3380017796 17.258, -83.0581981578 38.3379837869 17.27, -83.0573016234 38.3378919832 17.319, -83.0562024604 38.3377900704 17.38, -83.0535119381 38.3375211641 17.527, -83.0528522075 38.3374588926 17.563, -83.0524122554 38.3374241496 17.587, -83.0519663155 38.3374005309 17.611, -83.0517556462 38.3373814474 17.623, -83.0512577729 38.3373473028 17.65, -83.0508994339 38.3373317212 17.669, -83.0506825333 38.3373303496 17.681, -83.049802614 38.3373657883 17.729, -83.0494198211 38.3373702479 17.749, -83.0491517013 38.3373863871 17.764, -83.0489456461 38.3374031165 17.775, -83.0487634948 38.3374242373 17.785, -83.0481857792 38.3375030924 17.817, -83.0480609747 38.3375203008 17.824, -83.046805336 38.3376996159 17.893, -83.0458096258 38.3378293583 17.948, -83.0455320176 38.3378568113 17.963, -83.0452952366 38.3378648663 17.976, -83.04506645 38.3378546965 17.989, -83.0449723181 38.3378440311 17.994, -83.0448619442 38.3378292509 18)"
"District 09","Carter","09-80410.00","US","60","US-60","REALIGNMENT","13.4","18.0","Improve US 60 by upgrading geometrics to a 45mph design speed with wider shoulders and an improved clear zone (MP 13.4 to 18.0) (2026CCN)","","2026","2026","U","NH","7500000","2030","","","","022-US-0060-000","LINESTRING Z (-83.1178719707 38.3269505426 13.4, -83.1178579869 38.3270040759 13.404, -83.1176158113 38.3279137706 13.47, -83.1171335695 38.3297711156 13.598, -83.1170403032 38.3300283735 13.616, -83.1169314263 38.3302443514 13.631, -83.116835716 38.3304043062 13.643, -83.1165832282 38.3307835682 13.672, -83.116306881 38.3311862004 13.703, -83.1156505282 38.3321490402 13.776, -83.1154093546 38.3324944878 13.803, -83.1149271653 38.3332002186 13.859, -83.1148454496 38.3333198239 13.868, -83.1142891227 38.3341280204 13.931, -83.1141105791 38.3343605768 13.949, -83.1139339826 38.3345582879 13.965, -83.1126217948 38.3358144703 14.073, -83.1123989317 38.3360182911 14.092, -83.1121368161 38.3362467862 14.113, -83.1113812233 38.3368719664 14.173, -83.1105719344 38.3375739651 14.238, -83.1103182103 38.3377724246 14.258, -83.1101789971 38.3378610768 14.268, -83.1100274406 38.3379340702 14.277, -83.1098649847 38.3379900621 14.287, -83.109777665 38.3380128403 14.292, -83.1096873569 38.338031431 14.297, -83.1095126306 38.3380503382 14.307, -83.1091415193 38.3380599213 14.327, -83.1084091662 38.3380567778 14.367, -83.1080584764 38.338061045 14.386, -83.1077137685 38.3380929151 14.405, -83.1073670908 38.3381601782 14.424, -83.1072278881 38.3381999282 14.432, -83.1070232118 38.3382659637 14.444, -83.1066847298 38.3384059331 14.465, -83.1049378945 38.3391927348 14.575, -83.1047050145 38.3392960471 14.59, -83.104389612 38.3394244383 14.609, -83.104061636 38.3395338666 14.628, -83.1037299224 38.3396308484 14.648, -83.1035662492 38.3396719711 14.657, -83.1034009113 38.3397108578 14.666, -83.1032360291 38.3397371176 14.676, -83.1030721182 38.3397460923 14.684, -83.1029118544 38.3397312474 14.693, -83.1027580781 38.3396912735 14.702, -83.1026827216 38.3396626676 14.707, -83.1025353124 38.3396008585 14.716, -83.102373423 38.3395247155 14.726, -83.101416169 38.3390352007 14.788, -83.1008836944 38.3387603907 14.822, -83.1007595702 38.3387010233 14.829, -83.1005721606 38.3386168894 14.841, -83.1004092524 38.3385594013 14.85, -83.1003604977 38.3385475968 14.853, -83.1002367001 38.3385179052 14.86, -83.1000530378 38.3384942915 14.87, -83.0998587645 38.338484451 14.881, -83.0987526424 38.3384772816 14.941, -83.0985978619 38.3384749159 14.949, -83.0981739875 38.3384580098 14.972, -83.0979263009 38.3384398274 14.986, -83.0975950189 38.3384087843 15.004, -83.0972127321 38.3383606648 15.025, -83.0969359064 38.3383187518 15.04, -83.0962829045 38.3382044023 15.077, -83.0956214903 38.3380816199 15.114, -83.0939702847 38.3377828025 15.206, -83.0930228343 38.3376030427 15.259, -83.092138291 38.3374296317 15.309, -83.0918153973 38.3373789814 15.327, -83.0916206797 38.3373622494 15.337, -83.0914236634 38.3373608496 15.348, -83.091223939 38.3373764208 15.359, -83.0910229235 38.3374084465 15.37, -83.0908885711 38.3374392202 15.378, -83.0906651326 38.337502883 15.39, -83.0898963921 38.3377534713 15.436, -83.0896643792 38.3378227091 15.449, -83.0894926262 38.3378652785 15.459, -83.0890606088 38.3379577691 15.483, -83.0888553782 38.3379905204 15.495, -83.0885934984 38.3380176028 15.509, -83.0884358426 38.3380272464 15.518, -83.0874816401 38.3380437139 15.57, -83.0872394151 38.338057774 15.583, -83.0869986843 38.3380787346 15.596, -83.0867961609 38.3381041261 15.607, -83.086391182 38.3381626007 15.63, -83.0859983711 38.3382317865 15.651, -83.0858062822 38.3382771901 15.662, -83.0856138449 38.3383322007 15.673, -83.08538565 38.3384114061 15.687, -83.0841456391 38.3388931063 15.762, -83.0839695295 38.3389498553 15.773, -83.0837893868 38.3390023925 15.783, -83.0835113506 38.3390612415 15.799, -83.0833201533 38.3390915518 15.809, -83.0831076876 38.3391120428 15.821, -83.0828370504 38.3391207842 15.836, -83.0826465019 38.3391140211 15.846, -83.0824479577 38.3390969132 15.857, -83.0817484882 38.3390234688 15.895, -83.0815763223 38.3390099755 15.905, -83.0814068641 38.3390083555 15.914, -83.0812334426 38.3390198326 15.924, -83.0810646193 38.3390487201 15.933, -83.080902139 38.3390950579 15.942, -83.0806694564 38.3391727798 15.956, -83.0804586395 38.3392534661 15.969, -83.0803182617 38.339334641 15.978, -83.080252121 38.3393790276 15.983, -83.0801949418 38.3394263641 15.988, -83.0800964246 38.3395266136 15.996, -83.079909067 38.339748757 16.015, -83.0796442194 38.3401067878 16.044, -83.0795464369 38.340225185 16.053, -83.0794357292 38.3403344992 16.063, -83.0793157504 38.3404397577 16.073, -83.0791825483 38.340534554 16.083, -83.0790375375 38.3406183701 16.092, -83.078961556 38.3406551174 16.097, -83.0788831754 38.3406907116 16.102, -83.07872053 38.3407510534 16.112, -83.0785507152 38.3407974969 16.122, -83.0783751464 38.3408295254 16.131, -83.078196969 38.3408469345 16.141, -83.0780167514 38.3408533094 16.151, -83.0778351809 38.3408489387 16.161, -83.0776557121 38.3408347253 16.171, -83.0774786743 38.3408112269 16.181, -83.0767490364 38.3406846018 16.221, -83.0764676632 38.3406430873 16.237, -83.076186606 38.3406216342 16.252, -83.0759956354 38.3406167738 16.263, -83.0758026938 38.3406181873 16.273, -83.0756063747 38.3406261175 16.284, -83.0754128821 38.3406426278 16.294, -83.0752211912 38.3406671449 16.305, -83.0748590958 38.3407446802 16.325, -83.0746842486 38.3407951251 16.336, -83.0745143902 38.3408522764 16.346, -83.0740227949 38.3410375961 16.375, -83.0738206133 38.3410915431 16.387, -83.0737010656 38.3411176876 16.394, -83.0735408211 38.3411310999 16.403, -83.0733695071 38.3411228336 16.412, -83.0731869732 38.3410970066 16.422, -83.0730045994 38.3410667871 16.432, -83.0727674299 38.3410182962 16.445, -83.0717708246 38.3408092342 16.501, -83.0715017748 38.3407454602 16.517, -83.0711448433 38.3406525013 16.537, -83.0709487658 38.3405868045 16.549, -83.0703830235 38.3403756617 16.583, -83.0696035096 38.3400772639 16.63, -83.0694085313 38.3400102163 16.641, -83.0692104136 38.3399527119 16.653, -83.0689083003 38.339887085 16.67, -83.0685978698 38.3398391248 16.687, -83.0641057298 38.3392629156 16.934, -83.0638273286 38.3392167684 16.95, -83.0636201734 38.3391681156 16.962, -83.0634872001 38.3391321339 16.969, -83.0632213556 38.3390478086 16.985, -83.0617503713 38.3385257098 17.073, -83.0612782949 38.3383677458 17.1, -83.061085256 38.3383147384 17.112, -83.0609489875 38.3382830745 17.119, -83.0606449145 38.3382236998 17.136, -83.060421299 38.3381960954 17.149, -83.0599713161 38.33814934 17.173, -83.0584217762 38.3380017796 17.258, -83.0581981578 38.3379837869 17.27, -83.0573016234 38.3378919832 17.319, -83.0562024604 38.3377900704 17.38, -83.0535119381 38.3375211641 17.527, -83.0528522075 38.3374588926 17.563, -83.0524122554 38.3374241496 17.587, -83.0519663155 38.3374005309 17.611, -83.0517556462 38.3373814474 17.623, -83.0512577729 38.3373473028 17.65, -83.0508994339 38.3373317212 17.669, -83.0506825333 38.3373303496 17.681, -83.049802614 38.3373657883 17.729, -83.0494198211 38.3373702479 17.749, -83.0491517013 38.3373863871 17.764, -83.0489456461 38.3374031165 17.775, -83.0487634948 38.3374242373 17.785, -83.0481857792 38.3375030924 17.817, -83.0480609747 38.3375203008 17.824, -83.046805336 38.3376996159 17.893, -83.0458096258 38.3378293583 17.948, -83.0455320176 38.3378568113 17.963, -83.0452952366 38.3378648663 17.976, -83.04506645 38.3378546965 17.989, -83.0449723181 38.3378440311 17.994, -83.0448619442 38.3378292509 18)"
"District 09","Carter","09-80410.00","US","60","US-60","REALIGNMENT","13.4","18.0","Improve US 60 by upgrading geometrics to a 45mph design speed with wider shoulders and an improved clear zone (MP 13.4 to 18.0) (2026CCN)","","2026","2026","D","NH","5000000","2029","","","","022-US-0060-000","LINESTRING Z (-83.1178719707 38.3269505426 13.4, -83.1178579869 38.3270040759 13.404, -83.1176158113 38.3279137706 13.47, -83.1171335695 38.3297711156 13.598, -83.1170403032 38.3300283735 13.616, -83.1169314263 38.3302443514 13.631, -83.116835716 38.3304043062 13.643, -83.1165832282 38.3307835682 13.672, -83.116306881 38.3311862004 13.703, -83.1156505282 38.3321490402 13.776, -83.1154093546 38.3324944878 13.803, -83.1149271653 38.3332002186 13.859, -83.1148454496 38.3333198239 13.868, -83.1142891227 38.3341280204 13.931, -83.1141105791 38.3343605768 13.949, -83.1139339826 38.3345582879 13.965, -83.1126217948 38.3358144703 14.073, -83.1123989317 38.3360182911 14.092, -83.1121368161 38.3362467862 14.113, -83.1113812233 38.3368719664 14.173, -83.1105719344 38.3375739651 14.238, -83.1103182103 38.3377724246 14.258, -83.1101789971 38.3378610768 14.268, -83.1100274406 38.3379340702 14.277, -83.1098649847 38.3379900621 14.287, -83.109777665 38.3380128403 14.292, -83.1096873569 38.338031431 14.297, -83.1095126306 38.3380503382 14.307, -83.1091415193 38.3380599213 14.327, -83.1084091662 38.3380567778 14.367, -83.1080584764 38.338061045 14.386, -83.1077137685 38.3380929151 14.405, -83.1073670908 38.3381601782 14.424, -83.1072278881 38.3381999282 14.432, -83.1070232118 38.3382659637 14.444, -83.1066847298 38.3384059331 14.465, -83.1049378945 38.3391927348 14.575, -83.1047050145 38.3392960471 14.59, -83.104389612 38.3394244383 14.609, -83.104061636 38.3395338666 14.628, -83.1037299224 38.3396308484 14.648, -83.1035662492 38.3396719711 14.657, -83.1034009113 38.3397108578 14.666, -83.1032360291 38.3397371176 14.676, -83.1030721182 38.3397460923 14.684, -83.1029118544 38.3397312474 14.693, -83.1027580781 38.3396912735 14.702, -83.1026827216 38.3396626676 14.707, -83.1025353124 38.3396008585 14.716, -83.102373423 38.3395247155 14.726, -83.101416169 38.3390352007 14.788, -83.1008836944 38.3387603907 14.822, -83.1007595702 38.3387010233 14.829, -83.1005721606 38.3386168894 14.841, -83.1004092524 38.3385594013 14.85, -83.1003604977 38.3385475968 14.853, -83.1002367001 38.3385179052 14.86, -83.1000530378 38.3384942915 14.87, -83.0998587645 38.338484451 14.881, -83.0987526424 38.3384772816 14.941, -83.0985978619 38.3384749159 14.949, -83.0981739875 38.3384580098 14.972, -83.0979263009 38.3384398274 14.986, -83.0975950189 38.3384087843 15.004, -83.0972127321 38.3383606648 15.025, -83.0969359064 38.3383187518 15.04, -83.0962829045 38.3382044023 15.077, -83.0956214903 38.3380816199 15.114, -83.0939702847 38.3377828025 15.206, -83.0930228343 38.3376030427 15.259, -83.092138291 38.3374296317 15.309, -83.0918153973 38.3373789814 15.327, -83.0916206797 38.3373622494 15.337, -83.0914236634 38.3373608496 15.348, -83.091223939 38.3373764208 15.359, -83.0910229235 38.3374084465 15.37, -83.0908885711 38.3374392202 15.378, -83.0906651326 38.337502883 15.39, -83.0898963921 38.3377534713 15.436, -83.0896643792 38.3378227091 15.449, -83.0894926262 38.3378652785 15.459, -83.0890606088 38.3379577691 15.483, -83.0888553782 38.3379905204 15.495, -83.0885934984 38.3380176028 15.509, -83.0884358426 38.3380272464 15.518, -83.0874816401 38.3380437139 15.57, -83.0872394151 38.338057774 15.583, -83.0869986843 38.3380787346 15.596, -83.0867961609 38.3381041261 15.607, -83.086391182 38.3381626007 15.63, -83.0859983711 38.3382317865 15.651, -83.0858062822 38.3382771901 15.662, -83.0856138449 38.3383322007 15.673, -83.08538565 38.3384114061 15.687, -83.0841456391 38.3388931063 15.762, -83.0839695295 38.3389498553 15.773, -83.0837893868 38.3390023925 15.783, -83.0835113506 38.3390612415 15.799, -83.0833201533 38.3390915518 15.809, -83.0831076876 38.3391120428 15.821, -83.0828370504 38.3391207842 15.836, -83.0826465019 38.3391140211 15.846, -83.0824479577 38.3390969132 15.857, -83.0817484882 38.3390234688 15.895, -83.0815763223 38.3390099755 15.905, -83.0814068641 38.3390083555 15.914, -83.0812334426 38.3390198326 15.924, -83.0810646193 38.3390487201 15.933, -83.080902139 38.3390950579 15.942, -83.0806694564 38.3391727798 15.956, -83.0804586395 38.3392534661 15.969, -83.0803182617 38.339334641 15.978, -83.080252121 38.3393790276 15.983, -83.0801949418 38.3394263641 15.988, -83.0800964246 38.3395266136 15.996, -83.079909067 38.339748757 16.015, -83.0796442194 38.3401067878 16.044, -83.0795464369 38.340225185 16.053, -83.0794357292 38.3403344992 16.063, -83.0793157504 38.3404397577 16.073, -83.0791825483 38.340534554 16.083, -83.0790375375 38.3406183701 16.092, -83.078961556 38.3406551174 16.097, -83.0788831754 38.3406907116 16.102, -83.07872053 38.3407510534 16.112, -83.0785507152 38.3407974969 16.122, -83.0783751464 38.3408295254 16.131, -83.078196969 38.3408469345 16.141, -83.0780167514 38.3408533094 16.151, -83.0778351809 38.3408489387 16.161, -83.0776557121 38.3408347253 16.171, -83.0774786743 38.3408112269 16.181, -83.0767490364 38.3406846018 16.221, -83.0764676632 38.3406430873 16.237, -83.076186606 38.3406216342 16.252, -83.0759956354 38.3406167738 16.263, -83.0758026938 38.3406181873 16.273, -83.0756063747 38.3406261175 16.284, -83.0754128821 38.3406426278 16.294, -83.0752211912 38.3406671449 16.305, -83.0748590958 38.3407446802 16.325, -83.0746842486 38.3407951251 16.336, -83.0745143902 38.3408522764 16.346, -83.0740227949 38.3410375961 16.375, -83.0738206133 38.3410915431 16.387, -83.0737010656 38.3411176876 16.394, -83.0735408211 38.3411310999 16.403, -83.0733695071 38.3411228336 16.412, -83.0731869732 38.3410970066 16.422, -83.0730045994 38.3410667871 16.432, -83.0727674299 38.3410182962 16.445, -83.0717708246 38.3408092342 16.501, -83.0715017748 38.3407454602 16.517, -83.0711448433 38.3406525013 16.537, -83.0709487658 38.3405868045 16.549, -83.0703830235 38.3403756617 16.583, -83.0696035096 38.3400772639 16.63, -83.0694085313 38.3400102163 16.641, -83.0692104136 38.3399527119 16.653, -83.0689083003 38.339887085 16.67, -83.0685978698 38.3398391248 16.687, -83.0641057298 38.3392629156 16.934, -83.0638273286 38.3392167684 16.95, -83.0636201734 38.3391681156 16.962, -83.0634872001 38.3391321339 16.969, -83.0632213556 38.3390478086 16.985, -83.0617503713 38.3385257098 17.073, -83.0612782949 38.3383677458 17.1, -83.061085256 38.3383147384 17.112, -83.0609489875 38.3382830745 17.119, -83.0606449145 38.3382236998 17.136, -83.060421299 38.3381960954 17.149, -83.0599713161 38.33814934 17.173, -83.0584217762 38.3380017796 17.258, -83.0581981578 38.3379837869 17.27, -83.0573016234 38.3378919832 17.319, -83.0562024604 38.3377900704 17.38, -83.0535119381 38.3375211641 17.527, -83.0528522075 38.3374588926 17.563, -83.0524122554 38.3374241496 17.587, -83.0519663155 38.3374005309 17.611, -83.0517556462 38.3373814474 17.623, -83.0512577729 38.3373473028 17.65, -83.0508994339 38.3373317212 17.669, -83.0506825333 38.3373303496 17.681, -83.049802614 38.3373657883 17.729, -83.0494198211 38.3373702479 17.749, -83.0491517013 38.3373863871 17.764, -83.0489456461 38.3374031165 17.775, -83.0487634948 38.3374242373 17.785, -83.0481857792 38.3375030924 17.817, -83.0480609747 38.3375203008 17.824, -83.046805336 38.3376996159 17.893, -83.0458096258 38.3378293583 17.948, -83.0455320176 38.3378568113 17.963, -83.0452952366 38.3378648663 17.976, -83.04506645 38.3378546965 17.989, -83.0449723181 38.3378440311 17.994, -83.0448619442 38.3378292509 18)"
"District 09","Carter","09-80411.00","I","64","I-64","NEW INTERCHANGE(O)","168.512","168.612","Construct a new interchange between I-64 and US-60 west of Grayson to provide better access and connectivity to the new Carter County School site (2026CCN)","","2026","2026","U","NH","44000000","2030","","","","022-I-0064-000","LINESTRING Z (-82.9913136602 38.3308223173 168.512, -82.9902621231 38.3313874813 168.581, -82.9900372185 38.3315160322 168.596, -82.9898012708 38.3316569074 168.612)"
"District 09","Carter","09-80411.00","I","64","I-64","NEW INTERCHANGE(O)","168.512","168.612","Construct a new interchange between I-64 and US-60 west of Grayson to provide better access and connectivity to the new Carter County School site (2026CCN)","","2026","2026","C","NH","40000000","2031","","","","022-I-0064-000","LINESTRING Z (-82.9913136602 38.3308223173 168.512, -82.9902621231 38.3313874813 168.581, -82.9900372185 38.3315160322 168.596, -82.9898012708 38.3316569074 168.612)"
"District 09","Carter","09-80411.00","I","64","I-64","NEW INTERCHANGE(O)","168.512","168.612","Construct a new interchange between I-64 and US-60 west of Grayson to provide better access and connectivity to the new Carter County School site (2026CCN)","","2026","2026","R","NH","5000000","2030","","","","022-I-0064-000","LINESTRING Z (-82.9913136602 38.3308223173 168.512, -82.9902621231 38.3313874813 168.581, -82.9900372185 38.3315160322 168.596, -82.9898012708 38.3316569074 168.612)"
"District 09","Carter","09-80411.00","I","64","I-64","NEW INTERCHANGE(O)","168.512","168.612","Construct a new interchange between I-64 and US-60 west of Grayson to provide better access and connectivity to the new Carter County School site (2026CCN)","","2026","2026","D","NH","8000000","2029","","","","022-I-0064-000","LINESTRING Z (-82.9913136602 38.3308223173 168.512, -82.9902621231 38.3313874813 168.581, -82.9900372185 38.3315160322 168.596, -82.9898012708 38.3316569074 168.612)"
"District 09","Elliott","09-00192.01","KY","32","KY-32","RECONSTRUCTION(O)","2.0","8.656","IMPROVE KY-32 FROM WEST OF STEGALL COLD SPRING ROAD TO KY-7 NEAR NEWFOUNDLAND. (PRIORITY SECTION I)(06CCR) (08CCR) (10CCR)(12CCR)(14CCR)(16CCR)(18CCR) (2020CCR)","","2010","2026","C","STP2","93600000","2028","","","","032-KY-0032-000","LINESTRING Z (-83.1906181355 38.1501623042 2, -83.1905413362 38.150100873 2.006, -83.1901573951 38.149826623 2.034, -83.1899107006 38.1496374884 2.053, -83.189812694 38.149534541 2.062, -83.1897381778 38.1494263334 2.07, -83.189688459 38.1493153669 2.078, -83.1896526696 38.1491939881 2.087, -83.1896397669 38.149074753 2.095, -83.189644293 38.148954522 2.104, -83.1896654763 38.1488354767 2.112, -83.1897935493 38.1483434752 2.147, -83.1898007698 38.1482257759 2.155, -83.1897803154 38.14810363 2.163, -83.1897473548 38.1479809388 2.172, -83.1896931035 38.147860258 2.181, -83.1896326855 38.147746862 2.189, -83.1894926028 38.1475133329 2.207, -83.1892577717 38.1471533009 2.235, -83.1889942754 38.1467973169 2.264, -83.1886670763 38.146332534 2.301, -83.1885801947 38.1462199365 2.31, -83.1883873697 38.1460127355 2.328, -83.1881701534 38.1458267074 2.345, -83.1880452808 38.1457462533 2.354, -83.187933123 38.1456603045 2.363, -83.1878020039 38.1455794396 2.372, -83.1876713448 38.1455153422 2.38, -83.187537648 38.1454585963 2.389, -83.1873910169 38.1454136586 2.397, -83.1871962856 38.1453814123 2.408, -83.1870934543 38.1453874233 2.414, -83.1869446464 38.145405074 2.422, -83.1868000747 38.1454409485 2.431, -83.1866642675 38.1454948692 2.439, -83.1865349246 38.1455629417 2.448, -83.1864128864 38.1456410621 2.457, -83.1862984985 38.1457292396 2.466, -83.1861946182 38.1458253358 2.475, -83.1860999805 38.1459257543 2.484, -83.1859256518 38.1461269145 2.501, -83.1858275916 38.1462157198 2.51, -83.1857156119 38.1462946076 2.518, -83.1855925825 38.1463611678 2.527, -83.1854573817 38.1464175734 2.535, -83.1853082338 38.1464648846 2.545, -83.1851542782 38.1465104437 2.554, -83.1846746745 38.1466368422 2.582, -83.1845257316 38.1466882786 2.591, -83.1843886571 38.1467484884 2.6, -83.1842586632 38.14681517 2.609, -83.1841350343 38.1468888588 2.618, -83.1840223798 38.1469770707 2.627, -83.1839139474 38.1470738909 2.636, -83.1838083192 38.1471801122 2.646, -83.1834915559 38.1475251529 2.676, -83.1833855046 38.1476434526 2.686, -83.1832898242 38.1477636266 2.697, -83.1832017626 38.1478847891 2.707, -83.1831404013 38.1480084562 2.716, -83.1830874497 38.1481303812 2.725, -83.183045708 38.1482500786 2.734, -83.1830010038 38.1484947099 2.752, -83.1829690157 38.1487338487 2.769, -83.1829317922 38.1488536443 2.778, -83.1828870258 38.1489702526 2.787, -83.1828351609 38.1490809385 2.795, -83.1827793723 38.149184396 2.803, -83.1826909536 38.1492857709 2.812, -83.1825908697 38.1493824971 2.821, -83.1824761429 38.1494701129 2.83, -83.1823485018 38.1495489322 2.839, -83.1822087295 38.1496164988 2.848, -83.182058949 38.149671759 2.857, -83.1819036406 38.149715911 2.867, -83.1817414146 38.1497489224 2.876, -83.1815767238 38.1497728147 2.886, -83.1811075298 38.149829372 2.912, -83.1807972985 38.1498866366 2.93, -83.1806549563 38.1499280468 2.939, -83.1803594092 38.1500430471 2.958, -83.1802048519 38.1501155093 2.968, -83.1800546403 38.1501930106 2.978, -83.1792764114 38.1507708581 3.038, -83.1790037133 38.1509487141 3.058, -83.1788651944 38.1510300403 3.068, -83.1787265764 38.1511042211 3.077, -83.1785765124 38.1511674386 3.087, -83.1784220688 38.1512165495 3.096, -83.1782649865 38.1512515918 3.106, -83.1781042101 38.1512728173 3.115, -83.1780463489 38.1512759533 3.118, -83.1779424849 38.1512813843 3.124, -83.1777863378 38.1512796333 3.132, -83.1776613992 38.151270869 3.139, -83.1774663598 38.151247117 3.149, -83.1773055236 38.1512202634 3.158, -83.1768412495 38.1511156481 3.184, -83.1766879514 38.1510721996 3.193, -83.176538746 38.1510211481 3.201, -83.176392463 38.1509561488 3.21, -83.1762435982 38.1508754338 3.22, -83.1761123264 38.1507890573 3.229, -83.1760036512 38.1507031739 3.237, -83.1758826071 38.1505829545 3.247, -83.1757025944 38.1503482642 3.266, -83.1755279507 38.1501092951 3.284, -83.1754458614 38.1499794839 3.294, -83.1753501079 38.149852398 3.304, -83.1752764866 38.1497192012 3.314, -83.1746806468 38.1488205031 3.383, -83.1741223521 38.1480025645 3.445, -83.1740376365 38.1478982456 3.454, -83.1739455145 38.1477967864 3.462, -83.1738438069 38.1477008876 3.47, -83.1737304631 38.1476094058 3.479, -83.1736086153 38.147522408 3.488, -83.1734778658 38.1474412601 3.497, -83.173338833 38.1473681725 3.506, -83.1731911119 38.1473047862 3.515, -83.1728790849 38.1471946837 3.533, -83.1725543928 38.14709859 3.551, -83.1716326263 38.1468564991 3.603, -83.1704645325 38.146545836 3.669, -83.1682933087 38.1459530786 3.791, -83.1665291602 38.1454587446 3.891, -83.1661335228 38.1453525649 3.914, -83.1658930378 38.1452761513 3.927, -83.1646973087 38.1449513634 3.995, -83.1635090637 38.144621783 4.062, -83.1627302537 38.1444017067 4.106, -83.1624058286 38.1443185019 4.124, -83.1622454171 38.1442702083 4.133, -83.1617523664 38.1441349561 4.161, -83.1614214263 38.1440491335 4.18, -83.1612673122 38.1440196578 4.188, -83.1611438546 38.1439790406 4.195, -83.1610048995 38.1439438522 4.203, -83.1607238619 38.1438832966 4.219, -83.1605211219 38.1438318755 4.23, -83.1600307619 38.1437093127 4.258, -83.1596739779 38.1436264894 4.278, -83.1592323034 38.1435242215 4.303, -83.158977822 38.1434801787 4.317, -83.1587019836 38.1434598433 4.332, -83.1585551135 38.1434618415 4.34, -83.1584149826 38.1434700313 4.348, -83.1579897239 38.1435340528 4.371, -83.1578314992 38.1435621755 4.38, -83.1576927879 38.1435893514 4.388, -83.1574199599 38.1436514962 4.403, -83.1571600308 38.1437227147 4.418, -83.1569156565 38.1438165271 4.433, -83.156796776 38.1438732585 4.44, -83.15667972 38.1439374481 4.448, -83.1563200148 38.1441551014 4.473, -83.1558096371 38.1444727422 4.508, -83.1552714659 38.1447892216 4.545, -83.1549983965 38.1449370699 4.563, -83.1547125318 38.1450827143 4.581, -83.1539693756 38.1454408381 4.628, -83.1525902102 38.1460775601 4.715, -83.1521396126 38.1462676534 4.743, -83.1519904345 38.1463250878 4.752, -83.1516878668 38.1464310714 4.77, -83.1513729696 38.1465216738 4.788, -83.1510677094 38.1465954532 4.805, -83.150764079 38.1466821805 4.823, -83.1503145657 38.146861027 4.85, -83.1499019594 38.1470882122 4.878, -83.1496464619 38.1472501719 4.895, -83.1492864106 38.1474666981 4.92, -83.1490700158 38.1475655063 4.934, -83.1488356493 38.1476018305 4.947, -83.1486343266 38.1475495956 4.958, -83.1484724317 38.1474251513 4.97, -83.1483816378 38.1472673816 4.982, -83.1483264093 38.1470974829 4.994, -83.1482409563 38.1469362598 5.006, -83.1480842225 38.1467839061 5.02, -83.1478679278 38.1466632073 5.034, -83.1476231558 38.1465509468 5.05, -83.1471149403 38.1463331562 5.081, -83.1465853709 38.1460995078 5.114, -83.1456298074 38.1456548179 5.174, -83.1453605669 38.1455362444 5.191, -83.1452250471 38.1454827062 5.199, -83.1449483575 38.1453977592 5.215, -83.1448078797 38.1453762544 5.223, -83.1446581409 38.1453608646 5.231, -83.1443773217 38.1453631879 5.247, -83.1442224387 38.1453850461 5.255, -83.1440806954 38.1454190078 5.263, -83.1439306556 38.1454613028 5.272, -83.1437955508 38.1455140926 5.28, -83.1436706502 38.1455734255 5.288, -83.143559393 38.1456404764 5.296, -83.1433901055 38.1457941604 5.31, -83.1433681418 38.1458249945 5.312, -83.1432499975 38.1459883235 5.325, -83.1429795002 38.1463969179 5.358, -83.1429011993 38.1464960151 5.367, -83.142815009 38.146591916 5.375, -83.142610075 38.1467107453 5.389, -83.1423480693 38.1467612816 5.404, -83.1420309078 38.1467287313 5.422, -83.1418222439 38.1466776962 5.435, -83.1415769888 38.1465695329 5.45, -83.1414556202 38.1464995452 5.459, -83.1413271786 38.1464131923 5.468, -83.1412205382 38.1463300671 5.477, -83.141022404 38.1461487679 5.494, -83.1408369882 38.1459619787 5.511, -83.1407384901 38.1458749128 5.519, -83.140630277 38.1457969729 5.527, -83.1405108498 38.1457311478 5.536, -83.1403825464 38.1456802358 5.544, -83.1402480787 38.1456462215 5.552, -83.1399747478 38.1456236996 5.567, -83.1396959494 38.1456474848 5.583, -83.1393957742 38.1457051389 5.6, -83.1386985074 38.1458556641 5.641, -83.1384346495 38.1458995573 5.656, -83.138215472 38.1459686135 5.669, -83.1379673075 38.1460702713 5.684, -83.1378452319 38.146128287 5.692, -83.1375717847 38.1462758131 5.71, -83.1373240202 38.1464250058 5.727, -83.1371931715 38.1464949148 5.735, -83.1370539157 38.1465566707 5.744, -83.1369070925 38.1466061713 5.753, -83.1367549054 38.146640168 5.761, -83.1366033504 38.1466563207 5.77, -83.1364566385 38.1466536249 5.778, -83.1363138901 38.1466372803 5.785, -83.1361725744 38.1466099775 5.793, -83.1360358973 38.1465695902 5.801, -83.1359057433 38.1465120398 5.809, -83.1356612669 38.146382178 5.825, -83.13542126 38.146224393 5.842, -83.1351963683 38.1460622713 5.859, -83.135066449 38.1459687357 5.869, -83.1348471237 38.1458262422 5.885, -83.1345840388 38.1456816801 5.903, -83.1344531446 38.1456254852 5.911, -83.1341842489 38.1455368386 5.927, -83.1339035987 38.1454657883 5.943, -83.1336095306 38.1454101 5.959, -83.1334585889 38.1453894486 5.968, -83.1326861993 38.1452943166 6.01, -83.1325361999 38.1452863227 6.019, -83.1322836232 38.1453455623 6.033, -83.1320297221 38.1454322447 6.048, -83.131621979 38.1455896935 6.073, -83.1314789779 38.1456392721 6.081, -83.131333449 38.1456816515 6.09, -83.131185095 38.1457154511 6.098, -83.1310350246 38.1457387735 6.107, -83.1308856935 38.1457511217 6.115, -83.1307361244 38.145750553 6.123, -83.1305911378 38.1457385476 6.131, -83.1304507025 38.1457159281 6.139, -83.1301816615 38.1456412801 6.155, -83.1300506195 38.1455990877 6.162, -83.1298106833 38.1454984362 6.177, -83.1295749808 38.1453863387 6.192, -83.1294585565 38.1453244147 6.2, -83.1288386827 38.1450200003 6.24, -83.1284676804 38.1448290742 6.264, -83.1280926036 38.1446451984 6.288, -83.1278360063 38.1445241175 6.304, -83.1276990912 38.1444710776 6.313, -83.1275573064 38.1444278199 6.321, -83.1274093843 38.1444006354 6.329, -83.1272658095 38.1443881066 6.337, -83.1271165238 38.144389463 6.345, -83.1269678208 38.1444037437 6.354, -83.1265142366 38.1444708706 6.379, -83.1263627627 38.1444848151 6.387, -83.1262123648 38.1444880682 6.395, -83.1260637676 38.1444798221 6.404, -83.1259184113 38.1444587364 6.412, -83.1257395325 38.1444119059 6.422, -83.1256492575 38.1443777569 6.427, -83.1255292741 38.1443182224 6.435, -83.1254190675 38.144247916 6.443, -83.125316473 38.1441689876 6.451, -83.1252210458 38.144084174 6.458, -83.1249626924 38.1438270561 6.481, -83.1247707745 38.1436873509 6.495, -83.1245434385 38.1435946597 6.509, -83.1243057411 38.1435682232 6.522, -83.1242752502 38.1435647982 6.524, -83.1241315611 38.1435750659 6.532, -83.1239855571 38.143601491 6.54, -83.1238429558 38.1436398051 6.548, -83.1236958316 38.1436879091 6.557, -83.1235526918 38.143741321 6.565, -83.1232712928 38.1438575936 6.583, -83.1228867159 38.1440284401 6.607, -83.1218704576 38.1444706774 6.67, -83.121618678 38.1445463958 6.685, -83.1213873723 38.144535755 6.698, -83.1211779018 38.1444591155 6.71, -83.1209821416 38.1443297569 6.724, -83.120530913 38.1438823459 6.764, -83.1204279821 38.1437935151 6.772, -83.1203147843 38.1437096755 6.781, -83.1201960704 38.1436342299 6.789, -83.120069077 38.1435665665 6.797, -83.1198809514 38.143486553 6.809, -83.1196595559 38.1434030511 6.822, -83.119234648 38.1432710602 6.847, -83.118979503 38.1431780138 6.863, -83.118774707 38.1430583404 6.877, -83.1186744959 38.1429811077 6.884, -83.1185796754 38.1428990494 6.892, -83.1184546297 38.1427185139 6.906, -83.1184007918 38.1425214325 6.92, -83.11837912 38.1423003416 6.935, -83.118379561 38.1420737 6.951, -83.1183799285 38.1419660139 6.958, -83.1183725178 38.1418521105 6.966, -83.1183547218 38.1417464932 6.974, -83.11831776 38.1416418214 6.981, -83.1182434897 38.1415396158 6.989, -83.118163359 38.141455412 6.997, -83.118064869 38.141378766 7.004, -83.1178536999 38.1412526305 7.019, -83.1175990316 38.1411172832 7.035, -83.1173821425 38.1409857995 7.05, -83.1173240842 38.1409361531 7.055, -83.1172592802 38.140880588 7.06, -83.1171267112 38.140716092 7.074, -83.1170072232 38.1405359534 7.088, -83.1169664804 38.1404300984 7.095, -83.11691122 38.1402145769 7.11, -83.1168451696 38.1397850758 7.14, -83.1168064101 38.1396042643 7.153, -83.116767343 38.1394904783 7.161, -83.1166303999 38.1393316549 7.174, -83.1165086994 38.1392621819 7.182, -83.1163895877 38.1392078766 7.19, -83.1162635672 38.1391814411 7.197, -83.1161366593 38.1391700949 7.204, -83.1160044287 38.1391811577 7.211, -83.1158858492 38.1392092828 7.218, -83.1157672585 38.1392571892 7.225, -83.1155588497 38.1393849617 7.239, -83.1146001776 38.1400655128 7.31, -83.114263449 38.1402893226 7.334, -83.1141518044 38.1403568877 7.342, -83.1139259247 38.1404672346 7.356, -83.1137957186 38.1405091097 7.364, -83.1136142094 38.1405459935 7.374, -83.1134572308 38.1405389188 7.383, -83.1133427924 38.1404998249 7.389, -83.1132399979 38.1404464315 7.396, -83.1131138564 38.1403164156 7.407, -83.1130855905 38.1402314424 7.414, -83.113081704 38.1401456396 7.419, -83.1130997901 38.1400485144 7.426, -83.1131289038 38.1399639979 7.432, -83.1133106288 38.1396683233 7.455, -83.113440041 38.1394832969 7.47, -83.1134942486 38.139397417 7.476, -83.1135461126 38.1392895064 7.484, -83.1135558957 38.1391910971 7.491, -83.1135433333 38.1391144412 7.496, -83.1134881268 38.1390338126 7.503, -83.1134088774 38.1389738007 7.509, -83.1133019807 38.1389378974 7.515, -83.1131782448 38.1389351355 7.522, -83.113036646 38.138964942 7.53, -83.1128358057 38.1390560652 7.543, -83.112625709 38.1391725304 7.557, -83.1123917772 38.1392843424 7.572, -83.1122658851 38.1393320823 7.579, -83.1121238832 38.1393731425 7.587, -83.111846892 38.1394342663 7.603, -83.1115678265 38.1394755617 7.619, -83.1113054734 38.1394872841 7.633, -83.1111119858 38.139489556 7.643, -83.1107983934 38.1394847478 7.66, -83.1101591412 38.1394624971 7.695, -83.1099903772 38.1394543297 7.704, -83.1092634876 38.1394023675 7.743, -83.1078799653 38.1393472545 7.818, -83.1073869878 38.1393104028 7.844, -83.1072272587 38.1392928179 7.853, -83.1070728494 38.1392627151 7.862, -83.1069295061 38.1392150012 7.87, -83.1067958009 38.1391507443 7.879, -83.1064478368 38.1389308657 7.903, -83.1063299406 38.1388622919 7.91, -83.1062025548 38.1388061434 7.918, -83.1060688985 38.1387696346 7.926, -83.105928415 38.1387489077 7.934, -83.1057830906 38.1387467534 7.941, -83.1056384645 38.1387542304 7.949, -83.1054937925 38.1387726961 7.957, -83.1050703177 38.138854151 7.981, -83.1049319995 38.13887001 7.988, -83.1046594736 38.1388647313 8.003, -83.1043985698 38.1387973489 8.018, -83.104185105 38.1386584989 8.033, -83.104102102 38.1385676272 8.04, -83.1040326314 38.1384679922 8.048, -83.1039714015 38.1383616731 8.056, -83.1038597432 38.1381388379 8.072, -83.1036979038 38.1377830074 8.098, -83.1032375513 38.1367800894 8.172, -83.103100635 38.1365149277 8.191, -83.1030252814 38.1363854894 8.201, -83.1028618957 38.1361309983 8.221, -83.1024454113 38.1355147829 8.269, -83.101860476 38.1346208818 8.339, -83.1016861463 38.1343710882 8.358, -83.1014987805 38.1341259479 8.378, -83.1012977356 38.1338936871 8.397, -83.1000735719 38.1325922994 8.509, -83.0997145091 38.1321891793 8.543, -83.099488019 38.1319200793 8.566, -83.0993260527 38.1317040767 8.583, -83.0991057725 38.1313977524 8.607, -83.0990197673 38.1313134029 8.615, -83.0989532894 38.1312663053 8.62, -83.098905235 38.1312388522 8.623, -83.0988261593 38.1312035605 8.628, -83.0987388329 38.1311752261 8.633, -83.0986608132 38.1311589135 8.637, -83.0985543977 38.1311488325 8.643, -83.0983187417 38.1311539818 8.656)"
"District 09","Elliott","09-00192.03","KY","32","KY-32","RECONSTRUCTION(O)","0.0","2.0","RECONSTRUCT KY-32 FROM 0.408 MILES WEST OF STEGALL COLD SPRING ROAD TO KY-7 NEAR NEWFOUNDLAND.(PRIORITY SECTION 2). (10CCR)(16CCN)(18CCN) (2024CCN)","","2010","2026","U","STP2","7010000","2030","","","","032-KY-0032-000","LINESTRING Z (-83.2181883499 38.1584653802 0, -83.2181453077 38.1584422056 0.003, -83.2180135846 38.1583165831 0.014, -83.2176648831 38.157934117 0.045, -83.2175818163 38.1578809646 0.051, -83.2175130002 38.157848446 0.055, -83.2174218273 38.1578286351 0.06, -83.217342889 38.1578173279 0.064, -83.2171785611 38.1578203986 0.073, -83.217090532 38.1578306002 0.078, -83.2170279859 38.1578484896 0.081, -83.2167446487 38.1579734566 0.099, -83.2165328421 38.1580823753 0.112, -83.2164126657 38.1581572698 0.12, -83.216183733 38.1582886222 0.135, -83.2158497902 38.1584787104 0.157, -83.2155077673 38.1586609314 0.18, -83.2152790709 38.1587650901 0.194, -83.2150342086 38.1588334627 0.208, -83.2147886139 38.1588422036 0.222, -83.2145377989 38.1588307787 0.236, -83.2144246309 38.1588030758 0.242, -83.214011975 38.158702189 0.266, -83.2135033276 38.1586305581 0.294, -83.2132502847 38.1585828193 0.308, -83.2127087038 38.1584673465 0.339, -83.2124684648 38.1584418582 0.352, -83.212202619 38.1584224128 0.367, -83.2119522055 38.1584700552 0.381, -83.2117134717 38.1585624536 0.395, -83.2110243233 38.1589025868 0.44, -83.2108104137 38.1590317794 0.455, -83.2106074664 38.1591760421 0.47, -83.2102020593 38.1594906752 0.501, -83.2100750173 38.1595525036 0.509, -83.209972392 38.1596024955 0.516, -83.2097206157 38.1596693344 0.53, -83.2094528209 38.1596861044 0.545, -83.2091941015 38.159641531 0.559, -83.2089495644 38.1595489119 0.574, -83.2087332854 38.1594137674 0.589, -83.2085474891 38.159252356 0.604, -83.208107686 38.1588291668 0.642, -83.2079327424 38.1586457352 0.658, -83.2078536302 38.1585487049 0.666, -83.2077812292 38.1584487976 0.674, -83.2077145419 38.1583446166 0.682, -83.2076577891 38.158234881 0.69, -83.2076074361 38.1581211621 0.699, -83.2075174523 38.1578956027 0.715, -83.2074657921 38.1577895473 0.723, -83.2074024119 38.1576903827 0.73, -83.207234682 38.1575299078 0.745, -83.2070190431 38.1574269164 0.759, -83.2067656389 38.1573898698 0.773, -83.2064923303 38.1574254698 0.788, -83.2063532503 38.1574631352 0.796, -83.2062111512 38.1575076024 0.804, -83.205616213 38.1577085261 0.84, -83.2054661548 38.1577517224 0.848, -83.2053334421 38.1577963918 0.856, -83.205175613 38.157812773 0.865, -83.2048933096 38.1578165818 0.88, -83.2046339541 38.157760447 0.895, -83.2043980038 38.1576512449 0.91, -83.2041921633 38.1575064275 0.925, -83.2038143202 38.1571941688 0.955, -83.2036216681 38.1570402942 0.97, -83.2035184922 38.1569652698 0.978, -83.2034088965 38.1568947763 0.985, -83.2032934737 38.1568318501 0.993, -83.2031697409 38.15677781 1.001, -83.2030379416 38.1567356842 1.008, -83.2028979156 38.1567101383 1.016, -83.2026071128 38.1566882107 1.032, -83.2019648153 38.1566990866 1.067, -83.2018156248 38.1567071329 1.076, -83.201347884 38.156720945 1.101, -83.2011917388 38.1567087863 1.11, -83.2010553658 38.1566882618 1.117, -83.2009774427 38.156657735 1.122, -83.2008191828 38.1565960803 1.132, -83.2006391886 38.1564386272 1.146, -83.2005008913 38.1562425134 1.162, -83.2003893096 38.1560184055 1.179, -83.200227479 38.1556679396 1.204, -83.2001143088 38.1554495662 1.221, -83.200047502 38.155349224 1.229, -83.1999681961 38.1552582278 1.236, -83.1997692566 38.1551154748 1.251, -83.1995357387 38.1550269184 1.265, -83.199005486 38.1548970661 1.295, -83.198731609 38.1548186264 1.311, -83.1984544449 38.1547145657 1.328, -83.1983238136 38.1546589977 1.336, -83.1976966415 38.1543542466 1.377, -83.1974528187 38.1542720573 1.391, -83.1971928102 38.154245286 1.405, -83.1969342346 38.1542976657 1.42, -83.1966853714 38.1544010779 1.435, -83.1957966414 38.1548571389 1.493, -83.1955263011 38.1549677766 1.51, -83.1952950816 38.1550237662 1.523, -83.1951544572 38.1550256711 1.531, -83.195050688 38.1550182068 1.537, -83.1949163165 38.1549903011 1.544, -83.1947926934 38.1549433982 1.552, -83.1947153651 38.154895847 1.557, -83.1946280453 38.1548354424 1.563, -83.1945610808 38.1547699844 1.569, -83.1945177519 38.1547152014 1.574, -83.194458612 38.1546147474 1.581, -83.1944159823 38.1545097053 1.589, -83.1942604875 38.1538371182 1.636, -83.194186174 38.1534519974 1.663, -83.1941029172 38.1530639373 1.691, -83.1940233725 38.1526591978 1.719, -83.1940053185 38.1525277645 1.728, -83.1938443066 38.1517336293 1.784, -83.1938065427 38.1516188026 1.792, -83.1937541821 38.1515135501 1.8, -83.1936816739 38.1514174761 1.808, -83.1934731428 38.1512810974 1.822, -83.1932212101 38.1512124599 1.837, -83.192938042 38.1511516613 1.853, -83.1927906813 38.1511072636 1.862, -83.1926557376 38.1510559916 1.87, -83.1925252601 38.1509963002 1.878, -83.1921243754 38.1507988873 1.904, -83.1919812705 38.1507422181 1.913, -83.1918451735 38.1507041066 1.921, -83.1916915624 38.1506694623 1.929, -83.1914005689 38.1506137109 1.946, -83.191257373 38.1505696755 1.954, -83.1911237261 38.1505211778 1.962, -83.1908869343 38.1503773131 1.979, -83.1906181355 38.1501623042 2)"
"District 09","Elliott","09-00192.03","KY","32","KY-32","RECONSTRUCTION(O)","0.0","2.0","RECONSTRUCT KY-32 FROM 0.408 MILES WEST OF STEGALL COLD SPRING ROAD TO KY-7 NEAR NEWFOUNDLAND.(PRIORITY SECTION 2). (10CCR)(16CCN)(18CCN) (2024CCN)","","2010","2026","C","STP2","38440000","2031","","","","032-KY-0032-000","LINESTRING Z (-83.2181883499 38.1584653802 0, -83.2181453077 38.1584422056 0.003, -83.2180135846 38.1583165831 0.014, -83.2176648831 38.157934117 0.045, -83.2175818163 38.1578809646 0.051, -83.2175130002 38.157848446 0.055, -83.2174218273 38.1578286351 0.06, -83.217342889 38.1578173279 0.064, -83.2171785611 38.1578203986 0.073, -83.217090532 38.1578306002 0.078, -83.2170279859 38.1578484896 0.081, -83.2167446487 38.1579734566 0.099, -83.2165328421 38.1580823753 0.112, -83.2164126657 38.1581572698 0.12, -83.216183733 38.1582886222 0.135, -83.2158497902 38.1584787104 0.157, -83.2155077673 38.1586609314 0.18, -83.2152790709 38.1587650901 0.194, -83.2150342086 38.1588334627 0.208, -83.2147886139 38.1588422036 0.222, -83.2145377989 38.1588307787 0.236, -83.2144246309 38.1588030758 0.242, -83.214011975 38.158702189 0.266, -83.2135033276 38.1586305581 0.294, -83.2132502847 38.1585828193 0.308, -83.2127087038 38.1584673465 0.339, -83.2124684648 38.1584418582 0.352, -83.212202619 38.1584224128 0.367, -83.2119522055 38.1584700552 0.381, -83.2117134717 38.1585624536 0.395, -83.2110243233 38.1589025868 0.44, -83.2108104137 38.1590317794 0.455, -83.2106074664 38.1591760421 0.47, -83.2102020593 38.1594906752 0.501, -83.2100750173 38.1595525036 0.509, -83.209972392 38.1596024955 0.516, -83.2097206157 38.1596693344 0.53, -83.2094528209 38.1596861044 0.545, -83.2091941015 38.159641531 0.559, -83.2089495644 38.1595489119 0.574, -83.2087332854 38.1594137674 0.589, -83.2085474891 38.159252356 0.604, -83.208107686 38.1588291668 0.642, -83.2079327424 38.1586457352 0.658, -83.2078536302 38.1585487049 0.666, -83.2077812292 38.1584487976 0.674, -83.2077145419 38.1583446166 0.682, -83.2076577891 38.158234881 0.69, -83.2076074361 38.1581211621 0.699, -83.2075174523 38.1578956027 0.715, -83.2074657921 38.1577895473 0.723, -83.2074024119 38.1576903827 0.73, -83.207234682 38.1575299078 0.745, -83.2070190431 38.1574269164 0.759, -83.2067656389 38.1573898698 0.773, -83.2064923303 38.1574254698 0.788, -83.2063532503 38.1574631352 0.796, -83.2062111512 38.1575076024 0.804, -83.205616213 38.1577085261 0.84, -83.2054661548 38.1577517224 0.848, -83.2053334421 38.1577963918 0.856, -83.205175613 38.157812773 0.865, -83.2048933096 38.1578165818 0.88, -83.2046339541 38.157760447 0.895, -83.2043980038 38.1576512449 0.91, -83.2041921633 38.1575064275 0.925, -83.2038143202 38.1571941688 0.955, -83.2036216681 38.1570402942 0.97, -83.2035184922 38.1569652698 0.978, -83.2034088965 38.1568947763 0.985, -83.2032934737 38.1568318501 0.993, -83.2031697409 38.15677781 1.001, -83.2030379416 38.1567356842 1.008, -83.2028979156 38.1567101383 1.016, -83.2026071128 38.1566882107 1.032, -83.2019648153 38.1566990866 1.067, -83.2018156248 38.1567071329 1.076, -83.201347884 38.156720945 1.101, -83.2011917388 38.1567087863 1.11, -83.2010553658 38.1566882618 1.117, -83.2009774427 38.156657735 1.122, -83.2008191828 38.1565960803 1.132, -83.2006391886 38.1564386272 1.146, -83.2005008913 38.1562425134 1.162, -83.2003893096 38.1560184055 1.179, -83.200227479 38.1556679396 1.204, -83.2001143088 38.1554495662 1.221, -83.200047502 38.155349224 1.229, -83.1999681961 38.1552582278 1.236, -83.1997692566 38.1551154748 1.251, -83.1995357387 38.1550269184 1.265, -83.199005486 38.1548970661 1.295, -83.198731609 38.1548186264 1.311, -83.1984544449 38.1547145657 1.328, -83.1983238136 38.1546589977 1.336, -83.1976966415 38.1543542466 1.377, -83.1974528187 38.1542720573 1.391, -83.1971928102 38.154245286 1.405, -83.1969342346 38.1542976657 1.42, -83.1966853714 38.1544010779 1.435, -83.1957966414 38.1548571389 1.493, -83.1955263011 38.1549677766 1.51, -83.1952950816 38.1550237662 1.523, -83.1951544572 38.1550256711 1.531, -83.195050688 38.1550182068 1.537, -83.1949163165 38.1549903011 1.544, -83.1947926934 38.1549433982 1.552, -83.1947153651 38.154895847 1.557, -83.1946280453 38.1548354424 1.563, -83.1945610808 38.1547699844 1.569, -83.1945177519 38.1547152014 1.574, -83.194458612 38.1546147474 1.581, -83.1944159823 38.1545097053 1.589, -83.1942604875 38.1538371182 1.636, -83.194186174 38.1534519974 1.663, -83.1941029172 38.1530639373 1.691, -83.1940233725 38.1526591978 1.719, -83.1940053185 38.1525277645 1.728, -83.1938443066 38.1517336293 1.784, -83.1938065427 38.1516188026 1.792, -83.1937541821 38.1515135501 1.8, -83.1936816739 38.1514174761 1.808, -83.1934731428 38.1512810974 1.822, -83.1932212101 38.1512124599 1.837, -83.192938042 38.1511516613 1.853, -83.1927906813 38.1511072636 1.862, -83.1926557376 38.1510559916 1.87, -83.1925252601 38.1509963002 1.878, -83.1921243754 38.1507988873 1.904, -83.1919812705 38.1507422181 1.913, -83.1918451735 38.1507041066 1.921, -83.1916915624 38.1506694623 1.929, -83.1914005689 38.1506137109 1.946, -83.191257373 38.1505696755 1.954, -83.1911237261 38.1505211778 1.962, -83.1908869343 38.1503773131 1.979, -83.1906181355 38.1501623042 2)"
"District 09","Elliott","09-00192.03","KY","32","KY-32","RECONSTRUCTION(O)","0.0","2.0","RECONSTRUCT KY-32 FROM 0.408 MILES WEST OF STEGALL COLD SPRING ROAD TO KY-7 NEAR NEWFOUNDLAND.(PRIORITY SECTION 2). (10CCR)(16CCN)(18CCN) (2024CCN)","","2010","2026","D","STP2","4030000","2029","","","","032-KY-0032-000","LINESTRING Z (-83.2181883499 38.1584653802 0, -83.2181453077 38.1584422056 0.003, -83.2180135846 38.1583165831 0.014, -83.2176648831 38.157934117 0.045, -83.2175818163 38.1578809646 0.051, -83.2175130002 38.157848446 0.055, -83.2174218273 38.1578286351 0.06, -83.217342889 38.1578173279 0.064, -83.2171785611 38.1578203986 0.073, -83.217090532 38.1578306002 0.078, -83.2170279859 38.1578484896 0.081, -83.2167446487 38.1579734566 0.099, -83.2165328421 38.1580823753 0.112, -83.2164126657 38.1581572698 0.12, -83.216183733 38.1582886222 0.135, -83.2158497902 38.1584787104 0.157, -83.2155077673 38.1586609314 0.18, -83.2152790709 38.1587650901 0.194, -83.2150342086 38.1588334627 0.208, -83.2147886139 38.1588422036 0.222, -83.2145377989 38.1588307787 0.236, -83.2144246309 38.1588030758 0.242, -83.214011975 38.158702189 0.266, -83.2135033276 38.1586305581 0.294, -83.2132502847 38.1585828193 0.308, -83.2127087038 38.1584673465 0.339, -83.2124684648 38.1584418582 0.352, -83.212202619 38.1584224128 0.367, -83.2119522055 38.1584700552 0.381, -83.2117134717 38.1585624536 0.395, -83.2110243233 38.1589025868 0.44, -83.2108104137 38.1590317794 0.455, -83.2106074664 38.1591760421 0.47, -83.2102020593 38.1594906752 0.501, -83.2100750173 38.1595525036 0.509, -83.209972392 38.1596024955 0.516, -83.2097206157 38.1596693344 0.53, -83.2094528209 38.1596861044 0.545, -83.2091941015 38.159641531 0.559, -83.2089495644 38.1595489119 0.574, -83.2087332854 38.1594137674 0.589, -83.2085474891 38.159252356 0.604, -83.208107686 38.1588291668 0.642, -83.2079327424 38.1586457352 0.658, -83.2078536302 38.1585487049 0.666, -83.2077812292 38.1584487976 0.674, -83.2077145419 38.1583446166 0.682, -83.2076577891 38.158234881 0.69, -83.2076074361 38.1581211621 0.699, -83.2075174523 38.1578956027 0.715, -83.2074657921 38.1577895473 0.723, -83.2074024119 38.1576903827 0.73, -83.207234682 38.1575299078 0.745, -83.2070190431 38.1574269164 0.759, -83.2067656389 38.1573898698 0.773, -83.2064923303 38.1574254698 0.788, -83.2063532503 38.1574631352 0.796, -83.2062111512 38.1575076024 0.804, -83.205616213 38.1577085261 0.84, -83.2054661548 38.1577517224 0.848, -83.2053334421 38.1577963918 0.856, -83.205175613 38.157812773 0.865, -83.2048933096 38.1578165818 0.88, -83.2046339541 38.157760447 0.895, -83.2043980038 38.1576512449 0.91, -83.2041921633 38.1575064275 0.925, -83.2038143202 38.1571941688 0.955, -83.2036216681 38.1570402942 0.97, -83.2035184922 38.1569652698 0.978, -83.2034088965 38.1568947763 0.985, -83.2032934737 38.1568318501 0.993, -83.2031697409 38.15677781 1.001, -83.2030379416 38.1567356842 1.008, -83.2028979156 38.1567101383 1.016, -83.2026071128 38.1566882107 1.032, -83.2019648153 38.1566990866 1.067, -83.2018156248 38.1567071329 1.076, -83.201347884 38.156720945 1.101, -83.2011917388 38.1567087863 1.11, -83.2010553658 38.1566882618 1.117, -83.2009774427 38.156657735 1.122, -83.2008191828 38.1565960803 1.132, -83.2006391886 38.1564386272 1.146, -83.2005008913 38.1562425134 1.162, -83.2003893096 38.1560184055 1.179, -83.200227479 38.1556679396 1.204, -83.2001143088 38.1554495662 1.221, -83.200047502 38.155349224 1.229, -83.1999681961 38.1552582278 1.236, -83.1997692566 38.1551154748 1.251, -83.1995357387 38.1550269184 1.265, -83.199005486 38.1548970661 1.295, -83.198731609 38.1548186264 1.311, -83.1984544449 38.1547145657 1.328, -83.1983238136 38.1546589977 1.336, -83.1976966415 38.1543542466 1.377, -83.1974528187 38.1542720573 1.391, -83.1971928102 38.154245286 1.405, -83.1969342346 38.1542976657 1.42, -83.1966853714 38.1544010779 1.435, -83.1957966414 38.1548571389 1.493, -83.1955263011 38.1549677766 1.51, -83.1952950816 38.1550237662 1.523, -83.1951544572 38.1550256711 1.531, -83.195050688 38.1550182068 1.537, -83.1949163165 38.1549903011 1.544, -83.1947926934 38.1549433982 1.552, -83.1947153651 38.154895847 1.557, -83.1946280453 38.1548354424 1.563, -83.1945610808 38.1547699844 1.569, -83.1945177519 38.1547152014 1.574, -83.194458612 38.1546147474 1.581, -83.1944159823 38.1545097053 1.589, -83.1942604875 38.1538371182 1.636, -83.194186174 38.1534519974 1.663, -83.1941029172 38.1530639373 1.691, -83.1940233725 38.1526591978 1.719, -83.1940053185 38.1525277645 1.728, -83.1938443066 38.1517336293 1.784, -83.1938065427 38.1516188026 1.792, -83.1937541821 38.1515135501 1.8, -83.1936816739 38.1514174761 1.808, -83.1934731428 38.1512810974 1.822, -83.1932212101 38.1512124599 1.837, -83.192938042 38.1511516613 1.853, -83.1927906813 38.1511072636 1.862, -83.1926557376 38.1510559916 1.87, -83.1925252601 38.1509963002 1.878, -83.1921243754 38.1507988873 1.904, -83.1919812705 38.1507422181 1.913, -83.1918451735 38.1507041066 1.921, -83.1916915624 38.1506694623 1.929, -83.1914005689 38.1506137109 1.946, -83.191257373 38.1505696755 1.954, -83.1911237261 38.1505211778 1.962, -83.1908869343 38.1503773131 1.979, -83.1906181355 38.1501623042 2)"
"District 09","Elliott","09-00228.40","KY","7","KY-7","RECONSTRUCTION(O)","0.0","6.6","Reconstruct KY 7 from Sandy Hook to the Morgan County Line. (2024CCR)","","2022","2026","R","SPP","8800000","2029","","","","032-KY-0007-000","LINESTRING Z (-83.2257227052 38.0443987214 0, -83.2255984478 38.0448828784 0.034, -83.2255318121 38.0452160711 0.058, -83.2255046882 38.0454402178 0.073, -83.2255116023 38.0457052019 0.092, -83.2255442683 38.0460196398 0.113, -83.225676956 38.0469645178 0.179, -83.2258228314 38.0478794579 0.243, -83.2259797064 38.0487776 0.306, -83.2260957005 38.0495100305 0.357, -83.2261163543 38.0497492102 0.374, -83.2261163032 38.0498623968 0.382, -83.2261070258 38.0501031335 0.398, -83.2260918121 38.050222864 0.407, -83.226041391 38.0504577749 0.423, -83.2259808759 38.0506018114 0.434, -83.2257002199 38.0511787774 0.477, -83.2253175515 38.0518939454 0.531, -83.2252215558 38.0520391449 0.542, -83.2251198092 38.0521696598 0.552, -83.2250086601 38.0522906341 0.563, -83.2248880532 38.0524037131 0.573, -83.2247418768 38.0525228378 0.585, -83.2245983649 38.0526249868 0.595, -83.2244439973 38.0527194855 0.606, -83.2242836145 38.0528069869 0.617, -83.2241131834 38.0528835591 0.627, -83.2239345134 38.0529470418 0.638, -83.223749313 38.0529982971 0.649, -83.2235653333 38.0530443573 0.659, -83.2233759958 38.0530845343 0.67, -83.2229711691 38.0531574586 0.693, -83.2221518488 38.0532912828 0.739, -83.2208775592 38.05351123 0.81, -83.2200113245 38.0536552979 0.859, -83.2191496816 38.0538071496 0.907, -83.2185162557 38.0539097715 0.943, -83.2153956984 38.0544518501 1.118, -83.2143206892 38.0546345233 1.178, -83.2141562965 38.0546562655 1.187, -83.2135522907 38.0547616903 1.221, -83.2129678228 38.0548546207 1.254, -83.2127931044 38.0548937217 1.264, -83.2126003238 38.0549225432 1.274, -83.2114384516 38.0551250256 1.34, -83.2108808651 38.0552443483 1.371, -83.2105112997 38.055341891 1.393, -83.2101551609 38.0554430177 1.413, -83.2098208167 38.0555468102 1.433, -83.209642214 38.0556078009 1.444, -83.2089574985 38.0558771259 1.485, -83.2079302625 38.0562956633 1.549, -83.2077438668 38.0563608792 1.56, -83.2072290371 38.0565698427 1.591, -83.2068791386 38.0567315341 1.613, -83.2067187451 38.0568184632 1.624, -83.2064255481 38.0570184637 1.645, -83.2062880904 38.0571253914 1.656, -83.2061591993 38.057235801 1.666, -83.2059154436 38.0574629654 1.687, -83.20529567 38.0580647174 1.74, -83.2047879251 38.0585713538 1.785, -83.2042701225 38.0590772222 1.83, -83.2040033207 38.0593173481 1.852, -83.2038646448 38.0594291914 1.863, -83.2037210239 38.0595332363 1.874, -83.2035731458 38.0596297718 1.884, -83.2034170891 38.0597115694 1.895, -83.2030928161 38.0598650126 1.915, -83.2019286816 38.0603310938 1.987, -83.2007486285 38.0608149531 2.06, -83.2004119256 38.0609557569 2.081, -83.200020311 38.0611269676 2.106, -83.1997105589 38.0612620331 2.125, -83.1994622035 38.0613599632 2.14, -83.1989006796 38.0615810696 2.175, -83.1984957235 38.0617058322 2.199, -83.1983372808 38.0617458128 2.208, -83.1980182058 38.0618086944 2.226, -83.1978513248 38.0618314586 2.235, -83.1976818824 38.0618478493 2.244, -83.1971709789 38.0618711389 2.272, -83.1969916472 38.0618620397 2.282, -83.1959861423 38.0618391828 2.337, -83.1945802183 38.0617897883 2.414, -83.1938577061 38.0617727662 2.454, -83.1927845104 38.0617379762 2.513, -83.1907379037 38.061686739 2.625, -83.1874064125 38.0615930093 2.807, -83.1872166662 38.061583669 2.817, -83.1833060536 38.0614665304 3.031, -83.1818403329 38.0614283218 3.112, -83.1816484984 38.0614290915 3.122, -83.1806768986 38.0614505237 3.175, -83.1785780108 38.0615237635 3.289, -83.1783987045 38.0615239771 3.298, -83.1776827387 38.0615484827 3.337, -83.1760256826 38.0616161977 3.427, -83.1751782578 38.0616438644 3.473, -83.1748332184 38.0616635332 3.492, -83.174492281 38.0616951044 3.511, -83.1743266566 38.0617214348 3.52, -83.1741634739 38.0617574346 3.529, -83.1740041985 38.0618009358 3.538, -83.173843989 38.0618512857 3.548, -83.1733479589 38.062015459 3.577, -83.1730151384 38.0621329192 3.596, -83.1728574675 38.0622000818 3.606, -83.1727079949 38.0622712693 3.616, -83.1725723273 38.0623551209 3.625, -83.1724473374 38.0624515685 3.634, -83.1723334134 38.0625595208 3.644, -83.1721208422 38.0627856514 3.663, -83.1708002183 38.0644106719 3.796, -83.1703996942 38.0648936847 3.836, -83.1703236384 38.0649917487 3.843, -83.1699875353 38.0653912771 3.876, -83.1697963013 38.0656030338 3.894, -83.1695819574 38.0658197804 3.913, -83.1693400071 38.066040867 3.933, -83.1690682418 38.0662599282 3.954, -83.1689244724 38.0663664007 3.965, -83.1686241523 38.0665672539 3.986, -83.1683086358 38.0667554102 4.008, -83.1681466804 38.066845276 4.018, -83.1679807692 38.0669290098 4.029, -83.1666075136 38.0675714966 4.116, -83.1656087965 38.068027112 4.178, -83.1651312697 38.0682367126 4.208, -83.1647959201 38.068365633 4.228, -83.1645136081 38.0684586262 4.245, -83.1641687429 38.0685516217 4.265, -83.1639887671 38.0685902613 4.276, -83.1636237675 38.0686528687 4.297, -83.1632548882 38.0686972574 4.317, -83.1630693836 38.0687151697 4.328, -83.1628850634 38.0687289867 4.338, -83.1626999331 38.0687361921 4.348, -83.1625094681 38.0687369611 4.359, -83.1623196203 38.0687300512 4.37, -83.1621317781 38.0687154928 4.38, -83.1619407828 38.0686917986 4.391, -83.161550774 38.0686252768 4.413, -83.1607795932 38.0684781367 4.457, -83.159994044 38.0683543041 4.502, -83.1596004122 38.0683019818 4.524, -83.1594009589 38.0682816695 4.536, -83.1589929853 38.0682518335 4.558, -83.1585819537 38.0682298967 4.581, -83.1569979231 38.0681725745 4.67, -83.1566904005 38.0681520809 4.687, -83.1562273402 38.068186685 4.712, -83.1560371648 38.0682187699 4.723, -83.1558488121 38.0682682023 4.734, -83.1556701919 38.0683373543 4.745, -83.1555007614 38.0684218184 4.756, -83.1553440437 38.0685202982 4.767, -83.1552007228 38.0686330837 4.778, -83.1550709051 38.0687571553 4.789, -83.1549570604 38.0688914685 4.8, -83.1548631133 38.0690330866 4.811, -83.1547935109 38.0691840325 4.822, -83.1547442041 38.0693409185 4.833, -83.1547142269 38.0695015266 4.844, -83.1547032321 38.0696658484 4.856, -83.1547032712 38.0698326114 4.867, -83.1547194594 38.0701725357 4.891, -83.1548157264 38.0715551774 4.987, -83.1548456715 38.0720671107 5.022, -83.154850593 38.072233431 5.033, -83.1548499773 38.0723990807 5.045, -83.154840738 38.072562892 5.056, -83.1548169418 38.0727255593 5.068, -83.154775446 38.0728875619 5.079, -83.1547145993 38.0730463922 5.09, -83.1546362249 38.0731996176 5.102, -83.1545486475 38.0733476947 5.113, -83.1543521745 38.0736373367 5.136, -83.1537526474 38.0744771894 5.203, -83.1535365962 38.0747402997 5.224, -83.1534191218 38.0748687621 5.235, -83.1532924542 38.0749918024 5.246, -83.1531597482 38.0751086654 5.257, -83.1530175007 38.0752200976 5.268, -83.1528674984 38.0753247668 5.279, -83.1527117856 38.0754238152 5.29, -83.1525430594 38.0755074661 5.301, -83.1523633262 38.0755878532 5.312, -83.1519875882 38.075717223 5.334, -83.1517960876 38.0757764704 5.346, -83.15159685 38.0758284042 5.357, -83.1507772713 38.0759977246 5.403, -83.1489733055 38.076347827 5.505, -83.1477797874 38.0765849862 5.572, -83.1467334947 38.0767962596 5.631, -83.146509941 38.0768476482 5.644, -83.1460850918 38.0769303111 5.668, -83.1456672922 38.0770199969 5.691, -83.1454646323 38.0770701962 5.703, -83.145267673 38.0771262907 5.714, -83.1450788152 38.077189157 5.725, -83.1448997758 38.0772593835 5.736, -83.1447273822 38.0773382725 5.747, -83.1445612944 38.0774255425 5.758, -83.1443994116 38.077521696 5.769, -83.1442462568 38.0776265597 5.78, -83.1441012331 38.0777373712 5.791, -83.1439628148 38.0778579441 5.802, -83.1438360872 38.0779820723 5.814, -83.1437167964 38.0781121339 5.825, -83.1434403589 38.0784598836 5.853, -83.1421796395 38.0801732852 5.989, -83.1419608522 38.0804629632 6.012, -83.141732284 38.0807441839 6.036, -83.1416059222 38.0808773835 6.047, -83.1415002705 38.0809753255 6.056, -83.1411867789 38.0812302164 6.08, -83.1408476865 38.0814227263 6.103, -83.1400885598 38.0818161177 6.152, -83.1396851557 38.0820283567 6.178, -83.1395258625 38.0821196163 6.189, -83.1393602124 38.0822038666 6.2, -83.1392002185 38.0822756049 6.21, -83.1390335805 38.0823386783 6.22, -83.138861186 38.0823876136 6.23, -83.1386849071 38.0824186051 6.239, -83.138504804 38.082430005 6.249, -83.1383243787 38.0824210682 6.259, -83.1381446038 38.0823937381 6.269, -83.1379694648 38.082353323 6.279, -83.1377988335 38.0823033922 6.289, -83.1374657759 38.0821877772 6.308, -83.1368045903 38.0819352222 6.348, -83.13647501 38.0818196813 6.368, -83.1363106515 38.0817693375 6.377, -83.1361376079 38.081728691 6.387, -83.1359704956 38.081697242 6.396, -83.1358020875 38.0816729076 6.406, -83.1356277235 38.0816597048 6.415, -83.135453974 38.0816586036 6.424, -83.1352823143 38.0816671641 6.434, -83.1351082992 38.0816833652 6.443, -83.1347588353 38.081726723 6.462, -83.1345978619 38.0817770041 6.472, -83.1344513674 38.0818306267 6.481, -83.1343065009 38.0818873087 6.489, -83.1340190816 38.082013909 6.507, -83.1333505411 38.0823510229 6.55, -83.1332226302 38.0824196177 6.559, -83.1326992419 38.0826723056 6.592, -83.1325740595 38.0827344576 6.6)"
"District 09","Elliott","09-00228.40","KY","7","KY-7","RECONSTRUCTION(O)","0.0","6.6","Reconstruct KY 7 from Sandy Hook to the Morgan County Line. (2024CCR)","","2022","2026","U","SPP","6480000","2029","","","","032-KY-0007-000","LINESTRING Z (-83.2257227052 38.0443987214 0, -83.2255984478 38.0448828784 0.034, -83.2255318121 38.0452160711 0.058, -83.2255046882 38.0454402178 0.073, -83.2255116023 38.0457052019 0.092, -83.2255442683 38.0460196398 0.113, -83.225676956 38.0469645178 0.179, -83.2258228314 38.0478794579 0.243, -83.2259797064 38.0487776 0.306, -83.2260957005 38.0495100305 0.357, -83.2261163543 38.0497492102 0.374, -83.2261163032 38.0498623968 0.382, -83.2261070258 38.0501031335 0.398, -83.2260918121 38.050222864 0.407, -83.226041391 38.0504577749 0.423, -83.2259808759 38.0506018114 0.434, -83.2257002199 38.0511787774 0.477, -83.2253175515 38.0518939454 0.531, -83.2252215558 38.0520391449 0.542, -83.2251198092 38.0521696598 0.552, -83.2250086601 38.0522906341 0.563, -83.2248880532 38.0524037131 0.573, -83.2247418768 38.0525228378 0.585, -83.2245983649 38.0526249868 0.595, -83.2244439973 38.0527194855 0.606, -83.2242836145 38.0528069869 0.617, -83.2241131834 38.0528835591 0.627, -83.2239345134 38.0529470418 0.638, -83.223749313 38.0529982971 0.649, -83.2235653333 38.0530443573 0.659, -83.2233759958 38.0530845343 0.67, -83.2229711691 38.0531574586 0.693, -83.2221518488 38.0532912828 0.739, -83.2208775592 38.05351123 0.81, -83.2200113245 38.0536552979 0.859, -83.2191496816 38.0538071496 0.907, -83.2185162557 38.0539097715 0.943, -83.2153956984 38.0544518501 1.118, -83.2143206892 38.0546345233 1.178, -83.2141562965 38.0546562655 1.187, -83.2135522907 38.0547616903 1.221, -83.2129678228 38.0548546207 1.254, -83.2127931044 38.0548937217 1.264, -83.2126003238 38.0549225432 1.274, -83.2114384516 38.0551250256 1.34, -83.2108808651 38.0552443483 1.371, -83.2105112997 38.055341891 1.393, -83.2101551609 38.0554430177 1.413, -83.2098208167 38.0555468102 1.433, -83.209642214 38.0556078009 1.444, -83.2089574985 38.0558771259 1.485, -83.2079302625 38.0562956633 1.549, -83.2077438668 38.0563608792 1.56, -83.2072290371 38.0565698427 1.591, -83.2068791386 38.0567315341 1.613, -83.2067187451 38.0568184632 1.624, -83.2064255481 38.0570184637 1.645, -83.2062880904 38.0571253914 1.656, -83.2061591993 38.057235801 1.666, -83.2059154436 38.0574629654 1.687, -83.20529567 38.0580647174 1.74, -83.2047879251 38.0585713538 1.785, -83.2042701225 38.0590772222 1.83, -83.2040033207 38.0593173481 1.852, -83.2038646448 38.0594291914 1.863, -83.2037210239 38.0595332363 1.874, -83.2035731458 38.0596297718 1.884, -83.2034170891 38.0597115694 1.895, -83.2030928161 38.0598650126 1.915, -83.2019286816 38.0603310938 1.987, -83.2007486285 38.0608149531 2.06, -83.2004119256 38.0609557569 2.081, -83.200020311 38.0611269676 2.106, -83.1997105589 38.0612620331 2.125, -83.1994622035 38.0613599632 2.14, -83.1989006796 38.0615810696 2.175, -83.1984957235 38.0617058322 2.199, -83.1983372808 38.0617458128 2.208, -83.1980182058 38.0618086944 2.226, -83.1978513248 38.0618314586 2.235, -83.1976818824 38.0618478493 2.244, -83.1971709789 38.0618711389 2.272, -83.1969916472 38.0618620397 2.282, -83.1959861423 38.0618391828 2.337, -83.1945802183 38.0617897883 2.414, -83.1938577061 38.0617727662 2.454, -83.1927845104 38.0617379762 2.513, -83.1907379037 38.061686739 2.625, -83.1874064125 38.0615930093 2.807, -83.1872166662 38.061583669 2.817, -83.1833060536 38.0614665304 3.031, -83.1818403329 38.0614283218 3.112, -83.1816484984 38.0614290915 3.122, -83.1806768986 38.0614505237 3.175, -83.1785780108 38.0615237635 3.289, -83.1783987045 38.0615239771 3.298, -83.1776827387 38.0615484827 3.337, -83.1760256826 38.0616161977 3.427, -83.1751782578 38.0616438644 3.473, -83.1748332184 38.0616635332 3.492, -83.174492281 38.0616951044 3.511, -83.1743266566 38.0617214348 3.52, -83.1741634739 38.0617574346 3.529, -83.1740041985 38.0618009358 3.538, -83.173843989 38.0618512857 3.548, -83.1733479589 38.062015459 3.577, -83.1730151384 38.0621329192 3.596, -83.1728574675 38.0622000818 3.606, -83.1727079949 38.0622712693 3.616, -83.1725723273 38.0623551209 3.625, -83.1724473374 38.0624515685 3.634, -83.1723334134 38.0625595208 3.644, -83.1721208422 38.0627856514 3.663, -83.1708002183 38.0644106719 3.796, -83.1703996942 38.0648936847 3.836, -83.1703236384 38.0649917487 3.843, -83.1699875353 38.0653912771 3.876, -83.1697963013 38.0656030338 3.894, -83.1695819574 38.0658197804 3.913, -83.1693400071 38.066040867 3.933, -83.1690682418 38.0662599282 3.954, -83.1689244724 38.0663664007 3.965, -83.1686241523 38.0665672539 3.986, -83.1683086358 38.0667554102 4.008, -83.1681466804 38.066845276 4.018, -83.1679807692 38.0669290098 4.029, -83.1666075136 38.0675714966 4.116, -83.1656087965 38.068027112 4.178, -83.1651312697 38.0682367126 4.208, -83.1647959201 38.068365633 4.228, -83.1645136081 38.0684586262 4.245, -83.1641687429 38.0685516217 4.265, -83.1639887671 38.0685902613 4.276, -83.1636237675 38.0686528687 4.297, -83.1632548882 38.0686972574 4.317, -83.1630693836 38.0687151697 4.328, -83.1628850634 38.0687289867 4.338, -83.1626999331 38.0687361921 4.348, -83.1625094681 38.0687369611 4.359, -83.1623196203 38.0687300512 4.37, -83.1621317781 38.0687154928 4.38, -83.1619407828 38.0686917986 4.391, -83.161550774 38.0686252768 4.413, -83.1607795932 38.0684781367 4.457, -83.159994044 38.0683543041 4.502, -83.1596004122 38.0683019818 4.524, -83.1594009589 38.0682816695 4.536, -83.1589929853 38.0682518335 4.558, -83.1585819537 38.0682298967 4.581, -83.1569979231 38.0681725745 4.67, -83.1566904005 38.0681520809 4.687, -83.1562273402 38.068186685 4.712, -83.1560371648 38.0682187699 4.723, -83.1558488121 38.0682682023 4.734, -83.1556701919 38.0683373543 4.745, -83.1555007614 38.0684218184 4.756, -83.1553440437 38.0685202982 4.767, -83.1552007228 38.0686330837 4.778, -83.1550709051 38.0687571553 4.789, -83.1549570604 38.0688914685 4.8, -83.1548631133 38.0690330866 4.811, -83.1547935109 38.0691840325 4.822, -83.1547442041 38.0693409185 4.833, -83.1547142269 38.0695015266 4.844, -83.1547032321 38.0696658484 4.856, -83.1547032712 38.0698326114 4.867, -83.1547194594 38.0701725357 4.891, -83.1548157264 38.0715551774 4.987, -83.1548456715 38.0720671107 5.022, -83.154850593 38.072233431 5.033, -83.1548499773 38.0723990807 5.045, -83.154840738 38.072562892 5.056, -83.1548169418 38.0727255593 5.068, -83.154775446 38.0728875619 5.079, -83.1547145993 38.0730463922 5.09, -83.1546362249 38.0731996176 5.102, -83.1545486475 38.0733476947 5.113, -83.1543521745 38.0736373367 5.136, -83.1537526474 38.0744771894 5.203, -83.1535365962 38.0747402997 5.224, -83.1534191218 38.0748687621 5.235, -83.1532924542 38.0749918024 5.246, -83.1531597482 38.0751086654 5.257, -83.1530175007 38.0752200976 5.268, -83.1528674984 38.0753247668 5.279, -83.1527117856 38.0754238152 5.29, -83.1525430594 38.0755074661 5.301, -83.1523633262 38.0755878532 5.312, -83.1519875882 38.075717223 5.334, -83.1517960876 38.0757764704 5.346, -83.15159685 38.0758284042 5.357, -83.1507772713 38.0759977246 5.403, -83.1489733055 38.076347827 5.505, -83.1477797874 38.0765849862 5.572, -83.1467334947 38.0767962596 5.631, -83.146509941 38.0768476482 5.644, -83.1460850918 38.0769303111 5.668, -83.1456672922 38.0770199969 5.691, -83.1454646323 38.0770701962 5.703, -83.145267673 38.0771262907 5.714, -83.1450788152 38.077189157 5.725, -83.1448997758 38.0772593835 5.736, -83.1447273822 38.0773382725 5.747, -83.1445612944 38.0774255425 5.758, -83.1443994116 38.077521696 5.769, -83.1442462568 38.0776265597 5.78, -83.1441012331 38.0777373712 5.791, -83.1439628148 38.0778579441 5.802, -83.1438360872 38.0779820723 5.814, -83.1437167964 38.0781121339 5.825, -83.1434403589 38.0784598836 5.853, -83.1421796395 38.0801732852 5.989, -83.1419608522 38.0804629632 6.012, -83.141732284 38.0807441839 6.036, -83.1416059222 38.0808773835 6.047, -83.1415002705 38.0809753255 6.056, -83.1411867789 38.0812302164 6.08, -83.1408476865 38.0814227263 6.103, -83.1400885598 38.0818161177 6.152, -83.1396851557 38.0820283567 6.178, -83.1395258625 38.0821196163 6.189, -83.1393602124 38.0822038666 6.2, -83.1392002185 38.0822756049 6.21, -83.1390335805 38.0823386783 6.22, -83.138861186 38.0823876136 6.23, -83.1386849071 38.0824186051 6.239, -83.138504804 38.082430005 6.249, -83.1383243787 38.0824210682 6.259, -83.1381446038 38.0823937381 6.269, -83.1379694648 38.082353323 6.279, -83.1377988335 38.0823033922 6.289, -83.1374657759 38.0821877772 6.308, -83.1368045903 38.0819352222 6.348, -83.13647501 38.0818196813 6.368, -83.1363106515 38.0817693375 6.377, -83.1361376079 38.081728691 6.387, -83.1359704956 38.081697242 6.396, -83.1358020875 38.0816729076 6.406, -83.1356277235 38.0816597048 6.415, -83.135453974 38.0816586036 6.424, -83.1352823143 38.0816671641 6.434, -83.1351082992 38.0816833652 6.443, -83.1347588353 38.081726723 6.462, -83.1345978619 38.0817770041 6.472, -83.1344513674 38.0818306267 6.481, -83.1343065009 38.0818873087 6.489, -83.1340190816 38.082013909 6.507, -83.1333505411 38.0823510229 6.55, -83.1332226302 38.0824196177 6.559, -83.1326992419 38.0826723056 6.592, -83.1325740595 38.0827344576 6.6)"
"District 09","Elliott","09-00228.40","KY","7","KY-7","RECONSTRUCTION(O)","0.0","6.6","Reconstruct KY 7 from Sandy Hook to the Morgan County Line. (2024CCR)","","2022","2026","C","STP2","80640000","2030","","","","032-KY-0007-000","LINESTRING Z (-83.2257227052 38.0443987214 0, -83.2255984478 38.0448828784 0.034, -83.2255318121 38.0452160711 0.058, -83.2255046882 38.0454402178 0.073, -83.2255116023 38.0457052019 0.092, -83.2255442683 38.0460196398 0.113, -83.225676956 38.0469645178 0.179, -83.2258228314 38.0478794579 0.243, -83.2259797064 38.0487776 0.306, -83.2260957005 38.0495100305 0.357, -83.2261163543 38.0497492102 0.374, -83.2261163032 38.0498623968 0.382, -83.2261070258 38.0501031335 0.398, -83.2260918121 38.050222864 0.407, -83.226041391 38.0504577749 0.423, -83.2259808759 38.0506018114 0.434, -83.2257002199 38.0511787774 0.477, -83.2253175515 38.0518939454 0.531, -83.2252215558 38.0520391449 0.542, -83.2251198092 38.0521696598 0.552, -83.2250086601 38.0522906341 0.563, -83.2248880532 38.0524037131 0.573, -83.2247418768 38.0525228378 0.585, -83.2245983649 38.0526249868 0.595, -83.2244439973 38.0527194855 0.606, -83.2242836145 38.0528069869 0.617, -83.2241131834 38.0528835591 0.627, -83.2239345134 38.0529470418 0.638, -83.223749313 38.0529982971 0.649, -83.2235653333 38.0530443573 0.659, -83.2233759958 38.0530845343 0.67, -83.2229711691 38.0531574586 0.693, -83.2221518488 38.0532912828 0.739, -83.2208775592 38.05351123 0.81, -83.2200113245 38.0536552979 0.859, -83.2191496816 38.0538071496 0.907, -83.2185162557 38.0539097715 0.943, -83.2153956984 38.0544518501 1.118, -83.2143206892 38.0546345233 1.178, -83.2141562965 38.0546562655 1.187, -83.2135522907 38.0547616903 1.221, -83.2129678228 38.0548546207 1.254, -83.2127931044 38.0548937217 1.264, -83.2126003238 38.0549225432 1.274, -83.2114384516 38.0551250256 1.34, -83.2108808651 38.0552443483 1.371, -83.2105112997 38.055341891 1.393, -83.2101551609 38.0554430177 1.413, -83.2098208167 38.0555468102 1.433, -83.209642214 38.0556078009 1.444, -83.2089574985 38.0558771259 1.485, -83.2079302625 38.0562956633 1.549, -83.2077438668 38.0563608792 1.56, -83.2072290371 38.0565698427 1.591, -83.2068791386 38.0567315341 1.613, -83.2067187451 38.0568184632 1.624, -83.2064255481 38.0570184637 1.645, -83.2062880904 38.0571253914 1.656, -83.2061591993 38.057235801 1.666, -83.2059154436 38.0574629654 1.687, -83.20529567 38.0580647174 1.74, -83.2047879251 38.0585713538 1.785, -83.2042701225 38.0590772222 1.83, -83.2040033207 38.0593173481 1.852, -83.2038646448 38.0594291914 1.863, -83.2037210239 38.0595332363 1.874, -83.2035731458 38.0596297718 1.884, -83.2034170891 38.0597115694 1.895, -83.2030928161 38.0598650126 1.915, -83.2019286816 38.0603310938 1.987, -83.2007486285 38.0608149531 2.06, -83.2004119256 38.0609557569 2.081, -83.200020311 38.0611269676 2.106, -83.1997105589 38.0612620331 2.125, -83.1994622035 38.0613599632 2.14, -83.1989006796 38.0615810696 2.175, -83.1984957235 38.0617058322 2.199, -83.1983372808 38.0617458128 2.208, -83.1980182058 38.0618086944 2.226, -83.1978513248 38.0618314586 2.235, -83.1976818824 38.0618478493 2.244, -83.1971709789 38.0618711389 2.272, -83.1969916472 38.0618620397 2.282, -83.1959861423 38.0618391828 2.337, -83.1945802183 38.0617897883 2.414, -83.1938577061 38.0617727662 2.454, -83.1927845104 38.0617379762 2.513, -83.1907379037 38.061686739 2.625, -83.1874064125 38.0615930093 2.807, -83.1872166662 38.061583669 2.817, -83.1833060536 38.0614665304 3.031, -83.1818403329 38.0614283218 3.112, -83.1816484984 38.0614290915 3.122, -83.1806768986 38.0614505237 3.175, -83.1785780108 38.0615237635 3.289, -83.1783987045 38.0615239771 3.298, -83.1776827387 38.0615484827 3.337, -83.1760256826 38.0616161977 3.427, -83.1751782578 38.0616438644 3.473, -83.1748332184 38.0616635332 3.492, -83.174492281 38.0616951044 3.511, -83.1743266566 38.0617214348 3.52, -83.1741634739 38.0617574346 3.529, -83.1740041985 38.0618009358 3.538, -83.173843989 38.0618512857 3.548, -83.1733479589 38.062015459 3.577, -83.1730151384 38.0621329192 3.596, -83.1728574675 38.0622000818 3.606, -83.1727079949 38.0622712693 3.616, -83.1725723273 38.0623551209 3.625, -83.1724473374 38.0624515685 3.634, -83.1723334134 38.0625595208 3.644, -83.1721208422 38.0627856514 3.663, -83.1708002183 38.0644106719 3.796, -83.1703996942 38.0648936847 3.836, -83.1703236384 38.0649917487 3.843, -83.1699875353 38.0653912771 3.876, -83.1697963013 38.0656030338 3.894, -83.1695819574 38.0658197804 3.913, -83.1693400071 38.066040867 3.933, -83.1690682418 38.0662599282 3.954, -83.1689244724 38.0663664007 3.965, -83.1686241523 38.0665672539 3.986, -83.1683086358 38.0667554102 4.008, -83.1681466804 38.066845276 4.018, -83.1679807692 38.0669290098 4.029, -83.1666075136 38.0675714966 4.116, -83.1656087965 38.068027112 4.178, -83.1651312697 38.0682367126 4.208, -83.1647959201 38.068365633 4.228, -83.1645136081 38.0684586262 4.245, -83.1641687429 38.0685516217 4.265, -83.1639887671 38.0685902613 4.276, -83.1636237675 38.0686528687 4.297, -83.1632548882 38.0686972574 4.317, -83.1630693836 38.0687151697 4.328, -83.1628850634 38.0687289867 4.338, -83.1626999331 38.0687361921 4.348, -83.1625094681 38.0687369611 4.359, -83.1623196203 38.0687300512 4.37, -83.1621317781 38.0687154928 4.38, -83.1619407828 38.0686917986 4.391, -83.161550774 38.0686252768 4.413, -83.1607795932 38.0684781367 4.457, -83.159994044 38.0683543041 4.502, -83.1596004122 38.0683019818 4.524, -83.1594009589 38.0682816695 4.536, -83.1589929853 38.0682518335 4.558, -83.1585819537 38.0682298967 4.581, -83.1569979231 38.0681725745 4.67, -83.1566904005 38.0681520809 4.687, -83.1562273402 38.068186685 4.712, -83.1560371648 38.0682187699 4.723, -83.1558488121 38.0682682023 4.734, -83.1556701919 38.0683373543 4.745, -83.1555007614 38.0684218184 4.756, -83.1553440437 38.0685202982 4.767, -83.1552007228 38.0686330837 4.778, -83.1550709051 38.0687571553 4.789, -83.1549570604 38.0688914685 4.8, -83.1548631133 38.0690330866 4.811, -83.1547935109 38.0691840325 4.822, -83.1547442041 38.0693409185 4.833, -83.1547142269 38.0695015266 4.844, -83.1547032321 38.0696658484 4.856, -83.1547032712 38.0698326114 4.867, -83.1547194594 38.0701725357 4.891, -83.1548157264 38.0715551774 4.987, -83.1548456715 38.0720671107 5.022, -83.154850593 38.072233431 5.033, -83.1548499773 38.0723990807 5.045, -83.154840738 38.072562892 5.056, -83.1548169418 38.0727255593 5.068, -83.154775446 38.0728875619 5.079, -83.1547145993 38.0730463922 5.09, -83.1546362249 38.0731996176 5.102, -83.1545486475 38.0733476947 5.113, -83.1543521745 38.0736373367 5.136, -83.1537526474 38.0744771894 5.203, -83.1535365962 38.0747402997 5.224, -83.1534191218 38.0748687621 5.235, -83.1532924542 38.0749918024 5.246, -83.1531597482 38.0751086654 5.257, -83.1530175007 38.0752200976 5.268, -83.1528674984 38.0753247668 5.279, -83.1527117856 38.0754238152 5.29, -83.1525430594 38.0755074661 5.301, -83.1523633262 38.0755878532 5.312, -83.1519875882 38.075717223 5.334, -83.1517960876 38.0757764704 5.346, -83.15159685 38.0758284042 5.357, -83.1507772713 38.0759977246 5.403, -83.1489733055 38.076347827 5.505, -83.1477797874 38.0765849862 5.572, -83.1467334947 38.0767962596 5.631, -83.146509941 38.0768476482 5.644, -83.1460850918 38.0769303111 5.668, -83.1456672922 38.0770199969 5.691, -83.1454646323 38.0770701962 5.703, -83.145267673 38.0771262907 5.714, -83.1450788152 38.077189157 5.725, -83.1448997758 38.0772593835 5.736, -83.1447273822 38.0773382725 5.747, -83.1445612944 38.0774255425 5.758, -83.1443994116 38.077521696 5.769, -83.1442462568 38.0776265597 5.78, -83.1441012331 38.0777373712 5.791, -83.1439628148 38.0778579441 5.802, -83.1438360872 38.0779820723 5.814, -83.1437167964 38.0781121339 5.825, -83.1434403589 38.0784598836 5.853, -83.1421796395 38.0801732852 5.989, -83.1419608522 38.0804629632 6.012, -83.141732284 38.0807441839 6.036, -83.1416059222 38.0808773835 6.047, -83.1415002705 38.0809753255 6.056, -83.1411867789 38.0812302164 6.08, -83.1408476865 38.0814227263 6.103, -83.1400885598 38.0818161177 6.152, -83.1396851557 38.0820283567 6.178, -83.1395258625 38.0821196163 6.189, -83.1393602124 38.0822038666 6.2, -83.1392002185 38.0822756049 6.21, -83.1390335805 38.0823386783 6.22, -83.138861186 38.0823876136 6.23, -83.1386849071 38.0824186051 6.239, -83.138504804 38.082430005 6.249, -83.1383243787 38.0824210682 6.259, -83.1381446038 38.0823937381 6.269, -83.1379694648 38.082353323 6.279, -83.1377988335 38.0823033922 6.289, -83.1374657759 38.0821877772 6.308, -83.1368045903 38.0819352222 6.348, -83.13647501 38.0818196813 6.368, -83.1363106515 38.0817693375 6.377, -83.1361376079 38.081728691 6.387, -83.1359704956 38.081697242 6.396, -83.1358020875 38.0816729076 6.406, -83.1356277235 38.0816597048 6.415, -83.135453974 38.0816586036 6.424, -83.1352823143 38.0816671641 6.434, -83.1351082992 38.0816833652 6.443, -83.1347588353 38.081726723 6.462, -83.1345978619 38.0817770041 6.472, -83.1344513674 38.0818306267 6.481, -83.1343065009 38.0818873087 6.489, -83.1340190816 38.082013909 6.507, -83.1333505411 38.0823510229 6.55, -83.1332226302 38.0824196177 6.559, -83.1326992419 38.0826723056 6.592, -83.1325740595 38.0827344576 6.6)"
"District 09","Elliott","09-08802.00","KY","32","KY-32","MAJOR WIDENING(O)","9.2","10.2","KY-32 FROM 9.2 MILE MARKER TO 10.2 MILE MARKER WIDENING. (14CCN)(16CCR)(18CCN)(2020CCR) (2022CCR) (2026CCR)","","2014","2026","C","STP2","17930000","2026","2026-03-26","Awarded","1","032-KY-0032-000","LINESTRING Z (-83.1176483754 38.0831212561 9.2, -83.1174322113 38.0830454507 9.213, -83.1171673174 38.0829587711 9.229, -83.1170342368 38.0829088231 9.237, -83.116907703 38.0828507791 9.245, -83.1167819071 38.0828012681 9.253, -83.1165371262 38.0826867376 9.268, -83.1162213238 38.0825656772 9.287, -83.1155996241 38.0823383355 9.324, -83.1154361001 38.0822844089 9.334, -83.1151336928 38.0821971615 9.352, -83.1147887371 38.0821139088 9.371, -83.1146094969 38.08208161 9.381, -83.1144682907 38.0820743362 9.389, -83.1142933452 38.0820871886 9.399, -83.1141336832 38.0821295032 9.408, -83.1139962103 38.0822025348 9.417, -83.1138776312 38.082301264 9.426, -83.1136771532 38.0825130018 9.444, -83.1135681135 38.0825976565 9.453, -83.1134150908 38.0826486361 9.462, -83.1132691337 38.0826478484 9.47, -83.1131476126 38.0825857909 9.478, -83.1130766758 38.0824894233 9.485, -83.1130644051 38.0823465616 9.495, -83.1130922229 38.0822295977 9.503, -83.1131517404 38.0821009779 9.513, -83.1131648401 38.0819776405 9.521, -83.1131422907 38.0818403189 9.531, -83.1130761431 38.0817072439 9.541, -83.1129634348 38.0815931838 9.551, -83.1128187571 38.0815080804 9.561, -83.1126619015 38.0814427606 9.57, -83.1125254991 38.0814081186 9.578, -83.1120313225 38.0813281166 9.606, -83.111853475 38.0813249657 9.615, -83.1117134966 38.0813320024 9.623, -83.111556056 38.0813705173 9.632, -83.111418808 38.0814372323 9.641, -83.1112655683 38.0816497474 9.658, -83.1111547548 38.0818810686 9.675, -83.1110581987 38.0821121595 9.691, -83.1109982745 38.0822229116 9.7, -83.1109218136 38.0823198314 9.708, -83.1108118144 38.0823923746 9.715, -83.1106753338 38.08241817 9.723, -83.1105353003 38.0823878392 9.731, -83.1104365986 38.0823098065 9.739, -83.1103990062 38.0821850599 9.747, -83.1104338619 38.0819492934 9.764, -83.1104880779 38.0817164323 9.78, -83.1105530962 38.0813371042 9.806, -83.1105645914 38.0812101598 9.815, -83.1105622203 38.0810724649 9.825, -83.1105117846 38.0807141825 9.85, -83.110471608 38.0805742685 9.859, -83.110413634 38.0804460447 9.869, -83.1103518607 38.0803463078 9.876, -83.1102671876 38.0802551258 9.884, -83.1100374042 38.0800425626 9.904, -83.1096888442 38.0797594813 9.931, -83.1095723475 38.079683522 9.939, -83.1094459028 38.0796232729 9.947, -83.109304479 38.0795736791 9.955, -83.1091624737 38.0795306657 9.964, -83.1090173549 38.0794969229 9.972, -83.1088717313 38.0794675646 9.98, -83.1084004019 38.0794100373 10.006, -83.1082563842 38.0793746698 10.014, -83.1081243162 38.079316218 10.023, -83.107542302 38.0790399935 10.06, -83.1074157135 38.0789838603 10.068, -83.1072409179 38.0789151093 10.078, -83.107074236 38.0788720903 10.088, -83.1068160214 38.0788325154 10.102, -83.1063428149 38.0788177963 10.128, -83.1057466311 38.0788110355 10.16, -83.1054241576 38.0787994149 10.178, -83.105071983 38.0788115786 10.197, -83.1050166243 38.0788087927 10.2)"
"District 09","Elliott","09-10098.00","KY","755","KY-755","AM-BRIDGE (P)","5.169","5.177","ADDRESS DEFICIENCIES OF BRIDGE ON KY 755 OVER SOUTH RUIN CREEK (032B00030N)","032B00030N","2024","2026","C","BRZ","749168","2030","","","","032-KY-0755-000","LINESTRING Z (-83.151951637 38.0950198785 5.169, -83.1519104655 38.0949936474 5.172, -83.1518213159 38.0949647274 5.177)"
"District 09","Elliott","09-10098.00","KY","755","KY-755","AM-BRIDGE (P)","5.169","5.177","ADDRESS DEFICIENCIES OF BRIDGE ON KY 755 OVER SOUTH RUIN CREEK (032B00030N)","032B00030N","2024","2026","D","BRZ","112375","2030","","","","032-KY-0755-000","LINESTRING Z (-83.151951637 38.0950198785 5.169, -83.1519104655 38.0949936474 5.172, -83.1518213159 38.0949647274 5.177)"
"District 09","Fleming","09-08815.00","KY","165","KY-165","MINOR WIDENING(O)","0.0","6.239","UPGRADE, WIDEN, AND PROVIDE SPOT IMPROVEMENTS ON KY-165 TO IMPROVE SAFETY FROM KY-32 TO US-68. (14CCN)  (2024CCN)","","2014","2026","R","SPP","3850000","2030","","","","035-KY-0165-000","LINESTRING Z (-83.8384686882 38.4172446635 0, -83.838494982 38.4173074333 0.005, -83.8385482793 38.4173923369 0.011, -83.8386550198 38.4175162798 0.022, -83.8387303811 38.4175850585 0.028, -83.8396810723 38.4183466155 0.102, -83.8400430789 38.4186559397 0.132, -83.8402926062 38.4188873725 0.153, -83.8405196192 38.4190852091 0.171, -83.840754082 38.4192784964 0.19, -83.8414228839 38.4198058875 0.242, -83.8415936064 38.4199533781 0.256, -83.8417592518 38.4201082018 0.27, -83.8419170427 38.4202697663 0.284, -83.8420688227 38.4204342544 0.298, -83.8432705501 38.4217892274 0.413, -83.8436143112 38.4221570232 0.445, -83.8439815794 38.4225205271 0.477, -83.8442897108 38.422808647 0.503, -83.8445292092 38.4230105218 0.523, -83.844697425 38.4231340719 0.535, -83.8448721513 38.4232489372 0.548, -83.8450575466 38.4233562843 0.56, -83.8453539491 38.4235046882 0.579, -83.8455645939 38.4235943127 0.593, -83.845673158 38.4236353308 0.599, -83.8458985108 38.4237098102 0.613, -83.846128694 38.4237731052 0.626, -83.8463608205 38.4238287404 0.639, -83.8485396851 38.4243034121 0.763, -83.8512552924 38.4248824906 0.916, -83.8521867656 38.4250860853 0.968, -83.8543086595 38.4255388641 1.088, -83.8571790789 38.4261565337 1.249, -83.8582190332 38.4263788395 1.308, -83.860000396 38.4267574204 1.408, -83.8602905349 38.4268117554 1.424, -83.8605521585 38.4268480578 1.438, -83.8607426678 38.4268664721 1.449, -83.8613405803 38.4269004388 1.481, -83.8616899498 38.4269189092 1.5, -83.8619422618 38.4269372079 1.514, -83.86221495 38.4269506113 1.529, -83.8625568614 38.4269604468 1.547, -83.8628678414 38.4269783037 1.564, -83.8631478615 38.4270052805 1.58, -83.8633813032 38.427037832 1.593, -83.863629141 38.4270807738 1.606, -83.8638049624 38.4271137817 1.616, -83.863996603 38.4271561049 1.627, -83.865542545 38.4275401962 1.715, -83.865917207 38.4276208535 1.736, -83.8661025449 38.427650438 1.746, -83.8662877651 38.4276709571 1.756, -83.8666559982 38.4277028974 1.777, -83.8670491511 38.4277297377 1.798, -83.8672134279 38.4277364651 1.807, -83.8678046339 38.4277463964 1.839, -83.8680056456 38.4277638683 1.85, -83.8682044761 38.427798333 1.861, -83.8683994013 38.4278489404 1.872, -83.8685909469 38.4279088313 1.883, -83.8707271646 38.4285999389 2.008, -83.871163748 38.4287444559 2.034, -83.8713563284 38.4288186416 2.045, -83.8715398681 38.4289050425 2.057, -83.8716272945 38.4289542162 2.063, -83.8717143312 38.4290050319 2.068, -83.871797388 38.4290612781 2.074, -83.871958746 38.4291822082 2.086, -83.8720367056 38.4292466126 2.092, -83.8725060052 38.429668492 2.131, -83.8726816109 38.4298058508 2.144, -83.872776311 38.4298710692 2.151, -83.8728717577 38.4299343764 2.158, -83.8730783195 38.4300491539 2.172, -83.8732996053 38.4301479595 2.185, -83.8735130907 38.4302241197 2.198, -83.8737755518 38.4302966595 2.213, -83.8740264221 38.4303445724 2.227, -83.8742818322 38.4303788228 2.241, -83.8745395181 38.4304059677 2.255, -83.8755012882 38.4304947763 2.307, -83.876728991 38.4306160663 2.374, -83.8775285059 38.4306871906 2.417, -83.8781462119 38.4307268763 2.451, -83.8788964227 38.430746128 2.491, -83.8810796426 38.4307637911 2.609, -83.8815873537 38.4307627258 2.636, -83.8819276386 38.4307549012 2.655, -83.8821824894 38.4307427101 2.669, -83.882689824 38.430701535 2.696, -83.8841523852 38.4305262503 2.776, -83.8846119914 38.4304807452 2.801, -83.8848452988 38.430464364 2.814, -83.8851309036 38.4304510019 2.829, -83.8867184017 38.4304015177 2.915, -83.887385983 38.4303883825 2.951, -83.8876017694 38.4303881995 2.963, -83.8880210373 38.430404944 2.986, -83.8883214767 38.4304398709 3.002, -83.8884619325 38.4304637726 3.01, -83.8887101955 38.4305184786 3.025, -83.8889895597 38.4305997642 3.041, -83.8891680897 38.4306643623 3.052, -83.8893408474 38.4307362836 3.064, -83.889594465 38.4308553409 3.08, -83.890356495 38.4312350479 3.131, -83.8919969649 38.4320314247 3.24, -83.8924627766 38.4322375674 3.27, -83.8927005892 38.4323330242 3.285, -83.8929406504 38.432422474 3.3, -83.8931826172 38.4325056353 3.315, -83.8935072235 38.4326071183 3.335, -83.8943963923 38.4328624489 3.388, -83.8958466654 38.4332570031 3.475, -83.896440358 38.4334052543 3.51, -83.8970137797 38.4335405526 3.544, -83.8986943397 38.4339290555 3.643, -83.8991978815 38.4340525405 3.673, -83.8998489752 38.4342236418 3.712, -83.9010049127 38.4345500967 3.781, -83.902877569 38.4351049501 3.894, -83.903280238 38.4352273964 3.917, -83.9035608565 38.43532954 3.934, -83.9036517297 38.4353677572 3.939, -83.9038265972 38.4354539729 3.95, -83.9039924009 38.435553504 3.962, -83.9041488253 38.4356649744 3.973, -83.9042928128 38.4357850399 3.984, -83.904423721 38.4359114925 3.995, -83.904538797 38.4360426429 4.006, -83.9045898261 38.436110177 4.012, -83.9046401155 38.4361793468 4.017, -83.904703819 38.4362844307 4.025, -83.9047938218 38.4364684726 4.039, -83.9048545174 38.43662377 4.05, -83.9055197309 38.4384575151 4.18, -83.905686935 38.438890766 4.211, -83.9057695121 38.4390648039 4.224, -83.9058674978 38.4392371592 4.237, -83.9059229754 38.4393223393 4.244, -83.9059802333 38.4394061738 4.25, -83.9061070149 38.4395721102 4.263, -83.9062464673 38.4397341236 4.277, -83.9063950789 38.4398929831 4.29, -83.9069235228 38.4404175348 4.336, -83.9085942298 38.4420419377 4.48, -83.9092408859 38.4426581234 4.534, -83.9098027821 38.4432150396 4.583, -83.9099588507 38.4433556081 4.596, -83.9101283862 38.4434884213 4.609, -83.9103121806 38.4436096451 4.622, -83.9105070864 38.4437195053 4.635, -83.9110042518 38.4439754954 4.667, -83.9123693413 38.4446599236 4.754, -83.9126625978 38.44481717 4.773, -83.9128474351 38.4449249481 4.785, -83.9132173896 38.4451572609 4.811, -83.9136771202 38.4454585264 4.843, -83.9139596141 38.4456274123 4.862, -83.9142456962 38.4457785016 4.88, -83.915434287 38.4463730978 4.955, -83.9156948979 38.446523515 4.973, -83.9157787552 38.4465778191 4.978, -83.9159386022 38.4466937191 4.99, -83.9160898647 38.446817727 5.002, -83.9162339755 38.4469484901 5.014, -83.917640591 38.4483517018 5.135, -83.917779053 38.4484851213 5.147, -83.9179250592 38.4486101435 5.158, -83.9180811221 38.4487240603 5.17, -83.918245147 38.4488268391 5.181, -83.9183295347 38.4488740084 5.187, -83.9185828784 38.4490083766 5.203, -83.9190802642 38.4492580181 5.234, -83.9192391233 38.449343962 5.245, -83.9193894061 38.4494377388 5.255, -83.9195306528 38.4495437342 5.265, -83.9195980045 38.4496019003 5.271, -83.9197987246 38.449787912 5.287, -83.9202129605 38.4502070962 5.323, -83.9215178453 38.4515776548 5.44, -83.9218032439 38.4518698831 5.465, -83.9219506743 38.4520083794 5.477, -83.9221031981 38.4521387149 5.489, -83.9222657508 38.4522590432 5.501, -83.9224365874 38.4523693363 5.513, -83.9226167416 38.4524701595 5.525, -83.9228054801 38.4525628757 5.537, -83.9231942183 38.4527309039 5.561, -83.9242235125 38.4531375686 5.622, -83.9276611108 38.4545251963 5.829, -83.9291348365 38.4551105704 5.917, -83.9293589785 38.4552128825 5.931, -83.9294939559 38.4552910305 5.94, -83.9296115591 38.4553796231 5.949, -83.929707902 38.4554805234 5.957, -83.9297826946 38.4555912545 5.966, -83.9298352594 38.4557109831 5.974, -83.9298670275 38.4558383572 5.983, -83.9298815516 38.4559709598 5.992, -83.9298807799 38.4562554817 6.012, -83.9298715361 38.4566140288 6.036, -83.9298624502 38.4569239659 6.057, -83.9298394322 38.4577110243 6.111, -83.9298500383 38.4579311789 6.126, -83.9298789475 38.4580752624 6.136, -83.9299289636 38.4582133526 6.146, -83.9299972856 38.4583456818 6.155, -83.9300780733 38.4584683148 6.165, -83.9306062701 38.4591698966 6.221, -83.9307710777 38.4594040998 6.239)"
"District 09","Fleming","09-08815.00","KY","165","KY-165","MINOR WIDENING(O)","0.0","6.239","UPGRADE, WIDEN, AND PROVIDE SPOT IMPROVEMENTS ON KY-165 TO IMPROVE SAFETY FROM KY-32 TO US-68. (14CCN)  (2024CCN)","","2014","2026","D","SPP","2000000","2029","","","","035-KY-0165-000","LINESTRING Z (-83.8384686882 38.4172446635 0, -83.838494982 38.4173074333 0.005, -83.8385482793 38.4173923369 0.011, -83.8386550198 38.4175162798 0.022, -83.8387303811 38.4175850585 0.028, -83.8396810723 38.4183466155 0.102, -83.8400430789 38.4186559397 0.132, -83.8402926062 38.4188873725 0.153, -83.8405196192 38.4190852091 0.171, -83.840754082 38.4192784964 0.19, -83.8414228839 38.4198058875 0.242, -83.8415936064 38.4199533781 0.256, -83.8417592518 38.4201082018 0.27, -83.8419170427 38.4202697663 0.284, -83.8420688227 38.4204342544 0.298, -83.8432705501 38.4217892274 0.413, -83.8436143112 38.4221570232 0.445, -83.8439815794 38.4225205271 0.477, -83.8442897108 38.422808647 0.503, -83.8445292092 38.4230105218 0.523, -83.844697425 38.4231340719 0.535, -83.8448721513 38.4232489372 0.548, -83.8450575466 38.4233562843 0.56, -83.8453539491 38.4235046882 0.579, -83.8455645939 38.4235943127 0.593, -83.845673158 38.4236353308 0.599, -83.8458985108 38.4237098102 0.613, -83.846128694 38.4237731052 0.626, -83.8463608205 38.4238287404 0.639, -83.8485396851 38.4243034121 0.763, -83.8512552924 38.4248824906 0.916, -83.8521867656 38.4250860853 0.968, -83.8543086595 38.4255388641 1.088, -83.8571790789 38.4261565337 1.249, -83.8582190332 38.4263788395 1.308, -83.860000396 38.4267574204 1.408, -83.8602905349 38.4268117554 1.424, -83.8605521585 38.4268480578 1.438, -83.8607426678 38.4268664721 1.449, -83.8613405803 38.4269004388 1.481, -83.8616899498 38.4269189092 1.5, -83.8619422618 38.4269372079 1.514, -83.86221495 38.4269506113 1.529, -83.8625568614 38.4269604468 1.547, -83.8628678414 38.4269783037 1.564, -83.8631478615 38.4270052805 1.58, -83.8633813032 38.427037832 1.593, -83.863629141 38.4270807738 1.606, -83.8638049624 38.4271137817 1.616, -83.863996603 38.4271561049 1.627, -83.865542545 38.4275401962 1.715, -83.865917207 38.4276208535 1.736, -83.8661025449 38.427650438 1.746, -83.8662877651 38.4276709571 1.756, -83.8666559982 38.4277028974 1.777, -83.8670491511 38.4277297377 1.798, -83.8672134279 38.4277364651 1.807, -83.8678046339 38.4277463964 1.839, -83.8680056456 38.4277638683 1.85, -83.8682044761 38.427798333 1.861, -83.8683994013 38.4278489404 1.872, -83.8685909469 38.4279088313 1.883, -83.8707271646 38.4285999389 2.008, -83.871163748 38.4287444559 2.034, -83.8713563284 38.4288186416 2.045, -83.8715398681 38.4289050425 2.057, -83.8716272945 38.4289542162 2.063, -83.8717143312 38.4290050319 2.068, -83.871797388 38.4290612781 2.074, -83.871958746 38.4291822082 2.086, -83.8720367056 38.4292466126 2.092, -83.8725060052 38.429668492 2.131, -83.8726816109 38.4298058508 2.144, -83.872776311 38.4298710692 2.151, -83.8728717577 38.4299343764 2.158, -83.8730783195 38.4300491539 2.172, -83.8732996053 38.4301479595 2.185, -83.8735130907 38.4302241197 2.198, -83.8737755518 38.4302966595 2.213, -83.8740264221 38.4303445724 2.227, -83.8742818322 38.4303788228 2.241, -83.8745395181 38.4304059677 2.255, -83.8755012882 38.4304947763 2.307, -83.876728991 38.4306160663 2.374, -83.8775285059 38.4306871906 2.417, -83.8781462119 38.4307268763 2.451, -83.8788964227 38.430746128 2.491, -83.8810796426 38.4307637911 2.609, -83.8815873537 38.4307627258 2.636, -83.8819276386 38.4307549012 2.655, -83.8821824894 38.4307427101 2.669, -83.882689824 38.430701535 2.696, -83.8841523852 38.4305262503 2.776, -83.8846119914 38.4304807452 2.801, -83.8848452988 38.430464364 2.814, -83.8851309036 38.4304510019 2.829, -83.8867184017 38.4304015177 2.915, -83.887385983 38.4303883825 2.951, -83.8876017694 38.4303881995 2.963, -83.8880210373 38.430404944 2.986, -83.8883214767 38.4304398709 3.002, -83.8884619325 38.4304637726 3.01, -83.8887101955 38.4305184786 3.025, -83.8889895597 38.4305997642 3.041, -83.8891680897 38.4306643623 3.052, -83.8893408474 38.4307362836 3.064, -83.889594465 38.4308553409 3.08, -83.890356495 38.4312350479 3.131, -83.8919969649 38.4320314247 3.24, -83.8924627766 38.4322375674 3.27, -83.8927005892 38.4323330242 3.285, -83.8929406504 38.432422474 3.3, -83.8931826172 38.4325056353 3.315, -83.8935072235 38.4326071183 3.335, -83.8943963923 38.4328624489 3.388, -83.8958466654 38.4332570031 3.475, -83.896440358 38.4334052543 3.51, -83.8970137797 38.4335405526 3.544, -83.8986943397 38.4339290555 3.643, -83.8991978815 38.4340525405 3.673, -83.8998489752 38.4342236418 3.712, -83.9010049127 38.4345500967 3.781, -83.902877569 38.4351049501 3.894, -83.903280238 38.4352273964 3.917, -83.9035608565 38.43532954 3.934, -83.9036517297 38.4353677572 3.939, -83.9038265972 38.4354539729 3.95, -83.9039924009 38.435553504 3.962, -83.9041488253 38.4356649744 3.973, -83.9042928128 38.4357850399 3.984, -83.904423721 38.4359114925 3.995, -83.904538797 38.4360426429 4.006, -83.9045898261 38.436110177 4.012, -83.9046401155 38.4361793468 4.017, -83.904703819 38.4362844307 4.025, -83.9047938218 38.4364684726 4.039, -83.9048545174 38.43662377 4.05, -83.9055197309 38.4384575151 4.18, -83.905686935 38.438890766 4.211, -83.9057695121 38.4390648039 4.224, -83.9058674978 38.4392371592 4.237, -83.9059229754 38.4393223393 4.244, -83.9059802333 38.4394061738 4.25, -83.9061070149 38.4395721102 4.263, -83.9062464673 38.4397341236 4.277, -83.9063950789 38.4398929831 4.29, -83.9069235228 38.4404175348 4.336, -83.9085942298 38.4420419377 4.48, -83.9092408859 38.4426581234 4.534, -83.9098027821 38.4432150396 4.583, -83.9099588507 38.4433556081 4.596, -83.9101283862 38.4434884213 4.609, -83.9103121806 38.4436096451 4.622, -83.9105070864 38.4437195053 4.635, -83.9110042518 38.4439754954 4.667, -83.9123693413 38.4446599236 4.754, -83.9126625978 38.44481717 4.773, -83.9128474351 38.4449249481 4.785, -83.9132173896 38.4451572609 4.811, -83.9136771202 38.4454585264 4.843, -83.9139596141 38.4456274123 4.862, -83.9142456962 38.4457785016 4.88, -83.915434287 38.4463730978 4.955, -83.9156948979 38.446523515 4.973, -83.9157787552 38.4465778191 4.978, -83.9159386022 38.4466937191 4.99, -83.9160898647 38.446817727 5.002, -83.9162339755 38.4469484901 5.014, -83.917640591 38.4483517018 5.135, -83.917779053 38.4484851213 5.147, -83.9179250592 38.4486101435 5.158, -83.9180811221 38.4487240603 5.17, -83.918245147 38.4488268391 5.181, -83.9183295347 38.4488740084 5.187, -83.9185828784 38.4490083766 5.203, -83.9190802642 38.4492580181 5.234, -83.9192391233 38.449343962 5.245, -83.9193894061 38.4494377388 5.255, -83.9195306528 38.4495437342 5.265, -83.9195980045 38.4496019003 5.271, -83.9197987246 38.449787912 5.287, -83.9202129605 38.4502070962 5.323, -83.9215178453 38.4515776548 5.44, -83.9218032439 38.4518698831 5.465, -83.9219506743 38.4520083794 5.477, -83.9221031981 38.4521387149 5.489, -83.9222657508 38.4522590432 5.501, -83.9224365874 38.4523693363 5.513, -83.9226167416 38.4524701595 5.525, -83.9228054801 38.4525628757 5.537, -83.9231942183 38.4527309039 5.561, -83.9242235125 38.4531375686 5.622, -83.9276611108 38.4545251963 5.829, -83.9291348365 38.4551105704 5.917, -83.9293589785 38.4552128825 5.931, -83.9294939559 38.4552910305 5.94, -83.9296115591 38.4553796231 5.949, -83.929707902 38.4554805234 5.957, -83.9297826946 38.4555912545 5.966, -83.9298352594 38.4557109831 5.974, -83.9298670275 38.4558383572 5.983, -83.9298815516 38.4559709598 5.992, -83.9298807799 38.4562554817 6.012, -83.9298715361 38.4566140288 6.036, -83.9298624502 38.4569239659 6.057, -83.9298394322 38.4577110243 6.111, -83.9298500383 38.4579311789 6.126, -83.9298789475 38.4580752624 6.136, -83.9299289636 38.4582133526 6.146, -83.9299972856 38.4583456818 6.155, -83.9300780733 38.4584683148 6.165, -83.9306062701 38.4591698966 6.221, -83.9307710777 38.4594040998 6.239)"
"District 09","Fleming","09-08815.00","KY","165","KY-165","MINOR WIDENING(O)","0.0","6.239","UPGRADE, WIDEN, AND PROVIDE SPOT IMPROVEMENTS ON KY-165 TO IMPROVE SAFETY FROM KY-32 TO US-68. (14CCN)  (2024CCN)","","2014","2026","C","SPP","40600000","2032","","","","035-KY-0165-000","LINESTRING Z (-83.8384686882 38.4172446635 0, -83.838494982 38.4173074333 0.005, -83.8385482793 38.4173923369 0.011, -83.8386550198 38.4175162798 0.022, -83.8387303811 38.4175850585 0.028, -83.8396810723 38.4183466155 0.102, -83.8400430789 38.4186559397 0.132, -83.8402926062 38.4188873725 0.153, -83.8405196192 38.4190852091 0.171, -83.840754082 38.4192784964 0.19, -83.8414228839 38.4198058875 0.242, -83.8415936064 38.4199533781 0.256, -83.8417592518 38.4201082018 0.27, -83.8419170427 38.4202697663 0.284, -83.8420688227 38.4204342544 0.298, -83.8432705501 38.4217892274 0.413, -83.8436143112 38.4221570232 0.445, -83.8439815794 38.4225205271 0.477, -83.8442897108 38.422808647 0.503, -83.8445292092 38.4230105218 0.523, -83.844697425 38.4231340719 0.535, -83.8448721513 38.4232489372 0.548, -83.8450575466 38.4233562843 0.56, -83.8453539491 38.4235046882 0.579, -83.8455645939 38.4235943127 0.593, -83.845673158 38.4236353308 0.599, -83.8458985108 38.4237098102 0.613, -83.846128694 38.4237731052 0.626, -83.8463608205 38.4238287404 0.639, -83.8485396851 38.4243034121 0.763, -83.8512552924 38.4248824906 0.916, -83.8521867656 38.4250860853 0.968, -83.8543086595 38.4255388641 1.088, -83.8571790789 38.4261565337 1.249, -83.8582190332 38.4263788395 1.308, -83.860000396 38.4267574204 1.408, -83.8602905349 38.4268117554 1.424, -83.8605521585 38.4268480578 1.438, -83.8607426678 38.4268664721 1.449, -83.8613405803 38.4269004388 1.481, -83.8616899498 38.4269189092 1.5, -83.8619422618 38.4269372079 1.514, -83.86221495 38.4269506113 1.529, -83.8625568614 38.4269604468 1.547, -83.8628678414 38.4269783037 1.564, -83.8631478615 38.4270052805 1.58, -83.8633813032 38.427037832 1.593, -83.863629141 38.4270807738 1.606, -83.8638049624 38.4271137817 1.616, -83.863996603 38.4271561049 1.627, -83.865542545 38.4275401962 1.715, -83.865917207 38.4276208535 1.736, -83.8661025449 38.427650438 1.746, -83.8662877651 38.4276709571 1.756, -83.8666559982 38.4277028974 1.777, -83.8670491511 38.4277297377 1.798, -83.8672134279 38.4277364651 1.807, -83.8678046339 38.4277463964 1.839, -83.8680056456 38.4277638683 1.85, -83.8682044761 38.427798333 1.861, -83.8683994013 38.4278489404 1.872, -83.8685909469 38.4279088313 1.883, -83.8707271646 38.4285999389 2.008, -83.871163748 38.4287444559 2.034, -83.8713563284 38.4288186416 2.045, -83.8715398681 38.4289050425 2.057, -83.8716272945 38.4289542162 2.063, -83.8717143312 38.4290050319 2.068, -83.871797388 38.4290612781 2.074, -83.871958746 38.4291822082 2.086, -83.8720367056 38.4292466126 2.092, -83.8725060052 38.429668492 2.131, -83.8726816109 38.4298058508 2.144, -83.872776311 38.4298710692 2.151, -83.8728717577 38.4299343764 2.158, -83.8730783195 38.4300491539 2.172, -83.8732996053 38.4301479595 2.185, -83.8735130907 38.4302241197 2.198, -83.8737755518 38.4302966595 2.213, -83.8740264221 38.4303445724 2.227, -83.8742818322 38.4303788228 2.241, -83.8745395181 38.4304059677 2.255, -83.8755012882 38.4304947763 2.307, -83.876728991 38.4306160663 2.374, -83.8775285059 38.4306871906 2.417, -83.8781462119 38.4307268763 2.451, -83.8788964227 38.430746128 2.491, -83.8810796426 38.4307637911 2.609, -83.8815873537 38.4307627258 2.636, -83.8819276386 38.4307549012 2.655, -83.8821824894 38.4307427101 2.669, -83.882689824 38.430701535 2.696, -83.8841523852 38.4305262503 2.776, -83.8846119914 38.4304807452 2.801, -83.8848452988 38.430464364 2.814, -83.8851309036 38.4304510019 2.829, -83.8867184017 38.4304015177 2.915, -83.887385983 38.4303883825 2.951, -83.8876017694 38.4303881995 2.963, -83.8880210373 38.430404944 2.986, -83.8883214767 38.4304398709 3.002, -83.8884619325 38.4304637726 3.01, -83.8887101955 38.4305184786 3.025, -83.8889895597 38.4305997642 3.041, -83.8891680897 38.4306643623 3.052, -83.8893408474 38.4307362836 3.064, -83.889594465 38.4308553409 3.08, -83.890356495 38.4312350479 3.131, -83.8919969649 38.4320314247 3.24, -83.8924627766 38.4322375674 3.27, -83.8927005892 38.4323330242 3.285, -83.8929406504 38.432422474 3.3, -83.8931826172 38.4325056353 3.315, -83.8935072235 38.4326071183 3.335, -83.8943963923 38.4328624489 3.388, -83.8958466654 38.4332570031 3.475, -83.896440358 38.4334052543 3.51, -83.8970137797 38.4335405526 3.544, -83.8986943397 38.4339290555 3.643, -83.8991978815 38.4340525405 3.673, -83.8998489752 38.4342236418 3.712, -83.9010049127 38.4345500967 3.781, -83.902877569 38.4351049501 3.894, -83.903280238 38.4352273964 3.917, -83.9035608565 38.43532954 3.934, -83.9036517297 38.4353677572 3.939, -83.9038265972 38.4354539729 3.95, -83.9039924009 38.435553504 3.962, -83.9041488253 38.4356649744 3.973, -83.9042928128 38.4357850399 3.984, -83.904423721 38.4359114925 3.995, -83.904538797 38.4360426429 4.006, -83.9045898261 38.436110177 4.012, -83.9046401155 38.4361793468 4.017, -83.904703819 38.4362844307 4.025, -83.9047938218 38.4364684726 4.039, -83.9048545174 38.43662377 4.05, -83.9055197309 38.4384575151 4.18, -83.905686935 38.438890766 4.211, -83.9057695121 38.4390648039 4.224, -83.9058674978 38.4392371592 4.237, -83.9059229754 38.4393223393 4.244, -83.9059802333 38.4394061738 4.25, -83.9061070149 38.4395721102 4.263, -83.9062464673 38.4397341236 4.277, -83.9063950789 38.4398929831 4.29, -83.9069235228 38.4404175348 4.336, -83.9085942298 38.4420419377 4.48, -83.9092408859 38.4426581234 4.534, -83.9098027821 38.4432150396 4.583, -83.9099588507 38.4433556081 4.596, -83.9101283862 38.4434884213 4.609, -83.9103121806 38.4436096451 4.622, -83.9105070864 38.4437195053 4.635, -83.9110042518 38.4439754954 4.667, -83.9123693413 38.4446599236 4.754, -83.9126625978 38.44481717 4.773, -83.9128474351 38.4449249481 4.785, -83.9132173896 38.4451572609 4.811, -83.9136771202 38.4454585264 4.843, -83.9139596141 38.4456274123 4.862, -83.9142456962 38.4457785016 4.88, -83.915434287 38.4463730978 4.955, -83.9156948979 38.446523515 4.973, -83.9157787552 38.4465778191 4.978, -83.9159386022 38.4466937191 4.99, -83.9160898647 38.446817727 5.002, -83.9162339755 38.4469484901 5.014, -83.917640591 38.4483517018 5.135, -83.917779053 38.4484851213 5.147, -83.9179250592 38.4486101435 5.158, -83.9180811221 38.4487240603 5.17, -83.918245147 38.4488268391 5.181, -83.9183295347 38.4488740084 5.187, -83.9185828784 38.4490083766 5.203, -83.9190802642 38.4492580181 5.234, -83.9192391233 38.449343962 5.245, -83.9193894061 38.4494377388 5.255, -83.9195306528 38.4495437342 5.265, -83.9195980045 38.4496019003 5.271, -83.9197987246 38.449787912 5.287, -83.9202129605 38.4502070962 5.323, -83.9215178453 38.4515776548 5.44, -83.9218032439 38.4518698831 5.465, -83.9219506743 38.4520083794 5.477, -83.9221031981 38.4521387149 5.489, -83.9222657508 38.4522590432 5.501, -83.9224365874 38.4523693363 5.513, -83.9226167416 38.4524701595 5.525, -83.9228054801 38.4525628757 5.537, -83.9231942183 38.4527309039 5.561, -83.9242235125 38.4531375686 5.622, -83.9276611108 38.4545251963 5.829, -83.9291348365 38.4551105704 5.917, -83.9293589785 38.4552128825 5.931, -83.9294939559 38.4552910305 5.94, -83.9296115591 38.4553796231 5.949, -83.929707902 38.4554805234 5.957, -83.9297826946 38.4555912545 5.966, -83.9298352594 38.4557109831 5.974, -83.9298670275 38.4558383572 5.983, -83.9298815516 38.4559709598 5.992, -83.9298807799 38.4562554817 6.012, -83.9298715361 38.4566140288 6.036, -83.9298624502 38.4569239659 6.057, -83.9298394322 38.4577110243 6.111, -83.9298500383 38.4579311789 6.126, -83.9298789475 38.4580752624 6.136, -83.9299289636 38.4582133526 6.146, -83.9299972856 38.4583456818 6.155, -83.9300780733 38.4584683148 6.165, -83.9306062701 38.4591698966 6.221, -83.9307710777 38.4594040998 6.239)"
"District 09","Fleming","09-08815.00","KY","165","KY-165","MINOR WIDENING(O)","0.0","6.239","UPGRADE, WIDEN, AND PROVIDE SPOT IMPROVEMENTS ON KY-165 TO IMPROVE SAFETY FROM KY-32 TO US-68. (14CCN)  (2024CCN)","","2014","2026","U","SPP","4320000","2031","","","","035-KY-0165-000","LINESTRING Z (-83.8384686882 38.4172446635 0, -83.838494982 38.4173074333 0.005, -83.8385482793 38.4173923369 0.011, -83.8386550198 38.4175162798 0.022, -83.8387303811 38.4175850585 0.028, -83.8396810723 38.4183466155 0.102, -83.8400430789 38.4186559397 0.132, -83.8402926062 38.4188873725 0.153, -83.8405196192 38.4190852091 0.171, -83.840754082 38.4192784964 0.19, -83.8414228839 38.4198058875 0.242, -83.8415936064 38.4199533781 0.256, -83.8417592518 38.4201082018 0.27, -83.8419170427 38.4202697663 0.284, -83.8420688227 38.4204342544 0.298, -83.8432705501 38.4217892274 0.413, -83.8436143112 38.4221570232 0.445, -83.8439815794 38.4225205271 0.477, -83.8442897108 38.422808647 0.503, -83.8445292092 38.4230105218 0.523, -83.844697425 38.4231340719 0.535, -83.8448721513 38.4232489372 0.548, -83.8450575466 38.4233562843 0.56, -83.8453539491 38.4235046882 0.579, -83.8455645939 38.4235943127 0.593, -83.845673158 38.4236353308 0.599, -83.8458985108 38.4237098102 0.613, -83.846128694 38.4237731052 0.626, -83.8463608205 38.4238287404 0.639, -83.8485396851 38.4243034121 0.763, -83.8512552924 38.4248824906 0.916, -83.8521867656 38.4250860853 0.968, -83.8543086595 38.4255388641 1.088, -83.8571790789 38.4261565337 1.249, -83.8582190332 38.4263788395 1.308, -83.860000396 38.4267574204 1.408, -83.8602905349 38.4268117554 1.424, -83.8605521585 38.4268480578 1.438, -83.8607426678 38.4268664721 1.449, -83.8613405803 38.4269004388 1.481, -83.8616899498 38.4269189092 1.5, -83.8619422618 38.4269372079 1.514, -83.86221495 38.4269506113 1.529, -83.8625568614 38.4269604468 1.547, -83.8628678414 38.4269783037 1.564, -83.8631478615 38.4270052805 1.58, -83.8633813032 38.427037832 1.593, -83.863629141 38.4270807738 1.606, -83.8638049624 38.4271137817 1.616, -83.863996603 38.4271561049 1.627, -83.865542545 38.4275401962 1.715, -83.865917207 38.4276208535 1.736, -83.8661025449 38.427650438 1.746, -83.8662877651 38.4276709571 1.756, -83.8666559982 38.4277028974 1.777, -83.8670491511 38.4277297377 1.798, -83.8672134279 38.4277364651 1.807, -83.8678046339 38.4277463964 1.839, -83.8680056456 38.4277638683 1.85, -83.8682044761 38.427798333 1.861, -83.8683994013 38.4278489404 1.872, -83.8685909469 38.4279088313 1.883, -83.8707271646 38.4285999389 2.008, -83.871163748 38.4287444559 2.034, -83.8713563284 38.4288186416 2.045, -83.8715398681 38.4289050425 2.057, -83.8716272945 38.4289542162 2.063, -83.8717143312 38.4290050319 2.068, -83.871797388 38.4290612781 2.074, -83.871958746 38.4291822082 2.086, -83.8720367056 38.4292466126 2.092, -83.8725060052 38.429668492 2.131, -83.8726816109 38.4298058508 2.144, -83.872776311 38.4298710692 2.151, -83.8728717577 38.4299343764 2.158, -83.8730783195 38.4300491539 2.172, -83.8732996053 38.4301479595 2.185, -83.8735130907 38.4302241197 2.198, -83.8737755518 38.4302966595 2.213, -83.8740264221 38.4303445724 2.227, -83.8742818322 38.4303788228 2.241, -83.8745395181 38.4304059677 2.255, -83.8755012882 38.4304947763 2.307, -83.876728991 38.4306160663 2.374, -83.8775285059 38.4306871906 2.417, -83.8781462119 38.4307268763 2.451, -83.8788964227 38.430746128 2.491, -83.8810796426 38.4307637911 2.609, -83.8815873537 38.4307627258 2.636, -83.8819276386 38.4307549012 2.655, -83.8821824894 38.4307427101 2.669, -83.882689824 38.430701535 2.696, -83.8841523852 38.4305262503 2.776, -83.8846119914 38.4304807452 2.801, -83.8848452988 38.430464364 2.814, -83.8851309036 38.4304510019 2.829, -83.8867184017 38.4304015177 2.915, -83.887385983 38.4303883825 2.951, -83.8876017694 38.4303881995 2.963, -83.8880210373 38.430404944 2.986, -83.8883214767 38.4304398709 3.002, -83.8884619325 38.4304637726 3.01, -83.8887101955 38.4305184786 3.025, -83.8889895597 38.4305997642 3.041, -83.8891680897 38.4306643623 3.052, -83.8893408474 38.4307362836 3.064, -83.889594465 38.4308553409 3.08, -83.890356495 38.4312350479 3.131, -83.8919969649 38.4320314247 3.24, -83.8924627766 38.4322375674 3.27, -83.8927005892 38.4323330242 3.285, -83.8929406504 38.432422474 3.3, -83.8931826172 38.4325056353 3.315, -83.8935072235 38.4326071183 3.335, -83.8943963923 38.4328624489 3.388, -83.8958466654 38.4332570031 3.475, -83.896440358 38.4334052543 3.51, -83.8970137797 38.4335405526 3.544, -83.8986943397 38.4339290555 3.643, -83.8991978815 38.4340525405 3.673, -83.8998489752 38.4342236418 3.712, -83.9010049127 38.4345500967 3.781, -83.902877569 38.4351049501 3.894, -83.903280238 38.4352273964 3.917, -83.9035608565 38.43532954 3.934, -83.9036517297 38.4353677572 3.939, -83.9038265972 38.4354539729 3.95, -83.9039924009 38.435553504 3.962, -83.9041488253 38.4356649744 3.973, -83.9042928128 38.4357850399 3.984, -83.904423721 38.4359114925 3.995, -83.904538797 38.4360426429 4.006, -83.9045898261 38.436110177 4.012, -83.9046401155 38.4361793468 4.017, -83.904703819 38.4362844307 4.025, -83.9047938218 38.4364684726 4.039, -83.9048545174 38.43662377 4.05, -83.9055197309 38.4384575151 4.18, -83.905686935 38.438890766 4.211, -83.9057695121 38.4390648039 4.224, -83.9058674978 38.4392371592 4.237, -83.9059229754 38.4393223393 4.244, -83.9059802333 38.4394061738 4.25, -83.9061070149 38.4395721102 4.263, -83.9062464673 38.4397341236 4.277, -83.9063950789 38.4398929831 4.29, -83.9069235228 38.4404175348 4.336, -83.9085942298 38.4420419377 4.48, -83.9092408859 38.4426581234 4.534, -83.9098027821 38.4432150396 4.583, -83.9099588507 38.4433556081 4.596, -83.9101283862 38.4434884213 4.609, -83.9103121806 38.4436096451 4.622, -83.9105070864 38.4437195053 4.635, -83.9110042518 38.4439754954 4.667, -83.9123693413 38.4446599236 4.754, -83.9126625978 38.44481717 4.773, -83.9128474351 38.4449249481 4.785, -83.9132173896 38.4451572609 4.811, -83.9136771202 38.4454585264 4.843, -83.9139596141 38.4456274123 4.862, -83.9142456962 38.4457785016 4.88, -83.915434287 38.4463730978 4.955, -83.9156948979 38.446523515 4.973, -83.9157787552 38.4465778191 4.978, -83.9159386022 38.4466937191 4.99, -83.9160898647 38.446817727 5.002, -83.9162339755 38.4469484901 5.014, -83.917640591 38.4483517018 5.135, -83.917779053 38.4484851213 5.147, -83.9179250592 38.4486101435 5.158, -83.9180811221 38.4487240603 5.17, -83.918245147 38.4488268391 5.181, -83.9183295347 38.4488740084 5.187, -83.9185828784 38.4490083766 5.203, -83.9190802642 38.4492580181 5.234, -83.9192391233 38.449343962 5.245, -83.9193894061 38.4494377388 5.255, -83.9195306528 38.4495437342 5.265, -83.9195980045 38.4496019003 5.271, -83.9197987246 38.449787912 5.287, -83.9202129605 38.4502070962 5.323, -83.9215178453 38.4515776548 5.44, -83.9218032439 38.4518698831 5.465, -83.9219506743 38.4520083794 5.477, -83.9221031981 38.4521387149 5.489, -83.9222657508 38.4522590432 5.501, -83.9224365874 38.4523693363 5.513, -83.9226167416 38.4524701595 5.525, -83.9228054801 38.4525628757 5.537, -83.9231942183 38.4527309039 5.561, -83.9242235125 38.4531375686 5.622, -83.9276611108 38.4545251963 5.829, -83.9291348365 38.4551105704 5.917, -83.9293589785 38.4552128825 5.931, -83.9294939559 38.4552910305 5.94, -83.9296115591 38.4553796231 5.949, -83.929707902 38.4554805234 5.957, -83.9297826946 38.4555912545 5.966, -83.9298352594 38.4557109831 5.974, -83.9298670275 38.4558383572 5.983, -83.9298815516 38.4559709598 5.992, -83.9298807799 38.4562554817 6.012, -83.9298715361 38.4566140288 6.036, -83.9298624502 38.4569239659 6.057, -83.9298394322 38.4577110243 6.111, -83.9298500383 38.4579311789 6.126, -83.9298789475 38.4580752624 6.136, -83.9299289636 38.4582133526 6.146, -83.9299972856 38.4583456818 6.155, -83.9300780733 38.4584683148 6.165, -83.9306062701 38.4591698966 6.221, -83.9307710777 38.4594040998 6.239)"
"District 09","Fleming","09-08901.00","KY","11","KY-11","SAFETY(P)","13.038","13.6","CONSTRUCT LEFT TURN LANES ON KY 11 AT ROSS DRIVE, TAYLOR MILL AND THE INDUSTRIAL PARK ROAD. (16CCN) (2024CCN)","","2016","2026","D","SPP","810000","2029","","","","035-KY-0011-000","LINESTRING Z (-83.7425185795 38.4400950941 13.038, -83.7425373417 38.4404304965 13.061, -83.7425990406 38.4412772169 13.121, -83.7426256139 38.4413526491 13.126, -83.7426537889 38.4422504377 13.187, -83.7427071607 38.4436059607 13.28, -83.7427222637 38.4437943576 13.293, -83.7427444896 38.4439776572 13.305, -83.7427911882 38.4442366266 13.323, -83.7428594181 38.4445000807 13.341, -83.7429247211 38.4446917984 13.354, -83.7429603676 38.4447802929 13.361, -83.7430810655 38.4450407885 13.379, -83.7431762552 38.4452124121 13.392, -83.7432815995 38.4453831098 13.405, -83.7433977801 38.445553441 13.418, -83.743548317 38.4457573111 13.434, -83.7438264875 38.4461215436 13.463, -83.745139513 38.4478033724 13.6)"
"District 09","Fleming","09-08901.00","KY","11","KY-11","SAFETY(P)","13.038","13.6","CONSTRUCT LEFT TURN LANES ON KY 11 AT ROSS DRIVE, TAYLOR MILL AND THE INDUSTRIAL PARK ROAD. (16CCN) (2024CCN)","","2016","2026","R","SPP","1440000","2030","","","","035-KY-0011-000","LINESTRING Z (-83.7425185795 38.4400950941 13.038, -83.7425373417 38.4404304965 13.061, -83.7425990406 38.4412772169 13.121, -83.7426256139 38.4413526491 13.126, -83.7426537889 38.4422504377 13.187, -83.7427071607 38.4436059607 13.28, -83.7427222637 38.4437943576 13.293, -83.7427444896 38.4439776572 13.305, -83.7427911882 38.4442366266 13.323, -83.7428594181 38.4445000807 13.341, -83.7429247211 38.4446917984 13.354, -83.7429603676 38.4447802929 13.361, -83.7430810655 38.4450407885 13.379, -83.7431762552 38.4452124121 13.392, -83.7432815995 38.4453831098 13.405, -83.7433977801 38.445553441 13.418, -83.743548317 38.4457573111 13.434, -83.7438264875 38.4461215436 13.463, -83.745139513 38.4478033724 13.6)"
"District 09","Fleming","09-08901.00","KY","11","KY-11","SAFETY(P)","13.038","13.6","CONSTRUCT LEFT TURN LANES ON KY 11 AT ROSS DRIVE, TAYLOR MILL AND THE INDUSTRIAL PARK ROAD. (16CCN) (2024CCN)","","2016","2026","C","SPP","2400000","2032","","","","035-KY-0011-000","LINESTRING Z (-83.7425185795 38.4400950941 13.038, -83.7425373417 38.4404304965 13.061, -83.7425990406 38.4412772169 13.121, -83.7426256139 38.4413526491 13.126, -83.7426537889 38.4422504377 13.187, -83.7427071607 38.4436059607 13.28, -83.7427222637 38.4437943576 13.293, -83.7427444896 38.4439776572 13.305, -83.7427911882 38.4442366266 13.323, -83.7428594181 38.4445000807 13.341, -83.7429247211 38.4446917984 13.354, -83.7429603676 38.4447802929 13.361, -83.7430810655 38.4450407885 13.379, -83.7431762552 38.4452124121 13.392, -83.7432815995 38.4453831098 13.405, -83.7433977801 38.445553441 13.418, -83.743548317 38.4457573111 13.434, -83.7438264875 38.4461215436 13.463, -83.745139513 38.4478033724 13.6)"
"District 09","Fleming","09-08901.00","KY","11","KY-11","SAFETY(P)","13.038","13.6","CONSTRUCT LEFT TURN LANES ON KY 11 AT ROSS DRIVE, TAYLOR MILL AND THE INDUSTRIAL PARK ROAD. (16CCN) (2024CCN)","","2016","2026","U","SPP","1510000","2031","","","","035-KY-0011-000","LINESTRING Z (-83.7425185795 38.4400950941 13.038, -83.7425373417 38.4404304965 13.061, -83.7425990406 38.4412772169 13.121, -83.7426256139 38.4413526491 13.126, -83.7426537889 38.4422504377 13.187, -83.7427071607 38.4436059607 13.28, -83.7427222637 38.4437943576 13.293, -83.7427444896 38.4439776572 13.305, -83.7427911882 38.4442366266 13.323, -83.7428594181 38.4445000807 13.341, -83.7429247211 38.4446917984 13.354, -83.7429603676 38.4447802929 13.361, -83.7430810655 38.4450407885 13.379, -83.7431762552 38.4452124121 13.392, -83.7432815995 38.4453831098 13.405, -83.7433977801 38.445553441 13.418, -83.743548317 38.4457573111 13.434, -83.7438264875 38.4461215436 13.463, -83.745139513 38.4478033724 13.6)"
"District 09","Fleming","09-08903.00","KY","32","KY-32","SAFETY","12.898","17.452","SAFETY IMPROVEMENTS AND PAVEMENT REHAB EAST OF FLEMINGSBURG BYPASS TO KY 156. (2020CCN) (2022CCR) (2024CCR)","","2016","2026","C","SPP","16200000","2029","","","","035-KY-0032-000","LINESTRING Z (-83.7057360585 38.3960736341 12.898, -83.7044329218 38.3963590592 12.971, -83.7027369011 38.3967404119 13.066, -83.7012585384 38.397063152 13.149, -83.7002845552 38.39727127 13.203, -83.6998599626 38.3973529205 13.227, -83.6994864085 38.3974066124 13.247, -83.6992205385 38.3974286569 13.261, -83.6990102235 38.3974360056 13.273, -83.6986949079 38.3974289025 13.29, -83.6984358391 38.3974073912 13.304, -83.6981799204 38.3973730235 13.318, -83.6979289516 38.3973239098 13.332, -83.6976839799 38.3972600668 13.346, -83.6973993404 38.3971669715 13.362, -83.6971719196 38.3970745915 13.376, -83.6969962405 38.3969916217 13.387, -83.6967830933 38.3968755925 13.401, -83.6965783087 38.3967476217 13.415, -83.6964584467 38.3966656178 13.424, -83.6962642094 38.3965224487 13.438, -83.6956461501 38.39604673 13.485, -83.6932690627 38.3941885963 13.665, -83.692746574 38.3937785173 13.705, -83.6926029538 38.3936603903 13.716, -83.6921623792 38.3933289112 13.749, -83.692025114 38.393233142 13.758, -83.6918019189 38.3930902859 13.773, -83.6915683155 38.3929576857 13.788, -83.6913783708 38.392861276 13.8, -83.6910747325 38.3927247121 13.819, -83.6908630873 38.3926430311 13.832, -83.6905263471 38.3925295121 13.853, -83.6902756759 38.3924581391 13.868, -83.6898554236 38.3923607457 13.892, -83.6860589768 38.3915932129 14.108, -83.6849695287 38.3913784042 14.169, -83.6844117547 38.3912821665 14.201, -83.6838419381 38.3912046686 14.232, -83.6821079101 38.3910148535 14.328, -83.6815320376 38.3909419087 14.36, -83.6809554658 38.3908565888 14.392, -83.6802373062 38.3907306148 14.432, -83.6774236849 38.390188979 14.59, -83.6765835998 38.3900185534 14.638, -83.671138323 38.3888118822 14.947, -83.6705568869 38.3886775345 14.98, -83.6700110694 38.3885424364 15.012, -83.6697416189 38.3884698649 15.028, -83.6692085335 38.3883165822 15.059, -83.6686844508 38.3881535679 15.09, -83.6679195593 38.3878926599 15.136, -83.6658752873 38.3871659447 15.26, -83.6646679796 38.3867431472 15.333, -83.6640145798 38.3865141124 15.372, -83.663471402 38.3863361813 15.404, -83.6630600312 38.3862111062 15.428, -83.6626453198 38.3860931133 15.452, -83.6620894781 38.3859435175 15.484, -83.6564223219 38.3844592298 15.811, -83.6557394605 38.3842859363 15.85, -83.655464914 38.3842217569 15.865, -83.6552227619 38.3841718825 15.879, -83.6549085225 38.3841168887 15.896, -83.6546265978 38.3840789452 15.912, -83.65434337 38.3840500419 15.927, -83.6535532413 38.3839918486 15.97, -83.6531954445 38.3839591528 15.989, -83.652907918 38.3839219299 16.005, -83.6526217123 38.3838751161 16.021, -83.6523385722 38.3838187436 16.037, -83.65219924 38.3837855143 16.045, -83.6520595819 38.3837514558 16.053, -83.6517840458 38.3836732418 16.069, -83.6515126533 38.3835843885 16.084, -83.6513796893 38.3835358905 16.092, -83.6509845575 38.3833811214 16.116, -83.6506049027 38.3832098699 16.14, -83.6500524906 38.3829418951 16.175, -83.6479772812 38.3819168479 16.307, -83.6464789863 38.3811824417 16.403, -83.6451733139 38.3805341127 16.486, -83.6450105503 38.3804543145 16.497, -83.6439560314 38.3799436467 16.564, -83.6433230604 38.3796514099 16.604, -83.6425644934 38.379322053 16.65, -83.6417805253 38.3790026774 16.698, -83.6409737695 38.3786993705 16.746, -83.6401539447 38.3784139546 16.795, -83.6393362213 38.3781527411 16.843, -83.6381271131 38.377790611 16.913, -83.6377279209 38.3776576987 16.936, -83.6374666227 38.3775588291 16.952, -83.6372111675 38.3774509992 16.967, -83.6369612207 38.3773336534 16.983, -83.636718875 38.3772068291 16.999, -83.6363668562 38.3769989427 17.023, -83.6361401405 38.3768504223 17.039, -83.6359195286 38.376695967 17.054, -83.6332691022 38.3747580937 17.25, -83.6328517997 38.3744432814 17.281, -83.632450225 38.3741155648 17.313, -83.6322565671 38.3739464771 17.328, -83.6318828171 38.3735978305 17.359, -83.6310698643 38.3727991081 17.43, -83.6308013013 38.3725528575 17.452)"
"District 09","Fleming","09-08915.00","KY","801","KY-801","MAJOR WIDENING(O)","0.0","0.912","WIDEN KY 801 FROM NEAR MMRC REGIONAL PARK TO KY 158 IN FLEMING CO. (16CCN)(18CCN) (2020CCR) (2022CCR) (2024CCR) (2026CCR)","","2016","2026","C","STP2","19000000","2027","","","","035-KY-0801-000","LINESTRING Z (-83.5617103233 38.2193197897 0, -83.5616303996 38.2202747827 0.066, -83.5615928302 38.2206366789 0.091, -83.5615138204 38.2212329428 0.132, -83.5614485609 38.2216009185 0.157, -83.5614232482 38.2217144465 0.165, -83.5613392513 38.2220216439 0.187, -83.5612404532 38.2223230735 0.208, -83.5610614074 38.2227820639 0.241, -83.560773749 38.2234508287 0.289, -83.5606473353 38.2237674045 0.311, -83.5604789157 38.2242318087 0.344, -83.5602355346 38.22495688 0.395, -83.559920682 38.2259187829 0.463, -83.5598435335 38.2261827054 0.481, -83.5597883024 38.2264121478 0.497, -83.5597513235 38.2266133596 0.511, -83.5597089656 38.226948521 0.533, -83.5596967955 38.2271117355 0.545, -83.5596912214 38.2274511495 0.568, -83.5597001016 38.2280303603 0.607, -83.5597201754 38.2293451223 0.697, -83.5597460493 38.2305234706 0.777, -83.5597432306 38.2309692393 0.808, -83.559720211 38.2312863547 0.83, -83.5596659112 38.2316482135 0.854, -83.5596303366 38.2318255536 0.867, -83.5594820915 38.2324771188 0.912)"
"District 09","Fleming","09-10083.00","KY","597","KY-597","AM-BRIDGE (P)","5.924","5.932","BRIDGE PROJECT IN FLEMING COUNTY ON (035B00004N) KY-597 AT INDIAN CREEK","035B00004N","2022","2026","D","BRZ","140251","2027","","","","035-KY-0597-000","LINESTRING Z (-83.7003906795 38.5029106811 5.924, -83.7003589092 38.5029254238 5.926, -83.7002654415 38.5029806645 5.932)"
"District 09","Fleming","09-10083.00","KY","597","KY-597","AM-BRIDGE (P)","5.924","5.932","BRIDGE PROJECT IN FLEMING COUNTY ON (035B00004N) KY-597 AT INDIAN CREEK","035B00004N","2022","2026","C","BRZ","935008","2027","","","","035-KY-0597-000","LINESTRING Z (-83.7003906795 38.5029106811 5.924, -83.7003589092 38.5029254238 5.926, -83.7002654415 38.5029806645 5.932)"
"District 09","Fleming","09-22327.00","KY","32","KY-32","AM-PAVEMENT (PRI)(P)","13.0","17.452","ADDRESS CONDITION OF KY-32 FROM MILEPOINT 13 TO MILEPOINT 17.45","","2022","2026","D","STP5","320000","2029","","","","035-KY-0032-000","LINESTRING Z (-83.703915191 38.3964754747 13, -83.7027369011 38.3967404119 13.066, -83.7012585384 38.397063152 13.149, -83.7002845552 38.39727127 13.203, -83.6998599626 38.3973529205 13.227, -83.6994864085 38.3974066124 13.247, -83.6992205385 38.3974286569 13.261, -83.6990102235 38.3974360056 13.273, -83.6986949079 38.3974289025 13.29, -83.6984358391 38.3974073912 13.304, -83.6981799204 38.3973730235 13.318, -83.6979289516 38.3973239098 13.332, -83.6976839799 38.3972600668 13.346, -83.6973993404 38.3971669715 13.362, -83.6971719196 38.3970745915 13.376, -83.6969962405 38.3969916217 13.387, -83.6967830933 38.3968755925 13.401, -83.6965783087 38.3967476217 13.415, -83.6964584467 38.3966656178 13.424, -83.6962642094 38.3965224487 13.438, -83.6956461501 38.39604673 13.485, -83.6932690627 38.3941885963 13.665, -83.692746574 38.3937785173 13.705, -83.6926029538 38.3936603903 13.716, -83.6921623792 38.3933289112 13.749, -83.692025114 38.393233142 13.758, -83.6918019189 38.3930902859 13.773, -83.6915683155 38.3929576857 13.788, -83.6913783708 38.392861276 13.8, -83.6910747325 38.3927247121 13.819, -83.6908630873 38.3926430311 13.832, -83.6905263471 38.3925295121 13.853, -83.6902756759 38.3924581391 13.868, -83.6898554236 38.3923607457 13.892, -83.6860589768 38.3915932129 14.108, -83.6849695287 38.3913784042 14.169, -83.6844117547 38.3912821665 14.201, -83.6838419381 38.3912046686 14.232, -83.6821079101 38.3910148535 14.328, -83.6815320376 38.3909419087 14.36, -83.6809554658 38.3908565888 14.392, -83.6802373062 38.3907306148 14.432, -83.6774236849 38.390188979 14.59, -83.6765835998 38.3900185534 14.638, -83.671138323 38.3888118822 14.947, -83.6705568869 38.3886775345 14.98, -83.6700110694 38.3885424364 15.012, -83.6697416189 38.3884698649 15.028, -83.6692085335 38.3883165822 15.059, -83.6686844508 38.3881535679 15.09, -83.6679195593 38.3878926599 15.136, -83.6658752873 38.3871659447 15.26, -83.6646679796 38.3867431472 15.333, -83.6640145798 38.3865141124 15.372, -83.663471402 38.3863361813 15.404, -83.6630600312 38.3862111062 15.428, -83.6626453198 38.3860931133 15.452, -83.6620894781 38.3859435175 15.484, -83.6564223219 38.3844592298 15.811, -83.6557394605 38.3842859363 15.85, -83.655464914 38.3842217569 15.865, -83.6552227619 38.3841718825 15.879, -83.6549085225 38.3841168887 15.896, -83.6546265978 38.3840789452 15.912, -83.65434337 38.3840500419 15.927, -83.6535532413 38.3839918486 15.97, -83.6531954445 38.3839591528 15.989, -83.652907918 38.3839219299 16.005, -83.6526217123 38.3838751161 16.021, -83.6523385722 38.3838187436 16.037, -83.65219924 38.3837855143 16.045, -83.6520595819 38.3837514558 16.053, -83.6517840458 38.3836732418 16.069, -83.6515126533 38.3835843885 16.084, -83.6513796893 38.3835358905 16.092, -83.6509845575 38.3833811214 16.116, -83.6506049027 38.3832098699 16.14, -83.6500524906 38.3829418951 16.175, -83.6479772812 38.3819168479 16.307, -83.6464789863 38.3811824417 16.403, -83.6451733139 38.3805341127 16.486, -83.6450105503 38.3804543145 16.497, -83.6439560314 38.3799436467 16.564, -83.6433230604 38.3796514099 16.604, -83.6425644934 38.379322053 16.65, -83.6417805253 38.3790026774 16.698, -83.6409737695 38.3786993705 16.746, -83.6401539447 38.3784139546 16.795, -83.6393362213 38.3781527411 16.843, -83.6381271131 38.377790611 16.913, -83.6377279209 38.3776576987 16.936, -83.6374666227 38.3775588291 16.952, -83.6372111675 38.3774509992 16.967, -83.6369612207 38.3773336534 16.983, -83.636718875 38.3772068291 16.999, -83.6363668562 38.3769989427 17.023, -83.6361401405 38.3768504223 17.039, -83.6359195286 38.376695967 17.054, -83.6332691022 38.3747580937 17.25, -83.6328517997 38.3744432814 17.281, -83.632450225 38.3741155648 17.313, -83.6322565671 38.3739464771 17.328, -83.6318828171 38.3735978305 17.359, -83.6310698643 38.3727991081 17.43, -83.6308013013 38.3725528575 17.452)"
"District 09","Fleming","09-22327.00","KY","32","KY-32","AM-PAVEMENT (PRI)(P)","13.0","17.452","ADDRESS CONDITION OF KY-32 FROM MILEPOINT 13 TO MILEPOINT 17.45","","2022","2026","C","STP5","3680000","2029","","","","035-KY-0032-000","LINESTRING Z (-83.703915191 38.3964754747 13, -83.7027369011 38.3967404119 13.066, -83.7012585384 38.397063152 13.149, -83.7002845552 38.39727127 13.203, -83.6998599626 38.3973529205 13.227, -83.6994864085 38.3974066124 13.247, -83.6992205385 38.3974286569 13.261, -83.6990102235 38.3974360056 13.273, -83.6986949079 38.3974289025 13.29, -83.6984358391 38.3974073912 13.304, -83.6981799204 38.3973730235 13.318, -83.6979289516 38.3973239098 13.332, -83.6976839799 38.3972600668 13.346, -83.6973993404 38.3971669715 13.362, -83.6971719196 38.3970745915 13.376, -83.6969962405 38.3969916217 13.387, -83.6967830933 38.3968755925 13.401, -83.6965783087 38.3967476217 13.415, -83.6964584467 38.3966656178 13.424, -83.6962642094 38.3965224487 13.438, -83.6956461501 38.39604673 13.485, -83.6932690627 38.3941885963 13.665, -83.692746574 38.3937785173 13.705, -83.6926029538 38.3936603903 13.716, -83.6921623792 38.3933289112 13.749, -83.692025114 38.393233142 13.758, -83.6918019189 38.3930902859 13.773, -83.6915683155 38.3929576857 13.788, -83.6913783708 38.392861276 13.8, -83.6910747325 38.3927247121 13.819, -83.6908630873 38.3926430311 13.832, -83.6905263471 38.3925295121 13.853, -83.6902756759 38.3924581391 13.868, -83.6898554236 38.3923607457 13.892, -83.6860589768 38.3915932129 14.108, -83.6849695287 38.3913784042 14.169, -83.6844117547 38.3912821665 14.201, -83.6838419381 38.3912046686 14.232, -83.6821079101 38.3910148535 14.328, -83.6815320376 38.3909419087 14.36, -83.6809554658 38.3908565888 14.392, -83.6802373062 38.3907306148 14.432, -83.6774236849 38.390188979 14.59, -83.6765835998 38.3900185534 14.638, -83.671138323 38.3888118822 14.947, -83.6705568869 38.3886775345 14.98, -83.6700110694 38.3885424364 15.012, -83.6697416189 38.3884698649 15.028, -83.6692085335 38.3883165822 15.059, -83.6686844508 38.3881535679 15.09, -83.6679195593 38.3878926599 15.136, -83.6658752873 38.3871659447 15.26, -83.6646679796 38.3867431472 15.333, -83.6640145798 38.3865141124 15.372, -83.663471402 38.3863361813 15.404, -83.6630600312 38.3862111062 15.428, -83.6626453198 38.3860931133 15.452, -83.6620894781 38.3859435175 15.484, -83.6564223219 38.3844592298 15.811, -83.6557394605 38.3842859363 15.85, -83.655464914 38.3842217569 15.865, -83.6552227619 38.3841718825 15.879, -83.6549085225 38.3841168887 15.896, -83.6546265978 38.3840789452 15.912, -83.65434337 38.3840500419 15.927, -83.6535532413 38.3839918486 15.97, -83.6531954445 38.3839591528 15.989, -83.652907918 38.3839219299 16.005, -83.6526217123 38.3838751161 16.021, -83.6523385722 38.3838187436 16.037, -83.65219924 38.3837855143 16.045, -83.6520595819 38.3837514558 16.053, -83.6517840458 38.3836732418 16.069, -83.6515126533 38.3835843885 16.084, -83.6513796893 38.3835358905 16.092, -83.6509845575 38.3833811214 16.116, -83.6506049027 38.3832098699 16.14, -83.6500524906 38.3829418951 16.175, -83.6479772812 38.3819168479 16.307, -83.6464789863 38.3811824417 16.403, -83.6451733139 38.3805341127 16.486, -83.6450105503 38.3804543145 16.497, -83.6439560314 38.3799436467 16.564, -83.6433230604 38.3796514099 16.604, -83.6425644934 38.379322053 16.65, -83.6417805253 38.3790026774 16.698, -83.6409737695 38.3786993705 16.746, -83.6401539447 38.3784139546 16.795, -83.6393362213 38.3781527411 16.843, -83.6381271131 38.377790611 16.913, -83.6377279209 38.3776576987 16.936, -83.6374666227 38.3775588291 16.952, -83.6372111675 38.3774509992 16.967, -83.6369612207 38.3773336534 16.983, -83.636718875 38.3772068291 16.999, -83.6363668562 38.3769989427 17.023, -83.6361401405 38.3768504223 17.039, -83.6359195286 38.376695967 17.054, -83.6332691022 38.3747580937 17.25, -83.6328517997 38.3744432814 17.281, -83.632450225 38.3741155648 17.313, -83.6322565671 38.3739464771 17.328, -83.6318828171 38.3735978305 17.359, -83.6310698643 38.3727991081 17.43, -83.6308013013 38.3725528575 17.452)"
"District 09","Fleming","09-80051.00","KY","32","KY-32","SAFETY(P)","27.893","28.293","IMPROVE SAFETY AND SIGHT DISTANCE ON KY-32 BEGINNING AT 0.4 MILES WEST OF FLEMING/ROWAN CO LINE AND ENDING 0.3 MILES EAST OF THE LINE.(18CCN) (2020CCR) (2022CCR)","","2018","2026","U","SPP","1950000","2030","","","","035-KY-0032-000","LINESTRING Z (-83.5305595586 38.2582320953 27.893, -83.5304992202 38.258172821 27.898, -83.5304404928 38.2581217257 27.903, -83.5301371182 38.2578773303 27.927, -83.5298747492 38.2576941342 27.946, -83.5288372864 38.2570022246 28.019, -83.5284538021 38.2567692307 28.045, -83.5282850641 38.2566811838 28.056, -83.5280176375 38.2565503542 28.073, -83.5272300202 38.2561916504 28.123, -83.5267831951 38.2559799853 28.151, -83.5258250176 38.2555134102 28.212, -83.5252370165 38.2552012954 28.25, -83.5250779441 38.2551049101 28.261, -83.5249239874 38.2550006547 28.272, -83.5247338069 38.2548616558 28.286, -83.5246426832 38.2547876983 28.293)"
"District 09","Fleming","09-80051.00","KY","32","KY-32","SAFETY(P)","27.893","28.293","IMPROVE SAFETY AND SIGHT DISTANCE ON KY-32 BEGINNING AT 0.4 MILES WEST OF FLEMING/ROWAN CO LINE AND ENDING 0.3 MILES EAST OF THE LINE.(18CCN) (2020CCR) (2022CCR)","","2018","2026","C","SPP","7560000","2031","","","","035-KY-0032-000","LINESTRING Z (-83.5305595586 38.2582320953 27.893, -83.5304992202 38.258172821 27.898, -83.5304404928 38.2581217257 27.903, -83.5301371182 38.2578773303 27.927, -83.5298747492 38.2576941342 27.946, -83.5288372864 38.2570022246 28.019, -83.5284538021 38.2567692307 28.045, -83.5282850641 38.2566811838 28.056, -83.5280176375 38.2565503542 28.073, -83.5272300202 38.2561916504 28.123, -83.5267831951 38.2559799853 28.151, -83.5258250176 38.2555134102 28.212, -83.5252370165 38.2552012954 28.25, -83.5250779441 38.2551049101 28.261, -83.5249239874 38.2550006547 28.272, -83.5247338069 38.2548616558 28.286, -83.5246426832 38.2547876983 28.293)"
"District 09","Fleming","09-80051.00","KY","32","KY-32","SAFETY(P)","27.893","28.293","IMPROVE SAFETY AND SIGHT DISTANCE ON KY-32 BEGINNING AT 0.4 MILES WEST OF FLEMING/ROWAN CO LINE AND ENDING 0.3 MILES EAST OF THE LINE.(18CCN) (2020CCR) (2022CCR)","","2018","2026","R","SPP","1650000","2029","","","","035-KY-0032-000","LINESTRING Z (-83.5305595586 38.2582320953 27.893, -83.5304992202 38.258172821 27.898, -83.5304404928 38.2581217257 27.903, -83.5301371182 38.2578773303 27.927, -83.5298747492 38.2576941342 27.946, -83.5288372864 38.2570022246 28.019, -83.5284538021 38.2567692307 28.045, -83.5282850641 38.2566811838 28.056, -83.5280176375 38.2565503542 28.073, -83.5272300202 38.2561916504 28.123, -83.5267831951 38.2559799853 28.151, -83.5258250176 38.2555134102 28.212, -83.5252370165 38.2552012954 28.25, -83.5250779441 38.2551049101 28.261, -83.5249239874 38.2550006547 28.272, -83.5247338069 38.2548616558 28.286, -83.5246426832 38.2547876983 28.293)"
"District 09","Fleming","09-80103.00","KY","57","KY-57","RECONSTRUCTION(O)","1.876","9.183","RECONSTRUCT KY 57 TO PROVIDE BETTER HORIZONTAL AND VERTICAL ALIGNMENT, WIDER SHOULDERS, AND EXTEND CLEAR ZONES (2020CCN) (2022CCR) (2024CCR)","","2020","2026","C","SPP","48000000","2031","","","","035-KY-0057-000","LINESTRING Z (-83.7108442763 38.4372309789 1.876, -83.7099133994 38.4381691503 1.959, -83.7097466155 38.4383148739 1.972, -83.7094921512 38.4385494529 1.994, -83.7092618783 38.4387303393 2.012, -83.7090218684 38.4389096848 2.03, -83.7087966291 38.4390601696 2.046, -83.7085655394 38.4392075319 2.062, -83.7083306187 38.4393419191 2.078, -83.708135389 38.4394429306 2.091, -83.7078080394 38.4395982476 2.112, -83.7076030835 38.4396848086 2.124, -83.7073630373 38.4397773562 2.139, -83.7070924941 38.4398740486 2.155, -83.7066551635 38.4400032988 2.181, -83.7062823449 38.4400982266 2.202, -83.7046228409 38.4404365757 2.296, -83.7043650775 38.440500522 2.311, -83.7041115915 38.4405738797 2.326, -83.7038669853 38.4406668921 2.34, -83.7036324908 38.440772987 2.355, -83.7034079628 38.4408973813 2.37, -83.7031999883 38.4410292021 2.385, -83.7030041824 38.441175514 2.4, -83.7026687708 38.4415064616 2.429, -83.7025124219 38.4416778994 2.444, -83.7012481189 38.4431447409 2.567, -83.7010225501 38.4434185293 2.589, -83.7008949901 38.4435967791 2.603, -83.7007833415 38.4437805219 2.617, -83.7006876193 38.4439692095 2.631, -83.7006479262 38.4440649302 2.638, -83.7006096217 38.4441609495 2.645, -83.700544192 38.4443529061 2.659, -83.7002730809 38.4453191527 2.727, -83.7000526543 38.4460335844 2.777, -83.6998760381 38.4465798562 2.816, -83.6997975426 38.4468017998 2.831, -83.6996234617 38.4472572017 2.864, -83.6995258368 38.4474887026 2.881, -83.6993189771 38.4479421644 2.914, -83.6988987583 38.4488064026 2.977, -83.6987880058 38.4490200968 2.993, -83.6986653745 38.4492338615 3.009, -83.6985254192 38.4494426556 3.025, -83.6983674788 38.4496450969 3.042, -83.6981947017 38.4498409645 3.058, -83.6980144054 38.4500309338 3.074, -83.6974746901 38.4505711964 3.121, -83.6969785976 38.4510874918 3.166, -83.6968137558 38.4512491612 3.18, -83.6966340603 38.4513924464 3.194, -83.6964310474 38.4515202215 3.208, -83.6962041113 38.4516291795 3.222, -83.6959626999 38.4517186603 3.236, -83.6950721297 38.4520023466 3.288, -83.6944292972 38.4521950109 3.325, -83.6941664961 38.4522624186 3.34, -83.6938950023 38.4523159429 3.355, -83.6934735778 38.452372636 3.378, -83.692605531 38.4524627828 3.426, -83.692459163 38.4524759009 3.433, -83.6921904913 38.4524910176 3.448, -83.6918754067 38.4524921446 3.465, -83.6914429475 38.4524689865 3.489, -83.6890699821 38.4522555812 3.618, -83.6882961513 38.4521995657 3.66, -83.6880472829 38.452193593 3.674, -83.6879504479 38.4521965797 3.679, -83.6877955679 38.4522018532 3.687, -83.6874041203 38.4522356996 3.709, -83.6850262311 38.4524832853 3.839, -83.6846225482 38.4525298181 3.861, -83.6844202139 38.4525581571 3.872, -83.6842411624 38.4525907458 3.882, -83.6840036018 38.4526544516 3.896, -83.6838879419 38.4526933621 3.903, -83.683776339 38.4527370127 3.91, -83.6836521769 38.4527925296 3.918, -83.6835590223 38.4528384233 3.924, -83.6833565641 38.4529579462 3.938, -83.6831700334 38.4530947747 3.952, -83.6829984155 38.4532477936 3.966, -83.6828383402 38.4534125495 3.98, -83.6818864685 38.4545053229 4.071, -83.6813692499 38.4550846334 4.12, -83.681198836 38.4552813418 4.137, -83.681034621 38.4554811795 4.153, -83.6808797143 38.4556852991 4.169, -83.6807427686 38.4558965984 4.186, -83.6806283137 38.4561154299 4.202, -83.6805294211 38.4563397524 4.218, -83.6797833574 38.458133191 4.349, -83.6796989766 38.4583506244 4.364, -83.6796299495 38.4585686003 4.38, -83.6795818472 38.458787765 4.395, -83.6795577734 38.4590095467 4.41, -83.6795553234 38.4592325293 4.426, -83.6795935398 38.4599083148 4.473, -83.6795975839 38.4601363544 4.488, -83.6795879647 38.4603658043 4.504, -83.6795615628 38.460595784 4.52, -83.6795149412 38.4608243137 4.536, -83.6794533763 38.4610501098 4.552, -83.6792765326 38.4616100813 4.592, -83.6791502441 38.4619630148 4.617, -83.6790689593 38.4621571553 4.631, -83.6789690767 38.4623666265 4.647, -83.6788609758 38.4625701867 4.662, -83.6784227165 38.4633442245 4.72, -83.6783060235 38.46353033 4.734, -83.678174121 38.4637106778 4.749, -83.6780225643 38.463881892 4.763, -83.6776839647 38.4642066722 4.792, -83.6772357858 38.464613859 4.829, -83.6740547494 38.4674633522 5.091, -83.6738885794 38.4676194747 5.105, -83.6737402173 38.4677759077 5.118, -83.6736108573 38.4679398152 5.132, -83.6734962093 38.4681146907 5.145, -83.6733907087 38.4682996151 5.159, -83.6726189502 38.4698055354 5.271, -83.6725621038 38.4699130316 5.279, -83.6724345351 38.4701244851 5.294, -83.6723235909 38.4702793745 5.306, -83.6722503489 38.4703613142 5.313, -83.6721739629 38.4704431995 5.32, -83.6720003182 38.4705914977 5.334, -83.6718075986 38.470722433 5.348, -83.6717056222 38.4707827208 5.355, -83.6714930922 38.4708976521 5.369, -83.6699569926 38.4716584702 5.467, -83.6674384828 38.47287198 5.627, -83.6664319213 38.4733638111 5.692, -83.6628137585 38.4751668396 5.924, -83.660881364 38.4761326108 6.048, -83.660022759 38.476566567 6.104, -83.659595399 38.4767765732 6.131, -83.6589353722 38.47708328 6.173, -83.6584256245 38.4773028171 6.204, -83.6571029848 38.4778345942 6.285, -83.6560787887 38.4782537924 6.347, -83.6550473418 38.478669558 6.41, -83.6542726723 38.4789884977 6.458, -83.6540083967 38.4791027602 6.474, -83.6539162028 38.4791376616 6.48, -83.6532590394 38.4793792932 6.519, -83.6528757889 38.4795117762 6.542, -83.6500804256 38.4804044463 6.705, -83.6495712345 38.4805783625 6.735, -83.6480417376 38.4811179149 6.826, -83.6477816768 38.4812064205 6.842, -83.647534527 38.4812833431 6.856, -83.6472411184 38.481364939 6.873, -83.6469557462 38.4814343168 6.889, -83.6460639051 38.4816209387 6.94, -83.6440969216 38.4820128837 7.051, -83.6435705334 38.4821276912 7.081, -83.6430140459 38.482256244 7.114, -83.6418679081 38.4825363753 7.18, -83.6404370267 38.4828754314 7.263, -83.6401750819 38.4829438361 7.279, -83.639926933 38.4830185283 7.294, -83.6396886598 38.4831021843 7.308, -83.6394333945 38.4832055887 7.324, -83.6391267914 38.4833443344 7.344, -83.6384527967 38.4836699071 7.389, -83.6370227236 38.4843676461 7.48, -83.6346148507 38.4855269587 7.633, -83.6332319099 38.4861873149 7.721, -83.6320710455 38.4867560346 7.795, -83.6315554506 38.4870033697 7.828, -83.6307034828 38.4874026286 7.882, -83.6299834903 38.4877331011 7.927, -83.6296974822 38.487859282 7.945, -83.6294615865 38.4879564184 7.959, -83.6292259446 38.4880447705 7.973, -83.6290438048 38.4881077101 7.984, -83.6285344387 38.4882719203 8.014, -83.6282906425 38.4883642448 8.029, -83.6280579185 38.4884724216 8.043, -83.6278379571 38.4885984056 8.058, -83.6275585301 38.4887867717 8.078, -83.6269771311 38.4892177588 8.121, -83.6267812259 38.4893697139 8.136, -83.6266347695 38.4894915168 8.148, -83.6264355759 38.489672527 8.164, -83.6262879567 38.4898223237 8.177, -83.6261552542 38.4899759582 8.19, -83.6260140065 38.4901711878 8.206, -83.6259164838 38.4903529175 8.219, -83.6258512137 38.4905311044 8.232, -83.6258005326 38.4907364688 8.247, -83.6257563439 38.4909831494 8.264, -83.6256183272 38.4920438974 8.338, -83.6255291259 38.4928550266 8.395, -83.6254366883 38.4938984614 8.467, -83.62534921 38.4947705961 8.528, -83.6251111717 38.4968100945 8.671, -83.6250842024 38.4970894924 8.69, -83.6250539717 38.4974693582 8.717, -83.6250344116 38.497830737 8.742, -83.6250228751 38.4982529607 8.771, -83.6250239603 38.4988185081 8.811, -83.6250651348 38.4998580149 8.883, -83.6250647855 38.500135417 8.902, -83.6250389385 38.5006051743 8.935, -83.6250057259 38.500894897 8.955, -83.6249744869 38.5011044541 8.97, -83.6249149372 38.5014225445 8.993, -83.6248250862 38.5017851378 9.019, -83.6247200245 38.5021298794 9.045, -83.624663483 38.5022958616 9.057, -83.6245775926 38.5025217437 9.074, -83.6244489663 38.5028232163 9.096, -83.6243046171 38.5031244081 9.119, -83.6242352695 38.5032618702 9.13, -83.6238647411 38.5039498542 9.183)"
"District 09","Fleming","09-80103.00","KY","57","KY-57","RECONSTRUCTION(O)","1.876","9.183","RECONSTRUCT KY 57 TO PROVIDE BETTER HORIZONTAL AND VERTICAL ALIGNMENT, WIDER SHOULDERS, AND EXTEND CLEAR ZONES (2020CCN) (2022CCR) (2024CCR)","","2020","2026","U","SPP","8400000","2030","","","","035-KY-0057-000","LINESTRING Z (-83.7108442763 38.4372309789 1.876, -83.7099133994 38.4381691503 1.959, -83.7097466155 38.4383148739 1.972, -83.7094921512 38.4385494529 1.994, -83.7092618783 38.4387303393 2.012, -83.7090218684 38.4389096848 2.03, -83.7087966291 38.4390601696 2.046, -83.7085655394 38.4392075319 2.062, -83.7083306187 38.4393419191 2.078, -83.708135389 38.4394429306 2.091, -83.7078080394 38.4395982476 2.112, -83.7076030835 38.4396848086 2.124, -83.7073630373 38.4397773562 2.139, -83.7070924941 38.4398740486 2.155, -83.7066551635 38.4400032988 2.181, -83.7062823449 38.4400982266 2.202, -83.7046228409 38.4404365757 2.296, -83.7043650775 38.440500522 2.311, -83.7041115915 38.4405738797 2.326, -83.7038669853 38.4406668921 2.34, -83.7036324908 38.440772987 2.355, -83.7034079628 38.4408973813 2.37, -83.7031999883 38.4410292021 2.385, -83.7030041824 38.441175514 2.4, -83.7026687708 38.4415064616 2.429, -83.7025124219 38.4416778994 2.444, -83.7012481189 38.4431447409 2.567, -83.7010225501 38.4434185293 2.589, -83.7008949901 38.4435967791 2.603, -83.7007833415 38.4437805219 2.617, -83.7006876193 38.4439692095 2.631, -83.7006479262 38.4440649302 2.638, -83.7006096217 38.4441609495 2.645, -83.700544192 38.4443529061 2.659, -83.7002730809 38.4453191527 2.727, -83.7000526543 38.4460335844 2.777, -83.6998760381 38.4465798562 2.816, -83.6997975426 38.4468017998 2.831, -83.6996234617 38.4472572017 2.864, -83.6995258368 38.4474887026 2.881, -83.6993189771 38.4479421644 2.914, -83.6988987583 38.4488064026 2.977, -83.6987880058 38.4490200968 2.993, -83.6986653745 38.4492338615 3.009, -83.6985254192 38.4494426556 3.025, -83.6983674788 38.4496450969 3.042, -83.6981947017 38.4498409645 3.058, -83.6980144054 38.4500309338 3.074, -83.6974746901 38.4505711964 3.121, -83.6969785976 38.4510874918 3.166, -83.6968137558 38.4512491612 3.18, -83.6966340603 38.4513924464 3.194, -83.6964310474 38.4515202215 3.208, -83.6962041113 38.4516291795 3.222, -83.6959626999 38.4517186603 3.236, -83.6950721297 38.4520023466 3.288, -83.6944292972 38.4521950109 3.325, -83.6941664961 38.4522624186 3.34, -83.6938950023 38.4523159429 3.355, -83.6934735778 38.452372636 3.378, -83.692605531 38.4524627828 3.426, -83.692459163 38.4524759009 3.433, -83.6921904913 38.4524910176 3.448, -83.6918754067 38.4524921446 3.465, -83.6914429475 38.4524689865 3.489, -83.6890699821 38.4522555812 3.618, -83.6882961513 38.4521995657 3.66, -83.6880472829 38.452193593 3.674, -83.6879504479 38.4521965797 3.679, -83.6877955679 38.4522018532 3.687, -83.6874041203 38.4522356996 3.709, -83.6850262311 38.4524832853 3.839, -83.6846225482 38.4525298181 3.861, -83.6844202139 38.4525581571 3.872, -83.6842411624 38.4525907458 3.882, -83.6840036018 38.4526544516 3.896, -83.6838879419 38.4526933621 3.903, -83.683776339 38.4527370127 3.91, -83.6836521769 38.4527925296 3.918, -83.6835590223 38.4528384233 3.924, -83.6833565641 38.4529579462 3.938, -83.6831700334 38.4530947747 3.952, -83.6829984155 38.4532477936 3.966, -83.6828383402 38.4534125495 3.98, -83.6818864685 38.4545053229 4.071, -83.6813692499 38.4550846334 4.12, -83.681198836 38.4552813418 4.137, -83.681034621 38.4554811795 4.153, -83.6808797143 38.4556852991 4.169, -83.6807427686 38.4558965984 4.186, -83.6806283137 38.4561154299 4.202, -83.6805294211 38.4563397524 4.218, -83.6797833574 38.458133191 4.349, -83.6796989766 38.4583506244 4.364, -83.6796299495 38.4585686003 4.38, -83.6795818472 38.458787765 4.395, -83.6795577734 38.4590095467 4.41, -83.6795553234 38.4592325293 4.426, -83.6795935398 38.4599083148 4.473, -83.6795975839 38.4601363544 4.488, -83.6795879647 38.4603658043 4.504, -83.6795615628 38.460595784 4.52, -83.6795149412 38.4608243137 4.536, -83.6794533763 38.4610501098 4.552, -83.6792765326 38.4616100813 4.592, -83.6791502441 38.4619630148 4.617, -83.6790689593 38.4621571553 4.631, -83.6789690767 38.4623666265 4.647, -83.6788609758 38.4625701867 4.662, -83.6784227165 38.4633442245 4.72, -83.6783060235 38.46353033 4.734, -83.678174121 38.4637106778 4.749, -83.6780225643 38.463881892 4.763, -83.6776839647 38.4642066722 4.792, -83.6772357858 38.464613859 4.829, -83.6740547494 38.4674633522 5.091, -83.6738885794 38.4676194747 5.105, -83.6737402173 38.4677759077 5.118, -83.6736108573 38.4679398152 5.132, -83.6734962093 38.4681146907 5.145, -83.6733907087 38.4682996151 5.159, -83.6726189502 38.4698055354 5.271, -83.6725621038 38.4699130316 5.279, -83.6724345351 38.4701244851 5.294, -83.6723235909 38.4702793745 5.306, -83.6722503489 38.4703613142 5.313, -83.6721739629 38.4704431995 5.32, -83.6720003182 38.4705914977 5.334, -83.6718075986 38.470722433 5.348, -83.6717056222 38.4707827208 5.355, -83.6714930922 38.4708976521 5.369, -83.6699569926 38.4716584702 5.467, -83.6674384828 38.47287198 5.627, -83.6664319213 38.4733638111 5.692, -83.6628137585 38.4751668396 5.924, -83.660881364 38.4761326108 6.048, -83.660022759 38.476566567 6.104, -83.659595399 38.4767765732 6.131, -83.6589353722 38.47708328 6.173, -83.6584256245 38.4773028171 6.204, -83.6571029848 38.4778345942 6.285, -83.6560787887 38.4782537924 6.347, -83.6550473418 38.478669558 6.41, -83.6542726723 38.4789884977 6.458, -83.6540083967 38.4791027602 6.474, -83.6539162028 38.4791376616 6.48, -83.6532590394 38.4793792932 6.519, -83.6528757889 38.4795117762 6.542, -83.6500804256 38.4804044463 6.705, -83.6495712345 38.4805783625 6.735, -83.6480417376 38.4811179149 6.826, -83.6477816768 38.4812064205 6.842, -83.647534527 38.4812833431 6.856, -83.6472411184 38.481364939 6.873, -83.6469557462 38.4814343168 6.889, -83.6460639051 38.4816209387 6.94, -83.6440969216 38.4820128837 7.051, -83.6435705334 38.4821276912 7.081, -83.6430140459 38.482256244 7.114, -83.6418679081 38.4825363753 7.18, -83.6404370267 38.4828754314 7.263, -83.6401750819 38.4829438361 7.279, -83.639926933 38.4830185283 7.294, -83.6396886598 38.4831021843 7.308, -83.6394333945 38.4832055887 7.324, -83.6391267914 38.4833443344 7.344, -83.6384527967 38.4836699071 7.389, -83.6370227236 38.4843676461 7.48, -83.6346148507 38.4855269587 7.633, -83.6332319099 38.4861873149 7.721, -83.6320710455 38.4867560346 7.795, -83.6315554506 38.4870033697 7.828, -83.6307034828 38.4874026286 7.882, -83.6299834903 38.4877331011 7.927, -83.6296974822 38.487859282 7.945, -83.6294615865 38.4879564184 7.959, -83.6292259446 38.4880447705 7.973, -83.6290438048 38.4881077101 7.984, -83.6285344387 38.4882719203 8.014, -83.6282906425 38.4883642448 8.029, -83.6280579185 38.4884724216 8.043, -83.6278379571 38.4885984056 8.058, -83.6275585301 38.4887867717 8.078, -83.6269771311 38.4892177588 8.121, -83.6267812259 38.4893697139 8.136, -83.6266347695 38.4894915168 8.148, -83.6264355759 38.489672527 8.164, -83.6262879567 38.4898223237 8.177, -83.6261552542 38.4899759582 8.19, -83.6260140065 38.4901711878 8.206, -83.6259164838 38.4903529175 8.219, -83.6258512137 38.4905311044 8.232, -83.6258005326 38.4907364688 8.247, -83.6257563439 38.4909831494 8.264, -83.6256183272 38.4920438974 8.338, -83.6255291259 38.4928550266 8.395, -83.6254366883 38.4938984614 8.467, -83.62534921 38.4947705961 8.528, -83.6251111717 38.4968100945 8.671, -83.6250842024 38.4970894924 8.69, -83.6250539717 38.4974693582 8.717, -83.6250344116 38.497830737 8.742, -83.6250228751 38.4982529607 8.771, -83.6250239603 38.4988185081 8.811, -83.6250651348 38.4998580149 8.883, -83.6250647855 38.500135417 8.902, -83.6250389385 38.5006051743 8.935, -83.6250057259 38.500894897 8.955, -83.6249744869 38.5011044541 8.97, -83.6249149372 38.5014225445 8.993, -83.6248250862 38.5017851378 9.019, -83.6247200245 38.5021298794 9.045, -83.624663483 38.5022958616 9.057, -83.6245775926 38.5025217437 9.074, -83.6244489663 38.5028232163 9.096, -83.6243046171 38.5031244081 9.119, -83.6242352695 38.5032618702 9.13, -83.6238647411 38.5039498542 9.183)"
"District 09","Fleming","09-80103.00","KY","57","KY-57","RECONSTRUCTION(O)","1.876","9.183","RECONSTRUCT KY 57 TO PROVIDE BETTER HORIZONTAL AND VERTICAL ALIGNMENT, WIDER SHOULDERS, AND EXTEND CLEAR ZONES (2020CCN) (2022CCR) (2024CCR)","","2020","2026","R","SPP","9900000","2029","","","","035-KY-0057-000","LINESTRING Z (-83.7108442763 38.4372309789 1.876, -83.7099133994 38.4381691503 1.959, -83.7097466155 38.4383148739 1.972, -83.7094921512 38.4385494529 1.994, -83.7092618783 38.4387303393 2.012, -83.7090218684 38.4389096848 2.03, -83.7087966291 38.4390601696 2.046, -83.7085655394 38.4392075319 2.062, -83.7083306187 38.4393419191 2.078, -83.708135389 38.4394429306 2.091, -83.7078080394 38.4395982476 2.112, -83.7076030835 38.4396848086 2.124, -83.7073630373 38.4397773562 2.139, -83.7070924941 38.4398740486 2.155, -83.7066551635 38.4400032988 2.181, -83.7062823449 38.4400982266 2.202, -83.7046228409 38.4404365757 2.296, -83.7043650775 38.440500522 2.311, -83.7041115915 38.4405738797 2.326, -83.7038669853 38.4406668921 2.34, -83.7036324908 38.440772987 2.355, -83.7034079628 38.4408973813 2.37, -83.7031999883 38.4410292021 2.385, -83.7030041824 38.441175514 2.4, -83.7026687708 38.4415064616 2.429, -83.7025124219 38.4416778994 2.444, -83.7012481189 38.4431447409 2.567, -83.7010225501 38.4434185293 2.589, -83.7008949901 38.4435967791 2.603, -83.7007833415 38.4437805219 2.617, -83.7006876193 38.4439692095 2.631, -83.7006479262 38.4440649302 2.638, -83.7006096217 38.4441609495 2.645, -83.700544192 38.4443529061 2.659, -83.7002730809 38.4453191527 2.727, -83.7000526543 38.4460335844 2.777, -83.6998760381 38.4465798562 2.816, -83.6997975426 38.4468017998 2.831, -83.6996234617 38.4472572017 2.864, -83.6995258368 38.4474887026 2.881, -83.6993189771 38.4479421644 2.914, -83.6988987583 38.4488064026 2.977, -83.6987880058 38.4490200968 2.993, -83.6986653745 38.4492338615 3.009, -83.6985254192 38.4494426556 3.025, -83.6983674788 38.4496450969 3.042, -83.6981947017 38.4498409645 3.058, -83.6980144054 38.4500309338 3.074, -83.6974746901 38.4505711964 3.121, -83.6969785976 38.4510874918 3.166, -83.6968137558 38.4512491612 3.18, -83.6966340603 38.4513924464 3.194, -83.6964310474 38.4515202215 3.208, -83.6962041113 38.4516291795 3.222, -83.6959626999 38.4517186603 3.236, -83.6950721297 38.4520023466 3.288, -83.6944292972 38.4521950109 3.325, -83.6941664961 38.4522624186 3.34, -83.6938950023 38.4523159429 3.355, -83.6934735778 38.452372636 3.378, -83.692605531 38.4524627828 3.426, -83.692459163 38.4524759009 3.433, -83.6921904913 38.4524910176 3.448, -83.6918754067 38.4524921446 3.465, -83.6914429475 38.4524689865 3.489, -83.6890699821 38.4522555812 3.618, -83.6882961513 38.4521995657 3.66, -83.6880472829 38.452193593 3.674, -83.6879504479 38.4521965797 3.679, -83.6877955679 38.4522018532 3.687, -83.6874041203 38.4522356996 3.709, -83.6850262311 38.4524832853 3.839, -83.6846225482 38.4525298181 3.861, -83.6844202139 38.4525581571 3.872, -83.6842411624 38.4525907458 3.882, -83.6840036018 38.4526544516 3.896, -83.6838879419 38.4526933621 3.903, -83.683776339 38.4527370127 3.91, -83.6836521769 38.4527925296 3.918, -83.6835590223 38.4528384233 3.924, -83.6833565641 38.4529579462 3.938, -83.6831700334 38.4530947747 3.952, -83.6829984155 38.4532477936 3.966, -83.6828383402 38.4534125495 3.98, -83.6818864685 38.4545053229 4.071, -83.6813692499 38.4550846334 4.12, -83.681198836 38.4552813418 4.137, -83.681034621 38.4554811795 4.153, -83.6808797143 38.4556852991 4.169, -83.6807427686 38.4558965984 4.186, -83.6806283137 38.4561154299 4.202, -83.6805294211 38.4563397524 4.218, -83.6797833574 38.458133191 4.349, -83.6796989766 38.4583506244 4.364, -83.6796299495 38.4585686003 4.38, -83.6795818472 38.458787765 4.395, -83.6795577734 38.4590095467 4.41, -83.6795553234 38.4592325293 4.426, -83.6795935398 38.4599083148 4.473, -83.6795975839 38.4601363544 4.488, -83.6795879647 38.4603658043 4.504, -83.6795615628 38.460595784 4.52, -83.6795149412 38.4608243137 4.536, -83.6794533763 38.4610501098 4.552, -83.6792765326 38.4616100813 4.592, -83.6791502441 38.4619630148 4.617, -83.6790689593 38.4621571553 4.631, -83.6789690767 38.4623666265 4.647, -83.6788609758 38.4625701867 4.662, -83.6784227165 38.4633442245 4.72, -83.6783060235 38.46353033 4.734, -83.678174121 38.4637106778 4.749, -83.6780225643 38.463881892 4.763, -83.6776839647 38.4642066722 4.792, -83.6772357858 38.464613859 4.829, -83.6740547494 38.4674633522 5.091, -83.6738885794 38.4676194747 5.105, -83.6737402173 38.4677759077 5.118, -83.6736108573 38.4679398152 5.132, -83.6734962093 38.4681146907 5.145, -83.6733907087 38.4682996151 5.159, -83.6726189502 38.4698055354 5.271, -83.6725621038 38.4699130316 5.279, -83.6724345351 38.4701244851 5.294, -83.6723235909 38.4702793745 5.306, -83.6722503489 38.4703613142 5.313, -83.6721739629 38.4704431995 5.32, -83.6720003182 38.4705914977 5.334, -83.6718075986 38.470722433 5.348, -83.6717056222 38.4707827208 5.355, -83.6714930922 38.4708976521 5.369, -83.6699569926 38.4716584702 5.467, -83.6674384828 38.47287198 5.627, -83.6664319213 38.4733638111 5.692, -83.6628137585 38.4751668396 5.924, -83.660881364 38.4761326108 6.048, -83.660022759 38.476566567 6.104, -83.659595399 38.4767765732 6.131, -83.6589353722 38.47708328 6.173, -83.6584256245 38.4773028171 6.204, -83.6571029848 38.4778345942 6.285, -83.6560787887 38.4782537924 6.347, -83.6550473418 38.478669558 6.41, -83.6542726723 38.4789884977 6.458, -83.6540083967 38.4791027602 6.474, -83.6539162028 38.4791376616 6.48, -83.6532590394 38.4793792932 6.519, -83.6528757889 38.4795117762 6.542, -83.6500804256 38.4804044463 6.705, -83.6495712345 38.4805783625 6.735, -83.6480417376 38.4811179149 6.826, -83.6477816768 38.4812064205 6.842, -83.647534527 38.4812833431 6.856, -83.6472411184 38.481364939 6.873, -83.6469557462 38.4814343168 6.889, -83.6460639051 38.4816209387 6.94, -83.6440969216 38.4820128837 7.051, -83.6435705334 38.4821276912 7.081, -83.6430140459 38.482256244 7.114, -83.6418679081 38.4825363753 7.18, -83.6404370267 38.4828754314 7.263, -83.6401750819 38.4829438361 7.279, -83.639926933 38.4830185283 7.294, -83.6396886598 38.4831021843 7.308, -83.6394333945 38.4832055887 7.324, -83.6391267914 38.4833443344 7.344, -83.6384527967 38.4836699071 7.389, -83.6370227236 38.4843676461 7.48, -83.6346148507 38.4855269587 7.633, -83.6332319099 38.4861873149 7.721, -83.6320710455 38.4867560346 7.795, -83.6315554506 38.4870033697 7.828, -83.6307034828 38.4874026286 7.882, -83.6299834903 38.4877331011 7.927, -83.6296974822 38.487859282 7.945, -83.6294615865 38.4879564184 7.959, -83.6292259446 38.4880447705 7.973, -83.6290438048 38.4881077101 7.984, -83.6285344387 38.4882719203 8.014, -83.6282906425 38.4883642448 8.029, -83.6280579185 38.4884724216 8.043, -83.6278379571 38.4885984056 8.058, -83.6275585301 38.4887867717 8.078, -83.6269771311 38.4892177588 8.121, -83.6267812259 38.4893697139 8.136, -83.6266347695 38.4894915168 8.148, -83.6264355759 38.489672527 8.164, -83.6262879567 38.4898223237 8.177, -83.6261552542 38.4899759582 8.19, -83.6260140065 38.4901711878 8.206, -83.6259164838 38.4903529175 8.219, -83.6258512137 38.4905311044 8.232, -83.6258005326 38.4907364688 8.247, -83.6257563439 38.4909831494 8.264, -83.6256183272 38.4920438974 8.338, -83.6255291259 38.4928550266 8.395, -83.6254366883 38.4938984614 8.467, -83.62534921 38.4947705961 8.528, -83.6251111717 38.4968100945 8.671, -83.6250842024 38.4970894924 8.69, -83.6250539717 38.4974693582 8.717, -83.6250344116 38.497830737 8.742, -83.6250228751 38.4982529607 8.771, -83.6250239603 38.4988185081 8.811, -83.6250651348 38.4998580149 8.883, -83.6250647855 38.500135417 8.902, -83.6250389385 38.5006051743 8.935, -83.6250057259 38.500894897 8.955, -83.6249744869 38.5011044541 8.97, -83.6249149372 38.5014225445 8.993, -83.6248250862 38.5017851378 9.019, -83.6247200245 38.5021298794 9.045, -83.624663483 38.5022958616 9.057, -83.6245775926 38.5025217437 9.074, -83.6244489663 38.5028232163 9.096, -83.6243046171 38.5031244081 9.119, -83.6242352695 38.5032618702 9.13, -83.6238647411 38.5039498542 9.183)"
"District 09","Greenup","09-00132.00","KY","2","KY-2","PE & ENVIRONMENTAL(O)","13.2","17.2","RECONSTRUCT KY-2 FROM MP 13.2 TO US-23 (MP 17.2)(08CCN)(14CCR)(16CCR)(18CCN) (2024CCR)","","1998","2026","U","SPP","8100000","2031","","","","045-KY-0002-000","LINESTRING Z (-82.8708175438 38.5304145988 13.2, -82.8707987559 38.5304384444 13.202, -82.8704783984 38.5308567655 13.237, -82.8703620838 38.530995426 13.249, -82.8702854078 38.5310776306 13.256, -82.8702032818 38.5311561311 13.263, -82.8700597216 38.5312672074 13.274, -82.8698940628 38.5313620886 13.286, -82.869772747 38.5314143652 13.294, -82.8696436867 38.531459036 13.301, -82.8695065369 38.5314870282 13.309, -82.8692944107 38.5315184202 13.321, -82.8690728518 38.5315317275 13.334, -82.8686911365 38.5315265886 13.355, -82.8683865313 38.5315439231 13.372, -82.8683102675 38.5315533354 13.376, -82.8680872036 38.5315959995 13.389, -82.8676410337 38.5317090702 13.415, -82.8674878575 38.5317443622 13.424, -82.8672813338 38.531784404 13.436, -82.8670073749 38.5318228078 13.452, -82.8667637947 38.5318446417 13.465, -82.8665215116 38.5318601873 13.479, -82.8660541373 38.5318809818 13.505, -82.8658331236 38.5318981421 13.518, -82.865618779 38.531932496 13.53, -82.8654806695 38.5319670527 13.538, -82.8654131869 38.5319843698 13.542, -82.8652198842 38.53205275 13.554, -82.8650358912 38.5321334435 13.566, -82.8648612908 38.5322242548 13.577, -82.8647050186 38.532329247 13.589, -82.86457605 38.5324513852 13.6, -82.8644783363 38.5325880187 13.611, -82.864410064 38.5327319604 13.622, -82.8643633393 38.5328882391 13.634, -82.8643473449 38.5329746615 13.64, -82.864328772 38.5331088219 13.649, -82.864303764 38.5333974926 13.668, -82.8642588346 38.5337035357 13.689, -82.8642197425 38.5339146692 13.703, -82.8641567634 38.5340573657 13.713, -82.8641126958 38.5341727753 13.722, -82.8641007462 38.5341919899 13.723, -82.8640805809 38.5342244661 13.725, -82.8638555987 38.534519816 13.749, -82.8636571376 38.5348166339 13.772, -82.8635642545 38.5349726143 13.783, -82.8635181176 38.5351316538 13.794, -82.8634903913 38.5352938881 13.806, -82.8634865035 38.5353481873 13.809, -82.8634878228 38.535456733 13.817, -82.8635148003 38.5359439143 13.85, -82.8635123089 38.5361048385 13.861, -82.8634927714 38.5362634257 13.872, -82.8634538587 38.5364165969 13.882, -82.8634130711 38.5365463711 13.891, -82.8632999994 38.5367175199 13.904, -82.8631540595 38.5369150665 13.92, -82.8627711912 38.5374178345 13.96, -82.8626299758 38.5375575307 13.972, -82.8623453409 38.5377863184 13.994, -82.8616446745 38.5382939943 14.045, -82.8615548413 38.5383635112 14.052, -82.8613838195 38.5384961612 14.065, -82.861230254 38.5386207201 14.077, -82.8611823324 38.5386651578 14.08, -82.8609767437 38.5389115248 14.1, -82.8608223019 38.5391203995 14.117, -82.8604143589 38.5397261192 14.163, -82.8602605818 38.5399446253 14.18, -82.8600508002 38.5402084704 14.201, -82.8598587018 38.5404230218 14.219, -82.8592176459 38.5411120733 14.277, -82.8590755657 38.5412555902 14.289, -82.8589281976 38.5413912855 14.301, -82.8586172716 38.5416474462 14.325, -82.8583665784 38.541866338 14.345, -82.8581380893 38.5420986811 14.365, -82.8580296424 38.5422496087 14.377, -82.8579795443 38.5424022308 14.387, -82.8579501654 38.542561676 14.398, -82.857929664 38.5427265573 14.41, -82.8578869596 38.5432235805 14.443, -82.8578912575 38.5434159881 14.456, -82.8579059481 38.5435932635 14.468, -82.8579574764 38.5439538494 14.493, -82.8579966078 38.5441322697 14.505, -82.8580739133 38.5444335935 14.526, -82.8581615846 38.5447381922 14.547, -82.8582220786 38.5449869104 14.564, -82.858313487 38.5452943471 14.586, -82.8583428712 38.5454184103 14.594, -82.8583849328 38.5456378349 14.609, -82.8584213269 38.5457881668 14.62, -82.8584514961 38.5459721377 14.632, -82.8584634612 38.5460944038 14.64, -82.858468511 38.5462766647 14.653, -82.8584595844 38.5463964989 14.661, -82.8584274568 38.5465723596 14.673, -82.85839424 38.5466872071 14.681, -82.858327305 38.5468586503 14.693, -82.8582495033 38.5470306526 14.705, -82.8581645037 38.547198908 14.718, -82.8578668223 38.5477391731 14.758, -82.8578175233 38.5478448377 14.765, -82.8577638314 38.5480086353 14.777, -82.8577400111 38.548177831 14.788, -82.8577407569 38.5482918565 14.796, -82.8577495731 38.548405255 14.804, -82.8577955009 38.5486596622 14.821, -82.8580502926 38.5497732497 14.898, -82.8581124932 38.5501206329 14.922, -82.8581435941 38.5504139639 14.942, -82.8581595068 38.5507198364 14.963, -82.8581590839 38.5509698188 14.98, -82.8581399237 38.5514020316 15.009, -82.8581348904 38.5516447592 15.026, -82.8581380843 38.5518297208 15.038, -82.8581620278 38.5521448548 15.06, -82.8582078441 38.5524819484 15.083, -82.8582909837 38.5530965911 15.125, -82.858322597 38.5532794972 15.138, -82.8584542584 38.553870321 15.179, -82.8584717596 38.5539853041 15.187, -82.8584808146 38.5541547496 15.199, -82.8584693786 38.5543204007 15.21, -82.8584351234 38.554479177 15.221, -82.8583780925 38.5546299814 15.232, -82.8582924635 38.5547696511 15.242, -82.8582212331 38.5548547278 15.249, -82.8581026779 38.5549776625 15.26, -82.8579627014 38.5550937567 15.271, -82.8578441856 38.555171364 15.279, -82.8577514722 38.5552246 15.285, -82.8576367596 38.5552767507 15.292, -82.8575163116 38.5553235421 15.299, -82.8573881059 38.5553630018 15.306, -82.857232239 38.5553853049 15.315, -82.8570752123 38.5554015353 15.323, -82.8567261296 38.5554262757 15.342, -82.8566102373 38.5554462555 15.348, -82.8564924062 38.5554799226 15.355, -82.8563544209 38.5555455158 15.363, -82.8562334804 38.555631304 15.372, -82.8561488756 38.55570946 15.379, -82.8559068162 38.5559475123 15.4, -82.8556311169 38.556160295 15.42, -82.8554732822 38.5562589195 15.431, -82.855103578 38.5564600699 15.455, -82.8545324783 38.5567288368 15.491, -82.8542754761 38.5568401522 15.507, -82.8539237172 38.5569766283 15.528, -82.8538132701 38.557026957 15.535, -82.8536690465 38.5571086031 15.545, -82.8534797535 38.5572240397 15.558, -82.8532859578 38.5573737061 15.572, -82.8531088248 38.5575443819 15.588, -82.8529402231 38.557729276 15.603, -82.8527665921 38.5578909705 15.618, -82.8525788308 38.5580295193 15.632, -82.8524317212 38.5581132919 15.642, -82.8522376019 38.558209104 15.654, -82.851929009 38.5583419575 15.673, -82.8517687639 38.5584039805 15.683, -82.8516027906 38.558451579 15.692, -82.8512696498 38.5585239432 15.711, -82.8511009086 38.5585530673 15.72, -82.850681635 38.5585562976 15.743, -82.8503845407 38.5585399821 15.759, -82.8500812542 38.5585298329 15.776, -82.8499689801 38.5585378062 15.782, -82.8498463768 38.5585680546 15.789, -82.8497627568 38.5585945838 15.794, -82.8496743656 38.558635557 15.799, -82.8495513139 38.5587124958 15.808, -82.8494712641 38.5587902095 15.815, -82.8493549393 38.5589181347 15.826, -82.8492279079 38.5590955224 15.84, -82.8490895392 38.5592764792 15.854, -82.8489500526 38.559441475 15.868, -82.8488324031 38.5595674451 15.879, -82.8485572712 38.5597826981 15.9, -82.8484284177 38.5598735041 15.909, -82.848213608 38.5600056171 15.924, -82.8478755389 38.5601932336 15.946, -82.8474981884 38.5603743941 15.97, -82.8473030274 38.5604520421 15.982, -82.8471712792 38.5604922284 15.99, -82.8469072015 38.5605607744 16.005, -82.8467180974 38.5606179652 16.016, -82.8465391325 38.5606841946 16.026, -82.8463726973 38.5607608936 16.037, -82.8462209215 38.5608472911 16.047, -82.84608385 38.5609422904 16.057, -82.8459556521 38.5610605821 16.068, -82.8458429304 38.5611767797 16.078, -82.8457431653 38.5613015347 16.088, -82.8456243584 38.5614829666 16.102, -82.8453960185 38.5618589666 16.131, -82.8452372164 38.5621754042 16.154, -82.8451759586 38.5623348905 16.166, -82.8451201305 38.5624986306 16.177, -82.8450735662 38.5626669925 16.189, -82.8449609565 38.5631331815 16.222, -82.8448964084 38.5633667608 16.238, -82.8446725998 38.5640428617 16.286, -82.8446409134 38.5642242234 16.299, -82.8446036134 38.5645735756 16.323, -82.8445857465 38.5648475811 16.342, -82.8445902284 38.5650344975 16.355, -82.8446406605 38.5652538563 16.37, -82.8447021818 38.5653965652 16.381, -82.8447781675 38.5656245149 16.397, -82.8448032946 38.5658025962 16.409, -82.8448050452 38.5660584 16.427, -82.8447598222 38.5663869542 16.45, -82.8446811381 38.566641616 16.468, -82.8445831341 38.5669334409 16.489, -82.8444958621 38.5673428322 16.517, -82.8444771975 38.5674605044 16.526, -82.8444606273 38.5676400383 16.538, -82.8444578036 38.5680111115 16.564, -82.8445256268 38.5683742962 16.589, -82.8446634478 38.5689312202 16.628, -82.8447162278 38.5691179436 16.641, -82.8448487931 38.5694898536 16.668, -82.8449913559 38.5698655794 16.695, -82.8450463351 38.5699880733 16.704, -82.8450654953 38.5700520011 16.708, -82.8451012676 38.570244078 16.722, -82.8451582257 38.570607821 16.747, -82.8451791486 38.5709978804 16.774, -82.8451690503 38.5711995496 16.788, -82.8451429202 38.5715230761 16.81, -82.8450973862 38.5718329413 16.832, -82.8450724182 38.5719507333 16.84, -82.8450233442 38.5721116169 16.851, -82.8449583078 38.5722602956 16.862, -82.8449301719 38.5723079581 16.866, -82.8448677157 38.5724003841 16.873, -82.8447497117 38.5725257919 16.884, -82.8446104668 38.5726396913 16.895, -82.8441133215 38.5729453819 16.929, -82.8439561024 38.5730536218 16.94, -82.8437602915 38.5732172345 16.956, -82.8433710346 38.57360825 16.99, -82.8432827581 38.5736898792 16.997, -82.8431460438 38.5738016414 17.008, -82.8429997018 38.5739002555 17.018, -82.8428424216 38.5739834931 17.029, -82.8426798841 38.5740580856 17.039, -82.8425067819 38.5741167614 17.049, -82.8423879083 38.5741492911 17.056, -82.8419611803 38.5742498344 17.08, -82.8417800996 38.5742978739 17.09, -82.8416107972 38.57435774 17.101, -82.8415044879 38.5744087079 17.107, -82.8414345924 38.5744504018 17.112, -82.8413567977 38.5744971228 17.117, -82.8411779305 38.5746303776 17.13, -82.8410812066 38.5747131718 17.138, -82.8405523062 38.575165594 17.182, -82.8404552516 38.5752478301 17.19, -82.8403294509 38.5753520512 17.2)"
"District 09","Greenup","09-00132.00","KY","2","KY-2","PE & ENVIRONMENTAL(O)","13.2","17.2","RECONSTRUCT KY-2 FROM MP 13.2 TO US-23 (MP 17.2)(08CCN)(14CCR)(16CCR)(18CCN) (2024CCR)","","1998","2026","D","STP2","750000","2029","","","","045-KY-0002-000","LINESTRING Z (-82.8708175438 38.5304145988 13.2, -82.8707987559 38.5304384444 13.202, -82.8704783984 38.5308567655 13.237, -82.8703620838 38.530995426 13.249, -82.8702854078 38.5310776306 13.256, -82.8702032818 38.5311561311 13.263, -82.8700597216 38.5312672074 13.274, -82.8698940628 38.5313620886 13.286, -82.869772747 38.5314143652 13.294, -82.8696436867 38.531459036 13.301, -82.8695065369 38.5314870282 13.309, -82.8692944107 38.5315184202 13.321, -82.8690728518 38.5315317275 13.334, -82.8686911365 38.5315265886 13.355, -82.8683865313 38.5315439231 13.372, -82.8683102675 38.5315533354 13.376, -82.8680872036 38.5315959995 13.389, -82.8676410337 38.5317090702 13.415, -82.8674878575 38.5317443622 13.424, -82.8672813338 38.531784404 13.436, -82.8670073749 38.5318228078 13.452, -82.8667637947 38.5318446417 13.465, -82.8665215116 38.5318601873 13.479, -82.8660541373 38.5318809818 13.505, -82.8658331236 38.5318981421 13.518, -82.865618779 38.531932496 13.53, -82.8654806695 38.5319670527 13.538, -82.8654131869 38.5319843698 13.542, -82.8652198842 38.53205275 13.554, -82.8650358912 38.5321334435 13.566, -82.8648612908 38.5322242548 13.577, -82.8647050186 38.532329247 13.589, -82.86457605 38.5324513852 13.6, -82.8644783363 38.5325880187 13.611, -82.864410064 38.5327319604 13.622, -82.8643633393 38.5328882391 13.634, -82.8643473449 38.5329746615 13.64, -82.864328772 38.5331088219 13.649, -82.864303764 38.5333974926 13.668, -82.8642588346 38.5337035357 13.689, -82.8642197425 38.5339146692 13.703, -82.8641567634 38.5340573657 13.713, -82.8641126958 38.5341727753 13.722, -82.8641007462 38.5341919899 13.723, -82.8640805809 38.5342244661 13.725, -82.8638555987 38.534519816 13.749, -82.8636571376 38.5348166339 13.772, -82.8635642545 38.5349726143 13.783, -82.8635181176 38.5351316538 13.794, -82.8634903913 38.5352938881 13.806, -82.8634865035 38.5353481873 13.809, -82.8634878228 38.535456733 13.817, -82.8635148003 38.5359439143 13.85, -82.8635123089 38.5361048385 13.861, -82.8634927714 38.5362634257 13.872, -82.8634538587 38.5364165969 13.882, -82.8634130711 38.5365463711 13.891, -82.8632999994 38.5367175199 13.904, -82.8631540595 38.5369150665 13.92, -82.8627711912 38.5374178345 13.96, -82.8626299758 38.5375575307 13.972, -82.8623453409 38.5377863184 13.994, -82.8616446745 38.5382939943 14.045, -82.8615548413 38.5383635112 14.052, -82.8613838195 38.5384961612 14.065, -82.861230254 38.5386207201 14.077, -82.8611823324 38.5386651578 14.08, -82.8609767437 38.5389115248 14.1, -82.8608223019 38.5391203995 14.117, -82.8604143589 38.5397261192 14.163, -82.8602605818 38.5399446253 14.18, -82.8600508002 38.5402084704 14.201, -82.8598587018 38.5404230218 14.219, -82.8592176459 38.5411120733 14.277, -82.8590755657 38.5412555902 14.289, -82.8589281976 38.5413912855 14.301, -82.8586172716 38.5416474462 14.325, -82.8583665784 38.541866338 14.345, -82.8581380893 38.5420986811 14.365, -82.8580296424 38.5422496087 14.377, -82.8579795443 38.5424022308 14.387, -82.8579501654 38.542561676 14.398, -82.857929664 38.5427265573 14.41, -82.8578869596 38.5432235805 14.443, -82.8578912575 38.5434159881 14.456, -82.8579059481 38.5435932635 14.468, -82.8579574764 38.5439538494 14.493, -82.8579966078 38.5441322697 14.505, -82.8580739133 38.5444335935 14.526, -82.8581615846 38.5447381922 14.547, -82.8582220786 38.5449869104 14.564, -82.858313487 38.5452943471 14.586, -82.8583428712 38.5454184103 14.594, -82.8583849328 38.5456378349 14.609, -82.8584213269 38.5457881668 14.62, -82.8584514961 38.5459721377 14.632, -82.8584634612 38.5460944038 14.64, -82.858468511 38.5462766647 14.653, -82.8584595844 38.5463964989 14.661, -82.8584274568 38.5465723596 14.673, -82.85839424 38.5466872071 14.681, -82.858327305 38.5468586503 14.693, -82.8582495033 38.5470306526 14.705, -82.8581645037 38.547198908 14.718, -82.8578668223 38.5477391731 14.758, -82.8578175233 38.5478448377 14.765, -82.8577638314 38.5480086353 14.777, -82.8577400111 38.548177831 14.788, -82.8577407569 38.5482918565 14.796, -82.8577495731 38.548405255 14.804, -82.8577955009 38.5486596622 14.821, -82.8580502926 38.5497732497 14.898, -82.8581124932 38.5501206329 14.922, -82.8581435941 38.5504139639 14.942, -82.8581595068 38.5507198364 14.963, -82.8581590839 38.5509698188 14.98, -82.8581399237 38.5514020316 15.009, -82.8581348904 38.5516447592 15.026, -82.8581380843 38.5518297208 15.038, -82.8581620278 38.5521448548 15.06, -82.8582078441 38.5524819484 15.083, -82.8582909837 38.5530965911 15.125, -82.858322597 38.5532794972 15.138, -82.8584542584 38.553870321 15.179, -82.8584717596 38.5539853041 15.187, -82.8584808146 38.5541547496 15.199, -82.8584693786 38.5543204007 15.21, -82.8584351234 38.554479177 15.221, -82.8583780925 38.5546299814 15.232, -82.8582924635 38.5547696511 15.242, -82.8582212331 38.5548547278 15.249, -82.8581026779 38.5549776625 15.26, -82.8579627014 38.5550937567 15.271, -82.8578441856 38.555171364 15.279, -82.8577514722 38.5552246 15.285, -82.8576367596 38.5552767507 15.292, -82.8575163116 38.5553235421 15.299, -82.8573881059 38.5553630018 15.306, -82.857232239 38.5553853049 15.315, -82.8570752123 38.5554015353 15.323, -82.8567261296 38.5554262757 15.342, -82.8566102373 38.5554462555 15.348, -82.8564924062 38.5554799226 15.355, -82.8563544209 38.5555455158 15.363, -82.8562334804 38.555631304 15.372, -82.8561488756 38.55570946 15.379, -82.8559068162 38.5559475123 15.4, -82.8556311169 38.556160295 15.42, -82.8554732822 38.5562589195 15.431, -82.855103578 38.5564600699 15.455, -82.8545324783 38.5567288368 15.491, -82.8542754761 38.5568401522 15.507, -82.8539237172 38.5569766283 15.528, -82.8538132701 38.557026957 15.535, -82.8536690465 38.5571086031 15.545, -82.8534797535 38.5572240397 15.558, -82.8532859578 38.5573737061 15.572, -82.8531088248 38.5575443819 15.588, -82.8529402231 38.557729276 15.603, -82.8527665921 38.5578909705 15.618, -82.8525788308 38.5580295193 15.632, -82.8524317212 38.5581132919 15.642, -82.8522376019 38.558209104 15.654, -82.851929009 38.5583419575 15.673, -82.8517687639 38.5584039805 15.683, -82.8516027906 38.558451579 15.692, -82.8512696498 38.5585239432 15.711, -82.8511009086 38.5585530673 15.72, -82.850681635 38.5585562976 15.743, -82.8503845407 38.5585399821 15.759, -82.8500812542 38.5585298329 15.776, -82.8499689801 38.5585378062 15.782, -82.8498463768 38.5585680546 15.789, -82.8497627568 38.5585945838 15.794, -82.8496743656 38.558635557 15.799, -82.8495513139 38.5587124958 15.808, -82.8494712641 38.5587902095 15.815, -82.8493549393 38.5589181347 15.826, -82.8492279079 38.5590955224 15.84, -82.8490895392 38.5592764792 15.854, -82.8489500526 38.559441475 15.868, -82.8488324031 38.5595674451 15.879, -82.8485572712 38.5597826981 15.9, -82.8484284177 38.5598735041 15.909, -82.848213608 38.5600056171 15.924, -82.8478755389 38.5601932336 15.946, -82.8474981884 38.5603743941 15.97, -82.8473030274 38.5604520421 15.982, -82.8471712792 38.5604922284 15.99, -82.8469072015 38.5605607744 16.005, -82.8467180974 38.5606179652 16.016, -82.8465391325 38.5606841946 16.026, -82.8463726973 38.5607608936 16.037, -82.8462209215 38.5608472911 16.047, -82.84608385 38.5609422904 16.057, -82.8459556521 38.5610605821 16.068, -82.8458429304 38.5611767797 16.078, -82.8457431653 38.5613015347 16.088, -82.8456243584 38.5614829666 16.102, -82.8453960185 38.5618589666 16.131, -82.8452372164 38.5621754042 16.154, -82.8451759586 38.5623348905 16.166, -82.8451201305 38.5624986306 16.177, -82.8450735662 38.5626669925 16.189, -82.8449609565 38.5631331815 16.222, -82.8448964084 38.5633667608 16.238, -82.8446725998 38.5640428617 16.286, -82.8446409134 38.5642242234 16.299, -82.8446036134 38.5645735756 16.323, -82.8445857465 38.5648475811 16.342, -82.8445902284 38.5650344975 16.355, -82.8446406605 38.5652538563 16.37, -82.8447021818 38.5653965652 16.381, -82.8447781675 38.5656245149 16.397, -82.8448032946 38.5658025962 16.409, -82.8448050452 38.5660584 16.427, -82.8447598222 38.5663869542 16.45, -82.8446811381 38.566641616 16.468, -82.8445831341 38.5669334409 16.489, -82.8444958621 38.5673428322 16.517, -82.8444771975 38.5674605044 16.526, -82.8444606273 38.5676400383 16.538, -82.8444578036 38.5680111115 16.564, -82.8445256268 38.5683742962 16.589, -82.8446634478 38.5689312202 16.628, -82.8447162278 38.5691179436 16.641, -82.8448487931 38.5694898536 16.668, -82.8449913559 38.5698655794 16.695, -82.8450463351 38.5699880733 16.704, -82.8450654953 38.5700520011 16.708, -82.8451012676 38.570244078 16.722, -82.8451582257 38.570607821 16.747, -82.8451791486 38.5709978804 16.774, -82.8451690503 38.5711995496 16.788, -82.8451429202 38.5715230761 16.81, -82.8450973862 38.5718329413 16.832, -82.8450724182 38.5719507333 16.84, -82.8450233442 38.5721116169 16.851, -82.8449583078 38.5722602956 16.862, -82.8449301719 38.5723079581 16.866, -82.8448677157 38.5724003841 16.873, -82.8447497117 38.5725257919 16.884, -82.8446104668 38.5726396913 16.895, -82.8441133215 38.5729453819 16.929, -82.8439561024 38.5730536218 16.94, -82.8437602915 38.5732172345 16.956, -82.8433710346 38.57360825 16.99, -82.8432827581 38.5736898792 16.997, -82.8431460438 38.5738016414 17.008, -82.8429997018 38.5739002555 17.018, -82.8428424216 38.5739834931 17.029, -82.8426798841 38.5740580856 17.039, -82.8425067819 38.5741167614 17.049, -82.8423879083 38.5741492911 17.056, -82.8419611803 38.5742498344 17.08, -82.8417800996 38.5742978739 17.09, -82.8416107972 38.57435774 17.101, -82.8415044879 38.5744087079 17.107, -82.8414345924 38.5744504018 17.112, -82.8413567977 38.5744971228 17.117, -82.8411779305 38.5746303776 17.13, -82.8410812066 38.5747131718 17.138, -82.8405523062 38.575165594 17.182, -82.8404552516 38.5752478301 17.19, -82.8403294509 38.5753520512 17.2)"
"District 09","Greenup","09-00132.00","KY","2","KY-2","PE & ENVIRONMENTAL(O)","13.2","17.2","RECONSTRUCT KY-2 FROM MP 13.2 TO US-23 (MP 17.2)(08CCN)(14CCR)(16CCR)(18CCN) (2024CCR)","","1998","2026","R","SPP","9350000","2030","","","","045-KY-0002-000","LINESTRING Z (-82.8708175438 38.5304145988 13.2, -82.8707987559 38.5304384444 13.202, -82.8704783984 38.5308567655 13.237, -82.8703620838 38.530995426 13.249, -82.8702854078 38.5310776306 13.256, -82.8702032818 38.5311561311 13.263, -82.8700597216 38.5312672074 13.274, -82.8698940628 38.5313620886 13.286, -82.869772747 38.5314143652 13.294, -82.8696436867 38.531459036 13.301, -82.8695065369 38.5314870282 13.309, -82.8692944107 38.5315184202 13.321, -82.8690728518 38.5315317275 13.334, -82.8686911365 38.5315265886 13.355, -82.8683865313 38.5315439231 13.372, -82.8683102675 38.5315533354 13.376, -82.8680872036 38.5315959995 13.389, -82.8676410337 38.5317090702 13.415, -82.8674878575 38.5317443622 13.424, -82.8672813338 38.531784404 13.436, -82.8670073749 38.5318228078 13.452, -82.8667637947 38.5318446417 13.465, -82.8665215116 38.5318601873 13.479, -82.8660541373 38.5318809818 13.505, -82.8658331236 38.5318981421 13.518, -82.865618779 38.531932496 13.53, -82.8654806695 38.5319670527 13.538, -82.8654131869 38.5319843698 13.542, -82.8652198842 38.53205275 13.554, -82.8650358912 38.5321334435 13.566, -82.8648612908 38.5322242548 13.577, -82.8647050186 38.532329247 13.589, -82.86457605 38.5324513852 13.6, -82.8644783363 38.5325880187 13.611, -82.864410064 38.5327319604 13.622, -82.8643633393 38.5328882391 13.634, -82.8643473449 38.5329746615 13.64, -82.864328772 38.5331088219 13.649, -82.864303764 38.5333974926 13.668, -82.8642588346 38.5337035357 13.689, -82.8642197425 38.5339146692 13.703, -82.8641567634 38.5340573657 13.713, -82.8641126958 38.5341727753 13.722, -82.8641007462 38.5341919899 13.723, -82.8640805809 38.5342244661 13.725, -82.8638555987 38.534519816 13.749, -82.8636571376 38.5348166339 13.772, -82.8635642545 38.5349726143 13.783, -82.8635181176 38.5351316538 13.794, -82.8634903913 38.5352938881 13.806, -82.8634865035 38.5353481873 13.809, -82.8634878228 38.535456733 13.817, -82.8635148003 38.5359439143 13.85, -82.8635123089 38.5361048385 13.861, -82.8634927714 38.5362634257 13.872, -82.8634538587 38.5364165969 13.882, -82.8634130711 38.5365463711 13.891, -82.8632999994 38.5367175199 13.904, -82.8631540595 38.5369150665 13.92, -82.8627711912 38.5374178345 13.96, -82.8626299758 38.5375575307 13.972, -82.8623453409 38.5377863184 13.994, -82.8616446745 38.5382939943 14.045, -82.8615548413 38.5383635112 14.052, -82.8613838195 38.5384961612 14.065, -82.861230254 38.5386207201 14.077, -82.8611823324 38.5386651578 14.08, -82.8609767437 38.5389115248 14.1, -82.8608223019 38.5391203995 14.117, -82.8604143589 38.5397261192 14.163, -82.8602605818 38.5399446253 14.18, -82.8600508002 38.5402084704 14.201, -82.8598587018 38.5404230218 14.219, -82.8592176459 38.5411120733 14.277, -82.8590755657 38.5412555902 14.289, -82.8589281976 38.5413912855 14.301, -82.8586172716 38.5416474462 14.325, -82.8583665784 38.541866338 14.345, -82.8581380893 38.5420986811 14.365, -82.8580296424 38.5422496087 14.377, -82.8579795443 38.5424022308 14.387, -82.8579501654 38.542561676 14.398, -82.857929664 38.5427265573 14.41, -82.8578869596 38.5432235805 14.443, -82.8578912575 38.5434159881 14.456, -82.8579059481 38.5435932635 14.468, -82.8579574764 38.5439538494 14.493, -82.8579966078 38.5441322697 14.505, -82.8580739133 38.5444335935 14.526, -82.8581615846 38.5447381922 14.547, -82.8582220786 38.5449869104 14.564, -82.858313487 38.5452943471 14.586, -82.8583428712 38.5454184103 14.594, -82.8583849328 38.5456378349 14.609, -82.8584213269 38.5457881668 14.62, -82.8584514961 38.5459721377 14.632, -82.8584634612 38.5460944038 14.64, -82.858468511 38.5462766647 14.653, -82.8584595844 38.5463964989 14.661, -82.8584274568 38.5465723596 14.673, -82.85839424 38.5466872071 14.681, -82.858327305 38.5468586503 14.693, -82.8582495033 38.5470306526 14.705, -82.8581645037 38.547198908 14.718, -82.8578668223 38.5477391731 14.758, -82.8578175233 38.5478448377 14.765, -82.8577638314 38.5480086353 14.777, -82.8577400111 38.548177831 14.788, -82.8577407569 38.5482918565 14.796, -82.8577495731 38.548405255 14.804, -82.8577955009 38.5486596622 14.821, -82.8580502926 38.5497732497 14.898, -82.8581124932 38.5501206329 14.922, -82.8581435941 38.5504139639 14.942, -82.8581595068 38.5507198364 14.963, -82.8581590839 38.5509698188 14.98, -82.8581399237 38.5514020316 15.009, -82.8581348904 38.5516447592 15.026, -82.8581380843 38.5518297208 15.038, -82.8581620278 38.5521448548 15.06, -82.8582078441 38.5524819484 15.083, -82.8582909837 38.5530965911 15.125, -82.858322597 38.5532794972 15.138, -82.8584542584 38.553870321 15.179, -82.8584717596 38.5539853041 15.187, -82.8584808146 38.5541547496 15.199, -82.8584693786 38.5543204007 15.21, -82.8584351234 38.554479177 15.221, -82.8583780925 38.5546299814 15.232, -82.8582924635 38.5547696511 15.242, -82.8582212331 38.5548547278 15.249, -82.8581026779 38.5549776625 15.26, -82.8579627014 38.5550937567 15.271, -82.8578441856 38.555171364 15.279, -82.8577514722 38.5552246 15.285, -82.8576367596 38.5552767507 15.292, -82.8575163116 38.5553235421 15.299, -82.8573881059 38.5553630018 15.306, -82.857232239 38.5553853049 15.315, -82.8570752123 38.5554015353 15.323, -82.8567261296 38.5554262757 15.342, -82.8566102373 38.5554462555 15.348, -82.8564924062 38.5554799226 15.355, -82.8563544209 38.5555455158 15.363, -82.8562334804 38.555631304 15.372, -82.8561488756 38.55570946 15.379, -82.8559068162 38.5559475123 15.4, -82.8556311169 38.556160295 15.42, -82.8554732822 38.5562589195 15.431, -82.855103578 38.5564600699 15.455, -82.8545324783 38.5567288368 15.491, -82.8542754761 38.5568401522 15.507, -82.8539237172 38.5569766283 15.528, -82.8538132701 38.557026957 15.535, -82.8536690465 38.5571086031 15.545, -82.8534797535 38.5572240397 15.558, -82.8532859578 38.5573737061 15.572, -82.8531088248 38.5575443819 15.588, -82.8529402231 38.557729276 15.603, -82.8527665921 38.5578909705 15.618, -82.8525788308 38.5580295193 15.632, -82.8524317212 38.5581132919 15.642, -82.8522376019 38.558209104 15.654, -82.851929009 38.5583419575 15.673, -82.8517687639 38.5584039805 15.683, -82.8516027906 38.558451579 15.692, -82.8512696498 38.5585239432 15.711, -82.8511009086 38.5585530673 15.72, -82.850681635 38.5585562976 15.743, -82.8503845407 38.5585399821 15.759, -82.8500812542 38.5585298329 15.776, -82.8499689801 38.5585378062 15.782, -82.8498463768 38.5585680546 15.789, -82.8497627568 38.5585945838 15.794, -82.8496743656 38.558635557 15.799, -82.8495513139 38.5587124958 15.808, -82.8494712641 38.5587902095 15.815, -82.8493549393 38.5589181347 15.826, -82.8492279079 38.5590955224 15.84, -82.8490895392 38.5592764792 15.854, -82.8489500526 38.559441475 15.868, -82.8488324031 38.5595674451 15.879, -82.8485572712 38.5597826981 15.9, -82.8484284177 38.5598735041 15.909, -82.848213608 38.5600056171 15.924, -82.8478755389 38.5601932336 15.946, -82.8474981884 38.5603743941 15.97, -82.8473030274 38.5604520421 15.982, -82.8471712792 38.5604922284 15.99, -82.8469072015 38.5605607744 16.005, -82.8467180974 38.5606179652 16.016, -82.8465391325 38.5606841946 16.026, -82.8463726973 38.5607608936 16.037, -82.8462209215 38.5608472911 16.047, -82.84608385 38.5609422904 16.057, -82.8459556521 38.5610605821 16.068, -82.8458429304 38.5611767797 16.078, -82.8457431653 38.5613015347 16.088, -82.8456243584 38.5614829666 16.102, -82.8453960185 38.5618589666 16.131, -82.8452372164 38.5621754042 16.154, -82.8451759586 38.5623348905 16.166, -82.8451201305 38.5624986306 16.177, -82.8450735662 38.5626669925 16.189, -82.8449609565 38.5631331815 16.222, -82.8448964084 38.5633667608 16.238, -82.8446725998 38.5640428617 16.286, -82.8446409134 38.5642242234 16.299, -82.8446036134 38.5645735756 16.323, -82.8445857465 38.5648475811 16.342, -82.8445902284 38.5650344975 16.355, -82.8446406605 38.5652538563 16.37, -82.8447021818 38.5653965652 16.381, -82.8447781675 38.5656245149 16.397, -82.8448032946 38.5658025962 16.409, -82.8448050452 38.5660584 16.427, -82.8447598222 38.5663869542 16.45, -82.8446811381 38.566641616 16.468, -82.8445831341 38.5669334409 16.489, -82.8444958621 38.5673428322 16.517, -82.8444771975 38.5674605044 16.526, -82.8444606273 38.5676400383 16.538, -82.8444578036 38.5680111115 16.564, -82.8445256268 38.5683742962 16.589, -82.8446634478 38.5689312202 16.628, -82.8447162278 38.5691179436 16.641, -82.8448487931 38.5694898536 16.668, -82.8449913559 38.5698655794 16.695, -82.8450463351 38.5699880733 16.704, -82.8450654953 38.5700520011 16.708, -82.8451012676 38.570244078 16.722, -82.8451582257 38.570607821 16.747, -82.8451791486 38.5709978804 16.774, -82.8451690503 38.5711995496 16.788, -82.8451429202 38.5715230761 16.81, -82.8450973862 38.5718329413 16.832, -82.8450724182 38.5719507333 16.84, -82.8450233442 38.5721116169 16.851, -82.8449583078 38.5722602956 16.862, -82.8449301719 38.5723079581 16.866, -82.8448677157 38.5724003841 16.873, -82.8447497117 38.5725257919 16.884, -82.8446104668 38.5726396913 16.895, -82.8441133215 38.5729453819 16.929, -82.8439561024 38.5730536218 16.94, -82.8437602915 38.5732172345 16.956, -82.8433710346 38.57360825 16.99, -82.8432827581 38.5736898792 16.997, -82.8431460438 38.5738016414 17.008, -82.8429997018 38.5739002555 17.018, -82.8428424216 38.5739834931 17.029, -82.8426798841 38.5740580856 17.039, -82.8425067819 38.5741167614 17.049, -82.8423879083 38.5741492911 17.056, -82.8419611803 38.5742498344 17.08, -82.8417800996 38.5742978739 17.09, -82.8416107972 38.57435774 17.101, -82.8415044879 38.5744087079 17.107, -82.8414345924 38.5744504018 17.112, -82.8413567977 38.5744971228 17.117, -82.8411779305 38.5746303776 17.13, -82.8410812066 38.5747131718 17.138, -82.8405523062 38.575165594 17.182, -82.8404552516 38.5752478301 17.19, -82.8403294509 38.5753520512 17.2)"
"District 09","Greenup","09-00132.00","KY","2","KY-2","PE & ENVIRONMENTAL(O)","13.2","17.2","RECONSTRUCT KY-2 FROM MP 13.2 TO US-23 (MP 17.2)(08CCN)(14CCR)(16CCR)(18CCN) (2024CCR)","","1998","2026","C","SPP","98600000","2032","","","","045-KY-0002-000","LINESTRING Z (-82.8708175438 38.5304145988 13.2, -82.8707987559 38.5304384444 13.202, -82.8704783984 38.5308567655 13.237, -82.8703620838 38.530995426 13.249, -82.8702854078 38.5310776306 13.256, -82.8702032818 38.5311561311 13.263, -82.8700597216 38.5312672074 13.274, -82.8698940628 38.5313620886 13.286, -82.869772747 38.5314143652 13.294, -82.8696436867 38.531459036 13.301, -82.8695065369 38.5314870282 13.309, -82.8692944107 38.5315184202 13.321, -82.8690728518 38.5315317275 13.334, -82.8686911365 38.5315265886 13.355, -82.8683865313 38.5315439231 13.372, -82.8683102675 38.5315533354 13.376, -82.8680872036 38.5315959995 13.389, -82.8676410337 38.5317090702 13.415, -82.8674878575 38.5317443622 13.424, -82.8672813338 38.531784404 13.436, -82.8670073749 38.5318228078 13.452, -82.8667637947 38.5318446417 13.465, -82.8665215116 38.5318601873 13.479, -82.8660541373 38.5318809818 13.505, -82.8658331236 38.5318981421 13.518, -82.865618779 38.531932496 13.53, -82.8654806695 38.5319670527 13.538, -82.8654131869 38.5319843698 13.542, -82.8652198842 38.53205275 13.554, -82.8650358912 38.5321334435 13.566, -82.8648612908 38.5322242548 13.577, -82.8647050186 38.532329247 13.589, -82.86457605 38.5324513852 13.6, -82.8644783363 38.5325880187 13.611, -82.864410064 38.5327319604 13.622, -82.8643633393 38.5328882391 13.634, -82.8643473449 38.5329746615 13.64, -82.864328772 38.5331088219 13.649, -82.864303764 38.5333974926 13.668, -82.8642588346 38.5337035357 13.689, -82.8642197425 38.5339146692 13.703, -82.8641567634 38.5340573657 13.713, -82.8641126958 38.5341727753 13.722, -82.8641007462 38.5341919899 13.723, -82.8640805809 38.5342244661 13.725, -82.8638555987 38.534519816 13.749, -82.8636571376 38.5348166339 13.772, -82.8635642545 38.5349726143 13.783, -82.8635181176 38.5351316538 13.794, -82.8634903913 38.5352938881 13.806, -82.8634865035 38.5353481873 13.809, -82.8634878228 38.535456733 13.817, -82.8635148003 38.5359439143 13.85, -82.8635123089 38.5361048385 13.861, -82.8634927714 38.5362634257 13.872, -82.8634538587 38.5364165969 13.882, -82.8634130711 38.5365463711 13.891, -82.8632999994 38.5367175199 13.904, -82.8631540595 38.5369150665 13.92, -82.8627711912 38.5374178345 13.96, -82.8626299758 38.5375575307 13.972, -82.8623453409 38.5377863184 13.994, -82.8616446745 38.5382939943 14.045, -82.8615548413 38.5383635112 14.052, -82.8613838195 38.5384961612 14.065, -82.861230254 38.5386207201 14.077, -82.8611823324 38.5386651578 14.08, -82.8609767437 38.5389115248 14.1, -82.8608223019 38.5391203995 14.117, -82.8604143589 38.5397261192 14.163, -82.8602605818 38.5399446253 14.18, -82.8600508002 38.5402084704 14.201, -82.8598587018 38.5404230218 14.219, -82.8592176459 38.5411120733 14.277, -82.8590755657 38.5412555902 14.289, -82.8589281976 38.5413912855 14.301, -82.8586172716 38.5416474462 14.325, -82.8583665784 38.541866338 14.345, -82.8581380893 38.5420986811 14.365, -82.8580296424 38.5422496087 14.377, -82.8579795443 38.5424022308 14.387, -82.8579501654 38.542561676 14.398, -82.857929664 38.5427265573 14.41, -82.8578869596 38.5432235805 14.443, -82.8578912575 38.5434159881 14.456, -82.8579059481 38.5435932635 14.468, -82.8579574764 38.5439538494 14.493, -82.8579966078 38.5441322697 14.505, -82.8580739133 38.5444335935 14.526, -82.8581615846 38.5447381922 14.547, -82.8582220786 38.5449869104 14.564, -82.858313487 38.5452943471 14.586, -82.8583428712 38.5454184103 14.594, -82.8583849328 38.5456378349 14.609, -82.8584213269 38.5457881668 14.62, -82.8584514961 38.5459721377 14.632, -82.8584634612 38.5460944038 14.64, -82.858468511 38.5462766647 14.653, -82.8584595844 38.5463964989 14.661, -82.8584274568 38.5465723596 14.673, -82.85839424 38.5466872071 14.681, -82.858327305 38.5468586503 14.693, -82.8582495033 38.5470306526 14.705, -82.8581645037 38.547198908 14.718, -82.8578668223 38.5477391731 14.758, -82.8578175233 38.5478448377 14.765, -82.8577638314 38.5480086353 14.777, -82.8577400111 38.548177831 14.788, -82.8577407569 38.5482918565 14.796, -82.8577495731 38.548405255 14.804, -82.8577955009 38.5486596622 14.821, -82.8580502926 38.5497732497 14.898, -82.8581124932 38.5501206329 14.922, -82.8581435941 38.5504139639 14.942, -82.8581595068 38.5507198364 14.963, -82.8581590839 38.5509698188 14.98, -82.8581399237 38.5514020316 15.009, -82.8581348904 38.5516447592 15.026, -82.8581380843 38.5518297208 15.038, -82.8581620278 38.5521448548 15.06, -82.8582078441 38.5524819484 15.083, -82.8582909837 38.5530965911 15.125, -82.858322597 38.5532794972 15.138, -82.8584542584 38.553870321 15.179, -82.8584717596 38.5539853041 15.187, -82.8584808146 38.5541547496 15.199, -82.8584693786 38.5543204007 15.21, -82.8584351234 38.554479177 15.221, -82.8583780925 38.5546299814 15.232, -82.8582924635 38.5547696511 15.242, -82.8582212331 38.5548547278 15.249, -82.8581026779 38.5549776625 15.26, -82.8579627014 38.5550937567 15.271, -82.8578441856 38.555171364 15.279, -82.8577514722 38.5552246 15.285, -82.8576367596 38.5552767507 15.292, -82.8575163116 38.5553235421 15.299, -82.8573881059 38.5553630018 15.306, -82.857232239 38.5553853049 15.315, -82.8570752123 38.5554015353 15.323, -82.8567261296 38.5554262757 15.342, -82.8566102373 38.5554462555 15.348, -82.8564924062 38.5554799226 15.355, -82.8563544209 38.5555455158 15.363, -82.8562334804 38.555631304 15.372, -82.8561488756 38.55570946 15.379, -82.8559068162 38.5559475123 15.4, -82.8556311169 38.556160295 15.42, -82.8554732822 38.5562589195 15.431, -82.855103578 38.5564600699 15.455, -82.8545324783 38.5567288368 15.491, -82.8542754761 38.5568401522 15.507, -82.8539237172 38.5569766283 15.528, -82.8538132701 38.557026957 15.535, -82.8536690465 38.5571086031 15.545, -82.8534797535 38.5572240397 15.558, -82.8532859578 38.5573737061 15.572, -82.8531088248 38.5575443819 15.588, -82.8529402231 38.557729276 15.603, -82.8527665921 38.5578909705 15.618, -82.8525788308 38.5580295193 15.632, -82.8524317212 38.5581132919 15.642, -82.8522376019 38.558209104 15.654, -82.851929009 38.5583419575 15.673, -82.8517687639 38.5584039805 15.683, -82.8516027906 38.558451579 15.692, -82.8512696498 38.5585239432 15.711, -82.8511009086 38.5585530673 15.72, -82.850681635 38.5585562976 15.743, -82.8503845407 38.5585399821 15.759, -82.8500812542 38.5585298329 15.776, -82.8499689801 38.5585378062 15.782, -82.8498463768 38.5585680546 15.789, -82.8497627568 38.5585945838 15.794, -82.8496743656 38.558635557 15.799, -82.8495513139 38.5587124958 15.808, -82.8494712641 38.5587902095 15.815, -82.8493549393 38.5589181347 15.826, -82.8492279079 38.5590955224 15.84, -82.8490895392 38.5592764792 15.854, -82.8489500526 38.559441475 15.868, -82.8488324031 38.5595674451 15.879, -82.8485572712 38.5597826981 15.9, -82.8484284177 38.5598735041 15.909, -82.848213608 38.5600056171 15.924, -82.8478755389 38.5601932336 15.946, -82.8474981884 38.5603743941 15.97, -82.8473030274 38.5604520421 15.982, -82.8471712792 38.5604922284 15.99, -82.8469072015 38.5605607744 16.005, -82.8467180974 38.5606179652 16.016, -82.8465391325 38.5606841946 16.026, -82.8463726973 38.5607608936 16.037, -82.8462209215 38.5608472911 16.047, -82.84608385 38.5609422904 16.057, -82.8459556521 38.5610605821 16.068, -82.8458429304 38.5611767797 16.078, -82.8457431653 38.5613015347 16.088, -82.8456243584 38.5614829666 16.102, -82.8453960185 38.5618589666 16.131, -82.8452372164 38.5621754042 16.154, -82.8451759586 38.5623348905 16.166, -82.8451201305 38.5624986306 16.177, -82.8450735662 38.5626669925 16.189, -82.8449609565 38.5631331815 16.222, -82.8448964084 38.5633667608 16.238, -82.8446725998 38.5640428617 16.286, -82.8446409134 38.5642242234 16.299, -82.8446036134 38.5645735756 16.323, -82.8445857465 38.5648475811 16.342, -82.8445902284 38.5650344975 16.355, -82.8446406605 38.5652538563 16.37, -82.8447021818 38.5653965652 16.381, -82.8447781675 38.5656245149 16.397, -82.8448032946 38.5658025962 16.409, -82.8448050452 38.5660584 16.427, -82.8447598222 38.5663869542 16.45, -82.8446811381 38.566641616 16.468, -82.8445831341 38.5669334409 16.489, -82.8444958621 38.5673428322 16.517, -82.8444771975 38.5674605044 16.526, -82.8444606273 38.5676400383 16.538, -82.8444578036 38.5680111115 16.564, -82.8445256268 38.5683742962 16.589, -82.8446634478 38.5689312202 16.628, -82.8447162278 38.5691179436 16.641, -82.8448487931 38.5694898536 16.668, -82.8449913559 38.5698655794 16.695, -82.8450463351 38.5699880733 16.704, -82.8450654953 38.5700520011 16.708, -82.8451012676 38.570244078 16.722, -82.8451582257 38.570607821 16.747, -82.8451791486 38.5709978804 16.774, -82.8451690503 38.5711995496 16.788, -82.8451429202 38.5715230761 16.81, -82.8450973862 38.5718329413 16.832, -82.8450724182 38.5719507333 16.84, -82.8450233442 38.5721116169 16.851, -82.8449583078 38.5722602956 16.862, -82.8449301719 38.5723079581 16.866, -82.8448677157 38.5724003841 16.873, -82.8447497117 38.5725257919 16.884, -82.8446104668 38.5726396913 16.895, -82.8441133215 38.5729453819 16.929, -82.8439561024 38.5730536218 16.94, -82.8437602915 38.5732172345 16.956, -82.8433710346 38.57360825 16.99, -82.8432827581 38.5736898792 16.997, -82.8431460438 38.5738016414 17.008, -82.8429997018 38.5739002555 17.018, -82.8428424216 38.5739834931 17.029, -82.8426798841 38.5740580856 17.039, -82.8425067819 38.5741167614 17.049, -82.8423879083 38.5741492911 17.056, -82.8419611803 38.5742498344 17.08, -82.8417800996 38.5742978739 17.09, -82.8416107972 38.57435774 17.101, -82.8415044879 38.5744087079 17.107, -82.8414345924 38.5744504018 17.112, -82.8413567977 38.5744971228 17.117, -82.8411779305 38.5746303776 17.13, -82.8410812066 38.5747131718 17.138, -82.8405523062 38.575165594 17.182, -82.8404552516 38.5752478301 17.19, -82.8403294509 38.5753520512 17.2)"
"District 09","Greenup","09-08509.10","KY","207","KY-207","TRANSP ENHANCEMENT(P)","11.0","15.0","Improve KY 207 from the intersection with KY 67 (MP 11) to MP 15 (Design under 9-8509) (2026CCN)","","2026","2026","R","STPF","8000000","2027","","","","045-KY-0207-000","LINESTRING Z (-82.7933862375 38.5003714676 11, -82.7929415903 38.5003794086 11.024, -82.7926798027 38.5003778331 11.038, -82.7924026767 38.5003665336 11.053, -82.7920388462 38.5003379628 11.073, -82.7916112358 38.5002871972 11.096, -82.7911897176 38.500215428 11.12, -82.7907972697 38.5001336673 11.142, -82.7899690489 38.4998830716 11.19, -82.788923302 38.4995479222 11.251, -82.7886055988 38.4994507108 11.27, -82.7874794555 38.499124257 11.335, -82.7870611527 38.499007772 11.359, -82.786783917 38.4989387635 11.375, -82.7865052951 38.4988867531 11.391, -82.7862703117 38.4988622055 11.403, -82.7858927865 38.4988612958 11.424, -82.7855672753 38.4988795417 11.442, -82.785387692 38.4989028047 11.452, -82.7852767988 38.4989305305 11.458, -82.7851799456 38.4989654748 11.464, -82.7850970897 38.4990087358 11.469, -82.784988932 38.4990898265 11.477, -82.7849026701 38.4991827282 11.485, -82.7844801987 38.4997743816 11.532, -82.784402426 38.4998993636 11.542, -82.7843479445 38.4999757512 11.548, -82.784261122 38.500151606 11.561, -82.7840817812 38.5004193825 11.582, -82.7838410714 38.5007609006 11.609, -82.7837240086 38.5008978125 11.62, -82.7836266998 38.50098714 11.628, -82.7835419493 38.5010512322 11.635, -82.7834505023 38.5011080144 11.641, -82.7833035229 38.5011807159 11.65, -82.7831438051 38.5012399118 11.66, -82.7829732216 38.5012911441 11.67, -82.7823652469 38.5014468292 11.705, -82.781478395 38.5016947153 11.756, -82.7809049566 38.5018089486 11.788, -82.7805188733 38.5018635784 11.809, -82.7803294076 38.5018802678 11.82, -82.7801416286 38.5018898566 11.83, -82.7799560521 38.501888236 11.84, -82.7794036437 38.5018543592 11.87, -82.7788366827 38.5018258857 11.901, -82.778696411 38.5018105611 11.908, -82.7784658081 38.5017726464 11.921, -82.7778827077 38.5016421136 11.954, -82.7777098482 38.5016114119 11.964, -82.7775947682 38.501595618 11.97, -82.7773633689 38.5015859779 11.983, -82.7772489289 38.5015888818 11.989, -82.7770783236 38.5016060383 11.998, -82.7769153768 38.5016412442 12.007, -82.7767697409 38.5016892458 12.016, -82.7766268181 38.5017565467 12.025, -82.7764483583 38.5018638921 12.037, -82.7763530297 38.5019213948 12.044, -82.7756983228 38.5023753311 12.091, -82.7754122921 38.5025574536 12.111, -82.7753289334 38.5026042665 12.117, -82.7752428982 38.5026652983 12.123, -82.7750156886 38.50280219 12.139, -82.7748356312 38.5025869602 12.157, -82.7747389718 38.5024532168 12.167, -82.7745997277 38.5022230756 12.185, -82.7744250214 38.5019019326 12.209, -82.7742310909 38.5014945935 12.239, -82.7740024427 38.5009435224 12.278, -82.773955456 38.5008005839 12.289, -82.7738376067 38.5003621826 12.319, -82.7737810225 38.5002231246 12.329, -82.7737100533 38.5000853543 12.34, -82.7736233348 38.4999480127 12.35, -82.7734123985 38.4996842032 12.372, -82.7730724383 38.4993177048 12.403, -82.7729554038 38.4992037792 12.413, -82.772772252 38.4990392931 12.428, -82.7725786836 38.4988816887 12.443, -82.7723823599 38.4987317067 12.458, -82.7721874031 38.4985911 12.472, -82.7720576431 38.4985065248 12.481, -82.7719203858 38.4984343981 12.49, -82.7718464034 38.4984053441 12.494, -82.7717730745 38.4983774051 12.499, -82.7716135701 38.4983365897 12.508, -82.7714443278 38.4983117389 12.517, -82.7712676224 38.4982985132 12.527, -82.7704805941 38.4982663994 12.569, -82.7701219316 38.4982659137 12.589, -82.7697061707 38.4982854219 12.611, -82.7696172231 38.49829775 12.616, -82.7693055494 38.498328112 12.633, -82.7684228334 38.4983880889 12.681, -82.7670130214 38.498514488 12.758, -82.7668488997 38.4985356393 12.767, -82.7666911687 38.4985629945 12.775, -82.7665415725 38.4985965986 12.784, -82.7664005985 38.4986416824 12.792, -82.7662673443 38.4986946536 12.8, -82.7661870458 38.4987349436 12.805, -82.7661134524 38.4987822703 12.81, -82.7660459996 38.4988333234 12.815, -82.7659842946 38.4988891908 12.82, -82.7658991016 38.4989810076 12.828, -82.7657429129 38.4991765356 12.844, -82.7655939708 38.4993829609 12.86, -82.7652607482 38.4999424519 12.903, -82.7650562379 38.5002771515 12.929, -82.7649066355 38.5005082841 12.946, -82.7638599361 38.5020270465 13.065, -82.7635131789 38.5025491036 13.105, -82.7634274787 38.5026617856 13.114, -82.7633277254 38.5027675195 13.124, -82.7632139778 38.5028649342 13.133, -82.763084881 38.5029528971 13.142, -82.7629923099 38.5030024918 13.148, -82.7625018426 38.5032330127 13.179, -82.7620489809 38.5034672254 13.208, -82.7617314914 38.503613908 13.228, -82.7615730626 38.503692339 13.238, -82.7611281505 38.503928671 13.267, -82.7609302271 38.5040324813 13.28, -82.7606092427 38.5041875897 13.3, -82.7604480374 38.504256883 13.31, -82.7602405396 38.5043296818 13.322, -82.7601138568 38.5043668761 13.33, -82.7599416129 38.5044067701 13.339, -82.7595887838 38.5044682144 13.359, -82.7592242958 38.50449832 13.379, -82.758852445 38.5045032371 13.399, -82.7586603159 38.504499221 13.409, -82.7581362994 38.5044632136 13.438, -82.757904191 38.504436485 13.45, -82.7576397094 38.5043891586 13.465, -82.757380735 38.5043268607 13.48, -82.7571678057 38.5042670961 13.492, -82.7566882031 38.5041195621 13.52, -82.7564860569 38.5040526507 13.532, -82.7560776501 38.503908284 13.556, -82.7559288014 38.5038718363 13.564, -82.755895418 38.5038674235 13.566, -82.7557788977 38.5038526708 13.572, -82.7556306204 38.5038536017 13.58, -82.755483371 38.5038721409 13.588, -82.7553362153 38.5039055178 13.597, -82.7545117015 38.5041391178 13.644, -82.7540241178 38.504306764 13.673, -82.7537279986 38.5044262168 13.691, -82.7535604864 38.504478584 13.7, -82.7532964094 38.50454115 13.715, -82.7530201489 38.5045852765 13.73, -82.7526305099 38.5046062103 13.751, -82.7520163041 38.504621197 13.785, -82.7513251846 38.5046617109 13.822, -82.7506801007 38.5047050318 13.857, -82.7499669078 38.5047381119 13.895, -82.7496404705 38.5047438741 13.913, -82.7494539312 38.504757017 13.923, -82.7492842018 38.5047694861 13.932, -82.7491868371 38.5047821353 13.938, -82.7491342464 38.5047942676 13.94, -82.7489311161 38.5048539697 13.952, -82.7487906845 38.5049108608 13.961, -82.7486989564 38.50495662 13.967, -82.7485604639 38.5050344394 13.976, -82.7482850698 38.5052109976 13.995, -82.7475140426 38.5056401385 14.046, -82.7473520806 38.5057360446 14.057, -82.7470125494 38.5058991641 14.078, -82.7468495829 38.5059854292 14.089, -82.7466986943 38.5060755706 14.099, -82.7465194936 38.5061910955 14.112, -82.7461435163 38.5064499962 14.139, -82.746011792 38.5065502375 14.149, -82.7457926311 38.5067364541 14.166, -82.745374586 38.5071088515 14.2, -82.7450552527 38.5074016013 14.227, -82.7448641307 38.5075860545 14.243, -82.744622793 38.5078439627 14.265, -82.7444078645 38.5080973191 14.286, -82.7442977808 38.5082494817 14.298, -82.744208777 38.5083906385 14.309, -82.744071476 38.5086352453 14.327, -82.7440056822 38.5087646266 14.337, -82.7439358773 38.5089235771 14.349, -82.7439095043 38.5090039553 14.355, -82.7438847569 38.5091640466 14.366, -82.7438839738 38.5092854583 14.374, -82.7439248701 38.50972057 14.405, -82.7439271955 38.5098088178 14.411, -82.7439190287 38.5098630085 14.415, -82.7438676366 38.5100674809 14.43, -82.743823877 38.5101454959 14.436, -82.7437700561 38.5102216078 14.442, -82.7436147981 38.5104094394 14.457, -82.7429756511 38.5111078309 14.517, -82.7427907238 38.511371011 14.538, -82.7427419595 38.5114260959 14.543, -82.7425817283 38.5116242398 14.559, -82.7424492581 38.5117678655 14.571, -82.7423543747 38.5118561243 14.579, -82.7420910077 38.5120623692 14.599, -82.7419084738 38.5121819236 14.612, -82.7411012225 38.5127326364 14.67, -82.7408126763 38.5129132407 14.69, -82.7404647699 38.513100307 14.713, -82.7403624458 38.5131482637 14.72, -82.7402037715 38.513214573 14.73, -82.7400361055 38.5132699398 14.739, -82.7399236513 38.5133006057 14.746, -82.7396221321 38.5133712606 14.763, -82.7389607915 38.5135443311 14.801, -82.7387442777 38.5135970834 14.813, -82.7385306591 38.513638919 14.825, -82.7384136291 38.5136617763 14.832, -82.7380118785 38.5137208174 14.854, -82.7362631579 38.5139083186 14.951, -82.7358623626 38.5139695751 14.973, -82.7353832976 38.5140612615 15)"
"District 09","Greenup","09-08509.10","KY","207","KY-207","TRANSP ENHANCEMENT(P)","11.0","15.0","Improve KY 207 from the intersection with KY 67 (MP 11) to MP 15 (Design under 9-8509) (2026CCN)","","2026","2026","U","STPF","3500000","2029","","","","045-KY-0207-000","LINESTRING Z (-82.7933862375 38.5003714676 11, -82.7929415903 38.5003794086 11.024, -82.7926798027 38.5003778331 11.038, -82.7924026767 38.5003665336 11.053, -82.7920388462 38.5003379628 11.073, -82.7916112358 38.5002871972 11.096, -82.7911897176 38.500215428 11.12, -82.7907972697 38.5001336673 11.142, -82.7899690489 38.4998830716 11.19, -82.788923302 38.4995479222 11.251, -82.7886055988 38.4994507108 11.27, -82.7874794555 38.499124257 11.335, -82.7870611527 38.499007772 11.359, -82.786783917 38.4989387635 11.375, -82.7865052951 38.4988867531 11.391, -82.7862703117 38.4988622055 11.403, -82.7858927865 38.4988612958 11.424, -82.7855672753 38.4988795417 11.442, -82.785387692 38.4989028047 11.452, -82.7852767988 38.4989305305 11.458, -82.7851799456 38.4989654748 11.464, -82.7850970897 38.4990087358 11.469, -82.784988932 38.4990898265 11.477, -82.7849026701 38.4991827282 11.485, -82.7844801987 38.4997743816 11.532, -82.784402426 38.4998993636 11.542, -82.7843479445 38.4999757512 11.548, -82.784261122 38.500151606 11.561, -82.7840817812 38.5004193825 11.582, -82.7838410714 38.5007609006 11.609, -82.7837240086 38.5008978125 11.62, -82.7836266998 38.50098714 11.628, -82.7835419493 38.5010512322 11.635, -82.7834505023 38.5011080144 11.641, -82.7833035229 38.5011807159 11.65, -82.7831438051 38.5012399118 11.66, -82.7829732216 38.5012911441 11.67, -82.7823652469 38.5014468292 11.705, -82.781478395 38.5016947153 11.756, -82.7809049566 38.5018089486 11.788, -82.7805188733 38.5018635784 11.809, -82.7803294076 38.5018802678 11.82, -82.7801416286 38.5018898566 11.83, -82.7799560521 38.501888236 11.84, -82.7794036437 38.5018543592 11.87, -82.7788366827 38.5018258857 11.901, -82.778696411 38.5018105611 11.908, -82.7784658081 38.5017726464 11.921, -82.7778827077 38.5016421136 11.954, -82.7777098482 38.5016114119 11.964, -82.7775947682 38.501595618 11.97, -82.7773633689 38.5015859779 11.983, -82.7772489289 38.5015888818 11.989, -82.7770783236 38.5016060383 11.998, -82.7769153768 38.5016412442 12.007, -82.7767697409 38.5016892458 12.016, -82.7766268181 38.5017565467 12.025, -82.7764483583 38.5018638921 12.037, -82.7763530297 38.5019213948 12.044, -82.7756983228 38.5023753311 12.091, -82.7754122921 38.5025574536 12.111, -82.7753289334 38.5026042665 12.117, -82.7752428982 38.5026652983 12.123, -82.7750156886 38.50280219 12.139, -82.7748356312 38.5025869602 12.157, -82.7747389718 38.5024532168 12.167, -82.7745997277 38.5022230756 12.185, -82.7744250214 38.5019019326 12.209, -82.7742310909 38.5014945935 12.239, -82.7740024427 38.5009435224 12.278, -82.773955456 38.5008005839 12.289, -82.7738376067 38.5003621826 12.319, -82.7737810225 38.5002231246 12.329, -82.7737100533 38.5000853543 12.34, -82.7736233348 38.4999480127 12.35, -82.7734123985 38.4996842032 12.372, -82.7730724383 38.4993177048 12.403, -82.7729554038 38.4992037792 12.413, -82.772772252 38.4990392931 12.428, -82.7725786836 38.4988816887 12.443, -82.7723823599 38.4987317067 12.458, -82.7721874031 38.4985911 12.472, -82.7720576431 38.4985065248 12.481, -82.7719203858 38.4984343981 12.49, -82.7718464034 38.4984053441 12.494, -82.7717730745 38.4983774051 12.499, -82.7716135701 38.4983365897 12.508, -82.7714443278 38.4983117389 12.517, -82.7712676224 38.4982985132 12.527, -82.7704805941 38.4982663994 12.569, -82.7701219316 38.4982659137 12.589, -82.7697061707 38.4982854219 12.611, -82.7696172231 38.49829775 12.616, -82.7693055494 38.498328112 12.633, -82.7684228334 38.4983880889 12.681, -82.7670130214 38.498514488 12.758, -82.7668488997 38.4985356393 12.767, -82.7666911687 38.4985629945 12.775, -82.7665415725 38.4985965986 12.784, -82.7664005985 38.4986416824 12.792, -82.7662673443 38.4986946536 12.8, -82.7661870458 38.4987349436 12.805, -82.7661134524 38.4987822703 12.81, -82.7660459996 38.4988333234 12.815, -82.7659842946 38.4988891908 12.82, -82.7658991016 38.4989810076 12.828, -82.7657429129 38.4991765356 12.844, -82.7655939708 38.4993829609 12.86, -82.7652607482 38.4999424519 12.903, -82.7650562379 38.5002771515 12.929, -82.7649066355 38.5005082841 12.946, -82.7638599361 38.5020270465 13.065, -82.7635131789 38.5025491036 13.105, -82.7634274787 38.5026617856 13.114, -82.7633277254 38.5027675195 13.124, -82.7632139778 38.5028649342 13.133, -82.763084881 38.5029528971 13.142, -82.7629923099 38.5030024918 13.148, -82.7625018426 38.5032330127 13.179, -82.7620489809 38.5034672254 13.208, -82.7617314914 38.503613908 13.228, -82.7615730626 38.503692339 13.238, -82.7611281505 38.503928671 13.267, -82.7609302271 38.5040324813 13.28, -82.7606092427 38.5041875897 13.3, -82.7604480374 38.504256883 13.31, -82.7602405396 38.5043296818 13.322, -82.7601138568 38.5043668761 13.33, -82.7599416129 38.5044067701 13.339, -82.7595887838 38.5044682144 13.359, -82.7592242958 38.50449832 13.379, -82.758852445 38.5045032371 13.399, -82.7586603159 38.504499221 13.409, -82.7581362994 38.5044632136 13.438, -82.757904191 38.504436485 13.45, -82.7576397094 38.5043891586 13.465, -82.757380735 38.5043268607 13.48, -82.7571678057 38.5042670961 13.492, -82.7566882031 38.5041195621 13.52, -82.7564860569 38.5040526507 13.532, -82.7560776501 38.503908284 13.556, -82.7559288014 38.5038718363 13.564, -82.755895418 38.5038674235 13.566, -82.7557788977 38.5038526708 13.572, -82.7556306204 38.5038536017 13.58, -82.755483371 38.5038721409 13.588, -82.7553362153 38.5039055178 13.597, -82.7545117015 38.5041391178 13.644, -82.7540241178 38.504306764 13.673, -82.7537279986 38.5044262168 13.691, -82.7535604864 38.504478584 13.7, -82.7532964094 38.50454115 13.715, -82.7530201489 38.5045852765 13.73, -82.7526305099 38.5046062103 13.751, -82.7520163041 38.504621197 13.785, -82.7513251846 38.5046617109 13.822, -82.7506801007 38.5047050318 13.857, -82.7499669078 38.5047381119 13.895, -82.7496404705 38.5047438741 13.913, -82.7494539312 38.504757017 13.923, -82.7492842018 38.5047694861 13.932, -82.7491868371 38.5047821353 13.938, -82.7491342464 38.5047942676 13.94, -82.7489311161 38.5048539697 13.952, -82.7487906845 38.5049108608 13.961, -82.7486989564 38.50495662 13.967, -82.7485604639 38.5050344394 13.976, -82.7482850698 38.5052109976 13.995, -82.7475140426 38.5056401385 14.046, -82.7473520806 38.5057360446 14.057, -82.7470125494 38.5058991641 14.078, -82.7468495829 38.5059854292 14.089, -82.7466986943 38.5060755706 14.099, -82.7465194936 38.5061910955 14.112, -82.7461435163 38.5064499962 14.139, -82.746011792 38.5065502375 14.149, -82.7457926311 38.5067364541 14.166, -82.745374586 38.5071088515 14.2, -82.7450552527 38.5074016013 14.227, -82.7448641307 38.5075860545 14.243, -82.744622793 38.5078439627 14.265, -82.7444078645 38.5080973191 14.286, -82.7442977808 38.5082494817 14.298, -82.744208777 38.5083906385 14.309, -82.744071476 38.5086352453 14.327, -82.7440056822 38.5087646266 14.337, -82.7439358773 38.5089235771 14.349, -82.7439095043 38.5090039553 14.355, -82.7438847569 38.5091640466 14.366, -82.7438839738 38.5092854583 14.374, -82.7439248701 38.50972057 14.405, -82.7439271955 38.5098088178 14.411, -82.7439190287 38.5098630085 14.415, -82.7438676366 38.5100674809 14.43, -82.743823877 38.5101454959 14.436, -82.7437700561 38.5102216078 14.442, -82.7436147981 38.5104094394 14.457, -82.7429756511 38.5111078309 14.517, -82.7427907238 38.511371011 14.538, -82.7427419595 38.5114260959 14.543, -82.7425817283 38.5116242398 14.559, -82.7424492581 38.5117678655 14.571, -82.7423543747 38.5118561243 14.579, -82.7420910077 38.5120623692 14.599, -82.7419084738 38.5121819236 14.612, -82.7411012225 38.5127326364 14.67, -82.7408126763 38.5129132407 14.69, -82.7404647699 38.513100307 14.713, -82.7403624458 38.5131482637 14.72, -82.7402037715 38.513214573 14.73, -82.7400361055 38.5132699398 14.739, -82.7399236513 38.5133006057 14.746, -82.7396221321 38.5133712606 14.763, -82.7389607915 38.5135443311 14.801, -82.7387442777 38.5135970834 14.813, -82.7385306591 38.513638919 14.825, -82.7384136291 38.5136617763 14.832, -82.7380118785 38.5137208174 14.854, -82.7362631579 38.5139083186 14.951, -82.7358623626 38.5139695751 14.973, -82.7353832976 38.5140612615 15)"
"District 09","Greenup","09-08509.10","KY","207","KY-207","TRANSP ENHANCEMENT(P)","11.0","15.0","Improve KY 207 from the intersection with KY 67 (MP 11) to MP 15 (Design under 9-8509) (2026CCN)","","2026","2026","C","STPF","25000000","2030","","","","045-KY-0207-000","LINESTRING Z (-82.7933862375 38.5003714676 11, -82.7929415903 38.5003794086 11.024, -82.7926798027 38.5003778331 11.038, -82.7924026767 38.5003665336 11.053, -82.7920388462 38.5003379628 11.073, -82.7916112358 38.5002871972 11.096, -82.7911897176 38.500215428 11.12, -82.7907972697 38.5001336673 11.142, -82.7899690489 38.4998830716 11.19, -82.788923302 38.4995479222 11.251, -82.7886055988 38.4994507108 11.27, -82.7874794555 38.499124257 11.335, -82.7870611527 38.499007772 11.359, -82.786783917 38.4989387635 11.375, -82.7865052951 38.4988867531 11.391, -82.7862703117 38.4988622055 11.403, -82.7858927865 38.4988612958 11.424, -82.7855672753 38.4988795417 11.442, -82.785387692 38.4989028047 11.452, -82.7852767988 38.4989305305 11.458, -82.7851799456 38.4989654748 11.464, -82.7850970897 38.4990087358 11.469, -82.784988932 38.4990898265 11.477, -82.7849026701 38.4991827282 11.485, -82.7844801987 38.4997743816 11.532, -82.784402426 38.4998993636 11.542, -82.7843479445 38.4999757512 11.548, -82.784261122 38.500151606 11.561, -82.7840817812 38.5004193825 11.582, -82.7838410714 38.5007609006 11.609, -82.7837240086 38.5008978125 11.62, -82.7836266998 38.50098714 11.628, -82.7835419493 38.5010512322 11.635, -82.7834505023 38.5011080144 11.641, -82.7833035229 38.5011807159 11.65, -82.7831438051 38.5012399118 11.66, -82.7829732216 38.5012911441 11.67, -82.7823652469 38.5014468292 11.705, -82.781478395 38.5016947153 11.756, -82.7809049566 38.5018089486 11.788, -82.7805188733 38.5018635784 11.809, -82.7803294076 38.5018802678 11.82, -82.7801416286 38.5018898566 11.83, -82.7799560521 38.501888236 11.84, -82.7794036437 38.5018543592 11.87, -82.7788366827 38.5018258857 11.901, -82.778696411 38.5018105611 11.908, -82.7784658081 38.5017726464 11.921, -82.7778827077 38.5016421136 11.954, -82.7777098482 38.5016114119 11.964, -82.7775947682 38.501595618 11.97, -82.7773633689 38.5015859779 11.983, -82.7772489289 38.5015888818 11.989, -82.7770783236 38.5016060383 11.998, -82.7769153768 38.5016412442 12.007, -82.7767697409 38.5016892458 12.016, -82.7766268181 38.5017565467 12.025, -82.7764483583 38.5018638921 12.037, -82.7763530297 38.5019213948 12.044, -82.7756983228 38.5023753311 12.091, -82.7754122921 38.5025574536 12.111, -82.7753289334 38.5026042665 12.117, -82.7752428982 38.5026652983 12.123, -82.7750156886 38.50280219 12.139, -82.7748356312 38.5025869602 12.157, -82.7747389718 38.5024532168 12.167, -82.7745997277 38.5022230756 12.185, -82.7744250214 38.5019019326 12.209, -82.7742310909 38.5014945935 12.239, -82.7740024427 38.5009435224 12.278, -82.773955456 38.5008005839 12.289, -82.7738376067 38.5003621826 12.319, -82.7737810225 38.5002231246 12.329, -82.7737100533 38.5000853543 12.34, -82.7736233348 38.4999480127 12.35, -82.7734123985 38.4996842032 12.372, -82.7730724383 38.4993177048 12.403, -82.7729554038 38.4992037792 12.413, -82.772772252 38.4990392931 12.428, -82.7725786836 38.4988816887 12.443, -82.7723823599 38.4987317067 12.458, -82.7721874031 38.4985911 12.472, -82.7720576431 38.4985065248 12.481, -82.7719203858 38.4984343981 12.49, -82.7718464034 38.4984053441 12.494, -82.7717730745 38.4983774051 12.499, -82.7716135701 38.4983365897 12.508, -82.7714443278 38.4983117389 12.517, -82.7712676224 38.4982985132 12.527, -82.7704805941 38.4982663994 12.569, -82.7701219316 38.4982659137 12.589, -82.7697061707 38.4982854219 12.611, -82.7696172231 38.49829775 12.616, -82.7693055494 38.498328112 12.633, -82.7684228334 38.4983880889 12.681, -82.7670130214 38.498514488 12.758, -82.7668488997 38.4985356393 12.767, -82.7666911687 38.4985629945 12.775, -82.7665415725 38.4985965986 12.784, -82.7664005985 38.4986416824 12.792, -82.7662673443 38.4986946536 12.8, -82.7661870458 38.4987349436 12.805, -82.7661134524 38.4987822703 12.81, -82.7660459996 38.4988333234 12.815, -82.7659842946 38.4988891908 12.82, -82.7658991016 38.4989810076 12.828, -82.7657429129 38.4991765356 12.844, -82.7655939708 38.4993829609 12.86, -82.7652607482 38.4999424519 12.903, -82.7650562379 38.5002771515 12.929, -82.7649066355 38.5005082841 12.946, -82.7638599361 38.5020270465 13.065, -82.7635131789 38.5025491036 13.105, -82.7634274787 38.5026617856 13.114, -82.7633277254 38.5027675195 13.124, -82.7632139778 38.5028649342 13.133, -82.763084881 38.5029528971 13.142, -82.7629923099 38.5030024918 13.148, -82.7625018426 38.5032330127 13.179, -82.7620489809 38.5034672254 13.208, -82.7617314914 38.503613908 13.228, -82.7615730626 38.503692339 13.238, -82.7611281505 38.503928671 13.267, -82.7609302271 38.5040324813 13.28, -82.7606092427 38.5041875897 13.3, -82.7604480374 38.504256883 13.31, -82.7602405396 38.5043296818 13.322, -82.7601138568 38.5043668761 13.33, -82.7599416129 38.5044067701 13.339, -82.7595887838 38.5044682144 13.359, -82.7592242958 38.50449832 13.379, -82.758852445 38.5045032371 13.399, -82.7586603159 38.504499221 13.409, -82.7581362994 38.5044632136 13.438, -82.757904191 38.504436485 13.45, -82.7576397094 38.5043891586 13.465, -82.757380735 38.5043268607 13.48, -82.7571678057 38.5042670961 13.492, -82.7566882031 38.5041195621 13.52, -82.7564860569 38.5040526507 13.532, -82.7560776501 38.503908284 13.556, -82.7559288014 38.5038718363 13.564, -82.755895418 38.5038674235 13.566, -82.7557788977 38.5038526708 13.572, -82.7556306204 38.5038536017 13.58, -82.755483371 38.5038721409 13.588, -82.7553362153 38.5039055178 13.597, -82.7545117015 38.5041391178 13.644, -82.7540241178 38.504306764 13.673, -82.7537279986 38.5044262168 13.691, -82.7535604864 38.504478584 13.7, -82.7532964094 38.50454115 13.715, -82.7530201489 38.5045852765 13.73, -82.7526305099 38.5046062103 13.751, -82.7520163041 38.504621197 13.785, -82.7513251846 38.5046617109 13.822, -82.7506801007 38.5047050318 13.857, -82.7499669078 38.5047381119 13.895, -82.7496404705 38.5047438741 13.913, -82.7494539312 38.504757017 13.923, -82.7492842018 38.5047694861 13.932, -82.7491868371 38.5047821353 13.938, -82.7491342464 38.5047942676 13.94, -82.7489311161 38.5048539697 13.952, -82.7487906845 38.5049108608 13.961, -82.7486989564 38.50495662 13.967, -82.7485604639 38.5050344394 13.976, -82.7482850698 38.5052109976 13.995, -82.7475140426 38.5056401385 14.046, -82.7473520806 38.5057360446 14.057, -82.7470125494 38.5058991641 14.078, -82.7468495829 38.5059854292 14.089, -82.7466986943 38.5060755706 14.099, -82.7465194936 38.5061910955 14.112, -82.7461435163 38.5064499962 14.139, -82.746011792 38.5065502375 14.149, -82.7457926311 38.5067364541 14.166, -82.745374586 38.5071088515 14.2, -82.7450552527 38.5074016013 14.227, -82.7448641307 38.5075860545 14.243, -82.744622793 38.5078439627 14.265, -82.7444078645 38.5080973191 14.286, -82.7442977808 38.5082494817 14.298, -82.744208777 38.5083906385 14.309, -82.744071476 38.5086352453 14.327, -82.7440056822 38.5087646266 14.337, -82.7439358773 38.5089235771 14.349, -82.7439095043 38.5090039553 14.355, -82.7438847569 38.5091640466 14.366, -82.7438839738 38.5092854583 14.374, -82.7439248701 38.50972057 14.405, -82.7439271955 38.5098088178 14.411, -82.7439190287 38.5098630085 14.415, -82.7438676366 38.5100674809 14.43, -82.743823877 38.5101454959 14.436, -82.7437700561 38.5102216078 14.442, -82.7436147981 38.5104094394 14.457, -82.7429756511 38.5111078309 14.517, -82.7427907238 38.511371011 14.538, -82.7427419595 38.5114260959 14.543, -82.7425817283 38.5116242398 14.559, -82.7424492581 38.5117678655 14.571, -82.7423543747 38.5118561243 14.579, -82.7420910077 38.5120623692 14.599, -82.7419084738 38.5121819236 14.612, -82.7411012225 38.5127326364 14.67, -82.7408126763 38.5129132407 14.69, -82.7404647699 38.513100307 14.713, -82.7403624458 38.5131482637 14.72, -82.7402037715 38.513214573 14.73, -82.7400361055 38.5132699398 14.739, -82.7399236513 38.5133006057 14.746, -82.7396221321 38.5133712606 14.763, -82.7389607915 38.5135443311 14.801, -82.7387442777 38.5135970834 14.813, -82.7385306591 38.513638919 14.825, -82.7384136291 38.5136617763 14.832, -82.7380118785 38.5137208174 14.854, -82.7362631579 38.5139083186 14.951, -82.7358623626 38.5139695751 14.973, -82.7353832976 38.5140612615 15)"
"District 09","Greenup","09-08509.20","KY","207","KY-207","TRANSP ENHANCEMENT(P)","11.024","15.88","Improve KY 207 from MP 15 to the KY 693 intersection in Flatwoods (Design under 9-8509) (2026CCN)","","2026","2026","C","SPP","13000000","2031","","","","045-KY-0207-000","LINESTRING Z (-82.7929415903 38.5003794086 11.024, -82.7926798027 38.5003778331 11.038, -82.7924026767 38.5003665336 11.053, -82.7920388462 38.5003379628 11.073, -82.7916112358 38.5002871972 11.096, -82.7911897176 38.500215428 11.12, -82.7907972697 38.5001336673 11.142, -82.7899690489 38.4998830716 11.19, -82.788923302 38.4995479222 11.251, -82.7886055988 38.4994507108 11.27, -82.7874794555 38.499124257 11.335, -82.7870611527 38.499007772 11.359, -82.786783917 38.4989387635 11.375, -82.7865052951 38.4988867531 11.391, -82.7862703117 38.4988622055 11.403, -82.7858927865 38.4988612958 11.424, -82.7855672753 38.4988795417 11.442, -82.785387692 38.4989028047 11.452, -82.7852767988 38.4989305305 11.458, -82.7851799456 38.4989654748 11.464, -82.7850970897 38.4990087358 11.469, -82.784988932 38.4990898265 11.477, -82.7849026701 38.4991827282 11.485, -82.7844801987 38.4997743816 11.532, -82.784402426 38.4998993636 11.542, -82.7843479445 38.4999757512 11.548, -82.784261122 38.500151606 11.561, -82.7840817812 38.5004193825 11.582, -82.7838410714 38.5007609006 11.609, -82.7837240086 38.5008978125 11.62, -82.7836266998 38.50098714 11.628, -82.7835419493 38.5010512322 11.635, -82.7834505023 38.5011080144 11.641, -82.7833035229 38.5011807159 11.65, -82.7831438051 38.5012399118 11.66, -82.7829732216 38.5012911441 11.67, -82.7823652469 38.5014468292 11.705, -82.781478395 38.5016947153 11.756, -82.7809049566 38.5018089486 11.788, -82.7805188733 38.5018635784 11.809, -82.7803294076 38.5018802678 11.82, -82.7801416286 38.5018898566 11.83, -82.7799560521 38.501888236 11.84, -82.7794036437 38.5018543592 11.87, -82.7788366827 38.5018258857 11.901, -82.778696411 38.5018105611 11.908, -82.7784658081 38.5017726464 11.921, -82.7778827077 38.5016421136 11.954, -82.7777098482 38.5016114119 11.964, -82.7775947682 38.501595618 11.97, -82.7773633689 38.5015859779 11.983, -82.7772489289 38.5015888818 11.989, -82.7770783236 38.5016060383 11.998, -82.7769153768 38.5016412442 12.007, -82.7767697409 38.5016892458 12.016, -82.7766268181 38.5017565467 12.025, -82.7764483583 38.5018638921 12.037, -82.7763530297 38.5019213948 12.044, -82.7756983228 38.5023753311 12.091, -82.7754122921 38.5025574536 12.111, -82.7753289334 38.5026042665 12.117, -82.7752428982 38.5026652983 12.123, -82.7750156886 38.50280219 12.139, -82.7748356312 38.5025869602 12.157, -82.7747389718 38.5024532168 12.167, -82.7745997277 38.5022230756 12.185, -82.7744250214 38.5019019326 12.209, -82.7742310909 38.5014945935 12.239, -82.7740024427 38.5009435224 12.278, -82.773955456 38.5008005839 12.289, -82.7738376067 38.5003621826 12.319, -82.7737810225 38.5002231246 12.329, -82.7737100533 38.5000853543 12.34, -82.7736233348 38.4999480127 12.35, -82.7734123985 38.4996842032 12.372, -82.7730724383 38.4993177048 12.403, -82.7729554038 38.4992037792 12.413, -82.772772252 38.4990392931 12.428, -82.7725786836 38.4988816887 12.443, -82.7723823599 38.4987317067 12.458, -82.7721874031 38.4985911 12.472, -82.7720576431 38.4985065248 12.481, -82.7719203858 38.4984343981 12.49, -82.7718464034 38.4984053441 12.494, -82.7717730745 38.4983774051 12.499, -82.7716135701 38.4983365897 12.508, -82.7714443278 38.4983117389 12.517, -82.7712676224 38.4982985132 12.527, -82.7704805941 38.4982663994 12.569, -82.7701219316 38.4982659137 12.589, -82.7697061707 38.4982854219 12.611, -82.7696172231 38.49829775 12.616, -82.7693055494 38.498328112 12.633, -82.7684228334 38.4983880889 12.681, -82.7670130214 38.498514488 12.758, -82.7668488997 38.4985356393 12.767, -82.7666911687 38.4985629945 12.775, -82.7665415725 38.4985965986 12.784, -82.7664005985 38.4986416824 12.792, -82.7662673443 38.4986946536 12.8, -82.7661870458 38.4987349436 12.805, -82.7661134524 38.4987822703 12.81, -82.7660459996 38.4988333234 12.815, -82.7659842946 38.4988891908 12.82, -82.7658991016 38.4989810076 12.828, -82.7657429129 38.4991765356 12.844, -82.7655939708 38.4993829609 12.86, -82.7652607482 38.4999424519 12.903, -82.7650562379 38.5002771515 12.929, -82.7649066355 38.5005082841 12.946, -82.7638599361 38.5020270465 13.065, -82.7635131789 38.5025491036 13.105, -82.7634274787 38.5026617856 13.114, -82.7633277254 38.5027675195 13.124, -82.7632139778 38.5028649342 13.133, -82.763084881 38.5029528971 13.142, -82.7629923099 38.5030024918 13.148, -82.7625018426 38.5032330127 13.179, -82.7620489809 38.5034672254 13.208, -82.7617314914 38.503613908 13.228, -82.7615730626 38.503692339 13.238, -82.7611281505 38.503928671 13.267, -82.7609302271 38.5040324813 13.28, -82.7606092427 38.5041875897 13.3, -82.7604480374 38.504256883 13.31, -82.7602405396 38.5043296818 13.322, -82.7601138568 38.5043668761 13.33, -82.7599416129 38.5044067701 13.339, -82.7595887838 38.5044682144 13.359, -82.7592242958 38.50449832 13.379, -82.758852445 38.5045032371 13.399, -82.7586603159 38.504499221 13.409, -82.7581362994 38.5044632136 13.438, -82.757904191 38.504436485 13.45, -82.7576397094 38.5043891586 13.465, -82.757380735 38.5043268607 13.48, -82.7571678057 38.5042670961 13.492, -82.7566882031 38.5041195621 13.52, -82.7564860569 38.5040526507 13.532, -82.7560776501 38.503908284 13.556, -82.7559288014 38.5038718363 13.564, -82.755895418 38.5038674235 13.566, -82.7557788977 38.5038526708 13.572, -82.7556306204 38.5038536017 13.58, -82.755483371 38.5038721409 13.588, -82.7553362153 38.5039055178 13.597, -82.7545117015 38.5041391178 13.644, -82.7540241178 38.504306764 13.673, -82.7537279986 38.5044262168 13.691, -82.7535604864 38.504478584 13.7, -82.7532964094 38.50454115 13.715, -82.7530201489 38.5045852765 13.73, -82.7526305099 38.5046062103 13.751, -82.7520163041 38.504621197 13.785, -82.7513251846 38.5046617109 13.822, -82.7506801007 38.5047050318 13.857, -82.7499669078 38.5047381119 13.895, -82.7496404705 38.5047438741 13.913, -82.7494539312 38.504757017 13.923, -82.7492842018 38.5047694861 13.932, -82.7491868371 38.5047821353 13.938, -82.7491342464 38.5047942676 13.94, -82.7489311161 38.5048539697 13.952, -82.7487906845 38.5049108608 13.961, -82.7486989564 38.50495662 13.967, -82.7485604639 38.5050344394 13.976, -82.7482850698 38.5052109976 13.995, -82.7475140426 38.5056401385 14.046, -82.7473520806 38.5057360446 14.057, -82.7470125494 38.5058991641 14.078, -82.7468495829 38.5059854292 14.089, -82.7466986943 38.5060755706 14.099, -82.7465194936 38.5061910955 14.112, -82.7461435163 38.5064499962 14.139, -82.746011792 38.5065502375 14.149, -82.7457926311 38.5067364541 14.166, -82.745374586 38.5071088515 14.2, -82.7450552527 38.5074016013 14.227, -82.7448641307 38.5075860545 14.243, -82.744622793 38.5078439627 14.265, -82.7444078645 38.5080973191 14.286, -82.7442977808 38.5082494817 14.298, -82.744208777 38.5083906385 14.309, -82.744071476 38.5086352453 14.327, -82.7440056822 38.5087646266 14.337, -82.7439358773 38.5089235771 14.349, -82.7439095043 38.5090039553 14.355, -82.7438847569 38.5091640466 14.366, -82.7438839738 38.5092854583 14.374, -82.7439248701 38.50972057 14.405, -82.7439271955 38.5098088178 14.411, -82.7439190287 38.5098630085 14.415, -82.7438676366 38.5100674809 14.43, -82.743823877 38.5101454959 14.436, -82.7437700561 38.5102216078 14.442, -82.7436147981 38.5104094394 14.457, -82.7429756511 38.5111078309 14.517, -82.7427907238 38.511371011 14.538, -82.7427419595 38.5114260959 14.543, -82.7425817283 38.5116242398 14.559, -82.7424492581 38.5117678655 14.571, -82.7423543747 38.5118561243 14.579, -82.7420910077 38.5120623692 14.599, -82.7419084738 38.5121819236 14.612, -82.7411012225 38.5127326364 14.67, -82.7408126763 38.5129132407 14.69, -82.7404647699 38.513100307 14.713, -82.7403624458 38.5131482637 14.72, -82.7402037715 38.513214573 14.73, -82.7400361055 38.5132699398 14.739, -82.7399236513 38.5133006057 14.746, -82.7396221321 38.5133712606 14.763, -82.7389607915 38.5135443311 14.801, -82.7387442777 38.5135970834 14.813, -82.7385306591 38.513638919 14.825, -82.7384136291 38.5136617763 14.832, -82.7380118785 38.5137208174 14.854, -82.7362631579 38.5139083186 14.951, -82.7358623626 38.5139695751 14.973, -82.7352413523 38.5140884275 15.008, -82.7349399276 38.514148084 15.025, -82.7345511288 38.5142321685 15.047, -82.7339838499 38.5143537535 15.079, -82.7338022733 38.514390076 15.089, -82.7336400896 38.514413979 15.098, -82.7335337399 38.5144236403 15.104, -82.7333200971 38.5144319492 15.116, -82.732366074 38.5144346302 15.168, -82.7318846217 38.5144418996 15.194, -82.7314555223 38.5144430797 15.217, -82.7301252247 38.5144463421 15.287, -82.7299638856 38.5144581737 15.296, -82.7298594723 38.5144802438 15.301, -82.7297987339 38.5145031498 15.305, -82.7297673731 38.5145174624 15.307, -82.729688871 38.5145726103 15.312, -82.7296247335 38.5146440577 15.318, -82.7295475166 38.5147698439 15.327, -82.7292992551 38.5152193098 15.36, -82.7290622279 38.5156506543 15.392, -82.7288612112 38.5160142308 15.419, -82.7285780837 38.5164949518 15.454, -82.7282660295 38.5170155962 15.493, -82.7279707314 38.5175199081 15.53, -82.7279053222 38.5176220929 15.538, -82.7278514391 38.5177330866 15.546, -82.7276457439 38.518099564 15.573, -82.727604344 38.5181622485 15.577, -82.7274719987 38.5183187741 15.59, -82.7273791781 38.5182631136 15.596, -82.7268079945 38.517952685 15.635, -82.7264686207 38.5177618971 15.658, -82.7263305826 38.5176918966 15.667, -82.7261593321 38.5175878075 15.679, -82.7256159913 38.5172808298 15.716, -82.7254463758 38.5171795286 15.728, -82.7250612087 38.5169631179 15.754, -82.7246156545 38.5167017601 15.785, -82.7241891649 38.5164614904 15.814, -82.7239175461 38.5162900037 15.833, -82.7236605483 38.5161455378 15.85, -82.723563909 38.5161062599 15.856, -82.7234977595 38.5160738043 15.861, -82.723221004 38.5159082289 15.88)"
"District 09","Greenup","09-08509.20","KY","207","KY-207","TRANSP ENHANCEMENT(P)","11.024","15.88","Improve KY 207 from MP 15 to the KY 693 intersection in Flatwoods (Design under 9-8509) (2026CCN)","","2026","2026","U","SPP","4000000","2030","","","","045-KY-0207-000","LINESTRING Z (-82.7929415903 38.5003794086 11.024, -82.7926798027 38.5003778331 11.038, -82.7924026767 38.5003665336 11.053, -82.7920388462 38.5003379628 11.073, -82.7916112358 38.5002871972 11.096, -82.7911897176 38.500215428 11.12, -82.7907972697 38.5001336673 11.142, -82.7899690489 38.4998830716 11.19, -82.788923302 38.4995479222 11.251, -82.7886055988 38.4994507108 11.27, -82.7874794555 38.499124257 11.335, -82.7870611527 38.499007772 11.359, -82.786783917 38.4989387635 11.375, -82.7865052951 38.4988867531 11.391, -82.7862703117 38.4988622055 11.403, -82.7858927865 38.4988612958 11.424, -82.7855672753 38.4988795417 11.442, -82.785387692 38.4989028047 11.452, -82.7852767988 38.4989305305 11.458, -82.7851799456 38.4989654748 11.464, -82.7850970897 38.4990087358 11.469, -82.784988932 38.4990898265 11.477, -82.7849026701 38.4991827282 11.485, -82.7844801987 38.4997743816 11.532, -82.784402426 38.4998993636 11.542, -82.7843479445 38.4999757512 11.548, -82.784261122 38.500151606 11.561, -82.7840817812 38.5004193825 11.582, -82.7838410714 38.5007609006 11.609, -82.7837240086 38.5008978125 11.62, -82.7836266998 38.50098714 11.628, -82.7835419493 38.5010512322 11.635, -82.7834505023 38.5011080144 11.641, -82.7833035229 38.5011807159 11.65, -82.7831438051 38.5012399118 11.66, -82.7829732216 38.5012911441 11.67, -82.7823652469 38.5014468292 11.705, -82.781478395 38.5016947153 11.756, -82.7809049566 38.5018089486 11.788, -82.7805188733 38.5018635784 11.809, -82.7803294076 38.5018802678 11.82, -82.7801416286 38.5018898566 11.83, -82.7799560521 38.501888236 11.84, -82.7794036437 38.5018543592 11.87, -82.7788366827 38.5018258857 11.901, -82.778696411 38.5018105611 11.908, -82.7784658081 38.5017726464 11.921, -82.7778827077 38.5016421136 11.954, -82.7777098482 38.5016114119 11.964, -82.7775947682 38.501595618 11.97, -82.7773633689 38.5015859779 11.983, -82.7772489289 38.5015888818 11.989, -82.7770783236 38.5016060383 11.998, -82.7769153768 38.5016412442 12.007, -82.7767697409 38.5016892458 12.016, -82.7766268181 38.5017565467 12.025, -82.7764483583 38.5018638921 12.037, -82.7763530297 38.5019213948 12.044, -82.7756983228 38.5023753311 12.091, -82.7754122921 38.5025574536 12.111, -82.7753289334 38.5026042665 12.117, -82.7752428982 38.5026652983 12.123, -82.7750156886 38.50280219 12.139, -82.7748356312 38.5025869602 12.157, -82.7747389718 38.5024532168 12.167, -82.7745997277 38.5022230756 12.185, -82.7744250214 38.5019019326 12.209, -82.7742310909 38.5014945935 12.239, -82.7740024427 38.5009435224 12.278, -82.773955456 38.5008005839 12.289, -82.7738376067 38.5003621826 12.319, -82.7737810225 38.5002231246 12.329, -82.7737100533 38.5000853543 12.34, -82.7736233348 38.4999480127 12.35, -82.7734123985 38.4996842032 12.372, -82.7730724383 38.4993177048 12.403, -82.7729554038 38.4992037792 12.413, -82.772772252 38.4990392931 12.428, -82.7725786836 38.4988816887 12.443, -82.7723823599 38.4987317067 12.458, -82.7721874031 38.4985911 12.472, -82.7720576431 38.4985065248 12.481, -82.7719203858 38.4984343981 12.49, -82.7718464034 38.4984053441 12.494, -82.7717730745 38.4983774051 12.499, -82.7716135701 38.4983365897 12.508, -82.7714443278 38.4983117389 12.517, -82.7712676224 38.4982985132 12.527, -82.7704805941 38.4982663994 12.569, -82.7701219316 38.4982659137 12.589, -82.7697061707 38.4982854219 12.611, -82.7696172231 38.49829775 12.616, -82.7693055494 38.498328112 12.633, -82.7684228334 38.4983880889 12.681, -82.7670130214 38.498514488 12.758, -82.7668488997 38.4985356393 12.767, -82.7666911687 38.4985629945 12.775, -82.7665415725 38.4985965986 12.784, -82.7664005985 38.4986416824 12.792, -82.7662673443 38.4986946536 12.8, -82.7661870458 38.4987349436 12.805, -82.7661134524 38.4987822703 12.81, -82.7660459996 38.4988333234 12.815, -82.7659842946 38.4988891908 12.82, -82.7658991016 38.4989810076 12.828, -82.7657429129 38.4991765356 12.844, -82.7655939708 38.4993829609 12.86, -82.7652607482 38.4999424519 12.903, -82.7650562379 38.5002771515 12.929, -82.7649066355 38.5005082841 12.946, -82.7638599361 38.5020270465 13.065, -82.7635131789 38.5025491036 13.105, -82.7634274787 38.5026617856 13.114, -82.7633277254 38.5027675195 13.124, -82.7632139778 38.5028649342 13.133, -82.763084881 38.5029528971 13.142, -82.7629923099 38.5030024918 13.148, -82.7625018426 38.5032330127 13.179, -82.7620489809 38.5034672254 13.208, -82.7617314914 38.503613908 13.228, -82.7615730626 38.503692339 13.238, -82.7611281505 38.503928671 13.267, -82.7609302271 38.5040324813 13.28, -82.7606092427 38.5041875897 13.3, -82.7604480374 38.504256883 13.31, -82.7602405396 38.5043296818 13.322, -82.7601138568 38.5043668761 13.33, -82.7599416129 38.5044067701 13.339, -82.7595887838 38.5044682144 13.359, -82.7592242958 38.50449832 13.379, -82.758852445 38.5045032371 13.399, -82.7586603159 38.504499221 13.409, -82.7581362994 38.5044632136 13.438, -82.757904191 38.504436485 13.45, -82.7576397094 38.5043891586 13.465, -82.757380735 38.5043268607 13.48, -82.7571678057 38.5042670961 13.492, -82.7566882031 38.5041195621 13.52, -82.7564860569 38.5040526507 13.532, -82.7560776501 38.503908284 13.556, -82.7559288014 38.5038718363 13.564, -82.755895418 38.5038674235 13.566, -82.7557788977 38.5038526708 13.572, -82.7556306204 38.5038536017 13.58, -82.755483371 38.5038721409 13.588, -82.7553362153 38.5039055178 13.597, -82.7545117015 38.5041391178 13.644, -82.7540241178 38.504306764 13.673, -82.7537279986 38.5044262168 13.691, -82.7535604864 38.504478584 13.7, -82.7532964094 38.50454115 13.715, -82.7530201489 38.5045852765 13.73, -82.7526305099 38.5046062103 13.751, -82.7520163041 38.504621197 13.785, -82.7513251846 38.5046617109 13.822, -82.7506801007 38.5047050318 13.857, -82.7499669078 38.5047381119 13.895, -82.7496404705 38.5047438741 13.913, -82.7494539312 38.504757017 13.923, -82.7492842018 38.5047694861 13.932, -82.7491868371 38.5047821353 13.938, -82.7491342464 38.5047942676 13.94, -82.7489311161 38.5048539697 13.952, -82.7487906845 38.5049108608 13.961, -82.7486989564 38.50495662 13.967, -82.7485604639 38.5050344394 13.976, -82.7482850698 38.5052109976 13.995, -82.7475140426 38.5056401385 14.046, -82.7473520806 38.5057360446 14.057, -82.7470125494 38.5058991641 14.078, -82.7468495829 38.5059854292 14.089, -82.7466986943 38.5060755706 14.099, -82.7465194936 38.5061910955 14.112, -82.7461435163 38.5064499962 14.139, -82.746011792 38.5065502375 14.149, -82.7457926311 38.5067364541 14.166, -82.745374586 38.5071088515 14.2, -82.7450552527 38.5074016013 14.227, -82.7448641307 38.5075860545 14.243, -82.744622793 38.5078439627 14.265, -82.7444078645 38.5080973191 14.286, -82.7442977808 38.5082494817 14.298, -82.744208777 38.5083906385 14.309, -82.744071476 38.5086352453 14.327, -82.7440056822 38.5087646266 14.337, -82.7439358773 38.5089235771 14.349, -82.7439095043 38.5090039553 14.355, -82.7438847569 38.5091640466 14.366, -82.7438839738 38.5092854583 14.374, -82.7439248701 38.50972057 14.405, -82.7439271955 38.5098088178 14.411, -82.7439190287 38.5098630085 14.415, -82.7438676366 38.5100674809 14.43, -82.743823877 38.5101454959 14.436, -82.7437700561 38.5102216078 14.442, -82.7436147981 38.5104094394 14.457, -82.7429756511 38.5111078309 14.517, -82.7427907238 38.511371011 14.538, -82.7427419595 38.5114260959 14.543, -82.7425817283 38.5116242398 14.559, -82.7424492581 38.5117678655 14.571, -82.7423543747 38.5118561243 14.579, -82.7420910077 38.5120623692 14.599, -82.7419084738 38.5121819236 14.612, -82.7411012225 38.5127326364 14.67, -82.7408126763 38.5129132407 14.69, -82.7404647699 38.513100307 14.713, -82.7403624458 38.5131482637 14.72, -82.7402037715 38.513214573 14.73, -82.7400361055 38.5132699398 14.739, -82.7399236513 38.5133006057 14.746, -82.7396221321 38.5133712606 14.763, -82.7389607915 38.5135443311 14.801, -82.7387442777 38.5135970834 14.813, -82.7385306591 38.513638919 14.825, -82.7384136291 38.5136617763 14.832, -82.7380118785 38.5137208174 14.854, -82.7362631579 38.5139083186 14.951, -82.7358623626 38.5139695751 14.973, -82.7352413523 38.5140884275 15.008, -82.7349399276 38.514148084 15.025, -82.7345511288 38.5142321685 15.047, -82.7339838499 38.5143537535 15.079, -82.7338022733 38.514390076 15.089, -82.7336400896 38.514413979 15.098, -82.7335337399 38.5144236403 15.104, -82.7333200971 38.5144319492 15.116, -82.732366074 38.5144346302 15.168, -82.7318846217 38.5144418996 15.194, -82.7314555223 38.5144430797 15.217, -82.7301252247 38.5144463421 15.287, -82.7299638856 38.5144581737 15.296, -82.7298594723 38.5144802438 15.301, -82.7297987339 38.5145031498 15.305, -82.7297673731 38.5145174624 15.307, -82.729688871 38.5145726103 15.312, -82.7296247335 38.5146440577 15.318, -82.7295475166 38.5147698439 15.327, -82.7292992551 38.5152193098 15.36, -82.7290622279 38.5156506543 15.392, -82.7288612112 38.5160142308 15.419, -82.7285780837 38.5164949518 15.454, -82.7282660295 38.5170155962 15.493, -82.7279707314 38.5175199081 15.53, -82.7279053222 38.5176220929 15.538, -82.7278514391 38.5177330866 15.546, -82.7276457439 38.518099564 15.573, -82.727604344 38.5181622485 15.577, -82.7274719987 38.5183187741 15.59, -82.7273791781 38.5182631136 15.596, -82.7268079945 38.517952685 15.635, -82.7264686207 38.5177618971 15.658, -82.7263305826 38.5176918966 15.667, -82.7261593321 38.5175878075 15.679, -82.7256159913 38.5172808298 15.716, -82.7254463758 38.5171795286 15.728, -82.7250612087 38.5169631179 15.754, -82.7246156545 38.5167017601 15.785, -82.7241891649 38.5164614904 15.814, -82.7239175461 38.5162900037 15.833, -82.7236605483 38.5161455378 15.85, -82.723563909 38.5161062599 15.856, -82.7234977595 38.5160738043 15.861, -82.723221004 38.5159082289 15.88)"
"District 09","Greenup","09-08509.20","KY","207","KY-207","TRANSP ENHANCEMENT(P)","11.024","15.88","Improve KY 207 from MP 15 to the KY 693 intersection in Flatwoods (Design under 9-8509) (2026CCN)","","2026","2026","R","SPP","9000000","2029","","","","045-KY-0207-000","LINESTRING Z (-82.7929415903 38.5003794086 11.024, -82.7926798027 38.5003778331 11.038, -82.7924026767 38.5003665336 11.053, -82.7920388462 38.5003379628 11.073, -82.7916112358 38.5002871972 11.096, -82.7911897176 38.500215428 11.12, -82.7907972697 38.5001336673 11.142, -82.7899690489 38.4998830716 11.19, -82.788923302 38.4995479222 11.251, -82.7886055988 38.4994507108 11.27, -82.7874794555 38.499124257 11.335, -82.7870611527 38.499007772 11.359, -82.786783917 38.4989387635 11.375, -82.7865052951 38.4988867531 11.391, -82.7862703117 38.4988622055 11.403, -82.7858927865 38.4988612958 11.424, -82.7855672753 38.4988795417 11.442, -82.785387692 38.4989028047 11.452, -82.7852767988 38.4989305305 11.458, -82.7851799456 38.4989654748 11.464, -82.7850970897 38.4990087358 11.469, -82.784988932 38.4990898265 11.477, -82.7849026701 38.4991827282 11.485, -82.7844801987 38.4997743816 11.532, -82.784402426 38.4998993636 11.542, -82.7843479445 38.4999757512 11.548, -82.784261122 38.500151606 11.561, -82.7840817812 38.5004193825 11.582, -82.7838410714 38.5007609006 11.609, -82.7837240086 38.5008978125 11.62, -82.7836266998 38.50098714 11.628, -82.7835419493 38.5010512322 11.635, -82.7834505023 38.5011080144 11.641, -82.7833035229 38.5011807159 11.65, -82.7831438051 38.5012399118 11.66, -82.7829732216 38.5012911441 11.67, -82.7823652469 38.5014468292 11.705, -82.781478395 38.5016947153 11.756, -82.7809049566 38.5018089486 11.788, -82.7805188733 38.5018635784 11.809, -82.7803294076 38.5018802678 11.82, -82.7801416286 38.5018898566 11.83, -82.7799560521 38.501888236 11.84, -82.7794036437 38.5018543592 11.87, -82.7788366827 38.5018258857 11.901, -82.778696411 38.5018105611 11.908, -82.7784658081 38.5017726464 11.921, -82.7778827077 38.5016421136 11.954, -82.7777098482 38.5016114119 11.964, -82.7775947682 38.501595618 11.97, -82.7773633689 38.5015859779 11.983, -82.7772489289 38.5015888818 11.989, -82.7770783236 38.5016060383 11.998, -82.7769153768 38.5016412442 12.007, -82.7767697409 38.5016892458 12.016, -82.7766268181 38.5017565467 12.025, -82.7764483583 38.5018638921 12.037, -82.7763530297 38.5019213948 12.044, -82.7756983228 38.5023753311 12.091, -82.7754122921 38.5025574536 12.111, -82.7753289334 38.5026042665 12.117, -82.7752428982 38.5026652983 12.123, -82.7750156886 38.50280219 12.139, -82.7748356312 38.5025869602 12.157, -82.7747389718 38.5024532168 12.167, -82.7745997277 38.5022230756 12.185, -82.7744250214 38.5019019326 12.209, -82.7742310909 38.5014945935 12.239, -82.7740024427 38.5009435224 12.278, -82.773955456 38.5008005839 12.289, -82.7738376067 38.5003621826 12.319, -82.7737810225 38.5002231246 12.329, -82.7737100533 38.5000853543 12.34, -82.7736233348 38.4999480127 12.35, -82.7734123985 38.4996842032 12.372, -82.7730724383 38.4993177048 12.403, -82.7729554038 38.4992037792 12.413, -82.772772252 38.4990392931 12.428, -82.7725786836 38.4988816887 12.443, -82.7723823599 38.4987317067 12.458, -82.7721874031 38.4985911 12.472, -82.7720576431 38.4985065248 12.481, -82.7719203858 38.4984343981 12.49, -82.7718464034 38.4984053441 12.494, -82.7717730745 38.4983774051 12.499, -82.7716135701 38.4983365897 12.508, -82.7714443278 38.4983117389 12.517, -82.7712676224 38.4982985132 12.527, -82.7704805941 38.4982663994 12.569, -82.7701219316 38.4982659137 12.589, -82.7697061707 38.4982854219 12.611, -82.7696172231 38.49829775 12.616, -82.7693055494 38.498328112 12.633, -82.7684228334 38.4983880889 12.681, -82.7670130214 38.498514488 12.758, -82.7668488997 38.4985356393 12.767, -82.7666911687 38.4985629945 12.775, -82.7665415725 38.4985965986 12.784, -82.7664005985 38.4986416824 12.792, -82.7662673443 38.4986946536 12.8, -82.7661870458 38.4987349436 12.805, -82.7661134524 38.4987822703 12.81, -82.7660459996 38.4988333234 12.815, -82.7659842946 38.4988891908 12.82, -82.7658991016 38.4989810076 12.828, -82.7657429129 38.4991765356 12.844, -82.7655939708 38.4993829609 12.86, -82.7652607482 38.4999424519 12.903, -82.7650562379 38.5002771515 12.929, -82.7649066355 38.5005082841 12.946, -82.7638599361 38.5020270465 13.065, -82.7635131789 38.5025491036 13.105, -82.7634274787 38.5026617856 13.114, -82.7633277254 38.5027675195 13.124, -82.7632139778 38.5028649342 13.133, -82.763084881 38.5029528971 13.142, -82.7629923099 38.5030024918 13.148, -82.7625018426 38.5032330127 13.179, -82.7620489809 38.5034672254 13.208, -82.7617314914 38.503613908 13.228, -82.7615730626 38.503692339 13.238, -82.7611281505 38.503928671 13.267, -82.7609302271 38.5040324813 13.28, -82.7606092427 38.5041875897 13.3, -82.7604480374 38.504256883 13.31, -82.7602405396 38.5043296818 13.322, -82.7601138568 38.5043668761 13.33, -82.7599416129 38.5044067701 13.339, -82.7595887838 38.5044682144 13.359, -82.7592242958 38.50449832 13.379, -82.758852445 38.5045032371 13.399, -82.7586603159 38.504499221 13.409, -82.7581362994 38.5044632136 13.438, -82.757904191 38.504436485 13.45, -82.7576397094 38.5043891586 13.465, -82.757380735 38.5043268607 13.48, -82.7571678057 38.5042670961 13.492, -82.7566882031 38.5041195621 13.52, -82.7564860569 38.5040526507 13.532, -82.7560776501 38.503908284 13.556, -82.7559288014 38.5038718363 13.564, -82.755895418 38.5038674235 13.566, -82.7557788977 38.5038526708 13.572, -82.7556306204 38.5038536017 13.58, -82.755483371 38.5038721409 13.588, -82.7553362153 38.5039055178 13.597, -82.7545117015 38.5041391178 13.644, -82.7540241178 38.504306764 13.673, -82.7537279986 38.5044262168 13.691, -82.7535604864 38.504478584 13.7, -82.7532964094 38.50454115 13.715, -82.7530201489 38.5045852765 13.73, -82.7526305099 38.5046062103 13.751, -82.7520163041 38.504621197 13.785, -82.7513251846 38.5046617109 13.822, -82.7506801007 38.5047050318 13.857, -82.7499669078 38.5047381119 13.895, -82.7496404705 38.5047438741 13.913, -82.7494539312 38.504757017 13.923, -82.7492842018 38.5047694861 13.932, -82.7491868371 38.5047821353 13.938, -82.7491342464 38.5047942676 13.94, -82.7489311161 38.5048539697 13.952, -82.7487906845 38.5049108608 13.961, -82.7486989564 38.50495662 13.967, -82.7485604639 38.5050344394 13.976, -82.7482850698 38.5052109976 13.995, -82.7475140426 38.5056401385 14.046, -82.7473520806 38.5057360446 14.057, -82.7470125494 38.5058991641 14.078, -82.7468495829 38.5059854292 14.089, -82.7466986943 38.5060755706 14.099, -82.7465194936 38.5061910955 14.112, -82.7461435163 38.5064499962 14.139, -82.746011792 38.5065502375 14.149, -82.7457926311 38.5067364541 14.166, -82.745374586 38.5071088515 14.2, -82.7450552527 38.5074016013 14.227, -82.7448641307 38.5075860545 14.243, -82.744622793 38.5078439627 14.265, -82.7444078645 38.5080973191 14.286, -82.7442977808 38.5082494817 14.298, -82.744208777 38.5083906385 14.309, -82.744071476 38.5086352453 14.327, -82.7440056822 38.5087646266 14.337, -82.7439358773 38.5089235771 14.349, -82.7439095043 38.5090039553 14.355, -82.7438847569 38.5091640466 14.366, -82.7438839738 38.5092854583 14.374, -82.7439248701 38.50972057 14.405, -82.7439271955 38.5098088178 14.411, -82.7439190287 38.5098630085 14.415, -82.7438676366 38.5100674809 14.43, -82.743823877 38.5101454959 14.436, -82.7437700561 38.5102216078 14.442, -82.7436147981 38.5104094394 14.457, -82.7429756511 38.5111078309 14.517, -82.7427907238 38.511371011 14.538, -82.7427419595 38.5114260959 14.543, -82.7425817283 38.5116242398 14.559, -82.7424492581 38.5117678655 14.571, -82.7423543747 38.5118561243 14.579, -82.7420910077 38.5120623692 14.599, -82.7419084738 38.5121819236 14.612, -82.7411012225 38.5127326364 14.67, -82.7408126763 38.5129132407 14.69, -82.7404647699 38.513100307 14.713, -82.7403624458 38.5131482637 14.72, -82.7402037715 38.513214573 14.73, -82.7400361055 38.5132699398 14.739, -82.7399236513 38.5133006057 14.746, -82.7396221321 38.5133712606 14.763, -82.7389607915 38.5135443311 14.801, -82.7387442777 38.5135970834 14.813, -82.7385306591 38.513638919 14.825, -82.7384136291 38.5136617763 14.832, -82.7380118785 38.5137208174 14.854, -82.7362631579 38.5139083186 14.951, -82.7358623626 38.5139695751 14.973, -82.7352413523 38.5140884275 15.008, -82.7349399276 38.514148084 15.025, -82.7345511288 38.5142321685 15.047, -82.7339838499 38.5143537535 15.079, -82.7338022733 38.514390076 15.089, -82.7336400896 38.514413979 15.098, -82.7335337399 38.5144236403 15.104, -82.7333200971 38.5144319492 15.116, -82.732366074 38.5144346302 15.168, -82.7318846217 38.5144418996 15.194, -82.7314555223 38.5144430797 15.217, -82.7301252247 38.5144463421 15.287, -82.7299638856 38.5144581737 15.296, -82.7298594723 38.5144802438 15.301, -82.7297987339 38.5145031498 15.305, -82.7297673731 38.5145174624 15.307, -82.729688871 38.5145726103 15.312, -82.7296247335 38.5146440577 15.318, -82.7295475166 38.5147698439 15.327, -82.7292992551 38.5152193098 15.36, -82.7290622279 38.5156506543 15.392, -82.7288612112 38.5160142308 15.419, -82.7285780837 38.5164949518 15.454, -82.7282660295 38.5170155962 15.493, -82.7279707314 38.5175199081 15.53, -82.7279053222 38.5176220929 15.538, -82.7278514391 38.5177330866 15.546, -82.7276457439 38.518099564 15.573, -82.727604344 38.5181622485 15.577, -82.7274719987 38.5183187741 15.59, -82.7273791781 38.5182631136 15.596, -82.7268079945 38.517952685 15.635, -82.7264686207 38.5177618971 15.658, -82.7263305826 38.5176918966 15.667, -82.7261593321 38.5175878075 15.679, -82.7256159913 38.5172808298 15.716, -82.7254463758 38.5171795286 15.728, -82.7250612087 38.5169631179 15.754, -82.7246156545 38.5167017601 15.785, -82.7241891649 38.5164614904 15.814, -82.7239175461 38.5162900037 15.833, -82.7236605483 38.5161455378 15.85, -82.723563909 38.5161062599 15.856, -82.7234977595 38.5160738043 15.861, -82.723221004 38.5159082289 15.88)"
"District 09","Greenup","09-10109.00","KY","8","KY-8","AM-BRIDGE (P)","0.042","0.608","ADDRESS DEFICIENCIES OF BRIDGE ON KY 8S OVER OHIO RV,CSX RR,CO Rd, (045B00064N)","045B00064N","2026","2026","D","BRX","528000","2028","","","","045-KY-0008S-000","LINESTRING Z (-83.0161143734 38.7228332851 0.042, -83.0161527737 38.7229003201 0.047, -83.0161875325 38.7229928618 0.054, -83.0163979959 38.723675063 0.101, -83.0167246931 38.7246247273 0.168, -83.0172678221 38.7262383207 0.282, -83.0175049814 38.7269667296 0.333, -83.0177704184 38.7277455029 0.388, -83.0179494395 38.7282940311 0.427, -83.018028543 38.7285043304 0.442, -83.0181079779 38.7287901747 0.461, -83.0182136466 38.7290497015 0.48, -83.0183834152 38.7295738453 0.517, -83.0188198777 38.7308683335 0.608)"
"District 09","Greenup","09-10109.00","KY","8","KY-8","AM-BRIDGE (P)","0.042","0.608","ADDRESS DEFICIENCIES OF BRIDGE ON KY 8S OVER OHIO RV,CSX RR,CO Rd, (045B00064N)","045B00064N","2026","2026","C","BRX","5280000","2028","","","","045-KY-0008S-000","LINESTRING Z (-83.0161143734 38.7228332851 0.042, -83.0161527737 38.7229003201 0.047, -83.0161875325 38.7229928618 0.054, -83.0163979959 38.723675063 0.101, -83.0167246931 38.7246247273 0.168, -83.0172678221 38.7262383207 0.282, -83.0175049814 38.7269667296 0.333, -83.0177704184 38.7277455029 0.388, -83.0179494395 38.7282940311 0.427, -83.018028543 38.7285043304 0.442, -83.0181079779 38.7287901747 0.461, -83.0182136466 38.7290497015 0.48, -83.0183834152 38.7295738453 0.517, -83.0188198777 38.7308683335 0.608)"
"District 09","Greenup","09-20037.00","US","23","US-23","AM-PAVEMENT (PRI)(P)","0.0","4.5","ADDRESS CONDITION OF US-23 FROM MILEPOINT 0 TO MILEPOINT 4.5","","2026","2026","D","STP5","440000","2031","","","","045-US-0023-000","LINESTRING Z (-82.6754129703 38.4987200649 0, -82.6757437261 38.4991445866 0.037, -82.6758753892 38.4993230053 0.052, -82.6763920459 38.5000583984 0.115, -82.6765141674 38.5002393165 0.13, -82.6771312851 38.5011556119 0.207, -82.6774453909 38.5016025008 0.245, -82.6776491922 38.5019201533 0.271, -82.6778158477 38.5022148651 0.295, -82.6779203893 38.5024233501 0.31, -82.677997902 38.5025926722 0.322, -82.678069038 38.5027640268 0.334, -82.6781892837 38.5031067151 0.358, -82.6783410068 38.5036244021 0.394, -82.6784343059 38.5039677673 0.418, -82.6785401596 38.504320248 0.442, -82.6788335552 38.5053704708 0.515, -82.679002018 38.5058894141 0.551, -82.6793841709 38.5069328646 0.624, -82.6799159606 38.5083442097 0.723, -82.680427461 38.5097228831 0.822, -82.6805720458 38.5100777369 0.848, -82.6806535806 38.5102515556 0.861, -82.6807425316 38.5104236434 0.874, -82.6808399125 38.5105948492 0.887, -82.6809472214 38.510762741 0.9, -82.6810627041 38.5109275464 0.913, -82.6812905805 38.5112307022 0.937, -82.6816717616 38.511722444 0.977, -82.6818977023 38.5120302195 1.001, -82.6821092937 38.5123466896 1.026, -82.6823014733 38.5126758456 1.051, -82.6823884509 38.5128451323 1.063, -82.6825475283 38.5131882681 1.088, -82.6833175554 38.5150008192 1.22, -82.6840606536 38.5166972787 1.342, -82.685453971 38.5200056341 1.579, -82.6856819508 38.5205332416 1.617, -82.6858356733 38.5208630459 1.642, -82.6860063483 38.5211888916 1.666, -82.6861974695 38.5215108687 1.691, -82.6863013322 38.5216698728 1.703, -82.6865245786 38.5219847107 1.728, -82.6867609942 38.5222941181 1.753, -82.6873755758 38.5230693407 1.816, -82.6874910297 38.5232272687 1.829, -82.6876523694 38.5234671528 1.848, -82.6883075468 38.5245184265 1.929, -82.6886261959 38.5249777576 1.966, -82.6889718025 38.525411408 2.001, -82.689307712 38.5258093659 2.035, -82.6894230485 38.5259367938 2.045, -82.6895449138 38.5260586202 2.056, -82.6896532761 38.5261520754 2.065, -82.6901171858 38.5265167897 2.101, -82.6909738749 38.5271743227 2.166, -82.6911183857 38.5272816196 2.176, -82.6914166123 38.5274851869 2.198, -82.6915705858 38.5275836618 2.208, -82.6918912491 38.5277776401 2.23, -82.6922295308 38.5279685002 2.253, -82.6929609059 38.5283359678 2.3, -82.6933284718 38.528529226 2.324, -82.6940185814 38.5289555173 2.371, -82.6943091653 38.5291498134 2.392, -82.6945608719 38.5293370651 2.41, -82.6946704138 38.5294360402 2.419, -82.6947925671 38.5295177568 2.428, -82.6950310052 38.5296961491 2.446, -82.6951316195 38.5297828059 2.454, -82.695338287 38.5299430726 2.47, -82.6956470827 38.5301705269 2.493, -82.6965647975 38.5308765656 2.562, -82.6966576137 38.5309657679 2.57, -82.6971702807 38.5313454425 2.608, -82.6972918387 38.5314331855 2.617, -82.6975071061 38.5315719642 2.632, -82.6976936869 38.5316773123 2.645, -82.6977465105 38.531702297 2.648, -82.697841181 38.5317470387 2.654, -82.6979959704 38.5318095355 2.663, -82.6985011769 38.5319738955 2.693, -82.6986748344 38.5320368751 2.703, -82.6988449144 38.5321102029 2.714, -82.6991788271 38.5322808743 2.735, -82.7036818183 38.5349951623 3.043, -82.7039649053 38.5351774278 3.063, -82.7041069411 38.5352777759 3.073, -82.7042635185 38.5353985533 3.085, -82.7045092853 38.5356120036 3.105, -82.7049013263 38.536000638 3.139, -82.7052742127 38.5363621298 3.171, -82.7054188102 38.536485071 3.182, -82.7055709986 38.5366021612 3.193, -82.7057318123 38.5367137047 3.205, -82.7059593064 38.5368536041 3.22, -82.7060723969 38.5369183173 3.228, -82.7064365046 38.5371040264 3.251, -82.7071978518 38.5374779387 3.3, -82.7075348016 38.5376354753 3.321, -82.7090596751 38.5383399271 3.417, -82.7104204453 38.5389703776 3.502, -82.7111956367 38.5393234626 3.551, -82.7116074537 38.5394980128 3.576, -82.7118183749 38.5395825311 3.589, -82.712033209 38.5396654999 3.602, -82.7124761246 38.5398240837 3.628, -82.7129342751 38.5399695934 3.655, -82.7131676138 38.5400365502 3.669, -82.7136404078 38.5401579807 3.696, -82.7141181007 38.5402625008 3.723, -82.7146000939 38.5403561396 3.75, -82.7148409307 38.5403941628 3.763, -82.7150827514 38.5404253418 3.776, -82.7152938815 38.5404458461 3.788, -82.7158049735 38.5404957178 3.816, -82.7162847037 38.5405258289 3.843, -82.7167528628 38.5405397077 3.869, -82.7171981099 38.5405409125 3.893, -82.7209158691 38.5404629734 4.098, -82.7213554277 38.5404494566 4.122, -82.7224634772 38.5404268793 4.183, -82.7244145935 38.5403776919 4.291, -82.7281783274 38.5402954774 4.485, -82.7284607433 38.5402923595 4.5)"
"District 09","Greenup","09-20037.00","US","23","US-23","AM-PAVEMENT (PRI)(P)","0.0","4.5","ADDRESS CONDITION OF US-23 FROM MILEPOINT 0 TO MILEPOINT 4.5","","2026","2026","C","STP5","5060000","2031","","","","045-US-0023-000","LINESTRING Z (-82.6754129703 38.4987200649 0, -82.6757437261 38.4991445866 0.037, -82.6758753892 38.4993230053 0.052, -82.6763920459 38.5000583984 0.115, -82.6765141674 38.5002393165 0.13, -82.6771312851 38.5011556119 0.207, -82.6774453909 38.5016025008 0.245, -82.6776491922 38.5019201533 0.271, -82.6778158477 38.5022148651 0.295, -82.6779203893 38.5024233501 0.31, -82.677997902 38.5025926722 0.322, -82.678069038 38.5027640268 0.334, -82.6781892837 38.5031067151 0.358, -82.6783410068 38.5036244021 0.394, -82.6784343059 38.5039677673 0.418, -82.6785401596 38.504320248 0.442, -82.6788335552 38.5053704708 0.515, -82.679002018 38.5058894141 0.551, -82.6793841709 38.5069328646 0.624, -82.6799159606 38.5083442097 0.723, -82.680427461 38.5097228831 0.822, -82.6805720458 38.5100777369 0.848, -82.6806535806 38.5102515556 0.861, -82.6807425316 38.5104236434 0.874, -82.6808399125 38.5105948492 0.887, -82.6809472214 38.510762741 0.9, -82.6810627041 38.5109275464 0.913, -82.6812905805 38.5112307022 0.937, -82.6816717616 38.511722444 0.977, -82.6818977023 38.5120302195 1.001, -82.6821092937 38.5123466896 1.026, -82.6823014733 38.5126758456 1.051, -82.6823884509 38.5128451323 1.063, -82.6825475283 38.5131882681 1.088, -82.6833175554 38.5150008192 1.22, -82.6840606536 38.5166972787 1.342, -82.685453971 38.5200056341 1.579, -82.6856819508 38.5205332416 1.617, -82.6858356733 38.5208630459 1.642, -82.6860063483 38.5211888916 1.666, -82.6861974695 38.5215108687 1.691, -82.6863013322 38.5216698728 1.703, -82.6865245786 38.5219847107 1.728, -82.6867609942 38.5222941181 1.753, -82.6873755758 38.5230693407 1.816, -82.6874910297 38.5232272687 1.829, -82.6876523694 38.5234671528 1.848, -82.6883075468 38.5245184265 1.929, -82.6886261959 38.5249777576 1.966, -82.6889718025 38.525411408 2.001, -82.689307712 38.5258093659 2.035, -82.6894230485 38.5259367938 2.045, -82.6895449138 38.5260586202 2.056, -82.6896532761 38.5261520754 2.065, -82.6901171858 38.5265167897 2.101, -82.6909738749 38.5271743227 2.166, -82.6911183857 38.5272816196 2.176, -82.6914166123 38.5274851869 2.198, -82.6915705858 38.5275836618 2.208, -82.6918912491 38.5277776401 2.23, -82.6922295308 38.5279685002 2.253, -82.6929609059 38.5283359678 2.3, -82.6933284718 38.528529226 2.324, -82.6940185814 38.5289555173 2.371, -82.6943091653 38.5291498134 2.392, -82.6945608719 38.5293370651 2.41, -82.6946704138 38.5294360402 2.419, -82.6947925671 38.5295177568 2.428, -82.6950310052 38.5296961491 2.446, -82.6951316195 38.5297828059 2.454, -82.695338287 38.5299430726 2.47, -82.6956470827 38.5301705269 2.493, -82.6965647975 38.5308765656 2.562, -82.6966576137 38.5309657679 2.57, -82.6971702807 38.5313454425 2.608, -82.6972918387 38.5314331855 2.617, -82.6975071061 38.5315719642 2.632, -82.6976936869 38.5316773123 2.645, -82.6977465105 38.531702297 2.648, -82.697841181 38.5317470387 2.654, -82.6979959704 38.5318095355 2.663, -82.6985011769 38.5319738955 2.693, -82.6986748344 38.5320368751 2.703, -82.6988449144 38.5321102029 2.714, -82.6991788271 38.5322808743 2.735, -82.7036818183 38.5349951623 3.043, -82.7039649053 38.5351774278 3.063, -82.7041069411 38.5352777759 3.073, -82.7042635185 38.5353985533 3.085, -82.7045092853 38.5356120036 3.105, -82.7049013263 38.536000638 3.139, -82.7052742127 38.5363621298 3.171, -82.7054188102 38.536485071 3.182, -82.7055709986 38.5366021612 3.193, -82.7057318123 38.5367137047 3.205, -82.7059593064 38.5368536041 3.22, -82.7060723969 38.5369183173 3.228, -82.7064365046 38.5371040264 3.251, -82.7071978518 38.5374779387 3.3, -82.7075348016 38.5376354753 3.321, -82.7090596751 38.5383399271 3.417, -82.7104204453 38.5389703776 3.502, -82.7111956367 38.5393234626 3.551, -82.7116074537 38.5394980128 3.576, -82.7118183749 38.5395825311 3.589, -82.712033209 38.5396654999 3.602, -82.7124761246 38.5398240837 3.628, -82.7129342751 38.5399695934 3.655, -82.7131676138 38.5400365502 3.669, -82.7136404078 38.5401579807 3.696, -82.7141181007 38.5402625008 3.723, -82.7146000939 38.5403561396 3.75, -82.7148409307 38.5403941628 3.763, -82.7150827514 38.5404253418 3.776, -82.7152938815 38.5404458461 3.788, -82.7158049735 38.5404957178 3.816, -82.7162847037 38.5405258289 3.843, -82.7167528628 38.5405397077 3.869, -82.7171981099 38.5405409125 3.893, -82.7209158691 38.5404629734 4.098, -82.7213554277 38.5404494566 4.122, -82.7224634772 38.5404268793 4.183, -82.7244145935 38.5403776919 4.291, -82.7281783274 38.5402954774 4.485, -82.7284607433 38.5402923595 4.5)"
"District 09","Greenup","09-80352.00","KY","693","KY-693","CONGESTION MITIGTN(O)","3.38","3.384","Improve congestion, access and mobility at the KY 693/KY 1488 intersection by constructing a traffic signal (MP 3.384 KY 693) (2024CCN)","","2024","2026","U","SPP","210000","2030","","","","045-KY-0693-000","LINESTRING Z (-82.7188919964 38.5133227621 3.38, -82.7188263007 38.5132927481 3.384)"
"District 09","Greenup","09-80352.00","KY","693","KY-693","CONGESTION MITIGTN(O)","3.38","3.384","Improve congestion, access and mobility at the KY 693/KY 1488 intersection by constructing a traffic signal (MP 3.384 KY 693) (2024CCN)","","2024","2026","C","SPP","420000","2031","","","","045-KY-0693-000","LINESTRING Z (-82.7188919964 38.5133227621 3.38, -82.7188263007 38.5132927481 3.384)"
"District 09","Greenup","09-80352.00","KY","693","KY-693","CONGESTION MITIGTN(O)","3.38","3.384","Improve congestion, access and mobility at the KY 693/KY 1488 intersection by constructing a traffic signal (MP 3.384 KY 693) (2024CCN)","","2024","2026","R","SPP","110000","2029","","","","045-KY-0693-000","LINESTRING Z (-82.7188919964 38.5133227621 3.38, -82.7188263007 38.5132927481 3.384)"
"District 09","Greenup","09-80401.00","KY","693","KY-693","SAFETY(P)","3.9","4.0","Improve safety and decrease congestion at the KY 693 (Diederick Blvd.) and KY 1172 (Red Devil Ln.) intersection by improving signal visibility, adding advanced signal warning signs and constructing a NB right-turn lane on Thompson Road at KY 693. (2026CCN","","2026","2026","U","SPP","500000","2030","","","","045-KY-0693-000","LINESTRING Z (-82.7103764098 38.5097833038 3.9, -82.709472301 38.5094979606 3.95, -82.7092159715 38.5094144701 3.964, -82.7089357438 38.5093339382 3.98, -82.7086457139 38.5092031535 3.999, -82.7086305182 38.5091953569 4)"
"District 09","Greenup","09-80401.00","KY","693","KY-693","SAFETY(P)","3.9","4.0","Improve safety and decrease congestion at the KY 693 (Diederick Blvd.) and KY 1172 (Red Devil Ln.) intersection by improving signal visibility, adding advanced signal warning signs and constructing a NB right-turn lane on Thompson Road at KY 693. (2026CCN","","2026","2026","R","SPP","250000","2030","","","","045-KY-0693-000","LINESTRING Z (-82.7103764098 38.5097833038 3.9, -82.709472301 38.5094979606 3.95, -82.7092159715 38.5094144701 3.964, -82.7089357438 38.5093339382 3.98, -82.7086457139 38.5092031535 3.999, -82.7086305182 38.5091953569 4)"
"District 09","Greenup","09-80401.00","KY","693","KY-693","SAFETY(P)","3.9","4.0","Improve safety and decrease congestion at the KY 693 (Diederick Blvd.) and KY 1172 (Red Devil Ln.) intersection by improving signal visibility, adding advanced signal warning signs and constructing a NB right-turn lane on Thompson Road at KY 693. (2026CCN","","2026","2026","D","SPP","250000","2029","","","","045-KY-0693-000","LINESTRING Z (-82.7103764098 38.5097833038 3.9, -82.709472301 38.5094979606 3.95, -82.7092159715 38.5094144701 3.964, -82.7089357438 38.5093339382 3.98, -82.7086457139 38.5092031535 3.999, -82.7086305182 38.5091953569 4)"
"District 09","Greenup","09-80401.00","KY","693","KY-693","SAFETY(P)","3.9","4.0","Improve safety and decrease congestion at the KY 693 (Diederick Blvd.) and KY 1172 (Red Devil Ln.) intersection by improving signal visibility, adding advanced signal warning signs and constructing a NB right-turn lane on Thompson Road at KY 693. (2026CCN","","2026","2026","C","SPP","1200000","2031","","","","045-KY-0693-000","LINESTRING Z (-82.7103764098 38.5097833038 3.9, -82.709472301 38.5094979606 3.95, -82.7092159715 38.5094144701 3.964, -82.7089357438 38.5093339382 3.98, -82.7086457139 38.5092031535 3.999, -82.7086305182 38.5091953569 4)"
"District 09","Lawrence","09-80302.00","KY","3398","KY-3398","MINOR WIDENING(O)","0.0","2.289","Improve/widen KY-3398 from KY-3 @ Fallsburg to US-23 @ Fullers to improve safety and to accommodate residential growth and recreational vehicles in this area. (2024CCN) (2026CCN)","","2024","2026","R","SPP","1300000","2030","","","","064-KY-3398-000","LINESTRING Z (-82.6734525644 38.1752832594 0, -82.6733581844 38.1754261548 0.009, -82.6732630233 38.1755877134 0.019, -82.6731422505 38.1758291114 0.033, -82.6731133177 38.1758967757 0.036, -82.6730572093 38.1759983523 0.042, -82.6730078362 38.1760470747 0.046, -82.6729498844 38.1760928252 0.049, -82.6728495244 38.1761371972 0.054, -82.67272118 38.1761932053 0.062, -82.6724010524 38.1763656658 0.084, -82.6723133124 38.1764078935 0.089, -82.6722185224 38.1764438922 0.095, -82.6721062189 38.1764742142 0.102, -82.6719866439 38.1764952792 0.109, -82.6718632399 38.1765080009 0.115, -82.6717346182 38.1765123447 0.122, -82.6715336705 38.1765065605 0.133, -82.6712487107 38.1764788046 0.149, -82.6705348387 38.1763780495 0.188, -82.6701976061 38.1763684366 0.206, -82.6699704037 38.1763828489 0.218, -82.6696780403 38.1764156188 0.234, -82.6695356349 38.1764415823 0.242, -82.6693603908 38.1764870214 0.252, -82.6690479464 38.1765920805 0.27, -82.6687097832 38.1767294406 0.291, -82.6684481071 38.1768523079 0.307, -82.6683178222 38.1769046888 0.315, -82.6681915506 38.176969263 0.323, -82.6679423509 38.1771100398 0.34, -82.6677219713 38.1772441492 0.355, -82.6671570235 38.1776102416 0.394, -82.6669798279 38.1777188229 0.406, -82.6665411872 38.1779695075 0.436, -82.6660661599 38.1782494658 0.468, -82.6659019705 38.1783383269 0.478, -82.665731079 38.1784209688 0.489, -82.6652641941 38.1785978237 0.517, -82.6644582681 38.1788743586 0.565, -82.664319569 38.1789114032 0.572, -82.6641867952 38.1789233226 0.58, -82.6637626741 38.178926811 0.603, -82.6636426481 38.1789335684 0.609, -82.6634878559 38.1789559036 0.618, -82.6633409276 38.178998227 0.626, -82.6632354123 38.1790408076 0.632, -82.6627917066 38.1792457352 0.66, -82.6626510041 38.179297288 0.668, -82.6625053145 38.1793349719 0.677, -82.6623598148 38.1793515035 0.685, -82.6622196636 38.1793483917 0.692, -82.6620893356 38.1793268515 0.699, -82.6618514523 38.1792720015 0.713, -82.6616181305 38.1792411756 0.726, -82.6614520651 38.1792417822 0.735, -82.6613250791 38.1792318682 0.741, -82.6612578972 38.1792152752 0.745, -82.6612188636 38.1791832065 0.748, -82.6611901908 38.1791448136 0.751, -82.6611870514 38.1791117593 0.754, -82.6611926776 38.1790855286 0.755, -82.6612159043 38.1790462943 0.758, -82.6612594163 38.1790130858 0.762, -82.6613719137 38.1789783821 0.768, -82.6616039025 38.1789330631 0.781, -82.661729704 38.1788965092 0.788, -82.6618462383 38.1788402044 0.796, -82.6620283127 38.1787317581 0.808, -82.6621853733 38.1786221075 0.819, -82.6623661608 38.1784779064 0.833, -82.6624730267 38.1783782104 0.842, -82.662522999 38.1783237377 0.847, -82.6625567463 38.1782743373 0.85, -82.6625883329 38.1782100422 0.855, -82.6625982588 38.1781476538 0.859, -82.6625982048 38.1780825331 0.864, -82.6625775319 38.1780193454 0.868, -82.6625367643 38.1779622279 0.873, -82.6624230903 38.1778507241 0.883, -82.662345295 38.1778050037 0.888, -82.6622522497 38.1777660288 0.894, -82.6621498776 38.1777336785 0.9, -82.6620378869 38.1777065732 0.906, -82.6619169952 38.1776841806 0.913, -82.6617868226 38.1776673148 0.92, -82.6615136175 38.1776497343 0.934, -82.6613741193 38.1776477375 0.942, -82.6610928778 38.1776557739 0.957, -82.6608053591 38.1776806809 0.973, -82.66051046 38.1777155608 0.989, -82.6599112321 38.177802658 1.022, -82.6597261329 38.1778255688 1.032, -82.6593298295 38.1778547727 1.053, -82.6591541145 38.1778614427 1.063, -82.659021651 38.1778577035 1.07, -82.6589383979 38.1778508543 1.076, -82.6588224679 38.1778263907 1.083, -82.6587112398 38.1777894091 1.091, -82.658604368 38.1777399032 1.1, -82.6585013525 38.1776814307 1.108, -82.6584071668 38.1776116487 1.116, -82.6583269561 38.1775323404 1.125, -82.6581893831 38.1773435469 1.143, -82.6581309764 38.1772755246 1.15, -82.6580883507 38.1772378654 1.154, -82.6580205507 38.1771946015 1.16, -82.6579479109 38.177167148 1.165, -82.6579209393 38.1771628697 1.167, -82.6578683651 38.1771548997 1.17, -82.6577811171 38.1771603101 1.175, -82.6576866412 38.1771803693 1.18, -82.6575158866 38.1772347014 1.19, -82.6571440303 38.1773697733 1.211, -82.6570295055 38.1774030457 1.218, -82.6569141439 38.1774231067 1.224, -82.6567960185 38.1774260605 1.231, -82.6566769052 38.1774111271 1.237, -82.6566396986 38.1774019102 1.239, -82.6565293661 38.1773685225 1.245, -82.6563539834 38.17730101 1.256, -82.656252539 38.1772549412 1.262, -82.6561572804 38.1772024392 1.268, -82.6560742945 38.1771395428 1.274, -82.6560318303 38.1770897967 1.279, -82.6559990882 38.1770323371 1.283, -82.6559751997 38.1769712625 1.287, -82.6559460412 38.1768699337 1.294, -82.6559725728 38.1766609796 1.308, -82.6559889902 38.1765767811 1.314, -82.6560238278 38.1764600918 1.322, -82.6560453948 38.1763444289 1.33, -82.6560841205 38.1762014641 1.34, -82.6561979947 38.1758936814 1.362, -82.6562752802 38.1757028169 1.375, -82.6563083767 38.1755778396 1.384, -82.6563647397 38.1754292913 1.394, -82.6564060505 38.1752910649 1.404, -82.6564883571 38.1749558034 1.427, -82.6565025545 38.174800106 1.438, -82.6564924467 38.1746844387 1.446, -82.656450206 38.1745382546 1.456, -82.6563791721 38.1743731817 1.468, -82.6562964597 38.1742209927 1.479, -82.6562501213 38.1741475159 1.484, -82.6561746418 38.1740551402 1.492, -82.6560235022 38.1739410008 1.503, -82.6559358412 38.1738900713 1.509, -82.6558376351 38.1738498571 1.515, -82.6557119165 38.1738100205 1.522, -82.655380637 38.1737169915 1.541, -82.6552926187 38.1736745708 1.546, -82.6552281258 38.1736272701 1.551, -82.6551906266 38.1735919419 1.554, -82.6551649709 38.173548131 1.557, -82.655149363 38.173505408 1.56, -82.6551394513 38.1734348075 1.565, -82.6551765343 38.1732481113 1.578, -82.6552039672 38.1730757246 1.59, -82.6552094061 38.172979423 1.596, -82.6551992653 38.1729225547 1.6, -82.6551777576 38.1728711594 1.604, -82.655096502 38.1727423627 1.613, -82.6550168594 38.1726746072 1.62, -82.6549181648 38.1726129472 1.626, -82.6548424101 38.1725768919 1.631, -82.6541197927 38.1722963814 1.674, -82.6534005483 38.1720599187 1.716, -82.6528992927 38.1719121456 1.744, -82.6527145071 38.1718616907 1.755, -82.6521209704 38.1717150669 1.788, -82.6519800974 38.1716715324 1.796, -82.6516614621 38.17155959 1.815, -82.6511211995 38.1712967572 1.849, -82.6507397977 38.1710883708 1.873, -82.6506102443 38.1710074875 1.882, -82.6504154547 38.1708226785 1.898, -82.6502645215 38.1706544078 1.912, -82.6500977931 38.1704065871 1.931, -82.6499392486 38.1700718799 1.956, -82.6498609287 38.1699563448 1.964, -82.6497700234 38.1698503721 1.973, -82.6496945255 38.1697753025 1.98, -82.6496132789 38.1697044775 1.986, -82.6494389441 38.1695713117 1.999, -82.6493118635 38.1694896676 2.008, -82.6491779573 38.169413065 2.017, -82.6490368106 38.1693431414 2.026, -82.6488877028 38.169280427 2.035, -82.6487713932 38.1692405556 2.041, -82.6485689323 38.169188531 2.053, -82.6484033623 38.1691613798 2.062, -82.6480392523 38.1691130792 2.081, -82.647751977 38.1690832812 2.097, -82.6475867572 38.1690808663 2.106, -82.6473768059 38.1690910161 2.117, -82.6466849551 38.1691555542 2.154, -82.6460216564 38.1692114964 2.19, -82.6458381725 38.1692129957 2.2, -82.6456668689 38.1692227841 2.209, -82.6454595596 38.1692280534 2.22, -82.6451857761 38.1692249816 2.235, -82.6449645345 38.1692057047 2.246, -82.6447514044 38.1691674064 2.258, -82.6445033801 38.1691064835 2.272, -82.6442086288 38.1690311431 2.289)"
"District 09","Lawrence","09-80302.00","KY","3398","KY-3398","MINOR WIDENING(O)","0.0","2.289","Improve/widen KY-3398 from KY-3 @ Fallsburg to US-23 @ Fullers to improve safety and to accommodate residential growth and recreational vehicles in this area. (2024CCN) (2026CCN)","","2024","2026","C","SPP","11350000","2032","","","","064-KY-3398-000","LINESTRING Z (-82.6734525644 38.1752832594 0, -82.6733581844 38.1754261548 0.009, -82.6732630233 38.1755877134 0.019, -82.6731422505 38.1758291114 0.033, -82.6731133177 38.1758967757 0.036, -82.6730572093 38.1759983523 0.042, -82.6730078362 38.1760470747 0.046, -82.6729498844 38.1760928252 0.049, -82.6728495244 38.1761371972 0.054, -82.67272118 38.1761932053 0.062, -82.6724010524 38.1763656658 0.084, -82.6723133124 38.1764078935 0.089, -82.6722185224 38.1764438922 0.095, -82.6721062189 38.1764742142 0.102, -82.6719866439 38.1764952792 0.109, -82.6718632399 38.1765080009 0.115, -82.6717346182 38.1765123447 0.122, -82.6715336705 38.1765065605 0.133, -82.6712487107 38.1764788046 0.149, -82.6705348387 38.1763780495 0.188, -82.6701976061 38.1763684366 0.206, -82.6699704037 38.1763828489 0.218, -82.6696780403 38.1764156188 0.234, -82.6695356349 38.1764415823 0.242, -82.6693603908 38.1764870214 0.252, -82.6690479464 38.1765920805 0.27, -82.6687097832 38.1767294406 0.291, -82.6684481071 38.1768523079 0.307, -82.6683178222 38.1769046888 0.315, -82.6681915506 38.176969263 0.323, -82.6679423509 38.1771100398 0.34, -82.6677219713 38.1772441492 0.355, -82.6671570235 38.1776102416 0.394, -82.6669798279 38.1777188229 0.406, -82.6665411872 38.1779695075 0.436, -82.6660661599 38.1782494658 0.468, -82.6659019705 38.1783383269 0.478, -82.665731079 38.1784209688 0.489, -82.6652641941 38.1785978237 0.517, -82.6644582681 38.1788743586 0.565, -82.664319569 38.1789114032 0.572, -82.6641867952 38.1789233226 0.58, -82.6637626741 38.178926811 0.603, -82.6636426481 38.1789335684 0.609, -82.6634878559 38.1789559036 0.618, -82.6633409276 38.178998227 0.626, -82.6632354123 38.1790408076 0.632, -82.6627917066 38.1792457352 0.66, -82.6626510041 38.179297288 0.668, -82.6625053145 38.1793349719 0.677, -82.6623598148 38.1793515035 0.685, -82.6622196636 38.1793483917 0.692, -82.6620893356 38.1793268515 0.699, -82.6618514523 38.1792720015 0.713, -82.6616181305 38.1792411756 0.726, -82.6614520651 38.1792417822 0.735, -82.6613250791 38.1792318682 0.741, -82.6612578972 38.1792152752 0.745, -82.6612188636 38.1791832065 0.748, -82.6611901908 38.1791448136 0.751, -82.6611870514 38.1791117593 0.754, -82.6611926776 38.1790855286 0.755, -82.6612159043 38.1790462943 0.758, -82.6612594163 38.1790130858 0.762, -82.6613719137 38.1789783821 0.768, -82.6616039025 38.1789330631 0.781, -82.661729704 38.1788965092 0.788, -82.6618462383 38.1788402044 0.796, -82.6620283127 38.1787317581 0.808, -82.6621853733 38.1786221075 0.819, -82.6623661608 38.1784779064 0.833, -82.6624730267 38.1783782104 0.842, -82.662522999 38.1783237377 0.847, -82.6625567463 38.1782743373 0.85, -82.6625883329 38.1782100422 0.855, -82.6625982588 38.1781476538 0.859, -82.6625982048 38.1780825331 0.864, -82.6625775319 38.1780193454 0.868, -82.6625367643 38.1779622279 0.873, -82.6624230903 38.1778507241 0.883, -82.662345295 38.1778050037 0.888, -82.6622522497 38.1777660288 0.894, -82.6621498776 38.1777336785 0.9, -82.6620378869 38.1777065732 0.906, -82.6619169952 38.1776841806 0.913, -82.6617868226 38.1776673148 0.92, -82.6615136175 38.1776497343 0.934, -82.6613741193 38.1776477375 0.942, -82.6610928778 38.1776557739 0.957, -82.6608053591 38.1776806809 0.973, -82.66051046 38.1777155608 0.989, -82.6599112321 38.177802658 1.022, -82.6597261329 38.1778255688 1.032, -82.6593298295 38.1778547727 1.053, -82.6591541145 38.1778614427 1.063, -82.659021651 38.1778577035 1.07, -82.6589383979 38.1778508543 1.076, -82.6588224679 38.1778263907 1.083, -82.6587112398 38.1777894091 1.091, -82.658604368 38.1777399032 1.1, -82.6585013525 38.1776814307 1.108, -82.6584071668 38.1776116487 1.116, -82.6583269561 38.1775323404 1.125, -82.6581893831 38.1773435469 1.143, -82.6581309764 38.1772755246 1.15, -82.6580883507 38.1772378654 1.154, -82.6580205507 38.1771946015 1.16, -82.6579479109 38.177167148 1.165, -82.6579209393 38.1771628697 1.167, -82.6578683651 38.1771548997 1.17, -82.6577811171 38.1771603101 1.175, -82.6576866412 38.1771803693 1.18, -82.6575158866 38.1772347014 1.19, -82.6571440303 38.1773697733 1.211, -82.6570295055 38.1774030457 1.218, -82.6569141439 38.1774231067 1.224, -82.6567960185 38.1774260605 1.231, -82.6566769052 38.1774111271 1.237, -82.6566396986 38.1774019102 1.239, -82.6565293661 38.1773685225 1.245, -82.6563539834 38.17730101 1.256, -82.656252539 38.1772549412 1.262, -82.6561572804 38.1772024392 1.268, -82.6560742945 38.1771395428 1.274, -82.6560318303 38.1770897967 1.279, -82.6559990882 38.1770323371 1.283, -82.6559751997 38.1769712625 1.287, -82.6559460412 38.1768699337 1.294, -82.6559725728 38.1766609796 1.308, -82.6559889902 38.1765767811 1.314, -82.6560238278 38.1764600918 1.322, -82.6560453948 38.1763444289 1.33, -82.6560841205 38.1762014641 1.34, -82.6561979947 38.1758936814 1.362, -82.6562752802 38.1757028169 1.375, -82.6563083767 38.1755778396 1.384, -82.6563647397 38.1754292913 1.394, -82.6564060505 38.1752910649 1.404, -82.6564883571 38.1749558034 1.427, -82.6565025545 38.174800106 1.438, -82.6564924467 38.1746844387 1.446, -82.656450206 38.1745382546 1.456, -82.6563791721 38.1743731817 1.468, -82.6562964597 38.1742209927 1.479, -82.6562501213 38.1741475159 1.484, -82.6561746418 38.1740551402 1.492, -82.6560235022 38.1739410008 1.503, -82.6559358412 38.1738900713 1.509, -82.6558376351 38.1738498571 1.515, -82.6557119165 38.1738100205 1.522, -82.655380637 38.1737169915 1.541, -82.6552926187 38.1736745708 1.546, -82.6552281258 38.1736272701 1.551, -82.6551906266 38.1735919419 1.554, -82.6551649709 38.173548131 1.557, -82.655149363 38.173505408 1.56, -82.6551394513 38.1734348075 1.565, -82.6551765343 38.1732481113 1.578, -82.6552039672 38.1730757246 1.59, -82.6552094061 38.172979423 1.596, -82.6551992653 38.1729225547 1.6, -82.6551777576 38.1728711594 1.604, -82.655096502 38.1727423627 1.613, -82.6550168594 38.1726746072 1.62, -82.6549181648 38.1726129472 1.626, -82.6548424101 38.1725768919 1.631, -82.6541197927 38.1722963814 1.674, -82.6534005483 38.1720599187 1.716, -82.6528992927 38.1719121456 1.744, -82.6527145071 38.1718616907 1.755, -82.6521209704 38.1717150669 1.788, -82.6519800974 38.1716715324 1.796, -82.6516614621 38.17155959 1.815, -82.6511211995 38.1712967572 1.849, -82.6507397977 38.1710883708 1.873, -82.6506102443 38.1710074875 1.882, -82.6504154547 38.1708226785 1.898, -82.6502645215 38.1706544078 1.912, -82.6500977931 38.1704065871 1.931, -82.6499392486 38.1700718799 1.956, -82.6498609287 38.1699563448 1.964, -82.6497700234 38.1698503721 1.973, -82.6496945255 38.1697753025 1.98, -82.6496132789 38.1697044775 1.986, -82.6494389441 38.1695713117 1.999, -82.6493118635 38.1694896676 2.008, -82.6491779573 38.169413065 2.017, -82.6490368106 38.1693431414 2.026, -82.6488877028 38.169280427 2.035, -82.6487713932 38.1692405556 2.041, -82.6485689323 38.169188531 2.053, -82.6484033623 38.1691613798 2.062, -82.6480392523 38.1691130792 2.081, -82.647751977 38.1690832812 2.097, -82.6475867572 38.1690808663 2.106, -82.6473768059 38.1690910161 2.117, -82.6466849551 38.1691555542 2.154, -82.6460216564 38.1692114964 2.19, -82.6458381725 38.1692129957 2.2, -82.6456668689 38.1692227841 2.209, -82.6454595596 38.1692280534 2.22, -82.6451857761 38.1692249816 2.235, -82.6449645345 38.1692057047 2.246, -82.6447514044 38.1691674064 2.258, -82.6445033801 38.1691064835 2.272, -82.6442086288 38.1690311431 2.289)"
"District 09","Lawrence","09-80302.00","KY","3398","KY-3398","MINOR WIDENING(O)","0.0","2.289","Improve/widen KY-3398 from KY-3 @ Fallsburg to US-23 @ Fullers to improve safety and to accommodate residential growth and recreational vehicles in this area. (2024CCN) (2026CCN)","","2024","2026","U","SPP","1750000","2031","","","","064-KY-3398-000","LINESTRING Z (-82.6734525644 38.1752832594 0, -82.6733581844 38.1754261548 0.009, -82.6732630233 38.1755877134 0.019, -82.6731422505 38.1758291114 0.033, -82.6731133177 38.1758967757 0.036, -82.6730572093 38.1759983523 0.042, -82.6730078362 38.1760470747 0.046, -82.6729498844 38.1760928252 0.049, -82.6728495244 38.1761371972 0.054, -82.67272118 38.1761932053 0.062, -82.6724010524 38.1763656658 0.084, -82.6723133124 38.1764078935 0.089, -82.6722185224 38.1764438922 0.095, -82.6721062189 38.1764742142 0.102, -82.6719866439 38.1764952792 0.109, -82.6718632399 38.1765080009 0.115, -82.6717346182 38.1765123447 0.122, -82.6715336705 38.1765065605 0.133, -82.6712487107 38.1764788046 0.149, -82.6705348387 38.1763780495 0.188, -82.6701976061 38.1763684366 0.206, -82.6699704037 38.1763828489 0.218, -82.6696780403 38.1764156188 0.234, -82.6695356349 38.1764415823 0.242, -82.6693603908 38.1764870214 0.252, -82.6690479464 38.1765920805 0.27, -82.6687097832 38.1767294406 0.291, -82.6684481071 38.1768523079 0.307, -82.6683178222 38.1769046888 0.315, -82.6681915506 38.176969263 0.323, -82.6679423509 38.1771100398 0.34, -82.6677219713 38.1772441492 0.355, -82.6671570235 38.1776102416 0.394, -82.6669798279 38.1777188229 0.406, -82.6665411872 38.1779695075 0.436, -82.6660661599 38.1782494658 0.468, -82.6659019705 38.1783383269 0.478, -82.665731079 38.1784209688 0.489, -82.6652641941 38.1785978237 0.517, -82.6644582681 38.1788743586 0.565, -82.664319569 38.1789114032 0.572, -82.6641867952 38.1789233226 0.58, -82.6637626741 38.178926811 0.603, -82.6636426481 38.1789335684 0.609, -82.6634878559 38.1789559036 0.618, -82.6633409276 38.178998227 0.626, -82.6632354123 38.1790408076 0.632, -82.6627917066 38.1792457352 0.66, -82.6626510041 38.179297288 0.668, -82.6625053145 38.1793349719 0.677, -82.6623598148 38.1793515035 0.685, -82.6622196636 38.1793483917 0.692, -82.6620893356 38.1793268515 0.699, -82.6618514523 38.1792720015 0.713, -82.6616181305 38.1792411756 0.726, -82.6614520651 38.1792417822 0.735, -82.6613250791 38.1792318682 0.741, -82.6612578972 38.1792152752 0.745, -82.6612188636 38.1791832065 0.748, -82.6611901908 38.1791448136 0.751, -82.6611870514 38.1791117593 0.754, -82.6611926776 38.1790855286 0.755, -82.6612159043 38.1790462943 0.758, -82.6612594163 38.1790130858 0.762, -82.6613719137 38.1789783821 0.768, -82.6616039025 38.1789330631 0.781, -82.661729704 38.1788965092 0.788, -82.6618462383 38.1788402044 0.796, -82.6620283127 38.1787317581 0.808, -82.6621853733 38.1786221075 0.819, -82.6623661608 38.1784779064 0.833, -82.6624730267 38.1783782104 0.842, -82.662522999 38.1783237377 0.847, -82.6625567463 38.1782743373 0.85, -82.6625883329 38.1782100422 0.855, -82.6625982588 38.1781476538 0.859, -82.6625982048 38.1780825331 0.864, -82.6625775319 38.1780193454 0.868, -82.6625367643 38.1779622279 0.873, -82.6624230903 38.1778507241 0.883, -82.662345295 38.1778050037 0.888, -82.6622522497 38.1777660288 0.894, -82.6621498776 38.1777336785 0.9, -82.6620378869 38.1777065732 0.906, -82.6619169952 38.1776841806 0.913, -82.6617868226 38.1776673148 0.92, -82.6615136175 38.1776497343 0.934, -82.6613741193 38.1776477375 0.942, -82.6610928778 38.1776557739 0.957, -82.6608053591 38.1776806809 0.973, -82.66051046 38.1777155608 0.989, -82.6599112321 38.177802658 1.022, -82.6597261329 38.1778255688 1.032, -82.6593298295 38.1778547727 1.053, -82.6591541145 38.1778614427 1.063, -82.659021651 38.1778577035 1.07, -82.6589383979 38.1778508543 1.076, -82.6588224679 38.1778263907 1.083, -82.6587112398 38.1777894091 1.091, -82.658604368 38.1777399032 1.1, -82.6585013525 38.1776814307 1.108, -82.6584071668 38.1776116487 1.116, -82.6583269561 38.1775323404 1.125, -82.6581893831 38.1773435469 1.143, -82.6581309764 38.1772755246 1.15, -82.6580883507 38.1772378654 1.154, -82.6580205507 38.1771946015 1.16, -82.6579479109 38.177167148 1.165, -82.6579209393 38.1771628697 1.167, -82.6578683651 38.1771548997 1.17, -82.6577811171 38.1771603101 1.175, -82.6576866412 38.1771803693 1.18, -82.6575158866 38.1772347014 1.19, -82.6571440303 38.1773697733 1.211, -82.6570295055 38.1774030457 1.218, -82.6569141439 38.1774231067 1.224, -82.6567960185 38.1774260605 1.231, -82.6566769052 38.1774111271 1.237, -82.6566396986 38.1774019102 1.239, -82.6565293661 38.1773685225 1.245, -82.6563539834 38.17730101 1.256, -82.656252539 38.1772549412 1.262, -82.6561572804 38.1772024392 1.268, -82.6560742945 38.1771395428 1.274, -82.6560318303 38.1770897967 1.279, -82.6559990882 38.1770323371 1.283, -82.6559751997 38.1769712625 1.287, -82.6559460412 38.1768699337 1.294, -82.6559725728 38.1766609796 1.308, -82.6559889902 38.1765767811 1.314, -82.6560238278 38.1764600918 1.322, -82.6560453948 38.1763444289 1.33, -82.6560841205 38.1762014641 1.34, -82.6561979947 38.1758936814 1.362, -82.6562752802 38.1757028169 1.375, -82.6563083767 38.1755778396 1.384, -82.6563647397 38.1754292913 1.394, -82.6564060505 38.1752910649 1.404, -82.6564883571 38.1749558034 1.427, -82.6565025545 38.174800106 1.438, -82.6564924467 38.1746844387 1.446, -82.656450206 38.1745382546 1.456, -82.6563791721 38.1743731817 1.468, -82.6562964597 38.1742209927 1.479, -82.6562501213 38.1741475159 1.484, -82.6561746418 38.1740551402 1.492, -82.6560235022 38.1739410008 1.503, -82.6559358412 38.1738900713 1.509, -82.6558376351 38.1738498571 1.515, -82.6557119165 38.1738100205 1.522, -82.655380637 38.1737169915 1.541, -82.6552926187 38.1736745708 1.546, -82.6552281258 38.1736272701 1.551, -82.6551906266 38.1735919419 1.554, -82.6551649709 38.173548131 1.557, -82.655149363 38.173505408 1.56, -82.6551394513 38.1734348075 1.565, -82.6551765343 38.1732481113 1.578, -82.6552039672 38.1730757246 1.59, -82.6552094061 38.172979423 1.596, -82.6551992653 38.1729225547 1.6, -82.6551777576 38.1728711594 1.604, -82.655096502 38.1727423627 1.613, -82.6550168594 38.1726746072 1.62, -82.6549181648 38.1726129472 1.626, -82.6548424101 38.1725768919 1.631, -82.6541197927 38.1722963814 1.674, -82.6534005483 38.1720599187 1.716, -82.6528992927 38.1719121456 1.744, -82.6527145071 38.1718616907 1.755, -82.6521209704 38.1717150669 1.788, -82.6519800974 38.1716715324 1.796, -82.6516614621 38.17155959 1.815, -82.6511211995 38.1712967572 1.849, -82.6507397977 38.1710883708 1.873, -82.6506102443 38.1710074875 1.882, -82.6504154547 38.1708226785 1.898, -82.6502645215 38.1706544078 1.912, -82.6500977931 38.1704065871 1.931, -82.6499392486 38.1700718799 1.956, -82.6498609287 38.1699563448 1.964, -82.6497700234 38.1698503721 1.973, -82.6496945255 38.1697753025 1.98, -82.6496132789 38.1697044775 1.986, -82.6494389441 38.1695713117 1.999, -82.6493118635 38.1694896676 2.008, -82.6491779573 38.169413065 2.017, -82.6490368106 38.1693431414 2.026, -82.6488877028 38.169280427 2.035, -82.6487713932 38.1692405556 2.041, -82.6485689323 38.169188531 2.053, -82.6484033623 38.1691613798 2.062, -82.6480392523 38.1691130792 2.081, -82.647751977 38.1690832812 2.097, -82.6475867572 38.1690808663 2.106, -82.6473768059 38.1690910161 2.117, -82.6466849551 38.1691555542 2.154, -82.6460216564 38.1692114964 2.19, -82.6458381725 38.1692129957 2.2, -82.6456668689 38.1692227841 2.209, -82.6454595596 38.1692280534 2.22, -82.6451857761 38.1692249816 2.235, -82.6449645345 38.1692057047 2.246, -82.6447514044 38.1691674064 2.258, -82.6445033801 38.1691064835 2.272, -82.6442086288 38.1690311431 2.289)"
"District 09","Lawrence","09-80302.00","KY","3398","KY-3398","MINOR WIDENING(O)","0.0","2.289","Improve/widen KY-3398 from KY-3 @ Fallsburg to US-23 @ Fullers to improve safety and to accommodate residential growth and recreational vehicles in this area. (2024CCN) (2026CCN)","","2024","2026","D","SPP","800000","2029","","","","064-KY-3398-000","LINESTRING Z (-82.6734525644 38.1752832594 0, -82.6733581844 38.1754261548 0.009, -82.6732630233 38.1755877134 0.019, -82.6731422505 38.1758291114 0.033, -82.6731133177 38.1758967757 0.036, -82.6730572093 38.1759983523 0.042, -82.6730078362 38.1760470747 0.046, -82.6729498844 38.1760928252 0.049, -82.6728495244 38.1761371972 0.054, -82.67272118 38.1761932053 0.062, -82.6724010524 38.1763656658 0.084, -82.6723133124 38.1764078935 0.089, -82.6722185224 38.1764438922 0.095, -82.6721062189 38.1764742142 0.102, -82.6719866439 38.1764952792 0.109, -82.6718632399 38.1765080009 0.115, -82.6717346182 38.1765123447 0.122, -82.6715336705 38.1765065605 0.133, -82.6712487107 38.1764788046 0.149, -82.6705348387 38.1763780495 0.188, -82.6701976061 38.1763684366 0.206, -82.6699704037 38.1763828489 0.218, -82.6696780403 38.1764156188 0.234, -82.6695356349 38.1764415823 0.242, -82.6693603908 38.1764870214 0.252, -82.6690479464 38.1765920805 0.27, -82.6687097832 38.1767294406 0.291, -82.6684481071 38.1768523079 0.307, -82.6683178222 38.1769046888 0.315, -82.6681915506 38.176969263 0.323, -82.6679423509 38.1771100398 0.34, -82.6677219713 38.1772441492 0.355, -82.6671570235 38.1776102416 0.394, -82.6669798279 38.1777188229 0.406, -82.6665411872 38.1779695075 0.436, -82.6660661599 38.1782494658 0.468, -82.6659019705 38.1783383269 0.478, -82.665731079 38.1784209688 0.489, -82.6652641941 38.1785978237 0.517, -82.6644582681 38.1788743586 0.565, -82.664319569 38.1789114032 0.572, -82.6641867952 38.1789233226 0.58, -82.6637626741 38.178926811 0.603, -82.6636426481 38.1789335684 0.609, -82.6634878559 38.1789559036 0.618, -82.6633409276 38.178998227 0.626, -82.6632354123 38.1790408076 0.632, -82.6627917066 38.1792457352 0.66, -82.6626510041 38.179297288 0.668, -82.6625053145 38.1793349719 0.677, -82.6623598148 38.1793515035 0.685, -82.6622196636 38.1793483917 0.692, -82.6620893356 38.1793268515 0.699, -82.6618514523 38.1792720015 0.713, -82.6616181305 38.1792411756 0.726, -82.6614520651 38.1792417822 0.735, -82.6613250791 38.1792318682 0.741, -82.6612578972 38.1792152752 0.745, -82.6612188636 38.1791832065 0.748, -82.6611901908 38.1791448136 0.751, -82.6611870514 38.1791117593 0.754, -82.6611926776 38.1790855286 0.755, -82.6612159043 38.1790462943 0.758, -82.6612594163 38.1790130858 0.762, -82.6613719137 38.1789783821 0.768, -82.6616039025 38.1789330631 0.781, -82.661729704 38.1788965092 0.788, -82.6618462383 38.1788402044 0.796, -82.6620283127 38.1787317581 0.808, -82.6621853733 38.1786221075 0.819, -82.6623661608 38.1784779064 0.833, -82.6624730267 38.1783782104 0.842, -82.662522999 38.1783237377 0.847, -82.6625567463 38.1782743373 0.85, -82.6625883329 38.1782100422 0.855, -82.6625982588 38.1781476538 0.859, -82.6625982048 38.1780825331 0.864, -82.6625775319 38.1780193454 0.868, -82.6625367643 38.1779622279 0.873, -82.6624230903 38.1778507241 0.883, -82.662345295 38.1778050037 0.888, -82.6622522497 38.1777660288 0.894, -82.6621498776 38.1777336785 0.9, -82.6620378869 38.1777065732 0.906, -82.6619169952 38.1776841806 0.913, -82.6617868226 38.1776673148 0.92, -82.6615136175 38.1776497343 0.934, -82.6613741193 38.1776477375 0.942, -82.6610928778 38.1776557739 0.957, -82.6608053591 38.1776806809 0.973, -82.66051046 38.1777155608 0.989, -82.6599112321 38.177802658 1.022, -82.6597261329 38.1778255688 1.032, -82.6593298295 38.1778547727 1.053, -82.6591541145 38.1778614427 1.063, -82.659021651 38.1778577035 1.07, -82.6589383979 38.1778508543 1.076, -82.6588224679 38.1778263907 1.083, -82.6587112398 38.1777894091 1.091, -82.658604368 38.1777399032 1.1, -82.6585013525 38.1776814307 1.108, -82.6584071668 38.1776116487 1.116, -82.6583269561 38.1775323404 1.125, -82.6581893831 38.1773435469 1.143, -82.6581309764 38.1772755246 1.15, -82.6580883507 38.1772378654 1.154, -82.6580205507 38.1771946015 1.16, -82.6579479109 38.177167148 1.165, -82.6579209393 38.1771628697 1.167, -82.6578683651 38.1771548997 1.17, -82.6577811171 38.1771603101 1.175, -82.6576866412 38.1771803693 1.18, -82.6575158866 38.1772347014 1.19, -82.6571440303 38.1773697733 1.211, -82.6570295055 38.1774030457 1.218, -82.6569141439 38.1774231067 1.224, -82.6567960185 38.1774260605 1.231, -82.6566769052 38.1774111271 1.237, -82.6566396986 38.1774019102 1.239, -82.6565293661 38.1773685225 1.245, -82.6563539834 38.17730101 1.256, -82.656252539 38.1772549412 1.262, -82.6561572804 38.1772024392 1.268, -82.6560742945 38.1771395428 1.274, -82.6560318303 38.1770897967 1.279, -82.6559990882 38.1770323371 1.283, -82.6559751997 38.1769712625 1.287, -82.6559460412 38.1768699337 1.294, -82.6559725728 38.1766609796 1.308, -82.6559889902 38.1765767811 1.314, -82.6560238278 38.1764600918 1.322, -82.6560453948 38.1763444289 1.33, -82.6560841205 38.1762014641 1.34, -82.6561979947 38.1758936814 1.362, -82.6562752802 38.1757028169 1.375, -82.6563083767 38.1755778396 1.384, -82.6563647397 38.1754292913 1.394, -82.6564060505 38.1752910649 1.404, -82.6564883571 38.1749558034 1.427, -82.6565025545 38.174800106 1.438, -82.6564924467 38.1746844387 1.446, -82.656450206 38.1745382546 1.456, -82.6563791721 38.1743731817 1.468, -82.6562964597 38.1742209927 1.479, -82.6562501213 38.1741475159 1.484, -82.6561746418 38.1740551402 1.492, -82.6560235022 38.1739410008 1.503, -82.6559358412 38.1738900713 1.509, -82.6558376351 38.1738498571 1.515, -82.6557119165 38.1738100205 1.522, -82.655380637 38.1737169915 1.541, -82.6552926187 38.1736745708 1.546, -82.6552281258 38.1736272701 1.551, -82.6551906266 38.1735919419 1.554, -82.6551649709 38.173548131 1.557, -82.655149363 38.173505408 1.56, -82.6551394513 38.1734348075 1.565, -82.6551765343 38.1732481113 1.578, -82.6552039672 38.1730757246 1.59, -82.6552094061 38.172979423 1.596, -82.6551992653 38.1729225547 1.6, -82.6551777576 38.1728711594 1.604, -82.655096502 38.1727423627 1.613, -82.6550168594 38.1726746072 1.62, -82.6549181648 38.1726129472 1.626, -82.6548424101 38.1725768919 1.631, -82.6541197927 38.1722963814 1.674, -82.6534005483 38.1720599187 1.716, -82.6528992927 38.1719121456 1.744, -82.6527145071 38.1718616907 1.755, -82.6521209704 38.1717150669 1.788, -82.6519800974 38.1716715324 1.796, -82.6516614621 38.17155959 1.815, -82.6511211995 38.1712967572 1.849, -82.6507397977 38.1710883708 1.873, -82.6506102443 38.1710074875 1.882, -82.6504154547 38.1708226785 1.898, -82.6502645215 38.1706544078 1.912, -82.6500977931 38.1704065871 1.931, -82.6499392486 38.1700718799 1.956, -82.6498609287 38.1699563448 1.964, -82.6497700234 38.1698503721 1.973, -82.6496945255 38.1697753025 1.98, -82.6496132789 38.1697044775 1.986, -82.6494389441 38.1695713117 1.999, -82.6493118635 38.1694896676 2.008, -82.6491779573 38.169413065 2.017, -82.6490368106 38.1693431414 2.026, -82.6488877028 38.169280427 2.035, -82.6487713932 38.1692405556 2.041, -82.6485689323 38.169188531 2.053, -82.6484033623 38.1691613798 2.062, -82.6480392523 38.1691130792 2.081, -82.647751977 38.1690832812 2.097, -82.6475867572 38.1690808663 2.106, -82.6473768059 38.1690910161 2.117, -82.6466849551 38.1691555542 2.154, -82.6460216564 38.1692114964 2.19, -82.6458381725 38.1692129957 2.2, -82.6456668689 38.1692227841 2.209, -82.6454595596 38.1692280534 2.22, -82.6451857761 38.1692249816 2.235, -82.6449645345 38.1692057047 2.246, -82.6447514044 38.1691674064 2.258, -82.6445033801 38.1691064835 2.272, -82.6442086288 38.1690311431 2.289)"
"District 09","Lewis","09-00231.00","KY","59","KY-59","NEW ROUTE(O)","18.1","23.19","New route from Vanceburg to KY 59, new length of 3.4 miles (2026CCR)","","2014","2026","R","STP2","7000000","2029","","","","068-KY-0059-000","LINESTRING Z (-83.334618963 38.5210409029 18.1, -83.3346846881 38.5210926627 18.105, -83.3347582632 38.5211729922 18.112, -83.3348044188 38.5212365584 18.117, -83.3348660259 38.5213405414 18.125, -83.3350110057 38.5216838182 18.15, -83.3352488402 38.5225305483 18.209, -83.3353161131 38.5227173248 18.222, -83.3353924439 38.5229051097 18.235, -83.3354863454 38.5230902303 18.249, -83.3355929428 38.5232720385 18.263, -83.3357147849 38.5234475631 18.276, -83.3358539195 38.5236182207 18.29, -83.3360054207 38.5237850101 18.304, -83.3361760253 38.5239450445 18.318, -83.336533902 38.5242687482 18.348, -83.3370917158 38.5247539045 18.392, -83.3372905241 38.5249070946 18.407, -83.3374987244 38.5250511355 18.422, -83.3377177617 38.5251846844 18.437, -83.338378492 38.5255711168 18.481, -83.3385937339 38.5257032127 18.496, -83.3387996472 38.5258425357 18.51, -83.3389947534 38.5259915271 18.525, -83.3391762927 38.5261490323 18.54, -83.3393471157 38.5263134616 18.554, -83.3396670598 38.5266536905 18.583, -83.3399629929 38.5270011217 18.611, -83.3405222448 38.527688454 18.667, -83.3407768272 38.5280281772 18.694, -83.3408929022 38.528198909 18.707, -83.340998072 38.5283716186 18.72, -83.3411912722 38.5287172375 18.746, -83.3412277398 38.528799282 18.752, -83.3412691053 38.5288918633 18.759, -83.3413153094 38.5290713413 18.771, -83.3413359243 38.5294442241 18.797, -83.3413348688 38.5296359285 18.81, -83.3413504605 38.529831816 18.823, -83.341379314 38.5300285222 18.837, -83.3414176209 38.53022487 18.85, -83.3415490092 38.5310257501 18.905, -83.3419073726 38.533358444 19.065, -83.3419963504 38.5340348574 19.112, -83.3420109176 38.5342620375 19.127, -83.3420156991 38.5344890184 19.143, -83.3420084686 38.5349431893 19.174, -83.3419321666 38.536073317 19.251, -83.3418443349 38.5371710726 19.326, -83.3418322622 38.5373894715 19.341, -83.3418303422 38.5376075271 19.356, -83.3418406723 38.5378252811 19.37, -83.3418678223 38.538042003 19.385, -83.3419097249 38.538256826 19.4, -83.3420360246 38.5386810167 19.43, -83.3424299858 38.5399212065 19.517, -83.3425432742 38.5403264539 19.545, -83.3425856299 38.5405275525 19.559, -83.3426126443 38.5407272409 19.573, -83.3426261173 38.5409239089 19.586, -83.3426127516 38.5411178348 19.599, -83.3425729223 38.5413082032 19.613, -83.3425195256 38.5414963742 19.626, -83.3424466826 38.541680305 19.639, -83.3423610615 38.5418593075 19.652, -83.3422540494 38.5420293614 19.665, -83.3421412395 38.5421949029 19.678, -83.3418941712 38.5425293965 19.704, -83.3414060002 38.5431869659 19.757, -83.3411656028 38.5435204937 19.783, -83.3410021348 38.5437693332 19.802, -83.340847312 38.5440210942 19.822, -83.3407734345 38.5441937417 19.834, -83.3407174273 38.5443653782 19.846, -83.3405087054 38.5451500181 19.902, -83.3403833228 38.5455806406 19.932, -83.3403157988 38.5457407815 19.944, -83.3402334804 38.5458934804 19.955, -83.3399922581 38.5461665606 19.978, -83.3395262717 38.5465737925 20.016, -83.3391875149 38.546855879 20.043, -83.339001961 38.5469889031 20.056, -83.3387996671 38.5471097758 20.07, -83.3385823535 38.5472193559 20.084, -83.3383531504 38.5473182569 20.098, -83.338116841 38.5474098715 20.112, -83.3378751463 38.5474950593 20.127, -83.3373965823 38.5476463027 20.155, -83.3371609818 38.5477269427 20.169, -83.3369326222 38.5478107511 20.182, -83.3367150755 38.5479060397 20.196, -83.3365095088 38.5480092627 20.209, -83.3363132165 38.5481176183 20.222, -83.3361279287 38.5482316901 20.235, -83.3359581419 38.5483529444 20.247, -83.3358089845 38.5484850548 20.259, -83.3356849985 38.548628114 20.271, -83.3355861028 38.5487845931 20.283, -83.3355113676 38.5489509019 20.296, -83.3354475005 38.5491270454 20.308, -83.3353334451 38.5494993871 20.335, -83.335183064 38.55007178 20.375, -83.3351194954 38.5502600149 20.388, -83.3350399566 38.5504446293 20.402, -83.3347591692 38.5509937694 20.443, -83.3345863745 38.5513651909 20.47, -83.3345102552 38.5515520716 20.483, -83.3344487277 38.551741996 20.497, -83.3344106557 38.5519312984 20.51, -83.334393207 38.5521210199 20.523, -83.3343869557 38.5525015956 20.549, -83.3343611177 38.5526911468 20.563, -83.3343160992 38.5528789346 20.576, -83.3342491671 38.5530629809 20.589, -83.3341672663 38.5532447993 20.602, -83.3338965715 38.5537949667 20.643, -83.333824008 38.553979997 20.656, -83.3337727045 38.554167382 20.67, -83.3337364407 38.5543547977 20.683, -83.3336912141 38.5545381858 20.696, -83.3336200511 38.5547125323 20.708, -83.3335247809 38.5548754006 20.721, -83.3334053925 38.5550270661 20.733, -83.3332642803 38.5551692256 20.745, -83.3331093557 38.5553058852 20.758, -83.3327803654 38.5555656287 20.783, -83.3326043732 38.5556834557 20.796, -83.3324145277 38.5557864418 20.808, -83.3322148973 38.5558785176 20.821, -83.3318014403 38.5560582571 20.846, -83.3315979416 38.5561615137 20.859, -83.3313996911 38.5562753154 20.873, -83.3310105071 38.5565143268 20.9, -83.3299672621 38.5571954332 20.973, -83.3297091263 38.5573640452 20.991, -83.3294103588 38.5575977521 21.014, -83.3292973039 38.5577267447 21.025, -83.3292060542 38.5578627738 21.035, -83.3290663763 38.5581516345 21.057, -83.3289862582 38.5582895382 21.067, -83.3288824087 38.5584151467 21.077, -83.3287582424 38.5585310024 21.088, -83.3284729143 38.5587600369 21.11, -83.3283299455 38.5588837493 21.121, -83.3281986182 38.5590151145 21.133, -83.3280834389 38.5591553244 21.144, -83.3278838656 38.5594462597 21.167, -83.3277187417 38.559732128 21.189, -83.3275787224 38.5599992809 21.208, -83.327493909 38.5601203326 21.218, -83.327396188 38.5602191467 21.227, -83.3270052683 38.5604990373 21.255, -83.3268788296 38.5606093512 21.266, -83.3267674361 38.5607301342 21.276, -83.3266729268 38.5608586789 21.286, -83.3265991855 38.5609939635 21.296, -83.3265649889 38.561139394 21.306, -83.3265488071 38.5612901367 21.317, -83.3265422145 38.5614471176 21.328, -83.3265274537 38.5616077768 21.339, -83.3264566885 38.5620548801 21.37, -83.3264464505 38.5622268935 21.382, -83.3264664457 38.5623204161 21.389, -83.3264782549 38.5623758672 21.393, -83.32654106 38.5625183321 21.403, -83.3266233852 38.5626524054 21.414, -83.3267185318 38.5627795979 21.424, -83.3268059519 38.5629077317 21.434, -83.3268841822 38.5630386993 21.444, -83.3269323967 38.5631781199 21.454, -83.3269584041 38.5633225801 21.464, -83.3269600265 38.5634745095 21.474, -83.3269392515 38.5637852942 21.496, -83.3269413988 38.5639424529 21.506, -83.3269691965 38.5640962893 21.517, -83.3270191547 38.5642464575 21.528, -83.3270906951 38.5643893741 21.538, -83.3272815992 38.5646572296 21.56, -83.3273663388 38.5647924498 21.57, -83.3274345019 38.5649317269 21.58, -83.3274701647 38.5650805049 21.591, -83.3275253115 38.5653911888 21.612, -83.327559313 38.5655478983 21.623, -83.3277756318 38.5664650556 21.688, -83.3278656633 38.5667577728 21.708, -83.3281036769 38.5672941213 21.748, -83.3283507314 38.5679169025 21.793, -83.3283888303 38.5680344157 21.801, -83.3284175806 38.5681489918 21.809, -83.3284296298 38.5682607556 21.817, -83.3284225581 38.5683688343 21.824, -83.3283875703 38.5684746951 21.832, -83.328311443 38.5685761478 21.84, -83.3281084299 38.5688010897 21.859, -83.3278768811 38.5690424807 21.88, -83.3277671065 38.5691668689 21.89, -83.3275610751 38.5694194907 21.911, -83.3271881441 38.5699156442 21.951, -83.3270878576 38.5700281398 21.96, -83.326966769 38.570124279 21.969, -83.3268304108 38.5702060992 21.979, -83.3266778214 38.5702708323 21.988, -83.326515439 38.5703249288 21.998, -83.3261625186 38.5704168895 22.018, -83.3260125265 38.5704877178 22.027, -83.3258549517 38.5705550957 22.037, -83.3257056711 38.5706361014 22.047, -83.3255725559 38.5707361141 22.057, -83.32545324 38.5708526152 22.067, -83.3253560596 38.5709874211 22.078, -83.3251604484 38.5712841995 22.101, -83.324761982 38.5719061754 22.149, -83.3245780496 38.5722199464 22.172, -83.3244951278 38.5723783903 22.184, -83.3244171017 38.572536934 22.196, -83.3243488285 38.5726967752 22.208, -83.3242955261 38.5728588441 22.219, -83.3242523913 38.5730202978 22.231, -83.3242165803 38.5731824487 22.242, -83.3240086565 38.5742626239 22.317, -83.3239628226 38.5745583381 22.338, -83.323952668 38.5747064553 22.348, -83.3239969057 38.5749976899 22.368, -83.3240282107 38.575140611 22.378, -83.3240704981 38.5752689241 22.387, -83.3241272432 38.575404398 22.397, -83.3242103411 38.5755365646 22.407, -83.324346257 38.57564811 22.418, -83.3248135218 38.5759713251 22.452, -83.3249616461 38.5760946546 22.463, -83.3252477698 38.5763724209 22.488, -83.3255173161 38.576633093 22.511, -83.3256614148 38.576761833 22.523, -83.3258124038 38.5768832977 22.535, -83.326134 38.5771043783 22.558, -83.3262992451 38.5772074545 22.569, -83.3266353908 38.5774013632 22.592, -83.3274801326 38.5778544921 22.647, -83.3276137698 38.5779294555 22.66, -83.3277550669 38.578016111 22.674, -83.3278772198 38.5781103411 22.688, -83.3279706225 38.5782168956 22.701, -83.3280337076 38.5783302487 22.713, -83.3280644677 38.5784476119 22.725, -83.3280659873 38.5785709724 22.738, -83.3280473565 38.5787005133 22.751, -83.3280192385 38.5788312352 22.764, -83.3279013685 38.5792952303 22.794, -83.3276786264 38.580062802 22.843, -83.3276405721 38.5802188657 22.853, -83.327615796 38.5803754746 22.862, -83.3276081375 38.580532982 22.872, -83.3276246547 38.5808376579 22.891, -83.3276589561 38.5811759319 22.912, -83.3277541887 38.5819678357 22.962, -83.3277899765 38.5823141054 22.984, -83.3278152672 38.5824805243 22.994, -83.3279937403 38.5841415455 23.098, -83.3279997509 38.5842666444 23.106, -83.3279919915 38.5843848706 23.114, -83.3279627865 38.5844955185 23.121, -83.3279108092 38.5845963635 23.128, -83.3278396099 38.5846858298 23.134, -83.3277534334 38.5847626306 23.141, -83.32765721 38.5848257675 23.147, -83.3275551086 38.5848761498 23.153, -83.3274534611 38.5849128073 23.158, -83.3273546708 38.5849371629 23.163, -83.3272607438 38.5849520037 23.168, -83.3268118021 38.584950818 23.19)"
"District 09","Lewis","09-00231.00","KY","59","KY-59","NEW ROUTE(O)","18.1","23.19","New route from Vanceburg to KY 59, new length of 3.4 miles (2026CCR)","","2014","2026","C","STP2","36000000","2031","","","","068-KY-0059-000","LINESTRING Z (-83.334618963 38.5210409029 18.1, -83.3346846881 38.5210926627 18.105, -83.3347582632 38.5211729922 18.112, -83.3348044188 38.5212365584 18.117, -83.3348660259 38.5213405414 18.125, -83.3350110057 38.5216838182 18.15, -83.3352488402 38.5225305483 18.209, -83.3353161131 38.5227173248 18.222, -83.3353924439 38.5229051097 18.235, -83.3354863454 38.5230902303 18.249, -83.3355929428 38.5232720385 18.263, -83.3357147849 38.5234475631 18.276, -83.3358539195 38.5236182207 18.29, -83.3360054207 38.5237850101 18.304, -83.3361760253 38.5239450445 18.318, -83.336533902 38.5242687482 18.348, -83.3370917158 38.5247539045 18.392, -83.3372905241 38.5249070946 18.407, -83.3374987244 38.5250511355 18.422, -83.3377177617 38.5251846844 18.437, -83.338378492 38.5255711168 18.481, -83.3385937339 38.5257032127 18.496, -83.3387996472 38.5258425357 18.51, -83.3389947534 38.5259915271 18.525, -83.3391762927 38.5261490323 18.54, -83.3393471157 38.5263134616 18.554, -83.3396670598 38.5266536905 18.583, -83.3399629929 38.5270011217 18.611, -83.3405222448 38.527688454 18.667, -83.3407768272 38.5280281772 18.694, -83.3408929022 38.528198909 18.707, -83.340998072 38.5283716186 18.72, -83.3411912722 38.5287172375 18.746, -83.3412277398 38.528799282 18.752, -83.3412691053 38.5288918633 18.759, -83.3413153094 38.5290713413 18.771, -83.3413359243 38.5294442241 18.797, -83.3413348688 38.5296359285 18.81, -83.3413504605 38.529831816 18.823, -83.341379314 38.5300285222 18.837, -83.3414176209 38.53022487 18.85, -83.3415490092 38.5310257501 18.905, -83.3419073726 38.533358444 19.065, -83.3419963504 38.5340348574 19.112, -83.3420109176 38.5342620375 19.127, -83.3420156991 38.5344890184 19.143, -83.3420084686 38.5349431893 19.174, -83.3419321666 38.536073317 19.251, -83.3418443349 38.5371710726 19.326, -83.3418322622 38.5373894715 19.341, -83.3418303422 38.5376075271 19.356, -83.3418406723 38.5378252811 19.37, -83.3418678223 38.538042003 19.385, -83.3419097249 38.538256826 19.4, -83.3420360246 38.5386810167 19.43, -83.3424299858 38.5399212065 19.517, -83.3425432742 38.5403264539 19.545, -83.3425856299 38.5405275525 19.559, -83.3426126443 38.5407272409 19.573, -83.3426261173 38.5409239089 19.586, -83.3426127516 38.5411178348 19.599, -83.3425729223 38.5413082032 19.613, -83.3425195256 38.5414963742 19.626, -83.3424466826 38.541680305 19.639, -83.3423610615 38.5418593075 19.652, -83.3422540494 38.5420293614 19.665, -83.3421412395 38.5421949029 19.678, -83.3418941712 38.5425293965 19.704, -83.3414060002 38.5431869659 19.757, -83.3411656028 38.5435204937 19.783, -83.3410021348 38.5437693332 19.802, -83.340847312 38.5440210942 19.822, -83.3407734345 38.5441937417 19.834, -83.3407174273 38.5443653782 19.846, -83.3405087054 38.5451500181 19.902, -83.3403833228 38.5455806406 19.932, -83.3403157988 38.5457407815 19.944, -83.3402334804 38.5458934804 19.955, -83.3399922581 38.5461665606 19.978, -83.3395262717 38.5465737925 20.016, -83.3391875149 38.546855879 20.043, -83.339001961 38.5469889031 20.056, -83.3387996671 38.5471097758 20.07, -83.3385823535 38.5472193559 20.084, -83.3383531504 38.5473182569 20.098, -83.338116841 38.5474098715 20.112, -83.3378751463 38.5474950593 20.127, -83.3373965823 38.5476463027 20.155, -83.3371609818 38.5477269427 20.169, -83.3369326222 38.5478107511 20.182, -83.3367150755 38.5479060397 20.196, -83.3365095088 38.5480092627 20.209, -83.3363132165 38.5481176183 20.222, -83.3361279287 38.5482316901 20.235, -83.3359581419 38.5483529444 20.247, -83.3358089845 38.5484850548 20.259, -83.3356849985 38.548628114 20.271, -83.3355861028 38.5487845931 20.283, -83.3355113676 38.5489509019 20.296, -83.3354475005 38.5491270454 20.308, -83.3353334451 38.5494993871 20.335, -83.335183064 38.55007178 20.375, -83.3351194954 38.5502600149 20.388, -83.3350399566 38.5504446293 20.402, -83.3347591692 38.5509937694 20.443, -83.3345863745 38.5513651909 20.47, -83.3345102552 38.5515520716 20.483, -83.3344487277 38.551741996 20.497, -83.3344106557 38.5519312984 20.51, -83.334393207 38.5521210199 20.523, -83.3343869557 38.5525015956 20.549, -83.3343611177 38.5526911468 20.563, -83.3343160992 38.5528789346 20.576, -83.3342491671 38.5530629809 20.589, -83.3341672663 38.5532447993 20.602, -83.3338965715 38.5537949667 20.643, -83.333824008 38.553979997 20.656, -83.3337727045 38.554167382 20.67, -83.3337364407 38.5543547977 20.683, -83.3336912141 38.5545381858 20.696, -83.3336200511 38.5547125323 20.708, -83.3335247809 38.5548754006 20.721, -83.3334053925 38.5550270661 20.733, -83.3332642803 38.5551692256 20.745, -83.3331093557 38.5553058852 20.758, -83.3327803654 38.5555656287 20.783, -83.3326043732 38.5556834557 20.796, -83.3324145277 38.5557864418 20.808, -83.3322148973 38.5558785176 20.821, -83.3318014403 38.5560582571 20.846, -83.3315979416 38.5561615137 20.859, -83.3313996911 38.5562753154 20.873, -83.3310105071 38.5565143268 20.9, -83.3299672621 38.5571954332 20.973, -83.3297091263 38.5573640452 20.991, -83.3294103588 38.5575977521 21.014, -83.3292973039 38.5577267447 21.025, -83.3292060542 38.5578627738 21.035, -83.3290663763 38.5581516345 21.057, -83.3289862582 38.5582895382 21.067, -83.3288824087 38.5584151467 21.077, -83.3287582424 38.5585310024 21.088, -83.3284729143 38.5587600369 21.11, -83.3283299455 38.5588837493 21.121, -83.3281986182 38.5590151145 21.133, -83.3280834389 38.5591553244 21.144, -83.3278838656 38.5594462597 21.167, -83.3277187417 38.559732128 21.189, -83.3275787224 38.5599992809 21.208, -83.327493909 38.5601203326 21.218, -83.327396188 38.5602191467 21.227, -83.3270052683 38.5604990373 21.255, -83.3268788296 38.5606093512 21.266, -83.3267674361 38.5607301342 21.276, -83.3266729268 38.5608586789 21.286, -83.3265991855 38.5609939635 21.296, -83.3265649889 38.561139394 21.306, -83.3265488071 38.5612901367 21.317, -83.3265422145 38.5614471176 21.328, -83.3265274537 38.5616077768 21.339, -83.3264566885 38.5620548801 21.37, -83.3264464505 38.5622268935 21.382, -83.3264664457 38.5623204161 21.389, -83.3264782549 38.5623758672 21.393, -83.32654106 38.5625183321 21.403, -83.3266233852 38.5626524054 21.414, -83.3267185318 38.5627795979 21.424, -83.3268059519 38.5629077317 21.434, -83.3268841822 38.5630386993 21.444, -83.3269323967 38.5631781199 21.454, -83.3269584041 38.5633225801 21.464, -83.3269600265 38.5634745095 21.474, -83.3269392515 38.5637852942 21.496, -83.3269413988 38.5639424529 21.506, -83.3269691965 38.5640962893 21.517, -83.3270191547 38.5642464575 21.528, -83.3270906951 38.5643893741 21.538, -83.3272815992 38.5646572296 21.56, -83.3273663388 38.5647924498 21.57, -83.3274345019 38.5649317269 21.58, -83.3274701647 38.5650805049 21.591, -83.3275253115 38.5653911888 21.612, -83.327559313 38.5655478983 21.623, -83.3277756318 38.5664650556 21.688, -83.3278656633 38.5667577728 21.708, -83.3281036769 38.5672941213 21.748, -83.3283507314 38.5679169025 21.793, -83.3283888303 38.5680344157 21.801, -83.3284175806 38.5681489918 21.809, -83.3284296298 38.5682607556 21.817, -83.3284225581 38.5683688343 21.824, -83.3283875703 38.5684746951 21.832, -83.328311443 38.5685761478 21.84, -83.3281084299 38.5688010897 21.859, -83.3278768811 38.5690424807 21.88, -83.3277671065 38.5691668689 21.89, -83.3275610751 38.5694194907 21.911, -83.3271881441 38.5699156442 21.951, -83.3270878576 38.5700281398 21.96, -83.326966769 38.570124279 21.969, -83.3268304108 38.5702060992 21.979, -83.3266778214 38.5702708323 21.988, -83.326515439 38.5703249288 21.998, -83.3261625186 38.5704168895 22.018, -83.3260125265 38.5704877178 22.027, -83.3258549517 38.5705550957 22.037, -83.3257056711 38.5706361014 22.047, -83.3255725559 38.5707361141 22.057, -83.32545324 38.5708526152 22.067, -83.3253560596 38.5709874211 22.078, -83.3251604484 38.5712841995 22.101, -83.324761982 38.5719061754 22.149, -83.3245780496 38.5722199464 22.172, -83.3244951278 38.5723783903 22.184, -83.3244171017 38.572536934 22.196, -83.3243488285 38.5726967752 22.208, -83.3242955261 38.5728588441 22.219, -83.3242523913 38.5730202978 22.231, -83.3242165803 38.5731824487 22.242, -83.3240086565 38.5742626239 22.317, -83.3239628226 38.5745583381 22.338, -83.323952668 38.5747064553 22.348, -83.3239969057 38.5749976899 22.368, -83.3240282107 38.575140611 22.378, -83.3240704981 38.5752689241 22.387, -83.3241272432 38.575404398 22.397, -83.3242103411 38.5755365646 22.407, -83.324346257 38.57564811 22.418, -83.3248135218 38.5759713251 22.452, -83.3249616461 38.5760946546 22.463, -83.3252477698 38.5763724209 22.488, -83.3255173161 38.576633093 22.511, -83.3256614148 38.576761833 22.523, -83.3258124038 38.5768832977 22.535, -83.326134 38.5771043783 22.558, -83.3262992451 38.5772074545 22.569, -83.3266353908 38.5774013632 22.592, -83.3274801326 38.5778544921 22.647, -83.3276137698 38.5779294555 22.66, -83.3277550669 38.578016111 22.674, -83.3278772198 38.5781103411 22.688, -83.3279706225 38.5782168956 22.701, -83.3280337076 38.5783302487 22.713, -83.3280644677 38.5784476119 22.725, -83.3280659873 38.5785709724 22.738, -83.3280473565 38.5787005133 22.751, -83.3280192385 38.5788312352 22.764, -83.3279013685 38.5792952303 22.794, -83.3276786264 38.580062802 22.843, -83.3276405721 38.5802188657 22.853, -83.327615796 38.5803754746 22.862, -83.3276081375 38.580532982 22.872, -83.3276246547 38.5808376579 22.891, -83.3276589561 38.5811759319 22.912, -83.3277541887 38.5819678357 22.962, -83.3277899765 38.5823141054 22.984, -83.3278152672 38.5824805243 22.994, -83.3279937403 38.5841415455 23.098, -83.3279997509 38.5842666444 23.106, -83.3279919915 38.5843848706 23.114, -83.3279627865 38.5844955185 23.121, -83.3279108092 38.5845963635 23.128, -83.3278396099 38.5846858298 23.134, -83.3277534334 38.5847626306 23.141, -83.32765721 38.5848257675 23.147, -83.3275551086 38.5848761498 23.153, -83.3274534611 38.5849128073 23.158, -83.3273546708 38.5849371629 23.163, -83.3272607438 38.5849520037 23.168, -83.3268118021 38.584950818 23.19)"
"District 09","Lewis","09-00231.00","KY","59","KY-59","NEW ROUTE(O)","18.1","23.19","New route from Vanceburg to KY 59, new length of 3.4 miles (2026CCR)","","2014","2026","U","STP2","5500000","2030","","","","068-KY-0059-000","LINESTRING Z (-83.334618963 38.5210409029 18.1, -83.3346846881 38.5210926627 18.105, -83.3347582632 38.5211729922 18.112, -83.3348044188 38.5212365584 18.117, -83.3348660259 38.5213405414 18.125, -83.3350110057 38.5216838182 18.15, -83.3352488402 38.5225305483 18.209, -83.3353161131 38.5227173248 18.222, -83.3353924439 38.5229051097 18.235, -83.3354863454 38.5230902303 18.249, -83.3355929428 38.5232720385 18.263, -83.3357147849 38.5234475631 18.276, -83.3358539195 38.5236182207 18.29, -83.3360054207 38.5237850101 18.304, -83.3361760253 38.5239450445 18.318, -83.336533902 38.5242687482 18.348, -83.3370917158 38.5247539045 18.392, -83.3372905241 38.5249070946 18.407, -83.3374987244 38.5250511355 18.422, -83.3377177617 38.5251846844 18.437, -83.338378492 38.5255711168 18.481, -83.3385937339 38.5257032127 18.496, -83.3387996472 38.5258425357 18.51, -83.3389947534 38.5259915271 18.525, -83.3391762927 38.5261490323 18.54, -83.3393471157 38.5263134616 18.554, -83.3396670598 38.5266536905 18.583, -83.3399629929 38.5270011217 18.611, -83.3405222448 38.527688454 18.667, -83.3407768272 38.5280281772 18.694, -83.3408929022 38.528198909 18.707, -83.340998072 38.5283716186 18.72, -83.3411912722 38.5287172375 18.746, -83.3412277398 38.528799282 18.752, -83.3412691053 38.5288918633 18.759, -83.3413153094 38.5290713413 18.771, -83.3413359243 38.5294442241 18.797, -83.3413348688 38.5296359285 18.81, -83.3413504605 38.529831816 18.823, -83.341379314 38.5300285222 18.837, -83.3414176209 38.53022487 18.85, -83.3415490092 38.5310257501 18.905, -83.3419073726 38.533358444 19.065, -83.3419963504 38.5340348574 19.112, -83.3420109176 38.5342620375 19.127, -83.3420156991 38.5344890184 19.143, -83.3420084686 38.5349431893 19.174, -83.3419321666 38.536073317 19.251, -83.3418443349 38.5371710726 19.326, -83.3418322622 38.5373894715 19.341, -83.3418303422 38.5376075271 19.356, -83.3418406723 38.5378252811 19.37, -83.3418678223 38.538042003 19.385, -83.3419097249 38.538256826 19.4, -83.3420360246 38.5386810167 19.43, -83.3424299858 38.5399212065 19.517, -83.3425432742 38.5403264539 19.545, -83.3425856299 38.5405275525 19.559, -83.3426126443 38.5407272409 19.573, -83.3426261173 38.5409239089 19.586, -83.3426127516 38.5411178348 19.599, -83.3425729223 38.5413082032 19.613, -83.3425195256 38.5414963742 19.626, -83.3424466826 38.541680305 19.639, -83.3423610615 38.5418593075 19.652, -83.3422540494 38.5420293614 19.665, -83.3421412395 38.5421949029 19.678, -83.3418941712 38.5425293965 19.704, -83.3414060002 38.5431869659 19.757, -83.3411656028 38.5435204937 19.783, -83.3410021348 38.5437693332 19.802, -83.340847312 38.5440210942 19.822, -83.3407734345 38.5441937417 19.834, -83.3407174273 38.5443653782 19.846, -83.3405087054 38.5451500181 19.902, -83.3403833228 38.5455806406 19.932, -83.3403157988 38.5457407815 19.944, -83.3402334804 38.5458934804 19.955, -83.3399922581 38.5461665606 19.978, -83.3395262717 38.5465737925 20.016, -83.3391875149 38.546855879 20.043, -83.339001961 38.5469889031 20.056, -83.3387996671 38.5471097758 20.07, -83.3385823535 38.5472193559 20.084, -83.3383531504 38.5473182569 20.098, -83.338116841 38.5474098715 20.112, -83.3378751463 38.5474950593 20.127, -83.3373965823 38.5476463027 20.155, -83.3371609818 38.5477269427 20.169, -83.3369326222 38.5478107511 20.182, -83.3367150755 38.5479060397 20.196, -83.3365095088 38.5480092627 20.209, -83.3363132165 38.5481176183 20.222, -83.3361279287 38.5482316901 20.235, -83.3359581419 38.5483529444 20.247, -83.3358089845 38.5484850548 20.259, -83.3356849985 38.548628114 20.271, -83.3355861028 38.5487845931 20.283, -83.3355113676 38.5489509019 20.296, -83.3354475005 38.5491270454 20.308, -83.3353334451 38.5494993871 20.335, -83.335183064 38.55007178 20.375, -83.3351194954 38.5502600149 20.388, -83.3350399566 38.5504446293 20.402, -83.3347591692 38.5509937694 20.443, -83.3345863745 38.5513651909 20.47, -83.3345102552 38.5515520716 20.483, -83.3344487277 38.551741996 20.497, -83.3344106557 38.5519312984 20.51, -83.334393207 38.5521210199 20.523, -83.3343869557 38.5525015956 20.549, -83.3343611177 38.5526911468 20.563, -83.3343160992 38.5528789346 20.576, -83.3342491671 38.5530629809 20.589, -83.3341672663 38.5532447993 20.602, -83.3338965715 38.5537949667 20.643, -83.333824008 38.553979997 20.656, -83.3337727045 38.554167382 20.67, -83.3337364407 38.5543547977 20.683, -83.3336912141 38.5545381858 20.696, -83.3336200511 38.5547125323 20.708, -83.3335247809 38.5548754006 20.721, -83.3334053925 38.5550270661 20.733, -83.3332642803 38.5551692256 20.745, -83.3331093557 38.5553058852 20.758, -83.3327803654 38.5555656287 20.783, -83.3326043732 38.5556834557 20.796, -83.3324145277 38.5557864418 20.808, -83.3322148973 38.5558785176 20.821, -83.3318014403 38.5560582571 20.846, -83.3315979416 38.5561615137 20.859, -83.3313996911 38.5562753154 20.873, -83.3310105071 38.5565143268 20.9, -83.3299672621 38.5571954332 20.973, -83.3297091263 38.5573640452 20.991, -83.3294103588 38.5575977521 21.014, -83.3292973039 38.5577267447 21.025, -83.3292060542 38.5578627738 21.035, -83.3290663763 38.5581516345 21.057, -83.3289862582 38.5582895382 21.067, -83.3288824087 38.5584151467 21.077, -83.3287582424 38.5585310024 21.088, -83.3284729143 38.5587600369 21.11, -83.3283299455 38.5588837493 21.121, -83.3281986182 38.5590151145 21.133, -83.3280834389 38.5591553244 21.144, -83.3278838656 38.5594462597 21.167, -83.3277187417 38.559732128 21.189, -83.3275787224 38.5599992809 21.208, -83.327493909 38.5601203326 21.218, -83.327396188 38.5602191467 21.227, -83.3270052683 38.5604990373 21.255, -83.3268788296 38.5606093512 21.266, -83.3267674361 38.5607301342 21.276, -83.3266729268 38.5608586789 21.286, -83.3265991855 38.5609939635 21.296, -83.3265649889 38.561139394 21.306, -83.3265488071 38.5612901367 21.317, -83.3265422145 38.5614471176 21.328, -83.3265274537 38.5616077768 21.339, -83.3264566885 38.5620548801 21.37, -83.3264464505 38.5622268935 21.382, -83.3264664457 38.5623204161 21.389, -83.3264782549 38.5623758672 21.393, -83.32654106 38.5625183321 21.403, -83.3266233852 38.5626524054 21.414, -83.3267185318 38.5627795979 21.424, -83.3268059519 38.5629077317 21.434, -83.3268841822 38.5630386993 21.444, -83.3269323967 38.5631781199 21.454, -83.3269584041 38.5633225801 21.464, -83.3269600265 38.5634745095 21.474, -83.3269392515 38.5637852942 21.496, -83.3269413988 38.5639424529 21.506, -83.3269691965 38.5640962893 21.517, -83.3270191547 38.5642464575 21.528, -83.3270906951 38.5643893741 21.538, -83.3272815992 38.5646572296 21.56, -83.3273663388 38.5647924498 21.57, -83.3274345019 38.5649317269 21.58, -83.3274701647 38.5650805049 21.591, -83.3275253115 38.5653911888 21.612, -83.327559313 38.5655478983 21.623, -83.3277756318 38.5664650556 21.688, -83.3278656633 38.5667577728 21.708, -83.3281036769 38.5672941213 21.748, -83.3283507314 38.5679169025 21.793, -83.3283888303 38.5680344157 21.801, -83.3284175806 38.5681489918 21.809, -83.3284296298 38.5682607556 21.817, -83.3284225581 38.5683688343 21.824, -83.3283875703 38.5684746951 21.832, -83.328311443 38.5685761478 21.84, -83.3281084299 38.5688010897 21.859, -83.3278768811 38.5690424807 21.88, -83.3277671065 38.5691668689 21.89, -83.3275610751 38.5694194907 21.911, -83.3271881441 38.5699156442 21.951, -83.3270878576 38.5700281398 21.96, -83.326966769 38.570124279 21.969, -83.3268304108 38.5702060992 21.979, -83.3266778214 38.5702708323 21.988, -83.326515439 38.5703249288 21.998, -83.3261625186 38.5704168895 22.018, -83.3260125265 38.5704877178 22.027, -83.3258549517 38.5705550957 22.037, -83.3257056711 38.5706361014 22.047, -83.3255725559 38.5707361141 22.057, -83.32545324 38.5708526152 22.067, -83.3253560596 38.5709874211 22.078, -83.3251604484 38.5712841995 22.101, -83.324761982 38.5719061754 22.149, -83.3245780496 38.5722199464 22.172, -83.3244951278 38.5723783903 22.184, -83.3244171017 38.572536934 22.196, -83.3243488285 38.5726967752 22.208, -83.3242955261 38.5728588441 22.219, -83.3242523913 38.5730202978 22.231, -83.3242165803 38.5731824487 22.242, -83.3240086565 38.5742626239 22.317, -83.3239628226 38.5745583381 22.338, -83.323952668 38.5747064553 22.348, -83.3239969057 38.5749976899 22.368, -83.3240282107 38.575140611 22.378, -83.3240704981 38.5752689241 22.387, -83.3241272432 38.575404398 22.397, -83.3242103411 38.5755365646 22.407, -83.324346257 38.57564811 22.418, -83.3248135218 38.5759713251 22.452, -83.3249616461 38.5760946546 22.463, -83.3252477698 38.5763724209 22.488, -83.3255173161 38.576633093 22.511, -83.3256614148 38.576761833 22.523, -83.3258124038 38.5768832977 22.535, -83.326134 38.5771043783 22.558, -83.3262992451 38.5772074545 22.569, -83.3266353908 38.5774013632 22.592, -83.3274801326 38.5778544921 22.647, -83.3276137698 38.5779294555 22.66, -83.3277550669 38.578016111 22.674, -83.3278772198 38.5781103411 22.688, -83.3279706225 38.5782168956 22.701, -83.3280337076 38.5783302487 22.713, -83.3280644677 38.5784476119 22.725, -83.3280659873 38.5785709724 22.738, -83.3280473565 38.5787005133 22.751, -83.3280192385 38.5788312352 22.764, -83.3279013685 38.5792952303 22.794, -83.3276786264 38.580062802 22.843, -83.3276405721 38.5802188657 22.853, -83.327615796 38.5803754746 22.862, -83.3276081375 38.580532982 22.872, -83.3276246547 38.5808376579 22.891, -83.3276589561 38.5811759319 22.912, -83.3277541887 38.5819678357 22.962, -83.3277899765 38.5823141054 22.984, -83.3278152672 38.5824805243 22.994, -83.3279937403 38.5841415455 23.098, -83.3279997509 38.5842666444 23.106, -83.3279919915 38.5843848706 23.114, -83.3279627865 38.5844955185 23.121, -83.3279108092 38.5845963635 23.128, -83.3278396099 38.5846858298 23.134, -83.3277534334 38.5847626306 23.141, -83.32765721 38.5848257675 23.147, -83.3275551086 38.5848761498 23.153, -83.3274534611 38.5849128073 23.158, -83.3273546708 38.5849371629 23.163, -83.3272607438 38.5849520037 23.168, -83.3268118021 38.584950818 23.19)"
"District 09","Lewis","09-08806.10","KY","8","KY-8","NEW ROUTE(O)","24.016","28.95","RECONSTRUCT KY-8 FROM KY-8C IN GARRISON TO SCAFFOLD LICK ROAD.(16CCN)(18CCN)","","2016","2026","D","SPP","2800000","2029","","","","068-KY-0008-000","LINESTRING Z (-83.14329947 38.6158963443 24.016, -83.1431129566 38.615892075 24.026, -83.143103061 38.6160421109 24.037, -83.1430736816 38.616287035 24.054, -83.1430224942 38.6165347783 24.071, -83.1429854721 38.6166600467 24.08, -83.1428885501 38.6169139285 24.099, -83.1428275813 38.6170430679 24.108, -83.142758537 38.6171728532 24.118, -83.1426800653 38.6173018837 24.128, -83.1425914964 38.6174293182 24.138, -83.1424928706 38.6175540595 24.149, -83.1423842054 38.6176755606 24.159, -83.1422672625 38.6177935829 24.169, -83.1421420881 38.6179067551 24.18, -83.1420097422 38.6180148253 24.19, -83.141871285 38.6181175431 24.201, -83.1417270655 38.6182149148 24.211, -83.1415777931 38.6183066818 24.222, -83.1412705623 38.6184784877 24.242, -83.1395807162 38.6193659971 24.354, -83.1370552567 38.6206990693 24.52, -83.1365321073 38.6209748944 24.554, -83.1359739057 38.6212614838 24.591, -83.1355871494 38.621443614 24.616, -83.1353860173 38.6215262678 24.628, -83.1351788811 38.6216005484 24.64, -83.1349675594 38.6216645732 24.653, -83.1348611905 38.6216918997 24.659, -83.1346469187 38.6217404773 24.671, -83.1341186888 38.6218445022 24.701, -83.133921867 38.6219044489 24.713, -83.1337336629 38.6219681563 24.724, -83.1335330153 38.6220469712 24.736, -83.1332699888 38.6221664407 24.753, -83.1331838056 38.6222167344 24.758, -83.1330285752 38.6223374768 24.77, -83.1319275244 38.6232337145 24.857, -83.130945301 38.6240474068 24.935, -83.1302171182 38.6246403467 24.99, -83.1300680841 38.6247735824 25.001, -83.1299104045 38.6248939919 25.013, -83.1294166852 38.6252948674 25.05, -83.1292031461 38.6254692569 25.067, -83.1289655893 38.6256689372 25.086, -83.1288147034 38.6258048775 25.099, -83.1286716878 38.625945935 25.111, -83.1285895819 38.6260386177 25.119, -83.1284807986 38.626172189 25.13, -83.1283693512 38.6263312474 25.143, -83.1283188267 38.6264122644 25.149, -83.1282296898 38.6265839007 25.162, -83.1281570054 38.6267556249 25.174, -83.1280932717 38.6269316672 25.187, -83.1279335437 38.6274511466 25.224, -83.1278228474 38.6277357526 25.245, -83.127752879 38.6278707278 25.255, -83.1276546051 38.6280333728 25.268, -83.1275428042 38.628192423 25.28, -83.1273583272 38.628425134 25.299, -83.1261664036 38.6298491835 25.417, -83.1236011342 38.6329476007 25.673, -83.1229228842 38.6337550296 25.74, -83.1206866388 38.6364510956 25.962, -83.1198857764 38.6374233547 26.042, -83.1191186027 38.6383444385 26.118, -83.1184968252 38.639068764 26.178, -83.1178710938 38.6397663532 26.237, -83.1174620257 38.6402336046 26.276, -83.1171189655 38.6406377652 26.309, -83.1158497174 38.6421652056 26.435, -83.1156940459 38.6423545872 26.451, -83.1149973012 38.6432038642 26.52, -83.1147184254 38.6435561502 26.549, -83.1143649085 38.6440163812 26.586, -83.1141281659 38.6443267486 26.611, -83.1138603749 38.6446627966 26.638, -83.11291332 38.6458086672 26.733, -83.1113275044 38.6477078331 26.89, -83.1080608824 38.6516465551 27.214, -83.1070432346 38.6528603067 27.314, -83.1064705884 38.6535559956 27.371, -83.1061788107 38.6539044042 27.4, -83.1058787283 38.6542498814 27.429, -83.1056847811 38.6544598243 27.447, -83.1054117113 38.6547556332 27.472, -83.1037563918 38.6564638975 27.62, -83.1029808474 38.657275918 27.69, -83.1025182018 38.6577468716 27.731, -83.1007019789 38.6596380248 27.894, -83.1004567225 38.6598806036 27.916, -83.0996921194 38.6606109906 27.981, -83.0993506514 38.6609464648 28.011, -83.099002357 38.6612672283 28.04, -83.0984698509 38.6617407304 28.083, -83.0979411662 38.6621956362 28.126, -83.0975782125 38.6624951919 28.154, -83.0974049808 38.662644604 28.168, -83.0971921308 38.6628431256 28.186, -83.0970886709 38.6629427268 28.195, -83.0970043728 38.6630356131 28.203, -83.0965528447 38.6635650244 28.247, -83.0960856226 38.66406332 28.289, -83.095898448 38.6642492266 28.306, -83.095395176 38.6647269379 28.348, -83.0950914782 38.6649956706 28.373, -83.0949361752 38.6651237794 28.385, -83.0943046482 38.6656211481 28.434, -83.0939994694 38.6658725401 28.458, -83.0930205021 38.6667714271 28.539, -83.0927102353 38.6670372603 28.564, -83.0923149786 38.6673374521 28.594, -83.0915518291 38.6678884526 28.65, -83.0907825977 38.6684522221 28.707, -83.0898151347 38.6691483485 28.778, -83.0889198897 38.6698043299 28.844, -83.0879906308 38.6704798713 28.913, -83.0874783946 38.6708402799 28.95)"
"District 09","Lewis","09-08807.00","KY","57","KY-57","RECONSTRUCTION(O)","0.5","4.557","RECONSTRUCT KY-57 FROM KY-9 TO FLEMING/LEWIS COUNTY LINE (14CCN) (16CCR) (18CCN) (2020CCR) (2022CCR) (2024CCR)","","2014","2026","C","SPP","48000000","2031","","","","068-KY-0057-000","LINESTRING Z (-83.6211482991 38.5108746732 0.5, -83.6210731534 38.5120105734 0.578, -83.6210053191 38.5131667769 0.657, -83.6209719766 38.5135685569 0.684, -83.6209484327 38.5137653401 0.697, -83.6209254288 38.5138953919 0.706, -83.6209117079 38.5139585925 0.711, -83.6208559334 38.5141457346 0.724, -83.6208073117 38.5142670864 0.732, -83.6207166139 38.5144409685 0.745, -83.6206079305 38.5146082105 0.758, -83.6204849839 38.5147729997 0.771, -83.6198007953 38.5156289304 0.84, -83.6195389631 38.5159774464 0.867, -83.6194473817 38.5161213729 0.878, -83.6194265007 38.5161542324 0.881, -83.6193359222 38.5163358058 0.894, -83.6192666186 38.516519134 0.907, -83.6192098448 38.516704335 0.92, -83.6190551586 38.5172632396 0.959, -83.6189785768 38.5175766263 0.981, -83.6189440042 38.517767719 0.994, -83.6189226142 38.5179623433 1.007, -83.6189125634 38.5182239142 1.025, -83.618927511 38.5188160743 1.066, -83.6189516509 38.5192243778 1.094, -83.6189783482 38.5200136806 1.148, -83.6189808896 38.5203471633 1.17, -83.6189668989 38.5206119584 1.189, -83.6189346913 38.5208058399 1.202, -83.6188810114 38.5209927443 1.215, -83.6188014181 38.521169021 1.228, -83.6186973584 38.5213330476 1.24, -83.6185705466 38.5214859552 1.253, -83.6184236742 38.5216313607 1.265, -83.6180838586 38.5219194224 1.292, -83.6171506005 38.522668692 1.364, -83.6169727728 38.5228204071 1.378, -83.6168073957 38.5229767394 1.392, -83.6166766482 38.52312051 1.404, -83.616541633 38.523314742 1.419, -83.6164425893 38.5234983576 1.433, -83.6163843361 38.5236258522 1.442, -83.6160141824 38.5245110216 1.507, -83.6159323028 38.5247174678 1.522, -83.6158658047 38.5249239164 1.536, -83.6158286533 38.5251311659 1.551, -83.6158216254 38.5253364842 1.565, -83.6158430246 38.5255381944 1.579, -83.6158929044 38.5257343743 1.593, -83.6159165607 38.5257985196 1.597, -83.6159713143 38.5259233747 1.606, -83.6160789779 38.526104387 1.62, -83.6162148372 38.5262776659 1.634, -83.6162673899 38.5263340915 1.639, -83.6163736128 38.5264444898 1.649, -83.6165450659 38.5266082459 1.663, -83.6180062955 38.5279638336 1.786, -83.618369179 38.5283142194 1.817, -83.6185881197 38.5285406216 1.837, -83.6187515399 38.5287283997 1.852, -83.618866908 38.5288732929 1.864, -83.6190436014 38.5291217336 1.884, -83.619143029 38.5292737546 1.895, -83.6192656893 38.5294805764 1.911, -83.6193784531 38.5296910655 1.927, -83.6194792635 38.5299038112 1.943, -83.6195660476 38.5301179539 1.958, -83.6196426405 38.5303338359 1.974, -83.6197772769 38.5307663663 2.004, -83.6198830637 38.5311448207 2.031, -83.619950677 38.531417121 2.05, -83.6199801948 38.5315805232 2.062, -83.6200002532 38.5317445791 2.073, -83.6200086036 38.5318543174 2.08, -83.620011219 38.5320169622 2.092, -83.6200075311 38.5320355734 2.093, -83.6200096393 38.5320713168 2.095, -83.6199995422 38.5322142326 2.105, -83.6199821443 38.5323556444 2.115, -83.6199588057 38.5324969495 2.125, -83.6199083419 38.5327053344 2.14, -83.6198408479 38.5329101185 2.154, -83.6197848553 38.5330439717 2.164, -83.6196520863 38.5333049882 2.183, -83.6195336942 38.533492379 2.198, -83.6194455749 38.5336127463 2.207, -83.6192528447 38.5338432993 2.226, -83.6190918082 38.5340060292 2.241, -83.6189769212 38.5341088877 2.25, -83.6189180864 38.5341600174 2.255, -83.6187331185 38.5343039158 2.269, -83.6183352093 38.5345675899 2.297, -83.6178540857 38.5348668469 2.33, -83.6136988266 38.5373860687 2.615, -83.6118864056 38.5384754427 2.739, -83.6110405376 38.5389768484 2.796, -83.6089693422 38.5401829175 2.936, -83.6075061608 38.5410324247 3.035, -83.6072637107 38.5411793889 3.052, -83.6044557556 38.5428197844 3.241, -83.6032281026 38.5435287481 3.324, -83.5996187337 38.5456338259 3.567, -83.5986463974 38.5461963021 3.632, -83.5972471654 38.5470155328 3.727, -83.5970585627 38.5471258243 3.74, -83.5954119766 38.5480894154 3.849, -83.592238255 38.5499346557 4.061, -83.5920259872 38.5500403892 4.074, -83.5912106985 38.5505273802 4.129, -83.5909735492 38.5506702883 4.145, -83.5887921361 38.5519380053 4.29, -83.5880617557 38.5523671936 4.339, -83.5875560038 38.5526749464 4.374, -83.5864790387 38.5533510523 4.447, -83.5861966628 38.5535205931 4.466, -83.5860556005 38.5535952033 4.476, -83.5859137547 38.5536607358 4.484, -83.5857028237 38.5537442349 4.497, -83.5853097217 38.5538848407 4.52, -83.5851501693 38.5539577397 4.53, -83.5850670524 38.5540125301 4.536, -83.5848222013 38.5542258733 4.557)"
"District 09","Lewis","09-08807.00","KY","57","KY-57","RECONSTRUCTION(O)","0.5","4.557","RECONSTRUCT KY-57 FROM KY-9 TO FLEMING/LEWIS COUNTY LINE (14CCN) (16CCR) (18CCN) (2020CCR) (2022CCR) (2024CCR)","","2014","2026","U","SPP","4480000","2029","","","","068-KY-0057-000","LINESTRING Z (-83.6211482991 38.5108746732 0.5, -83.6210731534 38.5120105734 0.578, -83.6210053191 38.5131667769 0.657, -83.6209719766 38.5135685569 0.684, -83.6209484327 38.5137653401 0.697, -83.6209254288 38.5138953919 0.706, -83.6209117079 38.5139585925 0.711, -83.6208559334 38.5141457346 0.724, -83.6208073117 38.5142670864 0.732, -83.6207166139 38.5144409685 0.745, -83.6206079305 38.5146082105 0.758, -83.6204849839 38.5147729997 0.771, -83.6198007953 38.5156289304 0.84, -83.6195389631 38.5159774464 0.867, -83.6194473817 38.5161213729 0.878, -83.6194265007 38.5161542324 0.881, -83.6193359222 38.5163358058 0.894, -83.6192666186 38.516519134 0.907, -83.6192098448 38.516704335 0.92, -83.6190551586 38.5172632396 0.959, -83.6189785768 38.5175766263 0.981, -83.6189440042 38.517767719 0.994, -83.6189226142 38.5179623433 1.007, -83.6189125634 38.5182239142 1.025, -83.618927511 38.5188160743 1.066, -83.6189516509 38.5192243778 1.094, -83.6189783482 38.5200136806 1.148, -83.6189808896 38.5203471633 1.17, -83.6189668989 38.5206119584 1.189, -83.6189346913 38.5208058399 1.202, -83.6188810114 38.5209927443 1.215, -83.6188014181 38.521169021 1.228, -83.6186973584 38.5213330476 1.24, -83.6185705466 38.5214859552 1.253, -83.6184236742 38.5216313607 1.265, -83.6180838586 38.5219194224 1.292, -83.6171506005 38.522668692 1.364, -83.6169727728 38.5228204071 1.378, -83.6168073957 38.5229767394 1.392, -83.6166766482 38.52312051 1.404, -83.616541633 38.523314742 1.419, -83.6164425893 38.5234983576 1.433, -83.6163843361 38.5236258522 1.442, -83.6160141824 38.5245110216 1.507, -83.6159323028 38.5247174678 1.522, -83.6158658047 38.5249239164 1.536, -83.6158286533 38.5251311659 1.551, -83.6158216254 38.5253364842 1.565, -83.6158430246 38.5255381944 1.579, -83.6158929044 38.5257343743 1.593, -83.6159165607 38.5257985196 1.597, -83.6159713143 38.5259233747 1.606, -83.6160789779 38.526104387 1.62, -83.6162148372 38.5262776659 1.634, -83.6162673899 38.5263340915 1.639, -83.6163736128 38.5264444898 1.649, -83.6165450659 38.5266082459 1.663, -83.6180062955 38.5279638336 1.786, -83.618369179 38.5283142194 1.817, -83.6185881197 38.5285406216 1.837, -83.6187515399 38.5287283997 1.852, -83.618866908 38.5288732929 1.864, -83.6190436014 38.5291217336 1.884, -83.619143029 38.5292737546 1.895, -83.6192656893 38.5294805764 1.911, -83.6193784531 38.5296910655 1.927, -83.6194792635 38.5299038112 1.943, -83.6195660476 38.5301179539 1.958, -83.6196426405 38.5303338359 1.974, -83.6197772769 38.5307663663 2.004, -83.6198830637 38.5311448207 2.031, -83.619950677 38.531417121 2.05, -83.6199801948 38.5315805232 2.062, -83.6200002532 38.5317445791 2.073, -83.6200086036 38.5318543174 2.08, -83.620011219 38.5320169622 2.092, -83.6200075311 38.5320355734 2.093, -83.6200096393 38.5320713168 2.095, -83.6199995422 38.5322142326 2.105, -83.6199821443 38.5323556444 2.115, -83.6199588057 38.5324969495 2.125, -83.6199083419 38.5327053344 2.14, -83.6198408479 38.5329101185 2.154, -83.6197848553 38.5330439717 2.164, -83.6196520863 38.5333049882 2.183, -83.6195336942 38.533492379 2.198, -83.6194455749 38.5336127463 2.207, -83.6192528447 38.5338432993 2.226, -83.6190918082 38.5340060292 2.241, -83.6189769212 38.5341088877 2.25, -83.6189180864 38.5341600174 2.255, -83.6187331185 38.5343039158 2.269, -83.6183352093 38.5345675899 2.297, -83.6178540857 38.5348668469 2.33, -83.6136988266 38.5373860687 2.615, -83.6118864056 38.5384754427 2.739, -83.6110405376 38.5389768484 2.796, -83.6089693422 38.5401829175 2.936, -83.6075061608 38.5410324247 3.035, -83.6072637107 38.5411793889 3.052, -83.6044557556 38.5428197844 3.241, -83.6032281026 38.5435287481 3.324, -83.5996187337 38.5456338259 3.567, -83.5986463974 38.5461963021 3.632, -83.5972471654 38.5470155328 3.727, -83.5970585627 38.5471258243 3.74, -83.5954119766 38.5480894154 3.849, -83.592238255 38.5499346557 4.061, -83.5920259872 38.5500403892 4.074, -83.5912106985 38.5505273802 4.129, -83.5909735492 38.5506702883 4.145, -83.5887921361 38.5519380053 4.29, -83.5880617557 38.5523671936 4.339, -83.5875560038 38.5526749464 4.374, -83.5864790387 38.5533510523 4.447, -83.5861966628 38.5535205931 4.466, -83.5860556005 38.5535952033 4.476, -83.5859137547 38.5536607358 4.484, -83.5857028237 38.5537442349 4.497, -83.5853097217 38.5538848407 4.52, -83.5851501693 38.5539577397 4.53, -83.5850670524 38.5540125301 4.536, -83.5848222013 38.5542258733 4.557)"
"District 09","Lewis","09-08807.00","KY","57","KY-57","RECONSTRUCTION(O)","0.5","4.557","RECONSTRUCT KY-57 FROM KY-9 TO FLEMING/LEWIS COUNTY LINE (14CCN) (16CCR) (18CCN) (2020CCR) (2022CCR) (2024CCR)","","2014","2026","R","SPP","7480000","2027","","","","068-KY-0057-000","LINESTRING Z (-83.6211482991 38.5108746732 0.5, -83.6210731534 38.5120105734 0.578, -83.6210053191 38.5131667769 0.657, -83.6209719766 38.5135685569 0.684, -83.6209484327 38.5137653401 0.697, -83.6209254288 38.5138953919 0.706, -83.6209117079 38.5139585925 0.711, -83.6208559334 38.5141457346 0.724, -83.6208073117 38.5142670864 0.732, -83.6207166139 38.5144409685 0.745, -83.6206079305 38.5146082105 0.758, -83.6204849839 38.5147729997 0.771, -83.6198007953 38.5156289304 0.84, -83.6195389631 38.5159774464 0.867, -83.6194473817 38.5161213729 0.878, -83.6194265007 38.5161542324 0.881, -83.6193359222 38.5163358058 0.894, -83.6192666186 38.516519134 0.907, -83.6192098448 38.516704335 0.92, -83.6190551586 38.5172632396 0.959, -83.6189785768 38.5175766263 0.981, -83.6189440042 38.517767719 0.994, -83.6189226142 38.5179623433 1.007, -83.6189125634 38.5182239142 1.025, -83.618927511 38.5188160743 1.066, -83.6189516509 38.5192243778 1.094, -83.6189783482 38.5200136806 1.148, -83.6189808896 38.5203471633 1.17, -83.6189668989 38.5206119584 1.189, -83.6189346913 38.5208058399 1.202, -83.6188810114 38.5209927443 1.215, -83.6188014181 38.521169021 1.228, -83.6186973584 38.5213330476 1.24, -83.6185705466 38.5214859552 1.253, -83.6184236742 38.5216313607 1.265, -83.6180838586 38.5219194224 1.292, -83.6171506005 38.522668692 1.364, -83.6169727728 38.5228204071 1.378, -83.6168073957 38.5229767394 1.392, -83.6166766482 38.52312051 1.404, -83.616541633 38.523314742 1.419, -83.6164425893 38.5234983576 1.433, -83.6163843361 38.5236258522 1.442, -83.6160141824 38.5245110216 1.507, -83.6159323028 38.5247174678 1.522, -83.6158658047 38.5249239164 1.536, -83.6158286533 38.5251311659 1.551, -83.6158216254 38.5253364842 1.565, -83.6158430246 38.5255381944 1.579, -83.6158929044 38.5257343743 1.593, -83.6159165607 38.5257985196 1.597, -83.6159713143 38.5259233747 1.606, -83.6160789779 38.526104387 1.62, -83.6162148372 38.5262776659 1.634, -83.6162673899 38.5263340915 1.639, -83.6163736128 38.5264444898 1.649, -83.6165450659 38.5266082459 1.663, -83.6180062955 38.5279638336 1.786, -83.618369179 38.5283142194 1.817, -83.6185881197 38.5285406216 1.837, -83.6187515399 38.5287283997 1.852, -83.618866908 38.5288732929 1.864, -83.6190436014 38.5291217336 1.884, -83.619143029 38.5292737546 1.895, -83.6192656893 38.5294805764 1.911, -83.6193784531 38.5296910655 1.927, -83.6194792635 38.5299038112 1.943, -83.6195660476 38.5301179539 1.958, -83.6196426405 38.5303338359 1.974, -83.6197772769 38.5307663663 2.004, -83.6198830637 38.5311448207 2.031, -83.619950677 38.531417121 2.05, -83.6199801948 38.5315805232 2.062, -83.6200002532 38.5317445791 2.073, -83.6200086036 38.5318543174 2.08, -83.620011219 38.5320169622 2.092, -83.6200075311 38.5320355734 2.093, -83.6200096393 38.5320713168 2.095, -83.6199995422 38.5322142326 2.105, -83.6199821443 38.5323556444 2.115, -83.6199588057 38.5324969495 2.125, -83.6199083419 38.5327053344 2.14, -83.6198408479 38.5329101185 2.154, -83.6197848553 38.5330439717 2.164, -83.6196520863 38.5333049882 2.183, -83.6195336942 38.533492379 2.198, -83.6194455749 38.5336127463 2.207, -83.6192528447 38.5338432993 2.226, -83.6190918082 38.5340060292 2.241, -83.6189769212 38.5341088877 2.25, -83.6189180864 38.5341600174 2.255, -83.6187331185 38.5343039158 2.269, -83.6183352093 38.5345675899 2.297, -83.6178540857 38.5348668469 2.33, -83.6136988266 38.5373860687 2.615, -83.6118864056 38.5384754427 2.739, -83.6110405376 38.5389768484 2.796, -83.6089693422 38.5401829175 2.936, -83.6075061608 38.5410324247 3.035, -83.6072637107 38.5411793889 3.052, -83.6044557556 38.5428197844 3.241, -83.6032281026 38.5435287481 3.324, -83.5996187337 38.5456338259 3.567, -83.5986463974 38.5461963021 3.632, -83.5972471654 38.5470155328 3.727, -83.5970585627 38.5471258243 3.74, -83.5954119766 38.5480894154 3.849, -83.592238255 38.5499346557 4.061, -83.5920259872 38.5500403892 4.074, -83.5912106985 38.5505273802 4.129, -83.5909735492 38.5506702883 4.145, -83.5887921361 38.5519380053 4.29, -83.5880617557 38.5523671936 4.339, -83.5875560038 38.5526749464 4.374, -83.5864790387 38.5533510523 4.447, -83.5861966628 38.5535205931 4.466, -83.5860556005 38.5535952033 4.476, -83.5859137547 38.5536607358 4.484, -83.5857028237 38.5537442349 4.497, -83.5853097217 38.5538848407 4.52, -83.5851501693 38.5539577397 4.53, -83.5850670524 38.5540125301 4.536, -83.5848222013 38.5542258733 4.557)"
"District 09","Lewis","09-10099.00","KY","1068","KY-1068","AM-BRIDGE (P)","0.018","0.024","ADDRESS DEFICIENCIES OF BRIDGE ON KY 1068 OVER LAUREL FORK (068B00058N)","068B00058N","2024","2026","C","BRZ","902486","2027","","","","068-KY-1068-000","LINESTRING Z (-83.3261796345 38.3755983119 0.018, -83.3260780156 38.3755618049 0.024)"
"District 09","Lewis","09-10099.00","KY","1068","KY-1068","AM-BRIDGE (P)","0.018","0.024","ADDRESS DEFICIENCIES OF BRIDGE ON KY 1068 OVER LAUREL FORK (068B00058N)","068B00058N","2024","2026","D","BRZ","135373","2027","","","","068-KY-1068-000","LINESTRING Z (-83.3261796345 38.3755983119 0.018, -83.3260780156 38.3755618049 0.024)"
"District 09","Lewis","09-20029.00","KY","9","KY-9","AM-PAVEMENT (PRI)(P)","0.0","8.048","ADDRESS CONDITION OF KY-9 FROM MILEPOINT 0 TO MILEPOINT 8.048","","2024","2026","D","STP4","328000","2030","","","","068-KY-0009-000","LINESTRING Z (-83.1799598925 38.5010112978 0, -83.1807037735 38.5011804028 0.042, -83.1829534484 38.5017224161 0.17, -83.1830871627 38.5017571719 0.178, -83.1833494048 38.5018350862 0.193, -83.1836075742 38.5019195034 0.208, -83.1838601492 38.5020139641 0.223, -83.1841053158 38.5021203496 0.239, -83.1843413187 38.5022388989 0.254, -83.1845657035 38.5023698322 0.269, -83.1847774303 38.5025128524 0.284, -83.1848775619 38.502588359 0.292, -83.1849765588 38.5026663133 0.299, -83.1851620777 38.5028290943 0.314, -83.1853350155 38.5030017664 0.33, -83.1854935991 38.503185116 0.345, -83.1856378173 38.5033794183 0.361, -83.1857652823 38.503582972 0.376, -83.185876082 38.5037933079 0.392, -83.1859723775 38.5040085494 0.408, -83.1860538777 38.5042270429 0.423, -83.1861258417 38.5044483514 0.439, -83.186257887 38.5049008761 0.471, -83.1872831263 38.5085431902 0.729, -83.1880195861 38.5111780039 0.916, -83.1883994935 38.5125019778 1.01, -83.1884986878 38.5128049061 1.032, -83.1886154168 38.5131062892 1.053, -83.1887085323 38.513303054 1.068, -83.1888147186 38.5134959814 1.082, -83.1889346827 38.5136848102 1.097, -83.1890681067 38.5138687105 1.112, -83.1892225165 38.5140423491 1.126, -83.1893894141 38.5142088409 1.141, -83.1894789312 38.5142885085 1.148, -83.1895688459 38.5143668123 1.156, -83.1897604741 38.5145159817 1.17, -83.1899632486 38.5146563258 1.185, -83.190176559 38.51478536 1.2, -83.1904013377 38.5149063992 1.214, -83.1906345823 38.5150152606 1.229, -83.1908755775 38.5151124761 1.244, -83.1911218472 38.5151988169 1.259, -83.1913729847 38.5152759232 1.273, -83.1916260807 38.515347027 1.288, -83.1954450568 38.5163203428 1.506, -83.1963355793 38.5165408452 1.557, -83.1965943605 38.5166095886 1.572, -83.1969728967 38.5167133193 1.593, -83.1973483759 38.5168345642 1.616, -83.1975940817 38.5169274726 1.63, -83.1977150678 38.516977319 1.638, -83.1979511731 38.5170848536 1.653, -83.1981802972 38.5172021256 1.667, -83.1982917605 38.5172644039 1.675, -83.1985077923 38.517396228 1.69, -83.1987161624 38.5175372255 1.705, -83.1988170843 38.517611088 1.712, -83.199011335 38.5177660666 1.727, -83.1991951573 38.5179293358 1.742, -83.1992820526 38.5180144342 1.75, -83.1994500262 38.5181910967 1.765, -83.1996801307 38.518471279 1.788, -83.1998180329 38.5186681728 1.804, -83.199939926 38.5188729625 1.819, -83.2000483335 38.5190835063 1.835, -83.200142216 38.5192995057 1.851, -83.2001821174 38.5194088659 1.859, -83.2002495676 38.5196308908 1.875, -83.2002980278 38.5198560787 1.89, -83.2003327953 38.520082896 1.906, -83.2003547704 38.5204261815 1.93, -83.2003509707 38.5206560161 1.946, -83.2003181114 38.5211181644 1.978, -83.1997669087 38.5266696349 2.363, -83.1997115759 38.5273252305 2.409, -83.1996945329 38.527654218 2.431, -83.1996952489 38.5278748095 2.447, -83.1997099419 38.5280957013 2.462, -83.1997341495 38.5282843832 2.475, -83.1997800354 38.5285334135 2.492, -83.1998346784 38.5287518665 2.508, -83.199902394 38.5289664803 2.523, -83.1999855911 38.5291784038 2.538, -83.2000832197 38.5293876165 2.554, -83.2001942318 38.5295940943 2.569, -83.2003183278 38.5297964578 2.585, -83.2004552613 38.5299916795 2.6, -83.2006020366 38.5301854652 2.616, -83.2009177489 38.53056939 2.647, -83.2025564596 38.5324400227 2.804, -83.2046623669 38.5348675469 3.007, -83.2064286064 38.5368781957 3.176, -83.2067388856 38.5372389129 3.206, -83.2069681444 38.537515763 3.229, -83.2073382825 38.5379859868 3.268, -83.2076184738 38.5383674835 3.298, -83.2078859532 38.5387525519 3.328, -83.2081392746 38.5391425363 3.359, -83.2083185438 38.5394391903 3.381, -83.2085470355 38.5398393552 3.412, -83.20876171 38.5402447174 3.442, -83.208916488 38.540551833 3.465, -83.2095149693 38.5417806775 3.556, -83.2097268864 38.5421851541 3.586, -83.2098438143 38.5423837817 3.601, -83.210040811 38.5426739435 3.624, -83.2101864678 38.5428610987 3.639, -83.2103442931 38.5430402726 3.654, -83.2104269518 38.5431277425 3.662, -83.2106022947 38.5432960289 3.677, -83.2107880594 38.5434562964 3.692, -83.210984973 38.5436077376 3.707, -83.2111923276 38.5437506122 3.722, -83.2114087245 38.5438848891 3.737, -83.2116345897 38.5440083806 3.751, -83.2118691861 38.544122169 3.766, -83.2121114926 38.5442254084 3.781, -83.212361219 38.5443164455 3.796, -83.2126165498 38.5443971642 3.811, -83.2128767662 38.5444680971 3.826, -83.2131408688 38.5445278508 3.841, -83.213408808 38.5445777967 3.856, -83.2136785162 38.5446170665 3.871, -83.2139502674 38.5446478645 3.886, -83.2142814909 38.5446782832 3.904, -83.2201003214 38.5451605324 4.222, -83.2225952735 38.5453715825 4.358, -83.2231288802 38.5454263336 4.387, -83.2233948757 38.5454619315 4.402, -83.2236598122 38.5455079449 4.416, -83.2238688183 38.5455530432 4.428, -83.22405333 38.5455984432 4.438, -83.2243113129 38.5456736993 4.453, -83.2245644034 38.5457590133 4.468, -83.2248129225 38.5458552171 4.483, -83.2250544316 38.5459619839 4.498, -83.2252879316 38.546077919 4.513, -83.2255123904 38.5462024528 4.528, -83.2258328901 38.5464023666 4.55, -83.2262489479 38.5466814968 4.58, -83.2270407098 38.5472235134 4.637, -83.2299236173 38.5492050274 4.845, -83.231238735 38.5501025696 4.94, -83.2316796338 38.5503929188 4.971, -83.2321328458 38.5506711664 5.002, -83.2325975557 38.5509405907 5.033, -83.2330721044 38.5511986852 5.065, -83.2334925868 38.5514116833 5.092, -83.2336772077 38.5515054156 5.104, -83.2340461478 38.551681336 5.127, -83.2345441983 38.5519072348 5.159, -83.2349237968 38.5520682707 5.182, -83.2355649333 38.5523243863 5.221, -83.239607478 38.5538684443 5.465, -83.240355812 38.5541515208 5.51, -83.2407372552 38.5542900518 5.533, -83.2444555521 38.5557166671 5.758, -83.2482236348 38.5571543741 5.986, -83.248883211 38.5574160244 6.026, -83.249140733 38.5575271978 6.042, -83.2493935438 38.5576432152 6.058, -83.2496398934 38.5577640406 6.074, -83.2501182294 38.5580166506 6.106, -83.2505774317 38.5582867101 6.137, -83.2510161865 38.55857172 6.168, -83.2513303727 38.558796151 6.191, -83.2516344934 38.5590286096 6.215, -83.2519264486 38.5592690521 6.238, -83.2523030991 38.559600821 6.269, -83.2529531045 38.5602058737 6.324, -83.2547034442 38.561856126 6.473, -83.2574925002 38.5644851331 6.711, -83.2581578711 38.5651140996 6.768, -83.258511721 38.5654390502 6.797, -83.2588770596 38.5657554515 6.827, -83.2594385956 38.5662182486 6.872, -83.2598290601 38.5665162204 6.901, -83.26022713 38.5668066584 6.931, -83.260632542 38.5670870854 6.96, -83.2611475918 38.5674255687 6.997, -83.2612492378 38.5674922475 7.004, -83.2616755084 38.5677459143 7.033, -83.2621132961 38.5679902068 7.063, -83.2625585493 38.5682310833 7.092, -83.2628990303 38.5684046657 7.114, -83.2635895612 38.5687380202 7.158, -83.2663335341 38.5700100353 7.332, -83.2670277366 38.570328887 7.376, -83.2693778041 38.5714266921 7.525, -83.269615636 38.5715327385 7.54, -83.2698413474 38.5716453978 7.554, -83.2716723965 38.5724908792 7.67, -83.2721315969 38.5726935538 7.699, -83.2728219844 38.5729818014 7.742, -83.2737186991 38.5733355977 7.796, -83.2741481548 38.5734972664 7.822, -83.2747483865 38.5737410489 7.859, -83.2750270007 38.5738624912 7.877, -83.2752913976 38.5739905036 7.894, -83.2754573963 38.5740793852 7.905, -83.2756148917 38.5741713862 7.915, -83.2757642713 38.5742654149 7.926, -83.2760380582 38.5744573468 7.946, -83.2762794125 38.5746461314 7.964, -83.2764847538 38.5748341649 7.981, -83.2766649597 38.575010139 7.997, -83.2767348634 38.575084933 8.003, -83.2772157255 38.5756003479 8.048)"
"District 09","Lewis","09-20029.00","KY","9","KY-9","AM-PAVEMENT (PRI)(P)","0.0","8.048","ADDRESS CONDITION OF KY-9 FROM MILEPOINT 0 TO MILEPOINT 8.048","","2024","2026","C","STP4","3772000","2030","","","","068-KY-0009-000","LINESTRING Z (-83.1799598925 38.5010112978 0, -83.1807037735 38.5011804028 0.042, -83.1829534484 38.5017224161 0.17, -83.1830871627 38.5017571719 0.178, -83.1833494048 38.5018350862 0.193, -83.1836075742 38.5019195034 0.208, -83.1838601492 38.5020139641 0.223, -83.1841053158 38.5021203496 0.239, -83.1843413187 38.5022388989 0.254, -83.1845657035 38.5023698322 0.269, -83.1847774303 38.5025128524 0.284, -83.1848775619 38.502588359 0.292, -83.1849765588 38.5026663133 0.299, -83.1851620777 38.5028290943 0.314, -83.1853350155 38.5030017664 0.33, -83.1854935991 38.503185116 0.345, -83.1856378173 38.5033794183 0.361, -83.1857652823 38.503582972 0.376, -83.185876082 38.5037933079 0.392, -83.1859723775 38.5040085494 0.408, -83.1860538777 38.5042270429 0.423, -83.1861258417 38.5044483514 0.439, -83.186257887 38.5049008761 0.471, -83.1872831263 38.5085431902 0.729, -83.1880195861 38.5111780039 0.916, -83.1883994935 38.5125019778 1.01, -83.1884986878 38.5128049061 1.032, -83.1886154168 38.5131062892 1.053, -83.1887085323 38.513303054 1.068, -83.1888147186 38.5134959814 1.082, -83.1889346827 38.5136848102 1.097, -83.1890681067 38.5138687105 1.112, -83.1892225165 38.5140423491 1.126, -83.1893894141 38.5142088409 1.141, -83.1894789312 38.5142885085 1.148, -83.1895688459 38.5143668123 1.156, -83.1897604741 38.5145159817 1.17, -83.1899632486 38.5146563258 1.185, -83.190176559 38.51478536 1.2, -83.1904013377 38.5149063992 1.214, -83.1906345823 38.5150152606 1.229, -83.1908755775 38.5151124761 1.244, -83.1911218472 38.5151988169 1.259, -83.1913729847 38.5152759232 1.273, -83.1916260807 38.515347027 1.288, -83.1954450568 38.5163203428 1.506, -83.1963355793 38.5165408452 1.557, -83.1965943605 38.5166095886 1.572, -83.1969728967 38.5167133193 1.593, -83.1973483759 38.5168345642 1.616, -83.1975940817 38.5169274726 1.63, -83.1977150678 38.516977319 1.638, -83.1979511731 38.5170848536 1.653, -83.1981802972 38.5172021256 1.667, -83.1982917605 38.5172644039 1.675, -83.1985077923 38.517396228 1.69, -83.1987161624 38.5175372255 1.705, -83.1988170843 38.517611088 1.712, -83.199011335 38.5177660666 1.727, -83.1991951573 38.5179293358 1.742, -83.1992820526 38.5180144342 1.75, -83.1994500262 38.5181910967 1.765, -83.1996801307 38.518471279 1.788, -83.1998180329 38.5186681728 1.804, -83.199939926 38.5188729625 1.819, -83.2000483335 38.5190835063 1.835, -83.200142216 38.5192995057 1.851, -83.2001821174 38.5194088659 1.859, -83.2002495676 38.5196308908 1.875, -83.2002980278 38.5198560787 1.89, -83.2003327953 38.520082896 1.906, -83.2003547704 38.5204261815 1.93, -83.2003509707 38.5206560161 1.946, -83.2003181114 38.5211181644 1.978, -83.1997669087 38.5266696349 2.363, -83.1997115759 38.5273252305 2.409, -83.1996945329 38.527654218 2.431, -83.1996952489 38.5278748095 2.447, -83.1997099419 38.5280957013 2.462, -83.1997341495 38.5282843832 2.475, -83.1997800354 38.5285334135 2.492, -83.1998346784 38.5287518665 2.508, -83.199902394 38.5289664803 2.523, -83.1999855911 38.5291784038 2.538, -83.2000832197 38.5293876165 2.554, -83.2001942318 38.5295940943 2.569, -83.2003183278 38.5297964578 2.585, -83.2004552613 38.5299916795 2.6, -83.2006020366 38.5301854652 2.616, -83.2009177489 38.53056939 2.647, -83.2025564596 38.5324400227 2.804, -83.2046623669 38.5348675469 3.007, -83.2064286064 38.5368781957 3.176, -83.2067388856 38.5372389129 3.206, -83.2069681444 38.537515763 3.229, -83.2073382825 38.5379859868 3.268, -83.2076184738 38.5383674835 3.298, -83.2078859532 38.5387525519 3.328, -83.2081392746 38.5391425363 3.359, -83.2083185438 38.5394391903 3.381, -83.2085470355 38.5398393552 3.412, -83.20876171 38.5402447174 3.442, -83.208916488 38.540551833 3.465, -83.2095149693 38.5417806775 3.556, -83.2097268864 38.5421851541 3.586, -83.2098438143 38.5423837817 3.601, -83.210040811 38.5426739435 3.624, -83.2101864678 38.5428610987 3.639, -83.2103442931 38.5430402726 3.654, -83.2104269518 38.5431277425 3.662, -83.2106022947 38.5432960289 3.677, -83.2107880594 38.5434562964 3.692, -83.210984973 38.5436077376 3.707, -83.2111923276 38.5437506122 3.722, -83.2114087245 38.5438848891 3.737, -83.2116345897 38.5440083806 3.751, -83.2118691861 38.544122169 3.766, -83.2121114926 38.5442254084 3.781, -83.212361219 38.5443164455 3.796, -83.2126165498 38.5443971642 3.811, -83.2128767662 38.5444680971 3.826, -83.2131408688 38.5445278508 3.841, -83.213408808 38.5445777967 3.856, -83.2136785162 38.5446170665 3.871, -83.2139502674 38.5446478645 3.886, -83.2142814909 38.5446782832 3.904, -83.2201003214 38.5451605324 4.222, -83.2225952735 38.5453715825 4.358, -83.2231288802 38.5454263336 4.387, -83.2233948757 38.5454619315 4.402, -83.2236598122 38.5455079449 4.416, -83.2238688183 38.5455530432 4.428, -83.22405333 38.5455984432 4.438, -83.2243113129 38.5456736993 4.453, -83.2245644034 38.5457590133 4.468, -83.2248129225 38.5458552171 4.483, -83.2250544316 38.5459619839 4.498, -83.2252879316 38.546077919 4.513, -83.2255123904 38.5462024528 4.528, -83.2258328901 38.5464023666 4.55, -83.2262489479 38.5466814968 4.58, -83.2270407098 38.5472235134 4.637, -83.2299236173 38.5492050274 4.845, -83.231238735 38.5501025696 4.94, -83.2316796338 38.5503929188 4.971, -83.2321328458 38.5506711664 5.002, -83.2325975557 38.5509405907 5.033, -83.2330721044 38.5511986852 5.065, -83.2334925868 38.5514116833 5.092, -83.2336772077 38.5515054156 5.104, -83.2340461478 38.551681336 5.127, -83.2345441983 38.5519072348 5.159, -83.2349237968 38.5520682707 5.182, -83.2355649333 38.5523243863 5.221, -83.239607478 38.5538684443 5.465, -83.240355812 38.5541515208 5.51, -83.2407372552 38.5542900518 5.533, -83.2444555521 38.5557166671 5.758, -83.2482236348 38.5571543741 5.986, -83.248883211 38.5574160244 6.026, -83.249140733 38.5575271978 6.042, -83.2493935438 38.5576432152 6.058, -83.2496398934 38.5577640406 6.074, -83.2501182294 38.5580166506 6.106, -83.2505774317 38.5582867101 6.137, -83.2510161865 38.55857172 6.168, -83.2513303727 38.558796151 6.191, -83.2516344934 38.5590286096 6.215, -83.2519264486 38.5592690521 6.238, -83.2523030991 38.559600821 6.269, -83.2529531045 38.5602058737 6.324, -83.2547034442 38.561856126 6.473, -83.2574925002 38.5644851331 6.711, -83.2581578711 38.5651140996 6.768, -83.258511721 38.5654390502 6.797, -83.2588770596 38.5657554515 6.827, -83.2594385956 38.5662182486 6.872, -83.2598290601 38.5665162204 6.901, -83.26022713 38.5668066584 6.931, -83.260632542 38.5670870854 6.96, -83.2611475918 38.5674255687 6.997, -83.2612492378 38.5674922475 7.004, -83.2616755084 38.5677459143 7.033, -83.2621132961 38.5679902068 7.063, -83.2625585493 38.5682310833 7.092, -83.2628990303 38.5684046657 7.114, -83.2635895612 38.5687380202 7.158, -83.2663335341 38.5700100353 7.332, -83.2670277366 38.570328887 7.376, -83.2693778041 38.5714266921 7.525, -83.269615636 38.5715327385 7.54, -83.2698413474 38.5716453978 7.554, -83.2716723965 38.5724908792 7.67, -83.2721315969 38.5726935538 7.699, -83.2728219844 38.5729818014 7.742, -83.2737186991 38.5733355977 7.796, -83.2741481548 38.5734972664 7.822, -83.2747483865 38.5737410489 7.859, -83.2750270007 38.5738624912 7.877, -83.2752913976 38.5739905036 7.894, -83.2754573963 38.5740793852 7.905, -83.2756148917 38.5741713862 7.915, -83.2757642713 38.5742654149 7.926, -83.2760380582 38.5744573468 7.946, -83.2762794125 38.5746461314 7.964, -83.2764847538 38.5748341649 7.981, -83.2766649597 38.575010139 7.997, -83.2767348634 38.575084933 8.003, -83.2772157255 38.5756003479 8.048)"
"District 09","Lewis","09-80251.00","KY","9","KY-9","SAFETY(P)","18.2","18.8","CONSTRUCT RIGHT AND LEFT TURN LANES AT THE INTERSECTION OF KY 989 (MP18.553) TO IMPROVE SAFETY AND DECREASE COLLISIONS. (2022CCN)","","2022","2026","C","SPP","1120000","2032","","","","068-KY-0009-000","LINESTRING Z (-83.4292529647 38.5767400647 18.2, -83.4293595678 38.5766069157 18.211, -83.4295214109 38.576413139 18.227, -83.4302173027 38.5755420201 18.298, -83.4308223989 38.574786408 18.361, -83.4311054981 38.5744425542 18.39, -83.4314070127 38.5740916435 18.419, -83.4315635859 38.5739202843 18.434, -83.4317273899 38.5737526363 18.449, -83.4318984057 38.5735892488 18.463, -83.4320769741 38.5734304032 18.478, -83.43226237 38.5732769087 18.493, -83.4324549518 38.5731284981 18.508, -83.4326547099 38.5729854463 18.522, -83.4328602567 38.5728474507 18.537, -83.4330862213 38.5727054579 18.553, -83.4332862627 38.5725865819 18.567, -83.4335060148 38.5724639686 18.581, -83.4337318947 38.572346693 18.596, -83.4339624876 38.5722352771 18.611, -83.4341984392 38.5721313813 18.625, -83.4344411502 38.5720350324 18.64, -83.4346881527 38.5719467328 18.655, -83.434939144 38.5718651018 18.669, -83.4351931068 38.5717890208 18.684, -83.4354500432 38.5717184915 18.699, -83.4357103026 38.5716535198 18.714, -83.4359728097 38.5715949081 18.728, -83.4362379044 38.5715429387 18.743, -83.4365045137 38.571498414 18.758, -83.4367729955 38.5714610665 18.773, -83.437042633 38.5714314313 18.787, -83.4372779253 38.571412444 18.8)"
"District 09","Lewis","09-80251.00","KY","9","KY-9","SAFETY(P)","18.2","18.8","CONSTRUCT RIGHT AND LEFT TURN LANES AT THE INTERSECTION OF KY 989 (MP18.553) TO IMPROVE SAFETY AND DECREASE COLLISIONS. (2022CCN)","","2022","2026","D","SPP","270000","2029","","","","068-KY-0009-000","LINESTRING Z (-83.4292529647 38.5767400647 18.2, -83.4293595678 38.5766069157 18.211, -83.4295214109 38.576413139 18.227, -83.4302173027 38.5755420201 18.298, -83.4308223989 38.574786408 18.361, -83.4311054981 38.5744425542 18.39, -83.4314070127 38.5740916435 18.419, -83.4315635859 38.5739202843 18.434, -83.4317273899 38.5737526363 18.449, -83.4318984057 38.5735892488 18.463, -83.4320769741 38.5734304032 18.478, -83.43226237 38.5732769087 18.493, -83.4324549518 38.5731284981 18.508, -83.4326547099 38.5729854463 18.522, -83.4328602567 38.5728474507 18.537, -83.4330862213 38.5727054579 18.553, -83.4332862627 38.5725865819 18.567, -83.4335060148 38.5724639686 18.581, -83.4337318947 38.572346693 18.596, -83.4339624876 38.5722352771 18.611, -83.4341984392 38.5721313813 18.625, -83.4344411502 38.5720350324 18.64, -83.4346881527 38.5719467328 18.655, -83.434939144 38.5718651018 18.669, -83.4351931068 38.5717890208 18.684, -83.4354500432 38.5717184915 18.699, -83.4357103026 38.5716535198 18.714, -83.4359728097 38.5715949081 18.728, -83.4362379044 38.5715429387 18.743, -83.4365045137 38.571498414 18.758, -83.4367729955 38.5714610665 18.773, -83.437042633 38.5714314313 18.787, -83.4372779253 38.571412444 18.8)"
"District 09","Lewis","09-80251.00","KY","9","KY-9","SAFETY(P)","18.2","18.8","CONSTRUCT RIGHT AND LEFT TURN LANES AT THE INTERSECTION OF KY 989 (MP18.553) TO IMPROVE SAFETY AND DECREASE COLLISIONS. (2022CCN)","","2022","2026","U","SPP","380000","2031","","","","068-KY-0009-000","LINESTRING Z (-83.4292529647 38.5767400647 18.2, -83.4293595678 38.5766069157 18.211, -83.4295214109 38.576413139 18.227, -83.4302173027 38.5755420201 18.298, -83.4308223989 38.574786408 18.361, -83.4311054981 38.5744425542 18.39, -83.4314070127 38.5740916435 18.419, -83.4315635859 38.5739202843 18.434, -83.4317273899 38.5737526363 18.449, -83.4318984057 38.5735892488 18.463, -83.4320769741 38.5734304032 18.478, -83.43226237 38.5732769087 18.493, -83.4324549518 38.5731284981 18.508, -83.4326547099 38.5729854463 18.522, -83.4328602567 38.5728474507 18.537, -83.4330862213 38.5727054579 18.553, -83.4332862627 38.5725865819 18.567, -83.4335060148 38.5724639686 18.581, -83.4337318947 38.572346693 18.596, -83.4339624876 38.5722352771 18.611, -83.4341984392 38.5721313813 18.625, -83.4344411502 38.5720350324 18.64, -83.4346881527 38.5719467328 18.655, -83.434939144 38.5718651018 18.669, -83.4351931068 38.5717890208 18.684, -83.4354500432 38.5717184915 18.699, -83.4357103026 38.5716535198 18.714, -83.4359728097 38.5715949081 18.728, -83.4362379044 38.5715429387 18.743, -83.4365045137 38.571498414 18.758, -83.4367729955 38.5714610665 18.773, -83.437042633 38.5714314313 18.787, -83.4372779253 38.571412444 18.8)"
"District 09","Lewis","09-80251.00","KY","9","KY-9","SAFETY(P)","18.2","18.8","CONSTRUCT RIGHT AND LEFT TURN LANES AT THE INTERSECTION OF KY 989 (MP18.553) TO IMPROVE SAFETY AND DECREASE COLLISIONS. (2022CCN)","","2022","2026","R","SPP","280000","2030","","","","068-KY-0009-000","LINESTRING Z (-83.4292529647 38.5767400647 18.2, -83.4293595678 38.5766069157 18.211, -83.4295214109 38.576413139 18.227, -83.4302173027 38.5755420201 18.298, -83.4308223989 38.574786408 18.361, -83.4311054981 38.5744425542 18.39, -83.4314070127 38.5740916435 18.419, -83.4315635859 38.5739202843 18.434, -83.4317273899 38.5737526363 18.449, -83.4318984057 38.5735892488 18.463, -83.4320769741 38.5734304032 18.478, -83.43226237 38.5732769087 18.493, -83.4324549518 38.5731284981 18.508, -83.4326547099 38.5729854463 18.522, -83.4328602567 38.5728474507 18.537, -83.4330862213 38.5727054579 18.553, -83.4332862627 38.5725865819 18.567, -83.4335060148 38.5724639686 18.581, -83.4337318947 38.572346693 18.596, -83.4339624876 38.5722352771 18.611, -83.4341984392 38.5721313813 18.625, -83.4344411502 38.5720350324 18.64, -83.4346881527 38.5719467328 18.655, -83.434939144 38.5718651018 18.669, -83.4351931068 38.5717890208 18.684, -83.4354500432 38.5717184915 18.699, -83.4357103026 38.5716535198 18.714, -83.4359728097 38.5715949081 18.728, -83.4362379044 38.5715429387 18.743, -83.4365045137 38.571498414 18.758, -83.4367729955 38.5714610665 18.773, -83.437042633 38.5714314313 18.787, -83.4372779253 38.571412444 18.8)"
"District 09","Lewis","09-80354.00","KY","10","KY-10","CONGESTION MITIGTN(O)","11.9","12.3","Construct left and right turning lanes from KY 10 (AA Highway) onto KY 1306 (MP 11.9 - 12.3) (2024CCN)","","2024","2026","R","SPP","240000","2030","","","","068-KY-0010-000","LINESTRING Z (-83.1943349838 38.5946333644 11.9, -83.1940894681 38.5946524127 11.913, -83.1937861534 38.5946684146 11.93, -83.1934823891 38.594677265 11.946, -83.1931774947 38.5946783996 11.963, -83.1928754021 38.5946694291 11.979, -83.1908959184 38.5945749197 12.086, -83.1895280553 38.5944759718 12.161, -83.1869876007 38.59432206 12.3)"
"District 09","Lewis","09-80354.00","KY","10","KY-10","CONGESTION MITIGTN(O)","11.9","12.3","Construct left and right turning lanes from KY 10 (AA Highway) onto KY 1306 (MP 11.9 - 12.3) (2024CCN)","","2024","2026","C","SPP","2100000","2031","","","","068-KY-0010-000","LINESTRING Z (-83.1943349838 38.5946333644 11.9, -83.1940894681 38.5946524127 11.913, -83.1937861534 38.5946684146 11.93, -83.1934823891 38.594677265 11.946, -83.1931774947 38.5946783996 11.963, -83.1928754021 38.5946694291 11.979, -83.1908959184 38.5945749197 12.086, -83.1895280553 38.5944759718 12.161, -83.1869876007 38.59432206 12.3)"
"District 09","Lewis","09-80354.00","KY","10","KY-10","CONGESTION MITIGTN(O)","11.9","12.3","Construct left and right turning lanes from KY 10 (AA Highway) onto KY 1306 (MP 11.9 - 12.3) (2024CCN)","","2024","2026","D","SPP","330000","2029","","","","068-KY-0010-000","LINESTRING Z (-83.1943349838 38.5946333644 11.9, -83.1940894681 38.5946524127 11.913, -83.1937861534 38.5946684146 11.93, -83.1934823891 38.594677265 11.946, -83.1931774947 38.5946783996 11.963, -83.1928754021 38.5946694291 11.979, -83.1908959184 38.5945749197 12.086, -83.1895280553 38.5944759718 12.161, -83.1869876007 38.59432206 12.3)"
"District 09","Lewis","09-80412.00","PF","9999","PF-9999","ECONOMIC DEVEL(O)","","","New route to be located between MP 16.8-14.8 on KY 9, to MP 3.42-5.2 on KY 8 (2026CCN)","","2026","2026","D","SPP","5000000","2029","","","","",""
"District 09","Lewis","09-80412.00","PF","9999","PF-9999","ECONOMIC DEVEL(O)","","","New route to be located between MP 16.8-14.8 on KY 9, to MP 3.42-5.2 on KY 8 (2026CCN)","","2026","2026","C","SPP","65000000","2032","","","","",""
"District 09","Lewis","09-80412.00","PF","9999","PF-9999","ECONOMIC DEVEL(O)","","","New route to be located between MP 16.8-14.8 on KY 9, to MP 3.42-5.2 on KY 8 (2026CCN)","","2026","2026","R","SPP","4000000","2030","","","","",""
"District 09","Lewis","09-80412.00","PF","9999","PF-9999","ECONOMIC DEVEL(O)","","","New route to be located between MP 16.8-14.8 on KY 9, to MP 3.42-5.2 on KY 8 (2026CCN)","","2026","2026","U","SPP","5000000","2031","","","","",""
"District 09","Mason","09-04325.00","KY","10","KY-10","SAF-GUARDRAIL(P)","6.9","7.25","INSTALL GUARDRAIL ON KY-10 IN MASON COUNTY","","2020","2026","C","GR","74000","2026","","","","081-KY-0010-000","LINESTRING Z (-83.7068959808 38.6314821602 6.9, -83.7068952623 38.6314673172 6.901, -83.7069109014 38.6312583084 6.916, -83.7070354755 38.630520836 6.967, -83.7070596177 38.6303207614 6.981, -83.7072470832 38.6292742971 7.054, -83.7072802099 38.629028237 7.071, -83.7072928213 38.6288397741 7.084, -83.7072910507 38.6286398039 7.098, -83.7072483209 38.6282765424 7.123, -83.7071820312 38.6277914833 7.157, -83.7071244757 38.6275078874 7.177, -83.7070756375 38.6273384174 7.189, -83.7070138138 38.6271700987 7.201, -83.7069051305 38.6269496166 7.217, -83.7068045688 38.6267894203 7.23, -83.7066500645 38.6265799602 7.246, -83.7066105924 38.6265313815 7.25)"
"District 09","Mason","09-10013.10","US","68","US-68","AM-BRIDGE (P)","18.045","18.457","ADDRESS DEFICIENCIES OF BRIDGE ON US-68 OVER OHIO RIVER (081B00069N)","081B00069N","2022","2026","C","BRO","2000000","2030","2024-09-26","Awarded","1","081-US-0068-000","LINESTRING Z (-83.786698759 38.6834334265 18.045, -83.7800437267 38.6850481794 18.457)"
"District 09","Mason","09-10013.10","US","68","US-68","AM-BRIDGE (P)","18.045","18.457","ADDRESS DEFICIENCIES OF BRIDGE ON US-68 OVER OHIO RIVER (081B00069N)","081B00069N","2022","2026","D","BRO","300000","2030","2024-09-26","Awarded","1","081-US-0068-000","LINESTRING Z (-83.786698759 38.6834334265 18.045, -83.7800437267 38.6850481794 18.457)"
"District 09","Mason","09-10091.00","US","62","US-62","AM-BRIDGE (P)","17.527","18.021","BRIDGE PROJECT IN MASON COUNTY ON (081B00041N) US-62X AT OHIO RIVER-MYVLLE- CSX R","081B00041N","2022","2026","C","BRX","40000000","2029","2025-09-25","Awarded","1","081-US-0062-000","LINESTRING Z (-83.7621365437 38.6461133874 17.527, -83.7619620977 38.6463385131 17.545, -83.7618079132 38.6465611394 17.563, -83.7616894944 38.6467434421 17.577, -83.7581225812 38.6525489299 18.021)"
"District 09","Mason","09-10091.00","US","62","US-62","AM-BRIDGE (P)","17.527","18.021","BRIDGE PROJECT IN MASON COUNTY ON (081B00041N) US-62X AT OHIO RIVER-MYVLLE- CSX R","081B00041N","2022","2026","D","BRX","4000000","2029","2025-09-25","Awarded","1","081-US-0062-000","LINESTRING Z (-83.7621365437 38.6461133874 17.527, -83.7619620977 38.6463385131 17.545, -83.7618079132 38.6465611394 17.563, -83.7616894944 38.6467434421 17.577, -83.7581225812 38.6525489299 18.021)"
"District 09","Mason","09-10092.00","KY","1234","KY-1234","AM-BRIDGE (P)","0.234","0.242","BRIDGE PROJECT IN MASON COUNTY ON (081B00047N) KY-1234 AT INDIAN RUN CREEK","081B00047N","2022","2026","D","BRX","76747","2029","","","","081-KY-1234-000","LINESTRING Z (-83.7021952812 38.5128311144 0.234, -83.7021644808 38.5129013066 0.239, -83.7021437926 38.5129436314 0.242)"
"District 09","Mason","09-10092.00","KY","1234","KY-1234","AM-BRIDGE (P)","0.234","0.242","BRIDGE PROJECT IN MASON COUNTY ON (081B00047N) KY-1234 AT INDIAN RUN CREEK","081B00047N","2022","2026","C","BRX","511649","2029","","","","081-KY-1234-000","LINESTRING Z (-83.7021952812 38.5128311144 0.234, -83.7021644808 38.5129013066 0.239, -83.7021437926 38.5129436314 0.242)"
"District 09","Mason","09-20030.00","KY","9","KY-9","AM-PAVEMENT (PRI)(P)","7.147","10.256","ADDRESS CONDITION OF KY-9 FROM MILEPOINT 7.147 TO MILEPOINT 10.256","","2024","2026","C","NHPM","4600000","2028","","","","081-KY-0009-000","LINESTRING Z (-83.7546005005 38.6014670695 7.147, -83.7553782084 38.6015685531 7.189, -83.756454062 38.6017230929 7.247, -83.7572525612 38.601845236 7.29, -83.7577884485 38.6019333122 7.319, -83.7583996746 38.6020437959 7.352, -83.7587895202 38.6021225561 7.374, -83.7592521236 38.6022286241 7.4, -83.7596892715 38.6023441508 7.425, -83.7600999528 38.6024677469 7.449, -83.7604609431 38.6025910597 7.47, -83.7608932092 38.6027575847 7.496, -83.7611531905 38.6028630011 7.512, -83.7615693157 38.6030440838 7.538, -83.7619169416 38.6032086386 7.56, -83.7620260811 38.6032623715 7.567, -83.7624711782 38.6034980391 7.596, -83.7629334779 38.6037705201 7.627, -83.7630903897 38.6038695414 7.638, -83.7634008128 38.6040768643 7.66, -83.7637090346 38.6043009025 7.683, -83.7650311801 38.6053394287 7.785, -83.7697057486 38.6090440025 8.145, -83.7729691483 38.611618128 8.396, -83.7739766119 38.612419794 8.473, -83.7743638608 38.6127401413 8.504, -83.7749239614 38.6132188044 8.549, -83.7756619512 38.6138770116 8.609, -83.7791759767 38.6171304536 8.904, -83.7799617769 38.617849021 8.969, -83.7835769717 38.6211949017 9.274, -83.7854996729 38.6229665085 9.435, -83.7875919753 38.624892479 9.61, -83.7904789361 38.6275579206 9.853, -83.7921804013 38.629131047 9.992, -83.7928198981 38.6297133652 10.044, -83.7933002853 38.6301315759 10.082, -83.7936048615 38.6303815615 10.105, -83.7955199706 38.6318260493 10.245, -83.7957091882 38.6318991912 10.256)"
"District 09","Mason","09-20030.00","KY","9","KY-9","AM-PAVEMENT (PRI)(P)","7.147","10.256","ADDRESS CONDITION OF KY-9 FROM MILEPOINT 7.147 TO MILEPOINT 10.256","","2024","2026","D","NHPM","400000","2028","","","","081-KY-0009-000","LINESTRING Z (-83.7546005005 38.6014670695 7.147, -83.7553782084 38.6015685531 7.189, -83.756454062 38.6017230929 7.247, -83.7572525612 38.601845236 7.29, -83.7577884485 38.6019333122 7.319, -83.7583996746 38.6020437959 7.352, -83.7587895202 38.6021225561 7.374, -83.7592521236 38.6022286241 7.4, -83.7596892715 38.6023441508 7.425, -83.7600999528 38.6024677469 7.449, -83.7604609431 38.6025910597 7.47, -83.7608932092 38.6027575847 7.496, -83.7611531905 38.6028630011 7.512, -83.7615693157 38.6030440838 7.538, -83.7619169416 38.6032086386 7.56, -83.7620260811 38.6032623715 7.567, -83.7624711782 38.6034980391 7.596, -83.7629334779 38.6037705201 7.627, -83.7630903897 38.6038695414 7.638, -83.7634008128 38.6040768643 7.66, -83.7637090346 38.6043009025 7.683, -83.7650311801 38.6053394287 7.785, -83.7697057486 38.6090440025 8.145, -83.7729691483 38.611618128 8.396, -83.7739766119 38.612419794 8.473, -83.7743638608 38.6127401413 8.504, -83.7749239614 38.6132188044 8.549, -83.7756619512 38.6138770116 8.609, -83.7791759767 38.6171304536 8.904, -83.7799617769 38.617849021 8.969, -83.7835769717 38.6211949017 9.274, -83.7854996729 38.6229665085 9.435, -83.7875919753 38.624892479 9.61, -83.7904789361 38.6275579206 9.853, -83.7921804013 38.629131047 9.992, -83.7928198981 38.6297133652 10.044, -83.7933002853 38.6301315759 10.082, -83.7936048615 38.6303815615 10.105, -83.7955199706 38.6318260493 10.245, -83.7957091882 38.6318991912 10.256)"
"District 09","Mason","09-80413.00","KY","9","KY-9","CONGESTION MITIGTN(O)","10.6","10.9","Improve the operational efficiency for northbound traffic on KY-9 (AA Highway) at the intersection with Kenton Station Drive (hospital entrance) (MP10.6-10.9) (2026CCN)","","2026","2026","D","SPP","180000","2026","","","","081-KY-0009-000","LINESTRING Z (-83.8004890404 38.6350934722 10.6, -83.8018371056 38.6359918152 10.697, -83.8021847049 38.6362191382 10.721, -83.8025078304 38.6364188707 10.744, -83.8027620467 38.6365633706 10.761, -83.8029878717 38.6366826884 10.776, -83.8034525103 38.6369069797 10.805, -83.8039326393 38.6371150444 10.835, -83.8043635385 38.6372783597 10.861, -83.804775096 38.6374185624 10.885, -83.8050269569 38.6374938896 10.9)"
"District 09","Mason","09-80413.00","KY","9","KY-9","CONGESTION MITIGTN(O)","10.6","10.9","Improve the operational efficiency for northbound traffic on KY-9 (AA Highway) at the intersection with Kenton Station Drive (hospital entrance) (MP10.6-10.9) (2026CCN)","","2026","2026","U","SPP","500000","2027","","","","081-KY-0009-000","LINESTRING Z (-83.8004890404 38.6350934722 10.6, -83.8018371056 38.6359918152 10.697, -83.8021847049 38.6362191382 10.721, -83.8025078304 38.6364188707 10.744, -83.8027620467 38.6365633706 10.761, -83.8029878717 38.6366826884 10.776, -83.8034525103 38.6369069797 10.805, -83.8039326393 38.6371150444 10.835, -83.8043635385 38.6372783597 10.861, -83.804775096 38.6374185624 10.885, -83.8050269569 38.6374938896 10.9)"
"District 09","Mason","09-80413.00","KY","9","KY-9","CONGESTION MITIGTN(O)","10.6","10.9","Improve the operational efficiency for northbound traffic on KY-9 (AA Highway) at the intersection with Kenton Station Drive (hospital entrance) (MP10.6-10.9) (2026CCN)","","2026","2026","R","SPP","250000","2027","","","","081-KY-0009-000","LINESTRING Z (-83.8004890404 38.6350934722 10.6, -83.8018371056 38.6359918152 10.697, -83.8021847049 38.6362191382 10.721, -83.8025078304 38.6364188707 10.744, -83.8027620467 38.6365633706 10.761, -83.8029878717 38.6366826884 10.776, -83.8034525103 38.6369069797 10.805, -83.8039326393 38.6371150444 10.835, -83.8043635385 38.6372783597 10.861, -83.804775096 38.6374185624 10.885, -83.8050269569 38.6374938896 10.9)"
"District 09","Mason","09-80413.00","KY","9","KY-9","CONGESTION MITIGTN(O)","10.6","10.9","Improve the operational efficiency for northbound traffic on KY-9 (AA Highway) at the intersection with Kenton Station Drive (hospital entrance) (MP10.6-10.9) (2026CCN)","","2026","2026","C","SPP","1000000","2029","","","","081-KY-0009-000","LINESTRING Z (-83.8004890404 38.6350934722 10.6, -83.8018371056 38.6359918152 10.697, -83.8021847049 38.6362191382 10.721, -83.8025078304 38.6364188707 10.744, -83.8027620467 38.6365633706 10.761, -83.8029878717 38.6366826884 10.776, -83.8034525103 38.6369069797 10.805, -83.8039326393 38.6371150444 10.835, -83.8043635385 38.6372783597 10.861, -83.804775096 38.6374185624 10.885, -83.8050269569 38.6374938896 10.9)"
"District 09","Mason","09-80414.00","KY","9","KY-9","SAFETY(P)","7.46","7.66","Improve safety and operational efficiency of intersection of KY 9 (AA Highway) and KY 11. (MP 7.46-7.66) (2026CCN)","","2026","2026","D","SPP","250000","2026","","","","081-KY-0009-000","LINESTRING Z (-83.7602890428 38.6025323394 7.46, -83.7604609431 38.6025910597 7.47, -83.7608932092 38.6027575847 7.496, -83.7611531905 38.6028630011 7.512, -83.7615693157 38.6030440838 7.538, -83.7619169416 38.6032086386 7.56, -83.7620260811 38.6032623715 7.567, -83.7624711782 38.6034980391 7.596, -83.7629334779 38.6037705201 7.627, -83.7630903897 38.6038695414 7.638, -83.7634008128 38.6040768643 7.66)"
"District 09","Mason","09-80414.00","KY","9","KY-9","SAFETY(P)","7.46","7.66","Improve safety and operational efficiency of intersection of KY 9 (AA Highway) and KY 11. (MP 7.46-7.66) (2026CCN)","","2026","2026","U","SPP","500000","2027","","","","081-KY-0009-000","LINESTRING Z (-83.7602890428 38.6025323394 7.46, -83.7604609431 38.6025910597 7.47, -83.7608932092 38.6027575847 7.496, -83.7611531905 38.6028630011 7.512, -83.7615693157 38.6030440838 7.538, -83.7619169416 38.6032086386 7.56, -83.7620260811 38.6032623715 7.567, -83.7624711782 38.6034980391 7.596, -83.7629334779 38.6037705201 7.627, -83.7630903897 38.6038695414 7.638, -83.7634008128 38.6040768643 7.66)"
"District 09","Mason","09-80414.00","KY","9","KY-9","SAFETY(P)","7.46","7.66","Improve safety and operational efficiency of intersection of KY 9 (AA Highway) and KY 11. (MP 7.46-7.66) (2026CCN)","","2026","2026","C","SPP","1000000","2027","","","","081-KY-0009-000","LINESTRING Z (-83.7602890428 38.6025323394 7.46, -83.7604609431 38.6025910597 7.47, -83.7608932092 38.6027575847 7.496, -83.7611531905 38.6028630011 7.512, -83.7615693157 38.6030440838 7.538, -83.7619169416 38.6032086386 7.56, -83.7620260811 38.6032623715 7.567, -83.7624711782 38.6034980391 7.596, -83.7629334779 38.6037705201 7.627, -83.7630903897 38.6038695414 7.638, -83.7634008128 38.6040768643 7.66)"
"District 09","Menifee","09-80406.00","KY","36","KY-36","SAFETY(P)","5.0","6.136","Improve safety and mobility on KY 36 from 0.1 miles south of Suiter Branch Rd. to the intersection with US 460 (MP 6.136). (2026CCN)","","2026","2026","D","SPP","2000000","2029","","","","083-KY-0036-000","LINESTRING Z (-83.614162642 37.9644354026 5, -83.6148500771 37.9626177001 5.13, -83.6153756286 37.9612287059 5.23, -83.6155992604 37.9606698895 5.27, -83.6157121643 37.9604367885 5.287, -83.6157909322 37.9603044344 5.297, -83.6158871177 37.9601696487 5.308, -83.6160272242 37.9600037924 5.321, -83.6161473662 37.9598804284 5.332, -83.616292564 37.959742409 5.344, -83.617517108 37.9586322471 5.445, -83.6184336013 37.9578200484 5.52, -83.619975738 37.9564862281 5.644, -83.6215719274 37.955092655 5.772, -83.6218503963 37.954855946 5.794, -83.6221164987 37.9546269793 5.816, -83.6240735957 37.9529135427 5.974, -83.6246211001 37.9524292284 6.018, -83.6248652381 37.9522034303 6.039, -83.6249700238 37.9520943395 6.048, -83.6250648021 37.9519834206 6.057, -83.6251622518 37.9518519471 6.068, -83.6252211868 37.9517568637 6.075, -83.6252882807 37.9516314345 6.084, -83.6253261202 37.9515461353 6.09, -83.6253822693 37.9513669427 6.103, -83.6254101805 37.9512528947 6.111, -83.6254248586 37.9511647046 6.117, -83.625455749 37.9508867123 6.136)"
"District 09","Menifee","09-80406.00","KY","36","KY-36","SAFETY(P)","5.0","6.136","Improve safety and mobility on KY 36 from 0.1 miles south of Suiter Branch Rd. to the intersection with US 460 (MP 6.136). (2026CCN)","","2026","2026","U","SPP","6500000","2031","","","","083-KY-0036-000","LINESTRING Z (-83.614162642 37.9644354026 5, -83.6148500771 37.9626177001 5.13, -83.6153756286 37.9612287059 5.23, -83.6155992604 37.9606698895 5.27, -83.6157121643 37.9604367885 5.287, -83.6157909322 37.9603044344 5.297, -83.6158871177 37.9601696487 5.308, -83.6160272242 37.9600037924 5.321, -83.6161473662 37.9598804284 5.332, -83.616292564 37.959742409 5.344, -83.617517108 37.9586322471 5.445, -83.6184336013 37.9578200484 5.52, -83.619975738 37.9564862281 5.644, -83.6215719274 37.955092655 5.772, -83.6218503963 37.954855946 5.794, -83.6221164987 37.9546269793 5.816, -83.6240735957 37.9529135427 5.974, -83.6246211001 37.9524292284 6.018, -83.6248652381 37.9522034303 6.039, -83.6249700238 37.9520943395 6.048, -83.6250648021 37.9519834206 6.057, -83.6251622518 37.9518519471 6.068, -83.6252211868 37.9517568637 6.075, -83.6252882807 37.9516314345 6.084, -83.6253261202 37.9515461353 6.09, -83.6253822693 37.9513669427 6.103, -83.6254101805 37.9512528947 6.111, -83.6254248586 37.9511647046 6.117, -83.625455749 37.9508867123 6.136)"
"District 09","Menifee","09-80406.00","KY","36","KY-36","SAFETY(P)","5.0","6.136","Improve safety and mobility on KY 36 from 0.1 miles south of Suiter Branch Rd. to the intersection with US 460 (MP 6.136). (2026CCN)","","2026","2026","C","SPP","16500000","2032","","","","083-KY-0036-000","LINESTRING Z (-83.614162642 37.9644354026 5, -83.6148500771 37.9626177001 5.13, -83.6153756286 37.9612287059 5.23, -83.6155992604 37.9606698895 5.27, -83.6157121643 37.9604367885 5.287, -83.6157909322 37.9603044344 5.297, -83.6158871177 37.9601696487 5.308, -83.6160272242 37.9600037924 5.321, -83.6161473662 37.9598804284 5.332, -83.616292564 37.959742409 5.344, -83.617517108 37.9586322471 5.445, -83.6184336013 37.9578200484 5.52, -83.619975738 37.9564862281 5.644, -83.6215719274 37.955092655 5.772, -83.6218503963 37.954855946 5.794, -83.6221164987 37.9546269793 5.816, -83.6240735957 37.9529135427 5.974, -83.6246211001 37.9524292284 6.018, -83.6248652381 37.9522034303 6.039, -83.6249700238 37.9520943395 6.048, -83.6250648021 37.9519834206 6.057, -83.6251622518 37.9518519471 6.068, -83.6252211868 37.9517568637 6.075, -83.6252882807 37.9516314345 6.084, -83.6253261202 37.9515461353 6.09, -83.6253822693 37.9513669427 6.103, -83.6254101805 37.9512528947 6.111, -83.6254248586 37.9511647046 6.117, -83.625455749 37.9508867123 6.136)"
"District 09","Menifee","09-80406.00","KY","36","KY-36","SAFETY(P)","5.0","6.136","Improve safety and mobility on KY 36 from 0.1 miles south of Suiter Branch Rd. to the intersection with US 460 (MP 6.136). (2026CCN)","","2026","2026","R","SPP","3250000","2030","","","","083-KY-0036-000","LINESTRING Z (-83.614162642 37.9644354026 5, -83.6148500771 37.9626177001 5.13, -83.6153756286 37.9612287059 5.23, -83.6155992604 37.9606698895 5.27, -83.6157121643 37.9604367885 5.287, -83.6157909322 37.9603044344 5.297, -83.6158871177 37.9601696487 5.308, -83.6160272242 37.9600037924 5.321, -83.6161473662 37.9598804284 5.332, -83.616292564 37.959742409 5.344, -83.617517108 37.9586322471 5.445, -83.6184336013 37.9578200484 5.52, -83.619975738 37.9564862281 5.644, -83.6215719274 37.955092655 5.772, -83.6218503963 37.954855946 5.794, -83.6221164987 37.9546269793 5.816, -83.6240735957 37.9529135427 5.974, -83.6246211001 37.9524292284 6.018, -83.6248652381 37.9522034303 6.039, -83.6249700238 37.9520943395 6.048, -83.6250648021 37.9519834206 6.057, -83.6251622518 37.9518519471 6.068, -83.6252211868 37.9517568637 6.075, -83.6252882807 37.9516314345 6.084, -83.6253261202 37.9515461353 6.09, -83.6253822693 37.9513669427 6.103, -83.6254101805 37.9512528947 6.111, -83.6254248586 37.9511647046 6.117, -83.625455749 37.9508867123 6.136)"
"District 09","Nicholas","09-00205.00","KY","36","KY-36","SAFETY(P)","3.1","3.283","IMPROVE THE KY-36/KY-32 INTERSECTION NEAR THE NICHOLAS COUNTY SCHOOL PROPERTY (12CCR)(16CCR)(2020CCR) (2022CCR) (2024CCR)","","2012","2026","C","STP2","6720000","2030","","","","091-KY-0036-000","LINESTRING Z (-84.0543261757 38.3145636442 3.1, -84.0542646783 38.3145368962 3.104, -84.0539341311 38.3143739634 3.125, -84.0537734038 38.3142843226 3.136, -84.0536180308 38.314189264 3.146, -84.0534680181 38.3140885155 3.157, -84.0531808443 38.3138740167 3.179, -84.0529047348 38.313648416 3.2, -84.0521154267 38.3129729923 3.264, -84.0518686804 38.3127728949 3.283)"
"District 09","Nicholas","09-00205.00","KY","36","KY-36","SAFETY(P)","3.1","3.283","IMPROVE THE KY-36/KY-32 INTERSECTION NEAR THE NICHOLAS COUNTY SCHOOL PROPERTY (12CCR)(16CCR)(2020CCR) (2022CCR) (2024CCR)","","2012","2026","R","STP2","2100000","2026","","","","091-KY-0036-000","LINESTRING Z (-84.0543261757 38.3145636442 3.1, -84.0542646783 38.3145368962 3.104, -84.0539341311 38.3143739634 3.125, -84.0537734038 38.3142843226 3.136, -84.0536180308 38.314189264 3.146, -84.0534680181 38.3140885155 3.157, -84.0531808443 38.3138740167 3.179, -84.0529047348 38.313648416 3.2, -84.0521154267 38.3129729923 3.264, -84.0518686804 38.3127728949 3.283)"
"District 09","Nicholas","09-00205.00","KY","36","KY-36","SAFETY(P)","3.1","3.283","IMPROVE THE KY-36/KY-32 INTERSECTION NEAR THE NICHOLAS COUNTY SCHOOL PROPERTY (12CCR)(16CCR)(2020CCR) (2022CCR) (2024CCR)","","2012","2026","U","STP2","1620000","2029","","","","091-KY-0036-000","LINESTRING Z (-84.0543261757 38.3145636442 3.1, -84.0542646783 38.3145368962 3.104, -84.0539341311 38.3143739634 3.125, -84.0537734038 38.3142843226 3.136, -84.0536180308 38.314189264 3.146, -84.0534680181 38.3140885155 3.157, -84.0531808443 38.3138740167 3.179, -84.0529047348 38.313648416 3.2, -84.0521154267 38.3129729923 3.264, -84.0518686804 38.3127728949 3.283)"
"District 09","Nicholas","09-08811.00","KY","36","KY-36","RECONSTRUCTION(O)","8.835","9.065","RECONSTRUCT KY 36/KY 928 INTERSECTION. (14CCN)(16CCR)(18CCN) (2024CCR)","","2014","2026","R","SPP","440000","2029","","","","091-KY-0036-000","LINESTRING Z (-83.9540732875 38.2970347545 8.835, -83.9532353914 38.2969923356 8.88, -83.9528148003 38.2969606843 8.903, -83.9521953996 38.2968925035 8.937, -83.9515231052 38.2968067622 8.974, -83.9505192648 38.2966824703 9.029, -83.9498662714 38.2966065084 9.065)"
"District 09","Nicholas","09-08811.00","KY","36","KY-36","RECONSTRUCTION(O)","8.835","9.065","RECONSTRUCT KY 36/KY 928 INTERSECTION. (14CCN)(16CCR)(18CCN) (2024CCR)","","2014","2026","C","SPP","1680000","2030","","","","091-KY-0036-000","LINESTRING Z (-83.9540732875 38.2970347545 8.835, -83.9532353914 38.2969923356 8.88, -83.9528148003 38.2969606843 8.903, -83.9521953996 38.2968925035 8.937, -83.9515231052 38.2968067622 8.974, -83.9505192648 38.2966824703 9.029, -83.9498662714 38.2966065084 9.065)"
"District 09","Nicholas","09-10103.00","KY","32","KY-32","AM-BRIDGE (P)","1.354","1.358","ADDRESS DEFICIENCIES OF BRIDGE ON KY 32 OVER TRIB-HOOKTOWN BRANCH (091B00031N)","091B00031N","2024","2026","C","BRX","392122","2027","","","","091-KY-0032-000","LINESTRING Z (-84.1444826743 38.3611865056 1.354, -84.1444087622 38.3611947006 1.358)"
"District 09","Nicholas","09-10103.00","KY","32","KY-32","AM-BRIDGE (P)","1.354","1.358","ADDRESS DEFICIENCIES OF BRIDGE ON KY 32 OVER TRIB-HOOKTOWN BRANCH (091B00031N)","091B00031N","2024","2026","D","BRX","58818","2027","","","","091-KY-0032-000","LINESTRING Z (-84.1444826743 38.3611865056 1.354, -84.1444087622 38.3611947006 1.358)"
"District 09","Nicholas","09-22360.00","US","68","US-68","AM-PAVEMENT (PRI)(P)","10.732","12.132","ADDRESS CONDITION OF US-68 FROM MILEPOINT 10.73 TO MILEPOINT 12.13","","2022","2026","D","STP4","121600","2029","","","","091-US-0068-000","LINESTRING Z (-84.0137738116 38.4048456684 10.732, -84.0130978146 38.4065297804 10.851, -84.012935034 38.4069187677 10.879, -84.0127570759 38.4073001177 10.906, -84.0125548198 38.4076756174 10.934, -84.0124432623 38.4078615666 10.948, -84.0123240679 38.4080457558 10.962, -84.0121211029 38.4083330831 10.984, -84.0119284482 38.408582934 11.005, -84.0117847107 38.4087568763 11.02, -84.0114799493 38.4090976394 11.05, -84.0111520346 38.4094284496 11.08, -84.010980349 38.4095885228 11.095, -84.010803539 38.4097438523 11.11, -84.0106226577 38.4098941778 11.124, -84.0095263835 38.4107583349 11.212, -84.0063596613 38.4132152218 11.462, -84.0056375891 38.4137816358 11.52, -84.0043559619 38.4147726535 11.621, -84.0034997995 38.4154422708 11.689, -84.0032472372 38.4156404162 11.709, -83.9974531487 38.4201485177 12.132)"
"District 09","Nicholas","09-22360.00","US","68","US-68","AM-PAVEMENT (PRI)(P)","10.732","12.132","ADDRESS CONDITION OF US-68 FROM MILEPOINT 10.73 TO MILEPOINT 12.13","","2022","2026","C","STP4","1398400","2029","","","","091-US-0068-000","LINESTRING Z (-84.0137738116 38.4048456684 10.732, -84.0130978146 38.4065297804 10.851, -84.012935034 38.4069187677 10.879, -84.0127570759 38.4073001177 10.906, -84.0125548198 38.4076756174 10.934, -84.0124432623 38.4078615666 10.948, -84.0123240679 38.4080457558 10.962, -84.0121211029 38.4083330831 10.984, -84.0119284482 38.408582934 11.005, -84.0117847107 38.4087568763 11.02, -84.0114799493 38.4090976394 11.05, -84.0111520346 38.4094284496 11.08, -84.010980349 38.4095885228 11.095, -84.010803539 38.4097438523 11.11, -84.0106226577 38.4098941778 11.124, -84.0095263835 38.4107583349 11.212, -84.0063596613 38.4132152218 11.462, -84.0056375891 38.4137816358 11.52, -84.0043559619 38.4147726535 11.621, -84.0034997995 38.4154422708 11.689, -84.0032472372 38.4156404162 11.709, -83.9974531487 38.4201485177 12.132)"
"District 09","Nicholas","09-80306.00","KY","36","KY-36","SAFETY(P)","0.86","3.91","Improve safety, geometric deficiencies, and promote connectivity along KY-36 between US-68 (mile-point 0.864) and KY-13 (mile-point 3.910). (2024CCN)","","2024","2026","U","SPP","4640000","2031","","","","091-KY-0036-000","LINESTRING Z (-84.091055515 38.3250379918 0.86, -84.0910873261 38.324985623 0.864, -84.0911753791 38.3246679884 0.886, -84.0912508375 38.3243677546 0.907, -84.0913527102 38.3239629733 0.936, -84.0913610342 38.3238103846 0.947, -84.0913362984 38.3236551362 0.958, -84.0913220462 38.3236068729 0.961, -84.0912563898 38.3234573682 0.972, -84.0912022094 38.3233709185 0.979, -84.0910788161 38.3232307663 0.99, -84.0909291306 38.3231124934 1.002, -84.0908610397 38.3230708912 1.007, -84.0907373125 38.3230073619 1.015, -84.0906837681 38.3229854635 1.018, -84.0905481135 38.3229407177 1.026, -84.0904604005 38.32291889 1.031, -84.0896157611 38.3227752214 1.078, -84.0876614573 38.3224602518 1.185, -84.0865913823 38.3222804385 1.245, -84.08081688 38.3213318577 1.565, -84.0792010019 38.3210701293 1.654, -84.0787447423 38.3209892621 1.68, -84.0785198408 38.3209448912 1.692, -84.07829955 38.3208970137 1.704, -84.0778724394 38.3207915609 1.729, -84.0774529605 38.3206724821 1.753, -84.0772445915 38.3206063699 1.765, -84.0768336808 38.3204632409 1.789, -84.0757971158 38.3200849558 1.851, -84.0735325043 38.3192418794 1.986, -84.0715545581 38.3185187235 2.104, -84.0646495614 38.315961164 2.517, -84.0636127485 38.3155838651 2.579, -84.0632738424 38.3154650584 2.599, -84.0628225567 38.3153215789 2.626, -84.0624047315 38.3152087866 2.65, -84.0615590318 38.3150110686 2.698, -84.0609713761 38.3148859617 2.731, -84.0607551141 38.3148460739 2.743, -84.0605609283 38.3148163887 2.754, -84.0603665922 38.3147932916 2.764, -84.0601707036 38.3147770389 2.775, -84.0599725926 38.3147665223 2.786, -84.0597732963 38.3147620301 2.797, -84.0596390402 38.3147639588 2.804, -84.0593724821 38.3147738867 2.819, -84.0591709891 38.3147891376 2.83, -84.0589679694 38.314810134 2.841, -84.058208163 38.3149099673 2.883, -84.0577284342 38.3149728758 2.909, -84.0573142456 38.3150205138 2.932, -84.0571078224 38.3150378877 2.943, -84.0569022532 38.3150484069 2.954, -84.0566971971 38.3150517928 2.965, -84.0564940352 38.3150486131 2.976, -84.0562927627 38.3150391435 2.987, -84.0560940867 38.3150228433 2.998, -84.0558778721 38.3149961315 3.01, -84.0555243975 38.31493532 3.03, -84.055338811 38.3148955866 3.04, -84.0551526678 38.3148498022 3.051, -84.0549677039 38.3147982676 3.061, -84.0547853052 38.3147412752 3.072, -84.0546072223 38.3146785775 3.083, -84.0544337962 38.3146104531 3.093, -84.0542646783 38.3145368962 3.104, -84.0539341311 38.3143739634 3.125, -84.0537734038 38.3142843226 3.136, -84.0536180308 38.314189264 3.146, -84.0534680181 38.3140885155 3.157, -84.0531808443 38.3138740167 3.179, -84.0529047348 38.313648416 3.2, -84.0521154267 38.3129729923 3.264, -84.0518427072 38.312751832 3.285, -84.0517018621 38.3126468179 3.296, -84.0515553022 38.3125477634 3.306, -84.0514023311 38.3124546594 3.317, -84.0512422576 38.312367221 3.327, -84.0511371151 38.3123162756 3.334, -84.050903166 38.3122126711 3.348, -84.0507248833 38.3121439218 3.359, -84.0505412092 38.3120822358 3.369, -84.0503521483 38.3120273381 3.38, -84.0500692174 38.3119617553 3.396, -84.0499588803 38.3119395725 3.402, -84.049753948 38.311907792 3.413, -84.0495467606 38.31188312 3.425, -84.049128964 38.311846084 3.448, -84.0457954181 38.3115907985 3.628, -84.045245744 38.3115587173 3.658, -84.045070122 38.3115559151 3.667, -84.0448992067 38.3115605949 3.677, -84.044731952 38.3115727438 3.686, -84.0445655646 38.3115925948 3.695, -84.0443982887 38.3116206727 3.704, -84.0442304611 38.3116575304 3.713, -84.0438992054 38.3117519086 3.732, -84.0433986324 38.3119171789 3.761, -84.0428894459 38.3120930341 3.791, -84.0408756227 38.3127989607 3.91)"
"District 09","Nicholas","09-80306.00","KY","36","KY-36","SAFETY(P)","0.86","3.91","Improve safety, geometric deficiencies, and promote connectivity along KY-36 between US-68 (mile-point 0.864) and KY-13 (mile-point 3.910). (2024CCN)","","2024","2026","R","SPP","3600000","2030","","","","091-KY-0036-000","LINESTRING Z (-84.091055515 38.3250379918 0.86, -84.0910873261 38.324985623 0.864, -84.0911753791 38.3246679884 0.886, -84.0912508375 38.3243677546 0.907, -84.0913527102 38.3239629733 0.936, -84.0913610342 38.3238103846 0.947, -84.0913362984 38.3236551362 0.958, -84.0913220462 38.3236068729 0.961, -84.0912563898 38.3234573682 0.972, -84.0912022094 38.3233709185 0.979, -84.0910788161 38.3232307663 0.99, -84.0909291306 38.3231124934 1.002, -84.0908610397 38.3230708912 1.007, -84.0907373125 38.3230073619 1.015, -84.0906837681 38.3229854635 1.018, -84.0905481135 38.3229407177 1.026, -84.0904604005 38.32291889 1.031, -84.0896157611 38.3227752214 1.078, -84.0876614573 38.3224602518 1.185, -84.0865913823 38.3222804385 1.245, -84.08081688 38.3213318577 1.565, -84.0792010019 38.3210701293 1.654, -84.0787447423 38.3209892621 1.68, -84.0785198408 38.3209448912 1.692, -84.07829955 38.3208970137 1.704, -84.0778724394 38.3207915609 1.729, -84.0774529605 38.3206724821 1.753, -84.0772445915 38.3206063699 1.765, -84.0768336808 38.3204632409 1.789, -84.0757971158 38.3200849558 1.851, -84.0735325043 38.3192418794 1.986, -84.0715545581 38.3185187235 2.104, -84.0646495614 38.315961164 2.517, -84.0636127485 38.3155838651 2.579, -84.0632738424 38.3154650584 2.599, -84.0628225567 38.3153215789 2.626, -84.0624047315 38.3152087866 2.65, -84.0615590318 38.3150110686 2.698, -84.0609713761 38.3148859617 2.731, -84.0607551141 38.3148460739 2.743, -84.0605609283 38.3148163887 2.754, -84.0603665922 38.3147932916 2.764, -84.0601707036 38.3147770389 2.775, -84.0599725926 38.3147665223 2.786, -84.0597732963 38.3147620301 2.797, -84.0596390402 38.3147639588 2.804, -84.0593724821 38.3147738867 2.819, -84.0591709891 38.3147891376 2.83, -84.0589679694 38.314810134 2.841, -84.058208163 38.3149099673 2.883, -84.0577284342 38.3149728758 2.909, -84.0573142456 38.3150205138 2.932, -84.0571078224 38.3150378877 2.943, -84.0569022532 38.3150484069 2.954, -84.0566971971 38.3150517928 2.965, -84.0564940352 38.3150486131 2.976, -84.0562927627 38.3150391435 2.987, -84.0560940867 38.3150228433 2.998, -84.0558778721 38.3149961315 3.01, -84.0555243975 38.31493532 3.03, -84.055338811 38.3148955866 3.04, -84.0551526678 38.3148498022 3.051, -84.0549677039 38.3147982676 3.061, -84.0547853052 38.3147412752 3.072, -84.0546072223 38.3146785775 3.083, -84.0544337962 38.3146104531 3.093, -84.0542646783 38.3145368962 3.104, -84.0539341311 38.3143739634 3.125, -84.0537734038 38.3142843226 3.136, -84.0536180308 38.314189264 3.146, -84.0534680181 38.3140885155 3.157, -84.0531808443 38.3138740167 3.179, -84.0529047348 38.313648416 3.2, -84.0521154267 38.3129729923 3.264, -84.0518427072 38.312751832 3.285, -84.0517018621 38.3126468179 3.296, -84.0515553022 38.3125477634 3.306, -84.0514023311 38.3124546594 3.317, -84.0512422576 38.312367221 3.327, -84.0511371151 38.3123162756 3.334, -84.050903166 38.3122126711 3.348, -84.0507248833 38.3121439218 3.359, -84.0505412092 38.3120822358 3.369, -84.0503521483 38.3120273381 3.38, -84.0500692174 38.3119617553 3.396, -84.0499588803 38.3119395725 3.402, -84.049753948 38.311907792 3.413, -84.0495467606 38.31188312 3.425, -84.049128964 38.311846084 3.448, -84.0457954181 38.3115907985 3.628, -84.045245744 38.3115587173 3.658, -84.045070122 38.3115559151 3.667, -84.0448992067 38.3115605949 3.677, -84.044731952 38.3115727438 3.686, -84.0445655646 38.3115925948 3.695, -84.0443982887 38.3116206727 3.704, -84.0442304611 38.3116575304 3.713, -84.0438992054 38.3117519086 3.732, -84.0433986324 38.3119171789 3.761, -84.0428894459 38.3120930341 3.791, -84.0408756227 38.3127989607 3.91)"
"District 09","Nicholas","09-80306.00","KY","36","KY-36","SAFETY(P)","0.86","3.91","Improve safety, geometric deficiencies, and promote connectivity along KY-36 between US-68 (mile-point 0.864) and KY-13 (mile-point 3.910). (2024CCN)","","2024","2026","D","SPP","2430000","2029","","","","091-KY-0036-000","LINESTRING Z (-84.091055515 38.3250379918 0.86, -84.0910873261 38.324985623 0.864, -84.0911753791 38.3246679884 0.886, -84.0912508375 38.3243677546 0.907, -84.0913527102 38.3239629733 0.936, -84.0913610342 38.3238103846 0.947, -84.0913362984 38.3236551362 0.958, -84.0913220462 38.3236068729 0.961, -84.0912563898 38.3234573682 0.972, -84.0912022094 38.3233709185 0.979, -84.0910788161 38.3232307663 0.99, -84.0909291306 38.3231124934 1.002, -84.0908610397 38.3230708912 1.007, -84.0907373125 38.3230073619 1.015, -84.0906837681 38.3229854635 1.018, -84.0905481135 38.3229407177 1.026, -84.0904604005 38.32291889 1.031, -84.0896157611 38.3227752214 1.078, -84.0876614573 38.3224602518 1.185, -84.0865913823 38.3222804385 1.245, -84.08081688 38.3213318577 1.565, -84.0792010019 38.3210701293 1.654, -84.0787447423 38.3209892621 1.68, -84.0785198408 38.3209448912 1.692, -84.07829955 38.3208970137 1.704, -84.0778724394 38.3207915609 1.729, -84.0774529605 38.3206724821 1.753, -84.0772445915 38.3206063699 1.765, -84.0768336808 38.3204632409 1.789, -84.0757971158 38.3200849558 1.851, -84.0735325043 38.3192418794 1.986, -84.0715545581 38.3185187235 2.104, -84.0646495614 38.315961164 2.517, -84.0636127485 38.3155838651 2.579, -84.0632738424 38.3154650584 2.599, -84.0628225567 38.3153215789 2.626, -84.0624047315 38.3152087866 2.65, -84.0615590318 38.3150110686 2.698, -84.0609713761 38.3148859617 2.731, -84.0607551141 38.3148460739 2.743, -84.0605609283 38.3148163887 2.754, -84.0603665922 38.3147932916 2.764, -84.0601707036 38.3147770389 2.775, -84.0599725926 38.3147665223 2.786, -84.0597732963 38.3147620301 2.797, -84.0596390402 38.3147639588 2.804, -84.0593724821 38.3147738867 2.819, -84.0591709891 38.3147891376 2.83, -84.0589679694 38.314810134 2.841, -84.058208163 38.3149099673 2.883, -84.0577284342 38.3149728758 2.909, -84.0573142456 38.3150205138 2.932, -84.0571078224 38.3150378877 2.943, -84.0569022532 38.3150484069 2.954, -84.0566971971 38.3150517928 2.965, -84.0564940352 38.3150486131 2.976, -84.0562927627 38.3150391435 2.987, -84.0560940867 38.3150228433 2.998, -84.0558778721 38.3149961315 3.01, -84.0555243975 38.31493532 3.03, -84.055338811 38.3148955866 3.04, -84.0551526678 38.3148498022 3.051, -84.0549677039 38.3147982676 3.061, -84.0547853052 38.3147412752 3.072, -84.0546072223 38.3146785775 3.083, -84.0544337962 38.3146104531 3.093, -84.0542646783 38.3145368962 3.104, -84.0539341311 38.3143739634 3.125, -84.0537734038 38.3142843226 3.136, -84.0536180308 38.314189264 3.146, -84.0534680181 38.3140885155 3.157, -84.0531808443 38.3138740167 3.179, -84.0529047348 38.313648416 3.2, -84.0521154267 38.3129729923 3.264, -84.0518427072 38.312751832 3.285, -84.0517018621 38.3126468179 3.296, -84.0515553022 38.3125477634 3.306, -84.0514023311 38.3124546594 3.317, -84.0512422576 38.312367221 3.327, -84.0511371151 38.3123162756 3.334, -84.050903166 38.3122126711 3.348, -84.0507248833 38.3121439218 3.359, -84.0505412092 38.3120822358 3.369, -84.0503521483 38.3120273381 3.38, -84.0500692174 38.3119617553 3.396, -84.0499588803 38.3119395725 3.402, -84.049753948 38.311907792 3.413, -84.0495467606 38.31188312 3.425, -84.049128964 38.311846084 3.448, -84.0457954181 38.3115907985 3.628, -84.045245744 38.3115587173 3.658, -84.045070122 38.3115559151 3.667, -84.0448992067 38.3115605949 3.677, -84.044731952 38.3115727438 3.686, -84.0445655646 38.3115925948 3.695, -84.0443982887 38.3116206727 3.704, -84.0442304611 38.3116575304 3.713, -84.0438992054 38.3117519086 3.732, -84.0433986324 38.3119171789 3.761, -84.0428894459 38.3120930341 3.791, -84.0408756227 38.3127989607 3.91)"
"District 09","Nicholas","09-80306.00","KY","36","KY-36","SAFETY(P)","0.86","3.91","Improve safety, geometric deficiencies, and promote connectivity along KY-36 between US-68 (mile-point 0.864) and KY-13 (mile-point 3.910). (2024CCN)","","2024","2026","C","SPP","29760000","2032","","","","091-KY-0036-000","LINESTRING Z (-84.091055515 38.3250379918 0.86, -84.0910873261 38.324985623 0.864, -84.0911753791 38.3246679884 0.886, -84.0912508375 38.3243677546 0.907, -84.0913527102 38.3239629733 0.936, -84.0913610342 38.3238103846 0.947, -84.0913362984 38.3236551362 0.958, -84.0913220462 38.3236068729 0.961, -84.0912563898 38.3234573682 0.972, -84.0912022094 38.3233709185 0.979, -84.0910788161 38.3232307663 0.99, -84.0909291306 38.3231124934 1.002, -84.0908610397 38.3230708912 1.007, -84.0907373125 38.3230073619 1.015, -84.0906837681 38.3229854635 1.018, -84.0905481135 38.3229407177 1.026, -84.0904604005 38.32291889 1.031, -84.0896157611 38.3227752214 1.078, -84.0876614573 38.3224602518 1.185, -84.0865913823 38.3222804385 1.245, -84.08081688 38.3213318577 1.565, -84.0792010019 38.3210701293 1.654, -84.0787447423 38.3209892621 1.68, -84.0785198408 38.3209448912 1.692, -84.07829955 38.3208970137 1.704, -84.0778724394 38.3207915609 1.729, -84.0774529605 38.3206724821 1.753, -84.0772445915 38.3206063699 1.765, -84.0768336808 38.3204632409 1.789, -84.0757971158 38.3200849558 1.851, -84.0735325043 38.3192418794 1.986, -84.0715545581 38.3185187235 2.104, -84.0646495614 38.315961164 2.517, -84.0636127485 38.3155838651 2.579, -84.0632738424 38.3154650584 2.599, -84.0628225567 38.3153215789 2.626, -84.0624047315 38.3152087866 2.65, -84.0615590318 38.3150110686 2.698, -84.0609713761 38.3148859617 2.731, -84.0607551141 38.3148460739 2.743, -84.0605609283 38.3148163887 2.754, -84.0603665922 38.3147932916 2.764, -84.0601707036 38.3147770389 2.775, -84.0599725926 38.3147665223 2.786, -84.0597732963 38.3147620301 2.797, -84.0596390402 38.3147639588 2.804, -84.0593724821 38.3147738867 2.819, -84.0591709891 38.3147891376 2.83, -84.0589679694 38.314810134 2.841, -84.058208163 38.3149099673 2.883, -84.0577284342 38.3149728758 2.909, -84.0573142456 38.3150205138 2.932, -84.0571078224 38.3150378877 2.943, -84.0569022532 38.3150484069 2.954, -84.0566971971 38.3150517928 2.965, -84.0564940352 38.3150486131 2.976, -84.0562927627 38.3150391435 2.987, -84.0560940867 38.3150228433 2.998, -84.0558778721 38.3149961315 3.01, -84.0555243975 38.31493532 3.03, -84.055338811 38.3148955866 3.04, -84.0551526678 38.3148498022 3.051, -84.0549677039 38.3147982676 3.061, -84.0547853052 38.3147412752 3.072, -84.0546072223 38.3146785775 3.083, -84.0544337962 38.3146104531 3.093, -84.0542646783 38.3145368962 3.104, -84.0539341311 38.3143739634 3.125, -84.0537734038 38.3142843226 3.136, -84.0536180308 38.314189264 3.146, -84.0534680181 38.3140885155 3.157, -84.0531808443 38.3138740167 3.179, -84.0529047348 38.313648416 3.2, -84.0521154267 38.3129729923 3.264, -84.0518427072 38.312751832 3.285, -84.0517018621 38.3126468179 3.296, -84.0515553022 38.3125477634 3.306, -84.0514023311 38.3124546594 3.317, -84.0512422576 38.312367221 3.327, -84.0511371151 38.3123162756 3.334, -84.050903166 38.3122126711 3.348, -84.0507248833 38.3121439218 3.359, -84.0505412092 38.3120822358 3.369, -84.0503521483 38.3120273381 3.38, -84.0500692174 38.3119617553 3.396, -84.0499588803 38.3119395725 3.402, -84.049753948 38.311907792 3.413, -84.0495467606 38.31188312 3.425, -84.049128964 38.311846084 3.448, -84.0457954181 38.3115907985 3.628, -84.045245744 38.3115587173 3.658, -84.045070122 38.3115559151 3.667, -84.0448992067 38.3115605949 3.677, -84.044731952 38.3115727438 3.686, -84.0445655646 38.3115925948 3.695, -84.0443982887 38.3116206727 3.704, -84.0442304611 38.3116575304 3.713, -84.0438992054 38.3117519086 3.732, -84.0433986324 38.3119171789 3.761, -84.0428894459 38.3120930341 3.791, -84.0408756227 38.3127989607 3.91)"
"District 09","Nicholas","09-80407.00","KY","386","KY-386","ECONOMIC DEVEL(O)","4.6","5.442","Improve access along KY 386 (Carpenter Pike) from US 68 to new industrial site. (2026CCN)","","2026","2026","U","SPP","830000","2030","","","","091-KY-0386-000","LINESTRING Z (-84.1156551432 38.3095168328 4.6, -84.1167406199 38.3100653151 4.67, -84.1187799969 38.3110766679 4.801, -84.1193077293 38.3113602334 4.836, -84.1196510796 38.3115646307 4.859, -84.1198173673 38.3116740327 4.871, -84.1201444734 38.311903747 4.894, -84.1203070333 38.3120240838 4.907, -84.1206231097 38.3122797364 4.931, -84.120930967 38.3125446139 4.956, -84.1213709319 38.3129357228 4.992, -84.1219082343 38.3134336336 5.037, -84.1230122492 38.3144402889 5.128, -84.1234714071 38.3148473082 5.166, -84.123900471 38.3152124406 5.2, -84.1240747681 38.3153543554 5.214, -84.1244790664 38.3156573494 5.244, -84.1251790532 38.3161937305 5.297, -84.1265267119 38.3172531288 5.4, -84.1267078559 38.3174011759 5.414, -84.1269188092 38.3175570462 5.43, -84.1270533098 38.3177019811 5.442)"
"District 09","Nicholas","09-80407.00","KY","386","KY-386","ECONOMIC DEVEL(O)","4.6","5.442","Improve access along KY 386 (Carpenter Pike) from US 68 to new industrial site. (2026CCN)","","2026","2026","R","SPP","625000","2030","","","","091-KY-0386-000","LINESTRING Z (-84.1156551432 38.3095168328 4.6, -84.1167406199 38.3100653151 4.67, -84.1187799969 38.3110766679 4.801, -84.1193077293 38.3113602334 4.836, -84.1196510796 38.3115646307 4.859, -84.1198173673 38.3116740327 4.871, -84.1201444734 38.311903747 4.894, -84.1203070333 38.3120240838 4.907, -84.1206231097 38.3122797364 4.931, -84.120930967 38.3125446139 4.956, -84.1213709319 38.3129357228 4.992, -84.1219082343 38.3134336336 5.037, -84.1230122492 38.3144402889 5.128, -84.1234714071 38.3148473082 5.166, -84.123900471 38.3152124406 5.2, -84.1240747681 38.3153543554 5.214, -84.1244790664 38.3156573494 5.244, -84.1251790532 38.3161937305 5.297, -84.1265267119 38.3172531288 5.4, -84.1267078559 38.3174011759 5.414, -84.1269188092 38.3175570462 5.43, -84.1270533098 38.3177019811 5.442)"
"District 09","Nicholas","09-80407.00","KY","386","KY-386","ECONOMIC DEVEL(O)","4.6","5.442","Improve access along KY 386 (Carpenter Pike) from US 68 to new industrial site. (2026CCN)","","2026","2026","D","SPP","750000","2027","","","","091-KY-0386-000","LINESTRING Z (-84.1156551432 38.3095168328 4.6, -84.1167406199 38.3100653151 4.67, -84.1187799969 38.3110766679 4.801, -84.1193077293 38.3113602334 4.836, -84.1196510796 38.3115646307 4.859, -84.1198173673 38.3116740327 4.871, -84.1201444734 38.311903747 4.894, -84.1203070333 38.3120240838 4.907, -84.1206231097 38.3122797364 4.931, -84.120930967 38.3125446139 4.956, -84.1213709319 38.3129357228 4.992, -84.1219082343 38.3134336336 5.037, -84.1230122492 38.3144402889 5.128, -84.1234714071 38.3148473082 5.166, -84.123900471 38.3152124406 5.2, -84.1240747681 38.3153543554 5.214, -84.1244790664 38.3156573494 5.244, -84.1251790532 38.3161937305 5.297, -84.1265267119 38.3172531288 5.4, -84.1267078559 38.3174011759 5.414, -84.1269188092 38.3175570462 5.43, -84.1270533098 38.3177019811 5.442)"
"District 09","Nicholas","09-80407.00","KY","386","KY-386","ECONOMIC DEVEL(O)","4.6","5.442","Improve access along KY 386 (Carpenter Pike) from US 68 to new industrial site. (2026CCN)","","2026","2026","C","SPP","1750000","2031","","","","091-KY-0386-000","LINESTRING Z (-84.1156551432 38.3095168328 4.6, -84.1167406199 38.3100653151 4.67, -84.1187799969 38.3110766679 4.801, -84.1193077293 38.3113602334 4.836, -84.1196510796 38.3115646307 4.859, -84.1198173673 38.3116740327 4.871, -84.1201444734 38.311903747 4.894, -84.1203070333 38.3120240838 4.907, -84.1206231097 38.3122797364 4.931, -84.120930967 38.3125446139 4.956, -84.1213709319 38.3129357228 4.992, -84.1219082343 38.3134336336 5.037, -84.1230122492 38.3144402889 5.128, -84.1234714071 38.3148473082 5.166, -84.123900471 38.3152124406 5.2, -84.1240747681 38.3153543554 5.214, -84.1244790664 38.3156573494 5.244, -84.1251790532 38.3161937305 5.297, -84.1265267119 38.3172531288 5.4, -84.1267078559 38.3174011759 5.414, -84.1269188092 38.3175570462 5.43, -84.1270533098 38.3177019811 5.442)"
"District 09","Rowan","09-00204.00","KY","32","KY-32","RECONSTRUCTION","2.235","4.157","IMPROVE KY-32 FROM PARK HILLS DRIVE TO VIKING DRIVE NORTH. (12CCR)(18CCR) (2020CCR) (2022CCR) (2024CCR)","","2012","2026","C","HGC","27460000","2026","2026-05-21","Awarded","1","103-KY-0032-000","LINESTRING Z (-83.4972994725 38.2305760368 2.235, -83.4972591642 38.2305448383 2.238, -83.49511912 38.2288877613 2.403, -83.4943065328 38.2282676659 2.464, -83.4932180921 38.2274112837 2.547, -83.491526645 38.2261090859 2.675, -83.4900471907 38.2249699609 2.786, -83.4894283782 38.2244719254 2.834, -83.4891781219 38.2242528794 2.854, -83.4890290844 38.2241055412 2.867, -83.4888348012 38.2238894875 2.885, -83.4887310954 38.2237627938 2.896, -83.4885641604 38.2235406701 2.914, -83.4880471518 38.2227333438 2.976, -83.4873860536 38.2216749336 3.058, -83.4870775509 38.2211990273 3.095, -83.4868915977 38.2209276409 3.117, -83.4867962936 38.2207997323 3.127, -83.4865422463 38.220478147 3.153, -83.4864295606 38.2203493557 3.164, -83.4861048602 38.2199929037 3.195, -83.4859489286 38.2198437807 3.208, -83.4854923451 38.2194282148 3.247, -83.4847640767 38.2187896106 3.307, -83.4832901284 38.2175137007 3.428, -83.4821243666 38.2164977763 3.523, -83.4802612424 38.2148833531 3.673, -83.4799222394 38.2145746807 3.701, -83.4797002124 38.2143454419 3.721, -83.4794996577 38.2141086487 3.74, -83.4793712314 38.2139377939 3.754, -83.4792356992 38.2137376853 3.77, -83.47908561 38.2134790602 3.789, -83.4790052465 38.2133190171 3.801, -83.4788986366 38.2130730389 3.819, -83.4787768225 38.2127330981 3.843, -83.4786116933 38.21225113 3.878, -83.4785169931 38.2120141709 3.895, -83.478445544 38.2118586936 3.906, -83.4783061876 38.2116021966 3.925, -83.4780650726 38.2112248007 3.955, -83.477894498 38.2109872078 3.974, -83.4778067588 38.2108745439 3.983, -83.477623882 38.2106633593 4, -83.4775402433 38.2105757714 4.008, -83.4772400467 38.2102741539 4.034, -83.4767048573 38.2097581494 4.08, -83.4757923891 38.2088914418 4.157)"
"District 09","Rowan","09-00234.00","KY","801","KY-801","NEW ROUTE","15.61","17.011","Extend KY 801 from its intersection with KY 158 at Sharkey to KY 32 near the Fleming/Rowan county line. (2024CCR)","","2022","2026","D","SPP","3920000","2029","","","","103-KY-0801-000","LINESTRING Z (-83.5569514026 38.1997941605 15.61, -83.556973484 38.1998643877 15.615, -83.5571234167 38.2003000834 15.646, -83.5572301146 38.2005745564 15.665, -83.5574403749 38.2010652101 15.7, -83.5576245957 38.2014952223 15.731, -83.5577969994 38.2018662313 15.758, -83.5579415973 38.2021540422 15.779, -83.5580687853 38.202406919 15.798, -83.5583839403 38.202987691 15.841, -83.5587725573 38.2036618448 15.893, -83.5602849768 38.2061008297 16.08, -83.5604946701 38.2064244536 16.105, -83.560810944 38.2068868458 16.141, -83.5611380805 38.2073236171 16.176, -83.5613222665 38.2075921039 16.197, -83.561418177 38.2077501786 16.209, -83.5615041663 38.2079141126 16.222, -83.5615942626 38.2081272916 16.237, -83.5616506902 38.2083019407 16.25, -83.5616903692 38.2084779282 16.262, -83.5617141001 38.2086165372 16.272, -83.5617462203 38.2089882387 16.297, -83.5617779155 38.2097373586 16.349, -83.5617902457 38.2103298206 16.39, -83.5617909865 38.2108319696 16.424, -83.5617707658 38.2117347788 16.487, -83.5616864929 38.2131995193 16.587, -83.561674156 38.2136028117 16.615, -83.5616956162 38.2139935435 16.642, -83.5617154841 38.2142153126 16.657, -83.5617792775 38.2147279662 16.692, -83.5618597261 38.2152777383 16.731, -83.5619156286 38.2158333724 16.77, -83.5619407613 38.2162763641 16.801, -83.5619408692 38.2165889639 16.822, -83.5619224634 38.2169973625 16.85, -83.5618853445 38.2175081493 16.886, -83.561716139 38.2192646854 17.007, -83.5617103233 38.2193197897 17.011)"
"District 09","Rowan","09-00234.00","KY","801","KY-801","NEW ROUTE","15.61","17.011","Extend KY 801 from its intersection with KY 158 at Sharkey to KY 32 near the Fleming/Rowan county line. (2024CCR)","","2022","2026","U","SPP","5600000","2031","","","","103-KY-0801-000","LINESTRING Z (-83.5569514026 38.1997941605 15.61, -83.556973484 38.1998643877 15.615, -83.5571234167 38.2003000834 15.646, -83.5572301146 38.2005745564 15.665, -83.5574403749 38.2010652101 15.7, -83.5576245957 38.2014952223 15.731, -83.5577969994 38.2018662313 15.758, -83.5579415973 38.2021540422 15.779, -83.5580687853 38.202406919 15.798, -83.5583839403 38.202987691 15.841, -83.5587725573 38.2036618448 15.893, -83.5602849768 38.2061008297 16.08, -83.5604946701 38.2064244536 16.105, -83.560810944 38.2068868458 16.141, -83.5611380805 38.2073236171 16.176, -83.5613222665 38.2075921039 16.197, -83.561418177 38.2077501786 16.209, -83.5615041663 38.2079141126 16.222, -83.5615942626 38.2081272916 16.237, -83.5616506902 38.2083019407 16.25, -83.5616903692 38.2084779282 16.262, -83.5617141001 38.2086165372 16.272, -83.5617462203 38.2089882387 16.297, -83.5617779155 38.2097373586 16.349, -83.5617902457 38.2103298206 16.39, -83.5617909865 38.2108319696 16.424, -83.5617707658 38.2117347788 16.487, -83.5616864929 38.2131995193 16.587, -83.561674156 38.2136028117 16.615, -83.5616956162 38.2139935435 16.642, -83.5617154841 38.2142153126 16.657, -83.5617792775 38.2147279662 16.692, -83.5618597261 38.2152777383 16.731, -83.5619156286 38.2158333724 16.77, -83.5619407613 38.2162763641 16.801, -83.5619408692 38.2165889639 16.822, -83.5619224634 38.2169973625 16.85, -83.5618853445 38.2175081493 16.886, -83.561716139 38.2192646854 17.007, -83.5617103233 38.2193197897 17.011)"
"District 09","Rowan","09-00234.00","KY","801","KY-801","NEW ROUTE","15.61","17.011","Extend KY 801 from its intersection with KY 158 at Sharkey to KY 32 near the Fleming/Rowan county line. (2024CCR)","","2022","2026","R","SPP","9600000","2030","","","","103-KY-0801-000","LINESTRING Z (-83.5569514026 38.1997941605 15.61, -83.556973484 38.1998643877 15.615, -83.5571234167 38.2003000834 15.646, -83.5572301146 38.2005745564 15.665, -83.5574403749 38.2010652101 15.7, -83.5576245957 38.2014952223 15.731, -83.5577969994 38.2018662313 15.758, -83.5579415973 38.2021540422 15.779, -83.5580687853 38.202406919 15.798, -83.5583839403 38.202987691 15.841, -83.5587725573 38.2036618448 15.893, -83.5602849768 38.2061008297 16.08, -83.5604946701 38.2064244536 16.105, -83.560810944 38.2068868458 16.141, -83.5611380805 38.2073236171 16.176, -83.5613222665 38.2075921039 16.197, -83.561418177 38.2077501786 16.209, -83.5615041663 38.2079141126 16.222, -83.5615942626 38.2081272916 16.237, -83.5616506902 38.2083019407 16.25, -83.5616903692 38.2084779282 16.262, -83.5617141001 38.2086165372 16.272, -83.5617462203 38.2089882387 16.297, -83.5617779155 38.2097373586 16.349, -83.5617902457 38.2103298206 16.39, -83.5617909865 38.2108319696 16.424, -83.5617707658 38.2117347788 16.487, -83.5616864929 38.2131995193 16.587, -83.561674156 38.2136028117 16.615, -83.5616956162 38.2139935435 16.642, -83.5617154841 38.2142153126 16.657, -83.5617792775 38.2147279662 16.692, -83.5618597261 38.2152777383 16.731, -83.5619156286 38.2158333724 16.77, -83.5619407613 38.2162763641 16.801, -83.5619408692 38.2165889639 16.822, -83.5619224634 38.2169973625 16.85, -83.5618853445 38.2175081493 16.886, -83.561716139 38.2192646854 17.007, -83.5617103233 38.2193197897 17.011)"
"District 09","Rowan","09-00234.00","KY","801","KY-801","NEW ROUTE","15.61","17.011","Extend KY 801 from its intersection with KY 158 at Sharkey to KY 32 near the Fleming/Rowan county line. (2024CCR)","","2022","2026","P","SPP","320000","2029","","","","103-KY-0801-000","LINESTRING Z (-83.5569514026 38.1997941605 15.61, -83.556973484 38.1998643877 15.615, -83.5571234167 38.2003000834 15.646, -83.5572301146 38.2005745564 15.665, -83.5574403749 38.2010652101 15.7, -83.5576245957 38.2014952223 15.731, -83.5577969994 38.2018662313 15.758, -83.5579415973 38.2021540422 15.779, -83.5580687853 38.202406919 15.798, -83.5583839403 38.202987691 15.841, -83.5587725573 38.2036618448 15.893, -83.5602849768 38.2061008297 16.08, -83.5604946701 38.2064244536 16.105, -83.560810944 38.2068868458 16.141, -83.5611380805 38.2073236171 16.176, -83.5613222665 38.2075921039 16.197, -83.561418177 38.2077501786 16.209, -83.5615041663 38.2079141126 16.222, -83.5615942626 38.2081272916 16.237, -83.5616506902 38.2083019407 16.25, -83.5616903692 38.2084779282 16.262, -83.5617141001 38.2086165372 16.272, -83.5617462203 38.2089882387 16.297, -83.5617779155 38.2097373586 16.349, -83.5617902457 38.2103298206 16.39, -83.5617909865 38.2108319696 16.424, -83.5617707658 38.2117347788 16.487, -83.5616864929 38.2131995193 16.587, -83.561674156 38.2136028117 16.615, -83.5616956162 38.2139935435 16.642, -83.5617154841 38.2142153126 16.657, -83.5617792775 38.2147279662 16.692, -83.5618597261 38.2152777383 16.731, -83.5619156286 38.2158333724 16.77, -83.5619407613 38.2162763641 16.801, -83.5619408692 38.2165889639 16.822, -83.5619224634 38.2169973625 16.85, -83.5618853445 38.2175081493 16.886, -83.561716139 38.2192646854 17.007, -83.5617103233 38.2193197897 17.011)"
"District 09","Rowan","09-00234.00","KY","801","KY-801","NEW ROUTE","15.61","17.011","Extend KY 801 from its intersection with KY 158 at Sharkey to KY 32 near the Fleming/Rowan county line. (2024CCR)","","2022","2026","C","SPP","50400000","2032","","","","103-KY-0801-000","LINESTRING Z (-83.5569514026 38.1997941605 15.61, -83.556973484 38.1998643877 15.615, -83.5571234167 38.2003000834 15.646, -83.5572301146 38.2005745564 15.665, -83.5574403749 38.2010652101 15.7, -83.5576245957 38.2014952223 15.731, -83.5577969994 38.2018662313 15.758, -83.5579415973 38.2021540422 15.779, -83.5580687853 38.202406919 15.798, -83.5583839403 38.202987691 15.841, -83.5587725573 38.2036618448 15.893, -83.5602849768 38.2061008297 16.08, -83.5604946701 38.2064244536 16.105, -83.560810944 38.2068868458 16.141, -83.5611380805 38.2073236171 16.176, -83.5613222665 38.2075921039 16.197, -83.561418177 38.2077501786 16.209, -83.5615041663 38.2079141126 16.222, -83.5615942626 38.2081272916 16.237, -83.5616506902 38.2083019407 16.25, -83.5616903692 38.2084779282 16.262, -83.5617141001 38.2086165372 16.272, -83.5617462203 38.2089882387 16.297, -83.5617779155 38.2097373586 16.349, -83.5617902457 38.2103298206 16.39, -83.5617909865 38.2108319696 16.424, -83.5617707658 38.2117347788 16.487, -83.5616864929 38.2131995193 16.587, -83.561674156 38.2136028117 16.615, -83.5616956162 38.2139935435 16.642, -83.5617154841 38.2142153126 16.657, -83.5617792775 38.2147279662 16.692, -83.5618597261 38.2152777383 16.731, -83.5619156286 38.2158333724 16.77, -83.5619407613 38.2162763641 16.801, -83.5619408692 38.2165889639 16.822, -83.5619224634 38.2169973625 16.85, -83.5618853445 38.2175081493 16.886, -83.561716139 38.2192646854 17.007, -83.5617103233 38.2193197897 17.011)"
"District 09","Rowan","09-03029.00","I","64","I-64","REST AREA REHAB(P)","140.5","141.25","Rowan County East & West Bound Renovation located on I-64. (2024BOP)","","2026","2026","C","NH","5100000","2026","","","","103-I-0064-000","LINESTRING Z (-83.4439450443 38.2284419557 140.5, -83.4434311496 38.2292118586 140.56, -83.4404442085 38.2336413146 140.906, -83.4402251524 38.2339740922 140.932, -83.4400938598 38.2341737058 140.948, -83.4398678356 38.2345508472 140.976, -83.4397636258 38.2347419246 140.991, -83.439666681 38.2349345175 141.005, -83.4395770021 38.2351286258 141.019, -83.4394173862 38.2355202483 141.048, -83.4392806811 38.2359142415 141.076, -83.4391030937 38.236512086 141.118, -83.4385785879 38.2383761341 141.25)"
"District 09","Rowan","09-04312.00","US","60","US-60","SAF-GUARDRAIL(P)","10.1","10.11","INSTALL GUARDRAIL ON US-60   IN ROWAN COUNTY","","2020","2026","C","GR","10000","2026","","","","103-US-0060-000","LINESTRING Z (-83.4063013471 38.2033172306 10.1, -83.4061980369 38.2033952722 10.107, -83.4061564037 38.203429584 10.11)"
"District 09","Rowan","09-04315.00","US","60","US-60","SAF-GUARDRAIL(P)","12.03","12.39","INSTALL GUARDRAIL ON US-60   IN ROWAN COUNTY","","2020","2026","C","GR","90000","2026","","","","103-US-0060-000","LINESTRING Z (-83.3823506287 38.223657735 12.03, -83.3822433275 38.2237600426 12.039, -83.3814031196 38.2245373855 12.11, -83.3806393569 38.2252327437 12.174, -83.3795375462 38.2262493182 12.267, -83.3789910349 38.2267613988 12.314, -83.3784928094 38.2272120864 12.355, -83.3780744648 38.227581814 12.39)"
"District 09","Rowan","09-04319.00","KY","3319","KY-3319","SAF-GUARDRAIL(P)","1.31","1.55","INSTALL GUARDRAIL ON KY-3319   IN ROWAN COUNTY","","2020","2026","C","GR","60000","2026","","","","103-KY-3319-000","LINESTRING Z (-83.5029638649 38.1640388122 1.31, -83.5029487291 38.1640494338 1.311, -83.5028869469 38.1640787506 1.315, -83.5028299444 38.1640996425 1.319, -83.5025836183 38.1641449537 1.333, -83.5024615956 38.1641758716 1.34, -83.5023357258 38.164218803 1.347, -83.5022074017 38.164273774 1.355, -83.5020785024 38.1643361511 1.363, -83.5016769331 38.1645545888 1.39, -83.5013658294 38.164704424 1.41, -83.5010326508 38.1648137318 1.43, -83.500777301 38.1649151808 1.445, -83.5005909898 38.1650003618 1.457, -83.5004580542 38.1650695278 1.466, -83.5002413756 38.1651920391 1.481, -83.5000385388 38.1653170118 1.495, -83.4997405411 38.1655387884 1.517, -83.4992899117 38.1658621119 1.55)"
"District 09","Rowan","09-04320.00","US","60","US-60","SAF-GUARDRAIL(P)","10.07","10.08","INSTALL GUARDRAIL ON US-60   IN ROWAN COUNTY","","2020","2026","C","GR","10000","2026","","","","103-US-0060-000","LINESTRING Z (-83.4067441026 38.2029827654 10.07, -83.4065965179 38.203094254 10.08)"
"District 09","Rowan","09-04321.00","US","60","US-60","SAF-GUARDRAIL(P)","11.47","11.62","INSTALL GUARDRAIL ON US-60   IN ROWAN COUNTY","","2020","2026","C","GR","40000","2026","","","","103-US-0060-000","LINESTRING Z (-83.3899928348 38.2183942641 11.47, -83.3898732754 38.2184599744 11.478, -83.387738204 38.2196066311 11.62)"
"District 09","Rowan","09-08406.10","KY","377","KY-377","SAFETY(P)","0.0","5.0","IMPROVE SAFETY AND CONNECTIVITY AND REDUCE CONGESTION ON KY-377 FROM KY-32 TO JUST SOUTH OF CLEAR FORK ROAD.  (2022BOP) (2024CCN)","","2024","2026","C","STP2","50760000","2027","","","","103-KY-0377-000","LINESTRING Z (-83.4732869212 38.204640982 0, -83.4727582798 38.204703322 0.029, -83.4725695707 38.2047378702 0.04, -83.4724457795 38.2047670761 0.047, -83.4722594964 38.204824471 0.058, -83.4721044248 38.2048857627 0.067, -83.4719942172 38.2049372065 0.074, -83.4718862418 38.2049952845 0.081, -83.471748861 38.2050810905 0.091, -83.4716505413 38.2051533645 0.098, -83.47156052 38.2052274465 0.105, -83.471463693 38.2053189776 0.114, -83.4712977866 38.2055053217 0.129, -83.4710989262 38.2057440474 0.149, -83.4708017068 38.2060899321 0.178, -83.4702818051 38.2067128136 0.229, -83.4701485471 38.2068789082 0.242, -83.4700713597 38.2069881234 0.251, -83.4699272959 38.2072108722 0.268, -83.4698332425 38.207381294 0.281, -83.4697230783 38.2076110148 0.298, -83.4696518847 38.207785174 0.31, -83.469589033 38.207971031 0.323, -83.4695076411 38.2082496524 0.343, -83.4694723015 38.2084239532 0.355, -83.4694187125 38.208771511 0.379, -83.4693989768 38.2091164258 0.403, -83.4694051642 38.2092201061 0.41, -83.4694202704 38.2094629545 0.427, -83.4694437073 38.2096392135 0.439, -83.4695137554 38.2099965718 0.464, -83.4695857396 38.2102352989 0.481, -83.469703275 38.2105320411 0.502, -83.4699447763 38.2110753794 0.541, -83.4703899321 38.2120017254 0.609, -83.4707976338 38.2128336759 0.671, -83.4715066619 38.2143131225 0.779, -83.4716469999 38.2146160701 0.801, -83.4717730544 38.2149192921 0.823, -83.4718541064 38.2151466544 0.84, -83.4719205599 38.2153731854 0.855, -83.4719562689 38.2155244075 0.866, -83.4719849928 38.2156763188 0.877, -83.4720378897 38.2160597163 0.903, -83.472052413 38.2162879939 0.919, -83.4720537232 38.2164369048 0.929, -83.4720373244 38.2167868277 0.953, -83.4719968895 38.2171033239 0.975, -83.4719512375 38.2173296188 0.991, -83.4719130907 38.2174821647 1.001, -83.4718439968 38.2177121285 1.018, -83.4717897912 38.2178660127 1.029, -83.4716966599 38.2180963379 1.045, -83.4715523894 38.2184039653 1.068, -83.4714707093 38.2185567712 1.079, -83.4713817378 38.2187088878 1.091, -83.4712512013 38.2189101976 1.106, -83.4709911215 38.2192581714 1.134, -83.4703895558 38.220007762 1.195, -83.4697365206 38.2208335479 1.262, -83.4693288408 38.2213371715 1.303, -83.4676874183 38.2233805668 1.471, -83.4660773981 38.2253965268 1.636, -83.4651353582 38.2265661207 1.732, -83.4645551344 38.2272974157 1.792, -83.4637729254 38.2282528023 1.87, -83.4635565691 38.2284914514 1.891, -83.4633671114 38.2286712862 1.907, -83.4632100117 38.228795983 1.919, -83.4630965077 38.2288737252 1.927, -83.4627289093 38.2290819798 1.952, -83.4625352785 38.2291719068 1.964, -83.4624022781 38.2292270207 1.973, -83.4621307602 38.2293242313 1.989, -83.4617178013 38.2294456252 2.013, -83.4577333929 38.2305238514 2.243, -83.4573404651 38.2306277631 2.265, -83.455284226 38.231202937 2.384, -83.4549957589 38.2312959564 2.401, -83.4548524187 38.2313472908 2.409, -83.4546362169 38.23143457 2.422, -83.4543549105 38.2315659094 2.44, -83.454218262 38.2316371514 2.449, -83.4540207016 38.2317519859 2.462, -83.4538305742 38.231874106 2.475, -83.4536489685 38.232002161 2.489, -83.4534229669 38.2321801716 2.506, -83.4532664669 38.2323183276 2.519, -83.4531213752 38.2324591771 2.531, -83.4529866119 38.2326037978 2.543, -83.45285976 38.2327515937 2.556, -83.4525368927 38.233165335 2.589, -83.4522602835 38.2335362971 2.618, -83.4517946494 38.2341609774 2.668, -83.4496389154 38.2370231719 2.896, -83.4493216669 38.2374565174 2.931, -83.4490662275 38.2378399706 2.96, -83.4487661798 38.2383244681 2.997, -83.4484385562 38.2388999026 3.04, -83.4483355907 38.2390962301 3.055, -83.4482070529 38.2393417807 3.073, -83.4473441166 38.2410739811 3.201, -83.4469552116 38.2418817104 3.261, -83.4467463129 38.2422907874 3.292, -83.4466470721 38.2424679575 3.306, -83.4465033569 38.2426972786 3.324, -83.4464292651 38.2428054393 3.332, -83.4462995716 38.2429762476 3.346, -83.4461707022 38.2431207013 3.359, -83.4460271871 38.2432656936 3.371, -83.4458745909 38.2434003445 3.384, -83.4457176827 38.2435280441 3.396, -83.4455552954 38.2436416269 3.408, -83.4453924356 38.2437480582 3.42, -83.44531012 38.2437961748 3.426, -83.4449777535 38.2439764939 3.448, -83.4447264866 38.2440919147 3.464, -83.4437176281 38.2445186346 3.527, -83.4421753509 38.2451494807 3.623, -83.4419088623 38.2452613029 3.641, -83.4412238888 38.245588836 3.69, -83.4409106416 38.2457697909 3.714, -83.4406137402 38.245962602 3.738, -83.4404005816 38.2461174907 3.755, -83.4401272783 38.246335209 3.779, -83.4400072995 38.246439998 3.79, -83.4399302923 38.2465074433 3.797, -83.4396544715 38.2467830724 3.822, -83.4394505362 38.2470101096 3.842, -83.4393432094 38.2471445382 3.853, -83.439147554 38.2474184359 3.876, -83.4389531538 38.2477299905 3.901, -83.4388500188 38.2479194396 3.916, -83.438745652 38.248125896 3.932, -83.4386337876 38.248382475 3.951, -83.4385437569 38.2486315144 3.97, -83.4384813388 38.2488442832 3.986, -83.4384294917 38.2490753893 4.003, -83.4383946641 38.2492969388 4.019, -83.4383661402 38.2495284999 4.035, -83.4383128553 38.2501268471 4.078, -83.4381949996 38.2518045893 4.199, -83.4381858281 38.2519966974 4.213, -83.4381089191 38.2529698182 4.283, -83.4378703975 38.2564139698 4.521, -83.4376869995 38.2587354148 4.663, -83.4375888343 38.2601072507 4.747, -83.4375547407 38.2605268693 4.774, -83.4375271771 38.2607941594 4.792, -83.4374807953 38.2611281073 4.814, -83.4374372137 38.261328608 4.827, -83.4373732308 38.2615353024 4.841, -83.4372935703 38.261741965 4.855, -83.4372317182 38.2618808508 4.864, -83.4371590202 38.262021173 4.874, -83.4370738646 38.2621587795 4.884, -83.4369755127 38.2622950294 4.894, -83.4368690975 38.2624217811 4.904, -83.4366890289 38.2626083507 4.919, -83.4364930901 38.2627899405 4.935, -83.4363514425 38.2629069386 4.945, -83.4360936132 38.2630955577 4.963, -83.4357956663 38.263263614 4.982, -83.4355804677 38.263370657 4.995, -83.4354929565 38.263409509 5)"
"District 09","Rowan","09-08406.20","KY","377","KY-377","SAFETY(P)","5.0","8.3","IMPROVE SAFETY AND CONNECTIVITY AND REDUCE CONGESTION ON KY-377 FROM JUST SOUTH OF CLEARK FORK ROAD TO JUST NORTH OF KY 799 (BIG PERRY ROAD). (2024CCN)","","2024","2026","R","STP2","6600000","2027","","","","103-KY-0377-000","LINESTRING Z (-83.4354929565 38.263409509 5, -83.4353179338 38.263487213 5.01, -83.432165286 38.264822335 5.205, -83.431633226 38.265066556 5.238, -83.431374844 38.2651947212 5.255, -83.4310928931 38.2653520915 5.273, -83.4309190306 38.2654626834 5.286, -83.4307501576 38.2655807896 5.298, -83.4305866122 38.265706692 5.31, -83.430431607 38.26583798 5.323, -83.4302831055 38.2659729667 5.335, -83.430144476 38.266115289 5.347, -83.4298973633 38.2664161813 5.372, -83.4297839341 38.2665658647 5.384, -83.4296756583 38.266717846 5.396, -83.4295799786 38.2668681511 5.408, -83.4290941563 38.2678879106 5.483, -83.4289228088 38.2682718715 5.511, -83.4285809725 38.2690013521 5.564, -83.4277474938 38.2707790387 5.695, -83.4273287039 38.2716495733 5.76, -83.4272198383 38.2718419206 5.774, -83.4271162614 38.2720101997 5.787, -83.4270023064 38.2721760769 5.8, -83.4267677233 38.2724763841 5.825, -83.4265657235 38.2727048119 5.844, -83.4263487135 38.2729340424 5.864, -83.4261964303 38.2730777406 5.877, -83.4260155225 38.2732340614 5.891, -83.4258468082 38.273368371 5.904, -83.4256701882 38.2734992283 5.918, -83.4255091745 38.2736103395 5.929, -83.4252936109 38.2737494969 5.944, -83.425094692 38.2738692035 5.958, -83.4246817103 38.2741025472 5.986, -83.4232228415 38.2748916463 6.082, -83.4199814879 38.2766612013 6.296, -83.4179928551 38.2777573555 6.429, -83.4177511466 38.2778849967 6.444, -83.4161311941 38.2787708252 6.552, -83.4148548972 38.2794782671 6.637, -83.4138637378 38.28001799 6.702, -83.413643347 38.2801323091 6.716, -83.4131559623 38.2804017789 6.749, -83.4120910895 38.2809793141 6.819, -83.4114031465 38.2813634841 6.865, -83.4110140156 38.2816002756 6.892, -83.4108463878 38.281709863 6.904, -83.4102899686 38.2821001966 6.944, -83.4097989944 38.2824816583 6.982, -83.4091307621 38.2830450332 7.035, -83.4086189782 38.2834667331 7.075, -83.4076903429 38.284261462 7.15, -83.4070194163 38.2848099379 7.203, -83.4066062587 38.2851324937 7.234, -83.4062381753 38.2854075941 7.262, -83.4056684565 38.2858089066 7.304, -83.4051280144 38.2861662956 7.342, -83.403486371 38.287262492 7.459, -83.4026575765 38.2878086389 7.518, -83.4000158185 38.2895843303 7.707, -83.399111752 38.2901720855 7.771, -83.3986416785 38.290484969 7.804, -83.3983483935 38.2906862639 7.826, -83.3980563334 38.2908928024 7.847, -83.3978846124 38.2910201459 7.86, -83.3977192098 38.2911569543 7.873, -83.3973997049 38.2914368398 7.899, -83.3970999872 38.2917300277 7.925, -83.396964491 38.2918797908 7.938, -83.3966626719 38.292260289 7.969, -83.3962835607 38.2928993878 8.017, -83.3961551876 38.2931858157 8.038, -83.3961040169 38.293336156 8.049, -83.3960190122 38.2935852636 8.067, -83.3959234732 38.2939129997 8.09, -83.3958073012 38.2943952537 8.124, -83.3957097812 38.2949045242 8.159, -83.3955952148 38.2954236196 8.195, -83.3952439899 38.2969178424 8.3)"
"District 09","Rowan","09-08406.20","KY","377","KY-377","SAFETY(P)","5.0","8.3","IMPROVE SAFETY AND CONNECTIVITY AND REDUCE CONGESTION ON KY-377 FROM JUST SOUTH OF CLEARK FORK ROAD TO JUST NORTH OF KY 799 (BIG PERRY ROAD). (2024CCN)","","2024","2026","U","STP2","11760000","2029","","","","103-KY-0377-000","LINESTRING Z (-83.4354929565 38.263409509 5, -83.4353179338 38.263487213 5.01, -83.432165286 38.264822335 5.205, -83.431633226 38.265066556 5.238, -83.431374844 38.2651947212 5.255, -83.4310928931 38.2653520915 5.273, -83.4309190306 38.2654626834 5.286, -83.4307501576 38.2655807896 5.298, -83.4305866122 38.265706692 5.31, -83.430431607 38.26583798 5.323, -83.4302831055 38.2659729667 5.335, -83.430144476 38.266115289 5.347, -83.4298973633 38.2664161813 5.372, -83.4297839341 38.2665658647 5.384, -83.4296756583 38.266717846 5.396, -83.4295799786 38.2668681511 5.408, -83.4290941563 38.2678879106 5.483, -83.4289228088 38.2682718715 5.511, -83.4285809725 38.2690013521 5.564, -83.4277474938 38.2707790387 5.695, -83.4273287039 38.2716495733 5.76, -83.4272198383 38.2718419206 5.774, -83.4271162614 38.2720101997 5.787, -83.4270023064 38.2721760769 5.8, -83.4267677233 38.2724763841 5.825, -83.4265657235 38.2727048119 5.844, -83.4263487135 38.2729340424 5.864, -83.4261964303 38.2730777406 5.877, -83.4260155225 38.2732340614 5.891, -83.4258468082 38.273368371 5.904, -83.4256701882 38.2734992283 5.918, -83.4255091745 38.2736103395 5.929, -83.4252936109 38.2737494969 5.944, -83.425094692 38.2738692035 5.958, -83.4246817103 38.2741025472 5.986, -83.4232228415 38.2748916463 6.082, -83.4199814879 38.2766612013 6.296, -83.4179928551 38.2777573555 6.429, -83.4177511466 38.2778849967 6.444, -83.4161311941 38.2787708252 6.552, -83.4148548972 38.2794782671 6.637, -83.4138637378 38.28001799 6.702, -83.413643347 38.2801323091 6.716, -83.4131559623 38.2804017789 6.749, -83.4120910895 38.2809793141 6.819, -83.4114031465 38.2813634841 6.865, -83.4110140156 38.2816002756 6.892, -83.4108463878 38.281709863 6.904, -83.4102899686 38.2821001966 6.944, -83.4097989944 38.2824816583 6.982, -83.4091307621 38.2830450332 7.035, -83.4086189782 38.2834667331 7.075, -83.4076903429 38.284261462 7.15, -83.4070194163 38.2848099379 7.203, -83.4066062587 38.2851324937 7.234, -83.4062381753 38.2854075941 7.262, -83.4056684565 38.2858089066 7.304, -83.4051280144 38.2861662956 7.342, -83.403486371 38.287262492 7.459, -83.4026575765 38.2878086389 7.518, -83.4000158185 38.2895843303 7.707, -83.399111752 38.2901720855 7.771, -83.3986416785 38.290484969 7.804, -83.3983483935 38.2906862639 7.826, -83.3980563334 38.2908928024 7.847, -83.3978846124 38.2910201459 7.86, -83.3977192098 38.2911569543 7.873, -83.3973997049 38.2914368398 7.899, -83.3970999872 38.2917300277 7.925, -83.396964491 38.2918797908 7.938, -83.3966626719 38.292260289 7.969, -83.3962835607 38.2928993878 8.017, -83.3961551876 38.2931858157 8.038, -83.3961040169 38.293336156 8.049, -83.3960190122 38.2935852636 8.067, -83.3959234732 38.2939129997 8.09, -83.3958073012 38.2943952537 8.124, -83.3957097812 38.2949045242 8.159, -83.3955952148 38.2954236196 8.195, -83.3952439899 38.2969178424 8.3)"
"District 09","Rowan","09-08406.20","KY","377","KY-377","SAFETY(P)","5.0","8.3","IMPROVE SAFETY AND CONNECTIVITY AND REDUCE CONGESTION ON KY-377 FROM JUST SOUTH OF CLEARK FORK ROAD TO JUST NORTH OF KY 799 (BIG PERRY ROAD). (2024CCN)","","2024","2026","C","STP2","39600000","2030","","","","103-KY-0377-000","LINESTRING Z (-83.4354929565 38.263409509 5, -83.4353179338 38.263487213 5.01, -83.432165286 38.264822335 5.205, -83.431633226 38.265066556 5.238, -83.431374844 38.2651947212 5.255, -83.4310928931 38.2653520915 5.273, -83.4309190306 38.2654626834 5.286, -83.4307501576 38.2655807896 5.298, -83.4305866122 38.265706692 5.31, -83.430431607 38.26583798 5.323, -83.4302831055 38.2659729667 5.335, -83.430144476 38.266115289 5.347, -83.4298973633 38.2664161813 5.372, -83.4297839341 38.2665658647 5.384, -83.4296756583 38.266717846 5.396, -83.4295799786 38.2668681511 5.408, -83.4290941563 38.2678879106 5.483, -83.4289228088 38.2682718715 5.511, -83.4285809725 38.2690013521 5.564, -83.4277474938 38.2707790387 5.695, -83.4273287039 38.2716495733 5.76, -83.4272198383 38.2718419206 5.774, -83.4271162614 38.2720101997 5.787, -83.4270023064 38.2721760769 5.8, -83.4267677233 38.2724763841 5.825, -83.4265657235 38.2727048119 5.844, -83.4263487135 38.2729340424 5.864, -83.4261964303 38.2730777406 5.877, -83.4260155225 38.2732340614 5.891, -83.4258468082 38.273368371 5.904, -83.4256701882 38.2734992283 5.918, -83.4255091745 38.2736103395 5.929, -83.4252936109 38.2737494969 5.944, -83.425094692 38.2738692035 5.958, -83.4246817103 38.2741025472 5.986, -83.4232228415 38.2748916463 6.082, -83.4199814879 38.2766612013 6.296, -83.4179928551 38.2777573555 6.429, -83.4177511466 38.2778849967 6.444, -83.4161311941 38.2787708252 6.552, -83.4148548972 38.2794782671 6.637, -83.4138637378 38.28001799 6.702, -83.413643347 38.2801323091 6.716, -83.4131559623 38.2804017789 6.749, -83.4120910895 38.2809793141 6.819, -83.4114031465 38.2813634841 6.865, -83.4110140156 38.2816002756 6.892, -83.4108463878 38.281709863 6.904, -83.4102899686 38.2821001966 6.944, -83.4097989944 38.2824816583 6.982, -83.4091307621 38.2830450332 7.035, -83.4086189782 38.2834667331 7.075, -83.4076903429 38.284261462 7.15, -83.4070194163 38.2848099379 7.203, -83.4066062587 38.2851324937 7.234, -83.4062381753 38.2854075941 7.262, -83.4056684565 38.2858089066 7.304, -83.4051280144 38.2861662956 7.342, -83.403486371 38.287262492 7.459, -83.4026575765 38.2878086389 7.518, -83.4000158185 38.2895843303 7.707, -83.399111752 38.2901720855 7.771, -83.3986416785 38.290484969 7.804, -83.3983483935 38.2906862639 7.826, -83.3980563334 38.2908928024 7.847, -83.3978846124 38.2910201459 7.86, -83.3977192098 38.2911569543 7.873, -83.3973997049 38.2914368398 7.899, -83.3970999872 38.2917300277 7.925, -83.396964491 38.2918797908 7.938, -83.3966626719 38.292260289 7.969, -83.3962835607 38.2928993878 8.017, -83.3961551876 38.2931858157 8.038, -83.3961040169 38.293336156 8.049, -83.3960190122 38.2935852636 8.067, -83.3959234732 38.2939129997 8.09, -83.3958073012 38.2943952537 8.124, -83.3957097812 38.2949045242 8.159, -83.3955952148 38.2954236196 8.195, -83.3952439899 38.2969178424 8.3)"
"District 09","Rowan","09-22048.00","I","64","I-64","AM-PAVEMENT (INT)(P)","134.75","138.3","ADDRESS CONDITION OF I-064 FROM MILEPOINT 134.75 TO MILEPOINT 138.3","","2022","2026","C","NHPM","8000000","2029","","","","103-I-0064-000","LINESTRING Z (-83.523562542 38.1860431776 134.75, -83.5211907486 38.1858277926 134.88, -83.5205537209 38.1857745759 134.915, -83.5202339001 38.1857394258 134.932, -83.518024397 38.1855392295 135.054, -83.517088291 38.1854671611 135.105, -83.5164689565 38.1854274425 135.139, -83.5155416927 38.1853851963 135.189, -83.5146166956 38.1853600164 135.24, -83.5137050715 38.1853529382 135.289, -83.5131080835 38.1853567514 135.322, -83.5122222346 38.1853718505 135.37, -83.511635512 38.185392881 135.402, -83.5110468576 38.1854201916 135.434, -83.5101483515 38.1854737669 135.483, -83.5092259392 38.1855466614 135.534, -83.5082942688 38.1856377774 135.585, -83.5076694728 38.1857088859 135.619, -83.5070388859 38.1857872978 135.654, -83.4946483379 38.1875667311 136.34, -83.4940905789 38.1876412449 136.371, -83.4906180442 38.1881325643 136.563, -83.4894872062 38.188292521 136.626, -83.4885962947 38.1884370044 136.675, -83.4882932046 38.1884803767 136.692, -83.4877056871 38.1885941222 136.725, -83.4868418421 38.1887976206 136.774, -83.4859838931 38.1890243011 136.824, -83.4857033389 38.1891043588 136.84, -83.4849657381 38.1893333368 136.883, -83.4845992774 38.1894565215 136.905, -83.4840642401 38.1896514668 136.937, -83.4835476866 38.1898563783 136.968, -83.4830476925 38.1900660009 136.999, -83.4782875904 38.1921900679 137.297, -83.4780338545 38.1923140248 137.313, -83.4777758411 38.1924299342 137.329, -83.4772577592 38.192660611 137.362, -83.4767338355 38.1928774384 137.394, -83.4744243609 38.1939147704 137.539, -83.4738428089 38.1941711319 137.575, -83.4734945142 38.1943245753 137.597, -83.4720149883 38.1949949091 137.69, -83.4717465018 38.1951224152 137.707, -83.4715237402 38.1952345951 137.721, -83.4712274639 38.1953939787 137.741, -83.4707395341 38.1956949816 137.774, -83.4705082979 38.1958558923 137.791, -83.4702859369 38.1960224673 137.808, -83.4700724402 38.1961949816 137.825, -83.4698664856 38.196371212 137.841, -83.4696690828 38.1965522769 137.858, -83.4694822922 38.1967390404 137.874, -83.4693054454 38.1969306645 137.89, -83.4691378381 38.197127412 137.907, -83.4689798254 38.1973290145 137.923, -83.4688321377 38.1975343865 137.939, -83.4686944355 38.1977432471 137.956, -83.4685670843 38.1979550549 137.972, -83.468448701 38.198169507 137.988, -83.4683375545 38.1983862968 138.004, -83.46813822 38.19882032 138.036, -83.4674742786 38.2003400463 138.147, -83.4665564766 38.2024401782 138.3)"
"District 09","Rowan","09-22048.00","I","64","I-64","AM-PAVEMENT (INT)(P)","134.75","138.3","ADDRESS CONDITION OF I-064 FROM MILEPOINT 134.75 TO MILEPOINT 138.3","","2022","2026","D","NHPM","800000","2029","","","","103-I-0064-000","LINESTRING Z (-83.523562542 38.1860431776 134.75, -83.5211907486 38.1858277926 134.88, -83.5205537209 38.1857745759 134.915, -83.5202339001 38.1857394258 134.932, -83.518024397 38.1855392295 135.054, -83.517088291 38.1854671611 135.105, -83.5164689565 38.1854274425 135.139, -83.5155416927 38.1853851963 135.189, -83.5146166956 38.1853600164 135.24, -83.5137050715 38.1853529382 135.289, -83.5131080835 38.1853567514 135.322, -83.5122222346 38.1853718505 135.37, -83.511635512 38.185392881 135.402, -83.5110468576 38.1854201916 135.434, -83.5101483515 38.1854737669 135.483, -83.5092259392 38.1855466614 135.534, -83.5082942688 38.1856377774 135.585, -83.5076694728 38.1857088859 135.619, -83.5070388859 38.1857872978 135.654, -83.4946483379 38.1875667311 136.34, -83.4940905789 38.1876412449 136.371, -83.4906180442 38.1881325643 136.563, -83.4894872062 38.188292521 136.626, -83.4885962947 38.1884370044 136.675, -83.4882932046 38.1884803767 136.692, -83.4877056871 38.1885941222 136.725, -83.4868418421 38.1887976206 136.774, -83.4859838931 38.1890243011 136.824, -83.4857033389 38.1891043588 136.84, -83.4849657381 38.1893333368 136.883, -83.4845992774 38.1894565215 136.905, -83.4840642401 38.1896514668 136.937, -83.4835476866 38.1898563783 136.968, -83.4830476925 38.1900660009 136.999, -83.4782875904 38.1921900679 137.297, -83.4780338545 38.1923140248 137.313, -83.4777758411 38.1924299342 137.329, -83.4772577592 38.192660611 137.362, -83.4767338355 38.1928774384 137.394, -83.4744243609 38.1939147704 137.539, -83.4738428089 38.1941711319 137.575, -83.4734945142 38.1943245753 137.597, -83.4720149883 38.1949949091 137.69, -83.4717465018 38.1951224152 137.707, -83.4715237402 38.1952345951 137.721, -83.4712274639 38.1953939787 137.741, -83.4707395341 38.1956949816 137.774, -83.4705082979 38.1958558923 137.791, -83.4702859369 38.1960224673 137.808, -83.4700724402 38.1961949816 137.825, -83.4698664856 38.196371212 137.841, -83.4696690828 38.1965522769 137.858, -83.4694822922 38.1967390404 137.874, -83.4693054454 38.1969306645 137.89, -83.4691378381 38.197127412 137.907, -83.4689798254 38.1973290145 137.923, -83.4688321377 38.1975343865 137.939, -83.4686944355 38.1977432471 137.956, -83.4685670843 38.1979550549 137.972, -83.468448701 38.198169507 137.988, -83.4683375545 38.1983862968 138.004, -83.46813822 38.19882032 138.036, -83.4674742786 38.2003400463 138.147, -83.4665564766 38.2024401782 138.3)"
"District 09","Rowan","09-22050.00","I","64","I-64","AM-PAVEMENT (INT)(P)","147.94","148.665","ADDRESS CONDITION OF I-064 FROM MILEPOINT 147.9 TO MILEPOINT 148.665","","2022","2026","D","NHPM","230000","2029","","","","103-I-0064-000","LINESTRING Z (-83.3432234547 38.278768911 147.94, -83.3399860222 38.2805520266 148.155, -83.3384963735 38.2813650208 148.253, -83.3375120389 38.2819119464 148.319, -83.3348537562 38.2833732672 148.495, -83.3339176825 38.283913457 148.558, -83.3324710033 38.2847085753 148.654, -83.3323017042 38.2848015378 148.665)"
"District 09","Rowan","09-22050.00","I","64","I-64","AM-PAVEMENT (INT)(P)","147.94","148.665","ADDRESS CONDITION OF I-064 FROM MILEPOINT 147.9 TO MILEPOINT 148.665","","2022","2026","C","NHPM","2259115","2029","","","","103-I-0064-000","LINESTRING Z (-83.3432234547 38.278768911 147.94, -83.3399860222 38.2805520266 148.155, -83.3384963735 38.2813650208 148.253, -83.3375120389 38.2819119464 148.319, -83.3348537562 38.2833732672 148.495, -83.3339176825 38.283913457 148.558, -83.3324710033 38.2847085753 148.654, -83.3323017042 38.2848015378 148.665)"
"District 09","Rowan","09-80108.00","CR","1391","CR-1391","SAFETY(P)","0.0","0.25","WIDEN AND SOFTEN CURVE ON CR 1391 (BRATTON BRANCH RD) AT WALMART (2020CCN)","","2020","2026","U","SPP","80000","2030","","","","103-CR-1391-000","LINESTRING Z (-83.4825001796 38.1998553407 0, -83.4825599623 38.1998921976 0.004, -83.4826521813 38.1999835174 0.012, -83.482730471 38.2000976445 0.021, -83.4829127298 38.2004077018 0.045, -83.4829696322 38.2004815876 0.051, -83.4830068529 38.2005163634 0.054, -83.4830522015 38.2005471746 0.057, -83.483103455 38.200567112 0.06, -83.4831584847 38.2005775067 0.063, -83.4832826427 38.2005812605 0.07, -83.4833308029 38.2005659766 0.073, -83.4835066416 38.2004740275 0.084, -83.483823058 38.2002595106 0.107, -83.4839421454 38.2001678464 0.116, -83.4840025029 38.2001181841 0.121, -83.4844473042 38.1997020258 0.158, -83.4845560629 38.1996065925 0.167, -83.4846155639 38.1995621328 0.172, -83.4848063046 38.1994495901 0.184, -83.4848717036 38.1994170555 0.189, -83.48494149 38.1993889996 0.193, -83.4850828299 38.1993433605 0.201, -83.4853567803 38.1992642765 0.217, -83.4854743761 38.1992096666 0.225, -83.4855664211 38.1991369862 0.232, -83.4857417332 38.1989119675 0.25)"
"District 09","Rowan","09-80108.00","CR","1391","CR-1391","SAFETY(P)","0.0","0.25","WIDEN AND SOFTEN CURVE ON CR 1391 (BRATTON BRANCH RD) AT WALMART (2020CCN)","","2020","2026","R","SPP","60000","2030","","","","103-CR-1391-000","LINESTRING Z (-83.4825001796 38.1998553407 0, -83.4825599623 38.1998921976 0.004, -83.4826521813 38.1999835174 0.012, -83.482730471 38.2000976445 0.021, -83.4829127298 38.2004077018 0.045, -83.4829696322 38.2004815876 0.051, -83.4830068529 38.2005163634 0.054, -83.4830522015 38.2005471746 0.057, -83.483103455 38.200567112 0.06, -83.4831584847 38.2005775067 0.063, -83.4832826427 38.2005812605 0.07, -83.4833308029 38.2005659766 0.073, -83.4835066416 38.2004740275 0.084, -83.483823058 38.2002595106 0.107, -83.4839421454 38.2001678464 0.116, -83.4840025029 38.2001181841 0.121, -83.4844473042 38.1997020258 0.158, -83.4845560629 38.1996065925 0.167, -83.4846155639 38.1995621328 0.172, -83.4848063046 38.1994495901 0.184, -83.4848717036 38.1994170555 0.189, -83.48494149 38.1993889996 0.193, -83.4850828299 38.1993433605 0.201, -83.4853567803 38.1992642765 0.217, -83.4854743761 38.1992096666 0.225, -83.4855664211 38.1991369862 0.232, -83.4857417332 38.1989119675 0.25)"
"District 09","Rowan","09-80108.00","CR","1391","CR-1391","SAFETY(P)","0.0","0.25","WIDEN AND SOFTEN CURVE ON CR 1391 (BRATTON BRANCH RD) AT WALMART (2020CCN)","","2020","2026","D","SPP","25000","2029","","","","103-CR-1391-000","LINESTRING Z (-83.4825001796 38.1998553407 0, -83.4825599623 38.1998921976 0.004, -83.4826521813 38.1999835174 0.012, -83.482730471 38.2000976445 0.021, -83.4829127298 38.2004077018 0.045, -83.4829696322 38.2004815876 0.051, -83.4830068529 38.2005163634 0.054, -83.4830522015 38.2005471746 0.057, -83.483103455 38.200567112 0.06, -83.4831584847 38.2005775067 0.063, -83.4832826427 38.2005812605 0.07, -83.4833308029 38.2005659766 0.073, -83.4835066416 38.2004740275 0.084, -83.483823058 38.2002595106 0.107, -83.4839421454 38.2001678464 0.116, -83.4840025029 38.2001181841 0.121, -83.4844473042 38.1997020258 0.158, -83.4845560629 38.1996065925 0.167, -83.4846155639 38.1995621328 0.172, -83.4848063046 38.1994495901 0.184, -83.4848717036 38.1994170555 0.189, -83.48494149 38.1993889996 0.193, -83.4850828299 38.1993433605 0.201, -83.4853567803 38.1992642765 0.217, -83.4854743761 38.1992096666 0.225, -83.4855664211 38.1991369862 0.232, -83.4857417332 38.1989119675 0.25)"
"District 09","Rowan","09-80108.00","CR","1391","CR-1391","SAFETY(P)","0.0","0.25","WIDEN AND SOFTEN CURVE ON CR 1391 (BRATTON BRANCH RD) AT WALMART (2020CCN)","","2020","2026","C","SPP","270000","2031","","","","103-CR-1391-000","LINESTRING Z (-83.4825001796 38.1998553407 0, -83.4825599623 38.1998921976 0.004, -83.4826521813 38.1999835174 0.012, -83.482730471 38.2000976445 0.021, -83.4829127298 38.2004077018 0.045, -83.4829696322 38.2004815876 0.051, -83.4830068529 38.2005163634 0.054, -83.4830522015 38.2005471746 0.057, -83.483103455 38.200567112 0.06, -83.4831584847 38.2005775067 0.063, -83.4832826427 38.2005812605 0.07, -83.4833308029 38.2005659766 0.073, -83.4835066416 38.2004740275 0.084, -83.483823058 38.2002595106 0.107, -83.4839421454 38.2001678464 0.116, -83.4840025029 38.2001181841 0.121, -83.4844473042 38.1997020258 0.158, -83.4845560629 38.1996065925 0.167, -83.4846155639 38.1995621328 0.172, -83.4848063046 38.1994495901 0.184, -83.4848717036 38.1994170555 0.189, -83.48494149 38.1993889996 0.193, -83.4850828299 38.1993433605 0.201, -83.4853567803 38.1992642765 0.217, -83.4854743761 38.1992096666 0.225, -83.4855664211 38.1991369862 0.232, -83.4857417332 38.1989119675 0.25)"
"District 09","Rowan","09-80307.00","KY","32","KY-32","CONGESTION MITIGTN(O)","5.4","5.85","Improve safety and reduce congestion on KY 32 (Flemingsburg Road) between the intersections of CS 1203 (Trademore Drive) and CS1001 (Fraley Drive) and in the vicinity of the I-64 interchange. (2024CCN)","","2024","2026","U","NH","7540000","2030","","","","103-KY-0032-000","LINESTRING Z (-83.4807200128 38.1946085179 5.4, -83.4805687396 38.1944625033 5.413, -83.4800144188 38.1938813139 5.463, -83.4794720763 38.1932618948 5.515, -83.4793839746 38.1931615856 5.524, -83.4792088583 38.1929596153 5.541, -83.4786199616 38.1922700737 5.598, -83.4784267076 38.1920243507 5.618, -83.4782361098 38.1917602744 5.639, -83.4780586436 38.1914428843 5.663, -83.4779954638 38.1913133857 5.673, -83.4779293549 38.1911659757 5.684, -83.4775812234 38.1902772287 5.748, -83.4770986603 38.1890982859 5.833, -83.47700486 38.1888656349 5.85)"
"District 09","Rowan","09-80307.00","KY","32","KY-32","CONGESTION MITIGTN(O)","5.4","5.85","Improve safety and reduce congestion on KY 32 (Flemingsburg Road) between the intersections of CS 1203 (Trademore Drive) and CS1001 (Fraley Drive) and in the vicinity of the I-64 interchange. (2024CCN)","","2024","2026","R","NH","3000000","2029","","","","103-KY-0032-000","LINESTRING Z (-83.4807200128 38.1946085179 5.4, -83.4805687396 38.1944625033 5.413, -83.4800144188 38.1938813139 5.463, -83.4794720763 38.1932618948 5.515, -83.4793839746 38.1931615856 5.524, -83.4792088583 38.1929596153 5.541, -83.4786199616 38.1922700737 5.598, -83.4784267076 38.1920243507 5.618, -83.4782361098 38.1917602744 5.639, -83.4780586436 38.1914428843 5.663, -83.4779954638 38.1913133857 5.673, -83.4779293549 38.1911659757 5.684, -83.4775812234 38.1902772287 5.748, -83.4770986603 38.1890982859 5.833, -83.47700486 38.1888656349 5.85)"
"District 09","Rowan","09-80307.00","KY","32","KY-32","CONGESTION MITIGTN(O)","5.4","5.85","Improve safety and reduce congestion on KY 32 (Flemingsburg Road) between the intersections of CS 1203 (Trademore Drive) and CS1001 (Fraley Drive) and in the vicinity of the I-64 interchange. (2024CCN)","","2024","2026","C","NH","31000000","2031","","","","103-KY-0032-000","LINESTRING Z (-83.4807200128 38.1946085179 5.4, -83.4805687396 38.1944625033 5.413, -83.4800144188 38.1938813139 5.463, -83.4794720763 38.1932618948 5.515, -83.4793839746 38.1931615856 5.524, -83.4792088583 38.1929596153 5.541, -83.4786199616 38.1922700737 5.598, -83.4784267076 38.1920243507 5.618, -83.4782361098 38.1917602744 5.639, -83.4780586436 38.1914428843 5.663, -83.4779954638 38.1913133857 5.673, -83.4779293549 38.1911659757 5.684, -83.4775812234 38.1902772287 5.748, -83.4770986603 38.1890982859 5.833, -83.47700486 38.1888656349 5.85)"
"District 09","Rowan","09-80308.00","KY","32","KY-32","CONGESTION MITIGTN(O)","4.8","7.8","Reduce congestion and improve mobility on KY 32 (Flemingsburg Road) between the intersections with KY 3531 (Viking Drive) and CS1020 (Mabry Drive). (2024CCN)","","2024","2026","C","SPP","18000000","2031","","","","103-KY-0032-000","LINESTRING Z (-83.476458935 38.2011664977 4.8, -83.4766976577 38.2010056048 4.817, -83.4790797683 38.1994026463 4.988, -83.4804312588 38.1984938002 5.085, -83.4810564354 38.1980646347 5.13, -83.4813169061 38.1978468535 5.15, -83.4815185903 38.1976276692 5.169, -83.4816780521 38.1974005318 5.187, -83.4817892758 38.1971798862 5.203, -83.4818699705 38.1969559078 5.219, -83.4819175004 38.196689813 5.238, -83.4819231999 38.1964144007 5.257, -83.4818829873 38.1961490954 5.275, -83.4817889134 38.1958695716 5.295, -83.4817551801 38.1958007992 5.3, -83.4816877034 38.1956635295 5.31, -83.4815200965 38.1954207773 5.329, -83.4813286862 38.1952050379 5.347, -83.4810341976 38.1949117783 5.373, -83.4805687396 38.1944625033 5.413, -83.4800144188 38.1938813139 5.463, -83.4794720763 38.1932618948 5.515, -83.4793839746 38.1931615856 5.524, -83.4792088583 38.1929596153 5.541, -83.4786199616 38.1922700737 5.598, -83.4784267076 38.1920243507 5.618, -83.4782361098 38.1917602744 5.639, -83.4780586436 38.1914428843 5.663, -83.4779954638 38.1913133857 5.673, -83.4779293549 38.1911659757 5.684, -83.4775812234 38.1902772287 5.748, -83.4770986603 38.1890982859 5.833, -83.4767676031 38.1882771642 5.893, -83.4765431286 38.1877580626 5.931, -83.4764095075 38.1874752999 5.952, -83.4762361504 38.1871832576 5.975, -83.4761482883 38.1870530083 5.985, -83.4759265591 38.1867833836 6.007, -83.4757662045 38.1866226223 6.021, -83.4756639823 38.1865291807 6.029, -83.4754803328 38.1863789586 6.043, -83.4753234166 38.1862646863 6.055, -83.4751579752 38.1861560181 6.067, -83.4749850334 38.1860535237 6.078, -83.4748056548 38.1859566738 6.09, -83.4744319066 38.1857750465 6.113, -83.4736193645 38.1853995465 6.164, -83.4724424411 38.1848552226 6.237, -83.4720421944 38.1846642861 6.262, -83.4717595126 38.1845206652 6.28, -83.4715764246 38.1844201674 6.292, -83.4713091084 38.1842636554 6.31, -83.471053797 38.1841016056 6.328, -83.4708087444 38.183934259 6.345, -83.4704980848 38.1837052129 6.368, -83.4702407355 38.183496698 6.388, -83.4699592553 38.183247061 6.411, -83.4697937457 38.1830848172 6.425, -83.4695390684 38.1828238844 6.447, -83.469400648 38.182674799 6.46, -83.4686942946 38.1819178323 6.525, -83.4684532641 38.1816659503 6.547, -83.4682890685 38.1815064771 6.561, -83.4681488363 38.1813823529 6.573, -83.4680381901 38.1812917633 6.582, -83.4678470352 38.1811488001 6.596, -83.4677253439 38.181066513 6.605, -83.4675166971 38.1809377708 6.619, -83.4673835954 38.1808643278 6.628, -83.4672009478 38.180772622 6.64, -83.4670107993 38.1806870896 6.652, -83.4667649626 38.1805905909 6.667, -83.4664035806 38.1804718068 6.689, -83.4661913931 38.1804124934 6.701, -83.465809659 38.180321608 6.723, -83.4643748583 38.1800172502 6.804, -83.4618289195 38.1794875427 6.949, -83.4612049148 38.1793540439 6.984, -83.4608144271 38.1792764335 7.006, -83.4603622702 38.179201198 7.03, -83.4599047663 38.1791412407 7.056, -83.459675462 38.1791178438 7.068, -83.459388712 38.1790952555 7.084, -83.4589874512 38.1790731938 7.105, -83.4585290479 38.179064583 7.13, -83.4580680023 38.1790737747 7.155, -83.4578369436 38.1790844025 7.167, -83.457430319 38.1791116787 7.189, -83.4571395964 38.1791384541 7.205, -83.4566710482 38.1791985888 7.231, -83.4562033932 38.1792746717 7.256, -83.453550247 38.1797415163 7.403, -83.4518180218 38.1800484789 7.5, -83.449179329 38.1805075404 7.648, -83.4480631482 38.180700076 7.71, -83.4476631115 38.1807499721 7.732, -83.4474614802 38.1807652737 7.743, -83.4472586812 38.1807734097 7.755, -83.446903777 38.1807711654 7.774, -83.4467009169 38.1807589717 7.785, -83.4465032192 38.1807375378 7.796, -83.4464303204 38.1807260907 7.8)"
"District 09","Rowan","09-80308.00","KY","32","KY-32","CONGESTION MITIGTN(O)","4.8","7.8","Reduce congestion and improve mobility on KY 32 (Flemingsburg Road) between the intersections with KY 3531 (Viking Drive) and CS1020 (Mabry Drive). (2024CCN)","","2024","2026","U","SPP","3920000","2030","","","","103-KY-0032-000","LINESTRING Z (-83.476458935 38.2011664977 4.8, -83.4766976577 38.2010056048 4.817, -83.4790797683 38.1994026463 4.988, -83.4804312588 38.1984938002 5.085, -83.4810564354 38.1980646347 5.13, -83.4813169061 38.1978468535 5.15, -83.4815185903 38.1976276692 5.169, -83.4816780521 38.1974005318 5.187, -83.4817892758 38.1971798862 5.203, -83.4818699705 38.1969559078 5.219, -83.4819175004 38.196689813 5.238, -83.4819231999 38.1964144007 5.257, -83.4818829873 38.1961490954 5.275, -83.4817889134 38.1958695716 5.295, -83.4817551801 38.1958007992 5.3, -83.4816877034 38.1956635295 5.31, -83.4815200965 38.1954207773 5.329, -83.4813286862 38.1952050379 5.347, -83.4810341976 38.1949117783 5.373, -83.4805687396 38.1944625033 5.413, -83.4800144188 38.1938813139 5.463, -83.4794720763 38.1932618948 5.515, -83.4793839746 38.1931615856 5.524, -83.4792088583 38.1929596153 5.541, -83.4786199616 38.1922700737 5.598, -83.4784267076 38.1920243507 5.618, -83.4782361098 38.1917602744 5.639, -83.4780586436 38.1914428843 5.663, -83.4779954638 38.1913133857 5.673, -83.4779293549 38.1911659757 5.684, -83.4775812234 38.1902772287 5.748, -83.4770986603 38.1890982859 5.833, -83.4767676031 38.1882771642 5.893, -83.4765431286 38.1877580626 5.931, -83.4764095075 38.1874752999 5.952, -83.4762361504 38.1871832576 5.975, -83.4761482883 38.1870530083 5.985, -83.4759265591 38.1867833836 6.007, -83.4757662045 38.1866226223 6.021, -83.4756639823 38.1865291807 6.029, -83.4754803328 38.1863789586 6.043, -83.4753234166 38.1862646863 6.055, -83.4751579752 38.1861560181 6.067, -83.4749850334 38.1860535237 6.078, -83.4748056548 38.1859566738 6.09, -83.4744319066 38.1857750465 6.113, -83.4736193645 38.1853995465 6.164, -83.4724424411 38.1848552226 6.237, -83.4720421944 38.1846642861 6.262, -83.4717595126 38.1845206652 6.28, -83.4715764246 38.1844201674 6.292, -83.4713091084 38.1842636554 6.31, -83.471053797 38.1841016056 6.328, -83.4708087444 38.183934259 6.345, -83.4704980848 38.1837052129 6.368, -83.4702407355 38.183496698 6.388, -83.4699592553 38.183247061 6.411, -83.4697937457 38.1830848172 6.425, -83.4695390684 38.1828238844 6.447, -83.469400648 38.182674799 6.46, -83.4686942946 38.1819178323 6.525, -83.4684532641 38.1816659503 6.547, -83.4682890685 38.1815064771 6.561, -83.4681488363 38.1813823529 6.573, -83.4680381901 38.1812917633 6.582, -83.4678470352 38.1811488001 6.596, -83.4677253439 38.181066513 6.605, -83.4675166971 38.1809377708 6.619, -83.4673835954 38.1808643278 6.628, -83.4672009478 38.180772622 6.64, -83.4670107993 38.1806870896 6.652, -83.4667649626 38.1805905909 6.667, -83.4664035806 38.1804718068 6.689, -83.4661913931 38.1804124934 6.701, -83.465809659 38.180321608 6.723, -83.4643748583 38.1800172502 6.804, -83.4618289195 38.1794875427 6.949, -83.4612049148 38.1793540439 6.984, -83.4608144271 38.1792764335 7.006, -83.4603622702 38.179201198 7.03, -83.4599047663 38.1791412407 7.056, -83.459675462 38.1791178438 7.068, -83.459388712 38.1790952555 7.084, -83.4589874512 38.1790731938 7.105, -83.4585290479 38.179064583 7.13, -83.4580680023 38.1790737747 7.155, -83.4578369436 38.1790844025 7.167, -83.457430319 38.1791116787 7.189, -83.4571395964 38.1791384541 7.205, -83.4566710482 38.1791985888 7.231, -83.4562033932 38.1792746717 7.256, -83.453550247 38.1797415163 7.403, -83.4518180218 38.1800484789 7.5, -83.449179329 38.1805075404 7.648, -83.4480631482 38.180700076 7.71, -83.4476631115 38.1807499721 7.732, -83.4474614802 38.1807652737 7.743, -83.4472586812 38.1807734097 7.755, -83.446903777 38.1807711654 7.774, -83.4467009169 38.1807589717 7.785, -83.4465032192 38.1807375378 7.796, -83.4464303204 38.1807260907 7.8)"
"District 09","Rowan","09-80308.00","KY","32","KY-32","CONGESTION MITIGTN(O)","4.8","7.8","Reduce congestion and improve mobility on KY 32 (Flemingsburg Road) between the intersections with KY 3531 (Viking Drive) and CS1020 (Mabry Drive). (2024CCN)","","2024","2026","D","SPP","1820000","2029","","","","103-KY-0032-000","LINESTRING Z (-83.476458935 38.2011664977 4.8, -83.4766976577 38.2010056048 4.817, -83.4790797683 38.1994026463 4.988, -83.4804312588 38.1984938002 5.085, -83.4810564354 38.1980646347 5.13, -83.4813169061 38.1978468535 5.15, -83.4815185903 38.1976276692 5.169, -83.4816780521 38.1974005318 5.187, -83.4817892758 38.1971798862 5.203, -83.4818699705 38.1969559078 5.219, -83.4819175004 38.196689813 5.238, -83.4819231999 38.1964144007 5.257, -83.4818829873 38.1961490954 5.275, -83.4817889134 38.1958695716 5.295, -83.4817551801 38.1958007992 5.3, -83.4816877034 38.1956635295 5.31, -83.4815200965 38.1954207773 5.329, -83.4813286862 38.1952050379 5.347, -83.4810341976 38.1949117783 5.373, -83.4805687396 38.1944625033 5.413, -83.4800144188 38.1938813139 5.463, -83.4794720763 38.1932618948 5.515, -83.4793839746 38.1931615856 5.524, -83.4792088583 38.1929596153 5.541, -83.4786199616 38.1922700737 5.598, -83.4784267076 38.1920243507 5.618, -83.4782361098 38.1917602744 5.639, -83.4780586436 38.1914428843 5.663, -83.4779954638 38.1913133857 5.673, -83.4779293549 38.1911659757 5.684, -83.4775812234 38.1902772287 5.748, -83.4770986603 38.1890982859 5.833, -83.4767676031 38.1882771642 5.893, -83.4765431286 38.1877580626 5.931, -83.4764095075 38.1874752999 5.952, -83.4762361504 38.1871832576 5.975, -83.4761482883 38.1870530083 5.985, -83.4759265591 38.1867833836 6.007, -83.4757662045 38.1866226223 6.021, -83.4756639823 38.1865291807 6.029, -83.4754803328 38.1863789586 6.043, -83.4753234166 38.1862646863 6.055, -83.4751579752 38.1861560181 6.067, -83.4749850334 38.1860535237 6.078, -83.4748056548 38.1859566738 6.09, -83.4744319066 38.1857750465 6.113, -83.4736193645 38.1853995465 6.164, -83.4724424411 38.1848552226 6.237, -83.4720421944 38.1846642861 6.262, -83.4717595126 38.1845206652 6.28, -83.4715764246 38.1844201674 6.292, -83.4713091084 38.1842636554 6.31, -83.471053797 38.1841016056 6.328, -83.4708087444 38.183934259 6.345, -83.4704980848 38.1837052129 6.368, -83.4702407355 38.183496698 6.388, -83.4699592553 38.183247061 6.411, -83.4697937457 38.1830848172 6.425, -83.4695390684 38.1828238844 6.447, -83.469400648 38.182674799 6.46, -83.4686942946 38.1819178323 6.525, -83.4684532641 38.1816659503 6.547, -83.4682890685 38.1815064771 6.561, -83.4681488363 38.1813823529 6.573, -83.4680381901 38.1812917633 6.582, -83.4678470352 38.1811488001 6.596, -83.4677253439 38.181066513 6.605, -83.4675166971 38.1809377708 6.619, -83.4673835954 38.1808643278 6.628, -83.4672009478 38.180772622 6.64, -83.4670107993 38.1806870896 6.652, -83.4667649626 38.1805905909 6.667, -83.4664035806 38.1804718068 6.689, -83.4661913931 38.1804124934 6.701, -83.465809659 38.180321608 6.723, -83.4643748583 38.1800172502 6.804, -83.4618289195 38.1794875427 6.949, -83.4612049148 38.1793540439 6.984, -83.4608144271 38.1792764335 7.006, -83.4603622702 38.179201198 7.03, -83.4599047663 38.1791412407 7.056, -83.459675462 38.1791178438 7.068, -83.459388712 38.1790952555 7.084, -83.4589874512 38.1790731938 7.105, -83.4585290479 38.179064583 7.13, -83.4580680023 38.1790737747 7.155, -83.4578369436 38.1790844025 7.167, -83.457430319 38.1791116787 7.189, -83.4571395964 38.1791384541 7.205, -83.4566710482 38.1791985888 7.231, -83.4562033932 38.1792746717 7.256, -83.453550247 38.1797415163 7.403, -83.4518180218 38.1800484789 7.5, -83.449179329 38.1805075404 7.648, -83.4480631482 38.180700076 7.71, -83.4476631115 38.1807499721 7.732, -83.4474614802 38.1807652737 7.743, -83.4472586812 38.1807734097 7.755, -83.446903777 38.1807711654 7.774, -83.4467009169 38.1807589717 7.785, -83.4465032192 38.1807375378 7.796, -83.4464303204 38.1807260907 7.8)"
"District 09","Rowan","09-80308.00","KY","32","KY-32","CONGESTION MITIGTN(O)","4.8","7.8","Reduce congestion and improve mobility on KY 32 (Flemingsburg Road) between the intersections with KY 3531 (Viking Drive) and CS1020 (Mabry Drive). (2024CCN)","","2024","2026","R","SPP","2300000","2030","","","","103-KY-0032-000","LINESTRING Z (-83.476458935 38.2011664977 4.8, -83.4766976577 38.2010056048 4.817, -83.4790797683 38.1994026463 4.988, -83.4804312588 38.1984938002 5.085, -83.4810564354 38.1980646347 5.13, -83.4813169061 38.1978468535 5.15, -83.4815185903 38.1976276692 5.169, -83.4816780521 38.1974005318 5.187, -83.4817892758 38.1971798862 5.203, -83.4818699705 38.1969559078 5.219, -83.4819175004 38.196689813 5.238, -83.4819231999 38.1964144007 5.257, -83.4818829873 38.1961490954 5.275, -83.4817889134 38.1958695716 5.295, -83.4817551801 38.1958007992 5.3, -83.4816877034 38.1956635295 5.31, -83.4815200965 38.1954207773 5.329, -83.4813286862 38.1952050379 5.347, -83.4810341976 38.1949117783 5.373, -83.4805687396 38.1944625033 5.413, -83.4800144188 38.1938813139 5.463, -83.4794720763 38.1932618948 5.515, -83.4793839746 38.1931615856 5.524, -83.4792088583 38.1929596153 5.541, -83.4786199616 38.1922700737 5.598, -83.4784267076 38.1920243507 5.618, -83.4782361098 38.1917602744 5.639, -83.4780586436 38.1914428843 5.663, -83.4779954638 38.1913133857 5.673, -83.4779293549 38.1911659757 5.684, -83.4775812234 38.1902772287 5.748, -83.4770986603 38.1890982859 5.833, -83.4767676031 38.1882771642 5.893, -83.4765431286 38.1877580626 5.931, -83.4764095075 38.1874752999 5.952, -83.4762361504 38.1871832576 5.975, -83.4761482883 38.1870530083 5.985, -83.4759265591 38.1867833836 6.007, -83.4757662045 38.1866226223 6.021, -83.4756639823 38.1865291807 6.029, -83.4754803328 38.1863789586 6.043, -83.4753234166 38.1862646863 6.055, -83.4751579752 38.1861560181 6.067, -83.4749850334 38.1860535237 6.078, -83.4748056548 38.1859566738 6.09, -83.4744319066 38.1857750465 6.113, -83.4736193645 38.1853995465 6.164, -83.4724424411 38.1848552226 6.237, -83.4720421944 38.1846642861 6.262, -83.4717595126 38.1845206652 6.28, -83.4715764246 38.1844201674 6.292, -83.4713091084 38.1842636554 6.31, -83.471053797 38.1841016056 6.328, -83.4708087444 38.183934259 6.345, -83.4704980848 38.1837052129 6.368, -83.4702407355 38.183496698 6.388, -83.4699592553 38.183247061 6.411, -83.4697937457 38.1830848172 6.425, -83.4695390684 38.1828238844 6.447, -83.469400648 38.182674799 6.46, -83.4686942946 38.1819178323 6.525, -83.4684532641 38.1816659503 6.547, -83.4682890685 38.1815064771 6.561, -83.4681488363 38.1813823529 6.573, -83.4680381901 38.1812917633 6.582, -83.4678470352 38.1811488001 6.596, -83.4677253439 38.181066513 6.605, -83.4675166971 38.1809377708 6.619, -83.4673835954 38.1808643278 6.628, -83.4672009478 38.180772622 6.64, -83.4670107993 38.1806870896 6.652, -83.4667649626 38.1805905909 6.667, -83.4664035806 38.1804718068 6.689, -83.4661913931 38.1804124934 6.701, -83.465809659 38.180321608 6.723, -83.4643748583 38.1800172502 6.804, -83.4618289195 38.1794875427 6.949, -83.4612049148 38.1793540439 6.984, -83.4608144271 38.1792764335 7.006, -83.4603622702 38.179201198 7.03, -83.4599047663 38.1791412407 7.056, -83.459675462 38.1791178438 7.068, -83.459388712 38.1790952555 7.084, -83.4589874512 38.1790731938 7.105, -83.4585290479 38.179064583 7.13, -83.4580680023 38.1790737747 7.155, -83.4578369436 38.1790844025 7.167, -83.457430319 38.1791116787 7.189, -83.4571395964 38.1791384541 7.205, -83.4566710482 38.1791985888 7.231, -83.4562033932 38.1792746717 7.256, -83.453550247 38.1797415163 7.403, -83.4518180218 38.1800484789 7.5, -83.449179329 38.1805075404 7.648, -83.4480631482 38.180700076 7.71, -83.4476631115 38.1807499721 7.732, -83.4474614802 38.1807652737 7.743, -83.4472586812 38.1807734097 7.755, -83.446903777 38.1807711654 7.774, -83.4467009169 38.1807589717 7.785, -83.4465032192 38.1807375378 7.796, -83.4464303204 38.1807260907 7.8)"
"District 09","Rowan","09-80309.00","KY","32","KY-32","CONGESTION MITIGTN(O)","8.4","8.44","Improve safety and reduce congestion at the intersection of US 60 (West Wilkinson Blvd.) and KY 32 (Flemingsburg Road). (2024CCN)","","2024","2026","U","STP1","600000","2029","","","","103-KY-0032-000","MULTILINESTRING Z ((-83.4363909362 38.1771102045 8.4, -83.4357696467 38.176852913 8.439), (-83.4107349148 38.1981874806 8.439, -83.4107209874 38.1981774138 8.44))"
"District 09","Rowan","09-80309.00","KY","32","KY-32","CONGESTION MITIGTN(O)","8.4","8.44","Improve safety and reduce congestion at the intersection of US 60 (West Wilkinson Blvd.) and KY 32 (Flemingsburg Road). (2024CCN)","","2024","2026","C","STP1","4350000","2030","","","","103-KY-0032-000","MULTILINESTRING Z ((-83.4363909362 38.1771102045 8.4, -83.4357696467 38.176852913 8.439), (-83.4107349148 38.1981874806 8.439, -83.4107209874 38.1981774138 8.44))"
"District 09","Rowan","09-80309.00","KY","32","KY-32","CONGESTION MITIGTN(O)","8.4","8.44","Improve safety and reduce congestion at the intersection of US 60 (West Wilkinson Blvd.) and KY 32 (Flemingsburg Road). (2024CCN)","","2024","2026","R","STP1","440000","2029","","","","103-KY-0032-000","MULTILINESTRING Z ((-83.4363909362 38.1771102045 8.4, -83.4357696467 38.176852913 8.439), (-83.4107349148 38.1981874806 8.439, -83.4107209874 38.1981774138 8.44))"
