"DISTRICT","COUNTY","SYP_NO","ROUTE_PREFIX","ROUTE_NO","ROUTE","TYPE_WORK","BMP","EMP","DESCRIPTION","BRIDGE_ID","ENACT_INITIAL_YEAR","ENACT_YEAR","ENACT_PHASE","FUND_CODE","RSY_FUND","RSY_YEAR","LATEST_LETTING_DATE","AWARDED","NUMBER_OF_LETTINGS","RT_UNIQUE","GEOMETRY_WKT"
"District 06","Various","06-08300.00","","","","SPOT IMPROVEMENTS","","","CONSTRUCT WEST US-27 CYNTHIANA BYPASS: SECTION THREE FROM US-27 NORTH TO US 62 EAST. (06CCN)(2024CCN) (2026CCN)","","2006","2026","D","SPP","1080000","2030","","","","",""
"District 06","Various","06-08300.00","","","","SPOT IMPROVEMENTS","","","CONSTRUCT WEST US-27 CYNTHIANA BYPASS: SECTION THREE FROM US-27 NORTH TO US 62 EAST. (06CCN)(2024CCN) (2026CCN)","","2006","2026","R","SPP","2900000","2031","","","","",""
"District 06","Various","06-08300.00","","","","SPOT IMPROVEMENTS","","","CONSTRUCT WEST US-27 CYNTHIANA BYPASS: SECTION THREE FROM US-27 NORTH TO US 62 EAST. (06CCN)(2024CCN) (2026CCN)","","2006","2026","U","SPP","570000","2032","","","","",""
"District 06","Various","06-08300.00","","","","SPOT IMPROVEMENTS","","","CONSTRUCT WEST US-27 CYNTHIANA BYPASS: SECTION THREE FROM US-27 NORTH TO US 62 EAST. (06CCN)(2024CCN) (2026CCN)","","2006","2026","C","SPP","18250000","2032","","","","",""
"District 06","Various","06-08902.00","","","","CONGESTION MITIGTN(O)","","","Add turn lanes on KY 9 (AA Hwy) at the KY 875 (Mt Zion Road) intersection to improve safety and mobility. (SYP 6-8902) (MP 7.6 to 7.9) (2026CCN)","","2016","2026","D","SPP","20000","2026","","","","",""
"District 06","Various","06-08902.00","","","","CONGESTION MITIGTN(O)","","","Add turn lanes on KY 9 (AA Hwy) at the KY 875 (Mt Zion Road) intersection to improve safety and mobility. (SYP 6-8902) (MP 7.6 to 7.9) (2026CCN)","","2016","2026","U","SPP","120000","2027","","","","",""
"District 06","Various","06-08902.00","","","","CONGESTION MITIGTN(O)","","","Add turn lanes on KY 9 (AA Hwy) at the KY 875 (Mt Zion Road) intersection to improve safety and mobility. (SYP 6-8902) (MP 7.6 to 7.9) (2026CCN)","","2016","2026","C","SPP","170000","2027","","","","",""
"District 06","Various","06-08902.00","","","","CONGESTION MITIGTN(O)","","","Add turn lanes on KY 9 (AA Hwy) at the KY 875 (Mt Zion Road) intersection to improve safety and mobility. (SYP 6-8902) (MP 7.6 to 7.9) (2026CCN)","","2016","2026","R","SPP","20000","2027","","","","",""
"District 06","Boone","06-00079.00","I","75","I-75","CONGESTION MITIGATION","182.978","183.312","IMPROVE SAFETY, MOBILITY, OPERATIONS, AND GEOMETRICS AT THE JUNCTION OF I-75 AND I-275 AND THE SYSTEM-TO-SYSTEM RAMPS. (2024CCR)","","2018","2026","R","NH","20000000","2029","","","","008-I-0075-000","LINESTRING (-84.6218763496 39.0182943836, -84.6194615462 39.0197729463, -84.6182039659 39.020615995, -84.6170805982 39.021472107, -84.6164207974 39.022075352, -84.6161011801 39.0223943668, -84.6118604692 39.0266254985, -84.6108557379 39.027672117, -84.6098823045 39.0286962371, -84.6089612702 39.0296318962, -84.6084886891 39.0300716047, -84.6079109764 39.0305484687, -84.6076066649 39.0307621806, -84.6066474499 39.0314358144, -84.6061061548 39.0317441719, -84.6052310339 39.0321945685, -84.603787079 39.0328448713, -84.6026621175 39.0333326649, -84.5997220518 39.0346071565, -84.5983032066 39.0352439066, -84.5954840781 39.0365408735, -84.5926676594 39.0377938721, -84.5912813678 39.0383902216, -84.589869771 39.0390266681, -84.5889327522 39.0393950801)"
"District 06","Boone","06-00079.00","I","75","I-75","CONGESTION MITIGATION","182.978","183.312","IMPROVE SAFETY, MOBILITY, OPERATIONS, AND GEOMETRICS AT THE JUNCTION OF I-75 AND I-275 AND THE SYSTEM-TO-SYSTEM RAMPS. (2024CCR)","","2018","2026","U","NH","10000000","2029","","","","008-I-0075-000","LINESTRING (-84.6218763496 39.0182943836, -84.6194615462 39.0197729463, -84.6182039659 39.020615995, -84.6170805982 39.021472107, -84.6164207974 39.022075352, -84.6161011801 39.0223943668, -84.6118604692 39.0266254985, -84.6108557379 39.027672117, -84.6098823045 39.0286962371, -84.6089612702 39.0296318962, -84.6084886891 39.0300716047, -84.6079109764 39.0305484687, -84.6076066649 39.0307621806, -84.6066474499 39.0314358144, -84.6061061548 39.0317441719, -84.6052310339 39.0321945685, -84.603787079 39.0328448713, -84.6026621175 39.0333326649, -84.5997220518 39.0346071565, -84.5983032066 39.0352439066, -84.5954840781 39.0365408735, -84.5926676594 39.0377938721, -84.5912813678 39.0383902216, -84.589869771 39.0390266681, -84.5889327522 39.0393950801)"
"District 06","Boone","06-00079.00","I","75","I-75","CONGESTION MITIGATION","182.978","183.312","IMPROVE SAFETY, MOBILITY, OPERATIONS, AND GEOMETRICS AT THE JUNCTION OF I-75 AND I-275 AND THE SYSTEM-TO-SYSTEM RAMPS. (2024CCR)","","2018","2026","C","NH","260000000","2032","","","","008-I-0075-000","LINESTRING (-84.6218763496 39.0182943836, -84.6194615462 39.0197729463, -84.6182039659 39.020615995, -84.6170805982 39.021472107, -84.6164207974 39.022075352, -84.6161011801 39.0223943668, -84.6118604692 39.0266254985, -84.6108557379 39.027672117, -84.6098823045 39.0286962371, -84.6089612702 39.0296318962, -84.6084886891 39.0300716047, -84.6079109764 39.0305484687, -84.6076066649 39.0307621806, -84.6066474499 39.0314358144, -84.6061061548 39.0317441719, -84.6052310339 39.0321945685, -84.603787079 39.0328448713, -84.6026621175 39.0333326649, -84.5997220518 39.0346071565, -84.5983032066 39.0352439066, -84.5954840781 39.0365408735, -84.5926676594 39.0377938721, -84.5912813678 39.0383902216, -84.589869771 39.0390266681, -84.5889327522 39.0393950801)"
"District 06","Boone","06-00080.00","I","75","I-75","CONGESTION MITIGATION","171.0","171.8","REDUCE CONGESTION AND IMPROVE TRAFFIC MOBILITY AT THE INTERCHANGE OF I-75 AND KY-14 IN WALTON. (2020CCR) (2022CCR) (2024CCR)","","2018","2026","R","NH","17250000","2026","","","","008-I-0075-000","LINESTRING (-84.6222692778 38.8535101698, -84.6224958635 38.8554672148, -84.6233542923 38.8631627094, -84.6235752509 38.8651109027)"
"District 06","Boone","06-00080.00","I","75","I-75","CONGESTION MITIGATION","171.0","171.8","REDUCE CONGESTION AND IMPROVE TRAFFIC MOBILITY AT THE INTERCHANGE OF I-75 AND KY-14 IN WALTON. (2020CCR) (2022CCR) (2024CCR)","","2018","2026","C","NH","36000000","2030","","","","008-I-0075-000","LINESTRING (-84.6222692778 38.8535101698, -84.6224958635 38.8554672148, -84.6233542923 38.8631627094, -84.6235752509 38.8651109027)"
"District 06","Boone","06-00080.00","I","75","I-75","CONGESTION MITIGATION","171.0","171.8","REDUCE CONGESTION AND IMPROVE TRAFFIC MOBILITY AT THE INTERCHANGE OF I-75 AND KY-14 IN WALTON. (2020CCR) (2022CCR) (2024CCR)","","2018","2026","U","NH","1680000","2029","","","","008-I-0075-000","LINESTRING (-84.6222692778 38.8535101698, -84.6224958635 38.8554672148, -84.6233542923 38.8631627094, -84.6235752509 38.8651109027)"
"District 06","Boone","06-00113.00","KY","338","KY-338","PLANNING-OKI(O)","1.1","4.9","CONDUCT PLANNING STUDY TO EVALUATE OPTIONS FOR RECONSTRUCTING KY 338 (RICHWOOD ROAD) FROM TRIPLE CROWN BLVD TO US 42. (2026CCN)","","2020","2026","P","SPP","500000","2029","","","","008-KY-0338-000","LINESTRING (-84.6364581181 38.9129740855, -84.6371151682 38.9123431133, -84.6371261847 38.9122891271, -84.6374363995 38.9119957647, -84.6377481774 38.9117150464, -84.6379605421 38.9115237329, -84.6384162232 38.9110930687, -84.6386289233 38.9108795165, -84.6388224898 38.9106531568, -84.63909843 38.9103020882, -84.6392904409 38.910039196, -84.6394797278 38.9097474494, -84.6399037392 38.909064437, -84.640291018 38.9084623523, -84.641042596 38.9073123279, -84.6411556381 38.9071577007, -84.6412843652 38.9070114558, -84.641426402 38.9068680797, -84.6418633573 38.9064407974, -84.6419979811 38.9063226118, -84.6421750954 38.9061831303, -84.6423438438 38.9060622407, -84.6425202882 38.9059436184, -84.6445534892 38.9046198449, -84.6447388587 38.9044914174, -84.6449193934 38.9043574548, -84.6454960686 38.9039133303, -84.6485382355 38.9016408671, -84.6487263478 38.9015160285, -84.6489167656 38.9014013703, -84.6494237425 38.9011254396, -84.6495818525 38.9010327221, -84.6497249966 38.9009305306, -84.6498772204 38.900808654, -84.6499484533 38.9007450628, -84.6501078204 38.9005688885, -84.6501800008 38.9004657683, -84.6503609492 38.900163219, -84.651090124 38.8988048047, -84.6512466547 38.8985366244, -84.6514151212 38.8985722199, -84.6518066437 38.8986815276, -84.6520436029 38.8987652519, -84.6526395741 38.8989942245, -84.6529041045 38.8990672169, -84.6530817597 38.8990993256, -84.6532501875 38.8991143259, -84.6534304094 38.8991159809, -84.6536232503 38.8990963359, -84.6553055006 38.8987960211, -84.6564875856 38.8986242676, -84.6570817634 38.8985517306, -84.6593166308 38.8983008953, -84.6595769535 38.8982560484, -84.6598908599 38.8981757215, -84.6600842381 38.8981198284, -84.6626754184 38.8972755568, -84.6629238357 38.8972039613, -84.6631932335 38.8971391458, -84.6634637129 38.8970960294, -84.6661369576 38.896847682, -84.6663781977 38.8968095104, -84.6665369026 38.8967692166, -84.6667045666 38.8967171983, -84.666828942 38.8966700034, -84.6670348663 38.8965730285, -84.6674990096 38.8963353474, -84.667977142 38.8961019097, -84.6699398829 38.8951916562, -84.6717951902 38.8943204856, -84.6721916869 38.8941412064, -84.6725877865 38.8939649426, -84.6730010604 38.8937913034, -84.6743881965 38.8932384807, -84.6933932928 38.8854376029, -84.6934969886 38.8854088679, -84.6936000434 38.8854001701, -84.6936189319 38.8853993121)"
"District 06","Boone","06-00446.10","US","42","US-42","NEW ROUTE","12.508","12.97","Provide East-West Connectivity and Improve Mobility From KY 237 to KY 842. (2024BOP)","","2026","2026","R","SPP","15750000","2029","","","","008-US-0042-000","LINESTRING (-84.6624317681 38.9726723884, -84.6615713722 38.9735266527, -84.6613738111 38.9737079803, -84.6613454755 38.9738153463, -84.6605958171 38.9745069785, -84.6602773318 38.9748008675, -84.6599740408 38.9750899516, -84.659633995 38.9754374537, -84.659395327 38.975709005, -84.6591671747 38.9759828487, -84.6587466875 38.9764872076, -84.6580643582 38.9773062803, -84.6579595527 38.9774228318, -84.6578392674 38.9775395162, -84.6577085136 38.9776506131, -84.6575747671 38.9777501517, -84.6574035677 38.9778608787, -84.6573096739 38.9779110875)"
"District 06","Boone","06-00446.10","US","42","US-42","NEW ROUTE","12.508","12.97","Provide East-West Connectivity and Improve Mobility From KY 237 to KY 842. (2024BOP)","","2026","2026","U","SPP","1800000","2030","","","","008-US-0042-000","LINESTRING (-84.6624317681 38.9726723884, -84.6615713722 38.9735266527, -84.6613738111 38.9737079803, -84.6613454755 38.9738153463, -84.6605958171 38.9745069785, -84.6602773318 38.9748008675, -84.6599740408 38.9750899516, -84.659633995 38.9754374537, -84.659395327 38.975709005, -84.6591671747 38.9759828487, -84.6587466875 38.9764872076, -84.6580643582 38.9773062803, -84.6579595527 38.9774228318, -84.6578392674 38.9775395162, -84.6577085136 38.9776506131, -84.6575747671 38.9777501517, -84.6574035677 38.9778608787, -84.6573096739 38.9779110875)"
"District 06","Boone","06-00446.20","US","42","US-42","NEW ROUTE","12.97","13.489","Provide East-West Connectivity and Improve Mobility from KY 842 to Mall Road. (2024BOP)","","2026","2026","U","SPP","3600000","2030","","","","008-US-0042-000","LINESTRING (-84.6573096739 38.9779110875, -84.657168833 38.9779864005, -84.6569351641 38.9780877698, -84.6567498672 38.9781533413, -84.6557328272 38.9784916193, -84.6553590901 38.9786210813, -84.6550469548 38.9787472622, -84.6547794897 38.9788735769, -84.6545212954 38.9790148023, -84.6543952708 38.9790916207, -84.6541785182 38.9792370678, -84.6540291399 38.9793463432, -84.6538058364 38.979529618, -84.6537045288 38.9796234103, -84.6535130259 38.9798204291, -84.6529317714 38.9804619416, -84.6527537243 38.9806761051, -84.6526142396 38.9808288485, -84.6524649762 38.9809768351, -84.6523480852 38.9810773458, -84.6522278314 38.9811676669, -84.6520388239 38.9812919511, -84.651878097 38.9813835475, -84.6518079091 38.9814194187, -84.6515307493 38.9815343801, -84.6512832982 38.9816152958, -84.6511526316 38.9816495119, -84.6510150015 38.9816789969, -84.6507124187 38.9817303022, -84.6505463989 38.9817529358, -84.6499382203 38.9818220196)"
"District 06","Boone","06-00446.20","US","42","US-42","NEW ROUTE","12.97","13.489","Provide East-West Connectivity and Improve Mobility from KY 842 to Mall Road. (2024BOP)","","2026","2026","R","SPP","36750000","2029","","","","008-US-0042-000","LINESTRING (-84.6573096739 38.9779110875, -84.657168833 38.9779864005, -84.6569351641 38.9780877698, -84.6567498672 38.9781533413, -84.6557328272 38.9784916193, -84.6553590901 38.9786210813, -84.6550469548 38.9787472622, -84.6547794897 38.9788735769, -84.6545212954 38.9790148023, -84.6543952708 38.9790916207, -84.6541785182 38.9792370678, -84.6540291399 38.9793463432, -84.6538058364 38.979529618, -84.6537045288 38.9796234103, -84.6535130259 38.9798204291, -84.6529317714 38.9804619416, -84.6527537243 38.9806761051, -84.6526142396 38.9808288485, -84.6524649762 38.9809768351, -84.6523480852 38.9810773458, -84.6522278314 38.9811676669, -84.6520388239 38.9812919511, -84.651878097 38.9813835475, -84.6518079091 38.9814194187, -84.6515307493 38.9815343801, -84.6512832982 38.9816152958, -84.6511526316 38.9816495119, -84.6510150015 38.9816789969, -84.6507124187 38.9817303022, -84.6505463989 38.9817529358, -84.6499382203 38.9818220196)"
"District 06","Boone","06-00447.10","US","25","US-25","MAJOR WIDENING","5.085","6.68","Reconstruct US 25 from Winning Colors Drive to Melinda Lane. (2024BOP)","","2026","2026","U","SPP","4160000","2029","","","","008-US-0025-000","LINESTRING (-84.6258534405 38.9220734058, -84.6263054229 38.9229410125, -84.6264610431 38.9232200576, -84.6266929383 38.923590149, -84.6274409903 38.9246789492, -84.6276230184 38.9249554942, -84.6276728193 38.9250539804, -84.6277124907 38.9251482528, -84.6277467441 38.9252520841, -84.6277761031 38.9253770097, -84.6277882201 38.9254575702, -84.6277976835 38.9256191008, -84.6277958012 38.9256956849, -84.6277790684 38.9258465356, -84.627749894 38.9259835424, -84.6273327575 38.9283059699, -84.6269669194 38.9302631626, -84.6267534515 38.9314557651, -84.6263927021 38.9334456736, -84.6263196443 38.9337837926, -84.6261984307 38.9342584639, -84.6250052304 38.9386607681, -84.6249474467 38.9388285287, -84.6248692594 38.9389971951, -84.6247685713 38.9391659241, -84.624706023 38.939255116, -84.6234906685 38.9409173716, -84.623013771 38.9415654997, -84.6227587036 38.9419636741, -84.6226900252 38.9421079932, -84.6226272579 38.9422564864, -84.6225803682 38.9424012847, -84.6225470396 38.9425558216, -84.6225286347 38.9427228533, -84.6225239048 38.942892211, -84.6225300129 38.9430655154, -84.6226088457 38.9439011895, -84.6226235351 38.944070721)"
"District 06","Boone","06-00447.10","US","25","US-25","MAJOR WIDENING","5.085","6.68","Reconstruct US 25 from Winning Colors Drive to Melinda Lane. (2024BOP)","","2026","2026","R","SPP","10500000","2029","","","","008-US-0025-000","LINESTRING (-84.6258534405 38.9220734058, -84.6263054229 38.9229410125, -84.6264610431 38.9232200576, -84.6266929383 38.923590149, -84.6274409903 38.9246789492, -84.6276230184 38.9249554942, -84.6276728193 38.9250539804, -84.6277124907 38.9251482528, -84.6277467441 38.9252520841, -84.6277761031 38.9253770097, -84.6277882201 38.9254575702, -84.6277976835 38.9256191008, -84.6277958012 38.9256956849, -84.6277790684 38.9258465356, -84.627749894 38.9259835424, -84.6273327575 38.9283059699, -84.6269669194 38.9302631626, -84.6267534515 38.9314557651, -84.6263927021 38.9334456736, -84.6263196443 38.9337837926, -84.6261984307 38.9342584639, -84.6250052304 38.9386607681, -84.6249474467 38.9388285287, -84.6248692594 38.9389971951, -84.6247685713 38.9391659241, -84.624706023 38.939255116, -84.6234906685 38.9409173716, -84.623013771 38.9415654997, -84.6227587036 38.9419636741, -84.6226900252 38.9421079932, -84.6226272579 38.9422564864, -84.6225803682 38.9424012847, -84.6225470396 38.9425558216, -84.6225286347 38.9427228533, -84.6225239048 38.942892211, -84.6225300129 38.9430655154, -84.6226088457 38.9439011895, -84.6226235351 38.944070721)"
"District 06","Boone","06-00447.10","US","25","US-25","MAJOR WIDENING","5.085","6.68","Reconstruct US 25 from Winning Colors Drive to Melinda Lane. (2024BOP)","","2026","2026","C","SPP","20880000","2030","","","","008-US-0025-000","LINESTRING (-84.6258534405 38.9220734058, -84.6263054229 38.9229410125, -84.6264610431 38.9232200576, -84.6266929383 38.923590149, -84.6274409903 38.9246789492, -84.6276230184 38.9249554942, -84.6276728193 38.9250539804, -84.6277124907 38.9251482528, -84.6277467441 38.9252520841, -84.6277761031 38.9253770097, -84.6277882201 38.9254575702, -84.6277976835 38.9256191008, -84.6277958012 38.9256956849, -84.6277790684 38.9258465356, -84.627749894 38.9259835424, -84.6273327575 38.9283059699, -84.6269669194 38.9302631626, -84.6267534515 38.9314557651, -84.6263927021 38.9334456736, -84.6263196443 38.9337837926, -84.6261984307 38.9342584639, -84.6250052304 38.9386607681, -84.6249474467 38.9388285287, -84.6248692594 38.9389971951, -84.6247685713 38.9391659241, -84.624706023 38.939255116, -84.6234906685 38.9409173716, -84.623013771 38.9415654997, -84.6227587036 38.9419636741, -84.6226900252 38.9421079932, -84.6226272579 38.9422564864, -84.6225803682 38.9424012847, -84.6225470396 38.9425558216, -84.6225286347 38.9427228533, -84.6225239048 38.942892211, -84.6225300129 38.9430655154, -84.6226088457 38.9439011895, -84.6226235351 38.944070721)"
"District 06","Boone","06-00447.20","US","25","US-25","MAJOR WIDENING","6.68","9.2","Reconstruct US 25 from Melinda Lane to RR Spur Crossing. (2024BOP)","","2026","2026","C","SPP","25520000","2031","","","","008-US-0025-000","LINESTRING (-84.6226235351 38.944070721, -84.622644345 38.9443108905, -84.6226630301 38.9446484984, -84.6226568988 38.9448175682, -84.6226318446 38.9449826156, -84.6225864177 38.9451463729, -84.6224616856 38.9454820781, -84.6223498642 38.9457558555, -84.6219953752 38.9466247792, -84.6216555153 38.9474339864, -84.6211471027 38.9486600255, -84.6210149495 38.9489973062, -84.6209645697 38.9491626631, -84.6209309964 38.9493325712, -84.6209163046 38.9495092475, -84.6209222861 38.9496905115, -84.6209730676 38.9500665861, -84.6210218482 38.9503448987, -84.621303624 38.9519476786, -84.6213310648 38.9521283216, -84.6213470366 38.9522775563, -84.621353332 38.9524840833, -84.6213411039 38.9526832957, -84.6212638787 38.9532195994, -84.621193962 38.9535791572, -84.6211496224 38.9537629656, -84.6209894383 38.9543201757, -84.6209083938 38.9545807879, -84.6207174411 38.9551945394, -84.6204965261 38.9559035524, -84.620292485 38.9565218469, -84.6199732424 38.9574712642, -84.6199322739 38.9575960744, -84.6191633809 38.9598972695, -84.6186492078 38.9614181101, -84.6182199006 38.9627264216, -84.6180430084 38.963247225, -84.6175446481 38.9647432239, -84.6174797898 38.9649111866, -84.6174008916 38.9650773689, -84.617300596 38.9652400532, -84.6171856621 38.9653940874, -84.6170608497 38.9655502248, -84.6165298674 38.966179413, -84.6163398499 38.9664123559, -84.6162338881 38.9665546686, -84.6161437363 38.9666979546, -84.6160729021 38.9668427977, -84.6160196715 38.9669864338, -84.615964167 38.9671857833, -84.6156879339 38.9684381522, -84.6156141301 38.9687735069, -84.6155673944 38.968996826, -84.6155628334 38.96904126, -84.6155571322 38.9692493184, -84.6155644361 38.9693674471, -84.6155833672 38.9694843122, -84.6156301774 38.9697079693, -84.6157978098 38.9702583943, -84.6159378127 38.9707764345, -84.6162572253 38.9720605342, -84.616337574 38.9723215736, -84.6165645701 38.9729681048, -84.6167515192 38.9734308544, -84.6168721063 38.973682939, -84.6171979343 38.9742623164, -84.6180516976 38.9756799625, -84.6184167036 38.976297046, -84.6186768599 38.976735499, -84.6187603299 38.976887019, -84.6188381058 38.9770428774, -84.6189080596 38.9772041528, -84.6189702163 38.9773691989, -84.6190744934 38.9776985508, -84.6194390764 38.9789333709, -84.6194616159 38.9790157538)"
"District 06","Boone","06-00447.20","US","25","US-25","MAJOR WIDENING","6.68","9.2","Reconstruct US 25 from Melinda Lane to RR Spur Crossing. (2024BOP)","","2026","2026","U","SPP","6240000","2030","","","","008-US-0025-000","LINESTRING (-84.6226235351 38.944070721, -84.622644345 38.9443108905, -84.6226630301 38.9446484984, -84.6226568988 38.9448175682, -84.6226318446 38.9449826156, -84.6225864177 38.9451463729, -84.6224616856 38.9454820781, -84.6223498642 38.9457558555, -84.6219953752 38.9466247792, -84.6216555153 38.9474339864, -84.6211471027 38.9486600255, -84.6210149495 38.9489973062, -84.6209645697 38.9491626631, -84.6209309964 38.9493325712, -84.6209163046 38.9495092475, -84.6209222861 38.9496905115, -84.6209730676 38.9500665861, -84.6210218482 38.9503448987, -84.621303624 38.9519476786, -84.6213310648 38.9521283216, -84.6213470366 38.9522775563, -84.621353332 38.9524840833, -84.6213411039 38.9526832957, -84.6212638787 38.9532195994, -84.621193962 38.9535791572, -84.6211496224 38.9537629656, -84.6209894383 38.9543201757, -84.6209083938 38.9545807879, -84.6207174411 38.9551945394, -84.6204965261 38.9559035524, -84.620292485 38.9565218469, -84.6199732424 38.9574712642, -84.6199322739 38.9575960744, -84.6191633809 38.9598972695, -84.6186492078 38.9614181101, -84.6182199006 38.9627264216, -84.6180430084 38.963247225, -84.6175446481 38.9647432239, -84.6174797898 38.9649111866, -84.6174008916 38.9650773689, -84.617300596 38.9652400532, -84.6171856621 38.9653940874, -84.6170608497 38.9655502248, -84.6165298674 38.966179413, -84.6163398499 38.9664123559, -84.6162338881 38.9665546686, -84.6161437363 38.9666979546, -84.6160729021 38.9668427977, -84.6160196715 38.9669864338, -84.615964167 38.9671857833, -84.6156879339 38.9684381522, -84.6156141301 38.9687735069, -84.6155673944 38.968996826, -84.6155628334 38.96904126, -84.6155571322 38.9692493184, -84.6155644361 38.9693674471, -84.6155833672 38.9694843122, -84.6156301774 38.9697079693, -84.6157978098 38.9702583943, -84.6159378127 38.9707764345, -84.6162572253 38.9720605342, -84.616337574 38.9723215736, -84.6165645701 38.9729681048, -84.6167515192 38.9734308544, -84.6168721063 38.973682939, -84.6171979343 38.9742623164, -84.6180516976 38.9756799625, -84.6184167036 38.976297046, -84.6186768599 38.976735499, -84.6187603299 38.976887019, -84.6188381058 38.9770428774, -84.6189080596 38.9772041528, -84.6189702163 38.9773691989, -84.6190744934 38.9776985508, -84.6194390764 38.9789333709, -84.6194616159 38.9790157538)"
"District 06","Boone","06-00447.20","US","25","US-25","MAJOR WIDENING","6.68","9.2","Reconstruct US 25 from Melinda Lane to RR Spur Crossing. (2024BOP)","","2026","2026","R","SPP","15750000","2029","","","","008-US-0025-000","LINESTRING (-84.6226235351 38.944070721, -84.622644345 38.9443108905, -84.6226630301 38.9446484984, -84.6226568988 38.9448175682, -84.6226318446 38.9449826156, -84.6225864177 38.9451463729, -84.6224616856 38.9454820781, -84.6223498642 38.9457558555, -84.6219953752 38.9466247792, -84.6216555153 38.9474339864, -84.6211471027 38.9486600255, -84.6210149495 38.9489973062, -84.6209645697 38.9491626631, -84.6209309964 38.9493325712, -84.6209163046 38.9495092475, -84.6209222861 38.9496905115, -84.6209730676 38.9500665861, -84.6210218482 38.9503448987, -84.621303624 38.9519476786, -84.6213310648 38.9521283216, -84.6213470366 38.9522775563, -84.621353332 38.9524840833, -84.6213411039 38.9526832957, -84.6212638787 38.9532195994, -84.621193962 38.9535791572, -84.6211496224 38.9537629656, -84.6209894383 38.9543201757, -84.6209083938 38.9545807879, -84.6207174411 38.9551945394, -84.6204965261 38.9559035524, -84.620292485 38.9565218469, -84.6199732424 38.9574712642, -84.6199322739 38.9575960744, -84.6191633809 38.9598972695, -84.6186492078 38.9614181101, -84.6182199006 38.9627264216, -84.6180430084 38.963247225, -84.6175446481 38.9647432239, -84.6174797898 38.9649111866, -84.6174008916 38.9650773689, -84.617300596 38.9652400532, -84.6171856621 38.9653940874, -84.6170608497 38.9655502248, -84.6165298674 38.966179413, -84.6163398499 38.9664123559, -84.6162338881 38.9665546686, -84.6161437363 38.9666979546, -84.6160729021 38.9668427977, -84.6160196715 38.9669864338, -84.615964167 38.9671857833, -84.6156879339 38.9684381522, -84.6156141301 38.9687735069, -84.6155673944 38.968996826, -84.6155628334 38.96904126, -84.6155571322 38.9692493184, -84.6155644361 38.9693674471, -84.6155833672 38.9694843122, -84.6156301774 38.9697079693, -84.6157978098 38.9702583943, -84.6159378127 38.9707764345, -84.6162572253 38.9720605342, -84.616337574 38.9723215736, -84.6165645701 38.9729681048, -84.6167515192 38.9734308544, -84.6168721063 38.973682939, -84.6171979343 38.9742623164, -84.6180516976 38.9756799625, -84.6184167036 38.976297046, -84.6186768599 38.976735499, -84.6187603299 38.976887019, -84.6188381058 38.9770428774, -84.6189080596 38.9772041528, -84.6189702163 38.9773691989, -84.6190744934 38.9776985508, -84.6194390764 38.9789333709, -84.6194616159 38.9790157538)"
"District 06","Boone","06-00966.08","CO","0","CO-0","MATCHED FED FUNDS(O)","","","DEDICATED FEDERAL-AID STP FUNDS EARMARKED FOR NKY URBANIZED AREA AND SUBJECT TO MPO CONTROL FOR FY 2026 THROUGH FY 2032. (FUNDING SUBJECT TO FISCAL CONSTRAINT PENDING MPO TIP) (2020CCR) (2024CCR)","","2014","2026","C","SNK","60200000","2026","","","","",""
"District 06","Boone","06-01087.00","KY","842","KY-842","AM-BRIDGE (P)","0.094","0.141","ADDRESS DEFICIENCIES OF BRIDGE OVER NS (CNO&TP)RR ON RICHARDSON ROAD (KY 842) 0.14 MI E OF US 25 NEAR INDEPENDENCE (008B00092N) (2020CCN)","008B00092N","2016","2026","C","BRX","10000000","2027","","","","008-KY-0842-000","LINESTRING (-84.6121991584 38.9684435292, -84.6130445904 38.9686196491)"
"District 06","Boone","06-01087.00","KY","842","KY-842","AM-BRIDGE (P)","0.094","0.141","ADDRESS DEFICIENCIES OF BRIDGE OVER NS (CNO&TP)RR ON RICHARDSON ROAD (KY 842) 0.14 MI E OF US 25 NEAR INDEPENDENCE (008B00092N) (2020CCN)","008B00092N","2016","2026","U","BRX","3775000","2027","","","","008-KY-0842-000","LINESTRING (-84.6121991584 38.9684435292, -84.6130445904 38.9686196491)"
"District 06","Boone","06-01087.00","KY","842","KY-842","AM-BRIDGE (P)","0.094","0.141","ADDRESS DEFICIENCIES OF BRIDGE OVER NS (CNO&TP)RR ON RICHARDSON ROAD (KY 842) 0.14 MI E OF US 25 NEAR INDEPENDENCE (008B00092N) (2020CCN)","008B00092N","2016","2026","R","BRX","4000000","2027","","","","008-KY-0842-000","LINESTRING (-84.6121991584 38.9684435292, -84.6130445904 38.9686196491)"
"District 06","Boone","06-08000.20","I","275","I-275","I-CHANGE RECONST(O)","4.842","4.942","I-275/KY-212 INTERCHANGE AND KY-20 RECONSTRUCTION NEAR GREATER CINCINNATI AIRPORT. (2004BOPC)(KYTC SHARE @ 46.6%) (2024CCN)","","2006","2026","D","SPP","6990000","2029","","","","008-I-0275-000","LINESTRING (-84.6701296837 39.0739379957, -84.6709012567 39.074059298, -84.6719669684 39.0742200927)"
"District 06","Boone","06-08000.20","I","275","I-275","I-CHANGE RECONST(O)","4.842","4.942","I-275/KY-212 INTERCHANGE AND KY-20 RECONSTRUCTION NEAR GREATER CINCINNATI AIRPORT. (2004BOPC)(KYTC SHARE @ 46.6%) (2024CCN)","","2006","2026","U","SPP","5250000","2031","","","","008-I-0275-000","LINESTRING (-84.6701296837 39.0739379957, -84.6709012567 39.074059298, -84.6719669684 39.0742200927)"
"District 06","Boone","06-08000.20","I","275","I-275","I-CHANGE RECONST(O)","4.842","4.942","I-275/KY-212 INTERCHANGE AND KY-20 RECONSTRUCTION NEAR GREATER CINCINNATI AIRPORT. (2004BOPC)(KYTC SHARE @ 46.6%) (2024CCN)","","2006","2026","R","SPP","16780000","2030","","","","008-I-0275-000","LINESTRING (-84.6701296837 39.0739379957, -84.6709012567 39.074059298, -84.6719669684 39.0742200927)"
"District 06","Boone","06-08000.20","I","275","I-275","I-CHANGE RECONST(O)","4.842","4.942","I-275/KY-212 INTERCHANGE AND KY-20 RECONSTRUCTION NEAR GREATER CINCINNATI AIRPORT. (2004BOPC)(KYTC SHARE @ 46.6%) (2024CCN)","","2006","2026","C","SPP","54920000","2032","","","","008-I-0275-000","LINESTRING (-84.6701296837 39.0739379957, -84.6709012567 39.074059298, -84.6719669684 39.0742200927)"
"District 06","Boone","06-10028.00","I","275","I-275","AM-BRIDGE (P)","13.299","13.858","ADDRESS DEFICIENCIES OF BRIDGE ON I-275 OVER OHIO RIVER (008B00052N)","008B00052N","2022","2026","D","FBP","3020000","2028","","","","008-I-0275-000","LINESTRING (-84.8211199252 39.0987085681, -84.8230724534 39.1008930247, -84.8270248205 39.1054208754)"
"District 06","Boone","06-10028.00","I","275","I-275","AM-BRIDGE (P)","13.299","13.858","ADDRESS DEFICIENCIES OF BRIDGE ON I-275 OVER OHIO RIVER (008B00052N)","008B00052N","2022","2026","C","FBP","30200000","2028","","","","008-I-0275-000","LINESTRING (-84.8211199252 39.0987085681, -84.8230724534 39.1008930247, -84.8270248205 39.1054208754)"
"District 06","Boone","06-10049.00","KY","14","KY-14","AM-BRIDGE (P)","7.238","7.25","ADDRESS DEFICIENCIES OF BRIDGE ON KY 14 OVER MCCOYS FORK (008B00003N)","008B00003N","2024","2026","D","BRX","211800","2028","","","","008-KY-0014-000","LINESTRING (-84.6285685551 38.8480192538, -84.6284279719 38.8480350387, -84.628332379 38.8480548092)"
"District 06","Boone","06-10049.00","KY","14","KY-14","AM-BRIDGE (P)","7.238","7.25","ADDRESS DEFICIENCIES OF BRIDGE ON KY 14 OVER MCCOYS FORK (008B00003N)","008B00003N","2024","2026","C","BRX","1411999","2028","","","","008-KY-0014-000","LINESTRING (-84.6285685551 38.8480192538, -84.6284279719 38.8480350387, -84.628332379 38.8480548092)"
"District 06","Boone","06-20007.00","I","275","I-275","AM-PAVEMENT (INT)(P)","7.25","13.08","ADDRESS CONDITION OF I-275 FROM MILEPOINT 7.25 TO MILEPOINT 13.076","","2018","2026","C","NHPM","12279090","2031","","","","008-I-0275-000","LINESTRING (-84.7137005011 39.0807381529, -84.7152082575 39.0805303398, -84.7159223164 39.0804503045, -84.7166319809 39.0804067408, -84.7174550734 39.0803872127, -84.7181800361 39.0804071894, -84.7189618777 39.0804649883, -84.7197906868 39.0805640918, -84.7205181976 39.0806779675, -84.7220317704 39.0809504074, -84.7299037032 39.0824189608, -84.7326577869 39.0829294173, -84.7341740236 39.0832192963, -84.7432491884 39.0849305215, -84.7439265675 39.0850581078, -84.7447817036 39.0852209505, -84.7479526934 39.0858095002, -84.7557317134 39.0872695253, -84.757289051 39.0875550575, -84.7588616941 39.0878557956, -84.7636196802 39.088745037, -84.7644509297 39.0888831083, -84.765197801 39.0889831435, -84.7660006089 39.089062769, -84.7667969933 39.0891225697, -84.7675349861 39.0891500411, -84.768311209 39.0891638191, -84.7688869484 39.0891545364, -84.7696933483 39.0891249031, -84.770356948 39.0890787217, -84.7708644887 39.0890326337, -84.7719780947 39.0888962318, -84.776952897 39.0882625103, -84.7791207952 39.0879956927, -84.7823210246 39.0875806989, -84.783952384 39.0873934625, -84.7846505174 39.0873444613, -84.7856214669 39.0873094582, -84.7862936523 39.087304438, -84.7869807578 39.0873165546, -84.7877485843 39.0873512787, -84.7889051692 39.0874500651, -84.7896260338 39.087546719, -84.789765636 39.0875654083, -84.7904978215 39.0876852089, -84.7913088602 39.0878361089, -84.7920358793 39.0880008808, -84.7935077805 39.0883925993, -84.7952186954 39.0888795467, -84.8139332168 39.0942035797, -84.8145730732 39.0944158501, -84.8153581033 39.0947085885, -84.815992483 39.094991363, -84.816928551 39.0954573991, -84.8173479118 39.0956951146, -84.8178937133 39.0960183672, -84.8183112458 39.0962892834, -84.8183921254 39.0963491698)"
"District 06","Boone","06-20007.00","I","275","I-275","AM-PAVEMENT (INT)(P)","7.25","13.08","ADDRESS CONDITION OF I-275 FROM MILEPOINT 7.25 TO MILEPOINT 13.076","","2018","2026","D","NHPM","1230000","2031","","","","008-I-0275-000","LINESTRING (-84.7137005011 39.0807381529, -84.7152082575 39.0805303398, -84.7159223164 39.0804503045, -84.7166319809 39.0804067408, -84.7174550734 39.0803872127, -84.7181800361 39.0804071894, -84.7189618777 39.0804649883, -84.7197906868 39.0805640918, -84.7205181976 39.0806779675, -84.7220317704 39.0809504074, -84.7299037032 39.0824189608, -84.7326577869 39.0829294173, -84.7341740236 39.0832192963, -84.7432491884 39.0849305215, -84.7439265675 39.0850581078, -84.7447817036 39.0852209505, -84.7479526934 39.0858095002, -84.7557317134 39.0872695253, -84.757289051 39.0875550575, -84.7588616941 39.0878557956, -84.7636196802 39.088745037, -84.7644509297 39.0888831083, -84.765197801 39.0889831435, -84.7660006089 39.089062769, -84.7667969933 39.0891225697, -84.7675349861 39.0891500411, -84.768311209 39.0891638191, -84.7688869484 39.0891545364, -84.7696933483 39.0891249031, -84.770356948 39.0890787217, -84.7708644887 39.0890326337, -84.7719780947 39.0888962318, -84.776952897 39.0882625103, -84.7791207952 39.0879956927, -84.7823210246 39.0875806989, -84.783952384 39.0873934625, -84.7846505174 39.0873444613, -84.7856214669 39.0873094582, -84.7862936523 39.087304438, -84.7869807578 39.0873165546, -84.7877485843 39.0873512787, -84.7889051692 39.0874500651, -84.7896260338 39.087546719, -84.789765636 39.0875654083, -84.7904978215 39.0876852089, -84.7913088602 39.0878361089, -84.7920358793 39.0880008808, -84.7935077805 39.0883925993, -84.7952186954 39.0888795467, -84.8139332168 39.0942035797, -84.8145730732 39.0944158501, -84.8153581033 39.0947085885, -84.815992483 39.094991363, -84.816928551 39.0954573991, -84.8173479118 39.0956951146, -84.8178937133 39.0960183672, -84.8183112458 39.0962892834, -84.8183921254 39.0963491698)"
"District 06","Boone","06-20063.00","I","75","I-75","AM-PAVEMENT (INT)(P)","178.024","183.094","ADDRESS CONDITION OF I-075 FROM MILEPOINT 178.024 TO MILEPOINT 183.094 (182.816 NON-CARDINAL)","","2024","2026","C","NHPM","9606432","2032","","","","008-I-0075-000","LINESTRING (-84.6344121504 38.9563305595, -84.6345017503 38.956985329, -84.6346469307 38.9581598602, -84.6352105673 38.9620242682, -84.6357547004 38.9659260971, -84.6363136898 38.9698261316, -84.636520959 38.9711299968, -84.6367906322 38.9724014948, -84.6371369999 38.9736953956, -84.6375526178 38.9749696214, -84.6380396462 38.976244235, -84.6405421054 38.9824869202, -84.6416130168 38.9851586324, -84.6435640267 38.9899939767, -84.6448595382 38.9932039226, -84.6451395585 38.9939475213, -84.6468169398 38.998017285, -84.6470735081 38.9986393098, -84.6471845699 38.9989492024, -84.6472510801 38.9991807115, -84.6473239753 38.9995017833, -84.6473558917 38.9997175986, -84.6473252962 39.0006227793, -84.6472218378 39.0012277556, -84.6470834711 39.0016517567, -84.6469866706 39.001886701, -84.6468809845 39.0021042678, -84.6466353042 39.0025278263, -84.6462168939 39.0030881639, -84.6457384129 39.0035952311, -84.6454505485 39.0038297833, -84.6451483366 39.004058985, -84.6447325765 39.0043274966, -84.6434862093 39.0050718041, -84.6423173467 39.0057852436, -84.6347481386 39.0104041906, -84.6273112932 39.0149577325, -84.6247502822 39.0165345568, -84.6201578493 39.0193466174)"
"District 06","Boone","06-20063.00","I","75","I-75","AM-PAVEMENT (INT)(P)","178.024","183.094","ADDRESS CONDITION OF I-075 FROM MILEPOINT 178.024 TO MILEPOINT 183.094 (182.816 NON-CARDINAL)","","2024","2026","D","NHPM","960000","2032","","","","008-I-0075-000","LINESTRING (-84.6344121504 38.9563305595, -84.6345017503 38.956985329, -84.6346469307 38.9581598602, -84.6352105673 38.9620242682, -84.6357547004 38.9659260971, -84.6363136898 38.9698261316, -84.636520959 38.9711299968, -84.6367906322 38.9724014948, -84.6371369999 38.9736953956, -84.6375526178 38.9749696214, -84.6380396462 38.976244235, -84.6405421054 38.9824869202, -84.6416130168 38.9851586324, -84.6435640267 38.9899939767, -84.6448595382 38.9932039226, -84.6451395585 38.9939475213, -84.6468169398 38.998017285, -84.6470735081 38.9986393098, -84.6471845699 38.9989492024, -84.6472510801 38.9991807115, -84.6473239753 38.9995017833, -84.6473558917 38.9997175986, -84.6473252962 39.0006227793, -84.6472218378 39.0012277556, -84.6470834711 39.0016517567, -84.6469866706 39.001886701, -84.6468809845 39.0021042678, -84.6466353042 39.0025278263, -84.6462168939 39.0030881639, -84.6457384129 39.0035952311, -84.6454505485 39.0038297833, -84.6451483366 39.004058985, -84.6447325765 39.0043274966, -84.6434862093 39.0050718041, -84.6423173467 39.0057852436, -84.6347481386 39.0104041906, -84.6273112932 39.0149577325, -84.6247502822 39.0165345568, -84.6201578493 39.0193466174)"
"District 06","Boone","06-22128.00","I","75","I-75","AM-PAVEMENT (INT)(P)","182.816","183.312","ADDRESS CONDITION OF I-075 FROM MILEPOINT 182.816 (183.094 CARDINAL) TO MILEPOINT 183.312","","2022","2026","C","NHPM","7450000","2030","","","","008-I-0075-000","LINESTRING (-84.624276241 39.0168248424, -84.6194615462 39.0197729463, -84.6182039659 39.020615995, -84.6170805982 39.021472107)"
"District 06","Boone","06-22128.00","I","75","I-75","AM-PAVEMENT (INT)(P)","182.816","183.312","ADDRESS CONDITION OF I-075 FROM MILEPOINT 182.816 (183.094 CARDINAL) TO MILEPOINT 183.312","","2022","2026","D","NHPM","750000","2030","","","","008-I-0075-000","LINESTRING (-84.624276241 39.0168248424, -84.6194615462 39.0197729463, -84.6182039659 39.020615995, -84.6170805982 39.021472107)"
"District 06","Boone","06-80000.00","KY","237","KY-237","RECONSTRUCTION(O)","0.0","1.588","RECONSTRUCT GUNPOWDER RD. FROM US-42 TO KY-536. (18CCN) (2020CCR) (2022CCR) (2024CCR)","","2018","2026","U","SPP","4320000","2030","","","","008-KY-0237-000","LINESTRING (-84.6496637288 38.9527478188, -84.64975274 38.9528142569, -84.6500110503 38.953009098, -84.6501994634 38.95317584, -84.6509453048 38.9539415731, -84.6511221733 38.9541279756, -84.6512250591 38.9542538441, -84.651290836 38.9543456012, -84.651639465 38.9548943477, -84.6516949314 38.9549703599, -84.6517433127 38.9550265398, -84.6518262024 38.955102804, -84.6519304228 38.9551869513, -84.6520511892 38.9552698789, -84.652186255 38.9553372874, -84.6525461853 38.9554866565, -84.6526837698 38.9555502441, -84.6528234113 38.9556407564, -84.6530958958 38.9558530183, -84.6533479109 38.9560703069, -84.65346399 38.9561844887, -84.6535638517 38.956301542, -84.6536493221 38.9564168159, -84.6540644825 38.9571028923, -84.654158828 38.9572360929, -84.6543419192 38.9574541211, -84.6547210904 38.957868331, -84.6548475821 38.9579919413, -84.6549534289 38.9580854364, -84.6550997634 38.9581990697, -84.6555611959 38.9585217798, -84.655742586 38.9586662088, -84.6558669843 38.9587889757, -84.6559726751 38.958963187, -84.6560087043 38.9590461577, -84.6560730037 38.9592370129, -84.6562136421 38.9598005873, -84.6562714451 38.9600026396, -84.6564021846 38.9603591095, -84.6565962126 38.9607631069, -84.6566639162 38.9608913938, -84.6567198725 38.9609822346, -84.6568313875 38.9611202567, -84.6570275013 38.9613386741, -84.6571900591 38.9615436049, -84.657281377 38.9616918755, -84.6573496925 38.9618498199, -84.6574869251 38.9622428627, -84.6575561153 38.9624831809, -84.6575931997 38.9626836703, -84.6576487102 38.9632969824, -84.6577483776 38.9638502959, -84.6579525732 38.9647032779, -84.6579821043 38.9647977202, -84.6580333632 38.9649442511, -84.6580995422 38.9650807596, -84.6581794978 38.9652132763, -84.658293779 38.9653785027, -84.6585648923 38.9657326821, -84.659005541 38.9663906915, -84.6591037519 38.9665255703, -84.6591914518 38.9666342696, -84.6592955807 38.9667497086, -84.6594019311 38.9668577549, -84.6598494403 38.9672698237, -84.6600574694 38.9674927365, -84.6601475845 38.967604752, -84.6602372194 38.9677488863, -84.6603595278 38.9679657999, -84.6604375899 38.9681548548, -84.6604941204 38.9683255936, -84.6605305763 38.9684747338, -84.6606185493 38.968894778, -84.6606727755 38.9692667423, -84.6606838155 38.9693986289, -84.6607334658 38.9697944381, -84.6607254801 38.9699286212, -84.6607551814 38.9702473736, -84.6607775876 38.9704188982, -84.6608047183 38.9705566965, -84.6608818548 38.9708314031, -84.6609973995 38.9711248548, -84.6610701245 38.9712713046, -84.661240623 38.9715589416, -84.6613363338 38.9716970902, -84.6614381046 38.971829802, -84.6615449354 38.9719534999, -84.6616581977 38.9720703926, -84.661763329 38.9721666195, -84.6619658933 38.9723329201, -84.6624317681 38.9726723884)"
"District 06","Boone","06-80000.00","KY","237","KY-237","RECONSTRUCTION(O)","0.0","1.588","RECONSTRUCT GUNPOWDER RD. FROM US-42 TO KY-536. (18CCN) (2020CCR) (2022CCR) (2024CCR)","","2018","2026","C","SPP","32250000","2031","","","","008-KY-0237-000","LINESTRING (-84.6496637288 38.9527478188, -84.64975274 38.9528142569, -84.6500110503 38.953009098, -84.6501994634 38.95317584, -84.6509453048 38.9539415731, -84.6511221733 38.9541279756, -84.6512250591 38.9542538441, -84.651290836 38.9543456012, -84.651639465 38.9548943477, -84.6516949314 38.9549703599, -84.6517433127 38.9550265398, -84.6518262024 38.955102804, -84.6519304228 38.9551869513, -84.6520511892 38.9552698789, -84.652186255 38.9553372874, -84.6525461853 38.9554866565, -84.6526837698 38.9555502441, -84.6528234113 38.9556407564, -84.6530958958 38.9558530183, -84.6533479109 38.9560703069, -84.65346399 38.9561844887, -84.6535638517 38.956301542, -84.6536493221 38.9564168159, -84.6540644825 38.9571028923, -84.654158828 38.9572360929, -84.6543419192 38.9574541211, -84.6547210904 38.957868331, -84.6548475821 38.9579919413, -84.6549534289 38.9580854364, -84.6550997634 38.9581990697, -84.6555611959 38.9585217798, -84.655742586 38.9586662088, -84.6558669843 38.9587889757, -84.6559726751 38.958963187, -84.6560087043 38.9590461577, -84.6560730037 38.9592370129, -84.6562136421 38.9598005873, -84.6562714451 38.9600026396, -84.6564021846 38.9603591095, -84.6565962126 38.9607631069, -84.6566639162 38.9608913938, -84.6567198725 38.9609822346, -84.6568313875 38.9611202567, -84.6570275013 38.9613386741, -84.6571900591 38.9615436049, -84.657281377 38.9616918755, -84.6573496925 38.9618498199, -84.6574869251 38.9622428627, -84.6575561153 38.9624831809, -84.6575931997 38.9626836703, -84.6576487102 38.9632969824, -84.6577483776 38.9638502959, -84.6579525732 38.9647032779, -84.6579821043 38.9647977202, -84.6580333632 38.9649442511, -84.6580995422 38.9650807596, -84.6581794978 38.9652132763, -84.658293779 38.9653785027, -84.6585648923 38.9657326821, -84.659005541 38.9663906915, -84.6591037519 38.9665255703, -84.6591914518 38.9666342696, -84.6592955807 38.9667497086, -84.6594019311 38.9668577549, -84.6598494403 38.9672698237, -84.6600574694 38.9674927365, -84.6601475845 38.967604752, -84.6602372194 38.9677488863, -84.6603595278 38.9679657999, -84.6604375899 38.9681548548, -84.6604941204 38.9683255936, -84.6605305763 38.9684747338, -84.6606185493 38.968894778, -84.6606727755 38.9692667423, -84.6606838155 38.9693986289, -84.6607334658 38.9697944381, -84.6607254801 38.9699286212, -84.6607551814 38.9702473736, -84.6607775876 38.9704188982, -84.6608047183 38.9705566965, -84.6608818548 38.9708314031, -84.6609973995 38.9711248548, -84.6610701245 38.9712713046, -84.661240623 38.9715589416, -84.6613363338 38.9716970902, -84.6614381046 38.971829802, -84.6615449354 38.9719534999, -84.6616581977 38.9720703926, -84.661763329 38.9721666195, -84.6619658933 38.9723329201, -84.6624317681 38.9726723884)"
"District 06","Boone","06-80000.00","KY","237","KY-237","RECONSTRUCTION(O)","0.0","1.588","RECONSTRUCT GUNPOWDER RD. FROM US-42 TO KY-536. (18CCN) (2020CCR) (2022CCR) (2024CCR)","","2018","2026","R","SPP","19800000","2029","","","","008-KY-0237-000","LINESTRING (-84.6496637288 38.9527478188, -84.64975274 38.9528142569, -84.6500110503 38.953009098, -84.6501994634 38.95317584, -84.6509453048 38.9539415731, -84.6511221733 38.9541279756, -84.6512250591 38.9542538441, -84.651290836 38.9543456012, -84.651639465 38.9548943477, -84.6516949314 38.9549703599, -84.6517433127 38.9550265398, -84.6518262024 38.955102804, -84.6519304228 38.9551869513, -84.6520511892 38.9552698789, -84.652186255 38.9553372874, -84.6525461853 38.9554866565, -84.6526837698 38.9555502441, -84.6528234113 38.9556407564, -84.6530958958 38.9558530183, -84.6533479109 38.9560703069, -84.65346399 38.9561844887, -84.6535638517 38.956301542, -84.6536493221 38.9564168159, -84.6540644825 38.9571028923, -84.654158828 38.9572360929, -84.6543419192 38.9574541211, -84.6547210904 38.957868331, -84.6548475821 38.9579919413, -84.6549534289 38.9580854364, -84.6550997634 38.9581990697, -84.6555611959 38.9585217798, -84.655742586 38.9586662088, -84.6558669843 38.9587889757, -84.6559726751 38.958963187, -84.6560087043 38.9590461577, -84.6560730037 38.9592370129, -84.6562136421 38.9598005873, -84.6562714451 38.9600026396, -84.6564021846 38.9603591095, -84.6565962126 38.9607631069, -84.6566639162 38.9608913938, -84.6567198725 38.9609822346, -84.6568313875 38.9611202567, -84.6570275013 38.9613386741, -84.6571900591 38.9615436049, -84.657281377 38.9616918755, -84.6573496925 38.9618498199, -84.6574869251 38.9622428627, -84.6575561153 38.9624831809, -84.6575931997 38.9626836703, -84.6576487102 38.9632969824, -84.6577483776 38.9638502959, -84.6579525732 38.9647032779, -84.6579821043 38.9647977202, -84.6580333632 38.9649442511, -84.6580995422 38.9650807596, -84.6581794978 38.9652132763, -84.658293779 38.9653785027, -84.6585648923 38.9657326821, -84.659005541 38.9663906915, -84.6591037519 38.9665255703, -84.6591914518 38.9666342696, -84.6592955807 38.9667497086, -84.6594019311 38.9668577549, -84.6598494403 38.9672698237, -84.6600574694 38.9674927365, -84.6601475845 38.967604752, -84.6602372194 38.9677488863, -84.6603595278 38.9679657999, -84.6604375899 38.9681548548, -84.6604941204 38.9683255936, -84.6605305763 38.9684747338, -84.6606185493 38.968894778, -84.6606727755 38.9692667423, -84.6606838155 38.9693986289, -84.6607334658 38.9697944381, -84.6607254801 38.9699286212, -84.6607551814 38.9702473736, -84.6607775876 38.9704188982, -84.6608047183 38.9705566965, -84.6608818548 38.9708314031, -84.6609973995 38.9711248548, -84.6610701245 38.9712713046, -84.661240623 38.9715589416, -84.6613363338 38.9716970902, -84.6614381046 38.971829802, -84.6615449354 38.9719534999, -84.6616581977 38.9720703926, -84.661763329 38.9721666195, -84.6619658933 38.9723329201, -84.6624317681 38.9726723884)"
"District 06","Boone","06-80001.00","KY","237","KY-237","CONGESTION MITIGTN(O)","11.4","11.44","EXPANSION OF ROUNDABOUTS ALONG KY-237 AT CARDINAL COVE AND GRAVES RD(18CCN) (2020CCR) (2022CCR) (2024CCR)","","2018","2026","U","SPP","1570000","2030","","","","008-KY-0237-000","MULTILINESTRING ((-84.7194637711 39.099711784, -84.7196020655 39.0998454432, -84.7203682354 39.1005520893, -84.7204146303 39.1005973742), (-84.7147819148 39.0945670512, -84.71489886 39.0947713265, -84.7150912994 39.0950873294, -84.7150997186 39.0951001794))"
"District 06","Boone","06-80001.00","KY","237","KY-237","CONGESTION MITIGTN(O)","11.4","11.44","EXPANSION OF ROUNDABOUTS ALONG KY-237 AT CARDINAL COVE AND GRAVES RD(18CCN) (2020CCR) (2022CCR) (2024CCR)","","2018","2026","R","SPP","2880000","2029","","","","008-KY-0237-000","MULTILINESTRING ((-84.7194637711 39.099711784, -84.7196020655 39.0998454432, -84.7203682354 39.1005520893, -84.7204146303 39.1005973742), (-84.7147819148 39.0945670512, -84.71489886 39.0947713265, -84.7150912994 39.0950873294, -84.7150997186 39.0951001794))"
"District 06","Boone","06-80001.00","KY","237","KY-237","CONGESTION MITIGTN(O)","11.4","11.44","EXPANSION OF ROUNDABOUTS ALONG KY-237 AT CARDINAL COVE AND GRAVES RD(18CCN) (2020CCR) (2022CCR) (2024CCR)","","2018","2026","C","SPP","5040000","2031","","","","008-KY-0237-000","MULTILINESTRING ((-84.7194637711 39.099711784, -84.7196020655 39.0998454432, -84.7203682354 39.1005520893, -84.7204146303 39.1005973742), (-84.7147819148 39.0945670512, -84.71489886 39.0947713265, -84.7150912994 39.0950873294, -84.7150997186 39.0951001794))"
"District 06","Boone","06-80100.00","KY","717","KY-717","RECONSTRUCTION(O)","0.0","0.368","CONVERT TURFWAY RD AND THOROUGHBRED BLVD FROM 2 WAY TO ONE WAY AND CONSTRUCT NEW I-75 ACCESS (2020CCN) (2022CCR) (2024CCR)","","2020","2026","C","STPF","30000000","2032","","","","008-KY-0717-000","LINESTRING (-84.6362066532 39.0154483213, -84.6364935814 39.0157631528, -84.6367375184 39.0160127902, -84.6375475401 39.0168719724, -84.6385107508 39.0178874161, -84.6386494297 39.0180476668, -84.6387292514 39.0181672875, -84.6387889216 39.0182930352, -84.6388305777 39.0184230083, -84.638851598 39.0185445536, -84.6388551713 39.018679389, -84.6388353101 39.0188277344, -84.6388188626 39.0188907272, -84.6387795225 39.0190010047, -84.6387250546 39.0191108665, -84.6386608753 39.019211303, -84.6385794665 39.019310757, -84.638487275 39.0194018734, -84.6383935285 39.0194795226, -84.6382868882 39.0195488156, -84.6376766217 39.0198942879, -84.6359193185 39.0181957849, -84.6342212251 39.0165658953, -84.63328393 39.015655534, -84.6323022098 39.014706314)"
"District 06","Boone","06-80100.00","KY","717","KY-717","RECONSTRUCTION(O)","0.0","0.368","CONVERT TURFWAY RD AND THOROUGHBRED BLVD FROM 2 WAY TO ONE WAY AND CONSTRUCT NEW I-75 ACCESS (2020CCN) (2022CCR) (2024CCR)","","2020","2026","U","STPF","1800000","2031","","","","008-KY-0717-000","LINESTRING (-84.6362066532 39.0154483213, -84.6364935814 39.0157631528, -84.6367375184 39.0160127902, -84.6375475401 39.0168719724, -84.6385107508 39.0178874161, -84.6386494297 39.0180476668, -84.6387292514 39.0181672875, -84.6387889216 39.0182930352, -84.6388305777 39.0184230083, -84.638851598 39.0185445536, -84.6388551713 39.018679389, -84.6388353101 39.0188277344, -84.6388188626 39.0188907272, -84.6387795225 39.0190010047, -84.6387250546 39.0191108665, -84.6386608753 39.019211303, -84.6385794665 39.019310757, -84.638487275 39.0194018734, -84.6383935285 39.0194795226, -84.6382868882 39.0195488156, -84.6376766217 39.0198942879, -84.6359193185 39.0181957849, -84.6342212251 39.0165658953, -84.63328393 39.015655534, -84.6323022098 39.014706314)"
"District 06","Boone","06-80100.00","KY","717","KY-717","RECONSTRUCTION(O)","0.0","0.368","CONVERT TURFWAY RD AND THOROUGHBRED BLVD FROM 2 WAY TO ONE WAY AND CONSTRUCT NEW I-75 ACCESS (2020CCN) (2022CCR) (2024CCR)","","2020","2026","D","STPF","3000000","2029","","","","008-KY-0717-000","LINESTRING (-84.6362066532 39.0154483213, -84.6364935814 39.0157631528, -84.6367375184 39.0160127902, -84.6375475401 39.0168719724, -84.6385107508 39.0178874161, -84.6386494297 39.0180476668, -84.6387292514 39.0181672875, -84.6387889216 39.0182930352, -84.6388305777 39.0184230083, -84.638851598 39.0185445536, -84.6388551713 39.018679389, -84.6388353101 39.0188277344, -84.6388188626 39.0188907272, -84.6387795225 39.0190010047, -84.6387250546 39.0191108665, -84.6386608753 39.019211303, -84.6385794665 39.019310757, -84.638487275 39.0194018734, -84.6383935285 39.0194795226, -84.6382868882 39.0195488156, -84.6376766217 39.0198942879, -84.6359193185 39.0181957849, -84.6342212251 39.0165658953, -84.63328393 39.015655534, -84.6323022098 39.014706314)"
"District 06","Boone","06-80100.00","KY","717","KY-717","RECONSTRUCTION(O)","0.0","0.368","CONVERT TURFWAY RD AND THOROUGHBRED BLVD FROM 2 WAY TO ONE WAY AND CONSTRUCT NEW I-75 ACCESS (2020CCN) (2022CCR) (2024CCR)","","2020","2026","R","STPF","13750000","2030","","","","008-KY-0717-000","LINESTRING (-84.6362066532 39.0154483213, -84.6364935814 39.0157631528, -84.6367375184 39.0160127902, -84.6375475401 39.0168719724, -84.6385107508 39.0178874161, -84.6386494297 39.0180476668, -84.6387292514 39.0181672875, -84.6387889216 39.0182930352, -84.6388305777 39.0184230083, -84.638851598 39.0185445536, -84.6388551713 39.018679389, -84.6388353101 39.0188277344, -84.6388188626 39.0188907272, -84.6387795225 39.0190010047, -84.6387250546 39.0191108665, -84.6386608753 39.019211303, -84.6385794665 39.019310757, -84.638487275 39.0194018734, -84.6383935285 39.0194795226, -84.6382868882 39.0195488156, -84.6376766217 39.0198942879, -84.6359193185 39.0181957849, -84.6342212251 39.0165658953, -84.63328393 39.015655534, -84.6323022098 39.014706314)"
"District 06","Boone","06-80101.00","KY","18","KY-18","RECONSTRUCTION(O)","11.0","14.6","CONVERT KY 18 (BURLINGTON PIKE) TO A SUPER STREET (2020CCN) (2022CCR) (2024CCR)","","2020","2026","C","NH","19500000","2026","","","","008-KY-0018-000","LINESTRING (-84.7145921962 39.0256859209, -84.7143146932 39.0254629162, -84.7133337199 39.0246749909, -84.7128149059 39.0242811912, -84.7125142057 39.0240677343, -84.7121722359 39.0238360733, -84.7118878878 39.0236609187, -84.711704592 39.0235569226, -84.7114144155 39.0233957175, -84.7109962982 39.0231732754, -84.7105436253 39.0229554731, -84.7102593287 39.0228264378, -84.7099049612 39.0226751039, -84.709581198 39.0225495674, -84.7092279973 39.0224152628, -84.7088560414 39.0222882069, -84.7085725781 39.0221998078, -84.7081600516 39.0220795338, -84.7074907227 39.0219018384, -84.7068246575 39.0217667218, -84.7065336015 39.0217172363, -84.6977115119 39.0203139089, -84.6953580631 39.0199500031, -84.694871038 39.0198729535, -84.6925931552 39.0195178958, -84.690851768 39.0192512813, -84.6885048587 39.0188779624, -84.6872393253 39.0186830555, -84.685124041 39.0183567529, -84.68346429 39.0180946014, -84.6824514155 39.0179274273, -84.6822204793 39.0178841843, -84.6818107246 39.0177954171, -84.6815778874 39.0177378792, -84.681181469 39.0176278147, -84.6807520191 39.0174905476, -84.6805486354 39.0174165237, -84.6801937416 39.0172829413, -84.6800303605 39.0172169618, -84.6798617823 39.0171454438, -84.6794087623 39.0169360308, -84.6791163907 39.0167870805, -84.6784450918 39.0164164722, -84.6773655621 39.0158074627, -84.675086235 39.0145155782, -84.6723773708 39.0130053591, -84.6711045338 39.0122918692, -84.6680992265 39.0105894384, -84.6662479212 39.0095475185, -84.6655509706 39.0091595815, -84.6650257881 39.0088871346, -84.6643175967 39.008546035, -84.6638907885 39.0083551931, -84.6632271731 39.0080930122, -84.6622041364 39.007770453, -84.6614194801 39.0075085334, -84.65937833 39.0068428292, -84.6578246994 39.0063322695, -84.6569552763 39.0060467594, -84.6566056597 39.0059197416, -84.6563601535 39.0058192093, -84.6560424425 39.0056765581, -84.6558066813 39.0055599148, -84.6556405608 39.0054686182, -84.655264923 39.0052471889, -84.6552123661 39.0051621466, -84.6551387442 39.0050738921, -84.6550372336 39.0049916965, -84.6547324232 39.0048012243)"
"District 06","Boone","06-80102.00","KY","3060","KY-3060","SAFETY(P)","0.0","2.726","Reconstruct KY 3060 (Frogtown Road) from US 42 to US 25. (2022CCR) (2024CCR)","","2020","2026","U","SPP","4710000","2030","","","","008-KY-3060-000","LINESTRING (-84.6755475753 38.9353749506, -84.6737505532 38.9354927613, -84.6726070261 38.9355631745, -84.6723821055 38.935582837, -84.6721581249 38.9356101937, -84.6716565515 38.9357006648, -84.6714120749 38.9357352493, -84.67119468 38.9357450923, -84.6711031755 38.935752228, -84.6709657068 38.9357534582, -84.6708385855 38.9357443473, -84.670684248 38.935721538, -84.6705311924 38.9356833649, -84.6699788083 38.9355018326, -84.6697162785 38.9354261521, -84.6694532157 38.9353628213, -84.6692545456 38.9353190177, -84.6681029977 38.9351007559, -84.6677357919 38.935043617, -84.667515119 38.9350138873, -84.6672837032 38.9349975132, -84.6669667285 38.9349902482, -84.6660794134 38.9349462345, -84.6657081887 38.9349230977, -84.6647051962 38.9348335455, -84.6638716033 38.9347702357, -84.6619067161 38.9346644995, -84.6601693369 38.9345781029, -84.6563490135 38.9343834018, -84.6551148986 38.9343295424, -84.653525864 38.9342441339, -84.6529759052 38.9342086093, -84.6506726508 38.9339779519, -84.6497620319 38.9339187767, -84.6493896976 38.9338999719, -84.6483671392 38.9338743484, -84.6472174652 38.933862919, -84.6465443138 38.9338613716, -84.6463524747 38.9338782694, -84.6462410001 38.9339041469, -84.6460923499 38.933947526, -84.6459575965 38.934001742, -84.6456339162 38.9341590922, -84.6449226897 38.934489125, -84.6442240622 38.9347761645, -84.6432693828 38.9351643361, -84.642356119 38.9355561798, -84.642235582 38.9355998148, -84.6420950474 38.9356407934, -84.6419511476 38.9356718575, -84.6417781755 38.9356960614, -84.6416092784 38.9357065753, -84.6414504059 38.9357051014, -84.6412892536 38.9356918003, -84.6411724503 38.9356747923, -84.6409734529 38.935630388, -84.6387550784 38.9348813724, -84.6336244864 38.9330892715, -84.6330026334 38.9328602428, -84.6322653284 38.9325727482, -84.6307562979 38.9319054444, -84.6305546433 38.9318291492, -84.630319448 38.9317624241, -84.6300475068 38.9317079838, -84.6298629767 38.9316840145, -84.6272391659 38.9314839427, -84.6267534515 38.9314557651)"
"District 06","Boone","06-80102.00","KY","3060","KY-3060","SAFETY(P)","0.0","2.726","Reconstruct KY 3060 (Frogtown Road) from US 42 to US 25. (2022CCR) (2024CCR)","","2020","2026","R","SPP","16680000","2029","","","","008-KY-3060-000","LINESTRING (-84.6755475753 38.9353749506, -84.6737505532 38.9354927613, -84.6726070261 38.9355631745, -84.6723821055 38.935582837, -84.6721581249 38.9356101937, -84.6716565515 38.9357006648, -84.6714120749 38.9357352493, -84.67119468 38.9357450923, -84.6711031755 38.935752228, -84.6709657068 38.9357534582, -84.6708385855 38.9357443473, -84.670684248 38.935721538, -84.6705311924 38.9356833649, -84.6699788083 38.9355018326, -84.6697162785 38.9354261521, -84.6694532157 38.9353628213, -84.6692545456 38.9353190177, -84.6681029977 38.9351007559, -84.6677357919 38.935043617, -84.667515119 38.9350138873, -84.6672837032 38.9349975132, -84.6669667285 38.9349902482, -84.6660794134 38.9349462345, -84.6657081887 38.9349230977, -84.6647051962 38.9348335455, -84.6638716033 38.9347702357, -84.6619067161 38.9346644995, -84.6601693369 38.9345781029, -84.6563490135 38.9343834018, -84.6551148986 38.9343295424, -84.653525864 38.9342441339, -84.6529759052 38.9342086093, -84.6506726508 38.9339779519, -84.6497620319 38.9339187767, -84.6493896976 38.9338999719, -84.6483671392 38.9338743484, -84.6472174652 38.933862919, -84.6465443138 38.9338613716, -84.6463524747 38.9338782694, -84.6462410001 38.9339041469, -84.6460923499 38.933947526, -84.6459575965 38.934001742, -84.6456339162 38.9341590922, -84.6449226897 38.934489125, -84.6442240622 38.9347761645, -84.6432693828 38.9351643361, -84.642356119 38.9355561798, -84.642235582 38.9355998148, -84.6420950474 38.9356407934, -84.6419511476 38.9356718575, -84.6417781755 38.9356960614, -84.6416092784 38.9357065753, -84.6414504059 38.9357051014, -84.6412892536 38.9356918003, -84.6411724503 38.9356747923, -84.6409734529 38.935630388, -84.6387550784 38.9348813724, -84.6336244864 38.9330892715, -84.6330026334 38.9328602428, -84.6322653284 38.9325727482, -84.6307562979 38.9319054444, -84.6305546433 38.9318291492, -84.630319448 38.9317624241, -84.6300475068 38.9317079838, -84.6298629767 38.9316840145, -84.6272391659 38.9314839427, -84.6267534515 38.9314557651)"
"District 06","Boone","06-80102.00","KY","3060","KY-3060","SAFETY(P)","0.0","2.726","Reconstruct KY 3060 (Frogtown Road) from US 42 to US 25. (2022CCR) (2024CCR)","","2020","2026","C","SPP","26680000","2031","","","","008-KY-3060-000","LINESTRING (-84.6755475753 38.9353749506, -84.6737505532 38.9354927613, -84.6726070261 38.9355631745, -84.6723821055 38.935582837, -84.6721581249 38.9356101937, -84.6716565515 38.9357006648, -84.6714120749 38.9357352493, -84.67119468 38.9357450923, -84.6711031755 38.935752228, -84.6709657068 38.9357534582, -84.6708385855 38.9357443473, -84.670684248 38.935721538, -84.6705311924 38.9356833649, -84.6699788083 38.9355018326, -84.6697162785 38.9354261521, -84.6694532157 38.9353628213, -84.6692545456 38.9353190177, -84.6681029977 38.9351007559, -84.6677357919 38.935043617, -84.667515119 38.9350138873, -84.6672837032 38.9349975132, -84.6669667285 38.9349902482, -84.6660794134 38.9349462345, -84.6657081887 38.9349230977, -84.6647051962 38.9348335455, -84.6638716033 38.9347702357, -84.6619067161 38.9346644995, -84.6601693369 38.9345781029, -84.6563490135 38.9343834018, -84.6551148986 38.9343295424, -84.653525864 38.9342441339, -84.6529759052 38.9342086093, -84.6506726508 38.9339779519, -84.6497620319 38.9339187767, -84.6493896976 38.9338999719, -84.6483671392 38.9338743484, -84.6472174652 38.933862919, -84.6465443138 38.9338613716, -84.6463524747 38.9338782694, -84.6462410001 38.9339041469, -84.6460923499 38.933947526, -84.6459575965 38.934001742, -84.6456339162 38.9341590922, -84.6449226897 38.934489125, -84.6442240622 38.9347761645, -84.6432693828 38.9351643361, -84.642356119 38.9355561798, -84.642235582 38.9355998148, -84.6420950474 38.9356407934, -84.6419511476 38.9356718575, -84.6417781755 38.9356960614, -84.6416092784 38.9357065753, -84.6414504059 38.9357051014, -84.6412892536 38.9356918003, -84.6411724503 38.9356747923, -84.6409734529 38.935630388, -84.6387550784 38.9348813724, -84.6336244864 38.9330892715, -84.6330026334 38.9328602428, -84.6322653284 38.9325727482, -84.6307562979 38.9319054444, -84.6305546433 38.9318291492, -84.630319448 38.9317624241, -84.6300475068 38.9317079838, -84.6298629767 38.9316840145, -84.6272391659 38.9314839427, -84.6267534515 38.9314557651)"
"District 06","Boone","06-80150.00","KY","717","KY-717","MAJOR WIDENING","0.0","0.368","Reconstruct Turfway Road (KY  717) from Aero Parkway (MP 0.0) to Donaldson Road (MP 1.67). (2020CCN) (2022CCR) (2024CCR)","","2020","2026","C","STPF","17000000","2027","","","","008-KY-0717-000","LINESTRING (-84.6362066532 39.0154483213, -84.6364935814 39.0157631528, -84.6367375184 39.0160127902, -84.6375475401 39.0168719724, -84.6385107508 39.0178874161, -84.6386494297 39.0180476668, -84.6387292514 39.0181672875, -84.6387889216 39.0182930352, -84.6388305777 39.0184230083, -84.638851598 39.0185445536, -84.6388551713 39.018679389, -84.6388353101 39.0188277344, -84.6388188626 39.0188907272, -84.6387795225 39.0190010047, -84.6387250546 39.0191108665, -84.6386608753 39.019211303, -84.6385794665 39.019310757, -84.638487275 39.0194018734, -84.6383935285 39.0194795226, -84.6382868882 39.0195488156, -84.6376766217 39.0198942879, -84.6359193185 39.0181957849, -84.6342212251 39.0165658953, -84.63328393 39.015655534, -84.6323022098 39.014706314)"
"District 06","Boone","06-80202.00","KY","536","KY-536","PLANNING-OKI(O)","8.14","10.93","Conduct a planning study to evaluate potential improvement options to promote economic growth through central Boone County as well as improving safety and modernizing existing roadways (2022CCN) (2024CCR)","","2022","2026","P","SPP","810000","2029","","","","008-KY-0536-000","LINESTRING (-84.726122098 38.9490856298, -84.7260288489 38.949075393, -84.7258320818 38.949041309, -84.7256344836 38.9489912939, -84.7254762714 38.9489407928, -84.7253203196 38.9488796027, -84.7251676286 38.9488115771, -84.7250332075 38.9487445316, -84.7244684583 38.9484258714, -84.7241858031 38.9482740879, -84.7240119759 38.948184189, -84.7237811075 38.9480751309, -84.7215153525 38.9471100884, -84.7211828818 38.9469762639, -84.7209282477 38.9468826446, -84.7207175525 38.9468146625, -84.7204955032 38.9467539954, -84.7202774753 38.946707365, -84.7200803501 38.9466743663, -84.7198441153 38.9466473456, -84.7192615374 38.9465975699, -84.7177398397 38.9465006961, -84.7136726549 38.9462318474, -84.7108294604 38.9460545043, -84.7090187428 38.9459357867, -84.7085514478 38.9458894339, -84.7082862458 38.9458478605, -84.7080460926 38.9458001906, -84.7077906618 38.9457392087, -84.7075521782 38.945673157, -84.7073457063 38.9456060119, -84.7070991337 38.9455157281, -84.7068405202 38.9454069433, -84.7055882526 38.9448383839, -84.7053363121 38.9447304783, -84.7051499875 38.9446560924, -84.7047994957 38.9445313989, -84.7045362662 38.9444508483, -84.7042630869 38.9443776224, -84.7039922707 38.9443112811, -84.7036840878 38.9442520247, -84.7034062706 38.9442081339, -84.7031381661 38.9441733882, -84.7028685338 38.9441471392, -84.7025847178 38.9441292767, -84.7023106196 38.9441202845, -84.7020223641 38.9441177568, -84.7005532954 38.9441309468, -84.699613046 38.9441405316, -84.6988812126 38.9441305275, -84.698298269 38.9441083756, -84.6928254611 38.943782508, -84.6923978707 38.9437636238, -84.6919826718 38.9437629676, -84.6916515613 38.9437822744, -84.6913230311 38.9438175275, -84.6910873118 38.9438530532, -84.6908849367 38.9438924428, -84.6905642395 38.9439692211, -84.6903788837 38.9440227632, -84.6900153719 38.9441425404, -84.6885768161 38.9446915118, -84.6882429457 38.9448033102, -84.6880674934 38.944852544, -84.6878836728 38.944897035, -84.6877034869 38.9449333226, -84.6875124675 38.9449651193, -84.6873283118 38.9449843482, -84.6870037925 38.945009192, -84.686703823 38.9450142113, -84.6865295132 38.9450090904, -84.6863500236 38.9449976089, -84.686184312 38.9449815826, -84.68588855 38.9449391389, -84.6851551968 38.9447920334, -84.684784585 38.9447231118, -84.6842240129 38.9446376683, -84.6839274616 38.9446012532, -84.6836283706 38.9445703047, -84.6819853765 38.9444073717, -84.6817770471 38.9443967234, -84.6816778749 38.9443985824, -84.6814807443 38.9444154899, -84.6813750267 38.9444321161, -84.6812258508 38.9444634539, -84.6810913296 38.9445023358, -84.6810063553 38.9444949866, -84.6808381444 38.9445536091, -84.6807337447 38.9445762868, -84.6806506946 38.9445815841, -84.6805748081 38.9445778849, -84.6804907024 38.944559286, -84.6804304643 38.9445433715, -84.680354825 38.9445468128, -84.6803000596 38.9445652669, -84.6802706132 38.9445833988, -84.6802388543 38.944615237, -84.6801834068 38.9446561985, -84.6800774729 38.944711534, -84.6800159439 38.9447356939, -84.6796105421 38.9448814211, -84.6792659297 38.9449815667, -84.6791110142 38.9450205385, -84.6788565533 38.9450627351, -84.6786304771 38.9450873408, -84.6784320135 38.9450990142, -84.6766666867 38.9451496137, -84.6763247532 38.9451630153, -84.6761326607 38.9451717226, -84.6759932961 38.9430102625, -84.6759747279 38.9427196151, -84.6760481019 38.9426074319, -84.6759435933 38.9410154389, -84.6755475753 38.9353749506, -84.6754415676 38.9338622844, -84.6752465548 38.9310435688, -84.6752440625 38.9307596532, -84.6752513149 38.9305776866, -84.6752843517 38.9302205096, -84.6753494709 38.9298567572, -84.6754298189 38.9295090657, -84.6755414748 38.9291597335, -84.6756791686 38.9288084392, -84.6770163454 38.9259864654, -84.6776599637 38.9245977617, -84.6777625005 38.9243175337, -84.6782972256 38.9223965768, -84.6783905227 38.9220750815, -84.6784635909 38.9218624046, -84.6785461717 38.9216481657, -84.6786262598 38.9214599871, -84.6787525283 38.9211906785, -84.679248838 38.9201589426, -84.6797672664 38.9190799031, -84.6803553547 38.9178751865, -84.6804585754 38.9177146707, -84.6805592766 38.9175821364, -84.68071101 38.9174206807, -84.6808359821 38.917310603, -84.6809447263 38.9172286593, -84.6810849095 38.9171357394, -84.6812649137 38.9170354884, -84.6814503658 38.9169470926, -84.6824908019 38.9165280825, -84.6827283141 38.9164124183, -84.6829143797 38.9163059047, -84.6831063286 38.9161815959, -84.6832812353 38.9160450554, -84.6834436116 38.9159001648, -84.6835966406 38.915745581, -84.6837430925 38.9155840742, -84.6846330117 38.9145445699, -84.6855302881 38.9135048493, -84.6861260411 38.9128248561, -84.6865639753 38.9123147795, -84.686739717 38.9120958721, -84.6869327546 38.9118233048, -84.6870330949 38.9116418894, -84.6873123373 38.9110966271, -84.6875985522 38.9105066729, -84.6876972078 38.9103200258, -84.6883217959 38.9090804481, -84.68987994 38.9059379402, -84.6901483353 38.9053623721, -84.6903169005 38.9049825031, -84.6908767697 38.903620156, -84.6911895838 38.9028398807, -84.6916377172 38.9016931676, -84.6917622236 38.9013216916, -84.6918095939 38.9011323886, -84.6918486252 38.9009366985, -84.6919160578 38.9005271013, -84.6920350335 38.8996646595, -84.6923434167 38.8972498751, -84.6925386815 38.8956566747, -84.6927965528 38.893670304, -84.6931298437 38.8912301978, -84.6933535708 38.8894645433, -84.6934898952 38.8884449245, -84.69368169 38.886918129, -84.6938833707 38.885387301, -84.6939448855 38.8848993972, -84.6939989429 38.8845382747, -84.6940360283 38.8843546454, -84.6940811915 38.8841710876, -84.6941358295 38.8839881624, -84.6941995519 38.8838086122, -84.694326347 38.8835186958, -84.6944362374 38.8833044092, -84.694532346 38.8831443649, -84.694635755 38.8829896015, -84.6948570588 38.8826983235, -84.6949746089 38.8825615311, -84.6951005709 38.8824259111, -84.6953768058 38.8821496702, -84.6970592229 38.8805572232, -84.6975195512 38.8801074283, -84.6978123683 38.8798005753, -84.6988439939 38.8786575926, -84.6990725137 38.8783998671, -84.6991900716 38.8782614231, -84.6992999344 38.8781207152, -84.6993999902 38.8779779984, -84.6994927345 38.8778308248, -84.6995785477 38.8776770002, -84.699659532 38.8775170919, -84.6998029311 38.8771938188, -84.7007384568 38.8749130017, -84.7008128104 38.8747497413, -84.7008994388 38.8745876856, -84.7010022374 38.8744246739, -84.7011254401 38.8742593703, -84.7012704082 38.8740948067, -84.701433982 38.8739309557, -84.7016087806 38.8737680273, -84.7030612987 38.872459844, -84.7053094961 38.870401084, -84.7066675946 38.8691532581, -84.7074507939 38.8684410148, -84.7080930702 38.8678568565, -84.7097527452 38.8663634206, -84.7099393098 38.8661854801, -84.7101164283 38.8660049865, -84.7102809552 38.8658208135, -84.7104311306 38.8656332206, -84.7105687118 38.8654422232, -84.7106986644 38.8652442943, -84.71081567 38.8650429583, -84.7109203964 38.8648406922, -84.7110135468 38.8646375006, -84.7110993731 38.8644306764, -84.71168176 38.8629173957, -84.7117551523 38.8626956364, -84.7126443792 38.8603714799, -84.7132028383 38.8588818692, -84.713276616 38.8586570915, -84.7133275823 38.8584312914, -84.7133581207 38.8582097077, -84.7133989065 38.8575881687, -84.71343044 38.8573954225, -84.7134812533 38.8572050404, -84.7135460708 38.8570175248, -84.7136999524 38.856641333, -84.7137942119 38.8564576428, -84.7139090342 38.8562848388, -84.7140464866 38.8561256849, -84.7142072524 38.8559815603, -84.7143871066 38.8558532509, -84.7145835943 38.8557404615, -84.7147994172 38.8556509036, -84.7150245349 38.8555743297, -84.7157725823 38.8553441385, -84.7163129686 38.8551725484, -84.7165835511 38.8550840102, -84.7168503482 38.8549899473, -84.7171075473 38.8548793267, -84.7173526634 38.8547540484, -84.7175836046 38.8546129975, -84.7178010233 38.8544597483, -84.7180042321 38.8542931961, -84.7181886465 38.8541146752, -84.7183573631 38.8539288793, -84.7185065105 38.8537363247, -84.7186379256 38.8535312601, -84.7187519328 38.8533156127, -84.7188470582 38.8530943099, -84.7189204573 38.8528697991, -84.718977047 38.8526421233, -84.719065784 38.8521769497, -84.7190936104 38.8519471039, -84.7190975282 38.8517195215, -84.7190729373 38.8514966356, -84.7190208548 38.8512811994, -84.7189461823 38.8510740799, -84.7188503057 38.850876661, -84.7187360451 38.8506881452, -84.7186013412 38.8505052177, -84.718446109 38.8503339184, -84.7182788081 38.8501718506, -84.7172663588 38.8492408213, -84.717097979 38.8490809387, -84.7169398511 38.8489162026, -84.7168001082 38.8487425642, -84.7166815543 38.8485603235, -84.7165869787 38.848370877, -84.7165191816 38.8481747979, -84.7164760145 38.847975088, -84.7164574466 38.8477739441, -84.7164634404 38.8475738357, -84.7164929247 38.8473761282, -84.7165451729 38.8471824614, -84.7166212167 38.846994492, -84.7167203281 38.8468138605, -84.7168414323 38.8466422066, -84.7169792581 38.8464797575, -84.7171337707 38.8463289842, -84.7173035512 38.846190973, -84.7174871665 38.8460676339, -84.7176835698 38.8459586818, -84.717891351 38.8458643807, -84.7181133421 38.8457831071, -84.7182416746 38.8457455027, -84.7185922406 38.8456590243, -84.7196521557 38.8454142052, -84.7199274031 38.8453405263, -84.720194743 38.845254972, -84.7204551383 38.8451638662, -84.7213797811 38.8448256099, -84.7216278715 38.8447340677)"
"District 06","Boone","06-80204.00","KY","536","KY-536","PLANNING-OKI(O)","8.14","10.93","PLANNING STUDY TO IMPROVE EXISTING ALIGNMENTS AND NEW CONSTRUCTION BETWEEN KY 536 (HATHAWAY ROAD) AND KY 14 (VERONA MUDLICK ROAD) (2022CCN) (2024CCR)","","2022","2026","P","SPP","840000","2029","","","","008-KY-0536-000","LINESTRING (-84.726122098 38.9490856298, -84.7260288489 38.949075393, -84.7258320818 38.949041309, -84.7256344836 38.9489912939, -84.7254762714 38.9489407928, -84.7253203196 38.9488796027, -84.7251676286 38.9488115771, -84.7250332075 38.9487445316, -84.7244684583 38.9484258714, -84.7241858031 38.9482740879, -84.7240119759 38.948184189, -84.7237811075 38.9480751309, -84.7215153525 38.9471100884, -84.7211828818 38.9469762639, -84.7209282477 38.9468826446, -84.7207175525 38.9468146625, -84.7204955032 38.9467539954, -84.7202774753 38.946707365, -84.7200803501 38.9466743663, -84.7198441153 38.9466473456, -84.7192615374 38.9465975699, -84.7177398397 38.9465006961, -84.7136726549 38.9462318474, -84.7108294604 38.9460545043, -84.7090187428 38.9459357867, -84.7085514478 38.9458894339, -84.7082862458 38.9458478605, -84.7080460926 38.9458001906, -84.7077906618 38.9457392087, -84.7075521782 38.945673157, -84.7073457063 38.9456060119, -84.7070991337 38.9455157281, -84.7068405202 38.9454069433, -84.7055882526 38.9448383839, -84.7053363121 38.9447304783, -84.7051499875 38.9446560924, -84.7047994957 38.9445313989, -84.7045362662 38.9444508483, -84.7042630869 38.9443776224, -84.7039922707 38.9443112811, -84.7036840878 38.9442520247, -84.7034062706 38.9442081339, -84.7031381661 38.9441733882, -84.7028685338 38.9441471392, -84.7025847178 38.9441292767, -84.7023106196 38.9441202845, -84.7020223641 38.9441177568, -84.7005532954 38.9441309468, -84.699613046 38.9441405316, -84.6988812126 38.9441305275, -84.698298269 38.9441083756, -84.6928254611 38.943782508, -84.6923978707 38.9437636238, -84.6919826718 38.9437629676, -84.6916515613 38.9437822744, -84.6913230311 38.9438175275, -84.6910873118 38.9438530532, -84.6908849367 38.9438924428, -84.6905642395 38.9439692211, -84.6903788837 38.9440227632, -84.6900153719 38.9441425404, -84.6885768161 38.9446915118, -84.6882429457 38.9448033102, -84.6880674934 38.944852544, -84.6878836728 38.944897035, -84.6877034869 38.9449333226, -84.6875124675 38.9449651193, -84.6873283118 38.9449843482, -84.6870037925 38.945009192, -84.686703823 38.9450142113, -84.6865295132 38.9450090904, -84.6863500236 38.9449976089, -84.686184312 38.9449815826, -84.68588855 38.9449391389, -84.6851551968 38.9447920334, -84.684784585 38.9447231118, -84.6842240129 38.9446376683, -84.6839274616 38.9446012532, -84.6836283706 38.9445703047, -84.6819853765 38.9444073717, -84.6817770471 38.9443967234, -84.6816778749 38.9443985824, -84.6814807443 38.9444154899, -84.6813750267 38.9444321161, -84.6812258508 38.9444634539, -84.6810913296 38.9445023358, -84.6810063553 38.9444949866, -84.6808381444 38.9445536091, -84.6807337447 38.9445762868, -84.6806506946 38.9445815841, -84.6805748081 38.9445778849, -84.6804907024 38.944559286, -84.6804304643 38.9445433715, -84.680354825 38.9445468128, -84.6803000596 38.9445652669, -84.6802706132 38.9445833988, -84.6802388543 38.944615237, -84.6801834068 38.9446561985, -84.6800774729 38.944711534, -84.6800159439 38.9447356939, -84.6796105421 38.9448814211, -84.6792659297 38.9449815667, -84.6791110142 38.9450205385, -84.6788565533 38.9450627351, -84.6786304771 38.9450873408, -84.6784320135 38.9450990142, -84.6766666867 38.9451496137, -84.6763247532 38.9451630153, -84.6761326607 38.9451717226, -84.6759932961 38.9430102625, -84.6759747279 38.9427196151, -84.6760481019 38.9426074319, -84.6759435933 38.9410154389, -84.6755475753 38.9353749506, -84.6754415676 38.9338622844, -84.6752465548 38.9310435688, -84.6752440625 38.9307596532, -84.6752513149 38.9305776866, -84.6752843517 38.9302205096, -84.6753494709 38.9298567572, -84.6754298189 38.9295090657, -84.6755414748 38.9291597335, -84.6756791686 38.9288084392, -84.6770163454 38.9259864654, -84.6776599637 38.9245977617, -84.6777625005 38.9243175337, -84.6782972256 38.9223965768, -84.6783905227 38.9220750815, -84.6784635909 38.9218624046, -84.6785461717 38.9216481657, -84.6786262598 38.9214599871, -84.6787525283 38.9211906785, -84.679248838 38.9201589426, -84.6797672664 38.9190799031, -84.6803553547 38.9178751865, -84.6804585754 38.9177146707, -84.6805592766 38.9175821364, -84.68071101 38.9174206807, -84.6808359821 38.917310603, -84.6809447263 38.9172286593, -84.6810849095 38.9171357394, -84.6812649137 38.9170354884, -84.6814503658 38.9169470926, -84.6824908019 38.9165280825, -84.6827283141 38.9164124183, -84.6829143797 38.9163059047, -84.6831063286 38.9161815959, -84.6832812353 38.9160450554, -84.6834436116 38.9159001648, -84.6835966406 38.915745581, -84.6837430925 38.9155840742, -84.6846330117 38.9145445699, -84.6855302881 38.9135048493, -84.6861260411 38.9128248561, -84.6865639753 38.9123147795, -84.686739717 38.9120958721, -84.6869327546 38.9118233048, -84.6870330949 38.9116418894, -84.6873123373 38.9110966271, -84.6875985522 38.9105066729, -84.6876972078 38.9103200258, -84.6883217959 38.9090804481, -84.68987994 38.9059379402, -84.6901483353 38.9053623721, -84.6903169005 38.9049825031, -84.6908767697 38.903620156, -84.6911895838 38.9028398807, -84.6916377172 38.9016931676, -84.6917622236 38.9013216916, -84.6918095939 38.9011323886, -84.6918486252 38.9009366985, -84.6919160578 38.9005271013, -84.6920350335 38.8996646595, -84.6923434167 38.8972498751, -84.6925386815 38.8956566747, -84.6927965528 38.893670304, -84.6931298437 38.8912301978, -84.6933535708 38.8894645433, -84.6934898952 38.8884449245, -84.69368169 38.886918129, -84.6938833707 38.885387301, -84.6939448855 38.8848993972, -84.6939989429 38.8845382747, -84.6940360283 38.8843546454, -84.6940811915 38.8841710876, -84.6941358295 38.8839881624, -84.6941995519 38.8838086122, -84.694326347 38.8835186958, -84.6944362374 38.8833044092, -84.694532346 38.8831443649, -84.694635755 38.8829896015, -84.6948570588 38.8826983235, -84.6949746089 38.8825615311, -84.6951005709 38.8824259111, -84.6953768058 38.8821496702, -84.6970592229 38.8805572232, -84.6975195512 38.8801074283, -84.6978123683 38.8798005753, -84.6988439939 38.8786575926, -84.6990725137 38.8783998671, -84.6991900716 38.8782614231, -84.6992999344 38.8781207152, -84.6993999902 38.8779779984, -84.6994927345 38.8778308248, -84.6995785477 38.8776770002, -84.699659532 38.8775170919, -84.6998029311 38.8771938188, -84.7007384568 38.8749130017, -84.7008128104 38.8747497413, -84.7008994388 38.8745876856, -84.7010022374 38.8744246739, -84.7011254401 38.8742593703, -84.7012704082 38.8740948067, -84.701433982 38.8739309557, -84.7016087806 38.8737680273, -84.7030612987 38.872459844, -84.7053094961 38.870401084, -84.7066675946 38.8691532581, -84.7074507939 38.8684410148, -84.7080930702 38.8678568565, -84.7097527452 38.8663634206, -84.7099393098 38.8661854801, -84.7101164283 38.8660049865, -84.7102809552 38.8658208135, -84.7104311306 38.8656332206, -84.7105687118 38.8654422232, -84.7106986644 38.8652442943, -84.71081567 38.8650429583, -84.7109203964 38.8648406922, -84.7110135468 38.8646375006, -84.7110993731 38.8644306764, -84.71168176 38.8629173957, -84.7117551523 38.8626956364, -84.7126443792 38.8603714799, -84.7132028383 38.8588818692, -84.713276616 38.8586570915, -84.7133275823 38.8584312914, -84.7133581207 38.8582097077, -84.7133989065 38.8575881687, -84.71343044 38.8573954225, -84.7134812533 38.8572050404, -84.7135460708 38.8570175248, -84.7136999524 38.856641333, -84.7137942119 38.8564576428, -84.7139090342 38.8562848388, -84.7140464866 38.8561256849, -84.7142072524 38.8559815603, -84.7143871066 38.8558532509, -84.7145835943 38.8557404615, -84.7147994172 38.8556509036, -84.7150245349 38.8555743297, -84.7157725823 38.8553441385, -84.7163129686 38.8551725484, -84.7165835511 38.8550840102, -84.7168503482 38.8549899473, -84.7171075473 38.8548793267, -84.7173526634 38.8547540484, -84.7175836046 38.8546129975, -84.7178010233 38.8544597483, -84.7180042321 38.8542931961, -84.7181886465 38.8541146752, -84.7183573631 38.8539288793, -84.7185065105 38.8537363247, -84.7186379256 38.8535312601, -84.7187519328 38.8533156127, -84.7188470582 38.8530943099, -84.7189204573 38.8528697991, -84.718977047 38.8526421233, -84.719065784 38.8521769497, -84.7190936104 38.8519471039, -84.7190975282 38.8517195215, -84.7190729373 38.8514966356, -84.7190208548 38.8512811994, -84.7189461823 38.8510740799, -84.7188503057 38.850876661, -84.7187360451 38.8506881452, -84.7186013412 38.8505052177, -84.718446109 38.8503339184, -84.7182788081 38.8501718506, -84.7172663588 38.8492408213, -84.717097979 38.8490809387, -84.7169398511 38.8489162026, -84.7168001082 38.8487425642, -84.7166815543 38.8485603235, -84.7165869787 38.848370877, -84.7165191816 38.8481747979, -84.7164760145 38.847975088, -84.7164574466 38.8477739441, -84.7164634404 38.8475738357, -84.7164929247 38.8473761282, -84.7165451729 38.8471824614, -84.7166212167 38.846994492, -84.7167203281 38.8468138605, -84.7168414323 38.8466422066, -84.7169792581 38.8464797575, -84.7171337707 38.8463289842, -84.7173035512 38.846190973, -84.7174871665 38.8460676339, -84.7176835698 38.8459586818, -84.717891351 38.8458643807, -84.7181133421 38.8457831071, -84.7182416746 38.8457455027, -84.7185922406 38.8456590243, -84.7196521557 38.8454142052, -84.7199274031 38.8453405263, -84.720194743 38.845254972, -84.7204551383 38.8451638662, -84.7213797811 38.8448256099, -84.7216278715 38.8447340677)"
"District 06","Boone","06-80206.00","KY","18","KY-18","SAFETY(P)","9.25","10.45","Improve safety and address geometric deficiencies along KY 18 from Caroline Williams Way to KY 338; include multi-modes. (2022CCN) (2024CCR)","","2022","2026","C","SPP","9600000","2032","","","","008-KY-0018-000","LINESTRING (-84.7458879742 39.0283865961, -84.7457413513 39.0284010486, -84.7445804832 39.0285057826, -84.7443518314 39.0285214313, -84.7441261091 39.0285288682, -84.7438998688 39.0285228477, -84.7436743297 39.0284915746, -84.7434525569 39.0284424883, -84.743010213 39.0283338906, -84.7425599399 39.0282386771, -84.7419408914 39.028131059, -84.7416798429 39.0280970123, -84.7414575477 39.0280858042, -84.7412349787 39.0280943601, -84.7407891572 39.0281353511, -84.7405594883 39.0281482385, -84.7403261456 39.028146818, -84.7400919079 39.0281338593, -84.7398570685 39.0281134829, -84.7396212694 39.0280862336, -84.7395696687 39.0280761889, -84.7393913568 39.0280406398, -84.7391701579 39.0279759004, -84.7389526641 39.0278977404, -84.7383053261 39.0276481997, -84.7380906317 39.0275714345, -84.7378815038 39.0274993824, -84.7374851656 39.0273738569, -84.7372894851 39.0273219599, -84.7368831233 39.0272339598, -84.736244896 39.0271146187, -84.7360401209 39.0270840563, -84.7358351811 39.0270652973, -84.7356251464 39.0270585755, -84.735409607 39.027068004, -84.7351921162 39.027091143, -84.7343163301 39.0272226293, -84.7340920874 39.0272503756, -84.7336593463 39.0272873328, -84.7333409683 39.0273011002, -84.7321107548 39.027305465, -84.7318990893 39.0273146454, -84.7316615749 39.0273348622, -84.7314256904 39.0273644265, -84.7307539325 39.0274784059, -84.7303609666 39.027540124, -84.7287261209 39.027810056, -84.7285160552 39.0278305006, -84.7282775983 39.0278424664, -84.7280364383 39.0278464468, -84.7275571359 39.027839881, -84.7259344922 39.027791684, -84.7253472555 39.0277764985, -84.7248433068 39.0277705338, -84.7242299154 39.0277630801, -84.7240971152 39.0277605138)"
"District 06","Boone","06-80206.00","KY","18","KY-18","SAFETY(P)","9.25","10.45","Improve safety and address geometric deficiencies along KY 18 from Caroline Williams Way to KY 338; include multi-modes. (2022CCN) (2024CCR)","","2022","2026","R","SPP","2932500","2030","","","","008-KY-0018-000","LINESTRING (-84.7458879742 39.0283865961, -84.7457413513 39.0284010486, -84.7445804832 39.0285057826, -84.7443518314 39.0285214313, -84.7441261091 39.0285288682, -84.7438998688 39.0285228477, -84.7436743297 39.0284915746, -84.7434525569 39.0284424883, -84.743010213 39.0283338906, -84.7425599399 39.0282386771, -84.7419408914 39.028131059, -84.7416798429 39.0280970123, -84.7414575477 39.0280858042, -84.7412349787 39.0280943601, -84.7407891572 39.0281353511, -84.7405594883 39.0281482385, -84.7403261456 39.028146818, -84.7400919079 39.0281338593, -84.7398570685 39.0281134829, -84.7396212694 39.0280862336, -84.7395696687 39.0280761889, -84.7393913568 39.0280406398, -84.7391701579 39.0279759004, -84.7389526641 39.0278977404, -84.7383053261 39.0276481997, -84.7380906317 39.0275714345, -84.7378815038 39.0274993824, -84.7374851656 39.0273738569, -84.7372894851 39.0273219599, -84.7368831233 39.0272339598, -84.736244896 39.0271146187, -84.7360401209 39.0270840563, -84.7358351811 39.0270652973, -84.7356251464 39.0270585755, -84.735409607 39.027068004, -84.7351921162 39.027091143, -84.7343163301 39.0272226293, -84.7340920874 39.0272503756, -84.7336593463 39.0272873328, -84.7333409683 39.0273011002, -84.7321107548 39.027305465, -84.7318990893 39.0273146454, -84.7316615749 39.0273348622, -84.7314256904 39.0273644265, -84.7307539325 39.0274784059, -84.7303609666 39.027540124, -84.7287261209 39.027810056, -84.7285160552 39.0278305006, -84.7282775983 39.0278424664, -84.7280364383 39.0278464468, -84.7275571359 39.027839881, -84.7259344922 39.027791684, -84.7253472555 39.0277764985, -84.7248433068 39.0277705338, -84.7242299154 39.0277630801, -84.7240971152 39.0277605138)"
"District 06","Boone","06-80206.00","KY","18","KY-18","SAFETY(P)","9.25","10.45","Improve safety and address geometric deficiencies along KY 18 from Caroline Williams Way to KY 338; include multi-modes. (2022CCN) (2024CCR)","","2022","2026","U","SPP","985600","2031","","","","008-KY-0018-000","LINESTRING (-84.7458879742 39.0283865961, -84.7457413513 39.0284010486, -84.7445804832 39.0285057826, -84.7443518314 39.0285214313, -84.7441261091 39.0285288682, -84.7438998688 39.0285228477, -84.7436743297 39.0284915746, -84.7434525569 39.0284424883, -84.743010213 39.0283338906, -84.7425599399 39.0282386771, -84.7419408914 39.028131059, -84.7416798429 39.0280970123, -84.7414575477 39.0280858042, -84.7412349787 39.0280943601, -84.7407891572 39.0281353511, -84.7405594883 39.0281482385, -84.7403261456 39.028146818, -84.7400919079 39.0281338593, -84.7398570685 39.0281134829, -84.7396212694 39.0280862336, -84.7395696687 39.0280761889, -84.7393913568 39.0280406398, -84.7391701579 39.0279759004, -84.7389526641 39.0278977404, -84.7383053261 39.0276481997, -84.7380906317 39.0275714345, -84.7378815038 39.0274993824, -84.7374851656 39.0273738569, -84.7372894851 39.0273219599, -84.7368831233 39.0272339598, -84.736244896 39.0271146187, -84.7360401209 39.0270840563, -84.7358351811 39.0270652973, -84.7356251464 39.0270585755, -84.735409607 39.027068004, -84.7351921162 39.027091143, -84.7343163301 39.0272226293, -84.7340920874 39.0272503756, -84.7336593463 39.0272873328, -84.7333409683 39.0273011002, -84.7321107548 39.027305465, -84.7318990893 39.0273146454, -84.7316615749 39.0273348622, -84.7314256904 39.0273644265, -84.7307539325 39.0274784059, -84.7303609666 39.027540124, -84.7287261209 39.027810056, -84.7285160552 39.0278305006, -84.7282775983 39.0278424664, -84.7280364383 39.0278464468, -84.7275571359 39.027839881, -84.7259344922 39.027791684, -84.7253472555 39.0277764985, -84.7248433068 39.0277705338, -84.7242299154 39.0277630801, -84.7240971152 39.0277605138)"
"District 06","Boone","06-80206.00","KY","18","KY-18","SAFETY(P)","9.25","10.45","Improve safety and address geometric deficiencies along KY 18 from Caroline Williams Way to KY 338; include multi-modes. (2022CCN) (2024CCR)","","2022","2026","D","SPP","1040000","2029","","","","008-KY-0018-000","LINESTRING (-84.7458879742 39.0283865961, -84.7457413513 39.0284010486, -84.7445804832 39.0285057826, -84.7443518314 39.0285214313, -84.7441261091 39.0285288682, -84.7438998688 39.0285228477, -84.7436743297 39.0284915746, -84.7434525569 39.0284424883, -84.743010213 39.0283338906, -84.7425599399 39.0282386771, -84.7419408914 39.028131059, -84.7416798429 39.0280970123, -84.7414575477 39.0280858042, -84.7412349787 39.0280943601, -84.7407891572 39.0281353511, -84.7405594883 39.0281482385, -84.7403261456 39.028146818, -84.7400919079 39.0281338593, -84.7398570685 39.0281134829, -84.7396212694 39.0280862336, -84.7395696687 39.0280761889, -84.7393913568 39.0280406398, -84.7391701579 39.0279759004, -84.7389526641 39.0278977404, -84.7383053261 39.0276481997, -84.7380906317 39.0275714345, -84.7378815038 39.0274993824, -84.7374851656 39.0273738569, -84.7372894851 39.0273219599, -84.7368831233 39.0272339598, -84.736244896 39.0271146187, -84.7360401209 39.0270840563, -84.7358351811 39.0270652973, -84.7356251464 39.0270585755, -84.735409607 39.027068004, -84.7351921162 39.027091143, -84.7343163301 39.0272226293, -84.7340920874 39.0272503756, -84.7336593463 39.0272873328, -84.7333409683 39.0273011002, -84.7321107548 39.027305465, -84.7318990893 39.0273146454, -84.7316615749 39.0273348622, -84.7314256904 39.0273644265, -84.7307539325 39.0274784059, -84.7303609666 39.027540124, -84.7287261209 39.027810056, -84.7285160552 39.0278305006, -84.7282775983 39.0278424664, -84.7280364383 39.0278464468, -84.7275571359 39.027839881, -84.7259344922 39.027791684, -84.7253472555 39.0277764985, -84.7248433068 39.0277705338, -84.7242299154 39.0277630801, -84.7240971152 39.0277605138)"
"District 06","Boone","06-80207.00","CR","1001","CR-1001","SAFETY(P)","0.0","4.108","Improve safety & mobility, reduce congestion and address geometric deficiencies along Camp Ernst Road (CR 1001) from KY 237 (Pleasant Valley Rd) to KY 536 (Hathaway Rd). (2022CCN) (Includes Item No. 6-80208) (2024CCR)","","2022","2026","U","STPF","2800000","2029","","","","008-CR-1001-000","LINESTRING (-84.7010555612 39.0009284875, -84.7011144859 39.0009657945, -84.7011929735 39.0009884466, -84.7012621924 39.0009950931, -84.7013435977 39.0009861978, -84.7014224576 39.0009586112, -84.7014906952 39.0009111639, -84.701529058 39.0008615324, -84.7015773935 39.0008279125, -84.7016670358 39.000784496, -84.701732136 39.0007595332, -84.7018161807 39.0007383063, -84.7019289273 39.0007274892, -84.7020431731 39.00071037, -84.7021398863 39.0006645446, -84.7022769673 39.0006253869, -84.7024436377 39.0005593083, -84.7025343709 39.00051343, -84.7026727343 39.0004339252, -84.7037736461 38.9997983757, -84.7051207946 38.9989933748, -84.7070559795 38.9978585404, -84.7088822961 38.9967548489, -84.7096458835 38.9962785652, -84.709788101 38.9961990857, -84.7099428688 38.9961276761, -84.7101111949 38.9960676416, -84.7115878388 38.9956211552, -84.7119402099 38.9955086299, -84.7130474973 38.995155559, -84.7148888329 38.9945680557, -84.7152650282 38.9944617675, -84.7153363829 38.994441519, -84.7164624844 38.9941734151, -84.7173494355 38.9939732451, -84.7175140538 38.9939257965, -84.7176661362 38.9938691799, -84.7178059371 38.9937855518, -84.7179329081 38.9936886341, -84.7179920916 38.9936334123, -84.7180519257 38.9935570544, -84.7181381409 38.9933818133, -84.71836585 38.9927050959, -84.7184952607 38.9924854755, -84.7186638924 38.9922785487, -84.7190779861 38.9918796319, -84.7192730357 38.9916701856, -84.7193548653 38.9915558556, -84.7194238193 38.9914315308, -84.719474992 38.9912957963, -84.7195125515 38.991152531, -84.7195575854 38.990853936, -84.719615484 38.9898946144, -84.7197253095 38.9886466403, -84.7199033481 38.9871768689, -84.7199376463 38.9865923751, -84.7200912582 38.9856552912, -84.7201052559 38.9854862896, -84.7201023906 38.9853157696, -84.7200728132 38.9851436472, -84.7200226588 38.9849589931, -84.7198861808 38.9845355613, -84.7197156452 38.983684911, -84.719643254 38.9833814595, -84.7191789644 38.9816887052, -84.7190867657 38.9813186409, -84.7190201754 38.9809287558, -84.7189987935 38.9805258067, -84.7190051281 38.9801280391, -84.7190218968 38.979937372, -84.7191358244 38.9792193084, -84.7192116685 38.9789056025, -84.7194574883 38.9782128363, -84.7194998929 38.9779254737, -84.7195089852 38.9776059757, -84.7194521827 38.9769221307, -84.719450591 38.9765871656, -84.7194588915 38.976423057, -84.7194849973 38.9762684352, -84.7195574181 38.9759725449, -84.7195792522 38.9758214562, -84.7195969029 38.9755185046, -84.7196673185 38.9743448599, -84.7197780841 38.972929134, -84.7198839463 38.9717604607, -84.7199478169 38.9712231655, -84.720030637 38.9706887797, -84.7201849171 38.9700004368, -84.720503746 38.9683196349, -84.7205426333 38.9681560627, -84.7206014828 38.967998428, -84.7206789301 38.9678436991, -84.7207756759 38.9676921565, -84.7212151624 38.9670781986, -84.7215666964 38.9666155841, -84.7219500499 38.9661655981, -84.7230383259 38.965005363, -84.7231580772 38.9648677435, -84.7232578109 38.9647280295, -84.7235189595 38.9642890676, -84.7240427295 38.9633556956, -84.7248010958 38.9619438674, -84.7258008508 38.9603438383, -84.7263780054 38.9594611547, -84.7264494863 38.9593291586, -84.7265001946 38.9591989062, -84.7265305105 38.9590684781, -84.7265292075 38.9589358587, -84.7264987045 38.9588043612, -84.7262263022 38.9579948438, -84.7259542892 38.9570579368, -84.7258417012 38.956762377, -84.7257760822 38.9566275582, -84.7256828347 38.9564820706, -84.7255074615 38.9562754757, -84.7250636163 38.9558315624, -84.7249608796 38.9557109763, -84.7248733988 38.955580637, -84.7248040317 38.9554375493, -84.7247537924 38.9552844661, -84.7247149866 38.9550935943, -84.724697504 38.9549616589, -84.7246878831 38.9546458404, -84.7247218115 38.9543586745, -84.7247838587 38.9540722985, -84.7250319023 38.9532617485, -84.7251524156 38.9529182178, -84.7252853457 38.9525918156, -84.7257246994 38.951582761)"
"District 06","Boone","06-80207.00","CR","1001","CR-1001","SAFETY(P)","0.0","4.108","Improve safety & mobility, reduce congestion and address geometric deficiencies along Camp Ernst Road (CR 1001) from KY 237 (Pleasant Valley Rd) to KY 536 (Hathaway Rd). (2022CCN) (Includes Item No. 6-80208) (2024CCR)","","2022","2026","R","STPF","17250000","2026","","","","008-CR-1001-000","LINESTRING (-84.7010555612 39.0009284875, -84.7011144859 39.0009657945, -84.7011929735 39.0009884466, -84.7012621924 39.0009950931, -84.7013435977 39.0009861978, -84.7014224576 39.0009586112, -84.7014906952 39.0009111639, -84.701529058 39.0008615324, -84.7015773935 39.0008279125, -84.7016670358 39.000784496, -84.701732136 39.0007595332, -84.7018161807 39.0007383063, -84.7019289273 39.0007274892, -84.7020431731 39.00071037, -84.7021398863 39.0006645446, -84.7022769673 39.0006253869, -84.7024436377 39.0005593083, -84.7025343709 39.00051343, -84.7026727343 39.0004339252, -84.7037736461 38.9997983757, -84.7051207946 38.9989933748, -84.7070559795 38.9978585404, -84.7088822961 38.9967548489, -84.7096458835 38.9962785652, -84.709788101 38.9961990857, -84.7099428688 38.9961276761, -84.7101111949 38.9960676416, -84.7115878388 38.9956211552, -84.7119402099 38.9955086299, -84.7130474973 38.995155559, -84.7148888329 38.9945680557, -84.7152650282 38.9944617675, -84.7153363829 38.994441519, -84.7164624844 38.9941734151, -84.7173494355 38.9939732451, -84.7175140538 38.9939257965, -84.7176661362 38.9938691799, -84.7178059371 38.9937855518, -84.7179329081 38.9936886341, -84.7179920916 38.9936334123, -84.7180519257 38.9935570544, -84.7181381409 38.9933818133, -84.71836585 38.9927050959, -84.7184952607 38.9924854755, -84.7186638924 38.9922785487, -84.7190779861 38.9918796319, -84.7192730357 38.9916701856, -84.7193548653 38.9915558556, -84.7194238193 38.9914315308, -84.719474992 38.9912957963, -84.7195125515 38.991152531, -84.7195575854 38.990853936, -84.719615484 38.9898946144, -84.7197253095 38.9886466403, -84.7199033481 38.9871768689, -84.7199376463 38.9865923751, -84.7200912582 38.9856552912, -84.7201052559 38.9854862896, -84.7201023906 38.9853157696, -84.7200728132 38.9851436472, -84.7200226588 38.9849589931, -84.7198861808 38.9845355613, -84.7197156452 38.983684911, -84.719643254 38.9833814595, -84.7191789644 38.9816887052, -84.7190867657 38.9813186409, -84.7190201754 38.9809287558, -84.7189987935 38.9805258067, -84.7190051281 38.9801280391, -84.7190218968 38.979937372, -84.7191358244 38.9792193084, -84.7192116685 38.9789056025, -84.7194574883 38.9782128363, -84.7194998929 38.9779254737, -84.7195089852 38.9776059757, -84.7194521827 38.9769221307, -84.719450591 38.9765871656, -84.7194588915 38.976423057, -84.7194849973 38.9762684352, -84.7195574181 38.9759725449, -84.7195792522 38.9758214562, -84.7195969029 38.9755185046, -84.7196673185 38.9743448599, -84.7197780841 38.972929134, -84.7198839463 38.9717604607, -84.7199478169 38.9712231655, -84.720030637 38.9706887797, -84.7201849171 38.9700004368, -84.720503746 38.9683196349, -84.7205426333 38.9681560627, -84.7206014828 38.967998428, -84.7206789301 38.9678436991, -84.7207756759 38.9676921565, -84.7212151624 38.9670781986, -84.7215666964 38.9666155841, -84.7219500499 38.9661655981, -84.7230383259 38.965005363, -84.7231580772 38.9648677435, -84.7232578109 38.9647280295, -84.7235189595 38.9642890676, -84.7240427295 38.9633556956, -84.7248010958 38.9619438674, -84.7258008508 38.9603438383, -84.7263780054 38.9594611547, -84.7264494863 38.9593291586, -84.7265001946 38.9591989062, -84.7265305105 38.9590684781, -84.7265292075 38.9589358587, -84.7264987045 38.9588043612, -84.7262263022 38.9579948438, -84.7259542892 38.9570579368, -84.7258417012 38.956762377, -84.7257760822 38.9566275582, -84.7256828347 38.9564820706, -84.7255074615 38.9562754757, -84.7250636163 38.9558315624, -84.7249608796 38.9557109763, -84.7248733988 38.955580637, -84.7248040317 38.9554375493, -84.7247537924 38.9552844661, -84.7247149866 38.9550935943, -84.724697504 38.9549616589, -84.7246878831 38.9546458404, -84.7247218115 38.9543586745, -84.7247838587 38.9540722985, -84.7250319023 38.9532617485, -84.7251524156 38.9529182178, -84.7252853457 38.9525918156, -84.7257246994 38.951582761)"
"District 06","Boone","06-80207.00","CR","1001","CR-1001","SAFETY(P)","0.0","4.108","Improve safety & mobility, reduce congestion and address geometric deficiencies along Camp Ernst Road (CR 1001) from KY 237 (Pleasant Valley Rd) to KY 536 (Hathaway Rd). (2022CCN) (Includes Item No. 6-80208) (2024CCR)","","2022","2026","C","STPF","34720000","2030","","","","008-CR-1001-000","LINESTRING (-84.7010555612 39.0009284875, -84.7011144859 39.0009657945, -84.7011929735 39.0009884466, -84.7012621924 39.0009950931, -84.7013435977 39.0009861978, -84.7014224576 39.0009586112, -84.7014906952 39.0009111639, -84.701529058 39.0008615324, -84.7015773935 39.0008279125, -84.7016670358 39.000784496, -84.701732136 39.0007595332, -84.7018161807 39.0007383063, -84.7019289273 39.0007274892, -84.7020431731 39.00071037, -84.7021398863 39.0006645446, -84.7022769673 39.0006253869, -84.7024436377 39.0005593083, -84.7025343709 39.00051343, -84.7026727343 39.0004339252, -84.7037736461 38.9997983757, -84.7051207946 38.9989933748, -84.7070559795 38.9978585404, -84.7088822961 38.9967548489, -84.7096458835 38.9962785652, -84.709788101 38.9961990857, -84.7099428688 38.9961276761, -84.7101111949 38.9960676416, -84.7115878388 38.9956211552, -84.7119402099 38.9955086299, -84.7130474973 38.995155559, -84.7148888329 38.9945680557, -84.7152650282 38.9944617675, -84.7153363829 38.994441519, -84.7164624844 38.9941734151, -84.7173494355 38.9939732451, -84.7175140538 38.9939257965, -84.7176661362 38.9938691799, -84.7178059371 38.9937855518, -84.7179329081 38.9936886341, -84.7179920916 38.9936334123, -84.7180519257 38.9935570544, -84.7181381409 38.9933818133, -84.71836585 38.9927050959, -84.7184952607 38.9924854755, -84.7186638924 38.9922785487, -84.7190779861 38.9918796319, -84.7192730357 38.9916701856, -84.7193548653 38.9915558556, -84.7194238193 38.9914315308, -84.719474992 38.9912957963, -84.7195125515 38.991152531, -84.7195575854 38.990853936, -84.719615484 38.9898946144, -84.7197253095 38.9886466403, -84.7199033481 38.9871768689, -84.7199376463 38.9865923751, -84.7200912582 38.9856552912, -84.7201052559 38.9854862896, -84.7201023906 38.9853157696, -84.7200728132 38.9851436472, -84.7200226588 38.9849589931, -84.7198861808 38.9845355613, -84.7197156452 38.983684911, -84.719643254 38.9833814595, -84.7191789644 38.9816887052, -84.7190867657 38.9813186409, -84.7190201754 38.9809287558, -84.7189987935 38.9805258067, -84.7190051281 38.9801280391, -84.7190218968 38.979937372, -84.7191358244 38.9792193084, -84.7192116685 38.9789056025, -84.7194574883 38.9782128363, -84.7194998929 38.9779254737, -84.7195089852 38.9776059757, -84.7194521827 38.9769221307, -84.719450591 38.9765871656, -84.7194588915 38.976423057, -84.7194849973 38.9762684352, -84.7195574181 38.9759725449, -84.7195792522 38.9758214562, -84.7195969029 38.9755185046, -84.7196673185 38.9743448599, -84.7197780841 38.972929134, -84.7198839463 38.9717604607, -84.7199478169 38.9712231655, -84.720030637 38.9706887797, -84.7201849171 38.9700004368, -84.720503746 38.9683196349, -84.7205426333 38.9681560627, -84.7206014828 38.967998428, -84.7206789301 38.9678436991, -84.7207756759 38.9676921565, -84.7212151624 38.9670781986, -84.7215666964 38.9666155841, -84.7219500499 38.9661655981, -84.7230383259 38.965005363, -84.7231580772 38.9648677435, -84.7232578109 38.9647280295, -84.7235189595 38.9642890676, -84.7240427295 38.9633556956, -84.7248010958 38.9619438674, -84.7258008508 38.9603438383, -84.7263780054 38.9594611547, -84.7264494863 38.9593291586, -84.7265001946 38.9591989062, -84.7265305105 38.9590684781, -84.7265292075 38.9589358587, -84.7264987045 38.9588043612, -84.7262263022 38.9579948438, -84.7259542892 38.9570579368, -84.7258417012 38.956762377, -84.7257760822 38.9566275582, -84.7256828347 38.9564820706, -84.7255074615 38.9562754757, -84.7250636163 38.9558315624, -84.7249608796 38.9557109763, -84.7248733988 38.955580637, -84.7248040317 38.9554375493, -84.7247537924 38.9552844661, -84.7247149866 38.9550935943, -84.724697504 38.9549616589, -84.7246878831 38.9546458404, -84.7247218115 38.9543586745, -84.7247838587 38.9540722985, -84.7250319023 38.9532617485, -84.7251524156 38.9529182178, -84.7252853457 38.9525918156, -84.7257246994 38.951582761)"
"District 06","Boone","06-80208.00","CR","1001","CR-1001","SAFETY(P)","0.0","2.169","Improve safety & mobility, reduce congestion and address geometric deficiencies along Camp Ernst Road (CR 1001) from Long Branch Rd. to KY 237 (Pleasant Valley Rd.) (2022CCN)(See Item No. 6-80207) (2024CCN)","","2022","2026","C","SPP","29760000","2032","","","","008-CR-1001-000","LINESTRING (-84.7010555612 39.0009284875, -84.7011144859 39.0009657945, -84.7011929735 39.0009884466, -84.7012621924 39.0009950931, -84.7013435977 39.0009861978, -84.7014224576 39.0009586112, -84.7014906952 39.0009111639, -84.701529058 39.0008615324, -84.7015773935 39.0008279125, -84.7016670358 39.000784496, -84.701732136 39.0007595332, -84.7018161807 39.0007383063, -84.7019289273 39.0007274892, -84.7020431731 39.00071037, -84.7021398863 39.0006645446, -84.7022769673 39.0006253869, -84.7024436377 39.0005593083, -84.7025343709 39.00051343, -84.7026727343 39.0004339252, -84.7037736461 38.9997983757, -84.7051207946 38.9989933748, -84.7070559795 38.9978585404, -84.7088822961 38.9967548489, -84.7096458835 38.9962785652, -84.709788101 38.9961990857, -84.7099428688 38.9961276761, -84.7101111949 38.9960676416, -84.7115878388 38.9956211552, -84.7119402099 38.9955086299, -84.7130474973 38.995155559, -84.7148888329 38.9945680557, -84.7152650282 38.9944617675, -84.7153363829 38.994441519, -84.7164624844 38.9941734151, -84.7173494355 38.9939732451, -84.7175140538 38.9939257965, -84.7176661362 38.9938691799, -84.7178059371 38.9937855518, -84.7179329081 38.9936886341, -84.7179920916 38.9936334123, -84.7180519257 38.9935570544, -84.7181381409 38.9933818133, -84.71836585 38.9927050959, -84.7184952607 38.9924854755, -84.7186638924 38.9922785487, -84.7190779861 38.9918796319, -84.7192730357 38.9916701856, -84.7193548653 38.9915558556, -84.7194238193 38.9914315308, -84.719474992 38.9912957963, -84.7195125515 38.991152531, -84.7195575854 38.990853936, -84.719615484 38.9898946144, -84.7197253095 38.9886466403, -84.7199033481 38.9871768689, -84.7199376463 38.9865923751, -84.7200912582 38.9856552912, -84.7201052559 38.9854862896, -84.7201023906 38.9853157696, -84.7200728132 38.9851436472, -84.7200226588 38.9849589931, -84.7198861808 38.9845355613, -84.7197156452 38.983684911, -84.719643254 38.9833814595, -84.7191789644 38.9816887052, -84.7190867657 38.9813186409, -84.7190201754 38.9809287558, -84.7189987935 38.9805258067, -84.7190051281 38.9801280391, -84.7190218968 38.979937372, -84.7191358244 38.9792193084, -84.7192116685 38.9789056025, -84.7194574883 38.9782128363, -84.7194829311 38.9780404188)"
"District 06","Boone","06-80208.00","CR","1001","CR-1001","SAFETY(P)","0.0","2.169","Improve safety & mobility, reduce congestion and address geometric deficiencies along Camp Ernst Road (CR 1001) from Long Branch Rd. to KY 237 (Pleasant Valley Rd.) (2022CCN)(See Item No. 6-80207) (2024CCN)","","2022","2026","R","SPP","13800000","2030","","","","008-CR-1001-000","LINESTRING (-84.7010555612 39.0009284875, -84.7011144859 39.0009657945, -84.7011929735 39.0009884466, -84.7012621924 39.0009950931, -84.7013435977 39.0009861978, -84.7014224576 39.0009586112, -84.7014906952 39.0009111639, -84.701529058 39.0008615324, -84.7015773935 39.0008279125, -84.7016670358 39.000784496, -84.701732136 39.0007595332, -84.7018161807 39.0007383063, -84.7019289273 39.0007274892, -84.7020431731 39.00071037, -84.7021398863 39.0006645446, -84.7022769673 39.0006253869, -84.7024436377 39.0005593083, -84.7025343709 39.00051343, -84.7026727343 39.0004339252, -84.7037736461 38.9997983757, -84.7051207946 38.9989933748, -84.7070559795 38.9978585404, -84.7088822961 38.9967548489, -84.7096458835 38.9962785652, -84.709788101 38.9961990857, -84.7099428688 38.9961276761, -84.7101111949 38.9960676416, -84.7115878388 38.9956211552, -84.7119402099 38.9955086299, -84.7130474973 38.995155559, -84.7148888329 38.9945680557, -84.7152650282 38.9944617675, -84.7153363829 38.994441519, -84.7164624844 38.9941734151, -84.7173494355 38.9939732451, -84.7175140538 38.9939257965, -84.7176661362 38.9938691799, -84.7178059371 38.9937855518, -84.7179329081 38.9936886341, -84.7179920916 38.9936334123, -84.7180519257 38.9935570544, -84.7181381409 38.9933818133, -84.71836585 38.9927050959, -84.7184952607 38.9924854755, -84.7186638924 38.9922785487, -84.7190779861 38.9918796319, -84.7192730357 38.9916701856, -84.7193548653 38.9915558556, -84.7194238193 38.9914315308, -84.719474992 38.9912957963, -84.7195125515 38.991152531, -84.7195575854 38.990853936, -84.719615484 38.9898946144, -84.7197253095 38.9886466403, -84.7199033481 38.9871768689, -84.7199376463 38.9865923751, -84.7200912582 38.9856552912, -84.7201052559 38.9854862896, -84.7201023906 38.9853157696, -84.7200728132 38.9851436472, -84.7200226588 38.9849589931, -84.7198861808 38.9845355613, -84.7197156452 38.983684911, -84.719643254 38.9833814595, -84.7191789644 38.9816887052, -84.7190867657 38.9813186409, -84.7190201754 38.9809287558, -84.7189987935 38.9805258067, -84.7190051281 38.9801280391, -84.7190218968 38.979937372, -84.7191358244 38.9792193084, -84.7192116685 38.9789056025, -84.7194574883 38.9782128363, -84.7194829311 38.9780404188)"
"District 06","Boone","06-80208.00","CR","1001","CR-1001","SAFETY(P)","0.0","2.169","Improve safety & mobility, reduce congestion and address geometric deficiencies along Camp Ernst Road (CR 1001) from Long Branch Rd. to KY 237 (Pleasant Valley Rd.) (2022CCN)(See Item No. 6-80207) (2024CCN)","","2022","2026","U","SPP","3360000","2030","","","","008-CR-1001-000","LINESTRING (-84.7010555612 39.0009284875, -84.7011144859 39.0009657945, -84.7011929735 39.0009884466, -84.7012621924 39.0009950931, -84.7013435977 39.0009861978, -84.7014224576 39.0009586112, -84.7014906952 39.0009111639, -84.701529058 39.0008615324, -84.7015773935 39.0008279125, -84.7016670358 39.000784496, -84.701732136 39.0007595332, -84.7018161807 39.0007383063, -84.7019289273 39.0007274892, -84.7020431731 39.00071037, -84.7021398863 39.0006645446, -84.7022769673 39.0006253869, -84.7024436377 39.0005593083, -84.7025343709 39.00051343, -84.7026727343 39.0004339252, -84.7037736461 38.9997983757, -84.7051207946 38.9989933748, -84.7070559795 38.9978585404, -84.7088822961 38.9967548489, -84.7096458835 38.9962785652, -84.709788101 38.9961990857, -84.7099428688 38.9961276761, -84.7101111949 38.9960676416, -84.7115878388 38.9956211552, -84.7119402099 38.9955086299, -84.7130474973 38.995155559, -84.7148888329 38.9945680557, -84.7152650282 38.9944617675, -84.7153363829 38.994441519, -84.7164624844 38.9941734151, -84.7173494355 38.9939732451, -84.7175140538 38.9939257965, -84.7176661362 38.9938691799, -84.7178059371 38.9937855518, -84.7179329081 38.9936886341, -84.7179920916 38.9936334123, -84.7180519257 38.9935570544, -84.7181381409 38.9933818133, -84.71836585 38.9927050959, -84.7184952607 38.9924854755, -84.7186638924 38.9922785487, -84.7190779861 38.9918796319, -84.7192730357 38.9916701856, -84.7193548653 38.9915558556, -84.7194238193 38.9914315308, -84.719474992 38.9912957963, -84.7195125515 38.991152531, -84.7195575854 38.990853936, -84.719615484 38.9898946144, -84.7197253095 38.9886466403, -84.7199033481 38.9871768689, -84.7199376463 38.9865923751, -84.7200912582 38.9856552912, -84.7201052559 38.9854862896, -84.7201023906 38.9853157696, -84.7200728132 38.9851436472, -84.7200226588 38.9849589931, -84.7198861808 38.9845355613, -84.7197156452 38.983684911, -84.719643254 38.9833814595, -84.7191789644 38.9816887052, -84.7190867657 38.9813186409, -84.7190201754 38.9809287558, -84.7189987935 38.9805258067, -84.7190051281 38.9801280391, -84.7190218968 38.979937372, -84.7191358244 38.9792193084, -84.7192116685 38.9789056025, -84.7194574883 38.9782128363, -84.7194829311 38.9780404188)"
"District 06","Boone","06-80208.00","CR","1001","CR-1001","SAFETY(P)","0.0","2.169","Improve safety & mobility, reduce congestion and address geometric deficiencies along Camp Ernst Road (CR 1001) from Long Branch Rd. to KY 237 (Pleasant Valley Rd.) (2022CCN)(See Item No. 6-80207) (2024CCN)","","2022","2026","D","SPP","2690000","2029","","","","008-CR-1001-000","LINESTRING (-84.7010555612 39.0009284875, -84.7011144859 39.0009657945, -84.7011929735 39.0009884466, -84.7012621924 39.0009950931, -84.7013435977 39.0009861978, -84.7014224576 39.0009586112, -84.7014906952 39.0009111639, -84.701529058 39.0008615324, -84.7015773935 39.0008279125, -84.7016670358 39.000784496, -84.701732136 39.0007595332, -84.7018161807 39.0007383063, -84.7019289273 39.0007274892, -84.7020431731 39.00071037, -84.7021398863 39.0006645446, -84.7022769673 39.0006253869, -84.7024436377 39.0005593083, -84.7025343709 39.00051343, -84.7026727343 39.0004339252, -84.7037736461 38.9997983757, -84.7051207946 38.9989933748, -84.7070559795 38.9978585404, -84.7088822961 38.9967548489, -84.7096458835 38.9962785652, -84.709788101 38.9961990857, -84.7099428688 38.9961276761, -84.7101111949 38.9960676416, -84.7115878388 38.9956211552, -84.7119402099 38.9955086299, -84.7130474973 38.995155559, -84.7148888329 38.9945680557, -84.7152650282 38.9944617675, -84.7153363829 38.994441519, -84.7164624844 38.9941734151, -84.7173494355 38.9939732451, -84.7175140538 38.9939257965, -84.7176661362 38.9938691799, -84.7178059371 38.9937855518, -84.7179329081 38.9936886341, -84.7179920916 38.9936334123, -84.7180519257 38.9935570544, -84.7181381409 38.9933818133, -84.71836585 38.9927050959, -84.7184952607 38.9924854755, -84.7186638924 38.9922785487, -84.7190779861 38.9918796319, -84.7192730357 38.9916701856, -84.7193548653 38.9915558556, -84.7194238193 38.9914315308, -84.719474992 38.9912957963, -84.7195125515 38.991152531, -84.7195575854 38.990853936, -84.719615484 38.9898946144, -84.7197253095 38.9886466403, -84.7199033481 38.9871768689, -84.7199376463 38.9865923751, -84.7200912582 38.9856552912, -84.7201052559 38.9854862896, -84.7201023906 38.9853157696, -84.7200728132 38.9851436472, -84.7200226588 38.9849589931, -84.7198861808 38.9845355613, -84.7197156452 38.983684911, -84.719643254 38.9833814595, -84.7191789644 38.9816887052, -84.7190867657 38.9813186409, -84.7190201754 38.9809287558, -84.7189987935 38.9805258067, -84.7190051281 38.9801280391, -84.7190218968 38.979937372, -84.7191358244 38.9792193084, -84.7192116685 38.9789056025, -84.7194574883 38.9782128363, -84.7194829311 38.9780404188)"
"District 06","Boone","06-80209.00","KY","237","KY-237","CONGESTION MITIGTN(O)","10.25","10.45","Improve access to KY 237 for Litton Lane. (2022CCN) (2024CCR)","","2022","2026","R","SPP","7350000","2029","","","","008-KY-0237-000","LINESTRING (-84.7072431389 39.0792401145, -84.7076126457 39.0795752302, -84.7080642947 39.0799868462, -84.7084070105 39.0803069171, -84.7087031478 39.0806084625, -84.7088930874 39.0808239778, -84.709066776 39.08104292, -84.7092372745 39.0812879149, -84.7093812045 39.081518952, -84.7093882242 39.081532064)"
"District 06","Boone","06-80209.00","KY","237","KY-237","CONGESTION MITIGTN(O)","10.25","10.45","Improve access to KY 237 for Litton Lane. (2022CCN) (2024CCR)","","2022","2026","C","SPP","6050000","2031","","","","008-KY-0237-000","LINESTRING (-84.7072431389 39.0792401145, -84.7076126457 39.0795752302, -84.7080642947 39.0799868462, -84.7084070105 39.0803069171, -84.7087031478 39.0806084625, -84.7088930874 39.0808239778, -84.709066776 39.08104292, -84.7092372745 39.0812879149, -84.7093812045 39.081518952, -84.7093882242 39.081532064)"
"District 06","Boone","06-80209.00","KY","237","KY-237","CONGESTION MITIGTN(O)","10.25","10.45","Improve access to KY 237 for Litton Lane. (2022CCN) (2024CCR)","","2022","2026","U","SPP","520000","2030","","","","008-KY-0237-000","LINESTRING (-84.7072431389 39.0792401145, -84.7076126457 39.0795752302, -84.7080642947 39.0799868462, -84.7084070105 39.0803069171, -84.7087031478 39.0806084625, -84.7088930874 39.0808239778, -84.709066776 39.08104292, -84.7092372745 39.0812879149, -84.7093812045 39.081518952, -84.7093882242 39.081532064)"
"District 06","Boone","06-80210.00","KY","18","KY-18","SAFETY-RR SEPARATN(P)","14.4","14.9","Paired Grade-Separated Intersections along KY 18 at KY 842 and Mall Road. (2022CCN) (2024CCR)","","2022","2026","U","SPP","3942400","2031","","","","008-KY-0018-000","LINESTRING (-84.6580257563 39.0063983431, -84.6578246994 39.0063322695, -84.6569552763 39.0060467594, -84.6566056597 39.0059197416, -84.6563601535 39.0058192093, -84.6560424425 39.0056765581, -84.6558066813 39.0055599148, -84.6556405608 39.0054686182, -84.655264923 39.0052471889, -84.6552123661 39.0051621466, -84.6551387442 39.0050738921, -84.6550372336 39.0049916965, -84.6542752106 39.0045155146, -84.6537589816 39.0041909347, -84.6521649342 39.0032167656, -84.6511967228 39.0026030428, -84.6510610663 39.0025224523, -84.6509637683 39.0024647263, -84.650623519 39.002278475, -84.6503337561 39.0021275549, -84.6501656509 39.0020493067)"
"District 06","Boone","06-80210.00","KY","18","KY-18","SAFETY-RR SEPARATN(P)","14.4","14.9","Paired Grade-Separated Intersections along KY 18 at KY 842 and Mall Road. (2022CCN) (2024CCR)","","2022","2026","C","SPP","33040000","2032","","","","008-KY-0018-000","LINESTRING (-84.6580257563 39.0063983431, -84.6578246994 39.0063322695, -84.6569552763 39.0060467594, -84.6566056597 39.0059197416, -84.6563601535 39.0058192093, -84.6560424425 39.0056765581, -84.6558066813 39.0055599148, -84.6556405608 39.0054686182, -84.655264923 39.0052471889, -84.6552123661 39.0051621466, -84.6551387442 39.0050738921, -84.6550372336 39.0049916965, -84.6542752106 39.0045155146, -84.6537589816 39.0041909347, -84.6521649342 39.0032167656, -84.6511967228 39.0026030428, -84.6510610663 39.0025224523, -84.6509637683 39.0024647263, -84.650623519 39.002278475, -84.6503337561 39.0021275549, -84.6501656509 39.0020493067)"
"District 06","Boone","06-80210.00","KY","18","KY-18","SAFETY-RR SEPARATN(P)","14.4","14.9","Paired Grade-Separated Intersections along KY 18 at KY 842 and Mall Road. (2022CCN) (2024CCR)","","2022","2026","R","SPP","14662500","2030","","","","008-KY-0018-000","LINESTRING (-84.6580257563 39.0063983431, -84.6578246994 39.0063322695, -84.6569552763 39.0060467594, -84.6566056597 39.0059197416, -84.6563601535 39.0058192093, -84.6560424425 39.0056765581, -84.6558066813 39.0055599148, -84.6556405608 39.0054686182, -84.655264923 39.0052471889, -84.6552123661 39.0051621466, -84.6551387442 39.0050738921, -84.6550372336 39.0049916965, -84.6542752106 39.0045155146, -84.6537589816 39.0041909347, -84.6521649342 39.0032167656, -84.6511967228 39.0026030428, -84.6510610663 39.0025224523, -84.6509637683 39.0024647263, -84.650623519 39.002278475, -84.6503337561 39.0021275549, -84.6501656509 39.0020493067)"
"District 06","Boone","06-80210.00","KY","18","KY-18","SAFETY-RR SEPARATN(P)","14.4","14.9","Paired Grade-Separated Intersections along KY 18 at KY 842 and Mall Road. (2022CCN) (2024CCR)","","2022","2026","D","SPP","4992000","2029","","","","008-KY-0018-000","LINESTRING (-84.6580257563 39.0063983431, -84.6578246994 39.0063322695, -84.6569552763 39.0060467594, -84.6566056597 39.0059197416, -84.6563601535 39.0058192093, -84.6560424425 39.0056765581, -84.6558066813 39.0055599148, -84.6556405608 39.0054686182, -84.655264923 39.0052471889, -84.6552123661 39.0051621466, -84.6551387442 39.0050738921, -84.6550372336 39.0049916965, -84.6542752106 39.0045155146, -84.6537589816 39.0041909347, -84.6521649342 39.0032167656, -84.6511967228 39.0026030428, -84.6510610663 39.0025224523, -84.6509637683 39.0024647263, -84.650623519 39.002278475, -84.6503337561 39.0021275549, -84.6501656509 39.0020493067)"
"District 06","Boone","06-80211.00","KY","18","KY-18","CONGESTION MITIGTN(O)","12.8","13.1","Improve capacity at the KY 18 (Burlington Pike) intersection with KY 1017 (Aero Parkway) to support existing and future traffic volumes. Consider grade separation design options. (2022CCN)","","2022","2026","C","SPP","24800000","2032","","","","008-KY-0018-000","LINESTRING (-84.6833084628 39.0180688828, -84.6824514155 39.0179274273, -84.6822204793 39.0178841843, -84.6818107246 39.0177954171, -84.6815778874 39.0177378792, -84.681181469 39.0176278147, -84.6807520191 39.0174905476, -84.6805486354 39.0174165237, -84.6801937416 39.0172829413, -84.6800303605 39.0172169618, -84.6798617823 39.0171454438, -84.6794087623 39.0169360308, -84.6791163907 39.0167870805, -84.6784450918 39.0164164722, -84.6783119981 39.0163413894)"
"District 06","Boone","06-80211.00","KY","18","KY-18","CONGESTION MITIGTN(O)","12.8","13.1","Improve capacity at the KY 18 (Burlington Pike) intersection with KY 1017 (Aero Parkway) to support existing and future traffic volumes. Consider grade separation design options. (2022CCN)","","2022","2026","D","SPP","1860000","2029","","","","008-KY-0018-000","LINESTRING (-84.6833084628 39.0180688828, -84.6824514155 39.0179274273, -84.6822204793 39.0178841843, -84.6818107246 39.0177954171, -84.6815778874 39.0177378792, -84.681181469 39.0176278147, -84.6807520191 39.0174905476, -84.6805486354 39.0174165237, -84.6801937416 39.0172829413, -84.6800303605 39.0172169618, -84.6798617823 39.0171454438, -84.6794087623 39.0169360308, -84.6791163907 39.0167870805, -84.6784450918 39.0164164722, -84.6783119981 39.0163413894)"
"District 06","Boone","06-80211.00","KY","18","KY-18","CONGESTION MITIGTN(O)","12.8","13.1","Improve capacity at the KY 18 (Burlington Pike) intersection with KY 1017 (Aero Parkway) to support existing and future traffic volumes. Consider grade separation design options. (2022CCN)","","2022","2026","R","SPP","19500000","2030","","","","008-KY-0018-000","LINESTRING (-84.6833084628 39.0180688828, -84.6824514155 39.0179274273, -84.6822204793 39.0178841843, -84.6818107246 39.0177954171, -84.6815778874 39.0177378792, -84.681181469 39.0176278147, -84.6807520191 39.0174905476, -84.6805486354 39.0174165237, -84.6801937416 39.0172829413, -84.6800303605 39.0172169618, -84.6798617823 39.0171454438, -84.6794087623 39.0169360308, -84.6791163907 39.0167870805, -84.6784450918 39.0164164722, -84.6783119981 39.0163413894)"
"District 06","Boone","06-80211.00","KY","18","KY-18","CONGESTION MITIGTN(O)","12.8","13.1","Improve capacity at the KY 18 (Burlington Pike) intersection with KY 1017 (Aero Parkway) to support existing and future traffic volumes. Consider grade separation design options. (2022CCN)","","2022","2026","U","SPP","1000000","2031","","","","008-KY-0018-000","LINESTRING (-84.6833084628 39.0180688828, -84.6824514155 39.0179274273, -84.6822204793 39.0178841843, -84.6818107246 39.0177954171, -84.6815778874 39.0177378792, -84.681181469 39.0176278147, -84.6807520191 39.0174905476, -84.6805486354 39.0174165237, -84.6801937416 39.0172829413, -84.6800303605 39.0172169618, -84.6798617823 39.0171454438, -84.6794087623 39.0169360308, -84.6791163907 39.0167870805, -84.6784450918 39.0164164722, -84.6783119981 39.0163413894)"
"District 06","Boone","06-80257.00","I","75","I-75","REST AREA REHAB(P)","176.5","177.2","EXPAND NORTHBOUND AND SOUTHBOUND REST AREAS ON I-71/I-75 IN BOONE COUNTY TO ADD MORE TRUCK PARKING. (2022CCN) (2024CCR)","","2022","2026","U","NH","450000","2029","","","","008-I-0075-000","LINESTRING (-84.631220162 38.9338178991, -84.6320971582 38.9400765104, -84.6326048286 38.9436980091, -84.6326725338 38.9441608462)"
"District 06","Boone","06-80257.00","I","75","I-75","REST AREA REHAB(P)","176.5","177.2","EXPAND NORTHBOUND AND SOUTHBOUND REST AREAS ON I-71/I-75 IN BOONE COUNTY TO ADD MORE TRUCK PARKING. (2022CCN) (2024CCR)","","2022","2026","C","NH","16000000","2030","","","","008-I-0075-000","LINESTRING (-84.631220162 38.9338178991, -84.6320971582 38.9400765104, -84.6326048286 38.9436980091, -84.6326725338 38.9441608462)"
"District 06","Boone","06-80304.00","CR","1151","CR-1151","CONGESTION MITIGTN(O)","0.0","2.51","IMPROVE SAFETY AND REDUCE CONGESTION ALONG HICKS PIKE (CR 1151) FROM US 42 TO KY 338. (2024CCN)","","2024","2026","U","STPF","3410000","2031","","","","008-CR-1151-000","LINESTRING (-84.6779288879 38.921798851, -84.6779644015 38.9217739108, -84.6779902724 38.9217354301, -84.6780108767 38.9216249675, -84.6781087662 38.9205369447, -84.678151152 38.9198772841, -84.6782064308 38.9189860119, -84.6782823849 38.9181226542, -84.6784661326 38.9165008316, -84.678467331 38.9164192979, -84.678454369 38.9163686629, -84.6784070382 38.9162891656, -84.6783381444 38.9162421464, -84.6782534498 38.9162180489, -84.6780372369 38.9161993606, -84.6774527711 38.916176817, -84.6767560888 38.9161853853, -84.6763798052 38.9161778854, -84.6762054341 38.9161579233, -84.6760205086 38.9161148019, -84.6758508793 38.916059188, -84.6756927291 38.9159877532, -84.6755464025 38.915901049, -84.6754125924 38.9157996309, -84.6749392178 38.9153459164, -84.6748143087 38.9152368897, -84.6746773505 38.9151346193, -84.6745244112 38.9150437357, -84.6743593501 38.9149645487, -84.6738765185 38.9146999167, -84.6735397208 38.9145417557, -84.6733607309 38.914477817, -84.6728120972 38.9143144493, -84.6724596496 38.9141929349, -84.6722826203 38.9141391713, -84.6721001538 38.9140966156, -84.6717187167 38.9140344163, -84.670728209 38.9139038407, -84.670136889 38.9137996539, -84.669756876 38.9137127516, -84.6694045178 38.9135857376, -84.6692408505 38.9135079288, -84.6681795153 38.9129409632, -84.6677759578 38.9127360542, -84.6669501046 38.9123579114, -84.6650872029 38.9115554869, -84.6631758884 38.9107031703, -84.662823912 38.9105758654, -84.6625909007 38.9105067516, -84.6622896677 38.9104172474, -84.6615627966 38.9102623629, -84.6609941652 38.9101712417, -84.660417944 38.9100943257, -84.6578650765 38.9097094128, -84.655964135 38.9094391438, -84.6557901307 38.9093960918, -84.6554619993 38.9092733753, -84.6548677238 38.9090189007, -84.6546484114 38.9089276573, -84.6543076229 38.908805646, -84.6541287639 38.9087584284, -84.6539422915 38.9087267895, -84.6537773519 38.908712097, -84.6533900979 38.9087357236, -84.6530317798 38.9087747154, -84.6528412117 38.9087817512, -84.6524607077 38.9087538194, -84.6501844287 38.908419056, -84.6473632305 38.9080319944, -84.6461490625 38.9078741624, -84.6455522143 38.9077692539, -84.6432356537 38.9071289457, -84.6430738247 38.9070717095, -84.6429280066 38.9070014425, -84.6427988777 38.9069197993, -84.6423296118 38.9065596151, -84.6419979811 38.9063226118)"
"District 06","Boone","06-80304.00","CR","1151","CR-1151","CONGESTION MITIGTN(O)","0.0","2.51","IMPROVE SAFETY AND REDUCE CONGESTION ALONG HICKS PIKE (CR 1151) FROM US 42 TO KY 338. (2024CCN)","","2024","2026","D","STPF","5160000","2029","","","","008-CR-1151-000","LINESTRING (-84.6779288879 38.921798851, -84.6779644015 38.9217739108, -84.6779902724 38.9217354301, -84.6780108767 38.9216249675, -84.6781087662 38.9205369447, -84.678151152 38.9198772841, -84.6782064308 38.9189860119, -84.6782823849 38.9181226542, -84.6784661326 38.9165008316, -84.678467331 38.9164192979, -84.678454369 38.9163686629, -84.6784070382 38.9162891656, -84.6783381444 38.9162421464, -84.6782534498 38.9162180489, -84.6780372369 38.9161993606, -84.6774527711 38.916176817, -84.6767560888 38.9161853853, -84.6763798052 38.9161778854, -84.6762054341 38.9161579233, -84.6760205086 38.9161148019, -84.6758508793 38.916059188, -84.6756927291 38.9159877532, -84.6755464025 38.915901049, -84.6754125924 38.9157996309, -84.6749392178 38.9153459164, -84.6748143087 38.9152368897, -84.6746773505 38.9151346193, -84.6745244112 38.9150437357, -84.6743593501 38.9149645487, -84.6738765185 38.9146999167, -84.6735397208 38.9145417557, -84.6733607309 38.914477817, -84.6728120972 38.9143144493, -84.6724596496 38.9141929349, -84.6722826203 38.9141391713, -84.6721001538 38.9140966156, -84.6717187167 38.9140344163, -84.670728209 38.9139038407, -84.670136889 38.9137996539, -84.669756876 38.9137127516, -84.6694045178 38.9135857376, -84.6692408505 38.9135079288, -84.6681795153 38.9129409632, -84.6677759578 38.9127360542, -84.6669501046 38.9123579114, -84.6650872029 38.9115554869, -84.6631758884 38.9107031703, -84.662823912 38.9105758654, -84.6625909007 38.9105067516, -84.6622896677 38.9104172474, -84.6615627966 38.9102623629, -84.6609941652 38.9101712417, -84.660417944 38.9100943257, -84.6578650765 38.9097094128, -84.655964135 38.9094391438, -84.6557901307 38.9093960918, -84.6554619993 38.9092733753, -84.6548677238 38.9090189007, -84.6546484114 38.9089276573, -84.6543076229 38.908805646, -84.6541287639 38.9087584284, -84.6539422915 38.9087267895, -84.6537773519 38.908712097, -84.6533900979 38.9087357236, -84.6530317798 38.9087747154, -84.6528412117 38.9087817512, -84.6524607077 38.9087538194, -84.6501844287 38.908419056, -84.6473632305 38.9080319944, -84.6461490625 38.9078741624, -84.6455522143 38.9077692539, -84.6432356537 38.9071289457, -84.6430738247 38.9070717095, -84.6429280066 38.9070014425, -84.6427988777 38.9069197993, -84.6423296118 38.9065596151, -84.6419979811 38.9063226118)"
"District 06","Boone","06-80304.00","CR","1151","CR-1151","CONGESTION MITIGTN(O)","0.0","2.51","IMPROVE SAFETY AND REDUCE CONGESTION ALONG HICKS PIKE (CR 1151) FROM US 42 TO KY 338. (2024CCN)","","2024","2026","R","STPF","15600000","2030","","","","008-CR-1151-000","LINESTRING (-84.6779288879 38.921798851, -84.6779644015 38.9217739108, -84.6779902724 38.9217354301, -84.6780108767 38.9216249675, -84.6781087662 38.9205369447, -84.678151152 38.9198772841, -84.6782064308 38.9189860119, -84.6782823849 38.9181226542, -84.6784661326 38.9165008316, -84.678467331 38.9164192979, -84.678454369 38.9163686629, -84.6784070382 38.9162891656, -84.6783381444 38.9162421464, -84.6782534498 38.9162180489, -84.6780372369 38.9161993606, -84.6774527711 38.916176817, -84.6767560888 38.9161853853, -84.6763798052 38.9161778854, -84.6762054341 38.9161579233, -84.6760205086 38.9161148019, -84.6758508793 38.916059188, -84.6756927291 38.9159877532, -84.6755464025 38.915901049, -84.6754125924 38.9157996309, -84.6749392178 38.9153459164, -84.6748143087 38.9152368897, -84.6746773505 38.9151346193, -84.6745244112 38.9150437357, -84.6743593501 38.9149645487, -84.6738765185 38.9146999167, -84.6735397208 38.9145417557, -84.6733607309 38.914477817, -84.6728120972 38.9143144493, -84.6724596496 38.9141929349, -84.6722826203 38.9141391713, -84.6721001538 38.9140966156, -84.6717187167 38.9140344163, -84.670728209 38.9139038407, -84.670136889 38.9137996539, -84.669756876 38.9137127516, -84.6694045178 38.9135857376, -84.6692408505 38.9135079288, -84.6681795153 38.9129409632, -84.6677759578 38.9127360542, -84.6669501046 38.9123579114, -84.6650872029 38.9115554869, -84.6631758884 38.9107031703, -84.662823912 38.9105758654, -84.6625909007 38.9105067516, -84.6622896677 38.9104172474, -84.6615627966 38.9102623629, -84.6609941652 38.9101712417, -84.660417944 38.9100943257, -84.6578650765 38.9097094128, -84.655964135 38.9094391438, -84.6557901307 38.9093960918, -84.6554619993 38.9092733753, -84.6548677238 38.9090189007, -84.6546484114 38.9089276573, -84.6543076229 38.908805646, -84.6541287639 38.9087584284, -84.6539422915 38.9087267895, -84.6537773519 38.908712097, -84.6533900979 38.9087357236, -84.6530317798 38.9087747154, -84.6528412117 38.9087817512, -84.6524607077 38.9087538194, -84.6501844287 38.908419056, -84.6473632305 38.9080319944, -84.6461490625 38.9078741624, -84.6455522143 38.9077692539, -84.6432356537 38.9071289457, -84.6430738247 38.9070717095, -84.6429280066 38.9070014425, -84.6427988777 38.9069197993, -84.6423296118 38.9065596151, -84.6419979811 38.9063226118)"
"District 06","Boone","06-80304.00","CR","1151","CR-1151","CONGESTION MITIGTN(O)","0.0","2.51","IMPROVE SAFETY AND REDUCE CONGESTION ALONG HICKS PIKE (CR 1151) FROM US 42 TO KY 338. (2024CCN)","","2024","2026","C","STPF","37200000","2032","","","","008-CR-1151-000","LINESTRING (-84.6779288879 38.921798851, -84.6779644015 38.9217739108, -84.6779902724 38.9217354301, -84.6780108767 38.9216249675, -84.6781087662 38.9205369447, -84.678151152 38.9198772841, -84.6782064308 38.9189860119, -84.6782823849 38.9181226542, -84.6784661326 38.9165008316, -84.678467331 38.9164192979, -84.678454369 38.9163686629, -84.6784070382 38.9162891656, -84.6783381444 38.9162421464, -84.6782534498 38.9162180489, -84.6780372369 38.9161993606, -84.6774527711 38.916176817, -84.6767560888 38.9161853853, -84.6763798052 38.9161778854, -84.6762054341 38.9161579233, -84.6760205086 38.9161148019, -84.6758508793 38.916059188, -84.6756927291 38.9159877532, -84.6755464025 38.915901049, -84.6754125924 38.9157996309, -84.6749392178 38.9153459164, -84.6748143087 38.9152368897, -84.6746773505 38.9151346193, -84.6745244112 38.9150437357, -84.6743593501 38.9149645487, -84.6738765185 38.9146999167, -84.6735397208 38.9145417557, -84.6733607309 38.914477817, -84.6728120972 38.9143144493, -84.6724596496 38.9141929349, -84.6722826203 38.9141391713, -84.6721001538 38.9140966156, -84.6717187167 38.9140344163, -84.670728209 38.9139038407, -84.670136889 38.9137996539, -84.669756876 38.9137127516, -84.6694045178 38.9135857376, -84.6692408505 38.9135079288, -84.6681795153 38.9129409632, -84.6677759578 38.9127360542, -84.6669501046 38.9123579114, -84.6650872029 38.9115554869, -84.6631758884 38.9107031703, -84.662823912 38.9105758654, -84.6625909007 38.9105067516, -84.6622896677 38.9104172474, -84.6615627966 38.9102623629, -84.6609941652 38.9101712417, -84.660417944 38.9100943257, -84.6578650765 38.9097094128, -84.655964135 38.9094391438, -84.6557901307 38.9093960918, -84.6554619993 38.9092733753, -84.6548677238 38.9090189007, -84.6546484114 38.9089276573, -84.6543076229 38.908805646, -84.6541287639 38.9087584284, -84.6539422915 38.9087267895, -84.6537773519 38.908712097, -84.6533900979 38.9087357236, -84.6530317798 38.9087747154, -84.6528412117 38.9087817512, -84.6524607077 38.9087538194, -84.6501844287 38.908419056, -84.6473632305 38.9080319944, -84.6461490625 38.9078741624, -84.6455522143 38.9077692539, -84.6432356537 38.9071289457, -84.6430738247 38.9070717095, -84.6429280066 38.9070014425, -84.6427988777 38.9069197993, -84.6423296118 38.9065596151, -84.6419979811 38.9063226118)"
"District 06","Boone","06-80316.00","US","25","US-25","SAFETY(P)","2.25","4.2","IMPROVE SAFETY & MOBILITY, AND ADDRESS GEOMETRIC DEFICIENCIES ALONG US 25 (DIXIE HWY.) BETWEEN KY 16 (MARY GRUBBS HIGHWAY) AND KY 338 (RICHWOOD RD.) (2024CCN)","","2024","2026","C","STPF","46800000","2032","","","","008-US-0025-000","LINESTRING (-84.6091505626 38.8844853462, -84.6091123905 38.8846878059, -84.6090487489 38.8849834551, -84.6089918898 38.8852047605, -84.6088695417 38.8856151669, -84.6087343379 38.8859040909, -84.6086425486 38.8860676781, -84.6085360061 38.886231125, -84.608216657 38.886658591, -84.6081241033 38.8868035005, -84.6080466796 38.8869469078, -84.6079837666 38.8871058289, -84.6079372852 38.8872698489, -84.607908619 38.8874403548, -84.6078966878 38.8876189837, -84.6078948447 38.887804023, -84.6079218341 38.8890417506, -84.6079769906 38.8920929765, -84.6080206064 38.8925159495, -84.6080726451 38.8927152328, -84.6081910259 38.8930529817, -84.6082795124 38.8932581046, -84.6085373245 38.8937561594, -84.6086357876 38.8939300772, -84.6087399527 38.8940988321, -84.6088491748 38.8942588486, -84.6101864803 38.8960274641, -84.6103624822 38.8962762528, -84.610479704 38.8964643498, -84.6105848914 38.896658098, -84.6106754886 38.8968412736, -84.6107605512 38.8970414191, -84.6108497441 38.8972245804, -84.6109488382 38.8974037184, -84.6110557386 38.897577988, -84.6165824767 38.9058103788, -84.617001005 38.9064197617, -84.6173350386 38.9068814506, -84.6178413373 38.9075193941, -84.6180148213 38.9077527692, -84.6181258088 38.9078922013, -84.6182496149 38.9080660741, -84.6183767755 38.908272927, -84.6185015921 38.9085176465, -84.6186014246 38.9087646003, -84.6190676966 38.910058913, -84.619133443 38.9102154873, -84.6192376831 38.9104342412)"
"District 06","Boone","06-80316.00","US","25","US-25","SAFETY(P)","2.25","4.2","IMPROVE SAFETY & MOBILITY, AND ADDRESS GEOMETRIC DEFICIENCIES ALONG US 25 (DIXIE HWY.) BETWEEN KY 16 (MARY GRUBBS HIGHWAY) AND KY 338 (RICHWOOD RD.) (2024CCN)","","2024","2026","D","STPF","4320000","2029","","","","008-US-0025-000","LINESTRING (-84.6091505626 38.8844853462, -84.6091123905 38.8846878059, -84.6090487489 38.8849834551, -84.6089918898 38.8852047605, -84.6088695417 38.8856151669, -84.6087343379 38.8859040909, -84.6086425486 38.8860676781, -84.6085360061 38.886231125, -84.608216657 38.886658591, -84.6081241033 38.8868035005, -84.6080466796 38.8869469078, -84.6079837666 38.8871058289, -84.6079372852 38.8872698489, -84.607908619 38.8874403548, -84.6078966878 38.8876189837, -84.6078948447 38.887804023, -84.6079218341 38.8890417506, -84.6079769906 38.8920929765, -84.6080206064 38.8925159495, -84.6080726451 38.8927152328, -84.6081910259 38.8930529817, -84.6082795124 38.8932581046, -84.6085373245 38.8937561594, -84.6086357876 38.8939300772, -84.6087399527 38.8940988321, -84.6088491748 38.8942588486, -84.6101864803 38.8960274641, -84.6103624822 38.8962762528, -84.610479704 38.8964643498, -84.6105848914 38.896658098, -84.6106754886 38.8968412736, -84.6107605512 38.8970414191, -84.6108497441 38.8972245804, -84.6109488382 38.8974037184, -84.6110557386 38.897577988, -84.6165824767 38.9058103788, -84.617001005 38.9064197617, -84.6173350386 38.9068814506, -84.6178413373 38.9075193941, -84.6180148213 38.9077527692, -84.6181258088 38.9078922013, -84.6182496149 38.9080660741, -84.6183767755 38.908272927, -84.6185015921 38.9085176465, -84.6186014246 38.9087646003, -84.6190676966 38.910058913, -84.619133443 38.9102154873, -84.6192376831 38.9104342412)"
"District 06","Boone","06-80316.00","US","25","US-25","SAFETY(P)","2.25","4.2","IMPROVE SAFETY & MOBILITY, AND ADDRESS GEOMETRIC DEFICIENCIES ALONG US 25 (DIXIE HWY.) BETWEEN KY 16 (MARY GRUBBS HIGHWAY) AND KY 338 (RICHWOOD RD.) (2024CCN)","","2024","2026","R","STPF","6000000","2030","","","","008-US-0025-000","LINESTRING (-84.6091505626 38.8844853462, -84.6091123905 38.8846878059, -84.6090487489 38.8849834551, -84.6089918898 38.8852047605, -84.6088695417 38.8856151669, -84.6087343379 38.8859040909, -84.6086425486 38.8860676781, -84.6085360061 38.886231125, -84.608216657 38.886658591, -84.6081241033 38.8868035005, -84.6080466796 38.8869469078, -84.6079837666 38.8871058289, -84.6079372852 38.8872698489, -84.607908619 38.8874403548, -84.6078966878 38.8876189837, -84.6078948447 38.887804023, -84.6079218341 38.8890417506, -84.6079769906 38.8920929765, -84.6080206064 38.8925159495, -84.6080726451 38.8927152328, -84.6081910259 38.8930529817, -84.6082795124 38.8932581046, -84.6085373245 38.8937561594, -84.6086357876 38.8939300772, -84.6087399527 38.8940988321, -84.6088491748 38.8942588486, -84.6101864803 38.8960274641, -84.6103624822 38.8962762528, -84.610479704 38.8964643498, -84.6105848914 38.896658098, -84.6106754886 38.8968412736, -84.6107605512 38.8970414191, -84.6108497441 38.8972245804, -84.6109488382 38.8974037184, -84.6110557386 38.897577988, -84.6165824767 38.9058103788, -84.617001005 38.9064197617, -84.6173350386 38.9068814506, -84.6178413373 38.9075193941, -84.6180148213 38.9077527692, -84.6181258088 38.9078922013, -84.6182496149 38.9080660741, -84.6183767755 38.908272927, -84.6185015921 38.9085176465, -84.6186014246 38.9087646003, -84.6190676966 38.910058913, -84.619133443 38.9102154873, -84.6192376831 38.9104342412)"
"District 06","Boone","06-80316.00","US","25","US-25","SAFETY(P)","2.25","4.2","IMPROVE SAFETY & MOBILITY, AND ADDRESS GEOMETRIC DEFICIENCIES ALONG US 25 (DIXIE HWY.) BETWEEN KY 16 (MARY GRUBBS HIGHWAY) AND KY 338 (RICHWOOD RD.) (2024CCN)","","2024","2026","U","STPF","3480000","2031","","","","008-US-0025-000","LINESTRING (-84.6091505626 38.8844853462, -84.6091123905 38.8846878059, -84.6090487489 38.8849834551, -84.6089918898 38.8852047605, -84.6088695417 38.8856151669, -84.6087343379 38.8859040909, -84.6086425486 38.8860676781, -84.6085360061 38.886231125, -84.608216657 38.886658591, -84.6081241033 38.8868035005, -84.6080466796 38.8869469078, -84.6079837666 38.8871058289, -84.6079372852 38.8872698489, -84.607908619 38.8874403548, -84.6078966878 38.8876189837, -84.6078948447 38.887804023, -84.6079218341 38.8890417506, -84.6079769906 38.8920929765, -84.6080206064 38.8925159495, -84.6080726451 38.8927152328, -84.6081910259 38.8930529817, -84.6082795124 38.8932581046, -84.6085373245 38.8937561594, -84.6086357876 38.8939300772, -84.6087399527 38.8940988321, -84.6088491748 38.8942588486, -84.6101864803 38.8960274641, -84.6103624822 38.8962762528, -84.610479704 38.8964643498, -84.6105848914 38.896658098, -84.6106754886 38.8968412736, -84.6107605512 38.8970414191, -84.6108497441 38.8972245804, -84.6109488382 38.8974037184, -84.6110557386 38.897577988, -84.6165824767 38.9058103788, -84.617001005 38.9064197617, -84.6173350386 38.9068814506, -84.6178413373 38.9075193941, -84.6180148213 38.9077527692, -84.6181258088 38.9078922013, -84.6182496149 38.9080660741, -84.6183767755 38.908272927, -84.6185015921 38.9085176465, -84.6186014246 38.9087646003, -84.6190676966 38.910058913, -84.619133443 38.9102154873, -84.6192376831 38.9104342412)"
"District 06","Boone","06-80317.00","CR","1042","CR-1042","SAFETY(P)","0.25","1.7","IMPROVE SAFETY AND REDUCE CONGESTION ON LIMABURG ROAD FROM CONRAD LANE TO KY 18 (BURLINGTON PIKE). (2024CCN)","","2024","2026","U","STPF","4180000","2031","","","","008-CR-1042A-000","LINESTRING (-84.6872028684 39.0188522631, -84.6872000641 39.018865279, -84.6871243361 39.0192069638, -84.687113158 39.0193699446, -84.6871116194 39.0194511963, -84.6871228525 39.0195737432, -84.6871396524 39.0196765721, -84.6871727462 39.0197962938, -84.6872198518 39.0199205321, -84.6874387087 39.0204062241, -84.687575536 39.0207492481, -84.6877701989 39.0213014391, -84.6878212175 39.0214229663, -84.6879367691 39.0216565323, -84.6881094989 39.0219754392, -84.6886462348 39.0229644447, -84.6888048956 39.0232349064, -84.6889045489 39.0233763572, -84.689035692 39.0235548758, -84.6891620277 39.0237009559, -84.6893283342 39.0238817072, -84.6897588275 39.0243135388, -84.6899995599 39.0245800583, -84.6900995252 39.0247003705, -84.6902429825 39.0248795463, -84.6905253151 39.0252625648, -84.6907327526 39.025519728, -84.6909564044 39.0257753871, -84.6915462673 39.026431551, -84.6917138226 39.026648276, -84.6918301323 39.0268310529, -84.6919272187 39.0270045994, -84.6923460685 39.0277797712, -84.6927085058 39.0284652156, -84.6927967502 39.0286419784, -84.692859226 39.0287995697, -84.6929112939 39.02899523, -84.6929472366 39.0291863548, -84.6930123025 39.0298686214, -84.6930475601 39.0300342081, -84.6932089746 39.0305051031, -84.6933790664 39.0309845853, -84.6940100847 39.0329814179, -84.6944883912 39.0344909571, -84.6945698141 39.0347747284, -84.6946272661 39.0350124403, -84.6946766426 39.0353214617, -84.6947889157 39.0362454634, -84.6949877089 39.037684995, -84.6950233271 39.0380691188, -84.6950686368 39.0388051562)"
"District 06","Boone","06-80317.00","CR","1042","CR-1042","SAFETY(P)","0.25","1.7","IMPROVE SAFETY AND REDUCE CONGESTION ON LIMABURG ROAD FROM CONRAD LANE TO KY 18 (BURLINGTON PIKE). (2024CCN)","","2024","2026","C","STPF","29760000","2032","","","","008-CR-1042A-000","LINESTRING (-84.6872028684 39.0188522631, -84.6872000641 39.018865279, -84.6871243361 39.0192069638, -84.687113158 39.0193699446, -84.6871116194 39.0194511963, -84.6871228525 39.0195737432, -84.6871396524 39.0196765721, -84.6871727462 39.0197962938, -84.6872198518 39.0199205321, -84.6874387087 39.0204062241, -84.687575536 39.0207492481, -84.6877701989 39.0213014391, -84.6878212175 39.0214229663, -84.6879367691 39.0216565323, -84.6881094989 39.0219754392, -84.6886462348 39.0229644447, -84.6888048956 39.0232349064, -84.6889045489 39.0233763572, -84.689035692 39.0235548758, -84.6891620277 39.0237009559, -84.6893283342 39.0238817072, -84.6897588275 39.0243135388, -84.6899995599 39.0245800583, -84.6900995252 39.0247003705, -84.6902429825 39.0248795463, -84.6905253151 39.0252625648, -84.6907327526 39.025519728, -84.6909564044 39.0257753871, -84.6915462673 39.026431551, -84.6917138226 39.026648276, -84.6918301323 39.0268310529, -84.6919272187 39.0270045994, -84.6923460685 39.0277797712, -84.6927085058 39.0284652156, -84.6927967502 39.0286419784, -84.692859226 39.0287995697, -84.6929112939 39.02899523, -84.6929472366 39.0291863548, -84.6930123025 39.0298686214, -84.6930475601 39.0300342081, -84.6932089746 39.0305051031, -84.6933790664 39.0309845853, -84.6940100847 39.0329814179, -84.6944883912 39.0344909571, -84.6945698141 39.0347747284, -84.6946272661 39.0350124403, -84.6946766426 39.0353214617, -84.6947889157 39.0362454634, -84.6949877089 39.037684995, -84.6950233271 39.0380691188, -84.6950686368 39.0388051562)"
"District 06","Boone","06-80317.00","CR","1042","CR-1042","SAFETY(P)","0.25","1.7","IMPROVE SAFETY AND REDUCE CONGESTION ON LIMABURG ROAD FROM CONRAD LANE TO KY 18 (BURLINGTON PIKE). (2024CCN)","","2024","2026","R","STPF","12000000","2030","","","","008-CR-1042A-000","LINESTRING (-84.6872028684 39.0188522631, -84.6872000641 39.018865279, -84.6871243361 39.0192069638, -84.687113158 39.0193699446, -84.6871116194 39.0194511963, -84.6871228525 39.0195737432, -84.6871396524 39.0196765721, -84.6871727462 39.0197962938, -84.6872198518 39.0199205321, -84.6874387087 39.0204062241, -84.687575536 39.0207492481, -84.6877701989 39.0213014391, -84.6878212175 39.0214229663, -84.6879367691 39.0216565323, -84.6881094989 39.0219754392, -84.6886462348 39.0229644447, -84.6888048956 39.0232349064, -84.6889045489 39.0233763572, -84.689035692 39.0235548758, -84.6891620277 39.0237009559, -84.6893283342 39.0238817072, -84.6897588275 39.0243135388, -84.6899995599 39.0245800583, -84.6900995252 39.0247003705, -84.6902429825 39.0248795463, -84.6905253151 39.0252625648, -84.6907327526 39.025519728, -84.6909564044 39.0257753871, -84.6915462673 39.026431551, -84.6917138226 39.026648276, -84.6918301323 39.0268310529, -84.6919272187 39.0270045994, -84.6923460685 39.0277797712, -84.6927085058 39.0284652156, -84.6927967502 39.0286419784, -84.692859226 39.0287995697, -84.6929112939 39.02899523, -84.6929472366 39.0291863548, -84.6930123025 39.0298686214, -84.6930475601 39.0300342081, -84.6932089746 39.0305051031, -84.6933790664 39.0309845853, -84.6940100847 39.0329814179, -84.6944883912 39.0344909571, -84.6945698141 39.0347747284, -84.6946272661 39.0350124403, -84.6946766426 39.0353214617, -84.6947889157 39.0362454634, -84.6949877089 39.037684995, -84.6950233271 39.0380691188, -84.6950686368 39.0388051562)"
"District 06","Boone","06-80317.00","CR","1042","CR-1042","SAFETY(P)","0.25","1.7","IMPROVE SAFETY AND REDUCE CONGESTION ON LIMABURG ROAD FROM CONRAD LANE TO KY 18 (BURLINGTON PIKE). (2024CCN)","","2024","2026","D","STPF","2160000","2029","","","","008-CR-1042A-000","LINESTRING (-84.6872028684 39.0188522631, -84.6872000641 39.018865279, -84.6871243361 39.0192069638, -84.687113158 39.0193699446, -84.6871116194 39.0194511963, -84.6871228525 39.0195737432, -84.6871396524 39.0196765721, -84.6871727462 39.0197962938, -84.6872198518 39.0199205321, -84.6874387087 39.0204062241, -84.687575536 39.0207492481, -84.6877701989 39.0213014391, -84.6878212175 39.0214229663, -84.6879367691 39.0216565323, -84.6881094989 39.0219754392, -84.6886462348 39.0229644447, -84.6888048956 39.0232349064, -84.6889045489 39.0233763572, -84.689035692 39.0235548758, -84.6891620277 39.0237009559, -84.6893283342 39.0238817072, -84.6897588275 39.0243135388, -84.6899995599 39.0245800583, -84.6900995252 39.0247003705, -84.6902429825 39.0248795463, -84.6905253151 39.0252625648, -84.6907327526 39.025519728, -84.6909564044 39.0257753871, -84.6915462673 39.026431551, -84.6917138226 39.026648276, -84.6918301323 39.0268310529, -84.6919272187 39.0270045994, -84.6923460685 39.0277797712, -84.6927085058 39.0284652156, -84.6927967502 39.0286419784, -84.692859226 39.0287995697, -84.6929112939 39.02899523, -84.6929472366 39.0291863548, -84.6930123025 39.0298686214, -84.6930475601 39.0300342081, -84.6932089746 39.0305051031, -84.6933790664 39.0309845853, -84.6940100847 39.0329814179, -84.6944883912 39.0344909571, -84.6945698141 39.0347747284, -84.6946272661 39.0350124403, -84.6946766426 39.0353214617, -84.6947889157 39.0362454634, -84.6949877089 39.037684995, -84.6950233271 39.0380691188, -84.6950686368 39.0388051562)"
"District 06","Boone","06-80318.00","KY","20","KY-20","SAFETY(P)","14.6","16.62","IMPROVE SAFETY AND MOBILITY ALONG KY 20 (PETERSBURG ROAD) FROM GRAVES ROAD TO KY 237 (NORTH BEND ROAD). (2024CCN)","","2024","2026","R","SPP","15840000","2030","","","","008-KY-0020-000","LINESTRING (-84.7377676903 39.0746449754, -84.737030648 39.0740701888, -84.7359186401 39.0731685337, -84.7357351368 39.073042889, -84.735508908 39.0728998612, -84.7352564795 39.072766768, -84.7334095949 39.0719332564, -84.7328677236 39.0716958471, -84.7325336784 39.0715568386, -84.7321182871 39.0713921547, -84.7315861388 39.071190237, -84.7302044972 39.0706634452, -84.7295458303 39.0703679223, -84.727934056 39.0696038643, -84.7266254019 39.0689747021, -84.7257866756 39.0685881187, -84.7255017648 39.0684632376, -84.7251697419 39.0683327359, -84.724642419 39.0681662441, -84.7242240914 39.0680874365, -84.7239250798 39.068038752, -84.7232717825 39.067965065, -84.7203312399 39.0676597795, -84.719975979 39.0676292697, -84.7195353643 39.0676079072, -84.7192266498 39.0675981113, -84.7180582547 39.0675905161, -84.717870981 39.0675847835, -84.7177017716 39.0675717936, -84.7175538259 39.067549378, -84.7173625442 39.0675035276, -84.7171168016 39.0674239886, -84.7154571927 39.0667683374, -84.7151034075 39.0666345995, -84.7147672801 39.0665221532, -84.7145090601 39.066453756, -84.7143117656 39.0664100447, -84.7140531946 39.0663663529, -84.7139041486 39.0663472169, -84.7136498539 39.0663247001, -84.7132315612 39.0662944483, -84.7112916141 39.0662608837, -84.7069101792 39.066198076, -84.7050709034 39.0662416087, -84.7047670747 39.0662353874, -84.7045143943 39.0662232971, -84.7032972794 39.0661522627, -84.7031108103 39.0661399253)"
"District 06","Boone","06-80318.00","KY","20","KY-20","SAFETY(P)","14.6","16.62","IMPROVE SAFETY AND MOBILITY ALONG KY 20 (PETERSBURG ROAD) FROM GRAVES ROAD TO KY 237 (NORTH BEND ROAD). (2024CCN)","","2024","2026","C","SPP","38440000","2032","","","","008-KY-0020-000","LINESTRING (-84.7377676903 39.0746449754, -84.737030648 39.0740701888, -84.7359186401 39.0731685337, -84.7357351368 39.073042889, -84.735508908 39.0728998612, -84.7352564795 39.072766768, -84.7334095949 39.0719332564, -84.7328677236 39.0716958471, -84.7325336784 39.0715568386, -84.7321182871 39.0713921547, -84.7315861388 39.071190237, -84.7302044972 39.0706634452, -84.7295458303 39.0703679223, -84.727934056 39.0696038643, -84.7266254019 39.0689747021, -84.7257866756 39.0685881187, -84.7255017648 39.0684632376, -84.7251697419 39.0683327359, -84.724642419 39.0681662441, -84.7242240914 39.0680874365, -84.7239250798 39.068038752, -84.7232717825 39.067965065, -84.7203312399 39.0676597795, -84.719975979 39.0676292697, -84.7195353643 39.0676079072, -84.7192266498 39.0675981113, -84.7180582547 39.0675905161, -84.717870981 39.0675847835, -84.7177017716 39.0675717936, -84.7175538259 39.067549378, -84.7173625442 39.0675035276, -84.7171168016 39.0674239886, -84.7154571927 39.0667683374, -84.7151034075 39.0666345995, -84.7147672801 39.0665221532, -84.7145090601 39.066453756, -84.7143117656 39.0664100447, -84.7140531946 39.0663663529, -84.7139041486 39.0663472169, -84.7136498539 39.0663247001, -84.7132315612 39.0662944483, -84.7112916141 39.0662608837, -84.7069101792 39.066198076, -84.7050709034 39.0662416087, -84.7047670747 39.0662353874, -84.7045143943 39.0662232971, -84.7032972794 39.0661522627, -84.7031108103 39.0661399253)"
"District 06","Boone","06-80318.00","KY","20","KY-20","SAFETY(P)","14.6","16.62","IMPROVE SAFETY AND MOBILITY ALONG KY 20 (PETERSBURG ROAD) FROM GRAVES ROAD TO KY 237 (NORTH BEND ROAD). (2024CCN)","","2024","2026","U","SPP","3370000","2031","","","","008-KY-0020-000","LINESTRING (-84.7377676903 39.0746449754, -84.737030648 39.0740701888, -84.7359186401 39.0731685337, -84.7357351368 39.073042889, -84.735508908 39.0728998612, -84.7352564795 39.072766768, -84.7334095949 39.0719332564, -84.7328677236 39.0716958471, -84.7325336784 39.0715568386, -84.7321182871 39.0713921547, -84.7315861388 39.071190237, -84.7302044972 39.0706634452, -84.7295458303 39.0703679223, -84.727934056 39.0696038643, -84.7266254019 39.0689747021, -84.7257866756 39.0685881187, -84.7255017648 39.0684632376, -84.7251697419 39.0683327359, -84.724642419 39.0681662441, -84.7242240914 39.0680874365, -84.7239250798 39.068038752, -84.7232717825 39.067965065, -84.7203312399 39.0676597795, -84.719975979 39.0676292697, -84.7195353643 39.0676079072, -84.7192266498 39.0675981113, -84.7180582547 39.0675905161, -84.717870981 39.0675847835, -84.7177017716 39.0675717936, -84.7175538259 39.067549378, -84.7173625442 39.0675035276, -84.7171168016 39.0674239886, -84.7154571927 39.0667683374, -84.7151034075 39.0666345995, -84.7147672801 39.0665221532, -84.7145090601 39.066453756, -84.7143117656 39.0664100447, -84.7140531946 39.0663663529, -84.7139041486 39.0663472169, -84.7136498539 39.0663247001, -84.7132315612 39.0662944483, -84.7112916141 39.0662608837, -84.7069101792 39.066198076, -84.7050709034 39.0662416087, -84.7047670747 39.0662353874, -84.7045143943 39.0662232971, -84.7032972794 39.0661522627, -84.7031108103 39.0661399253)"
"District 06","Boone","06-80318.00","KY","20","KY-20","SAFETY(P)","14.6","16.62","IMPROVE SAFETY AND MOBILITY ALONG KY 20 (PETERSBURG ROAD) FROM GRAVES ROAD TO KY 237 (NORTH BEND ROAD). (2024CCN)","","2024","2026","D","SPP","4380000","2029","","","","008-KY-0020-000","LINESTRING (-84.7377676903 39.0746449754, -84.737030648 39.0740701888, -84.7359186401 39.0731685337, -84.7357351368 39.073042889, -84.735508908 39.0728998612, -84.7352564795 39.072766768, -84.7334095949 39.0719332564, -84.7328677236 39.0716958471, -84.7325336784 39.0715568386, -84.7321182871 39.0713921547, -84.7315861388 39.071190237, -84.7302044972 39.0706634452, -84.7295458303 39.0703679223, -84.727934056 39.0696038643, -84.7266254019 39.0689747021, -84.7257866756 39.0685881187, -84.7255017648 39.0684632376, -84.7251697419 39.0683327359, -84.724642419 39.0681662441, -84.7242240914 39.0680874365, -84.7239250798 39.068038752, -84.7232717825 39.067965065, -84.7203312399 39.0676597795, -84.719975979 39.0676292697, -84.7195353643 39.0676079072, -84.7192266498 39.0675981113, -84.7180582547 39.0675905161, -84.717870981 39.0675847835, -84.7177017716 39.0675717936, -84.7175538259 39.067549378, -84.7173625442 39.0675035276, -84.7171168016 39.0674239886, -84.7154571927 39.0667683374, -84.7151034075 39.0666345995, -84.7147672801 39.0665221532, -84.7145090601 39.066453756, -84.7143117656 39.0664100447, -84.7140531946 39.0663663529, -84.7139041486 39.0663472169, -84.7136498539 39.0663247001, -84.7132315612 39.0662944483, -84.7112916141 39.0662608837, -84.7069101792 39.066198076, -84.7050709034 39.0662416087, -84.7047670747 39.0662353874, -84.7045143943 39.0662232971, -84.7032972794 39.0661522627, -84.7031108103 39.0661399253)"
"District 06","Boone","06-80320.00","KY","237","KY-237","SPOT IMPROVEMENTS(O)","8.2","8.202","Transportation improvements adjoining KY 237 Central Parkway in Partnership with Boone County (TID). (2024CCN)","","2024","2026","C","SPP","10400000","2029","","","","008-KY-0237-000","LINESTRING (-84.7044991444 39.0503960493, -84.7045054323 39.0504245588)"
"District 06","Boone","06-80350.00","KY","2951","KY-2951","SAFETY(P)","1.4","1.6","Improve Steeplechase Elementary School access and safety by extending Grand National Blvd to Chambers Road. (2024CCN)","","2024","2026","U","SPP","200000","2030","","","","008-KY-2951-000","LINESTRING (-84.6313262493 38.8879907001, -84.6309756123 38.8881988403, -84.6303287234 38.8885963869, -84.6300522041 38.8887818701, -84.629791669 38.8889787611, -84.6296919609 38.8890431716, -84.6295850287 38.8890976306, -84.6293810134 38.8891827535, -84.6291184166 38.8892621085, -84.6289410939 38.8893019031, -84.6287621593 38.8893323473, -84.628586829 38.8893567844, -84.6284140594 38.889374656, -84.6282308444 38.8893863883, -84.6281945345 38.8893868709)"
"District 06","Boone","06-80350.00","KY","2951","KY-2951","SAFETY(P)","1.4","1.6","Improve Steeplechase Elementary School access and safety by extending Grand National Blvd to Chambers Road. (2024CCN)","","2024","2026","D","SPP","2000000","2029","","","","008-KY-2951-000","LINESTRING (-84.6313262493 38.8879907001, -84.6309756123 38.8881988403, -84.6303287234 38.8885963869, -84.6300522041 38.8887818701, -84.629791669 38.8889787611, -84.6296919609 38.8890431716, -84.6295850287 38.8890976306, -84.6293810134 38.8891827535, -84.6291184166 38.8892621085, -84.6289410939 38.8893019031, -84.6287621593 38.8893323473, -84.628586829 38.8893567844, -84.6284140594 38.889374656, -84.6282308444 38.8893863883, -84.6281945345 38.8893868709)"
"District 06","Boone","06-80350.00","KY","2951","KY-2951","SAFETY(P)","1.4","1.6","Improve Steeplechase Elementary School access and safety by extending Grand National Blvd to Chambers Road. (2024CCN)","","2024","2026","R","SPP","4000000","2030","","","","008-KY-2951-000","LINESTRING (-84.6313262493 38.8879907001, -84.6309756123 38.8881988403, -84.6303287234 38.8885963869, -84.6300522041 38.8887818701, -84.629791669 38.8889787611, -84.6296919609 38.8890431716, -84.6295850287 38.8890976306, -84.6293810134 38.8891827535, -84.6291184166 38.8892621085, -84.6289410939 38.8893019031, -84.6287621593 38.8893323473, -84.628586829 38.8893567844, -84.6284140594 38.889374656, -84.6282308444 38.8893863883, -84.6281945345 38.8893868709)"
"District 06","Boone","06-80350.00","KY","2951","KY-2951","SAFETY(P)","1.4","1.6","Improve Steeplechase Elementary School access and safety by extending Grand National Blvd to Chambers Road. (2024CCN)","","2024","2026","C","SPP","15000000","2031","","","","008-KY-2951-000","LINESTRING (-84.6313262493 38.8879907001, -84.6309756123 38.8881988403, -84.6303287234 38.8885963869, -84.6300522041 38.8887818701, -84.629791669 38.8889787611, -84.6296919609 38.8890431716, -84.6295850287 38.8890976306, -84.6293810134 38.8891827535, -84.6291184166 38.8892621085, -84.6289410939 38.8893019031, -84.6287621593 38.8893323473, -84.628586829 38.8893567844, -84.6284140594 38.889374656, -84.6282308444 38.8893863883, -84.6281945345 38.8893868709)"
"District 06","Boone","06-80352.00","I","75","I-75","SAFETY(P)","171.37","171.5","Add additional exit lane on I-75 Southbound (MP 171 South) ramp and align lights to provide 2 left turn lanes and I right turn lane on HWY 14/16 Nart Grubbs HWY. Ramp only work. (2024CCN)","","2024","2026","C","NH","1560000","2029","","","","008-I-0075-000","LINESTRING (-84.622875562 38.8588712752, -84.623086521 38.860762417)"
"District 06","Boone","06-80356.00","CR","1042","CR-1042","RECONSTRUCTION(O)","0.25","2.35","Reconstruct Limaburg Road from KY 18 to Gateway Blvd (CR 1086) (2024CCN)","","2024","2026","D","SPP","4500000","2029","","","","008-CR-1042A-000","LINESTRING (-84.6872028684 39.0188522631, -84.6872000641 39.018865279, -84.6871243361 39.0192069638, -84.687113158 39.0193699446, -84.6871116194 39.0194511963, -84.6871228525 39.0195737432, -84.6871396524 39.0196765721, -84.6871727462 39.0197962938, -84.6872198518 39.0199205321, -84.6874387087 39.0204062241, -84.687575536 39.0207492481, -84.6877701989 39.0213014391, -84.6878212175 39.0214229663, -84.6879367691 39.0216565323, -84.6881094989 39.0219754392, -84.6886462348 39.0229644447, -84.6888048956 39.0232349064, -84.6889045489 39.0233763572, -84.689035692 39.0235548758, -84.6891620277 39.0237009559, -84.6893283342 39.0238817072, -84.6897588275 39.0243135388, -84.6899995599 39.0245800583, -84.6900995252 39.0247003705, -84.6902429825 39.0248795463, -84.6905253151 39.0252625648, -84.6907327526 39.025519728, -84.6909564044 39.0257753871, -84.6915462673 39.026431551, -84.6917138226 39.026648276, -84.6918301323 39.0268310529, -84.6919272187 39.0270045994, -84.6923460685 39.0277797712, -84.6927085058 39.0284652156, -84.6927967502 39.0286419784, -84.692859226 39.0287995697, -84.6929112939 39.02899523, -84.6929472366 39.0291863548, -84.6930123025 39.0298686214, -84.6930475601 39.0300342081, -84.6932089746 39.0305051031, -84.6933790664 39.0309845853, -84.6940100847 39.0329814179, -84.6944883912 39.0344909571, -84.6945698141 39.0347747284, -84.6946272661 39.0350124403, -84.6946766426 39.0353214617, -84.6947889157 39.0362454634, -84.6949877089 39.037684995, -84.6950233271 39.0380691188, -84.6950786051 39.0389670844, -84.6951208793 39.0393293041, -84.6951575423 39.0395443191, -84.6952199583 39.0398284712, -84.6953132059 39.0401958065, -84.6954857696 39.0406772263, -84.6961382466 39.042320341, -84.6964341542 39.0430856229, -84.6965030705 39.043237502, -84.6965744134 39.0433432797, -84.6966584583 39.0434472471, -84.6967482737 39.0435416562, -84.6968591991 39.0436370742, -84.6970358375 39.0437651921, -84.6972087842 39.0438564891, -84.6973627041 39.043924557, -84.6975786305 39.0439896006, -84.6977783385 39.0440319884, -84.6979696199 39.0440484951, -84.6986242919 39.0440591911, -84.6993336887 39.0440591067, -84.6995267691 39.0440728825, -84.6997122836 39.0440986702, -84.6999010804 39.0441409595, -84.7000998446 39.0442000823, -84.7002577312 39.0442618665, -84.7004213655 39.0443401731, -84.7006555404 39.0444827918, -84.700818446 39.0446116078, -84.7009632305 39.0447520694, -84.7010752982 39.0448908706, -84.7011634759 39.0450261693, -84.7012175352 39.0451348117, -84.7012360141 39.0451717619, -84.7012939068 39.0453320524, -84.7013422006 39.0454988474)"
"District 06","Boone","06-80356.00","CR","1042","CR-1042","RECONSTRUCTION(O)","0.25","2.35","Reconstruct Limaburg Road from KY 18 to Gateway Blvd (CR 1086) (2024CCN)","","2024","2026","U","SPP","4000000","2030","","","","008-CR-1042A-000","LINESTRING (-84.6872028684 39.0188522631, -84.6872000641 39.018865279, -84.6871243361 39.0192069638, -84.687113158 39.0193699446, -84.6871116194 39.0194511963, -84.6871228525 39.0195737432, -84.6871396524 39.0196765721, -84.6871727462 39.0197962938, -84.6872198518 39.0199205321, -84.6874387087 39.0204062241, -84.687575536 39.0207492481, -84.6877701989 39.0213014391, -84.6878212175 39.0214229663, -84.6879367691 39.0216565323, -84.6881094989 39.0219754392, -84.6886462348 39.0229644447, -84.6888048956 39.0232349064, -84.6889045489 39.0233763572, -84.689035692 39.0235548758, -84.6891620277 39.0237009559, -84.6893283342 39.0238817072, -84.6897588275 39.0243135388, -84.6899995599 39.0245800583, -84.6900995252 39.0247003705, -84.6902429825 39.0248795463, -84.6905253151 39.0252625648, -84.6907327526 39.025519728, -84.6909564044 39.0257753871, -84.6915462673 39.026431551, -84.6917138226 39.026648276, -84.6918301323 39.0268310529, -84.6919272187 39.0270045994, -84.6923460685 39.0277797712, -84.6927085058 39.0284652156, -84.6927967502 39.0286419784, -84.692859226 39.0287995697, -84.6929112939 39.02899523, -84.6929472366 39.0291863548, -84.6930123025 39.0298686214, -84.6930475601 39.0300342081, -84.6932089746 39.0305051031, -84.6933790664 39.0309845853, -84.6940100847 39.0329814179, -84.6944883912 39.0344909571, -84.6945698141 39.0347747284, -84.6946272661 39.0350124403, -84.6946766426 39.0353214617, -84.6947889157 39.0362454634, -84.6949877089 39.037684995, -84.6950233271 39.0380691188, -84.6950786051 39.0389670844, -84.6951208793 39.0393293041, -84.6951575423 39.0395443191, -84.6952199583 39.0398284712, -84.6953132059 39.0401958065, -84.6954857696 39.0406772263, -84.6961382466 39.042320341, -84.6964341542 39.0430856229, -84.6965030705 39.043237502, -84.6965744134 39.0433432797, -84.6966584583 39.0434472471, -84.6967482737 39.0435416562, -84.6968591991 39.0436370742, -84.6970358375 39.0437651921, -84.6972087842 39.0438564891, -84.6973627041 39.043924557, -84.6975786305 39.0439896006, -84.6977783385 39.0440319884, -84.6979696199 39.0440484951, -84.6986242919 39.0440591911, -84.6993336887 39.0440591067, -84.6995267691 39.0440728825, -84.6997122836 39.0440986702, -84.6999010804 39.0441409595, -84.7000998446 39.0442000823, -84.7002577312 39.0442618665, -84.7004213655 39.0443401731, -84.7006555404 39.0444827918, -84.700818446 39.0446116078, -84.7009632305 39.0447520694, -84.7010752982 39.0448908706, -84.7011634759 39.0450261693, -84.7012175352 39.0451348117, -84.7012360141 39.0451717619, -84.7012939068 39.0453320524, -84.7013422006 39.0454988474)"
"District 06","Boone","06-80356.00","CR","1042","CR-1042","RECONSTRUCTION(O)","0.25","2.35","Reconstruct Limaburg Road from KY 18 to Gateway Blvd (CR 1086) (2024CCN)","","2024","2026","R","SPP","12500000","2030","","","","008-CR-1042A-000","LINESTRING (-84.6872028684 39.0188522631, -84.6872000641 39.018865279, -84.6871243361 39.0192069638, -84.687113158 39.0193699446, -84.6871116194 39.0194511963, -84.6871228525 39.0195737432, -84.6871396524 39.0196765721, -84.6871727462 39.0197962938, -84.6872198518 39.0199205321, -84.6874387087 39.0204062241, -84.687575536 39.0207492481, -84.6877701989 39.0213014391, -84.6878212175 39.0214229663, -84.6879367691 39.0216565323, -84.6881094989 39.0219754392, -84.6886462348 39.0229644447, -84.6888048956 39.0232349064, -84.6889045489 39.0233763572, -84.689035692 39.0235548758, -84.6891620277 39.0237009559, -84.6893283342 39.0238817072, -84.6897588275 39.0243135388, -84.6899995599 39.0245800583, -84.6900995252 39.0247003705, -84.6902429825 39.0248795463, -84.6905253151 39.0252625648, -84.6907327526 39.025519728, -84.6909564044 39.0257753871, -84.6915462673 39.026431551, -84.6917138226 39.026648276, -84.6918301323 39.0268310529, -84.6919272187 39.0270045994, -84.6923460685 39.0277797712, -84.6927085058 39.0284652156, -84.6927967502 39.0286419784, -84.692859226 39.0287995697, -84.6929112939 39.02899523, -84.6929472366 39.0291863548, -84.6930123025 39.0298686214, -84.6930475601 39.0300342081, -84.6932089746 39.0305051031, -84.6933790664 39.0309845853, -84.6940100847 39.0329814179, -84.6944883912 39.0344909571, -84.6945698141 39.0347747284, -84.6946272661 39.0350124403, -84.6946766426 39.0353214617, -84.6947889157 39.0362454634, -84.6949877089 39.037684995, -84.6950233271 39.0380691188, -84.6950786051 39.0389670844, -84.6951208793 39.0393293041, -84.6951575423 39.0395443191, -84.6952199583 39.0398284712, -84.6953132059 39.0401958065, -84.6954857696 39.0406772263, -84.6961382466 39.042320341, -84.6964341542 39.0430856229, -84.6965030705 39.043237502, -84.6965744134 39.0433432797, -84.6966584583 39.0434472471, -84.6967482737 39.0435416562, -84.6968591991 39.0436370742, -84.6970358375 39.0437651921, -84.6972087842 39.0438564891, -84.6973627041 39.043924557, -84.6975786305 39.0439896006, -84.6977783385 39.0440319884, -84.6979696199 39.0440484951, -84.6986242919 39.0440591911, -84.6993336887 39.0440591067, -84.6995267691 39.0440728825, -84.6997122836 39.0440986702, -84.6999010804 39.0441409595, -84.7000998446 39.0442000823, -84.7002577312 39.0442618665, -84.7004213655 39.0443401731, -84.7006555404 39.0444827918, -84.700818446 39.0446116078, -84.7009632305 39.0447520694, -84.7010752982 39.0448908706, -84.7011634759 39.0450261693, -84.7012175352 39.0451348117, -84.7012360141 39.0451717619, -84.7012939068 39.0453320524, -84.7013422006 39.0454988474)"
"District 06","Boone","06-80356.00","CR","1042","CR-1042","RECONSTRUCTION(O)","0.25","2.35","Reconstruct Limaburg Road from KY 18 to Gateway Blvd (CR 1086) (2024CCN)","","2024","2026","C","SPP","35000000","2031","","","","008-CR-1042A-000","LINESTRING (-84.6872028684 39.0188522631, -84.6872000641 39.018865279, -84.6871243361 39.0192069638, -84.687113158 39.0193699446, -84.6871116194 39.0194511963, -84.6871228525 39.0195737432, -84.6871396524 39.0196765721, -84.6871727462 39.0197962938, -84.6872198518 39.0199205321, -84.6874387087 39.0204062241, -84.687575536 39.0207492481, -84.6877701989 39.0213014391, -84.6878212175 39.0214229663, -84.6879367691 39.0216565323, -84.6881094989 39.0219754392, -84.6886462348 39.0229644447, -84.6888048956 39.0232349064, -84.6889045489 39.0233763572, -84.689035692 39.0235548758, -84.6891620277 39.0237009559, -84.6893283342 39.0238817072, -84.6897588275 39.0243135388, -84.6899995599 39.0245800583, -84.6900995252 39.0247003705, -84.6902429825 39.0248795463, -84.6905253151 39.0252625648, -84.6907327526 39.025519728, -84.6909564044 39.0257753871, -84.6915462673 39.026431551, -84.6917138226 39.026648276, -84.6918301323 39.0268310529, -84.6919272187 39.0270045994, -84.6923460685 39.0277797712, -84.6927085058 39.0284652156, -84.6927967502 39.0286419784, -84.692859226 39.0287995697, -84.6929112939 39.02899523, -84.6929472366 39.0291863548, -84.6930123025 39.0298686214, -84.6930475601 39.0300342081, -84.6932089746 39.0305051031, -84.6933790664 39.0309845853, -84.6940100847 39.0329814179, -84.6944883912 39.0344909571, -84.6945698141 39.0347747284, -84.6946272661 39.0350124403, -84.6946766426 39.0353214617, -84.6947889157 39.0362454634, -84.6949877089 39.037684995, -84.6950233271 39.0380691188, -84.6950786051 39.0389670844, -84.6951208793 39.0393293041, -84.6951575423 39.0395443191, -84.6952199583 39.0398284712, -84.6953132059 39.0401958065, -84.6954857696 39.0406772263, -84.6961382466 39.042320341, -84.6964341542 39.0430856229, -84.6965030705 39.043237502, -84.6965744134 39.0433432797, -84.6966584583 39.0434472471, -84.6967482737 39.0435416562, -84.6968591991 39.0436370742, -84.6970358375 39.0437651921, -84.6972087842 39.0438564891, -84.6973627041 39.043924557, -84.6975786305 39.0439896006, -84.6977783385 39.0440319884, -84.6979696199 39.0440484951, -84.6986242919 39.0440591911, -84.6993336887 39.0440591067, -84.6995267691 39.0440728825, -84.6997122836 39.0440986702, -84.6999010804 39.0441409595, -84.7000998446 39.0442000823, -84.7002577312 39.0442618665, -84.7004213655 39.0443401731, -84.7006555404 39.0444827918, -84.700818446 39.0446116078, -84.7009632305 39.0447520694, -84.7010752982 39.0448908706, -84.7011634759 39.0450261693, -84.7012175352 39.0451348117, -84.7012360141 39.0451717619, -84.7012939068 39.0453320524, -84.7013422006 39.0454988474)"
"District 06","Boone","06-80357.00","KY","20","KY-20","RECONSTRUCTION(O)","14.6","16.7","Reconstruct KY 20 from the new KY 495 (Graves Road) Interchange to KY 18 (MP14.6-16.7) (2024CCN)","","2024","2026","D","SPP","4500000","2029","","","","008-KY-0020-000","LINESTRING (-84.7377676903 39.0746449754, -84.737030648 39.0740701888, -84.7359186401 39.0731685337, -84.7357351368 39.073042889, -84.735508908 39.0728998612, -84.7352564795 39.072766768, -84.7334095949 39.0719332564, -84.7328677236 39.0716958471, -84.7325336784 39.0715568386, -84.7321182871 39.0713921547, -84.7315861388 39.071190237, -84.7302044972 39.0706634452, -84.7295458303 39.0703679223, -84.727934056 39.0696038643, -84.7266254019 39.0689747021, -84.7257866756 39.0685881187, -84.7255017648 39.0684632376, -84.7251697419 39.0683327359, -84.724642419 39.0681662441, -84.7242240914 39.0680874365, -84.7239250798 39.068038752, -84.7232717825 39.067965065, -84.7203312399 39.0676597795, -84.719975979 39.0676292697, -84.7195353643 39.0676079072, -84.7192266498 39.0675981113, -84.7180582547 39.0675905161, -84.717870981 39.0675847835, -84.7177017716 39.0675717936, -84.7175538259 39.067549378, -84.7173625442 39.0675035276, -84.7171168016 39.0674239886, -84.7154571927 39.0667683374, -84.7151034075 39.0666345995, -84.7147672801 39.0665221532, -84.7145090601 39.066453756, -84.7143117656 39.0664100447, -84.7140531946 39.0663663529, -84.7139041486 39.0663472169, -84.7136498539 39.0663247001, -84.7132315612 39.0662944483, -84.7112916141 39.0662608837, -84.7069101792 39.066198076, -84.7050709034 39.0662416087, -84.7047670747 39.0662353874, -84.7045143943 39.0662232971, -84.7032972794 39.0661522627, -84.7031108103 39.0661399253, -84.7020711815 39.0660693312, -84.7015997125 39.0660598267)"
"District 06","Boone","06-80357.00","KY","20","KY-20","RECONSTRUCTION(O)","14.6","16.7","Reconstruct KY 20 from the new KY 495 (Graves Road) Interchange to KY 18 (MP14.6-16.7) (2024CCN)","","2024","2026","R","SPP","25500000","2030","","","","008-KY-0020-000","LINESTRING (-84.7377676903 39.0746449754, -84.737030648 39.0740701888, -84.7359186401 39.0731685337, -84.7357351368 39.073042889, -84.735508908 39.0728998612, -84.7352564795 39.072766768, -84.7334095949 39.0719332564, -84.7328677236 39.0716958471, -84.7325336784 39.0715568386, -84.7321182871 39.0713921547, -84.7315861388 39.071190237, -84.7302044972 39.0706634452, -84.7295458303 39.0703679223, -84.727934056 39.0696038643, -84.7266254019 39.0689747021, -84.7257866756 39.0685881187, -84.7255017648 39.0684632376, -84.7251697419 39.0683327359, -84.724642419 39.0681662441, -84.7242240914 39.0680874365, -84.7239250798 39.068038752, -84.7232717825 39.067965065, -84.7203312399 39.0676597795, -84.719975979 39.0676292697, -84.7195353643 39.0676079072, -84.7192266498 39.0675981113, -84.7180582547 39.0675905161, -84.717870981 39.0675847835, -84.7177017716 39.0675717936, -84.7175538259 39.067549378, -84.7173625442 39.0675035276, -84.7171168016 39.0674239886, -84.7154571927 39.0667683374, -84.7151034075 39.0666345995, -84.7147672801 39.0665221532, -84.7145090601 39.066453756, -84.7143117656 39.0664100447, -84.7140531946 39.0663663529, -84.7139041486 39.0663472169, -84.7136498539 39.0663247001, -84.7132315612 39.0662944483, -84.7112916141 39.0662608837, -84.7069101792 39.066198076, -84.7050709034 39.0662416087, -84.7047670747 39.0662353874, -84.7045143943 39.0662232971, -84.7032972794 39.0661522627, -84.7031108103 39.0661399253, -84.7020711815 39.0660693312, -84.7015997125 39.0660598267)"
"District 06","Boone","06-80357.00","KY","20","KY-20","RECONSTRUCTION(O)","14.6","16.7","Reconstruct KY 20 from the new KY 495 (Graves Road) Interchange to KY 18 (MP14.6-16.7) (2024CCN)","","2024","2026","U","SPP","6000000","2031","","","","008-KY-0020-000","LINESTRING (-84.7377676903 39.0746449754, -84.737030648 39.0740701888, -84.7359186401 39.0731685337, -84.7357351368 39.073042889, -84.735508908 39.0728998612, -84.7352564795 39.072766768, -84.7334095949 39.0719332564, -84.7328677236 39.0716958471, -84.7325336784 39.0715568386, -84.7321182871 39.0713921547, -84.7315861388 39.071190237, -84.7302044972 39.0706634452, -84.7295458303 39.0703679223, -84.727934056 39.0696038643, -84.7266254019 39.0689747021, -84.7257866756 39.0685881187, -84.7255017648 39.0684632376, -84.7251697419 39.0683327359, -84.724642419 39.0681662441, -84.7242240914 39.0680874365, -84.7239250798 39.068038752, -84.7232717825 39.067965065, -84.7203312399 39.0676597795, -84.719975979 39.0676292697, -84.7195353643 39.0676079072, -84.7192266498 39.0675981113, -84.7180582547 39.0675905161, -84.717870981 39.0675847835, -84.7177017716 39.0675717936, -84.7175538259 39.067549378, -84.7173625442 39.0675035276, -84.7171168016 39.0674239886, -84.7154571927 39.0667683374, -84.7151034075 39.0666345995, -84.7147672801 39.0665221532, -84.7145090601 39.066453756, -84.7143117656 39.0664100447, -84.7140531946 39.0663663529, -84.7139041486 39.0663472169, -84.7136498539 39.0663247001, -84.7132315612 39.0662944483, -84.7112916141 39.0662608837, -84.7069101792 39.066198076, -84.7050709034 39.0662416087, -84.7047670747 39.0662353874, -84.7045143943 39.0662232971, -84.7032972794 39.0661522627, -84.7031108103 39.0661399253, -84.7020711815 39.0660693312, -84.7015997125 39.0660598267)"
"District 06","Boone","06-80357.00","KY","20","KY-20","RECONSTRUCTION(O)","14.6","16.7","Reconstruct KY 20 from the new KY 495 (Graves Road) Interchange to KY 18 (MP14.6-16.7) (2024CCN)","","2024","2026","C","SPP","46000000","2032","","","","008-KY-0020-000","LINESTRING (-84.7377676903 39.0746449754, -84.737030648 39.0740701888, -84.7359186401 39.0731685337, -84.7357351368 39.073042889, -84.735508908 39.0728998612, -84.7352564795 39.072766768, -84.7334095949 39.0719332564, -84.7328677236 39.0716958471, -84.7325336784 39.0715568386, -84.7321182871 39.0713921547, -84.7315861388 39.071190237, -84.7302044972 39.0706634452, -84.7295458303 39.0703679223, -84.727934056 39.0696038643, -84.7266254019 39.0689747021, -84.7257866756 39.0685881187, -84.7255017648 39.0684632376, -84.7251697419 39.0683327359, -84.724642419 39.0681662441, -84.7242240914 39.0680874365, -84.7239250798 39.068038752, -84.7232717825 39.067965065, -84.7203312399 39.0676597795, -84.719975979 39.0676292697, -84.7195353643 39.0676079072, -84.7192266498 39.0675981113, -84.7180582547 39.0675905161, -84.717870981 39.0675847835, -84.7177017716 39.0675717936, -84.7175538259 39.067549378, -84.7173625442 39.0675035276, -84.7171168016 39.0674239886, -84.7154571927 39.0667683374, -84.7151034075 39.0666345995, -84.7147672801 39.0665221532, -84.7145090601 39.066453756, -84.7143117656 39.0664100447, -84.7140531946 39.0663663529, -84.7139041486 39.0663472169, -84.7136498539 39.0663247001, -84.7132315612 39.0662944483, -84.7112916141 39.0662608837, -84.7069101792 39.066198076, -84.7050709034 39.0662416087, -84.7047670747 39.0662353874, -84.7045143943 39.0662232971, -84.7032972794 39.0661522627, -84.7031108103 39.0661399253, -84.7020711815 39.0660693312, -84.7015997125 39.0660598267)"
"District 06","Boone","06-80358.00","KY","536","KY-536","RECONSTRUCTION(O)","8.0","10.8","Reconstruct KY 536 from Camp Ernst Road to Old Union Road (MP 8.0-10.8) (2024CCN)","","2024","2026","C","SPP","60000000","2032","","","","008-KY-0536-000","LINESTRING (-84.7284585003 38.9485015395, -84.7284126869 38.9485230762, -84.7279713943 38.9487265907, -84.7277417877 38.948827859, -84.7275360045 38.948910112, -84.7273247701 38.948979963, -84.7271151524 38.949034727, -84.7269032936 38.9490738217, -84.726716642 38.9490955607, -84.7265329798 38.9491046963, -84.7263698458 38.9491041222, -84.7261780474 38.9490917718, -84.7260288489 38.949075393, -84.7258320818 38.949041309, -84.7256344836 38.9489912939, -84.7254762714 38.9489407928, -84.7253203196 38.9488796027, -84.7251676286 38.9488115771, -84.7250332075 38.9487445316, -84.7244684583 38.9484258714, -84.7241858031 38.9482740879, -84.7240119759 38.948184189, -84.7237811075 38.9480751309, -84.7215153525 38.9471100884, -84.7211828818 38.9469762639, -84.7209282477 38.9468826446, -84.7207175525 38.9468146625, -84.7204955032 38.9467539954, -84.7202774753 38.946707365, -84.7200803501 38.9466743663, -84.7198441153 38.9466473456, -84.7192615374 38.9465975699, -84.7177398397 38.9465006961, -84.7136726549 38.9462318474, -84.7108294604 38.9460545043, -84.7090187428 38.9459357867, -84.7085514478 38.9458894339, -84.7082862458 38.9458478605, -84.7080460926 38.9458001906, -84.7077906618 38.9457392087, -84.7075521782 38.945673157, -84.7073457063 38.9456060119, -84.7070991337 38.9455157281, -84.7068405202 38.9454069433, -84.7055882526 38.9448383839, -84.7053363121 38.9447304783, -84.7051499875 38.9446560924, -84.7047994957 38.9445313989, -84.7045362662 38.9444508483, -84.7042630869 38.9443776224, -84.7039922707 38.9443112811, -84.7036840878 38.9442520247, -84.7034062706 38.9442081339, -84.7031381661 38.9441733882, -84.7028685338 38.9441471392, -84.7025847178 38.9441292767, -84.7023106196 38.9441202845, -84.7020223641 38.9441177568, -84.7005532954 38.9441309468, -84.699613046 38.9441405316, -84.6988812126 38.9441305275, -84.698298269 38.9441083756, -84.6928254611 38.943782508, -84.6923978707 38.9437636238, -84.6919826718 38.9437629676, -84.6916515613 38.9437822744, -84.6913230311 38.9438175275, -84.6910873118 38.9438530532, -84.6908849367 38.9438924428, -84.6905642395 38.9439692211, -84.6903788837 38.9440227632, -84.6900153719 38.9441425404, -84.6885768161 38.9446915118, -84.6882429457 38.9448033102, -84.6880674934 38.944852544, -84.6878836728 38.944897035, -84.6877034869 38.9449333226, -84.6875124675 38.9449651193, -84.6873283118 38.9449843482, -84.6870037925 38.945009192, -84.686703823 38.9450142113, -84.6865295132 38.9450090904, -84.6863500236 38.9449976089, -84.686184312 38.9449815826, -84.68588855 38.9449391389, -84.6851551968 38.9447920334, -84.684784585 38.9447231118, -84.6842240129 38.9446376683, -84.6839274616 38.9446012532, -84.6836283706 38.9445703047, -84.6819853765 38.9444073717, -84.6817770471 38.9443967234, -84.6816778749 38.9443985824, -84.6814807443 38.9444154899, -84.6813750267 38.9444321161, -84.6812258508 38.9444634539, -84.6810913296 38.9445023358, -84.6810063553 38.9444949866, -84.6808381444 38.9445536091, -84.6807337447 38.9445762868, -84.6806506946 38.9445815841, -84.6805748081 38.9445778849, -84.6804907024 38.944559286, -84.6804304643 38.9445433715, -84.680354825 38.9445468128, -84.6803000596 38.9445652669, -84.6802706132 38.9445833988, -84.6802388543 38.944615237, -84.6801834068 38.9446561985, -84.6800774729 38.944711534, -84.6800159439 38.9447356939, -84.6796105421 38.9448814211, -84.6792659297 38.9449815667, -84.6791110142 38.9450205385, -84.6788565533 38.9450627351, -84.6786304771 38.9450873408, -84.6785402663 38.945092647)"
"District 06","Boone","06-80358.00","KY","536","KY-536","RECONSTRUCTION(O)","8.0","10.8","Reconstruct KY 536 from Camp Ernst Road to Old Union Road (MP 8.0-10.8) (2024CCN)","","2024","2026","U","SPP","3000000","2031","","","","008-KY-0536-000","LINESTRING (-84.7284585003 38.9485015395, -84.7284126869 38.9485230762, -84.7279713943 38.9487265907, -84.7277417877 38.948827859, -84.7275360045 38.948910112, -84.7273247701 38.948979963, -84.7271151524 38.949034727, -84.7269032936 38.9490738217, -84.726716642 38.9490955607, -84.7265329798 38.9491046963, -84.7263698458 38.9491041222, -84.7261780474 38.9490917718, -84.7260288489 38.949075393, -84.7258320818 38.949041309, -84.7256344836 38.9489912939, -84.7254762714 38.9489407928, -84.7253203196 38.9488796027, -84.7251676286 38.9488115771, -84.7250332075 38.9487445316, -84.7244684583 38.9484258714, -84.7241858031 38.9482740879, -84.7240119759 38.948184189, -84.7237811075 38.9480751309, -84.7215153525 38.9471100884, -84.7211828818 38.9469762639, -84.7209282477 38.9468826446, -84.7207175525 38.9468146625, -84.7204955032 38.9467539954, -84.7202774753 38.946707365, -84.7200803501 38.9466743663, -84.7198441153 38.9466473456, -84.7192615374 38.9465975699, -84.7177398397 38.9465006961, -84.7136726549 38.9462318474, -84.7108294604 38.9460545043, -84.7090187428 38.9459357867, -84.7085514478 38.9458894339, -84.7082862458 38.9458478605, -84.7080460926 38.9458001906, -84.7077906618 38.9457392087, -84.7075521782 38.945673157, -84.7073457063 38.9456060119, -84.7070991337 38.9455157281, -84.7068405202 38.9454069433, -84.7055882526 38.9448383839, -84.7053363121 38.9447304783, -84.7051499875 38.9446560924, -84.7047994957 38.9445313989, -84.7045362662 38.9444508483, -84.7042630869 38.9443776224, -84.7039922707 38.9443112811, -84.7036840878 38.9442520247, -84.7034062706 38.9442081339, -84.7031381661 38.9441733882, -84.7028685338 38.9441471392, -84.7025847178 38.9441292767, -84.7023106196 38.9441202845, -84.7020223641 38.9441177568, -84.7005532954 38.9441309468, -84.699613046 38.9441405316, -84.6988812126 38.9441305275, -84.698298269 38.9441083756, -84.6928254611 38.943782508, -84.6923978707 38.9437636238, -84.6919826718 38.9437629676, -84.6916515613 38.9437822744, -84.6913230311 38.9438175275, -84.6910873118 38.9438530532, -84.6908849367 38.9438924428, -84.6905642395 38.9439692211, -84.6903788837 38.9440227632, -84.6900153719 38.9441425404, -84.6885768161 38.9446915118, -84.6882429457 38.9448033102, -84.6880674934 38.944852544, -84.6878836728 38.944897035, -84.6877034869 38.9449333226, -84.6875124675 38.9449651193, -84.6873283118 38.9449843482, -84.6870037925 38.945009192, -84.686703823 38.9450142113, -84.6865295132 38.9450090904, -84.6863500236 38.9449976089, -84.686184312 38.9449815826, -84.68588855 38.9449391389, -84.6851551968 38.9447920334, -84.684784585 38.9447231118, -84.6842240129 38.9446376683, -84.6839274616 38.9446012532, -84.6836283706 38.9445703047, -84.6819853765 38.9444073717, -84.6817770471 38.9443967234, -84.6816778749 38.9443985824, -84.6814807443 38.9444154899, -84.6813750267 38.9444321161, -84.6812258508 38.9444634539, -84.6810913296 38.9445023358, -84.6810063553 38.9444949866, -84.6808381444 38.9445536091, -84.6807337447 38.9445762868, -84.6806506946 38.9445815841, -84.6805748081 38.9445778849, -84.6804907024 38.944559286, -84.6804304643 38.9445433715, -84.680354825 38.9445468128, -84.6803000596 38.9445652669, -84.6802706132 38.9445833988, -84.6802388543 38.944615237, -84.6801834068 38.9446561985, -84.6800774729 38.944711534, -84.6800159439 38.9447356939, -84.6796105421 38.9448814211, -84.6792659297 38.9449815667, -84.6791110142 38.9450205385, -84.6788565533 38.9450627351, -84.6786304771 38.9450873408, -84.6785402663 38.945092647)"
"District 06","Boone","06-80358.00","KY","536","KY-536","RECONSTRUCTION(O)","8.0","10.8","Reconstruct KY 536 from Camp Ernst Road to Old Union Road (MP 8.0-10.8) (2024CCN)","","2024","2026","R","SPP","20000000","2030","","","","008-KY-0536-000","LINESTRING (-84.7284585003 38.9485015395, -84.7284126869 38.9485230762, -84.7279713943 38.9487265907, -84.7277417877 38.948827859, -84.7275360045 38.948910112, -84.7273247701 38.948979963, -84.7271151524 38.949034727, -84.7269032936 38.9490738217, -84.726716642 38.9490955607, -84.7265329798 38.9491046963, -84.7263698458 38.9491041222, -84.7261780474 38.9490917718, -84.7260288489 38.949075393, -84.7258320818 38.949041309, -84.7256344836 38.9489912939, -84.7254762714 38.9489407928, -84.7253203196 38.9488796027, -84.7251676286 38.9488115771, -84.7250332075 38.9487445316, -84.7244684583 38.9484258714, -84.7241858031 38.9482740879, -84.7240119759 38.948184189, -84.7237811075 38.9480751309, -84.7215153525 38.9471100884, -84.7211828818 38.9469762639, -84.7209282477 38.9468826446, -84.7207175525 38.9468146625, -84.7204955032 38.9467539954, -84.7202774753 38.946707365, -84.7200803501 38.9466743663, -84.7198441153 38.9466473456, -84.7192615374 38.9465975699, -84.7177398397 38.9465006961, -84.7136726549 38.9462318474, -84.7108294604 38.9460545043, -84.7090187428 38.9459357867, -84.7085514478 38.9458894339, -84.7082862458 38.9458478605, -84.7080460926 38.9458001906, -84.7077906618 38.9457392087, -84.7075521782 38.945673157, -84.7073457063 38.9456060119, -84.7070991337 38.9455157281, -84.7068405202 38.9454069433, -84.7055882526 38.9448383839, -84.7053363121 38.9447304783, -84.7051499875 38.9446560924, -84.7047994957 38.9445313989, -84.7045362662 38.9444508483, -84.7042630869 38.9443776224, -84.7039922707 38.9443112811, -84.7036840878 38.9442520247, -84.7034062706 38.9442081339, -84.7031381661 38.9441733882, -84.7028685338 38.9441471392, -84.7025847178 38.9441292767, -84.7023106196 38.9441202845, -84.7020223641 38.9441177568, -84.7005532954 38.9441309468, -84.699613046 38.9441405316, -84.6988812126 38.9441305275, -84.698298269 38.9441083756, -84.6928254611 38.943782508, -84.6923978707 38.9437636238, -84.6919826718 38.9437629676, -84.6916515613 38.9437822744, -84.6913230311 38.9438175275, -84.6910873118 38.9438530532, -84.6908849367 38.9438924428, -84.6905642395 38.9439692211, -84.6903788837 38.9440227632, -84.6900153719 38.9441425404, -84.6885768161 38.9446915118, -84.6882429457 38.9448033102, -84.6880674934 38.944852544, -84.6878836728 38.944897035, -84.6877034869 38.9449333226, -84.6875124675 38.9449651193, -84.6873283118 38.9449843482, -84.6870037925 38.945009192, -84.686703823 38.9450142113, -84.6865295132 38.9450090904, -84.6863500236 38.9449976089, -84.686184312 38.9449815826, -84.68588855 38.9449391389, -84.6851551968 38.9447920334, -84.684784585 38.9447231118, -84.6842240129 38.9446376683, -84.6839274616 38.9446012532, -84.6836283706 38.9445703047, -84.6819853765 38.9444073717, -84.6817770471 38.9443967234, -84.6816778749 38.9443985824, -84.6814807443 38.9444154899, -84.6813750267 38.9444321161, -84.6812258508 38.9444634539, -84.6810913296 38.9445023358, -84.6810063553 38.9444949866, -84.6808381444 38.9445536091, -84.6807337447 38.9445762868, -84.6806506946 38.9445815841, -84.6805748081 38.9445778849, -84.6804907024 38.944559286, -84.6804304643 38.9445433715, -84.680354825 38.9445468128, -84.6803000596 38.9445652669, -84.6802706132 38.9445833988, -84.6802388543 38.944615237, -84.6801834068 38.9446561985, -84.6800774729 38.944711534, -84.6800159439 38.9447356939, -84.6796105421 38.9448814211, -84.6792659297 38.9449815667, -84.6791110142 38.9450205385, -84.6788565533 38.9450627351, -84.6786304771 38.9450873408, -84.6785402663 38.945092647)"
"District 06","Boone","06-80358.00","KY","536","KY-536","RECONSTRUCTION(O)","8.0","10.8","Reconstruct KY 536 from Camp Ernst Road to Old Union Road (MP 8.0-10.8) (2024CCN)","","2024","2026","D","SPP","6750000","2029","","","","008-KY-0536-000","LINESTRING (-84.7284585003 38.9485015395, -84.7284126869 38.9485230762, -84.7279713943 38.9487265907, -84.7277417877 38.948827859, -84.7275360045 38.948910112, -84.7273247701 38.948979963, -84.7271151524 38.949034727, -84.7269032936 38.9490738217, -84.726716642 38.9490955607, -84.7265329798 38.9491046963, -84.7263698458 38.9491041222, -84.7261780474 38.9490917718, -84.7260288489 38.949075393, -84.7258320818 38.949041309, -84.7256344836 38.9489912939, -84.7254762714 38.9489407928, -84.7253203196 38.9488796027, -84.7251676286 38.9488115771, -84.7250332075 38.9487445316, -84.7244684583 38.9484258714, -84.7241858031 38.9482740879, -84.7240119759 38.948184189, -84.7237811075 38.9480751309, -84.7215153525 38.9471100884, -84.7211828818 38.9469762639, -84.7209282477 38.9468826446, -84.7207175525 38.9468146625, -84.7204955032 38.9467539954, -84.7202774753 38.946707365, -84.7200803501 38.9466743663, -84.7198441153 38.9466473456, -84.7192615374 38.9465975699, -84.7177398397 38.9465006961, -84.7136726549 38.9462318474, -84.7108294604 38.9460545043, -84.7090187428 38.9459357867, -84.7085514478 38.9458894339, -84.7082862458 38.9458478605, -84.7080460926 38.9458001906, -84.7077906618 38.9457392087, -84.7075521782 38.945673157, -84.7073457063 38.9456060119, -84.7070991337 38.9455157281, -84.7068405202 38.9454069433, -84.7055882526 38.9448383839, -84.7053363121 38.9447304783, -84.7051499875 38.9446560924, -84.7047994957 38.9445313989, -84.7045362662 38.9444508483, -84.7042630869 38.9443776224, -84.7039922707 38.9443112811, -84.7036840878 38.9442520247, -84.7034062706 38.9442081339, -84.7031381661 38.9441733882, -84.7028685338 38.9441471392, -84.7025847178 38.9441292767, -84.7023106196 38.9441202845, -84.7020223641 38.9441177568, -84.7005532954 38.9441309468, -84.699613046 38.9441405316, -84.6988812126 38.9441305275, -84.698298269 38.9441083756, -84.6928254611 38.943782508, -84.6923978707 38.9437636238, -84.6919826718 38.9437629676, -84.6916515613 38.9437822744, -84.6913230311 38.9438175275, -84.6910873118 38.9438530532, -84.6908849367 38.9438924428, -84.6905642395 38.9439692211, -84.6903788837 38.9440227632, -84.6900153719 38.9441425404, -84.6885768161 38.9446915118, -84.6882429457 38.9448033102, -84.6880674934 38.944852544, -84.6878836728 38.944897035, -84.6877034869 38.9449333226, -84.6875124675 38.9449651193, -84.6873283118 38.9449843482, -84.6870037925 38.945009192, -84.686703823 38.9450142113, -84.6865295132 38.9450090904, -84.6863500236 38.9449976089, -84.686184312 38.9449815826, -84.68588855 38.9449391389, -84.6851551968 38.9447920334, -84.684784585 38.9447231118, -84.6842240129 38.9446376683, -84.6839274616 38.9446012532, -84.6836283706 38.9445703047, -84.6819853765 38.9444073717, -84.6817770471 38.9443967234, -84.6816778749 38.9443985824, -84.6814807443 38.9444154899, -84.6813750267 38.9444321161, -84.6812258508 38.9444634539, -84.6810913296 38.9445023358, -84.6810063553 38.9444949866, -84.6808381444 38.9445536091, -84.6807337447 38.9445762868, -84.6806506946 38.9445815841, -84.6805748081 38.9445778849, -84.6804907024 38.944559286, -84.6804304643 38.9445433715, -84.680354825 38.9445468128, -84.6803000596 38.9445652669, -84.6802706132 38.9445833988, -84.6802388543 38.944615237, -84.6801834068 38.9446561985, -84.6800774729 38.944711534, -84.6800159439 38.9447356939, -84.6796105421 38.9448814211, -84.6792659297 38.9449815667, -84.6791110142 38.9450205385, -84.6788565533 38.9450627351, -84.6786304771 38.9450873408, -84.6785402663 38.945092647)"
"District 06","Boone","06-80359.00","US","25","US-25","SAFETY(P)","2.2","4.7","Improve safety & mobility and address geometric deficiencies along US 25 (Dixie Hwy) between KY 16 and KY 338 (Richwood Rd) (MP 2.2-4.7) (2024CCN)","","2024","2026","D","SPP","4000000","2029","","","","008-US-0025-000","LINESTRING (-84.6092746981 38.8837627099, -84.6091587423 38.884441962, -84.6091123905 38.8846878059, -84.6090487489 38.8849834551, -84.6089918898 38.8852047605, -84.6088695417 38.8856151669, -84.6087343379 38.8859040909, -84.6086425486 38.8860676781, -84.6085360061 38.886231125, -84.608216657 38.886658591, -84.6081241033 38.8868035005, -84.6080466796 38.8869469078, -84.6079837666 38.8871058289, -84.6079372852 38.8872698489, -84.607908619 38.8874403548, -84.6078966878 38.8876189837, -84.6078948447 38.887804023, -84.6079218341 38.8890417506, -84.6079769906 38.8920929765, -84.6080206064 38.8925159495, -84.6080726451 38.8927152328, -84.6081910259 38.8930529817, -84.6082795124 38.8932581046, -84.6085373245 38.8937561594, -84.6086357876 38.8939300772, -84.6087399527 38.8940988321, -84.6088491748 38.8942588486, -84.6101864803 38.8960274641, -84.6103624822 38.8962762528, -84.610479704 38.8964643498, -84.6105848914 38.896658098, -84.6106754886 38.8968412736, -84.6107605512 38.8970414191, -84.6108497441 38.8972245804, -84.6109488382 38.8974037184, -84.6110557386 38.897577988, -84.6165824767 38.9058103788, -84.617001005 38.9064197617, -84.6173350386 38.9068814506, -84.6178413373 38.9075193941, -84.6180148213 38.9077527692, -84.6181258088 38.9078922013, -84.6182496149 38.9080660741, -84.6183767755 38.908272927, -84.6185015921 38.9085176465, -84.6186014246 38.9087646003, -84.6190676966 38.910058913, -84.619133443 38.9102154873, -84.6192702583 38.9105026018, -84.6205160971 38.9127666248, -84.6206688443 38.9130014473, -84.620823453 38.913206909, -84.6209311144 38.9133350485, -84.6214864442 38.9139435095, -84.6216246968 38.9141161426, -84.6217000131 38.9142225605, -84.6217919498 38.9143678482, -84.6218746556 38.9145190896, -84.6219833277 38.914763927, -84.6223584615 38.9158220611, -84.6224896639 38.9161327304, -84.6225969186 38.9163558635, -84.6227077005 38.9165554171, -84.6228641077 38.9168045477, -84.6229857859 38.9169825134)"
"District 06","Boone","06-80359.00","US","25","US-25","SAFETY(P)","2.2","4.7","Improve safety & mobility and address geometric deficiencies along US 25 (Dixie Hwy) between KY 16 and KY 338 (Richwood Rd) (MP 2.2-4.7) (2024CCN)","","2024","2026","U","SPP","3000000","2031","","","","008-US-0025-000","LINESTRING (-84.6092746981 38.8837627099, -84.6091587423 38.884441962, -84.6091123905 38.8846878059, -84.6090487489 38.8849834551, -84.6089918898 38.8852047605, -84.6088695417 38.8856151669, -84.6087343379 38.8859040909, -84.6086425486 38.8860676781, -84.6085360061 38.886231125, -84.608216657 38.886658591, -84.6081241033 38.8868035005, -84.6080466796 38.8869469078, -84.6079837666 38.8871058289, -84.6079372852 38.8872698489, -84.607908619 38.8874403548, -84.6078966878 38.8876189837, -84.6078948447 38.887804023, -84.6079218341 38.8890417506, -84.6079769906 38.8920929765, -84.6080206064 38.8925159495, -84.6080726451 38.8927152328, -84.6081910259 38.8930529817, -84.6082795124 38.8932581046, -84.6085373245 38.8937561594, -84.6086357876 38.8939300772, -84.6087399527 38.8940988321, -84.6088491748 38.8942588486, -84.6101864803 38.8960274641, -84.6103624822 38.8962762528, -84.610479704 38.8964643498, -84.6105848914 38.896658098, -84.6106754886 38.8968412736, -84.6107605512 38.8970414191, -84.6108497441 38.8972245804, -84.6109488382 38.8974037184, -84.6110557386 38.897577988, -84.6165824767 38.9058103788, -84.617001005 38.9064197617, -84.6173350386 38.9068814506, -84.6178413373 38.9075193941, -84.6180148213 38.9077527692, -84.6181258088 38.9078922013, -84.6182496149 38.9080660741, -84.6183767755 38.908272927, -84.6185015921 38.9085176465, -84.6186014246 38.9087646003, -84.6190676966 38.910058913, -84.619133443 38.9102154873, -84.6192702583 38.9105026018, -84.6205160971 38.9127666248, -84.6206688443 38.9130014473, -84.620823453 38.913206909, -84.6209311144 38.9133350485, -84.6214864442 38.9139435095, -84.6216246968 38.9141161426, -84.6217000131 38.9142225605, -84.6217919498 38.9143678482, -84.6218746556 38.9145190896, -84.6219833277 38.914763927, -84.6223584615 38.9158220611, -84.6224896639 38.9161327304, -84.6225969186 38.9163558635, -84.6227077005 38.9165554171, -84.6228641077 38.9168045477, -84.6229857859 38.9169825134)"
"District 06","Boone","06-80359.00","US","25","US-25","SAFETY(P)","2.2","4.7","Improve safety & mobility and address geometric deficiencies along US 25 (Dixie Hwy) between KY 16 and KY 338 (Richwood Rd) (MP 2.2-4.7) (2024CCN)","","2024","2026","C","SPP","39000000","2032","","","","008-US-0025-000","LINESTRING (-84.6092746981 38.8837627099, -84.6091587423 38.884441962, -84.6091123905 38.8846878059, -84.6090487489 38.8849834551, -84.6089918898 38.8852047605, -84.6088695417 38.8856151669, -84.6087343379 38.8859040909, -84.6086425486 38.8860676781, -84.6085360061 38.886231125, -84.608216657 38.886658591, -84.6081241033 38.8868035005, -84.6080466796 38.8869469078, -84.6079837666 38.8871058289, -84.6079372852 38.8872698489, -84.607908619 38.8874403548, -84.6078966878 38.8876189837, -84.6078948447 38.887804023, -84.6079218341 38.8890417506, -84.6079769906 38.8920929765, -84.6080206064 38.8925159495, -84.6080726451 38.8927152328, -84.6081910259 38.8930529817, -84.6082795124 38.8932581046, -84.6085373245 38.8937561594, -84.6086357876 38.8939300772, -84.6087399527 38.8940988321, -84.6088491748 38.8942588486, -84.6101864803 38.8960274641, -84.6103624822 38.8962762528, -84.610479704 38.8964643498, -84.6105848914 38.896658098, -84.6106754886 38.8968412736, -84.6107605512 38.8970414191, -84.6108497441 38.8972245804, -84.6109488382 38.8974037184, -84.6110557386 38.897577988, -84.6165824767 38.9058103788, -84.617001005 38.9064197617, -84.6173350386 38.9068814506, -84.6178413373 38.9075193941, -84.6180148213 38.9077527692, -84.6181258088 38.9078922013, -84.6182496149 38.9080660741, -84.6183767755 38.908272927, -84.6185015921 38.9085176465, -84.6186014246 38.9087646003, -84.6190676966 38.910058913, -84.619133443 38.9102154873, -84.6192702583 38.9105026018, -84.6205160971 38.9127666248, -84.6206688443 38.9130014473, -84.620823453 38.913206909, -84.6209311144 38.9133350485, -84.6214864442 38.9139435095, -84.6216246968 38.9141161426, -84.6217000131 38.9142225605, -84.6217919498 38.9143678482, -84.6218746556 38.9145190896, -84.6219833277 38.914763927, -84.6223584615 38.9158220611, -84.6224896639 38.9161327304, -84.6225969186 38.9163558635, -84.6227077005 38.9165554171, -84.6228641077 38.9168045477, -84.6229857859 38.9169825134)"
"District 06","Boone","06-80359.00","US","25","US-25","SAFETY(P)","2.2","4.7","Improve safety & mobility and address geometric deficiencies along US 25 (Dixie Hwy) between KY 16 and KY 338 (Richwood Rd) (MP 2.2-4.7) (2024CCN)","","2024","2026","R","SPP","10000000","2030","","","","008-US-0025-000","LINESTRING (-84.6092746981 38.8837627099, -84.6091587423 38.884441962, -84.6091123905 38.8846878059, -84.6090487489 38.8849834551, -84.6089918898 38.8852047605, -84.6088695417 38.8856151669, -84.6087343379 38.8859040909, -84.6086425486 38.8860676781, -84.6085360061 38.886231125, -84.608216657 38.886658591, -84.6081241033 38.8868035005, -84.6080466796 38.8869469078, -84.6079837666 38.8871058289, -84.6079372852 38.8872698489, -84.607908619 38.8874403548, -84.6078966878 38.8876189837, -84.6078948447 38.887804023, -84.6079218341 38.8890417506, -84.6079769906 38.8920929765, -84.6080206064 38.8925159495, -84.6080726451 38.8927152328, -84.6081910259 38.8930529817, -84.6082795124 38.8932581046, -84.6085373245 38.8937561594, -84.6086357876 38.8939300772, -84.6087399527 38.8940988321, -84.6088491748 38.8942588486, -84.6101864803 38.8960274641, -84.6103624822 38.8962762528, -84.610479704 38.8964643498, -84.6105848914 38.896658098, -84.6106754886 38.8968412736, -84.6107605512 38.8970414191, -84.6108497441 38.8972245804, -84.6109488382 38.8974037184, -84.6110557386 38.897577988, -84.6165824767 38.9058103788, -84.617001005 38.9064197617, -84.6173350386 38.9068814506, -84.6178413373 38.9075193941, -84.6180148213 38.9077527692, -84.6181258088 38.9078922013, -84.6182496149 38.9080660741, -84.6183767755 38.908272927, -84.6185015921 38.9085176465, -84.6186014246 38.9087646003, -84.6190676966 38.910058913, -84.619133443 38.9102154873, -84.6192702583 38.9105026018, -84.6205160971 38.9127666248, -84.6206688443 38.9130014473, -84.620823453 38.913206909, -84.6209311144 38.9133350485, -84.6214864442 38.9139435095, -84.6216246968 38.9141161426, -84.6217000131 38.9142225605, -84.6217919498 38.9143678482, -84.6218746556 38.9145190896, -84.6219833277 38.914763927, -84.6223584615 38.9158220611, -84.6224896639 38.9161327304, -84.6225969186 38.9163558635, -84.6227077005 38.9165554171, -84.6228641077 38.9168045477, -84.6229857859 38.9169825134)"
"District 06","Boone","06-80360.00","PF","9999","PF-9999","CONGESTION MITIGATION","","","CONSTRUCT A NEW CONNECTION BETWEEN KY 1292, BEAVER ROAD, TO KY 2951, CHAMBERS ROAD, AND KY 16. (2024CCN)","","2024","2026","R","SPP","30000000","2030","","","","",""
"District 06","Boone","06-80360.00","PF","9999","PF-9999","CONGESTION MITIGATION","","","CONSTRUCT A NEW CONNECTION BETWEEN KY 1292, BEAVER ROAD, TO KY 2951, CHAMBERS ROAD, AND KY 16. (2024CCN)","","2024","2026","C","SPP","85000000","2032","","","","",""
"District 06","Boone","06-80360.00","PF","9999","PF-9999","CONGESTION MITIGATION","","","CONSTRUCT A NEW CONNECTION BETWEEN KY 1292, BEAVER ROAD, TO KY 2951, CHAMBERS ROAD, AND KY 16. (2024CCN)","","2024","2026","D","SPP","6000000","2029","","","","",""
"District 06","Boone","06-80360.00","PF","9999","PF-9999","CONGESTION MITIGATION","","","CONSTRUCT A NEW CONNECTION BETWEEN KY 1292, BEAVER ROAD, TO KY 2951, CHAMBERS ROAD, AND KY 16. (2024CCN)","","2024","2026","U","SPP","5000000","2031","","","","",""
"District 06","Boone","06-80405.00","I","71","I-71","MAJOR WIDENING(O)","71.8","77.7","Widen I-71 to six lanes in Boone County between KY 14 and the I-75 interchange. (2026CCN)","","2026","2026","U","NH","2500000","2031","","","","008-I-0071-000","LINESTRING (-84.6907162748 38.8292515815, -84.6895804535 38.8301246589, -84.6874764292 38.8317626978, -84.6847738793 38.8338511439, -84.6842607108 38.8342317829, -84.6837281143 38.8346443711, -84.6825439469 38.8355621043, -84.6813885703 38.8364295624, -84.6800757415 38.8373790669, -84.6793276166 38.8379063954, -84.6766361476 38.8398305615, -84.6741497818 38.8415972651, -84.6728913914 38.8425326289, -84.6716783799 38.8435073779, -84.6705713399 38.8444838972, -84.6695361435 38.8454673713, -84.6684979516 38.8465562432, -84.6675143577 38.8476785504, -84.6657351819 38.8498825627, -84.6648520774 38.8509472764, -84.6639642113 38.8519762459, -84.6623949011 38.8537027197, -84.6593790312 38.8569864917, -84.6587765551 38.8575897026, -84.6581587784 38.858158724, -84.6575709928 38.8586472931, -84.6569596636 38.8591128547, -84.6564552881 38.8594709391, -84.655886071 38.8598438022, -84.6551284391 38.860298953, -84.6542258367 38.8607958744, -84.6501839182 38.8629319028, -84.6427696936 38.8668651796, -84.6352805119 38.8708242033, -84.6330260239 38.8720156177, -84.6327928955 38.8721474251, -84.6325256523 38.872282207, -84.630869262 38.8731510706, -84.6296599432 38.8737923732, -84.6261281318 38.8756685149, -84.6257657008 38.8758699289, -84.6254564852 38.8760597625, -84.6251123462 38.8762819394, -84.6248132311 38.8764998726, -84.6244259991 38.8768056589, -84.6241758282 38.8770155403, -84.6240653664 38.8771174609, -84.6237058592 38.8774699085, -84.6235323031 38.8776541527, -84.6233678016 38.877843424, -84.623209917 38.8780363272, -84.6230586444 38.8782331365, -84.6229136388 38.8784335747, -84.6227770045 38.8786376608, -84.6226477081 38.8788442867, -84.6225275036 38.8790534693, -84.622313316 38.8794797705, -84.6222168822 38.879696316, -84.6221288347 38.8799156866, -84.6220533922 38.880137647, -84.6219951166 38.8803625161, -84.6219519098 38.8805897229, -84.6219227248 38.8808187107, -84.621910365 38.8810500534, -84.6219130735 38.8812837347, -84.6219291161 38.8815183662, -84.6219609474 38.8817542449, -84.6220096073 38.8819922039, -84.6220775735 38.8822311698, -84.6221637991 38.8824705827, -84.6222662205 38.8827076766, -84.6223838127 38.8829405213, -84.622517656 38.8831674785, -84.6226684564 38.883388281, -84.6228365795 38.8836021082, -84.6230216983 38.8838073089, -84.623222408 38.8840038708, -84.6234298778 38.884195004, -84.6244933477 38.885120711, -84.6246963083 38.8853085051, -84.6248854782 38.8855022096, -84.6250619197 38.8857012852, -84.6252217523 38.8859067928, -84.6253656731 38.8861190149, -84.6254919403 38.8863371115, -84.6256016056 38.8865610913, -84.6256929093 38.886791213, -84.6257647971 38.8870274671, -84.6258313447 38.8873367053, -84.6261476331 38.8897853658)"
"District 06","Boone","06-80405.00","I","71","I-71","MAJOR WIDENING(O)","71.8","77.7","Widen I-71 to six lanes in Boone County between KY 14 and the I-75 interchange. (2026CCN)","","2026","2026","D","NH","4000000","2029","","","","008-I-0071-000","LINESTRING (-84.6907162748 38.8292515815, -84.6895804535 38.8301246589, -84.6874764292 38.8317626978, -84.6847738793 38.8338511439, -84.6842607108 38.8342317829, -84.6837281143 38.8346443711, -84.6825439469 38.8355621043, -84.6813885703 38.8364295624, -84.6800757415 38.8373790669, -84.6793276166 38.8379063954, -84.6766361476 38.8398305615, -84.6741497818 38.8415972651, -84.6728913914 38.8425326289, -84.6716783799 38.8435073779, -84.6705713399 38.8444838972, -84.6695361435 38.8454673713, -84.6684979516 38.8465562432, -84.6675143577 38.8476785504, -84.6657351819 38.8498825627, -84.6648520774 38.8509472764, -84.6639642113 38.8519762459, -84.6623949011 38.8537027197, -84.6593790312 38.8569864917, -84.6587765551 38.8575897026, -84.6581587784 38.858158724, -84.6575709928 38.8586472931, -84.6569596636 38.8591128547, -84.6564552881 38.8594709391, -84.655886071 38.8598438022, -84.6551284391 38.860298953, -84.6542258367 38.8607958744, -84.6501839182 38.8629319028, -84.6427696936 38.8668651796, -84.6352805119 38.8708242033, -84.6330260239 38.8720156177, -84.6327928955 38.8721474251, -84.6325256523 38.872282207, -84.630869262 38.8731510706, -84.6296599432 38.8737923732, -84.6261281318 38.8756685149, -84.6257657008 38.8758699289, -84.6254564852 38.8760597625, -84.6251123462 38.8762819394, -84.6248132311 38.8764998726, -84.6244259991 38.8768056589, -84.6241758282 38.8770155403, -84.6240653664 38.8771174609, -84.6237058592 38.8774699085, -84.6235323031 38.8776541527, -84.6233678016 38.877843424, -84.623209917 38.8780363272, -84.6230586444 38.8782331365, -84.6229136388 38.8784335747, -84.6227770045 38.8786376608, -84.6226477081 38.8788442867, -84.6225275036 38.8790534693, -84.622313316 38.8794797705, -84.6222168822 38.879696316, -84.6221288347 38.8799156866, -84.6220533922 38.880137647, -84.6219951166 38.8803625161, -84.6219519098 38.8805897229, -84.6219227248 38.8808187107, -84.621910365 38.8810500534, -84.6219130735 38.8812837347, -84.6219291161 38.8815183662, -84.6219609474 38.8817542449, -84.6220096073 38.8819922039, -84.6220775735 38.8822311698, -84.6221637991 38.8824705827, -84.6222662205 38.8827076766, -84.6223838127 38.8829405213, -84.622517656 38.8831674785, -84.6226684564 38.883388281, -84.6228365795 38.8836021082, -84.6230216983 38.8838073089, -84.623222408 38.8840038708, -84.6234298778 38.884195004, -84.6244933477 38.885120711, -84.6246963083 38.8853085051, -84.6248854782 38.8855022096, -84.6250619197 38.8857012852, -84.6252217523 38.8859067928, -84.6253656731 38.8861190149, -84.6254919403 38.8863371115, -84.6256016056 38.8865610913, -84.6256929093 38.886791213, -84.6257647971 38.8870274671, -84.6258313447 38.8873367053, -84.6261476331 38.8897853658)"
"District 06","Boone","06-80405.00","I","71","I-71","MAJOR WIDENING(O)","71.8","77.7","Widen I-71 to six lanes in Boone County between KY 14 and the I-75 interchange. (2026CCN)","","2026","2026","R","NH","5000000","2030","","","","008-I-0071-000","LINESTRING (-84.6907162748 38.8292515815, -84.6895804535 38.8301246589, -84.6874764292 38.8317626978, -84.6847738793 38.8338511439, -84.6842607108 38.8342317829, -84.6837281143 38.8346443711, -84.6825439469 38.8355621043, -84.6813885703 38.8364295624, -84.6800757415 38.8373790669, -84.6793276166 38.8379063954, -84.6766361476 38.8398305615, -84.6741497818 38.8415972651, -84.6728913914 38.8425326289, -84.6716783799 38.8435073779, -84.6705713399 38.8444838972, -84.6695361435 38.8454673713, -84.6684979516 38.8465562432, -84.6675143577 38.8476785504, -84.6657351819 38.8498825627, -84.6648520774 38.8509472764, -84.6639642113 38.8519762459, -84.6623949011 38.8537027197, -84.6593790312 38.8569864917, -84.6587765551 38.8575897026, -84.6581587784 38.858158724, -84.6575709928 38.8586472931, -84.6569596636 38.8591128547, -84.6564552881 38.8594709391, -84.655886071 38.8598438022, -84.6551284391 38.860298953, -84.6542258367 38.8607958744, -84.6501839182 38.8629319028, -84.6427696936 38.8668651796, -84.6352805119 38.8708242033, -84.6330260239 38.8720156177, -84.6327928955 38.8721474251, -84.6325256523 38.872282207, -84.630869262 38.8731510706, -84.6296599432 38.8737923732, -84.6261281318 38.8756685149, -84.6257657008 38.8758699289, -84.6254564852 38.8760597625, -84.6251123462 38.8762819394, -84.6248132311 38.8764998726, -84.6244259991 38.8768056589, -84.6241758282 38.8770155403, -84.6240653664 38.8771174609, -84.6237058592 38.8774699085, -84.6235323031 38.8776541527, -84.6233678016 38.877843424, -84.623209917 38.8780363272, -84.6230586444 38.8782331365, -84.6229136388 38.8784335747, -84.6227770045 38.8786376608, -84.6226477081 38.8788442867, -84.6225275036 38.8790534693, -84.622313316 38.8794797705, -84.6222168822 38.879696316, -84.6221288347 38.8799156866, -84.6220533922 38.880137647, -84.6219951166 38.8803625161, -84.6219519098 38.8805897229, -84.6219227248 38.8808187107, -84.621910365 38.8810500534, -84.6219130735 38.8812837347, -84.6219291161 38.8815183662, -84.6219609474 38.8817542449, -84.6220096073 38.8819922039, -84.6220775735 38.8822311698, -84.6221637991 38.8824705827, -84.6222662205 38.8827076766, -84.6223838127 38.8829405213, -84.622517656 38.8831674785, -84.6226684564 38.883388281, -84.6228365795 38.8836021082, -84.6230216983 38.8838073089, -84.623222408 38.8840038708, -84.6234298778 38.884195004, -84.6244933477 38.885120711, -84.6246963083 38.8853085051, -84.6248854782 38.8855022096, -84.6250619197 38.8857012852, -84.6252217523 38.8859067928, -84.6253656731 38.8861190149, -84.6254919403 38.8863371115, -84.6256016056 38.8865610913, -84.6256929093 38.886791213, -84.6257647971 38.8870274671, -84.6258313447 38.8873367053, -84.6261476331 38.8897853658)"
"District 06","Boone","06-80405.00","I","71","I-71","MAJOR WIDENING(O)","71.8","77.7","Widen I-71 to six lanes in Boone County between KY 14 and the I-75 interchange. (2026CCN)","","2026","2026","C","NH","165000000","2032","","","","008-I-0071-000","LINESTRING (-84.6907162748 38.8292515815, -84.6895804535 38.8301246589, -84.6874764292 38.8317626978, -84.6847738793 38.8338511439, -84.6842607108 38.8342317829, -84.6837281143 38.8346443711, -84.6825439469 38.8355621043, -84.6813885703 38.8364295624, -84.6800757415 38.8373790669, -84.6793276166 38.8379063954, -84.6766361476 38.8398305615, -84.6741497818 38.8415972651, -84.6728913914 38.8425326289, -84.6716783799 38.8435073779, -84.6705713399 38.8444838972, -84.6695361435 38.8454673713, -84.6684979516 38.8465562432, -84.6675143577 38.8476785504, -84.6657351819 38.8498825627, -84.6648520774 38.8509472764, -84.6639642113 38.8519762459, -84.6623949011 38.8537027197, -84.6593790312 38.8569864917, -84.6587765551 38.8575897026, -84.6581587784 38.858158724, -84.6575709928 38.8586472931, -84.6569596636 38.8591128547, -84.6564552881 38.8594709391, -84.655886071 38.8598438022, -84.6551284391 38.860298953, -84.6542258367 38.8607958744, -84.6501839182 38.8629319028, -84.6427696936 38.8668651796, -84.6352805119 38.8708242033, -84.6330260239 38.8720156177, -84.6327928955 38.8721474251, -84.6325256523 38.872282207, -84.630869262 38.8731510706, -84.6296599432 38.8737923732, -84.6261281318 38.8756685149, -84.6257657008 38.8758699289, -84.6254564852 38.8760597625, -84.6251123462 38.8762819394, -84.6248132311 38.8764998726, -84.6244259991 38.8768056589, -84.6241758282 38.8770155403, -84.6240653664 38.8771174609, -84.6237058592 38.8774699085, -84.6235323031 38.8776541527, -84.6233678016 38.877843424, -84.623209917 38.8780363272, -84.6230586444 38.8782331365, -84.6229136388 38.8784335747, -84.6227770045 38.8786376608, -84.6226477081 38.8788442867, -84.6225275036 38.8790534693, -84.622313316 38.8794797705, -84.6222168822 38.879696316, -84.6221288347 38.8799156866, -84.6220533922 38.880137647, -84.6219951166 38.8803625161, -84.6219519098 38.8805897229, -84.6219227248 38.8808187107, -84.621910365 38.8810500534, -84.6219130735 38.8812837347, -84.6219291161 38.8815183662, -84.6219609474 38.8817542449, -84.6220096073 38.8819922039, -84.6220775735 38.8822311698, -84.6221637991 38.8824705827, -84.6222662205 38.8827076766, -84.6223838127 38.8829405213, -84.622517656 38.8831674785, -84.6226684564 38.883388281, -84.6228365795 38.8836021082, -84.6230216983 38.8838073089, -84.623222408 38.8840038708, -84.6234298778 38.884195004, -84.6244933477 38.885120711, -84.6246963083 38.8853085051, -84.6248854782 38.8855022096, -84.6250619197 38.8857012852, -84.6252217523 38.8859067928, -84.6253656731 38.8861190149, -84.6254919403 38.8863371115, -84.6256016056 38.8865610913, -84.6256929093 38.886791213, -84.6257647971 38.8870274671, -84.6258313447 38.8873367053, -84.6261476331 38.8897853658)"
"District 06","Boone","06-80406.00","KY","14","KY-14","RECONSTRUCTION(O)","0.0","2.3","Reconstruct KY 14 (Verona Mudlick Rd) from I 71 to US 42. (2026CCN)","","2026","2026","R","SPP","8000000","2030","","","","008-KY-0014-000","LINESTRING (-84.7213797811 38.8448256099, -84.7202167417 38.8445171238, -84.7175973701 38.8438618861, -84.7173487041 38.8438188232, -84.7170589242 38.8437784252, -84.7164539839 38.8437048188, -84.7162017518 38.8436658419, -84.7154447031 38.8435241932, -84.7152536624 38.8434780572, -84.7148624112 38.8433640126, -84.7144945171 38.8432369903, -84.7139528056 38.8430378938, -84.7137724349 38.8429822374, -84.7135862606 38.8429397101, -84.7133995675 38.8429089838, -84.7132084326 38.8428944191, -84.7130111347 38.8428935281, -84.7103973388 38.842964412, -84.7100501911 38.8429836273, -84.7097042556 38.8430163054, -84.7082596238 38.8432066086, -84.7078285138 38.843253913, -84.7074409115 38.8432785334, -84.7072749112 38.8432740623, -84.7071129287 38.8432586435, -84.7069364056 38.8432288206, -84.7067191059 38.8431780471, -84.7063396556 38.8430745117, -84.705931665 38.8429537018, -84.7058361684 38.8429292539, -84.7057419492 38.8429136021, -84.7056360364 38.8429055372, -84.705432204 38.8429196774, -84.7044057067 38.8430855872, -84.7041961073 38.8431101092, -84.7040519815 38.8431225744, -84.7039058411 38.8431287061, -84.7037464324 38.8431297801, -84.703584068 38.8431165494, -84.7034310355 38.8430891232, -84.7032520139 38.843037856, -84.7029319075 38.8429095697, -84.7027715907 38.8428516017, -84.7026076094 38.84280431, -84.7024410847 38.8427630357, -84.7021010826 38.8427001941, -84.7019315286 38.8426742684, -84.701760075 38.8426584844, -84.7015864389 38.8426478987, -84.7014136985 38.8426483023, -84.7012421191 38.8426657401, -84.7010780484 38.8426980697, -84.700773355 38.8427678775, -84.7006246504 38.8427813963, -84.7004662568 38.8427607834, -84.7003299815 38.8427156537, -84.700205182 38.8426538761, -84.700091114 38.8425781895, -84.7000276286 38.8425251883, -84.6998817642 38.8423901897, -84.6995442376 38.8420580106, -84.6992832534 38.8418231532, -84.6987323275 38.8413655368, -84.698129073 38.8408852161, -84.6978217946 38.8406233135, -84.6976728267 38.8404849892, -84.6972474766 38.8400605979, -84.6971030419 38.83992451, -84.6969472957 38.8397938137, -84.6967872508 38.839669119, -84.6960881549 38.8391420888, -84.6953908089 38.8385917308, -84.6952218531 38.8384524035, -84.6950603011 38.8383109451, -84.6949055064 38.8381635052, -84.6947655464 38.8380098809, -84.6946411231 38.83785008, -84.6940715695 38.8370097998, -84.6939410731 38.8368331942, -84.6938128994 38.8366659456, -84.6934125775 38.8361890433, -84.693292336 38.8360317477, -84.6931833676 38.8358718072, -84.6926763983 38.8350754561, -84.6926185945 38.8349944943, -84.6925683432 38.8349254067, -84.6924429648 38.8347837156, -84.6923003168 38.8346468138, -84.6921439484 38.8345119865, -84.691979699 38.834388071, -84.6917940721 38.8342617705, -84.6916118071 38.834145658, -84.6914186507 38.8340302727, -84.6910345297 38.8338179155, -84.6906080033 38.8336007879, -84.6903827817 38.8334939029, -84.6901009662 38.8333681171, -84.6897351838 38.8332229142, -84.688322244 38.8326919608, -84.6858990159 38.8318016309, -84.6854995903 38.8316480556)"
"District 06","Boone","06-80406.00","KY","14","KY-14","RECONSTRUCTION(O)","0.0","2.3","Reconstruct KY 14 (Verona Mudlick Rd) from I 71 to US 42. (2026CCN)","","2026","2026","U","SPP","1250000","2031","","","","008-KY-0014-000","LINESTRING (-84.7213797811 38.8448256099, -84.7202167417 38.8445171238, -84.7175973701 38.8438618861, -84.7173487041 38.8438188232, -84.7170589242 38.8437784252, -84.7164539839 38.8437048188, -84.7162017518 38.8436658419, -84.7154447031 38.8435241932, -84.7152536624 38.8434780572, -84.7148624112 38.8433640126, -84.7144945171 38.8432369903, -84.7139528056 38.8430378938, -84.7137724349 38.8429822374, -84.7135862606 38.8429397101, -84.7133995675 38.8429089838, -84.7132084326 38.8428944191, -84.7130111347 38.8428935281, -84.7103973388 38.842964412, -84.7100501911 38.8429836273, -84.7097042556 38.8430163054, -84.7082596238 38.8432066086, -84.7078285138 38.843253913, -84.7074409115 38.8432785334, -84.7072749112 38.8432740623, -84.7071129287 38.8432586435, -84.7069364056 38.8432288206, -84.7067191059 38.8431780471, -84.7063396556 38.8430745117, -84.705931665 38.8429537018, -84.7058361684 38.8429292539, -84.7057419492 38.8429136021, -84.7056360364 38.8429055372, -84.705432204 38.8429196774, -84.7044057067 38.8430855872, -84.7041961073 38.8431101092, -84.7040519815 38.8431225744, -84.7039058411 38.8431287061, -84.7037464324 38.8431297801, -84.703584068 38.8431165494, -84.7034310355 38.8430891232, -84.7032520139 38.843037856, -84.7029319075 38.8429095697, -84.7027715907 38.8428516017, -84.7026076094 38.84280431, -84.7024410847 38.8427630357, -84.7021010826 38.8427001941, -84.7019315286 38.8426742684, -84.701760075 38.8426584844, -84.7015864389 38.8426478987, -84.7014136985 38.8426483023, -84.7012421191 38.8426657401, -84.7010780484 38.8426980697, -84.700773355 38.8427678775, -84.7006246504 38.8427813963, -84.7004662568 38.8427607834, -84.7003299815 38.8427156537, -84.700205182 38.8426538761, -84.700091114 38.8425781895, -84.7000276286 38.8425251883, -84.6998817642 38.8423901897, -84.6995442376 38.8420580106, -84.6992832534 38.8418231532, -84.6987323275 38.8413655368, -84.698129073 38.8408852161, -84.6978217946 38.8406233135, -84.6976728267 38.8404849892, -84.6972474766 38.8400605979, -84.6971030419 38.83992451, -84.6969472957 38.8397938137, -84.6967872508 38.839669119, -84.6960881549 38.8391420888, -84.6953908089 38.8385917308, -84.6952218531 38.8384524035, -84.6950603011 38.8383109451, -84.6949055064 38.8381635052, -84.6947655464 38.8380098809, -84.6946411231 38.83785008, -84.6940715695 38.8370097998, -84.6939410731 38.8368331942, -84.6938128994 38.8366659456, -84.6934125775 38.8361890433, -84.693292336 38.8360317477, -84.6931833676 38.8358718072, -84.6926763983 38.8350754561, -84.6926185945 38.8349944943, -84.6925683432 38.8349254067, -84.6924429648 38.8347837156, -84.6923003168 38.8346468138, -84.6921439484 38.8345119865, -84.691979699 38.834388071, -84.6917940721 38.8342617705, -84.6916118071 38.834145658, -84.6914186507 38.8340302727, -84.6910345297 38.8338179155, -84.6906080033 38.8336007879, -84.6903827817 38.8334939029, -84.6901009662 38.8333681171, -84.6897351838 38.8332229142, -84.688322244 38.8326919608, -84.6858990159 38.8318016309, -84.6854995903 38.8316480556)"
"District 06","Boone","06-80406.00","KY","14","KY-14","RECONSTRUCTION(O)","0.0","2.3","Reconstruct KY 14 (Verona Mudlick Rd) from I 71 to US 42. (2026CCN)","","2026","2026","P","SPP","250000","2029","","","","008-KY-0014-000","LINESTRING (-84.7213797811 38.8448256099, -84.7202167417 38.8445171238, -84.7175973701 38.8438618861, -84.7173487041 38.8438188232, -84.7170589242 38.8437784252, -84.7164539839 38.8437048188, -84.7162017518 38.8436658419, -84.7154447031 38.8435241932, -84.7152536624 38.8434780572, -84.7148624112 38.8433640126, -84.7144945171 38.8432369903, -84.7139528056 38.8430378938, -84.7137724349 38.8429822374, -84.7135862606 38.8429397101, -84.7133995675 38.8429089838, -84.7132084326 38.8428944191, -84.7130111347 38.8428935281, -84.7103973388 38.842964412, -84.7100501911 38.8429836273, -84.7097042556 38.8430163054, -84.7082596238 38.8432066086, -84.7078285138 38.843253913, -84.7074409115 38.8432785334, -84.7072749112 38.8432740623, -84.7071129287 38.8432586435, -84.7069364056 38.8432288206, -84.7067191059 38.8431780471, -84.7063396556 38.8430745117, -84.705931665 38.8429537018, -84.7058361684 38.8429292539, -84.7057419492 38.8429136021, -84.7056360364 38.8429055372, -84.705432204 38.8429196774, -84.7044057067 38.8430855872, -84.7041961073 38.8431101092, -84.7040519815 38.8431225744, -84.7039058411 38.8431287061, -84.7037464324 38.8431297801, -84.703584068 38.8431165494, -84.7034310355 38.8430891232, -84.7032520139 38.843037856, -84.7029319075 38.8429095697, -84.7027715907 38.8428516017, -84.7026076094 38.84280431, -84.7024410847 38.8427630357, -84.7021010826 38.8427001941, -84.7019315286 38.8426742684, -84.701760075 38.8426584844, -84.7015864389 38.8426478987, -84.7014136985 38.8426483023, -84.7012421191 38.8426657401, -84.7010780484 38.8426980697, -84.700773355 38.8427678775, -84.7006246504 38.8427813963, -84.7004662568 38.8427607834, -84.7003299815 38.8427156537, -84.700205182 38.8426538761, -84.700091114 38.8425781895, -84.7000276286 38.8425251883, -84.6998817642 38.8423901897, -84.6995442376 38.8420580106, -84.6992832534 38.8418231532, -84.6987323275 38.8413655368, -84.698129073 38.8408852161, -84.6978217946 38.8406233135, -84.6976728267 38.8404849892, -84.6972474766 38.8400605979, -84.6971030419 38.83992451, -84.6969472957 38.8397938137, -84.6967872508 38.839669119, -84.6960881549 38.8391420888, -84.6953908089 38.8385917308, -84.6952218531 38.8384524035, -84.6950603011 38.8383109451, -84.6949055064 38.8381635052, -84.6947655464 38.8380098809, -84.6946411231 38.83785008, -84.6940715695 38.8370097998, -84.6939410731 38.8368331942, -84.6938128994 38.8366659456, -84.6934125775 38.8361890433, -84.693292336 38.8360317477, -84.6931833676 38.8358718072, -84.6926763983 38.8350754561, -84.6926185945 38.8349944943, -84.6925683432 38.8349254067, -84.6924429648 38.8347837156, -84.6923003168 38.8346468138, -84.6921439484 38.8345119865, -84.691979699 38.834388071, -84.6917940721 38.8342617705, -84.6916118071 38.834145658, -84.6914186507 38.8340302727, -84.6910345297 38.8338179155, -84.6906080033 38.8336007879, -84.6903827817 38.8334939029, -84.6901009662 38.8333681171, -84.6897351838 38.8332229142, -84.688322244 38.8326919608, -84.6858990159 38.8318016309, -84.6854995903 38.8316480556)"
"District 06","Boone","06-80406.00","KY","14","KY-14","RECONSTRUCTION(O)","0.0","2.3","Reconstruct KY 14 (Verona Mudlick Rd) from I 71 to US 42. (2026CCN)","","2026","2026","D","SPP","3500000","2029","","","","008-KY-0014-000","LINESTRING (-84.7213797811 38.8448256099, -84.7202167417 38.8445171238, -84.7175973701 38.8438618861, -84.7173487041 38.8438188232, -84.7170589242 38.8437784252, -84.7164539839 38.8437048188, -84.7162017518 38.8436658419, -84.7154447031 38.8435241932, -84.7152536624 38.8434780572, -84.7148624112 38.8433640126, -84.7144945171 38.8432369903, -84.7139528056 38.8430378938, -84.7137724349 38.8429822374, -84.7135862606 38.8429397101, -84.7133995675 38.8429089838, -84.7132084326 38.8428944191, -84.7130111347 38.8428935281, -84.7103973388 38.842964412, -84.7100501911 38.8429836273, -84.7097042556 38.8430163054, -84.7082596238 38.8432066086, -84.7078285138 38.843253913, -84.7074409115 38.8432785334, -84.7072749112 38.8432740623, -84.7071129287 38.8432586435, -84.7069364056 38.8432288206, -84.7067191059 38.8431780471, -84.7063396556 38.8430745117, -84.705931665 38.8429537018, -84.7058361684 38.8429292539, -84.7057419492 38.8429136021, -84.7056360364 38.8429055372, -84.705432204 38.8429196774, -84.7044057067 38.8430855872, -84.7041961073 38.8431101092, -84.7040519815 38.8431225744, -84.7039058411 38.8431287061, -84.7037464324 38.8431297801, -84.703584068 38.8431165494, -84.7034310355 38.8430891232, -84.7032520139 38.843037856, -84.7029319075 38.8429095697, -84.7027715907 38.8428516017, -84.7026076094 38.84280431, -84.7024410847 38.8427630357, -84.7021010826 38.8427001941, -84.7019315286 38.8426742684, -84.701760075 38.8426584844, -84.7015864389 38.8426478987, -84.7014136985 38.8426483023, -84.7012421191 38.8426657401, -84.7010780484 38.8426980697, -84.700773355 38.8427678775, -84.7006246504 38.8427813963, -84.7004662568 38.8427607834, -84.7003299815 38.8427156537, -84.700205182 38.8426538761, -84.700091114 38.8425781895, -84.7000276286 38.8425251883, -84.6998817642 38.8423901897, -84.6995442376 38.8420580106, -84.6992832534 38.8418231532, -84.6987323275 38.8413655368, -84.698129073 38.8408852161, -84.6978217946 38.8406233135, -84.6976728267 38.8404849892, -84.6972474766 38.8400605979, -84.6971030419 38.83992451, -84.6969472957 38.8397938137, -84.6967872508 38.839669119, -84.6960881549 38.8391420888, -84.6953908089 38.8385917308, -84.6952218531 38.8384524035, -84.6950603011 38.8383109451, -84.6949055064 38.8381635052, -84.6947655464 38.8380098809, -84.6946411231 38.83785008, -84.6940715695 38.8370097998, -84.6939410731 38.8368331942, -84.6938128994 38.8366659456, -84.6934125775 38.8361890433, -84.693292336 38.8360317477, -84.6931833676 38.8358718072, -84.6926763983 38.8350754561, -84.6926185945 38.8349944943, -84.6925683432 38.8349254067, -84.6924429648 38.8347837156, -84.6923003168 38.8346468138, -84.6921439484 38.8345119865, -84.691979699 38.834388071, -84.6917940721 38.8342617705, -84.6916118071 38.834145658, -84.6914186507 38.8340302727, -84.6910345297 38.8338179155, -84.6906080033 38.8336007879, -84.6903827817 38.8334939029, -84.6901009662 38.8333681171, -84.6897351838 38.8332229142, -84.688322244 38.8326919608, -84.6858990159 38.8318016309, -84.6854995903 38.8316480556)"
"District 06","Boone","06-80406.00","KY","14","KY-14","RECONSTRUCTION(O)","0.0","2.3","Reconstruct KY 14 (Verona Mudlick Rd) from I 71 to US 42. (2026CCN)","","2026","2026","C","SPP","45000000","2032","","","","008-KY-0014-000","LINESTRING (-84.7213797811 38.8448256099, -84.7202167417 38.8445171238, -84.7175973701 38.8438618861, -84.7173487041 38.8438188232, -84.7170589242 38.8437784252, -84.7164539839 38.8437048188, -84.7162017518 38.8436658419, -84.7154447031 38.8435241932, -84.7152536624 38.8434780572, -84.7148624112 38.8433640126, -84.7144945171 38.8432369903, -84.7139528056 38.8430378938, -84.7137724349 38.8429822374, -84.7135862606 38.8429397101, -84.7133995675 38.8429089838, -84.7132084326 38.8428944191, -84.7130111347 38.8428935281, -84.7103973388 38.842964412, -84.7100501911 38.8429836273, -84.7097042556 38.8430163054, -84.7082596238 38.8432066086, -84.7078285138 38.843253913, -84.7074409115 38.8432785334, -84.7072749112 38.8432740623, -84.7071129287 38.8432586435, -84.7069364056 38.8432288206, -84.7067191059 38.8431780471, -84.7063396556 38.8430745117, -84.705931665 38.8429537018, -84.7058361684 38.8429292539, -84.7057419492 38.8429136021, -84.7056360364 38.8429055372, -84.705432204 38.8429196774, -84.7044057067 38.8430855872, -84.7041961073 38.8431101092, -84.7040519815 38.8431225744, -84.7039058411 38.8431287061, -84.7037464324 38.8431297801, -84.703584068 38.8431165494, -84.7034310355 38.8430891232, -84.7032520139 38.843037856, -84.7029319075 38.8429095697, -84.7027715907 38.8428516017, -84.7026076094 38.84280431, -84.7024410847 38.8427630357, -84.7021010826 38.8427001941, -84.7019315286 38.8426742684, -84.701760075 38.8426584844, -84.7015864389 38.8426478987, -84.7014136985 38.8426483023, -84.7012421191 38.8426657401, -84.7010780484 38.8426980697, -84.700773355 38.8427678775, -84.7006246504 38.8427813963, -84.7004662568 38.8427607834, -84.7003299815 38.8427156537, -84.700205182 38.8426538761, -84.700091114 38.8425781895, -84.7000276286 38.8425251883, -84.6998817642 38.8423901897, -84.6995442376 38.8420580106, -84.6992832534 38.8418231532, -84.6987323275 38.8413655368, -84.698129073 38.8408852161, -84.6978217946 38.8406233135, -84.6976728267 38.8404849892, -84.6972474766 38.8400605979, -84.6971030419 38.83992451, -84.6969472957 38.8397938137, -84.6967872508 38.839669119, -84.6960881549 38.8391420888, -84.6953908089 38.8385917308, -84.6952218531 38.8384524035, -84.6950603011 38.8383109451, -84.6949055064 38.8381635052, -84.6947655464 38.8380098809, -84.6946411231 38.83785008, -84.6940715695 38.8370097998, -84.6939410731 38.8368331942, -84.6938128994 38.8366659456, -84.6934125775 38.8361890433, -84.693292336 38.8360317477, -84.6931833676 38.8358718072, -84.6926763983 38.8350754561, -84.6926185945 38.8349944943, -84.6925683432 38.8349254067, -84.6924429648 38.8347837156, -84.6923003168 38.8346468138, -84.6921439484 38.8345119865, -84.691979699 38.834388071, -84.6917940721 38.8342617705, -84.6916118071 38.834145658, -84.6914186507 38.8340302727, -84.6910345297 38.8338179155, -84.6906080033 38.8336007879, -84.6903827817 38.8334939029, -84.6901009662 38.8333681171, -84.6897351838 38.8332229142, -84.688322244 38.8326919608, -84.6858990159 38.8318016309, -84.6854995903 38.8316480556)"
"District 06","Boone","06-80416.00","I","71","I-71","PLANNING-OKI(O)","69.89","77.724","Planning study to determine feasibility of charging fees for using added capacity on projects (ie a convenience lane) in Kentucky and specifically reviewing the addition of a convenience lane on Interstate I-71 from Boone County to Louisville. (2026CCN)","","2026","2026","P","SPP","250000","2029","","","","008-I-0071-000","MULTILINESTRING ((-85.1823284035 38.5752032551, -85.1821512114 38.5754094481, -85.1817800305 38.5758673342, -85.1814175308 38.5763329493, -85.1810609042 38.5768073776, -85.180541739 38.5775361182, -85.1800444585 38.5782830842, -85.1797232213 38.578792551, -85.1790992202 38.5798181597, -85.1762826581 38.5844934489), (-84.7160877586 38.8104750886, -84.715389382 38.8107987944, -84.7083620136 38.81396852, -84.7077688774 38.8142659168, -84.7071863884 38.8145793294, -84.7065612525 38.814954144, -84.7057849046 38.8154723316, -84.7048026095 38.8162303338, -84.704001118 38.8169583365, -84.7035333573 38.8174185347, -84.7025437489 38.8184136829, -84.7015567994 38.8193929205, -84.697144818 38.823814199, -84.6965080095 38.8244293821, -84.6962500508 38.8246950857, -84.6954594455 38.8254346585, -84.6949760929 38.8258732676, -84.6945680697 38.826223855, -84.6943587214 38.8264040435, -84.6937125961 38.8269320899, -84.6920085279 38.8282579933, -84.6911917268 38.8288861039, -84.6895804535 38.8301246589, -84.6874764292 38.8317626978, -84.6847738793 38.8338511439, -84.6842607108 38.8342317829, -84.6837281143 38.8346443711, -84.6825439469 38.8355621043, -84.6813885703 38.8364295624, -84.6800757415 38.8373790669, -84.6793276166 38.8379063954, -84.6766361476 38.8398305615, -84.6741497818 38.8415972651, -84.6728913914 38.8425326289, -84.6716783799 38.8435073779, -84.6705713399 38.8444838972, -84.6695361435 38.8454673713, -84.6684979516 38.8465562432, -84.6675143577 38.8476785504, -84.6657351819 38.8498825627, -84.6648520774 38.8509472764, -84.6639642113 38.8519762459, -84.6623949011 38.8537027197, -84.6593790312 38.8569864917, -84.6587765551 38.8575897026, -84.6581587784 38.858158724, -84.6575709928 38.8586472931, -84.6569596636 38.8591128547, -84.6564552881 38.8594709391, -84.655886071 38.8598438022, -84.6551284391 38.860298953, -84.6542258367 38.8607958744, -84.6501839182 38.8629319028, -84.6427696936 38.8668651796, -84.6352805119 38.8708242033, -84.6330260239 38.8720156177, -84.6327928955 38.8721474251, -84.6325256523 38.872282207, -84.630869262 38.8731510706, -84.6296599432 38.8737923732, -84.6261281318 38.8756685149, -84.6257657008 38.8758699289, -84.6254564852 38.8760597625, -84.6251123462 38.8762819394, -84.6248132311 38.8764998726, -84.6244259991 38.8768056589, -84.6241758282 38.8770155403, -84.6240653664 38.8771174609, -84.6237058592 38.8774699085, -84.6235323031 38.8776541527, -84.6233678016 38.877843424, -84.623209917 38.8780363272, -84.6230586444 38.8782331365, -84.6229136388 38.8784335747, -84.6227770045 38.8786376608, -84.6226477081 38.8788442867, -84.6225275036 38.8790534693, -84.622313316 38.8794797705, -84.6222168822 38.879696316, -84.6221288347 38.8799156866, -84.6220533922 38.880137647, -84.6219951166 38.8803625161, -84.6219519098 38.8805897229, -84.6219227248 38.8808187107, -84.621910365 38.8810500534, -84.6219130735 38.8812837347, -84.6219291161 38.8815183662, -84.6219609474 38.8817542449, -84.6220096073 38.8819922039, -84.6220775735 38.8822311698, -84.6221637991 38.8824705827, -84.6222662205 38.8827076766, -84.6223838127 38.8829405213, -84.622517656 38.8831674785, -84.6226684564 38.883388281, -84.6228365795 38.8836021082, -84.6230216983 38.8838073089, -84.623222408 38.8840038708, -84.6234298778 38.884195004, -84.6244933477 38.885120711, -84.6246963083 38.8853085051, -84.6248854782 38.8855022096, -84.6250619197 38.8857012852, -84.6252217523 38.8859067928, -84.6253656731 38.8861190149, -84.6254919403 38.8863371115, -84.6256016056 38.8865610913, -84.6256929093 38.886791213, -84.6257647971 38.8870274671, -84.6258313447 38.8873367053, -84.6261922873 38.8901310587))"
"District 06","Bracken","06-00355.22","KY","8","KY-8","FERRY OPERATION(P)","13.1","13.2","OPERATION OF AUGUSTA FERRY FOR FY 2027 THROUGH FY 2032.(12CCR)(14CCR) (2020CCR) (2024CCR)","","2014","2026","C","SPP","2227000","2027","","","","012-KY-0008-000","LINESTRING (-84.0079714917 38.7701469355, -84.0075177501 38.770264324, -84.0069189551 38.7704120959, -84.0063939464 38.7705252444, -84.0061984948 38.7705622583)"
"District 06","Bracken","06-80103.00","KY","8","KY-8","RECONSTRUCTION(O)","9.666","12.717","RECONSTRUCT KY 8 FROM WRANGLING RUN RD TO OLD KY 19. (2020CCN) (2022CCR) (2024CCR)","","2020","2026","D","SPP","4550000","2029","","","","012-KY-0008-000","LINESTRING (-84.0709494224 38.765929242, -84.0707329862 38.7658844524, -84.0705128346 38.7658486727, -84.0702715579 38.7658164389, -84.0700292513 38.76579847, -84.0697793726 38.7657894555, -84.0695316651 38.7657928283, -84.0692815817 38.7658079749, -84.0685183346 38.7658999124, -84.0677532511 38.7660258688, -84.0672404166 38.766103483, -84.066981161 38.7661360698, -84.0665887323 38.766163755, -84.0661933046 38.7661845316, -84.0642571114 38.7662164772, -84.0633243244 38.7662222279, -84.0623055951 38.7662435057, -84.0584627463 38.7663035396, -84.0574759091 38.7663106749, -84.0568642736 38.766307205, -84.0557727915 38.7662741202, -84.0552628983 38.7662545137, -84.0529322932 38.7661419898, -84.0520336144 38.7661138132, -84.0513856939 38.7661021086, -84.0505569136 38.7660999054, -84.0491929755 38.766123838, -84.0486499513 38.7661413506, -84.0479564562 38.7661737394, -84.0462177221 38.7662658791, -84.0451410881 38.7663331403, -84.0414585698 38.7665253572, -84.0406666487 38.7665815556, -84.0399370793 38.7666262865, -84.0381545392 38.7667456902, -84.0377978734 38.7667732452, -84.0374428267 38.7668065889, -84.0367302411 38.7668597822, -84.03568893 38.7669455903, -84.0326356617 38.7671655323, -84.0322552868 38.7672017915, -84.0316915104 38.7672658861, -84.0301454646 38.7674102737, -84.0287788466 38.7674421727, -84.0279112707 38.7674035529, -84.027581367 38.7673817599, -84.0272509638 38.767366275, -84.0269204767 38.7673543579, -84.0266660727 38.7673586431, -84.0257691137 38.7674058102, -84.0254458431 38.767429967, -84.0249816276 38.7674811915, -84.0245377754 38.7675464394, -84.0242859047 38.7675919473, -84.0239313615 38.76766288, -84.0226411846 38.7679476298, -84.0223187874 38.7680088626, -84.0216709243 38.7681274379, -84.0210208063 38.7682374633, -84.0203680903 38.7683386592, -84.0200404362 38.7683847072, -84.0197764184 38.7684097087, -84.0195104831 38.768441547, -84.0189716085 38.7684900166, -84.0178849932 38.7685761096, -84.0160051681 38.7686967898, -84.0147835673 38.7687800676)"
"District 06","Bracken","06-80103.00","KY","8","KY-8","RECONSTRUCTION(O)","9.666","12.717","RECONSTRUCT KY 8 FROM WRANGLING RUN RD TO OLD KY 19. (2020CCN) (2022CCR) (2024CCR)","","2020","2026","U","SPP","3050000","2030","","","","012-KY-0008-000","LINESTRING (-84.0709494224 38.765929242, -84.0707329862 38.7658844524, -84.0705128346 38.7658486727, -84.0702715579 38.7658164389, -84.0700292513 38.76579847, -84.0697793726 38.7657894555, -84.0695316651 38.7657928283, -84.0692815817 38.7658079749, -84.0685183346 38.7658999124, -84.0677532511 38.7660258688, -84.0672404166 38.766103483, -84.066981161 38.7661360698, -84.0665887323 38.766163755, -84.0661933046 38.7661845316, -84.0642571114 38.7662164772, -84.0633243244 38.7662222279, -84.0623055951 38.7662435057, -84.0584627463 38.7663035396, -84.0574759091 38.7663106749, -84.0568642736 38.766307205, -84.0557727915 38.7662741202, -84.0552628983 38.7662545137, -84.0529322932 38.7661419898, -84.0520336144 38.7661138132, -84.0513856939 38.7661021086, -84.0505569136 38.7660999054, -84.0491929755 38.766123838, -84.0486499513 38.7661413506, -84.0479564562 38.7661737394, -84.0462177221 38.7662658791, -84.0451410881 38.7663331403, -84.0414585698 38.7665253572, -84.0406666487 38.7665815556, -84.0399370793 38.7666262865, -84.0381545392 38.7667456902, -84.0377978734 38.7667732452, -84.0374428267 38.7668065889, -84.0367302411 38.7668597822, -84.03568893 38.7669455903, -84.0326356617 38.7671655323, -84.0322552868 38.7672017915, -84.0316915104 38.7672658861, -84.0301454646 38.7674102737, -84.0287788466 38.7674421727, -84.0279112707 38.7674035529, -84.027581367 38.7673817599, -84.0272509638 38.767366275, -84.0269204767 38.7673543579, -84.0266660727 38.7673586431, -84.0257691137 38.7674058102, -84.0254458431 38.767429967, -84.0249816276 38.7674811915, -84.0245377754 38.7675464394, -84.0242859047 38.7675919473, -84.0239313615 38.76766288, -84.0226411846 38.7679476298, -84.0223187874 38.7680088626, -84.0216709243 38.7681274379, -84.0210208063 38.7682374633, -84.0203680903 38.7683386592, -84.0200404362 38.7683847072, -84.0197764184 38.7684097087, -84.0195104831 38.768441547, -84.0189716085 38.7684900166, -84.0178849932 38.7685761096, -84.0160051681 38.7686967898, -84.0147835673 38.7687800676)"
"District 06","Bracken","06-80103.00","KY","8","KY-8","RECONSTRUCTION(O)","9.666","12.717","RECONSTRUCT KY 8 FROM WRANGLING RUN RD TO OLD KY 19. (2020CCN) (2022CCR) (2024CCR)","","2020","2026","R","SPP","5350000","2030","","","","012-KY-0008-000","LINESTRING (-84.0709494224 38.765929242, -84.0707329862 38.7658844524, -84.0705128346 38.7658486727, -84.0702715579 38.7658164389, -84.0700292513 38.76579847, -84.0697793726 38.7657894555, -84.0695316651 38.7657928283, -84.0692815817 38.7658079749, -84.0685183346 38.7658999124, -84.0677532511 38.7660258688, -84.0672404166 38.766103483, -84.066981161 38.7661360698, -84.0665887323 38.766163755, -84.0661933046 38.7661845316, -84.0642571114 38.7662164772, -84.0633243244 38.7662222279, -84.0623055951 38.7662435057, -84.0584627463 38.7663035396, -84.0574759091 38.7663106749, -84.0568642736 38.766307205, -84.0557727915 38.7662741202, -84.0552628983 38.7662545137, -84.0529322932 38.7661419898, -84.0520336144 38.7661138132, -84.0513856939 38.7661021086, -84.0505569136 38.7660999054, -84.0491929755 38.766123838, -84.0486499513 38.7661413506, -84.0479564562 38.7661737394, -84.0462177221 38.7662658791, -84.0451410881 38.7663331403, -84.0414585698 38.7665253572, -84.0406666487 38.7665815556, -84.0399370793 38.7666262865, -84.0381545392 38.7667456902, -84.0377978734 38.7667732452, -84.0374428267 38.7668065889, -84.0367302411 38.7668597822, -84.03568893 38.7669455903, -84.0326356617 38.7671655323, -84.0322552868 38.7672017915, -84.0316915104 38.7672658861, -84.0301454646 38.7674102737, -84.0287788466 38.7674421727, -84.0279112707 38.7674035529, -84.027581367 38.7673817599, -84.0272509638 38.767366275, -84.0269204767 38.7673543579, -84.0266660727 38.7673586431, -84.0257691137 38.7674058102, -84.0254458431 38.767429967, -84.0249816276 38.7674811915, -84.0245377754 38.7675464394, -84.0242859047 38.7675919473, -84.0239313615 38.76766288, -84.0226411846 38.7679476298, -84.0223187874 38.7680088626, -84.0216709243 38.7681274379, -84.0210208063 38.7682374633, -84.0203680903 38.7683386592, -84.0200404362 38.7683847072, -84.0197764184 38.7684097087, -84.0195104831 38.768441547, -84.0189716085 38.7684900166, -84.0178849932 38.7685761096, -84.0160051681 38.7686967898, -84.0147835673 38.7687800676)"
"District 06","Bracken","06-80103.00","KY","8","KY-8","RECONSTRUCTION(O)","9.666","12.717","RECONSTRUCT KY 8 FROM WRANGLING RUN RD TO OLD KY 19. (2020CCN) (2022CCR) (2024CCR)","","2020","2026","C","SPP","31633000","2031","","","","012-KY-0008-000","LINESTRING (-84.0709494224 38.765929242, -84.0707329862 38.7658844524, -84.0705128346 38.7658486727, -84.0702715579 38.7658164389, -84.0700292513 38.76579847, -84.0697793726 38.7657894555, -84.0695316651 38.7657928283, -84.0692815817 38.7658079749, -84.0685183346 38.7658999124, -84.0677532511 38.7660258688, -84.0672404166 38.766103483, -84.066981161 38.7661360698, -84.0665887323 38.766163755, -84.0661933046 38.7661845316, -84.0642571114 38.7662164772, -84.0633243244 38.7662222279, -84.0623055951 38.7662435057, -84.0584627463 38.7663035396, -84.0574759091 38.7663106749, -84.0568642736 38.766307205, -84.0557727915 38.7662741202, -84.0552628983 38.7662545137, -84.0529322932 38.7661419898, -84.0520336144 38.7661138132, -84.0513856939 38.7661021086, -84.0505569136 38.7660999054, -84.0491929755 38.766123838, -84.0486499513 38.7661413506, -84.0479564562 38.7661737394, -84.0462177221 38.7662658791, -84.0451410881 38.7663331403, -84.0414585698 38.7665253572, -84.0406666487 38.7665815556, -84.0399370793 38.7666262865, -84.0381545392 38.7667456902, -84.0377978734 38.7667732452, -84.0374428267 38.7668065889, -84.0367302411 38.7668597822, -84.03568893 38.7669455903, -84.0326356617 38.7671655323, -84.0322552868 38.7672017915, -84.0316915104 38.7672658861, -84.0301454646 38.7674102737, -84.0287788466 38.7674421727, -84.0279112707 38.7674035529, -84.027581367 38.7673817599, -84.0272509638 38.767366275, -84.0269204767 38.7673543579, -84.0266660727 38.7673586431, -84.0257691137 38.7674058102, -84.0254458431 38.767429967, -84.0249816276 38.7674811915, -84.0245377754 38.7675464394, -84.0242859047 38.7675919473, -84.0239313615 38.76766288, -84.0226411846 38.7679476298, -84.0223187874 38.7680088626, -84.0216709243 38.7681274379, -84.0210208063 38.7682374633, -84.0203680903 38.7683386592, -84.0200404362 38.7683847072, -84.0197764184 38.7684097087, -84.0195104831 38.768441547, -84.0189716085 38.7684900166, -84.0178849932 38.7685761096, -84.0160051681 38.7686967898, -84.0147835673 38.7687800676)"
"District 06","Bracken","06-80250.00","KY","9","KY-9","AIR QUALITY(P)","13.4","13.7","IMPROVE SAFETY AND MOBILITY AT THE INTERSECTION OF KY 9 (AA HIGHWAY) AND KY 1019 (LENNOXBURG FOSTER ROAD). (2022CCN) (2024CCR)","","2022","2026","D","SPP","140000","2029","","","","012-KY-0009-000","LINESTRING (-84.1475963781 38.7571881697, -84.1480716057 38.7574126341, -84.1481184352 38.757468184, -84.1486405389 38.7577286588, -84.1498959523 38.7583265797, -84.1505053158 38.7585906887, -84.150903089 38.758747882, -84.1514804547 38.7589519679, -84.1520301216 38.7591238262, -84.1525847646 38.7592787497)"
"District 06","Bracken","06-80250.00","KY","9","KY-9","AIR QUALITY(P)","13.4","13.7","IMPROVE SAFETY AND MOBILITY AT THE INTERSECTION OF KY 9 (AA HIGHWAY) AND KY 1019 (LENNOXBURG FOSTER ROAD). (2022CCN) (2024CCR)","","2022","2026","U","SPP","120000","2031","","","","012-KY-0009-000","LINESTRING (-84.1475963781 38.7571881697, -84.1480716057 38.7574126341, -84.1481184352 38.757468184, -84.1486405389 38.7577286588, -84.1498959523 38.7583265797, -84.1505053158 38.7585906887, -84.150903089 38.758747882, -84.1514804547 38.7589519679, -84.1520301216 38.7591238262, -84.1525847646 38.7592787497)"
"District 06","Bracken","06-80250.00","KY","9","KY-9","AIR QUALITY(P)","13.4","13.7","IMPROVE SAFETY AND MOBILITY AT THE INTERSECTION OF KY 9 (AA HIGHWAY) AND KY 1019 (LENNOXBURG FOSTER ROAD). (2022CCN) (2024CCR)","","2022","2026","R","SPP","20000","2030","","","","012-KY-0009-000","LINESTRING (-84.1475963781 38.7571881697, -84.1480716057 38.7574126341, -84.1481184352 38.757468184, -84.1486405389 38.7577286588, -84.1498959523 38.7583265797, -84.1505053158 38.7585906887, -84.150903089 38.758747882, -84.1514804547 38.7589519679, -84.1520301216 38.7591238262, -84.1525847646 38.7592787497)"
"District 06","Bracken","06-80413.00","KY","8","KY-8","SAFETY(P)","1.19","2.78","Improve safety and mobility along KY 8 (Mary Ingles Highway) from KY 2228 (Foster Road) to milepoint 2.78. (MP 1.19 to 2.78) (2026CCN)","","2026","2026","R","SPP","1500000","2030","","","","012-KY-0008-000","LINESTRING (-84.2171137739 38.803605434, -84.2161929762 38.8027522404, -84.2160071988 38.8025919587, -84.2158145593 38.8024409257, -84.2156133224 38.8022982941, -84.2154028146 38.8021626815, -84.2151844459 38.8020338333, -84.2149582096 38.8019120219, -84.2147254522 38.8018000116, -84.2144844235 38.8016975053, -84.21438902 38.8016619526, -84.2142354751 38.8016045078, -84.2136173858 38.8013938959, -84.2127757734 38.8011164185, -84.2113377971 38.8006472648, -84.2092710803 38.7999588076, -84.207134547 38.7992548571, -84.206050636 38.7989049991, -84.2049754458 38.798541514, -84.2036366931 38.7980974406, -84.1996462533 38.7967931969, -84.1970852682 38.7959435004, -84.1946004994 38.7951260456, -84.1936091594 38.7948011699, -84.1931117964 38.7946441982, -84.1921048765 38.7943100438, -84.1915810899 38.7941420114, -84.1910360009 38.79398578, -84.1907564433 38.7939156724, -84.1907384595 38.7939118032)"
"District 06","Bracken","06-80413.00","KY","8","KY-8","SAFETY(P)","1.19","2.78","Improve safety and mobility along KY 8 (Mary Ingles Highway) from KY 2228 (Foster Road) to milepoint 2.78. (MP 1.19 to 2.78) (2026CCN)","","2026","2026","C","SPP","25000000","2031","","","","012-KY-0008-000","LINESTRING (-84.2171137739 38.803605434, -84.2161929762 38.8027522404, -84.2160071988 38.8025919587, -84.2158145593 38.8024409257, -84.2156133224 38.8022982941, -84.2154028146 38.8021626815, -84.2151844459 38.8020338333, -84.2149582096 38.8019120219, -84.2147254522 38.8018000116, -84.2144844235 38.8016975053, -84.21438902 38.8016619526, -84.2142354751 38.8016045078, -84.2136173858 38.8013938959, -84.2127757734 38.8011164185, -84.2113377971 38.8006472648, -84.2092710803 38.7999588076, -84.207134547 38.7992548571, -84.206050636 38.7989049991, -84.2049754458 38.798541514, -84.2036366931 38.7980974406, -84.1996462533 38.7967931969, -84.1970852682 38.7959435004, -84.1946004994 38.7951260456, -84.1936091594 38.7948011699, -84.1931117964 38.7946441982, -84.1921048765 38.7943100438, -84.1915810899 38.7941420114, -84.1910360009 38.79398578, -84.1907564433 38.7939156724, -84.1907384595 38.7939118032)"
"District 06","Bracken","06-80413.00","KY","8","KY-8","SAFETY(P)","1.19","2.78","Improve safety and mobility along KY 8 (Mary Ingles Highway) from KY 2228 (Foster Road) to milepoint 2.78. (MP 1.19 to 2.78) (2026CCN)","","2026","2026","U","SPP","1000000","2030","","","","012-KY-0008-000","LINESTRING (-84.2171137739 38.803605434, -84.2161929762 38.8027522404, -84.2160071988 38.8025919587, -84.2158145593 38.8024409257, -84.2156133224 38.8022982941, -84.2154028146 38.8021626815, -84.2151844459 38.8020338333, -84.2149582096 38.8019120219, -84.2147254522 38.8018000116, -84.2144844235 38.8016975053, -84.21438902 38.8016619526, -84.2142354751 38.8016045078, -84.2136173858 38.8013938959, -84.2127757734 38.8011164185, -84.2113377971 38.8006472648, -84.2092710803 38.7999588076, -84.207134547 38.7992548571, -84.206050636 38.7989049991, -84.2049754458 38.798541514, -84.2036366931 38.7980974406, -84.1996462533 38.7967931969, -84.1970852682 38.7959435004, -84.1946004994 38.7951260456, -84.1936091594 38.7948011699, -84.1931117964 38.7946441982, -84.1921048765 38.7943100438, -84.1915810899 38.7941420114, -84.1910360009 38.79398578, -84.1907564433 38.7939156724, -84.1907384595 38.7939118032)"
"District 06","Bracken","06-80413.00","KY","8","KY-8","SAFETY(P)","1.19","2.78","Improve safety and mobility along KY 8 (Mary Ingles Highway) from KY 2228 (Foster Road) to milepoint 2.78. (MP 1.19 to 2.78) (2026CCN)","","2026","2026","D","SPP","3000000","2029","","","","012-KY-0008-000","LINESTRING (-84.2171137739 38.803605434, -84.2161929762 38.8027522404, -84.2160071988 38.8025919587, -84.2158145593 38.8024409257, -84.2156133224 38.8022982941, -84.2154028146 38.8021626815, -84.2151844459 38.8020338333, -84.2149582096 38.8019120219, -84.2147254522 38.8018000116, -84.2144844235 38.8016975053, -84.21438902 38.8016619526, -84.2142354751 38.8016045078, -84.2136173858 38.8013938959, -84.2127757734 38.8011164185, -84.2113377971 38.8006472648, -84.2092710803 38.7999588076, -84.207134547 38.7992548571, -84.206050636 38.7989049991, -84.2049754458 38.798541514, -84.2036366931 38.7980974406, -84.1996462533 38.7967931969, -84.1970852682 38.7959435004, -84.1946004994 38.7951260456, -84.1936091594 38.7948011699, -84.1931117964 38.7946441982, -84.1921048765 38.7943100438, -84.1915810899 38.7941420114, -84.1910360009 38.79398578, -84.1907564433 38.7939156724, -84.1907384595 38.7939118032)"
"District 06","Bracken","06-80414.00","KY","8","KY-8","SAFETY(P)","2.78","3.6","Improve safety and mobility along KY 8 (Mary Ingles Highway) from milepoint 2.78 to Willow Creek Road. (MP 2.78 to 3.597) (2026CCN)","","2026","2026","R","SPP","1000000","2030","","","","012-KY-0008-000","LINESTRING (-84.1907384595 38.7939118032, -84.189911203 38.7937338175, -84.1885385115 38.7934904061, -84.1880006958 38.7933883516, -84.1877349524 38.7933288526, -84.1869492437 38.7931202969, -84.1864238562 38.79296238, -84.1856362924 38.79269338, -84.1840836671 38.7921540124, -84.1822658349 38.79154798, -84.1809626996 38.7911403615, -84.1785939938 38.7904396992, -84.1771376235 38.7899970678, -84.1766048197 38.7898434028, -84.1765536235 38.7898292524)"
"District 06","Bracken","06-80414.00","KY","8","KY-8","SAFETY(P)","2.78","3.6","Improve safety and mobility along KY 8 (Mary Ingles Highway) from milepoint 2.78 to Willow Creek Road. (MP 2.78 to 3.597) (2026CCN)","","2026","2026","U","SPP","500000","2031","","","","012-KY-0008-000","LINESTRING (-84.1907384595 38.7939118032, -84.189911203 38.7937338175, -84.1885385115 38.7934904061, -84.1880006958 38.7933883516, -84.1877349524 38.7933288526, -84.1869492437 38.7931202969, -84.1864238562 38.79296238, -84.1856362924 38.79269338, -84.1840836671 38.7921540124, -84.1822658349 38.79154798, -84.1809626996 38.7911403615, -84.1785939938 38.7904396992, -84.1771376235 38.7899970678, -84.1766048197 38.7898434028, -84.1765536235 38.7898292524)"
"District 06","Bracken","06-80414.00","KY","8","KY-8","SAFETY(P)","2.78","3.6","Improve safety and mobility along KY 8 (Mary Ingles Highway) from milepoint 2.78 to Willow Creek Road. (MP 2.78 to 3.597) (2026CCN)","","2026","2026","D","SPP","2000000","2029","","","","012-KY-0008-000","LINESTRING (-84.1907384595 38.7939118032, -84.189911203 38.7937338175, -84.1885385115 38.7934904061, -84.1880006958 38.7933883516, -84.1877349524 38.7933288526, -84.1869492437 38.7931202969, -84.1864238562 38.79296238, -84.1856362924 38.79269338, -84.1840836671 38.7921540124, -84.1822658349 38.79154798, -84.1809626996 38.7911403615, -84.1785939938 38.7904396992, -84.1771376235 38.7899970678, -84.1766048197 38.7898434028, -84.1765536235 38.7898292524)"
"District 06","Bracken","06-80414.00","KY","8","KY-8","SAFETY(P)","2.78","3.6","Improve safety and mobility along KY 8 (Mary Ingles Highway) from milepoint 2.78 to Willow Creek Road. (MP 2.78 to 3.597) (2026CCN)","","2026","2026","C","SPP","13000000","2032","","","","012-KY-0008-000","LINESTRING (-84.1907384595 38.7939118032, -84.189911203 38.7937338175, -84.1885385115 38.7934904061, -84.1880006958 38.7933883516, -84.1877349524 38.7933288526, -84.1869492437 38.7931202969, -84.1864238562 38.79296238, -84.1856362924 38.79269338, -84.1840836671 38.7921540124, -84.1822658349 38.79154798, -84.1809626996 38.7911403615, -84.1785939938 38.7904396992, -84.1771376235 38.7899970678, -84.1766048197 38.7898434028, -84.1765536235 38.7898292524)"
"District 06","Bracken","06-80415.00","KY","10","KY-10","SAFETY(P)","16.5","18.7","Improvements to KY 10 from Brooksville to Germantown (Delaney Subdivision Road to Hillsdale Road ) to address the safety issue as well as the geometric deficiencies along the roadway (MP 16.5 to 18.7) (2026CCN)","","2026","2026","R","SPP","1500000","2031","","","","012-KY-0010-000","LINESTRING (-84.0259991918 38.6665618048, -84.0258152305 38.666650753, -84.0256314081 38.6667516217, -84.0255334698 38.6668051263, -84.0253061623 38.6669081106, -84.0252251927 38.6669401662, -84.0250565598 38.6669909983, -84.0248807352 38.6670200312, -84.0247905622 38.6670264132, -84.0246024804 38.6670256094, -84.0239793621 38.6669797758, -84.0229742053 38.6669437738, -84.0222877487 38.6668953643, -84.0220636983 38.6668750859, -84.0218418453 38.6668507188, -84.0216246878 38.6668203784, -84.0214115121 38.6667846022, -84.0207041914 38.6666556923, -84.0204155384 38.6665973976, -84.0202298847 38.6665532317, -84.0200556693 38.6664993454, -84.0198957789 38.666432211, -84.0198231212 38.6663940811, -84.0197523517 38.6663502116, -84.0196726487 38.6662842426, -84.0195343276 38.6661344866, -84.0194371327 38.6659935663, -84.0189495394 38.6652241303, -84.0187983673 38.6650107492, -84.0186920834 38.6648839764, -84.0186086731 38.6647970813, -84.0185128467 38.6647168713, -84.0184315886 38.6646574694, -84.0183043904 38.6645855905, -84.0181698655 38.6645273363, -84.0180512772 38.6644912831, -84.0179397035 38.6644696124, -84.0177694423 38.6644561496, -84.0173269075 38.6644326811, -84.0166102144 38.6643901141, -84.0161693021 38.6643721581, -84.0159430604 38.6643707838, -84.0156527541 38.6643827562, -84.014680203 38.6644652461, -84.0144383211 38.6644735282, -84.014195318 38.6644699843, -84.0137112017 38.6644423261, -84.0119548155 38.664315354, -84.0112996122 38.6642648657, -84.0110903578 38.6642414868, -84.0108866219 38.6642069285, -84.0107880522 38.6641835185, -84.0105957469 38.6641249598, -84.0105016927 38.664088434, -84.0103214832 38.6640072585, -84.0096145546 38.6636429369, -84.0094236044 38.663556934, -84.00922002 38.6634866744, -84.0090065525 38.663434395, -84.0087887818 38.663401, -84.0085720531 38.6633827249, -84.0083592511 38.6633760414, -84.0077201798 38.663383988, -84.0072732577 38.6633980422, -84.0070416725 38.6634152471, -84.0068076403 38.6634469706, -84.006576776 38.6634927458, -84.0057754759 38.6636792811, -84.0051928715 38.6638014616, -84.0049594128 38.6638384072, -84.0047230187 38.6638662473, -84.0044838009 38.6638803156, -84.0042077822 38.6638806613, -84.0037666597 38.6638717173, -84.0035310877 38.663879795, -84.0033003874 38.6639038714, -84.0031864482 38.6639227957, -84.0030745388 38.6639447705, -84.0028524324 38.6640049479, -84.0026378879 38.6640858322, -84.0024345247 38.6641825331, -84.0022431133 38.6642920426, -84.0021544843 38.6643511576, -84.0020689733 38.6644116912, -84.0019162922 38.664542091, -84.0017847532 38.6646818633, -84.0014340043 38.6651268141, -84.0010463985 38.6655602377, -84.0009352127 38.6657129407, -84.0007539749 38.6660266409, -84.0006481324 38.666175577, -84.0004132047 38.6664786011, -84.0002471882 38.6667268894, -83.9999972853 38.6671579396, -83.9999178295 38.6673311561, -83.999840894 38.6675162168, -83.9997991286 38.6676806495, -83.9997699276 38.6678762998, -83.999585387 38.6694109123, -83.9995695453 38.6695166829, -83.9995600816 38.6695462024, -83.9995389282 38.6696104277, -83.9995147589 38.6696542853, -83.9994485014 38.6697296559, -83.9994103559 38.6697573814, -83.9993570815 38.6697879043, -83.9992535618 38.6698248282, -83.9991881337 38.6698362237, -83.999126385 38.6698402583, -83.9990503643 38.6698405131, -83.9989004169 38.6698267736, -83.9978295602 38.6696805688, -83.9968477065 38.669548024, -83.9962878425 38.6694788101, -83.9958829816 38.669431651, -83.9955352803 38.6693965928, -83.9952751944 38.6693743588, -83.9945841737 38.6693259972, -83.9943258538 38.6693032383, -83.9939831998 38.669262208, -83.9937262922 38.6692243647, -83.9932239404 38.6691381346, -83.9929837485 38.6690898256, -83.9927576898 38.6690365078, -83.9925500902 38.668973026, -83.9924574063 38.6689378788, -83.9924118278 38.6689177075)"
"District 06","Bracken","06-80415.00","KY","10","KY-10","SAFETY(P)","16.5","18.7","Improvements to KY 10 from Brooksville to Germantown (Delaney Subdivision Road to Hillsdale Road ) to address the safety issue as well as the geometric deficiencies along the roadway (MP 16.5 to 18.7) (2026CCN)","","2026","2026","D","SPP","2000000","2030","","","","012-KY-0010-000","LINESTRING (-84.0259991918 38.6665618048, -84.0258152305 38.666650753, -84.0256314081 38.6667516217, -84.0255334698 38.6668051263, -84.0253061623 38.6669081106, -84.0252251927 38.6669401662, -84.0250565598 38.6669909983, -84.0248807352 38.6670200312, -84.0247905622 38.6670264132, -84.0246024804 38.6670256094, -84.0239793621 38.6669797758, -84.0229742053 38.6669437738, -84.0222877487 38.6668953643, -84.0220636983 38.6668750859, -84.0218418453 38.6668507188, -84.0216246878 38.6668203784, -84.0214115121 38.6667846022, -84.0207041914 38.6666556923, -84.0204155384 38.6665973976, -84.0202298847 38.6665532317, -84.0200556693 38.6664993454, -84.0198957789 38.666432211, -84.0198231212 38.6663940811, -84.0197523517 38.6663502116, -84.0196726487 38.6662842426, -84.0195343276 38.6661344866, -84.0194371327 38.6659935663, -84.0189495394 38.6652241303, -84.0187983673 38.6650107492, -84.0186920834 38.6648839764, -84.0186086731 38.6647970813, -84.0185128467 38.6647168713, -84.0184315886 38.6646574694, -84.0183043904 38.6645855905, -84.0181698655 38.6645273363, -84.0180512772 38.6644912831, -84.0179397035 38.6644696124, -84.0177694423 38.6644561496, -84.0173269075 38.6644326811, -84.0166102144 38.6643901141, -84.0161693021 38.6643721581, -84.0159430604 38.6643707838, -84.0156527541 38.6643827562, -84.014680203 38.6644652461, -84.0144383211 38.6644735282, -84.014195318 38.6644699843, -84.0137112017 38.6644423261, -84.0119548155 38.664315354, -84.0112996122 38.6642648657, -84.0110903578 38.6642414868, -84.0108866219 38.6642069285, -84.0107880522 38.6641835185, -84.0105957469 38.6641249598, -84.0105016927 38.664088434, -84.0103214832 38.6640072585, -84.0096145546 38.6636429369, -84.0094236044 38.663556934, -84.00922002 38.6634866744, -84.0090065525 38.663434395, -84.0087887818 38.663401, -84.0085720531 38.6633827249, -84.0083592511 38.6633760414, -84.0077201798 38.663383988, -84.0072732577 38.6633980422, -84.0070416725 38.6634152471, -84.0068076403 38.6634469706, -84.006576776 38.6634927458, -84.0057754759 38.6636792811, -84.0051928715 38.6638014616, -84.0049594128 38.6638384072, -84.0047230187 38.6638662473, -84.0044838009 38.6638803156, -84.0042077822 38.6638806613, -84.0037666597 38.6638717173, -84.0035310877 38.663879795, -84.0033003874 38.6639038714, -84.0031864482 38.6639227957, -84.0030745388 38.6639447705, -84.0028524324 38.6640049479, -84.0026378879 38.6640858322, -84.0024345247 38.6641825331, -84.0022431133 38.6642920426, -84.0021544843 38.6643511576, -84.0020689733 38.6644116912, -84.0019162922 38.664542091, -84.0017847532 38.6646818633, -84.0014340043 38.6651268141, -84.0010463985 38.6655602377, -84.0009352127 38.6657129407, -84.0007539749 38.6660266409, -84.0006481324 38.666175577, -84.0004132047 38.6664786011, -84.0002471882 38.6667268894, -83.9999972853 38.6671579396, -83.9999178295 38.6673311561, -83.999840894 38.6675162168, -83.9997991286 38.6676806495, -83.9997699276 38.6678762998, -83.999585387 38.6694109123, -83.9995695453 38.6695166829, -83.9995600816 38.6695462024, -83.9995389282 38.6696104277, -83.9995147589 38.6696542853, -83.9994485014 38.6697296559, -83.9994103559 38.6697573814, -83.9993570815 38.6697879043, -83.9992535618 38.6698248282, -83.9991881337 38.6698362237, -83.999126385 38.6698402583, -83.9990503643 38.6698405131, -83.9989004169 38.6698267736, -83.9978295602 38.6696805688, -83.9968477065 38.669548024, -83.9962878425 38.6694788101, -83.9958829816 38.669431651, -83.9955352803 38.6693965928, -83.9952751944 38.6693743588, -83.9945841737 38.6693259972, -83.9943258538 38.6693032383, -83.9939831998 38.669262208, -83.9937262922 38.6692243647, -83.9932239404 38.6691381346, -83.9929837485 38.6690898256, -83.9927576898 38.6690365078, -83.9925500902 38.668973026, -83.9924574063 38.6689378788, -83.9924118278 38.6689177075)"
"District 06","Bracken","06-80415.00","KY","10","KY-10","SAFETY(P)","16.5","18.7","Improvements to KY 10 from Brooksville to Germantown (Delaney Subdivision Road to Hillsdale Road ) to address the safety issue as well as the geometric deficiencies along the roadway (MP 16.5 to 18.7) (2026CCN)","","2026","2026","C","SPP","13000000","2032","","","","012-KY-0010-000","LINESTRING (-84.0259991918 38.6665618048, -84.0258152305 38.666650753, -84.0256314081 38.6667516217, -84.0255334698 38.6668051263, -84.0253061623 38.6669081106, -84.0252251927 38.6669401662, -84.0250565598 38.6669909983, -84.0248807352 38.6670200312, -84.0247905622 38.6670264132, -84.0246024804 38.6670256094, -84.0239793621 38.6669797758, -84.0229742053 38.6669437738, -84.0222877487 38.6668953643, -84.0220636983 38.6668750859, -84.0218418453 38.6668507188, -84.0216246878 38.6668203784, -84.0214115121 38.6667846022, -84.0207041914 38.6666556923, -84.0204155384 38.6665973976, -84.0202298847 38.6665532317, -84.0200556693 38.6664993454, -84.0198957789 38.666432211, -84.0198231212 38.6663940811, -84.0197523517 38.6663502116, -84.0196726487 38.6662842426, -84.0195343276 38.6661344866, -84.0194371327 38.6659935663, -84.0189495394 38.6652241303, -84.0187983673 38.6650107492, -84.0186920834 38.6648839764, -84.0186086731 38.6647970813, -84.0185128467 38.6647168713, -84.0184315886 38.6646574694, -84.0183043904 38.6645855905, -84.0181698655 38.6645273363, -84.0180512772 38.6644912831, -84.0179397035 38.6644696124, -84.0177694423 38.6644561496, -84.0173269075 38.6644326811, -84.0166102144 38.6643901141, -84.0161693021 38.6643721581, -84.0159430604 38.6643707838, -84.0156527541 38.6643827562, -84.014680203 38.6644652461, -84.0144383211 38.6644735282, -84.014195318 38.6644699843, -84.0137112017 38.6644423261, -84.0119548155 38.664315354, -84.0112996122 38.6642648657, -84.0110903578 38.6642414868, -84.0108866219 38.6642069285, -84.0107880522 38.6641835185, -84.0105957469 38.6641249598, -84.0105016927 38.664088434, -84.0103214832 38.6640072585, -84.0096145546 38.6636429369, -84.0094236044 38.663556934, -84.00922002 38.6634866744, -84.0090065525 38.663434395, -84.0087887818 38.663401, -84.0085720531 38.6633827249, -84.0083592511 38.6633760414, -84.0077201798 38.663383988, -84.0072732577 38.6633980422, -84.0070416725 38.6634152471, -84.0068076403 38.6634469706, -84.006576776 38.6634927458, -84.0057754759 38.6636792811, -84.0051928715 38.6638014616, -84.0049594128 38.6638384072, -84.0047230187 38.6638662473, -84.0044838009 38.6638803156, -84.0042077822 38.6638806613, -84.0037666597 38.6638717173, -84.0035310877 38.663879795, -84.0033003874 38.6639038714, -84.0031864482 38.6639227957, -84.0030745388 38.6639447705, -84.0028524324 38.6640049479, -84.0026378879 38.6640858322, -84.0024345247 38.6641825331, -84.0022431133 38.6642920426, -84.0021544843 38.6643511576, -84.0020689733 38.6644116912, -84.0019162922 38.664542091, -84.0017847532 38.6646818633, -84.0014340043 38.6651268141, -84.0010463985 38.6655602377, -84.0009352127 38.6657129407, -84.0007539749 38.6660266409, -84.0006481324 38.666175577, -84.0004132047 38.6664786011, -84.0002471882 38.6667268894, -83.9999972853 38.6671579396, -83.9999178295 38.6673311561, -83.999840894 38.6675162168, -83.9997991286 38.6676806495, -83.9997699276 38.6678762998, -83.999585387 38.6694109123, -83.9995695453 38.6695166829, -83.9995600816 38.6695462024, -83.9995389282 38.6696104277, -83.9995147589 38.6696542853, -83.9994485014 38.6697296559, -83.9994103559 38.6697573814, -83.9993570815 38.6697879043, -83.9992535618 38.6698248282, -83.9991881337 38.6698362237, -83.999126385 38.6698402583, -83.9990503643 38.6698405131, -83.9989004169 38.6698267736, -83.9978295602 38.6696805688, -83.9968477065 38.669548024, -83.9962878425 38.6694788101, -83.9958829816 38.669431651, -83.9955352803 38.6693965928, -83.9952751944 38.6693743588, -83.9945841737 38.6693259972, -83.9943258538 38.6693032383, -83.9939831998 38.669262208, -83.9937262922 38.6692243647, -83.9932239404 38.6691381346, -83.9929837485 38.6690898256, -83.9927576898 38.6690365078, -83.9925500902 38.668973026, -83.9924574063 38.6689378788, -83.9924118278 38.6689177075)"
"District 06","Bracken","06-80415.00","KY","10","KY-10","SAFETY(P)","16.5","18.7","Improvements to KY 10 from Brooksville to Germantown (Delaney Subdivision Road to Hillsdale Road ) to address the safety issue as well as the geometric deficiencies along the roadway (MP 16.5 to 18.7) (2026CCN)","","2026","2026","U","SPP","750000","2031","","","","012-KY-0010-000","LINESTRING (-84.0259991918 38.6665618048, -84.0258152305 38.666650753, -84.0256314081 38.6667516217, -84.0255334698 38.6668051263, -84.0253061623 38.6669081106, -84.0252251927 38.6669401662, -84.0250565598 38.6669909983, -84.0248807352 38.6670200312, -84.0247905622 38.6670264132, -84.0246024804 38.6670256094, -84.0239793621 38.6669797758, -84.0229742053 38.6669437738, -84.0222877487 38.6668953643, -84.0220636983 38.6668750859, -84.0218418453 38.6668507188, -84.0216246878 38.6668203784, -84.0214115121 38.6667846022, -84.0207041914 38.6666556923, -84.0204155384 38.6665973976, -84.0202298847 38.6665532317, -84.0200556693 38.6664993454, -84.0198957789 38.666432211, -84.0198231212 38.6663940811, -84.0197523517 38.6663502116, -84.0196726487 38.6662842426, -84.0195343276 38.6661344866, -84.0194371327 38.6659935663, -84.0189495394 38.6652241303, -84.0187983673 38.6650107492, -84.0186920834 38.6648839764, -84.0186086731 38.6647970813, -84.0185128467 38.6647168713, -84.0184315886 38.6646574694, -84.0183043904 38.6645855905, -84.0181698655 38.6645273363, -84.0180512772 38.6644912831, -84.0179397035 38.6644696124, -84.0177694423 38.6644561496, -84.0173269075 38.6644326811, -84.0166102144 38.6643901141, -84.0161693021 38.6643721581, -84.0159430604 38.6643707838, -84.0156527541 38.6643827562, -84.014680203 38.6644652461, -84.0144383211 38.6644735282, -84.014195318 38.6644699843, -84.0137112017 38.6644423261, -84.0119548155 38.664315354, -84.0112996122 38.6642648657, -84.0110903578 38.6642414868, -84.0108866219 38.6642069285, -84.0107880522 38.6641835185, -84.0105957469 38.6641249598, -84.0105016927 38.664088434, -84.0103214832 38.6640072585, -84.0096145546 38.6636429369, -84.0094236044 38.663556934, -84.00922002 38.6634866744, -84.0090065525 38.663434395, -84.0087887818 38.663401, -84.0085720531 38.6633827249, -84.0083592511 38.6633760414, -84.0077201798 38.663383988, -84.0072732577 38.6633980422, -84.0070416725 38.6634152471, -84.0068076403 38.6634469706, -84.006576776 38.6634927458, -84.0057754759 38.6636792811, -84.0051928715 38.6638014616, -84.0049594128 38.6638384072, -84.0047230187 38.6638662473, -84.0044838009 38.6638803156, -84.0042077822 38.6638806613, -84.0037666597 38.6638717173, -84.0035310877 38.663879795, -84.0033003874 38.6639038714, -84.0031864482 38.6639227957, -84.0030745388 38.6639447705, -84.0028524324 38.6640049479, -84.0026378879 38.6640858322, -84.0024345247 38.6641825331, -84.0022431133 38.6642920426, -84.0021544843 38.6643511576, -84.0020689733 38.6644116912, -84.0019162922 38.664542091, -84.0017847532 38.6646818633, -84.0014340043 38.6651268141, -84.0010463985 38.6655602377, -84.0009352127 38.6657129407, -84.0007539749 38.6660266409, -84.0006481324 38.666175577, -84.0004132047 38.6664786011, -84.0002471882 38.6667268894, -83.9999972853 38.6671579396, -83.9999178295 38.6673311561, -83.999840894 38.6675162168, -83.9997991286 38.6676806495, -83.9997699276 38.6678762998, -83.999585387 38.6694109123, -83.9995695453 38.6695166829, -83.9995600816 38.6695462024, -83.9995389282 38.6696104277, -83.9995147589 38.6696542853, -83.9994485014 38.6697296559, -83.9994103559 38.6697573814, -83.9993570815 38.6697879043, -83.9992535618 38.6698248282, -83.9991881337 38.6698362237, -83.999126385 38.6698402583, -83.9990503643 38.6698405131, -83.9989004169 38.6698267736, -83.9978295602 38.6696805688, -83.9968477065 38.669548024, -83.9962878425 38.6694788101, -83.9958829816 38.669431651, -83.9955352803 38.6693965928, -83.9952751944 38.6693743588, -83.9945841737 38.6693259972, -83.9943258538 38.6693032383, -83.9939831998 38.669262208, -83.9937262922 38.6692243647, -83.9932239404 38.6691381346, -83.9929837485 38.6690898256, -83.9927576898 38.6690365078, -83.9925500902 38.668973026, -83.9924574063 38.6689378788, -83.9924118278 38.6689177075)"
"District 06","Campbell","06-00023.00","I","471","I-471","MINOR WIDENING","0.573","1.3","ADD LANE ON RAMP FROM EASTBOUND I-275 TO NORTHBOUND I-471. (2024CCR)","","2022","2026","C","NH","10000000","2029","","","","019-I-0471-000","LINESTRING (-84.466282618 39.0511991214, -84.4666398643 39.0513866266, -84.4669004963 39.05154207, -84.4671535239 39.0517095114, -84.4673954618 39.051886992, -84.4676252853 39.0520725788, -84.4678412487 39.0522654297, -84.4680423039 39.0524652581, -84.4682302263 39.0526709859, -84.4684029353 39.0528809432, -84.4685597355 39.0530945736, -84.4687002949 39.0533107753, -84.468827413 39.0535304024, -84.4689421239 39.0537548383, -84.4690426863 39.0539829658, -84.4691301839 39.0542131497, -84.4692014602 39.0544448081, -84.4692586582 39.05467604, -84.469301784 39.0549065731, -84.4693308472 39.0551358574, -84.4693500727 39.0553639374, -84.4693639869 39.0558137964, -84.4693371716 39.0589576292, -84.4693196832 39.0593909522, -84.4692757902 39.0598239936, -84.469242017 39.0600421717, -84.4692001065 39.0602624595, -84.4691486756 39.0604834688, -84.4690898653 39.0607035748, -84.4690589793 39.0608057421)"
"District 06","Campbell","06-00023.00","I","471","I-471","MINOR WIDENING","0.573","1.3","ADD LANE ON RAMP FROM EASTBOUND I-275 TO NORTHBOUND I-471. (2024CCR)","","2022","2026","D","NH","2320000","2029","","","","019-I-0471-000","LINESTRING (-84.466282618 39.0511991214, -84.4666398643 39.0513866266, -84.4669004963 39.05154207, -84.4671535239 39.0517095114, -84.4673954618 39.051886992, -84.4676252853 39.0520725788, -84.4678412487 39.0522654297, -84.4680423039 39.0524652581, -84.4682302263 39.0526709859, -84.4684029353 39.0528809432, -84.4685597355 39.0530945736, -84.4687002949 39.0533107753, -84.468827413 39.0535304024, -84.4689421239 39.0537548383, -84.4690426863 39.0539829658, -84.4691301839 39.0542131497, -84.4692014602 39.0544448081, -84.4692586582 39.05467604, -84.469301784 39.0549065731, -84.4693308472 39.0551358574, -84.4693500727 39.0553639374, -84.4693639869 39.0558137964, -84.4693371716 39.0589576292, -84.4693196832 39.0593909522, -84.4692757902 39.0598239936, -84.469242017 39.0600421717, -84.4692001065 39.0602624595, -84.4691486756 39.0604834688, -84.4690898653 39.0607035748, -84.4690589793 39.0608057421)"
"District 06","Campbell","06-00081.00","I","471","I-471","MAJOR WIDENING(O)","0.0","5.016","REDUCE CONGESTION ALONG THE I-471 CORRIDOR FROM US-27 TO OHIO STATE LINE. (2024CCR)","","2018","2026","C","NH","1750000000","2032","","","","019-I-0471-000","LINESTRING (-84.4573205448 39.0467590068, -84.4577606947 39.047152797, -84.4580012746 39.0473451084, -84.4582491394 39.0475237711, -84.4585031941 39.0476909678, -84.4587654928 39.0478500175, -84.4592977773 39.0481319562, -84.4596192674 39.0482888966, -84.4599038621 39.0484020593, -84.4618932548 39.0492723949, -84.4634611125 39.0499503749, -84.464939543 39.0505897599, -84.4660962718 39.0511040509, -84.466282618 39.0511991214, -84.4666398643 39.0513866266, -84.4669004963 39.05154207, -84.4671535239 39.0517095114, -84.4673954618 39.051886992, -84.4676252853 39.0520725788, -84.4678412487 39.0522654297, -84.4680423039 39.0524652581, -84.4682302263 39.0526709859, -84.4684029353 39.0528809432, -84.4685597355 39.0530945736, -84.4687002949 39.0533107753, -84.468827413 39.0535304024, -84.4689421239 39.0537548383, -84.4690426863 39.0539829658, -84.4691301839 39.0542131497, -84.4692014602 39.0544448081, -84.4692586582 39.05467604, -84.469301784 39.0549065731, -84.4693308472 39.0551358574, -84.4693500727 39.0553639374, -84.4693639869 39.0558137964, -84.4693371716 39.0589576292, -84.4693196832 39.0593909522, -84.4692757902 39.0598239936, -84.469242017 39.0600421717, -84.4692001065 39.0602624595, -84.4691486756 39.0604834688, -84.4690898653 39.0607035748, -84.4690236809 39.0609225046, -84.4689490888 39.0611388728, -84.4688660994 39.0613521319, -84.4687757495 39.06156339, -84.4686773584 39.0617712668, -84.4684603002 39.0621785666, -84.4682113197 39.0625786616, -84.4679346376 39.0629718694, -84.4676401452 39.0633563755, -84.466729206 39.0644884522, -84.464324118 39.0675051697, -84.463871553 39.0680834444, -84.4637250305 39.0682833873, -84.4635851195 39.068487793, -84.4634557086 39.0686958813, -84.463337859 39.0689073883, -84.4632340403 39.0691220657, -84.4631452988 39.0693404744, -84.4630730574 39.0695618048, -84.4630166282 39.0697852286, -84.4629781184 39.0700110398, -84.4629554336 39.0702381203, -84.4629488655 39.0704700414, -84.4629586209 39.0706949989, -84.4629863056 39.0709217975, -84.4630291759 39.0711462877, -84.4630879709 39.0713665567, -84.4631626845 39.0715828781, -84.4632515623 39.0717949595, -84.4633542565 39.0720025218, -84.4634704096 39.0722058355, -84.463601803 39.072403822, -84.4637463425 39.0725953608, -84.4639054415 39.0727801921, -84.4640783573 39.0729605048, -84.4642657947 39.0731363057, -84.4644681397 39.0733056765, -84.4646832551 39.0734699678, -84.4649058143 39.0736315941, -84.4651323547 39.0737872221, -84.4655922515 39.074091686, -84.4658176531 39.0742322007, -84.4671565331 39.0751045093, -84.4673782597 39.0752540412, -84.46759428 39.0754076295, -84.4678031719 39.0755660829, -84.4680066993 39.0757291465, -84.4682020355 39.0758973375, -84.4685724406 39.0762447591, -84.4687492842 39.0764231835, -84.4689186518 39.0766061961, -84.4691698858 39.0769007254, -84.4693845113 39.0771739969, -84.4694660073 39.0772866086, -84.4696593951 39.0775659666, -84.4697844126 39.0777674468, -84.4699040759 39.0779729879, -84.4701228489 39.0783912619, -84.4702184417 39.0786036829, -84.4703919819 39.0790305321, -84.4710344904 39.0807516523, -84.471697765 39.0824955019, -84.4717877955 39.0827243348, -84.4719812215 39.0831832405, -84.4721876902 39.0836417351, -84.4725151462 39.0843118216, -84.4740776241 39.0873127684, -84.4749351292 39.0889568063, -84.4758192482 39.0906524583, -84.4760570765 39.0910931589, -84.4761829231 39.0913100129, -84.4763166006 39.0915222837, -84.4764616472 39.0917291841, -84.4766184186 39.0919304436, -84.4767847928 39.0921265889, -84.4773357909 39.0927103573, -84.4775450351 39.0928929551, -84.4779782593 39.0932215178, -84.4784249036 39.0935282569, -84.4797379126 39.0943776239, -84.4801384519 39.0946421376, -84.4807058327 39.0950165876, -84.4818494356 39.0957444334, -84.4829909671 39.0964711479, -84.4834503975 39.0967541182, -84.4836865529 39.0968900427, -84.4839295025 39.0970202737, -84.4841810321 39.0971434557, -84.4844400688 39.0972604026, -84.4847055518 39.0973713777, -84.4849767971 39.0974752739, -84.48525346 39.0975715398, -84.4855348466 39.0976596198, -84.4858192101 39.0977386693, -84.4861047871 39.0978086722, -84.4863905089 39.0978704388, -84.4866767206 39.0979242483, -84.4869637678 39.0979706541, -84.4872554887 39.0980116165, -84.4889959167 39.0982191147, -84.4892834034 39.098260577, -84.48957388 39.0983125026, -84.4898655421 39.0983773442, -84.4901566297 39.0984550814, -84.4904425763 39.0985448441, -84.4908220715 39.0986852816, -84.4909907286 39.0987526706, -84.4911644894 39.0988305444, -84.4915163731 39.0989989677, -84.4930510529 39.0997783073, -84.4937891944 39.1001660163, -84.4945278725 39.1005435684, -84.4957729323 39.1011627992, -84.4960553022 39.101297535)"
"District 06","Campbell","06-00081.00","I","471","I-471","MAJOR WIDENING(O)","0.0","5.016","REDUCE CONGESTION ALONG THE I-471 CORRIDOR FROM US-27 TO OHIO STATE LINE. (2024CCR)","","2018","2026","D","NH","45000000","2029","","","","019-I-0471-000","LINESTRING (-84.4573205448 39.0467590068, -84.4577606947 39.047152797, -84.4580012746 39.0473451084, -84.4582491394 39.0475237711, -84.4585031941 39.0476909678, -84.4587654928 39.0478500175, -84.4592977773 39.0481319562, -84.4596192674 39.0482888966, -84.4599038621 39.0484020593, -84.4618932548 39.0492723949, -84.4634611125 39.0499503749, -84.464939543 39.0505897599, -84.4660962718 39.0511040509, -84.466282618 39.0511991214, -84.4666398643 39.0513866266, -84.4669004963 39.05154207, -84.4671535239 39.0517095114, -84.4673954618 39.051886992, -84.4676252853 39.0520725788, -84.4678412487 39.0522654297, -84.4680423039 39.0524652581, -84.4682302263 39.0526709859, -84.4684029353 39.0528809432, -84.4685597355 39.0530945736, -84.4687002949 39.0533107753, -84.468827413 39.0535304024, -84.4689421239 39.0537548383, -84.4690426863 39.0539829658, -84.4691301839 39.0542131497, -84.4692014602 39.0544448081, -84.4692586582 39.05467604, -84.469301784 39.0549065731, -84.4693308472 39.0551358574, -84.4693500727 39.0553639374, -84.4693639869 39.0558137964, -84.4693371716 39.0589576292, -84.4693196832 39.0593909522, -84.4692757902 39.0598239936, -84.469242017 39.0600421717, -84.4692001065 39.0602624595, -84.4691486756 39.0604834688, -84.4690898653 39.0607035748, -84.4690236809 39.0609225046, -84.4689490888 39.0611388728, -84.4688660994 39.0613521319, -84.4687757495 39.06156339, -84.4686773584 39.0617712668, -84.4684603002 39.0621785666, -84.4682113197 39.0625786616, -84.4679346376 39.0629718694, -84.4676401452 39.0633563755, -84.466729206 39.0644884522, -84.464324118 39.0675051697, -84.463871553 39.0680834444, -84.4637250305 39.0682833873, -84.4635851195 39.068487793, -84.4634557086 39.0686958813, -84.463337859 39.0689073883, -84.4632340403 39.0691220657, -84.4631452988 39.0693404744, -84.4630730574 39.0695618048, -84.4630166282 39.0697852286, -84.4629781184 39.0700110398, -84.4629554336 39.0702381203, -84.4629488655 39.0704700414, -84.4629586209 39.0706949989, -84.4629863056 39.0709217975, -84.4630291759 39.0711462877, -84.4630879709 39.0713665567, -84.4631626845 39.0715828781, -84.4632515623 39.0717949595, -84.4633542565 39.0720025218, -84.4634704096 39.0722058355, -84.463601803 39.072403822, -84.4637463425 39.0725953608, -84.4639054415 39.0727801921, -84.4640783573 39.0729605048, -84.4642657947 39.0731363057, -84.4644681397 39.0733056765, -84.4646832551 39.0734699678, -84.4649058143 39.0736315941, -84.4651323547 39.0737872221, -84.4655922515 39.074091686, -84.4658176531 39.0742322007, -84.4671565331 39.0751045093, -84.4673782597 39.0752540412, -84.46759428 39.0754076295, -84.4678031719 39.0755660829, -84.4680066993 39.0757291465, -84.4682020355 39.0758973375, -84.4685724406 39.0762447591, -84.4687492842 39.0764231835, -84.4689186518 39.0766061961, -84.4691698858 39.0769007254, -84.4693845113 39.0771739969, -84.4694660073 39.0772866086, -84.4696593951 39.0775659666, -84.4697844126 39.0777674468, -84.4699040759 39.0779729879, -84.4701228489 39.0783912619, -84.4702184417 39.0786036829, -84.4703919819 39.0790305321, -84.4710344904 39.0807516523, -84.471697765 39.0824955019, -84.4717877955 39.0827243348, -84.4719812215 39.0831832405, -84.4721876902 39.0836417351, -84.4725151462 39.0843118216, -84.4740776241 39.0873127684, -84.4749351292 39.0889568063, -84.4758192482 39.0906524583, -84.4760570765 39.0910931589, -84.4761829231 39.0913100129, -84.4763166006 39.0915222837, -84.4764616472 39.0917291841, -84.4766184186 39.0919304436, -84.4767847928 39.0921265889, -84.4773357909 39.0927103573, -84.4775450351 39.0928929551, -84.4779782593 39.0932215178, -84.4784249036 39.0935282569, -84.4797379126 39.0943776239, -84.4801384519 39.0946421376, -84.4807058327 39.0950165876, -84.4818494356 39.0957444334, -84.4829909671 39.0964711479, -84.4834503975 39.0967541182, -84.4836865529 39.0968900427, -84.4839295025 39.0970202737, -84.4841810321 39.0971434557, -84.4844400688 39.0972604026, -84.4847055518 39.0973713777, -84.4849767971 39.0974752739, -84.48525346 39.0975715398, -84.4855348466 39.0976596198, -84.4858192101 39.0977386693, -84.4861047871 39.0978086722, -84.4863905089 39.0978704388, -84.4866767206 39.0979242483, -84.4869637678 39.0979706541, -84.4872554887 39.0980116165, -84.4889959167 39.0982191147, -84.4892834034 39.098260577, -84.48957388 39.0983125026, -84.4898655421 39.0983773442, -84.4901566297 39.0984550814, -84.4904425763 39.0985448441, -84.4908220715 39.0986852816, -84.4909907286 39.0987526706, -84.4911644894 39.0988305444, -84.4915163731 39.0989989677, -84.4930510529 39.0997783073, -84.4937891944 39.1001660163, -84.4945278725 39.1005435684, -84.4957729323 39.1011627992, -84.4960553022 39.101297535)"
"District 06","Campbell","06-00081.00","I","471","I-471","MAJOR WIDENING(O)","0.0","5.016","REDUCE CONGESTION ALONG THE I-471 CORRIDOR FROM US-27 TO OHIO STATE LINE. (2024CCR)","","2018","2026","U","NH","20000000","2031","","","","019-I-0471-000","LINESTRING (-84.4573205448 39.0467590068, -84.4577606947 39.047152797, -84.4580012746 39.0473451084, -84.4582491394 39.0475237711, -84.4585031941 39.0476909678, -84.4587654928 39.0478500175, -84.4592977773 39.0481319562, -84.4596192674 39.0482888966, -84.4599038621 39.0484020593, -84.4618932548 39.0492723949, -84.4634611125 39.0499503749, -84.464939543 39.0505897599, -84.4660962718 39.0511040509, -84.466282618 39.0511991214, -84.4666398643 39.0513866266, -84.4669004963 39.05154207, -84.4671535239 39.0517095114, -84.4673954618 39.051886992, -84.4676252853 39.0520725788, -84.4678412487 39.0522654297, -84.4680423039 39.0524652581, -84.4682302263 39.0526709859, -84.4684029353 39.0528809432, -84.4685597355 39.0530945736, -84.4687002949 39.0533107753, -84.468827413 39.0535304024, -84.4689421239 39.0537548383, -84.4690426863 39.0539829658, -84.4691301839 39.0542131497, -84.4692014602 39.0544448081, -84.4692586582 39.05467604, -84.469301784 39.0549065731, -84.4693308472 39.0551358574, -84.4693500727 39.0553639374, -84.4693639869 39.0558137964, -84.4693371716 39.0589576292, -84.4693196832 39.0593909522, -84.4692757902 39.0598239936, -84.469242017 39.0600421717, -84.4692001065 39.0602624595, -84.4691486756 39.0604834688, -84.4690898653 39.0607035748, -84.4690236809 39.0609225046, -84.4689490888 39.0611388728, -84.4688660994 39.0613521319, -84.4687757495 39.06156339, -84.4686773584 39.0617712668, -84.4684603002 39.0621785666, -84.4682113197 39.0625786616, -84.4679346376 39.0629718694, -84.4676401452 39.0633563755, -84.466729206 39.0644884522, -84.464324118 39.0675051697, -84.463871553 39.0680834444, -84.4637250305 39.0682833873, -84.4635851195 39.068487793, -84.4634557086 39.0686958813, -84.463337859 39.0689073883, -84.4632340403 39.0691220657, -84.4631452988 39.0693404744, -84.4630730574 39.0695618048, -84.4630166282 39.0697852286, -84.4629781184 39.0700110398, -84.4629554336 39.0702381203, -84.4629488655 39.0704700414, -84.4629586209 39.0706949989, -84.4629863056 39.0709217975, -84.4630291759 39.0711462877, -84.4630879709 39.0713665567, -84.4631626845 39.0715828781, -84.4632515623 39.0717949595, -84.4633542565 39.0720025218, -84.4634704096 39.0722058355, -84.463601803 39.072403822, -84.4637463425 39.0725953608, -84.4639054415 39.0727801921, -84.4640783573 39.0729605048, -84.4642657947 39.0731363057, -84.4644681397 39.0733056765, -84.4646832551 39.0734699678, -84.4649058143 39.0736315941, -84.4651323547 39.0737872221, -84.4655922515 39.074091686, -84.4658176531 39.0742322007, -84.4671565331 39.0751045093, -84.4673782597 39.0752540412, -84.46759428 39.0754076295, -84.4678031719 39.0755660829, -84.4680066993 39.0757291465, -84.4682020355 39.0758973375, -84.4685724406 39.0762447591, -84.4687492842 39.0764231835, -84.4689186518 39.0766061961, -84.4691698858 39.0769007254, -84.4693845113 39.0771739969, -84.4694660073 39.0772866086, -84.4696593951 39.0775659666, -84.4697844126 39.0777674468, -84.4699040759 39.0779729879, -84.4701228489 39.0783912619, -84.4702184417 39.0786036829, -84.4703919819 39.0790305321, -84.4710344904 39.0807516523, -84.471697765 39.0824955019, -84.4717877955 39.0827243348, -84.4719812215 39.0831832405, -84.4721876902 39.0836417351, -84.4725151462 39.0843118216, -84.4740776241 39.0873127684, -84.4749351292 39.0889568063, -84.4758192482 39.0906524583, -84.4760570765 39.0910931589, -84.4761829231 39.0913100129, -84.4763166006 39.0915222837, -84.4764616472 39.0917291841, -84.4766184186 39.0919304436, -84.4767847928 39.0921265889, -84.4773357909 39.0927103573, -84.4775450351 39.0928929551, -84.4779782593 39.0932215178, -84.4784249036 39.0935282569, -84.4797379126 39.0943776239, -84.4801384519 39.0946421376, -84.4807058327 39.0950165876, -84.4818494356 39.0957444334, -84.4829909671 39.0964711479, -84.4834503975 39.0967541182, -84.4836865529 39.0968900427, -84.4839295025 39.0970202737, -84.4841810321 39.0971434557, -84.4844400688 39.0972604026, -84.4847055518 39.0973713777, -84.4849767971 39.0974752739, -84.48525346 39.0975715398, -84.4855348466 39.0976596198, -84.4858192101 39.0977386693, -84.4861047871 39.0978086722, -84.4863905089 39.0978704388, -84.4866767206 39.0979242483, -84.4869637678 39.0979706541, -84.4872554887 39.0980116165, -84.4889959167 39.0982191147, -84.4892834034 39.098260577, -84.48957388 39.0983125026, -84.4898655421 39.0983773442, -84.4901566297 39.0984550814, -84.4904425763 39.0985448441, -84.4908220715 39.0986852816, -84.4909907286 39.0987526706, -84.4911644894 39.0988305444, -84.4915163731 39.0989989677, -84.4930510529 39.0997783073, -84.4937891944 39.1001660163, -84.4945278725 39.1005435684, -84.4957729323 39.1011627992, -84.4960553022 39.101297535)"
"District 06","Campbell","06-00081.00","I","471","I-471","MAJOR WIDENING(O)","0.0","5.016","REDUCE CONGESTION ALONG THE I-471 CORRIDOR FROM US-27 TO OHIO STATE LINE. (2024CCR)","","2018","2026","R","NH","35000000","2031","","","","019-I-0471-000","LINESTRING (-84.4573205448 39.0467590068, -84.4577606947 39.047152797, -84.4580012746 39.0473451084, -84.4582491394 39.0475237711, -84.4585031941 39.0476909678, -84.4587654928 39.0478500175, -84.4592977773 39.0481319562, -84.4596192674 39.0482888966, -84.4599038621 39.0484020593, -84.4618932548 39.0492723949, -84.4634611125 39.0499503749, -84.464939543 39.0505897599, -84.4660962718 39.0511040509, -84.466282618 39.0511991214, -84.4666398643 39.0513866266, -84.4669004963 39.05154207, -84.4671535239 39.0517095114, -84.4673954618 39.051886992, -84.4676252853 39.0520725788, -84.4678412487 39.0522654297, -84.4680423039 39.0524652581, -84.4682302263 39.0526709859, -84.4684029353 39.0528809432, -84.4685597355 39.0530945736, -84.4687002949 39.0533107753, -84.468827413 39.0535304024, -84.4689421239 39.0537548383, -84.4690426863 39.0539829658, -84.4691301839 39.0542131497, -84.4692014602 39.0544448081, -84.4692586582 39.05467604, -84.469301784 39.0549065731, -84.4693308472 39.0551358574, -84.4693500727 39.0553639374, -84.4693639869 39.0558137964, -84.4693371716 39.0589576292, -84.4693196832 39.0593909522, -84.4692757902 39.0598239936, -84.469242017 39.0600421717, -84.4692001065 39.0602624595, -84.4691486756 39.0604834688, -84.4690898653 39.0607035748, -84.4690236809 39.0609225046, -84.4689490888 39.0611388728, -84.4688660994 39.0613521319, -84.4687757495 39.06156339, -84.4686773584 39.0617712668, -84.4684603002 39.0621785666, -84.4682113197 39.0625786616, -84.4679346376 39.0629718694, -84.4676401452 39.0633563755, -84.466729206 39.0644884522, -84.464324118 39.0675051697, -84.463871553 39.0680834444, -84.4637250305 39.0682833873, -84.4635851195 39.068487793, -84.4634557086 39.0686958813, -84.463337859 39.0689073883, -84.4632340403 39.0691220657, -84.4631452988 39.0693404744, -84.4630730574 39.0695618048, -84.4630166282 39.0697852286, -84.4629781184 39.0700110398, -84.4629554336 39.0702381203, -84.4629488655 39.0704700414, -84.4629586209 39.0706949989, -84.4629863056 39.0709217975, -84.4630291759 39.0711462877, -84.4630879709 39.0713665567, -84.4631626845 39.0715828781, -84.4632515623 39.0717949595, -84.4633542565 39.0720025218, -84.4634704096 39.0722058355, -84.463601803 39.072403822, -84.4637463425 39.0725953608, -84.4639054415 39.0727801921, -84.4640783573 39.0729605048, -84.4642657947 39.0731363057, -84.4644681397 39.0733056765, -84.4646832551 39.0734699678, -84.4649058143 39.0736315941, -84.4651323547 39.0737872221, -84.4655922515 39.074091686, -84.4658176531 39.0742322007, -84.4671565331 39.0751045093, -84.4673782597 39.0752540412, -84.46759428 39.0754076295, -84.4678031719 39.0755660829, -84.4680066993 39.0757291465, -84.4682020355 39.0758973375, -84.4685724406 39.0762447591, -84.4687492842 39.0764231835, -84.4689186518 39.0766061961, -84.4691698858 39.0769007254, -84.4693845113 39.0771739969, -84.4694660073 39.0772866086, -84.4696593951 39.0775659666, -84.4697844126 39.0777674468, -84.4699040759 39.0779729879, -84.4701228489 39.0783912619, -84.4702184417 39.0786036829, -84.4703919819 39.0790305321, -84.4710344904 39.0807516523, -84.471697765 39.0824955019, -84.4717877955 39.0827243348, -84.4719812215 39.0831832405, -84.4721876902 39.0836417351, -84.4725151462 39.0843118216, -84.4740776241 39.0873127684, -84.4749351292 39.0889568063, -84.4758192482 39.0906524583, -84.4760570765 39.0910931589, -84.4761829231 39.0913100129, -84.4763166006 39.0915222837, -84.4764616472 39.0917291841, -84.4766184186 39.0919304436, -84.4767847928 39.0921265889, -84.4773357909 39.0927103573, -84.4775450351 39.0928929551, -84.4779782593 39.0932215178, -84.4784249036 39.0935282569, -84.4797379126 39.0943776239, -84.4801384519 39.0946421376, -84.4807058327 39.0950165876, -84.4818494356 39.0957444334, -84.4829909671 39.0964711479, -84.4834503975 39.0967541182, -84.4836865529 39.0968900427, -84.4839295025 39.0970202737, -84.4841810321 39.0971434557, -84.4844400688 39.0972604026, -84.4847055518 39.0973713777, -84.4849767971 39.0974752739, -84.48525346 39.0975715398, -84.4855348466 39.0976596198, -84.4858192101 39.0977386693, -84.4861047871 39.0978086722, -84.4863905089 39.0978704388, -84.4866767206 39.0979242483, -84.4869637678 39.0979706541, -84.4872554887 39.0980116165, -84.4889959167 39.0982191147, -84.4892834034 39.098260577, -84.48957388 39.0983125026, -84.4898655421 39.0983773442, -84.4901566297 39.0984550814, -84.4904425763 39.0985448441, -84.4908220715 39.0986852816, -84.4909907286 39.0987526706, -84.4911644894 39.0988305444, -84.4915163731 39.0989989677, -84.4930510529 39.0997783073, -84.4937891944 39.1001660163, -84.4945278725 39.1005435684, -84.4957729323 39.1011627992, -84.4960553022 39.101297535)"
"District 06","Campbell","06-00081.00","I","471","I-471","MAJOR WIDENING(O)","0.0","5.016","REDUCE CONGESTION ALONG THE I-471 CORRIDOR FROM US-27 TO OHIO STATE LINE. (2024CCR)","","2018","2026","P","NH","1080000","2029","","","","019-I-0471-000","LINESTRING (-84.4573205448 39.0467590068, -84.4577606947 39.047152797, -84.4580012746 39.0473451084, -84.4582491394 39.0475237711, -84.4585031941 39.0476909678, -84.4587654928 39.0478500175, -84.4592977773 39.0481319562, -84.4596192674 39.0482888966, -84.4599038621 39.0484020593, -84.4618932548 39.0492723949, -84.4634611125 39.0499503749, -84.464939543 39.0505897599, -84.4660962718 39.0511040509, -84.466282618 39.0511991214, -84.4666398643 39.0513866266, -84.4669004963 39.05154207, -84.4671535239 39.0517095114, -84.4673954618 39.051886992, -84.4676252853 39.0520725788, -84.4678412487 39.0522654297, -84.4680423039 39.0524652581, -84.4682302263 39.0526709859, -84.4684029353 39.0528809432, -84.4685597355 39.0530945736, -84.4687002949 39.0533107753, -84.468827413 39.0535304024, -84.4689421239 39.0537548383, -84.4690426863 39.0539829658, -84.4691301839 39.0542131497, -84.4692014602 39.0544448081, -84.4692586582 39.05467604, -84.469301784 39.0549065731, -84.4693308472 39.0551358574, -84.4693500727 39.0553639374, -84.4693639869 39.0558137964, -84.4693371716 39.0589576292, -84.4693196832 39.0593909522, -84.4692757902 39.0598239936, -84.469242017 39.0600421717, -84.4692001065 39.0602624595, -84.4691486756 39.0604834688, -84.4690898653 39.0607035748, -84.4690236809 39.0609225046, -84.4689490888 39.0611388728, -84.4688660994 39.0613521319, -84.4687757495 39.06156339, -84.4686773584 39.0617712668, -84.4684603002 39.0621785666, -84.4682113197 39.0625786616, -84.4679346376 39.0629718694, -84.4676401452 39.0633563755, -84.466729206 39.0644884522, -84.464324118 39.0675051697, -84.463871553 39.0680834444, -84.4637250305 39.0682833873, -84.4635851195 39.068487793, -84.4634557086 39.0686958813, -84.463337859 39.0689073883, -84.4632340403 39.0691220657, -84.4631452988 39.0693404744, -84.4630730574 39.0695618048, -84.4630166282 39.0697852286, -84.4629781184 39.0700110398, -84.4629554336 39.0702381203, -84.4629488655 39.0704700414, -84.4629586209 39.0706949989, -84.4629863056 39.0709217975, -84.4630291759 39.0711462877, -84.4630879709 39.0713665567, -84.4631626845 39.0715828781, -84.4632515623 39.0717949595, -84.4633542565 39.0720025218, -84.4634704096 39.0722058355, -84.463601803 39.072403822, -84.4637463425 39.0725953608, -84.4639054415 39.0727801921, -84.4640783573 39.0729605048, -84.4642657947 39.0731363057, -84.4644681397 39.0733056765, -84.4646832551 39.0734699678, -84.4649058143 39.0736315941, -84.4651323547 39.0737872221, -84.4655922515 39.074091686, -84.4658176531 39.0742322007, -84.4671565331 39.0751045093, -84.4673782597 39.0752540412, -84.46759428 39.0754076295, -84.4678031719 39.0755660829, -84.4680066993 39.0757291465, -84.4682020355 39.0758973375, -84.4685724406 39.0762447591, -84.4687492842 39.0764231835, -84.4689186518 39.0766061961, -84.4691698858 39.0769007254, -84.4693845113 39.0771739969, -84.4694660073 39.0772866086, -84.4696593951 39.0775659666, -84.4697844126 39.0777674468, -84.4699040759 39.0779729879, -84.4701228489 39.0783912619, -84.4702184417 39.0786036829, -84.4703919819 39.0790305321, -84.4710344904 39.0807516523, -84.471697765 39.0824955019, -84.4717877955 39.0827243348, -84.4719812215 39.0831832405, -84.4721876902 39.0836417351, -84.4725151462 39.0843118216, -84.4740776241 39.0873127684, -84.4749351292 39.0889568063, -84.4758192482 39.0906524583, -84.4760570765 39.0910931589, -84.4761829231 39.0913100129, -84.4763166006 39.0915222837, -84.4764616472 39.0917291841, -84.4766184186 39.0919304436, -84.4767847928 39.0921265889, -84.4773357909 39.0927103573, -84.4775450351 39.0928929551, -84.4779782593 39.0932215178, -84.4784249036 39.0935282569, -84.4797379126 39.0943776239, -84.4801384519 39.0946421376, -84.4807058327 39.0950165876, -84.4818494356 39.0957444334, -84.4829909671 39.0964711479, -84.4834503975 39.0967541182, -84.4836865529 39.0968900427, -84.4839295025 39.0970202737, -84.4841810321 39.0971434557, -84.4844400688 39.0972604026, -84.4847055518 39.0973713777, -84.4849767971 39.0974752739, -84.48525346 39.0975715398, -84.4855348466 39.0976596198, -84.4858192101 39.0977386693, -84.4861047871 39.0978086722, -84.4863905089 39.0978704388, -84.4866767206 39.0979242483, -84.4869637678 39.0979706541, -84.4872554887 39.0980116165, -84.4889959167 39.0982191147, -84.4892834034 39.098260577, -84.48957388 39.0983125026, -84.4898655421 39.0983773442, -84.4901566297 39.0984550814, -84.4904425763 39.0985448441, -84.4908220715 39.0986852816, -84.4909907286 39.0987526706, -84.4911644894 39.0988305444, -84.4915163731 39.0989989677, -84.4930510529 39.0997783073, -84.4937891944 39.1001660163, -84.4945278725 39.1005435684, -84.4957729323 39.1011627992, -84.4960553022 39.101297535)"
"District 06","Campbell","06-00352.10","PF","9999","PF-9999","NEW ROUTE(O)","","","Extend Pond Creek Road from US 27 to Persimmon Grove, KY 1121. (2024BOP) (2026CCR)","","2026","2026","C","SPP","22000000","2029","","","","",""
"District 06","Campbell","06-00352.10","PF","9999","PF-9999","NEW ROUTE(O)","","","Extend Pond Creek Road from US 27 to Persimmon Grove, KY 1121. (2024BOP) (2026CCR)","","2026","2026","R","CRP","13200000","2027","","","","",""
"District 06","Campbell","06-00352.10","PF","9999","PF-9999","NEW ROUTE(O)","","","Extend Pond Creek Road from US 27 to Persimmon Grove, KY 1121. (2024BOP) (2026CCR)","","2026","2026","U","CRP","1620000","2028","","","","",""
"District 06","Campbell","06-00352.20","PF","9999","PF-9999","NEW ROUTE(O)","","","Extend Pond Creek Road from Persimmon Grove, KY 1121 to AA Highway, KY 9 . (2024BOP)","","2026","2026","R","SPP","22000000","2029","","","","",""
"District 06","Campbell","06-00352.20","PF","9999","PF-9999","NEW ROUTE(O)","","","Extend Pond Creek Road from Persimmon Grove, KY 1121 to AA Highway, KY 9 . (2024BOP)","","2026","2026","U","SPP","8640000","2029","","","","",""
"District 06","Campbell","06-00352.20","PF","9999","PF-9999","NEW ROUTE(O)","","","Extend Pond Creek Road from Persimmon Grove, KY 1121 to AA Highway, KY 9 . (2024BOP)","","2026","2026","C","SPP","46400000","2030","","","","",""
"District 06","Campbell","06-01086.00","KY","8","KY-8","AM-BRIDGE (P)","0.0","0.19","REPLACE 4TH STREET BRIDGE OVER THE LICKING RIVER BETWEEN COVINGTON AND NEWPORT; BRIDGE NUMBER 059B00037N","059B00037N","2018","2026","C","BRO","94782195","2026","2023-04-10","Awarded","1","019-KY-0008-000","LINESTRING (-84.5056678626 39.0878684283, -84.5053058763 39.0879313794, -84.5045881423 39.0880425184, -84.5030382573 39.0882806142, -84.5028336168 39.0883196642, -84.5026790522 39.0883556659, -84.5024602523 39.088419277, -84.5022050012 39.0885129815, -84.5020296582 39.0885896731, -84.5018139484 39.0886988887, -84.5015016788 39.0888716144, -84.5014708727 39.0888807647)"
"District 06","Campbell","06-08104.00","I","471","I-471","NEW ROUTE(O)","4.722","4.822","CONSTRUCT NEW I-471 SOUTHBOUND OFF-RAMP AT KY-8 (SEE ALSO 6-183.00). (02CCN)(06CCN) (2020CCN)","","2002","2026","C","NH","31200000","2031","","","","019-I-0471-000","MULTILINESTRING ((-84.494011028 39.097028668, -84.4936523928 39.0973370879, -84.4930191243 39.0978954478, -84.4928840425 39.0980054934, -84.4924673582 39.0983448433, -84.4922157408 39.0985516755, -84.4919975045 39.0987432089, -84.4911664759 39.0995095043, -84.4898221086 39.100761547, -84.4892871429 39.1012555803, -84.488923481 39.1016034372, -84.4886506045 39.1018361191, -84.4882495563 39.1021654613, -84.487692738 39.1026383917, -84.4875788765 39.1027322663), (-84.4915003784 39.0989913121, -84.4915163731 39.0989989677, -84.4930510529 39.0997783073))"
"District 06","Campbell","06-08104.00","I","471","I-471","NEW ROUTE(O)","4.722","4.822","CONSTRUCT NEW I-471 SOUTHBOUND OFF-RAMP AT KY-8 (SEE ALSO 6-183.00). (02CCN)(06CCN) (2020CCN)","","2002","2026","R","NH","5750000","2030","","","","019-I-0471-000","MULTILINESTRING ((-84.494011028 39.097028668, -84.4936523928 39.0973370879, -84.4930191243 39.0978954478, -84.4928840425 39.0980054934, -84.4924673582 39.0983448433, -84.4922157408 39.0985516755, -84.4919975045 39.0987432089, -84.4911664759 39.0995095043, -84.4898221086 39.100761547, -84.4892871429 39.1012555803, -84.488923481 39.1016034372, -84.4886506045 39.1018361191, -84.4882495563 39.1021654613, -84.487692738 39.1026383917, -84.4875788765 39.1027322663), (-84.4915003784 39.0989913121, -84.4915163731 39.0989989677, -84.4930510529 39.0997783073))"
"District 06","Campbell","06-08104.00","I","471","I-471","NEW ROUTE(O)","4.722","4.822","CONSTRUCT NEW I-471 SOUTHBOUND OFF-RAMP AT KY-8 (SEE ALSO 6-183.00). (02CCN)(06CCN) (2020CCN)","","2002","2026","U","NH","1080000","2030","","","","019-I-0471-000","MULTILINESTRING ((-84.494011028 39.097028668, -84.4936523928 39.0973370879, -84.4930191243 39.0978954478, -84.4928840425 39.0980054934, -84.4924673582 39.0983448433, -84.4922157408 39.0985516755, -84.4919975045 39.0987432089, -84.4911664759 39.0995095043, -84.4898221086 39.100761547, -84.4892871429 39.1012555803, -84.488923481 39.1016034372, -84.4886506045 39.1018361191, -84.4882495563 39.1021654613, -84.487692738 39.1026383917, -84.4875788765 39.1027322663), (-84.4915003784 39.0989913121, -84.4915163731 39.0989989677, -84.4930510529 39.0997783073))"
"District 06","Campbell","06-08104.00","I","471","I-471","NEW ROUTE(O)","4.722","4.822","CONSTRUCT NEW I-471 SOUTHBOUND OFF-RAMP AT KY-8 (SEE ALSO 6-183.00). (02CCN)(06CCN) (2020CCN)","","2002","2026","D","NH","4340000","2027","","","","019-I-0471-000","MULTILINESTRING ((-84.494011028 39.097028668, -84.4936523928 39.0973370879, -84.4930191243 39.0978954478, -84.4928840425 39.0980054934, -84.4924673582 39.0983448433, -84.4922157408 39.0985516755, -84.4919975045 39.0987432089, -84.4911664759 39.0995095043, -84.4898221086 39.100761547, -84.4892871429 39.1012555803, -84.488923481 39.1016034372, -84.4886506045 39.1018361191, -84.4882495563 39.1021654613, -84.487692738 39.1026383917, -84.4875788765 39.1027322663), (-84.4915003784 39.0989913121, -84.4915163731 39.0989989677, -84.4930510529 39.0997783073))"
"District 06","Campbell","06-10035.00","I","471","I-471","AM-BRIDGE (P)","4.767","5.013","BRIDGE PROJECT IN CAMPBELL COUNTY ON (019B00039L) I-471 NC AT OHIO RIVER","019B00039L","2022","2026","D","BRO","1500000","2030","2023-12-14","Awarded","1","019-I-0471-000","LINESTRING (-84.492198449 39.0993453433, -84.4930510529 39.0997783073, -84.4937891944 39.1001660163, -84.4945278725 39.1005435684, -84.4957729323 39.1011627992, -84.4960082405 39.1012750791)"
"District 06","Campbell","06-10035.00","I","471","I-471","AM-BRIDGE (P)","4.767","5.013","BRIDGE PROJECT IN CAMPBELL COUNTY ON (019B00039L) I-471 NC AT OHIO RIVER","019B00039L","2022","2026","C","BRO","15000000","2030","2023-12-14","Awarded","1","019-I-0471-000","LINESTRING (-84.492198449 39.0993453433, -84.4930510529 39.0997783073, -84.4937891944 39.1001660163, -84.4945278725 39.1005435684, -84.4957729323 39.1011627992, -84.4960082405 39.1012750791)"
"District 06","Campbell","06-10036.00","I","471","I-471","AM-BRIDGE (P)","4.767","5.013","BRIDGE PROJECT IN CAMPBELL COUNTY ON (019B00039R) I-471 AT OHIO RIVER","019B00039R","2022","2026","C","BRO","15000000","2030","2023-12-14","Awarded","1","019-I-0471-000","LINESTRING (-84.492198449 39.0993453433, -84.4930510529 39.0997783073, -84.4937891944 39.1001660163, -84.4945278725 39.1005435684, -84.4957729323 39.1011627992, -84.4960082405 39.1012750791)"
"District 06","Campbell","06-10036.00","I","471","I-471","AM-BRIDGE (P)","4.767","5.013","BRIDGE PROJECT IN CAMPBELL COUNTY ON (019B00039R) I-471 AT OHIO RIVER","019B00039R","2022","2026","D","BRO","1500000","2030","2023-12-14","Awarded","1","019-I-0471-000","LINESTRING (-84.492198449 39.0993453433, -84.4930510529 39.0997783073, -84.4937891944 39.1001660163, -84.4945278725 39.1005435684, -84.4957729323 39.1011627992, -84.4960082405 39.1012750791)"
"District 06","Campbell","06-10051.00","I","275","I-275","AM-BRIDGE (P)","73.061","73.333","ADDRESS DEFICIENCIES OF BRIDGE ON I-275 WB OVER OHIO RIVER @ BRENT (019B00040L)","019B00040L","2024","2026","C","BRO","40000000","2032","2024-10-24","Awarded","1","019-I-0275-000","LINESTRING (-84.4285312869 39.0582834293, -84.4293514298 39.0579336453, -84.4307071902 39.0573105455, -84.4317998794 39.0568432219, -84.4326376634 39.0564702731, -84.4329313037 39.0563432135)"
"District 06","Campbell","06-10053.00","I","275","I-275","AM-BRIDGE (P)","73.063","73.335","ADDRESS DEFICIENCIES OF BRIDGE ON I-275 EB OVER OHIO RIVER @ BRENT (019B00040R)","019B00040R","2024","2026","C","FBP","40000000","2032","","","","019-I-0275-000","LINESTRING (-84.4285640927 39.0582694381, -84.4293514298 39.0579336453, -84.4307071902 39.0573105455, -84.4317998794 39.0568432219, -84.4326376634 39.0564702731, -84.4329639303 39.0563290957)"
"District 06","Campbell","06-10064.00","US","27","US-27","AM-BRIDGE (P)","22.363","22.764","ADDRESS DEFICIENCIES OF BRIDGE ON US-27 OVER OHIO RIVER (019B00076N)","019B00076N","2026","2026","C","BRX","18000000","2030","","","","019-US-0027-000","LINESTRING (-84.498596723 39.0937454247, -84.4986524183 39.0937641266, -84.4987622952 39.0938075538, -84.4988671417 39.0938566939, -84.4989749896 39.0939157489, -84.4990704844 39.0939760473, -84.4992336754 39.0940947065, -84.5023065508 39.0970904305, -84.5032903167 39.0980310932)"
"District 06","Campbell","06-10064.00","US","27","US-27","AM-BRIDGE (P)","22.363","22.764","ADDRESS DEFICIENCIES OF BRIDGE ON US-27 OVER OHIO RIVER (019B00076N)","019B00076N","2026","2026","D","BRX","1800000","2030","","","","019-US-0027-000","LINESTRING (-84.498596723 39.0937454247, -84.4986524183 39.0937641266, -84.4987622952 39.0938075538, -84.4988671417 39.0938566939, -84.4989749896 39.0939157489, -84.4990704844 39.0939760473, -84.4992336754 39.0940947065, -84.5023065508 39.0970904305, -84.5032903167 39.0980310932)"
"District 06","Campbell","06-20010.00","I","275","I-275","AM-PAVEMENT (INT)(P)","73.061","77.579","ADDRESS CONDITION OF I-275 FROM MILEPOINT 73.061 TO MILEPOINT 77.579","","2018","2026","D","NHPM","1070000","2032","","","","019-I-0275-000","LINESTRING (-84.4285312869 39.0582834293, -84.4293514298 39.0579336453, -84.4307071902 39.0573105455, -84.4317998794 39.0568432219, -84.4326376634 39.0564702731, -84.4340242891 39.0558702629, -84.436573206 39.0547462537, -84.4377046981 39.0542512982, -84.4379848303 39.0541231354, -84.4397091401 39.053361482, -84.4411673982 39.0527267559, -84.4434988485 39.0517004317, -84.4446854355 39.0511711447, -84.4455449494 39.0507964215, -84.4469894845 39.0501554356, -84.448483155 39.0495020626, -84.449364749 39.0491308471, -84.4496618607 39.0490157452, -84.4499634444 39.0489064556, -84.4502684455 39.0488029692, -84.4505772144 39.0487052875, -84.4508854732 39.0486163856, -84.4512021168 39.0485311435, -84.4515193458 39.0484524951, -84.4518399912 39.0483796496, -84.4521644011 39.0483128835, -84.4524932732 39.0482524791, -84.4528329601 39.0481976831, -84.4530849788 39.0481625264, -84.4535006476 39.0481115712, -84.4538417261 39.0480773783, -84.4541837585 39.0480489598, -84.4546951613 39.0480196291, -84.4552295716 39.0480031738, -84.4562118408 39.0480063844, -84.4573307125 39.0480099643, -84.4580215672 39.0480067177, -84.458709434 39.047993276, -84.4590519145 39.0479791254, -84.4593931621 39.0479550766, -84.4597345506 39.0479230665, -84.460075395 39.0478819899, -84.4604153487 39.0478315673, -84.4607540835 39.0477704234, -84.461091199 39.0477012992, -84.4614260143 39.0476228152, -84.4617571219 39.0475349545, -84.4621886421 39.0474034228, -84.4627180996 39.0472287404, -84.4632474208 39.0470018898, -84.4636541887 39.0468162747, -84.4639543683 39.0466652043, -84.4642483652 39.0465052805, -84.4645301131 39.0463411073, -84.4648081812 39.0461659111, -84.465078616 39.0459843179, -84.4653406921 39.0457974182, -84.4658460713 39.0454099619, -84.4661953769 39.045127904, -84.4675616757 39.0440347459, -84.4680300657 39.0436471587, -84.4684938459 39.0432411259, -84.4687129854 39.0430323432, -84.4689202866 39.0428160213, -84.4691157578 39.04259161, -84.4692972944 39.0423588132, -84.4694627769 39.0421178821, -84.4696156838 39.0418713249, -84.4697549639 39.041618857, -84.4698777909 39.0413609956, -84.469983452 39.0410982836, -84.4700726363 39.040831551, -84.4701446354 39.0405610657, -84.4702015365 39.0402882226, -84.4702595156 39.039894039, -84.4703052004 39.0394582673, -84.4703463921 39.0388975275, -84.4704370584 39.0374851109, -84.4705679923 39.0352637482, -84.4706608712 39.0339051656, -84.4707599021 39.0322364045, -84.4707987968 39.0316857958, -84.4708243473 39.0314137143, -84.4708632219 39.0311445196, -84.4709192558 39.0308804519, -84.4709936383 39.0306138336, -84.4713090219 39.0298531278, -84.4714590758 39.0296068114, -84.4716171278 39.0293660712, -84.4717919646 39.0291315497, -84.4719839443 39.0289029775, -84.4721919613 39.0286830868, -84.4724149613 39.0284718672, -84.472651521 39.0282701271, -84.4729016451 39.0280775903, -84.473164954 39.027895902, -84.4734407567 39.0277242305, -84.4737245324 39.0275595073, -84.4749056723 39.0269241599, -84.4781920105 39.0251396858, -84.4798335983 39.0242538503, -84.4804160448 39.0239550062, -84.480714106 39.0238170487, -84.4810218707 39.0236877048, -84.4813361722 39.0235669408, -84.481654909 39.0234541856, -84.4819773669 39.0233499793, -84.4823021153 39.0232556806, -84.4826316318 39.0231704914, -84.4829641662 39.0230938452, -84.4833014457 39.0230276802, -84.4836434793 39.0229714496, -84.4839874604 39.0229245723, -84.4843887486 39.0228813212, -84.4847045773 39.0228544617, -84.4850304708 39.0228356692, -84.4853787767 39.0228234283, -84.4857244762 39.0228193943, -84.4893040734 39.0228533279)"
"District 06","Campbell","06-20010.00","I","275","I-275","AM-PAVEMENT (INT)(P)","73.061","77.579","ADDRESS CONDITION OF I-275 FROM MILEPOINT 73.061 TO MILEPOINT 77.579","","2018","2026","C","NHPM","10680000","2032","","","","019-I-0275-000","LINESTRING (-84.4285312869 39.0582834293, -84.4293514298 39.0579336453, -84.4307071902 39.0573105455, -84.4317998794 39.0568432219, -84.4326376634 39.0564702731, -84.4340242891 39.0558702629, -84.436573206 39.0547462537, -84.4377046981 39.0542512982, -84.4379848303 39.0541231354, -84.4397091401 39.053361482, -84.4411673982 39.0527267559, -84.4434988485 39.0517004317, -84.4446854355 39.0511711447, -84.4455449494 39.0507964215, -84.4469894845 39.0501554356, -84.448483155 39.0495020626, -84.449364749 39.0491308471, -84.4496618607 39.0490157452, -84.4499634444 39.0489064556, -84.4502684455 39.0488029692, -84.4505772144 39.0487052875, -84.4508854732 39.0486163856, -84.4512021168 39.0485311435, -84.4515193458 39.0484524951, -84.4518399912 39.0483796496, -84.4521644011 39.0483128835, -84.4524932732 39.0482524791, -84.4528329601 39.0481976831, -84.4530849788 39.0481625264, -84.4535006476 39.0481115712, -84.4538417261 39.0480773783, -84.4541837585 39.0480489598, -84.4546951613 39.0480196291, -84.4552295716 39.0480031738, -84.4562118408 39.0480063844, -84.4573307125 39.0480099643, -84.4580215672 39.0480067177, -84.458709434 39.047993276, -84.4590519145 39.0479791254, -84.4593931621 39.0479550766, -84.4597345506 39.0479230665, -84.460075395 39.0478819899, -84.4604153487 39.0478315673, -84.4607540835 39.0477704234, -84.461091199 39.0477012992, -84.4614260143 39.0476228152, -84.4617571219 39.0475349545, -84.4621886421 39.0474034228, -84.4627180996 39.0472287404, -84.4632474208 39.0470018898, -84.4636541887 39.0468162747, -84.4639543683 39.0466652043, -84.4642483652 39.0465052805, -84.4645301131 39.0463411073, -84.4648081812 39.0461659111, -84.465078616 39.0459843179, -84.4653406921 39.0457974182, -84.4658460713 39.0454099619, -84.4661953769 39.045127904, -84.4675616757 39.0440347459, -84.4680300657 39.0436471587, -84.4684938459 39.0432411259, -84.4687129854 39.0430323432, -84.4689202866 39.0428160213, -84.4691157578 39.04259161, -84.4692972944 39.0423588132, -84.4694627769 39.0421178821, -84.4696156838 39.0418713249, -84.4697549639 39.041618857, -84.4698777909 39.0413609956, -84.469983452 39.0410982836, -84.4700726363 39.040831551, -84.4701446354 39.0405610657, -84.4702015365 39.0402882226, -84.4702595156 39.039894039, -84.4703052004 39.0394582673, -84.4703463921 39.0388975275, -84.4704370584 39.0374851109, -84.4705679923 39.0352637482, -84.4706608712 39.0339051656, -84.4707599021 39.0322364045, -84.4707987968 39.0316857958, -84.4708243473 39.0314137143, -84.4708632219 39.0311445196, -84.4709192558 39.0308804519, -84.4709936383 39.0306138336, -84.4713090219 39.0298531278, -84.4714590758 39.0296068114, -84.4716171278 39.0293660712, -84.4717919646 39.0291315497, -84.4719839443 39.0289029775, -84.4721919613 39.0286830868, -84.4724149613 39.0284718672, -84.472651521 39.0282701271, -84.4729016451 39.0280775903, -84.473164954 39.027895902, -84.4734407567 39.0277242305, -84.4737245324 39.0275595073, -84.4749056723 39.0269241599, -84.4781920105 39.0251396858, -84.4798335983 39.0242538503, -84.4804160448 39.0239550062, -84.480714106 39.0238170487, -84.4810218707 39.0236877048, -84.4813361722 39.0235669408, -84.481654909 39.0234541856, -84.4819773669 39.0233499793, -84.4823021153 39.0232556806, -84.4826316318 39.0231704914, -84.4829641662 39.0230938452, -84.4833014457 39.0230276802, -84.4836434793 39.0229714496, -84.4839874604 39.0229245723, -84.4843887486 39.0228813212, -84.4847045773 39.0228544617, -84.4850304708 39.0228356692, -84.4853787767 39.0228234283, -84.4857244762 39.0228193943, -84.4893040734 39.0228533279)"
"District 06","Campbell","06-20017.00","US","27","US-27","AM-PAVEMENT (PRI)(P)","8.831","10.517","ADDRESS CONDITION OF US-27 FROM MILEPOINT 8.83 TO MILEPOINT 10.52","","2018","2026","C","STP3","1380000","2030","","","","019-US-0027-000","LINESTRING (-84.3941092445 38.9401128875, -84.3940968978 38.9402999254, -84.3939769191 38.9421755056, -84.3938471303 38.9443700192, -84.3937962844 38.9452129118, -84.3934412373 38.9509322174, -84.3933708813 38.9520859677, -84.3932069081 38.954716916, -84.393163803 38.9552943865, -84.3930204845 38.957665277, -84.3929794133 38.9583410645, -84.3928364417 38.9605793413, -84.3927745849 38.9615967239, -84.3927137153 38.9626176867, -84.392703829 38.9630162424, -84.3927150509 38.9638296289, -84.3927378189 38.9642875862, -84.3927438462 38.964367812)"
"District 06","Campbell","06-20017.00","US","27","US-27","AM-PAVEMENT (PRI)(P)","8.831","10.517","ADDRESS CONDITION OF US-27 FROM MILEPOINT 8.83 TO MILEPOINT 10.52","","2018","2026","D","STP3","120000","2030","","","","019-US-0027-000","LINESTRING (-84.3941092445 38.9401128875, -84.3940968978 38.9402999254, -84.3939769191 38.9421755056, -84.3938471303 38.9443700192, -84.3937962844 38.9452129118, -84.3934412373 38.9509322174, -84.3933708813 38.9520859677, -84.3932069081 38.954716916, -84.393163803 38.9552943865, -84.3930204845 38.957665277, -84.3929794133 38.9583410645, -84.3928364417 38.9605793413, -84.3927745849 38.9615967239, -84.3927137153 38.9626176867, -84.392703829 38.9630162424, -84.3927150509 38.9638296289, -84.3927378189 38.9642875862, -84.3927438462 38.964367812)"
"District 06","Campbell","06-80311.00","KY","9","KY-9","SAFETY(P)","16.8","18.0","IMPROVE SAFETY AND REDUCE CONGESTION AT THE I-275 INTERCHANGE WITH KY-9 (AA HWY.) (2024CCN)","","2024","2026","D","SPP","5000000","2029","","","","019-KY-0009-000","LINESTRING (-84.4732080444 39.0115816714, -84.4734658543 39.0117825799, -84.4737508372 39.0120272284, -84.4741197379 39.0123630999, -84.4743084801 39.0125573014, -84.4745496043 39.0127948908, -84.4760779608 39.0142841592, -84.4796124222 39.0177275839, -84.4800959575 39.0181934178, -84.480491904 39.0185762291, -84.480603907 39.0186924556, -84.48081624 39.0189283529, -84.4809164791 39.0190532397, -84.4810092426 39.0191829896, -84.4810903519 39.0193150857, -84.4811601291 39.0194511806, -84.4812179233 39.0195882463, -84.481262694 39.0197254487, -84.4812961982 39.0198628052, -84.4813204877 39.0200039086, -84.481332746 39.0201487279, -84.4813322825 39.0202964325, -84.4813219343 39.0204459536, -84.4813030779 39.0205989543, -84.4812248612 39.021068158, -84.4811801228 39.0212925423, -84.4810622432 39.0219977152, -84.4806356934 39.0243979931, -84.4805371101 39.0249850365, -84.4804942851 39.0252003804, -84.4803328465 39.026280676)"
"District 06","Campbell","06-80311.00","KY","9","KY-9","SAFETY(P)","16.8","18.0","IMPROVE SAFETY AND REDUCE CONGESTION AT THE I-275 INTERCHANGE WITH KY-9 (AA HWY.) (2024CCN)","","2024","2026","U","SPP","2000000","2031","","","","019-KY-0009-000","LINESTRING (-84.4732080444 39.0115816714, -84.4734658543 39.0117825799, -84.4737508372 39.0120272284, -84.4741197379 39.0123630999, -84.4743084801 39.0125573014, -84.4745496043 39.0127948908, -84.4760779608 39.0142841592, -84.4796124222 39.0177275839, -84.4800959575 39.0181934178, -84.480491904 39.0185762291, -84.480603907 39.0186924556, -84.48081624 39.0189283529, -84.4809164791 39.0190532397, -84.4810092426 39.0191829896, -84.4810903519 39.0193150857, -84.4811601291 39.0194511806, -84.4812179233 39.0195882463, -84.481262694 39.0197254487, -84.4812961982 39.0198628052, -84.4813204877 39.0200039086, -84.481332746 39.0201487279, -84.4813322825 39.0202964325, -84.4813219343 39.0204459536, -84.4813030779 39.0205989543, -84.4812248612 39.021068158, -84.4811801228 39.0212925423, -84.4810622432 39.0219977152, -84.4806356934 39.0243979931, -84.4805371101 39.0249850365, -84.4804942851 39.0252003804, -84.4803328465 39.026280676)"
"District 06","Campbell","06-80311.00","KY","9","KY-9","SAFETY(P)","16.8","18.0","IMPROVE SAFETY AND REDUCE CONGESTION AT THE I-275 INTERCHANGE WITH KY-9 (AA HWY.) (2024CCN)","","2024","2026","R","SPP","500000","2030","","","","019-KY-0009-000","LINESTRING (-84.4732080444 39.0115816714, -84.4734658543 39.0117825799, -84.4737508372 39.0120272284, -84.4741197379 39.0123630999, -84.4743084801 39.0125573014, -84.4745496043 39.0127948908, -84.4760779608 39.0142841592, -84.4796124222 39.0177275839, -84.4800959575 39.0181934178, -84.480491904 39.0185762291, -84.480603907 39.0186924556, -84.48081624 39.0189283529, -84.4809164791 39.0190532397, -84.4810092426 39.0191829896, -84.4810903519 39.0193150857, -84.4811601291 39.0194511806, -84.4812179233 39.0195882463, -84.481262694 39.0197254487, -84.4812961982 39.0198628052, -84.4813204877 39.0200039086, -84.481332746 39.0201487279, -84.4813322825 39.0202964325, -84.4813219343 39.0204459536, -84.4813030779 39.0205989543, -84.4812248612 39.021068158, -84.4811801228 39.0212925423, -84.4810622432 39.0219977152, -84.4806356934 39.0243979931, -84.4805371101 39.0249850365, -84.4804942851 39.0252003804, -84.4803328465 39.026280676)"
"District 06","Campbell","06-80311.00","KY","9","KY-9","SAFETY(P)","16.8","18.0","IMPROVE SAFETY AND REDUCE CONGESTION AT THE I-275 INTERCHANGE WITH KY-9 (AA HWY.) (2024CCN)","","2024","2026","C","SPP","50000000","2032","","","","019-KY-0009-000","LINESTRING (-84.4732080444 39.0115816714, -84.4734658543 39.0117825799, -84.4737508372 39.0120272284, -84.4741197379 39.0123630999, -84.4743084801 39.0125573014, -84.4745496043 39.0127948908, -84.4760779608 39.0142841592, -84.4796124222 39.0177275839, -84.4800959575 39.0181934178, -84.480491904 39.0185762291, -84.480603907 39.0186924556, -84.48081624 39.0189283529, -84.4809164791 39.0190532397, -84.4810092426 39.0191829896, -84.4810903519 39.0193150857, -84.4811601291 39.0194511806, -84.4812179233 39.0195882463, -84.481262694 39.0197254487, -84.4812961982 39.0198628052, -84.4813204877 39.0200039086, -84.481332746 39.0201487279, -84.4813322825 39.0202964325, -84.4813219343 39.0204459536, -84.4813030779 39.0205989543, -84.4812248612 39.021068158, -84.4811801228 39.0212925423, -84.4810622432 39.0219977152, -84.4806356934 39.0243979931, -84.4805371101 39.0249850365, -84.4804942851 39.0252003804, -84.4803328465 39.026280676)"
"District 06","Campbell","06-80313.00","PF","9999","PF-9999","CONGESTION MITIGTN(O)","","","Construct a roundabout at the intersection of KY 1892 (Grand Ave) and Highland Ave (2024CCN)","","2024","2026","C","SPP","3100000","2031","","","","",""
"District 06","Campbell","06-80313.00","PF","9999","PF-9999","CONGESTION MITIGTN(O)","","","Construct a roundabout at the intersection of KY 1892 (Grand Ave) and Highland Ave (2024CCN)","","2024","2026","D","SPP","810000","2029","","","","",""
"District 06","Campbell","06-80313.00","PF","9999","PF-9999","CONGESTION MITIGTN(O)","","","Construct a roundabout at the intersection of KY 1892 (Grand Ave) and Highland Ave (2024CCN)","","2024","2026","R","SPP","3300000","2030","","","","",""
"District 06","Campbell","06-80313.00","PF","9999","PF-9999","CONGESTION MITIGTN(O)","","","Construct a roundabout at the intersection of KY 1892 (Grand Ave) and Highland Ave (2024CCN)","","2024","2026","U","SPP","1160000","2030","","","","",""
"District 06","Campbell","06-80314.00","US","27","US-27","MAJOR WIDENING(O)","11.8","12.4","IMPROVE CONDITIONS BY CONSTRUCTING A SOUTHBOUND TRUCK CLIMBING LANE NORTH OF KY 709, AND RECONSTRUCT THE INTERSECTION OF KY 709 AND US 27 TO ALLOW FOR ADEQUATE TURN LANES THAT ACCOMMODATE ALL MOVEMENTS. (2024CCN)","","2024","2026","U","SPP","750000","2030","","","","019-US-0027-000","LINESTRING (-84.3966179819 38.9819197441, -84.3969068592 38.9820029658, -84.3975095673 38.9821668346, -84.3977932976 38.9822507656, -84.3980859326 38.9823477004, -84.3983947003 38.9824662324, -84.3985590383 38.9825389272, -84.3988748218 38.9826965252, -84.3991139156 38.9828354094, -84.3993318012 38.9829798193, -84.3995834722 38.9831614013, -84.3996601911 38.9832166306, -84.4010920033 38.9843521798, -84.4028934366 38.9857812608, -84.4037190104 38.9864324826, -84.4041027231 38.9867421144, -84.4043654078 38.9869573058, -84.4046247258 38.9871834417, -84.4048698028 38.9874187517, -84.4050071632 38.9875571068)"
"District 06","Campbell","06-80314.00","US","27","US-27","MAJOR WIDENING(O)","11.8","12.4","IMPROVE CONDITIONS BY CONSTRUCTING A SOUTHBOUND TRUCK CLIMBING LANE NORTH OF KY 709, AND RECONSTRUCT THE INTERSECTION OF KY 709 AND US 27 TO ALLOW FOR ADEQUATE TURN LANES THAT ACCOMMODATE ALL MOVEMENTS. (2024CCN)","","2024","2026","D","SPP","780000","2029","","","","019-US-0027-000","LINESTRING (-84.3966179819 38.9819197441, -84.3969068592 38.9820029658, -84.3975095673 38.9821668346, -84.3977932976 38.9822507656, -84.3980859326 38.9823477004, -84.3983947003 38.9824662324, -84.3985590383 38.9825389272, -84.3988748218 38.9826965252, -84.3991139156 38.9828354094, -84.3993318012 38.9829798193, -84.3995834722 38.9831614013, -84.3996601911 38.9832166306, -84.4010920033 38.9843521798, -84.4028934366 38.9857812608, -84.4037190104 38.9864324826, -84.4041027231 38.9867421144, -84.4043654078 38.9869573058, -84.4046247258 38.9871834417, -84.4048698028 38.9874187517, -84.4050071632 38.9875571068)"
"District 06","Campbell","06-80314.00","US","27","US-27","MAJOR WIDENING(O)","11.8","12.4","IMPROVE CONDITIONS BY CONSTRUCTING A SOUTHBOUND TRUCK CLIMBING LANE NORTH OF KY 709, AND RECONSTRUCT THE INTERSECTION OF KY 709 AND US 27 TO ALLOW FOR ADEQUATE TURN LANES THAT ACCOMMODATE ALL MOVEMENTS. (2024CCN)","","2024","2026","R","SPP","1500000","2030","","","","019-US-0027-000","LINESTRING (-84.3966179819 38.9819197441, -84.3969068592 38.9820029658, -84.3975095673 38.9821668346, -84.3977932976 38.9822507656, -84.3980859326 38.9823477004, -84.3983947003 38.9824662324, -84.3985590383 38.9825389272, -84.3988748218 38.9826965252, -84.3991139156 38.9828354094, -84.3993318012 38.9829798193, -84.3995834722 38.9831614013, -84.3996601911 38.9832166306, -84.4010920033 38.9843521798, -84.4028934366 38.9857812608, -84.4037190104 38.9864324826, -84.4041027231 38.9867421144, -84.4043654078 38.9869573058, -84.4046247258 38.9871834417, -84.4048698028 38.9874187517, -84.4050071632 38.9875571068)"
"District 06","Campbell","06-80314.00","US","27","US-27","MAJOR WIDENING(O)","11.8","12.4","IMPROVE CONDITIONS BY CONSTRUCTING A SOUTHBOUND TRUCK CLIMBING LANE NORTH OF KY 709, AND RECONSTRUCT THE INTERSECTION OF KY 709 AND US 27 TO ALLOW FOR ADEQUATE TURN LANES THAT ACCOMMODATE ALL MOVEMENTS. (2024CCN)","","2024","2026","C","SPP","7750000","2031","","","","019-US-0027-000","LINESTRING (-84.3966179819 38.9819197441, -84.3969068592 38.9820029658, -84.3975095673 38.9821668346, -84.3977932976 38.9822507656, -84.3980859326 38.9823477004, -84.3983947003 38.9824662324, -84.3985590383 38.9825389272, -84.3988748218 38.9826965252, -84.3991139156 38.9828354094, -84.3993318012 38.9829798193, -84.3995834722 38.9831614013, -84.3996601911 38.9832166306, -84.4010920033 38.9843521798, -84.4028934366 38.9857812608, -84.4037190104 38.9864324826, -84.4041027231 38.9867421144, -84.4043654078 38.9869573058, -84.4046247258 38.9871834417, -84.4048698028 38.9874187517, -84.4050071632 38.9875571068)"
"District 06","Carroll","06-01084.00","US","42","US-42","AM-BRIDGE (P)","5.697","5.947","BRIDGE PROJECT IN CARROLL COUNTY ON (021B00043N) US-42 AT KENTUCKY RIVER & CITY ST","021B00043N","2016","2026","C","BRX","28645178","2026","","","","021-US-0042-000","LINESTRING (-85.1901965156 38.6801973308, -85.1891319219 38.6802644703, -85.1873329165 38.6803897, -85.1868209045 38.6804205028, -85.1863862603 38.6804571614, -85.186171357 38.6804797574, -85.1857470596 38.6805373305, -85.1854710771 38.6805830922)"
"District 06","Carroll","06-01084.00","US","42","US-42","AM-BRIDGE (P)","5.697","5.947","BRIDGE PROJECT IN CARROLL COUNTY ON (021B00043N) US-42 AT KENTUCKY RIVER & CITY ST","021B00043N","2016","2026","U","BRX","2500000","2026","","","","021-US-0042-000","LINESTRING (-85.1901965156 38.6801973308, -85.1891319219 38.6802644703, -85.1873329165 38.6803897, -85.1868209045 38.6804205028, -85.1863862603 38.6804571614, -85.186171357 38.6804797574, -85.1857470596 38.6805373305, -85.1854710771 38.6805830922)"
"District 06","Carroll","06-20020.00","I","71","I-71","AM-PAVEMENT (INT)(P)","46.12","53.43","ADDRESS CONDITION OF I-071 FROM MILEPOINT 46.1205 TO MILEPOINT 53.433","","2018","2026","D","NHPM","2840000","2026","","","","021-I-0071-000","LINESTRING (-85.0913788495 38.6521414276, -85.0902558268 38.6520206743, -85.0898096661 38.6519885456, -85.0893976942 38.6519703334, -85.0890923944 38.6519661671, -85.0887411568 38.651969433, -85.0882657965 38.6519912281, -85.0877538488 38.6520317644, -85.0871449633 38.6521047078, -85.0868223415 38.6521572777, -85.0862834966 38.652267676, -85.0859417136 38.6523478688, -85.0855485931 38.6524516629, -85.0839858465 38.6529113627, -85.0824054533 38.6533841229, -85.0809929628 38.6537973981, -85.0807809828 38.6538497495, -85.0802071812 38.6540277456, -85.0760671304 38.655246303, -85.0752241087 38.6554908457, -85.074593636 38.6556597065, -85.0740469739 38.6557774182, -85.0734381362 38.6558782992, -85.0729515568 38.6559359399, -85.0723064393 38.655983615, -85.0719039727 38.6559958748, -85.0714981207 38.6559954843, -85.0711417329 38.6559854892, -85.0708053723 38.6559681935, -85.0701527578 38.6559180634, -85.0641905801 38.655439034, -85.0630777307 38.655363696, -85.0624469512 38.6553386357, -85.0617033085 38.6553250017, -85.061082808 38.6553241572, -85.0604860051 38.6553352541, -85.0591996395 38.6553909481, -85.0582110144 38.6554736199, -85.0575751407 38.6555429609, -85.0569181275 38.6556256302, -85.0563378274 38.6557057218, -85.0556307748 38.6558213161, -85.0546046859 38.6560130241, -85.0537049459 38.6562109532, -85.0524658136 38.6565257811, -85.0513146824 38.6568650013, -85.0362401825 38.6618399292, -85.0329899439 38.6629093832, -85.0267385468 38.6649762234, -85.0260521213 38.6652230178, -85.0253704105 38.665488508, -85.0247231982 38.6657709538, -85.0240004328 38.6661138928, -85.0235452328 38.6663510995, -85.0227116474 38.6668133452, -85.0147304427 38.6714283408, -85.0135922266 38.6720789258, -85.013230587 38.6722702671, -85.0128969402 38.6724293803, -85.0124290695 38.6726304956, -85.012014175 38.6727880048, -85.0117414323 38.6728813185, -85.0114813879 38.6729656497, -85.0110145542 38.6730981199, -85.0105868919 38.6732014524, -85.0102797557 38.6732665424, -85.0098365695 38.6733461617, -85.0094942174 38.6733951046, -85.0089219333 38.6734599135, -85.0055326313 38.6737852858, -85.001736876 38.6741560598, -84.9986055913 38.6744534772, -84.991995739 38.6750906109, -84.9915174087 38.6751446764, -84.9902686119 38.6753209566, -84.9888199044 38.6755884795, -84.9874906661 38.6758861306, -84.9858826088 38.6763167967, -84.9663022619 38.6815984741, -84.9645474834 38.6820606285)"
"District 06","Carroll","06-20020.00","I","71","I-71","AM-PAVEMENT (INT)(P)","46.12","53.43","ADDRESS CONDITION OF I-071 FROM MILEPOINT 46.1205 TO MILEPOINT 53.433","","2018","2026","C","NHPM","28400000","2026","","","","021-I-0071-000","LINESTRING (-85.0913788495 38.6521414276, -85.0902558268 38.6520206743, -85.0898096661 38.6519885456, -85.0893976942 38.6519703334, -85.0890923944 38.6519661671, -85.0887411568 38.651969433, -85.0882657965 38.6519912281, -85.0877538488 38.6520317644, -85.0871449633 38.6521047078, -85.0868223415 38.6521572777, -85.0862834966 38.652267676, -85.0859417136 38.6523478688, -85.0855485931 38.6524516629, -85.0839858465 38.6529113627, -85.0824054533 38.6533841229, -85.0809929628 38.6537973981, -85.0807809828 38.6538497495, -85.0802071812 38.6540277456, -85.0760671304 38.655246303, -85.0752241087 38.6554908457, -85.074593636 38.6556597065, -85.0740469739 38.6557774182, -85.0734381362 38.6558782992, -85.0729515568 38.6559359399, -85.0723064393 38.655983615, -85.0719039727 38.6559958748, -85.0714981207 38.6559954843, -85.0711417329 38.6559854892, -85.0708053723 38.6559681935, -85.0701527578 38.6559180634, -85.0641905801 38.655439034, -85.0630777307 38.655363696, -85.0624469512 38.6553386357, -85.0617033085 38.6553250017, -85.061082808 38.6553241572, -85.0604860051 38.6553352541, -85.0591996395 38.6553909481, -85.0582110144 38.6554736199, -85.0575751407 38.6555429609, -85.0569181275 38.6556256302, -85.0563378274 38.6557057218, -85.0556307748 38.6558213161, -85.0546046859 38.6560130241, -85.0537049459 38.6562109532, -85.0524658136 38.6565257811, -85.0513146824 38.6568650013, -85.0362401825 38.6618399292, -85.0329899439 38.6629093832, -85.0267385468 38.6649762234, -85.0260521213 38.6652230178, -85.0253704105 38.665488508, -85.0247231982 38.6657709538, -85.0240004328 38.6661138928, -85.0235452328 38.6663510995, -85.0227116474 38.6668133452, -85.0147304427 38.6714283408, -85.0135922266 38.6720789258, -85.013230587 38.6722702671, -85.0128969402 38.6724293803, -85.0124290695 38.6726304956, -85.012014175 38.6727880048, -85.0117414323 38.6728813185, -85.0114813879 38.6729656497, -85.0110145542 38.6730981199, -85.0105868919 38.6732014524, -85.0102797557 38.6732665424, -85.0098365695 38.6733461617, -85.0094942174 38.6733951046, -85.0089219333 38.6734599135, -85.0055326313 38.6737852858, -85.001736876 38.6741560598, -84.9986055913 38.6744534772, -84.991995739 38.6750906109, -84.9915174087 38.6751446764, -84.9902686119 38.6753209566, -84.9888199044 38.6755884795, -84.9874906661 38.6758861306, -84.9858826088 38.6763167967, -84.9663022619 38.6815984741, -84.9645474834 38.6820606285)"
"District 06","Carroll","06-20050.00","KY","467","KY-467","AM-PAVEMENT (PRI)(P)","0.0","4.52","ADDRESS CONDITION OF KY-467 FROM MILEPOINT 0 TO MILEPOINT 4.52","","2018","2026","D","STP5","64000","2031","","","","021-KY-0467-000","LINESTRING (-85.0775479143 38.6087685065, -85.077118356 38.608977234, -85.0769899621 38.6090111054, -85.0768827989 38.60901956, -85.0767628393 38.6090114666, -85.0766332712 38.6089827262, -85.0764968712 38.6089358228, -85.0762004929 38.6088182685, -85.07605155 38.6087655281, -85.0758962259 38.6087215375, -85.0757285796 38.6086857156, -85.0755492964 38.6086594368, -85.0753517468 38.6086407429, -85.0751492241 38.6086299834, -85.0745160262 38.6086068932, -85.0740699316 38.6085969446, -85.0734083822 38.6085745114, -85.0729876489 38.6085844736, -85.0727722124 38.6086079598, -85.0725583683 38.6086484793, -85.0723475623 38.6087008224, -85.0718492869 38.608845984, -85.0693546259 38.6095832765, -85.068911044 38.6097163822, -85.0676958915 38.6100655562, -85.0659174629 38.6105839189, -85.0657592621 38.6106233725, -85.0656046222 38.6106562571, -85.0654486904 38.6106776015, -85.0652329997 38.6106898143, -85.0651454628 38.610694802, -85.0649962154 38.6107123401, -85.064842672 38.6107402872, -85.0646876091 38.6107808563, -85.064218697 38.6109264298, -85.0638822161 38.6110189466, -85.0633502273 38.6111732146, -85.0630001122 38.6112640032, -85.0624764422 38.6113889344, -85.0623059334 38.6114343534, -85.062138488 38.6114888518, -85.0619772211 38.6115562907, -85.0618179107 38.6116388438, -85.061322202 38.6119160519, -85.0611612126 38.6119909053, -85.0609993361 38.6120484548, -85.0608190757 38.6120885984, -85.0604441365 38.6121388712, -85.0598848052 38.6122218469, -85.0597087942 38.6122565217, -85.0595294988 38.6123054559, -85.0589067994 38.6125020118, -85.0580174347 38.6127708778, -85.0578369736 38.6128318845, -85.0576672817 38.6129011909, -85.0573283999 38.6130606747, -85.0571602916 38.6131475629, -85.0568336606 38.6133436369, -85.0565434332 38.6135388233, -85.0563127931 38.6137241966, -85.0560731082 38.613903751, -85.0558321571 38.6140690187, -85.0556117557 38.6142077708, -85.054997841 38.6145452206, -85.0544840475 38.6148055456, -85.0543111308 38.6148819678, -85.0541277942 38.614950091, -85.0539239979 38.6149980492, -85.0535107733 38.6150607073, -85.0518054567 38.6152289152, -85.0511950759 38.6153033137, -85.0509928608 38.6153320551, -85.050390653 38.6154301113, -85.0497771415 38.6155388074, -85.0493895788 38.6156254905, -85.0489970135 38.6157228525, -85.0487918658 38.6157653022, -85.0483935867 38.6158379153, -85.0482070073 38.6158782771, -85.0478393683 38.6159672702, -85.0472821447 38.6161177473, -85.0466407135 38.6163264859, -85.0462290725 38.6164412993, -85.0457975894 38.6165450106, -85.0453602334 38.6166404476, -85.0449869902 38.6167291239, -85.0448038307 38.6167774636, -85.0436503114 38.6170987486, -85.0407463121 38.6178692555, -85.0378231499 38.6186604453, -85.0372591824 38.6188163277, -85.0369769354 38.6189033269, -85.0366922498 38.6189889389, -85.0343988504 38.6196171458, -85.0335333069 38.6198299563, -85.0315054237 38.6203600315, -85.0304092706 38.6206376024, -85.0293290938 38.6209267918, -85.0285105758 38.6211239258, -85.028302431 38.6211836207, -85.0280928013 38.6212518191, -85.0278809843 38.6213287904, -85.0219377258 38.6236556487, -85.021748611 38.6237363179, -85.0215643262 38.6238238803, -85.021384168 38.6239188828, -85.0212070943 38.6240204926, -85.0208528372 38.6242344206, -85.0206795072 38.6243464874, -85.0205187553 38.6244608277, -85.020377965 38.6245741916, -85.0202613436 38.6246857824, -85.0201566217 38.6247974452, -85.0197301499 38.6253022624, -85.0196076601 38.6254404507, -85.0191004096 38.6259716787, -85.0189825081 38.6261057757, -85.018870494 38.6262462238, -85.018765737 38.626396053, -85.0183602049 38.6270102783, -85.0182734037 38.6271495089, -85.0181992132 38.6272877179, -85.0181438693 38.6274315345, -85.018104235 38.6275795674, -85.0180803237 38.6277304419, -85.0180333076 38.6281615265, -85.0179857863 38.6287131502, -85.0178830792 38.6294624099, -85.0178284783 38.6298116216, -85.0177004909 38.6304632477, -85.0175946359 38.6307569513, -85.0175321596 38.6308784827, -85.0174659261 38.6309906544, -85.0173224422 38.6311965337, -85.0171779504 38.6314328846, -85.0171102373 38.6315878831, -85.017054768 38.6317786525, -85.0169980561 38.6319186158, -85.016934321 38.6320258606, -85.0168262022 38.6321605639, -85.0163507294 38.6326230553, -85.0159033646 38.6331793502, -85.0157617786 38.633334715, -85.0156591987 38.6334403462, -85.0153489233 38.6337305892, -85.0151356134 38.6339165386, -85.0148547433 38.6341715396, -85.014522028 38.6344297896, -85.0142216017 38.634609982, -85.0132421585 38.6352288753, -85.0130777399 38.6353214904, -85.0127174383 38.6355021321, -85.0125254235 38.6355885343, -85.0123278931 38.6356663907, -85.0121283363 38.6357368187, -85.0119250531 38.6357948684, -85.0117187086 38.6358441123, -85.0115061528 38.6358842554, -85.0106457921 38.6360087901, -85.0104354771 38.6360349414, -85.0098323804 38.6360946201, -85.0096378092 38.6361216923, -85.0094438635 38.636156181, -85.0090667111 38.6362364832, -85.0088836917 38.6362636249, -85.0087015483 38.6362734736, -85.0085265357 38.6362704615, -85.0081997396 38.636252498, -85.0080565939 38.6362485848, -85.0079308577 38.6362541166, -85.0078396734 38.6362700229, -85.0077728694 38.6362984376, -85.0077423884 38.6363266666)"
"District 06","Carroll","06-20050.00","KY","467","KY-467","AM-PAVEMENT (PRI)(P)","0.0","4.52","ADDRESS CONDITION OF KY-467 FROM MILEPOINT 0 TO MILEPOINT 4.52","","2018","2026","C","STP5","736000","2031","","","","021-KY-0467-000","LINESTRING (-85.0775479143 38.6087685065, -85.077118356 38.608977234, -85.0769899621 38.6090111054, -85.0768827989 38.60901956, -85.0767628393 38.6090114666, -85.0766332712 38.6089827262, -85.0764968712 38.6089358228, -85.0762004929 38.6088182685, -85.07605155 38.6087655281, -85.0758962259 38.6087215375, -85.0757285796 38.6086857156, -85.0755492964 38.6086594368, -85.0753517468 38.6086407429, -85.0751492241 38.6086299834, -85.0745160262 38.6086068932, -85.0740699316 38.6085969446, -85.0734083822 38.6085745114, -85.0729876489 38.6085844736, -85.0727722124 38.6086079598, -85.0725583683 38.6086484793, -85.0723475623 38.6087008224, -85.0718492869 38.608845984, -85.0693546259 38.6095832765, -85.068911044 38.6097163822, -85.0676958915 38.6100655562, -85.0659174629 38.6105839189, -85.0657592621 38.6106233725, -85.0656046222 38.6106562571, -85.0654486904 38.6106776015, -85.0652329997 38.6106898143, -85.0651454628 38.610694802, -85.0649962154 38.6107123401, -85.064842672 38.6107402872, -85.0646876091 38.6107808563, -85.064218697 38.6109264298, -85.0638822161 38.6110189466, -85.0633502273 38.6111732146, -85.0630001122 38.6112640032, -85.0624764422 38.6113889344, -85.0623059334 38.6114343534, -85.062138488 38.6114888518, -85.0619772211 38.6115562907, -85.0618179107 38.6116388438, -85.061322202 38.6119160519, -85.0611612126 38.6119909053, -85.0609993361 38.6120484548, -85.0608190757 38.6120885984, -85.0604441365 38.6121388712, -85.0598848052 38.6122218469, -85.0597087942 38.6122565217, -85.0595294988 38.6123054559, -85.0589067994 38.6125020118, -85.0580174347 38.6127708778, -85.0578369736 38.6128318845, -85.0576672817 38.6129011909, -85.0573283999 38.6130606747, -85.0571602916 38.6131475629, -85.0568336606 38.6133436369, -85.0565434332 38.6135388233, -85.0563127931 38.6137241966, -85.0560731082 38.613903751, -85.0558321571 38.6140690187, -85.0556117557 38.6142077708, -85.054997841 38.6145452206, -85.0544840475 38.6148055456, -85.0543111308 38.6148819678, -85.0541277942 38.614950091, -85.0539239979 38.6149980492, -85.0535107733 38.6150607073, -85.0518054567 38.6152289152, -85.0511950759 38.6153033137, -85.0509928608 38.6153320551, -85.050390653 38.6154301113, -85.0497771415 38.6155388074, -85.0493895788 38.6156254905, -85.0489970135 38.6157228525, -85.0487918658 38.6157653022, -85.0483935867 38.6158379153, -85.0482070073 38.6158782771, -85.0478393683 38.6159672702, -85.0472821447 38.6161177473, -85.0466407135 38.6163264859, -85.0462290725 38.6164412993, -85.0457975894 38.6165450106, -85.0453602334 38.6166404476, -85.0449869902 38.6167291239, -85.0448038307 38.6167774636, -85.0436503114 38.6170987486, -85.0407463121 38.6178692555, -85.0378231499 38.6186604453, -85.0372591824 38.6188163277, -85.0369769354 38.6189033269, -85.0366922498 38.6189889389, -85.0343988504 38.6196171458, -85.0335333069 38.6198299563, -85.0315054237 38.6203600315, -85.0304092706 38.6206376024, -85.0293290938 38.6209267918, -85.0285105758 38.6211239258, -85.028302431 38.6211836207, -85.0280928013 38.6212518191, -85.0278809843 38.6213287904, -85.0219377258 38.6236556487, -85.021748611 38.6237363179, -85.0215643262 38.6238238803, -85.021384168 38.6239188828, -85.0212070943 38.6240204926, -85.0208528372 38.6242344206, -85.0206795072 38.6243464874, -85.0205187553 38.6244608277, -85.020377965 38.6245741916, -85.0202613436 38.6246857824, -85.0201566217 38.6247974452, -85.0197301499 38.6253022624, -85.0196076601 38.6254404507, -85.0191004096 38.6259716787, -85.0189825081 38.6261057757, -85.018870494 38.6262462238, -85.018765737 38.626396053, -85.0183602049 38.6270102783, -85.0182734037 38.6271495089, -85.0181992132 38.6272877179, -85.0181438693 38.6274315345, -85.018104235 38.6275795674, -85.0180803237 38.6277304419, -85.0180333076 38.6281615265, -85.0179857863 38.6287131502, -85.0178830792 38.6294624099, -85.0178284783 38.6298116216, -85.0177004909 38.6304632477, -85.0175946359 38.6307569513, -85.0175321596 38.6308784827, -85.0174659261 38.6309906544, -85.0173224422 38.6311965337, -85.0171779504 38.6314328846, -85.0171102373 38.6315878831, -85.017054768 38.6317786525, -85.0169980561 38.6319186158, -85.016934321 38.6320258606, -85.0168262022 38.6321605639, -85.0163507294 38.6326230553, -85.0159033646 38.6331793502, -85.0157617786 38.633334715, -85.0156591987 38.6334403462, -85.0153489233 38.6337305892, -85.0151356134 38.6339165386, -85.0148547433 38.6341715396, -85.014522028 38.6344297896, -85.0142216017 38.634609982, -85.0132421585 38.6352288753, -85.0130777399 38.6353214904, -85.0127174383 38.6355021321, -85.0125254235 38.6355885343, -85.0123278931 38.6356663907, -85.0121283363 38.6357368187, -85.0119250531 38.6357948684, -85.0117187086 38.6358441123, -85.0115061528 38.6358842554, -85.0106457921 38.6360087901, -85.0104354771 38.6360349414, -85.0098323804 38.6360946201, -85.0096378092 38.6361216923, -85.0094438635 38.636156181, -85.0090667111 38.6362364832, -85.0088836917 38.6362636249, -85.0087015483 38.6362734736, -85.0085265357 38.6362704615, -85.0081997396 38.636252498, -85.0080565939 38.6362485848, -85.0079308577 38.6362541166, -85.0078396734 38.6362700229, -85.0077728694 38.6362984376, -85.0077423884 38.6363266666)"
"District 06","Carroll","06-22101.00","I","71","I-71","AM-PAVEMENT (INT)(P)","38.81","46.12","ADDRESS CONDITION OF I-071 FROM MILEPOINT 38.808 TO MILEPOINT 46.1205","","2022","2026","D","NHPM","3170000","2026","","","","021-I-0071-000","LINESTRING (-85.1762674025 38.5845197356, -85.1758936379 38.5851637594, -85.1756493104 38.5856280038, -85.175475856 38.5860656809, -85.1753658536 38.5863973986, -85.1752835303 38.5867234841, -85.1752412349 38.5869418511, -85.1751891675 38.5872908731, -85.1751620998 38.5877086623, -85.1751571045 38.587988442, -85.1751839185 38.5883164278, -85.1753564351 38.5896490053, -85.1754098233 38.5902020059, -85.1754419541 38.5906552284, -85.175436855 38.5909929446, -85.1754015127 38.5914397997, -85.1753442177 38.5918305333, -85.1750860657 38.5927601318, -85.1749468653 38.5931548624, -85.1747019505 38.5936896696, -85.1740527016 38.5949644488, -85.17342552 38.5962330149, -85.1732630251 38.5966070362, -85.1731195625 38.5970077849, -85.1730440067 38.5973160524, -85.1729716267 38.5978871135, -85.1729565829 38.5983310445, -85.1729686985 38.5989250316, -85.1729988513 38.6000273633, -85.1729951278 38.600411215, -85.1729600703 38.6007748704, -85.1729239767 38.6010479069, -85.1728366748 38.6014253125, -85.1727256419 38.6017498822, -85.1725610491 38.6021216947, -85.1723970488 38.6024182738, -85.1722427748 38.6026792038, -85.1720296087 38.6029535766, -85.1717537257 38.6032820122, -85.1699449956 38.6050906805, -85.1696007715 38.6055184513, -85.1693157346 38.6059396456, -85.1691402468 38.6062699379, -85.168977275 38.6066543837, -85.1686150034 38.6075905942, -85.1681204925 38.6089168893, -85.1679094352 38.6093617814, -85.1677178574 38.6096892466, -85.1675424949 38.6099577548, -85.1673981063 38.6101596907, -85.1672028046 38.6103827943, -85.1667244613 38.6108601485, -85.1662911523 38.6112188262, -85.1650118317 38.6121653473, -85.1643078664 38.6127135226, -85.1637636806 38.613148803, -85.1633281935 38.6136010922, -85.1627283948 38.6142925542, -85.1617984531 38.6154321502, -85.1608788382 38.6165462523, -85.1589764064 38.6188757176, -85.157020961 38.6212534871, -85.1564940156 38.6218804783, -85.1560372638 38.6223963371, -85.1556192654 38.622837426, -85.1552085576 38.6232423049, -85.1543910575 38.6239559744, -85.1538016433 38.6244258541, -85.1531615003 38.624891906, -85.1525698808 38.6252870814, -85.1516732423 38.6258273471, -85.1508417364 38.6262773225, -85.1498736462 38.6267345652, -85.1490178624 38.6271119152, -85.1462472204 38.6283120905, -85.1441215743 38.6292225082, -85.1367867218 38.6323931489, -85.1337960725 38.6336896519, -85.1323146766 38.6343420651, -85.1315659009 38.6347116074, -85.1308980223 38.6350766237, -85.1302083974 38.6355285647, -85.1296252006 38.6359376732, -85.1290558005 38.6364116514, -85.128499446 38.6369150763, -85.1280030501 38.6374479172, -85.1275119211 38.6380189498, -85.127154342 38.6385288996, -85.1267030929 38.6392253467, -85.125259688 38.6416406858, -85.1245605032 38.6428311676, -85.1238455105 38.6440251309, -85.123396739 38.6447517812, -85.123094355 38.6451873223, -85.1228439037 38.6454863944, -85.122612839 38.6457292793, -85.122372466 38.6459550903, -85.1204698803 38.6476227295, -85.1165228323 38.6510568348, -85.1161460542 38.6513818538, -85.1156263262 38.6517972704, -85.1152295981 38.6520798955, -85.1148200625 38.6523451513, -85.1144392485 38.6525688242, -85.1139000753 38.6528424458, -85.1135545002 38.6529995797, -85.1130930951 38.6531882201, -85.1125887189 38.6533653694, -85.1122084635 38.6534833241, -85.1117918315 38.653596414, -85.1113451747 38.6536991825, -85.1108695749 38.653788064, -85.1104929891 38.6538461746, -85.1100436139 38.6538989497, -85.1095680813 38.6539397751, -85.1091385926 38.6539608024, -85.1086878848 38.6539657884, -85.1083531922 38.6539582179, -85.107989526 38.6539403304, -85.1075258782 38.653903506, -85.0927650858 38.6522904679, -85.0913788495 38.6521414276)"
"District 06","Carroll","06-22101.00","I","71","I-71","AM-PAVEMENT (INT)(P)","38.81","46.12","ADDRESS CONDITION OF I-071 FROM MILEPOINT 38.808 TO MILEPOINT 46.1205","","2022","2026","C","NHPM","31670000","2026","","","","021-I-0071-000","LINESTRING (-85.1762674025 38.5845197356, -85.1758936379 38.5851637594, -85.1756493104 38.5856280038, -85.175475856 38.5860656809, -85.1753658536 38.5863973986, -85.1752835303 38.5867234841, -85.1752412349 38.5869418511, -85.1751891675 38.5872908731, -85.1751620998 38.5877086623, -85.1751571045 38.587988442, -85.1751839185 38.5883164278, -85.1753564351 38.5896490053, -85.1754098233 38.5902020059, -85.1754419541 38.5906552284, -85.175436855 38.5909929446, -85.1754015127 38.5914397997, -85.1753442177 38.5918305333, -85.1750860657 38.5927601318, -85.1749468653 38.5931548624, -85.1747019505 38.5936896696, -85.1740527016 38.5949644488, -85.17342552 38.5962330149, -85.1732630251 38.5966070362, -85.1731195625 38.5970077849, -85.1730440067 38.5973160524, -85.1729716267 38.5978871135, -85.1729565829 38.5983310445, -85.1729686985 38.5989250316, -85.1729988513 38.6000273633, -85.1729951278 38.600411215, -85.1729600703 38.6007748704, -85.1729239767 38.6010479069, -85.1728366748 38.6014253125, -85.1727256419 38.6017498822, -85.1725610491 38.6021216947, -85.1723970488 38.6024182738, -85.1722427748 38.6026792038, -85.1720296087 38.6029535766, -85.1717537257 38.6032820122, -85.1699449956 38.6050906805, -85.1696007715 38.6055184513, -85.1693157346 38.6059396456, -85.1691402468 38.6062699379, -85.168977275 38.6066543837, -85.1686150034 38.6075905942, -85.1681204925 38.6089168893, -85.1679094352 38.6093617814, -85.1677178574 38.6096892466, -85.1675424949 38.6099577548, -85.1673981063 38.6101596907, -85.1672028046 38.6103827943, -85.1667244613 38.6108601485, -85.1662911523 38.6112188262, -85.1650118317 38.6121653473, -85.1643078664 38.6127135226, -85.1637636806 38.613148803, -85.1633281935 38.6136010922, -85.1627283948 38.6142925542, -85.1617984531 38.6154321502, -85.1608788382 38.6165462523, -85.1589764064 38.6188757176, -85.157020961 38.6212534871, -85.1564940156 38.6218804783, -85.1560372638 38.6223963371, -85.1556192654 38.622837426, -85.1552085576 38.6232423049, -85.1543910575 38.6239559744, -85.1538016433 38.6244258541, -85.1531615003 38.624891906, -85.1525698808 38.6252870814, -85.1516732423 38.6258273471, -85.1508417364 38.6262773225, -85.1498736462 38.6267345652, -85.1490178624 38.6271119152, -85.1462472204 38.6283120905, -85.1441215743 38.6292225082, -85.1367867218 38.6323931489, -85.1337960725 38.6336896519, -85.1323146766 38.6343420651, -85.1315659009 38.6347116074, -85.1308980223 38.6350766237, -85.1302083974 38.6355285647, -85.1296252006 38.6359376732, -85.1290558005 38.6364116514, -85.128499446 38.6369150763, -85.1280030501 38.6374479172, -85.1275119211 38.6380189498, -85.127154342 38.6385288996, -85.1267030929 38.6392253467, -85.125259688 38.6416406858, -85.1245605032 38.6428311676, -85.1238455105 38.6440251309, -85.123396739 38.6447517812, -85.123094355 38.6451873223, -85.1228439037 38.6454863944, -85.122612839 38.6457292793, -85.122372466 38.6459550903, -85.1204698803 38.6476227295, -85.1165228323 38.6510568348, -85.1161460542 38.6513818538, -85.1156263262 38.6517972704, -85.1152295981 38.6520798955, -85.1148200625 38.6523451513, -85.1144392485 38.6525688242, -85.1139000753 38.6528424458, -85.1135545002 38.6529995797, -85.1130930951 38.6531882201, -85.1125887189 38.6533653694, -85.1122084635 38.6534833241, -85.1117918315 38.653596414, -85.1113451747 38.6536991825, -85.1108695749 38.653788064, -85.1104929891 38.6538461746, -85.1100436139 38.6538989497, -85.1095680813 38.6539397751, -85.1091385926 38.6539608024, -85.1086878848 38.6539657884, -85.1083531922 38.6539582179, -85.107989526 38.6539403304, -85.1075258782 38.653903506, -85.0927650858 38.6522904679, -85.0913788495 38.6521414276)"
"District 06","Carroll","06-80219.00","KY","36","KY-36","SAFETY(P)","5.15","5.45","Improve safety and mobility and address geometric deficiencies at the intersection of KY 36 & KY 1492 (Locust Road). (2022CCN) (2024CCR)","","2022","2026","U","SPP","280000","2031","","","","021-KY-0036-000","LINESTRING (-85.2460047056 38.7156365306, -85.2458932571 38.7155917464, -85.2456102323 38.715468913, -85.2453328837 38.7153364931, -85.2450626023 38.7151955915, -85.2448021975 38.7150456696, -85.2445509581 38.7148880988, -85.2443078089 38.7147264419, -85.2438516117 38.714409022, -85.2428852185 38.7137297416, -85.2426424643 38.7135625917, -85.2423916379 38.713397604, -85.2416809099 38.7129508969)"
"District 06","Carroll","06-80219.00","KY","36","KY-36","SAFETY(P)","5.15","5.45","Improve safety and mobility and address geometric deficiencies at the intersection of KY 36 & KY 1492 (Locust Road). (2022CCN) (2024CCR)","","2022","2026","R","SPP","450000","2030","","","","021-KY-0036-000","LINESTRING (-85.2460047056 38.7156365306, -85.2458932571 38.7155917464, -85.2456102323 38.715468913, -85.2453328837 38.7153364931, -85.2450626023 38.7151955915, -85.2448021975 38.7150456696, -85.2445509581 38.7148880988, -85.2443078089 38.7147264419, -85.2438516117 38.714409022, -85.2428852185 38.7137297416, -85.2426424643 38.7135625917, -85.2423916379 38.713397604, -85.2416809099 38.7129508969)"
"District 06","Carroll","06-80219.00","KY","36","KY-36","SAFETY(P)","5.15","5.45","Improve safety and mobility and address geometric deficiencies at the intersection of KY 36 & KY 1492 (Locust Road). (2022CCN) (2024CCR)","","2022","2026","C","SPP","3948000","2032","","","","021-KY-0036-000","LINESTRING (-85.2460047056 38.7156365306, -85.2458932571 38.7155917464, -85.2456102323 38.715468913, -85.2453328837 38.7153364931, -85.2450626023 38.7151955915, -85.2448021975 38.7150456696, -85.2445509581 38.7148880988, -85.2443078089 38.7147264419, -85.2438516117 38.714409022, -85.2428852185 38.7137297416, -85.2426424643 38.7135625917, -85.2423916379 38.713397604, -85.2416809099 38.7129508969)"
"District 06","Carroll","06-80219.00","KY","36","KY-36","SAFETY(P)","5.15","5.45","Improve safety and mobility and address geometric deficiencies at the intersection of KY 36 & KY 1492 (Locust Road). (2022CCN) (2024CCR)","","2022","2026","D","SPP","740000","2029","","","","021-KY-0036-000","LINESTRING (-85.2460047056 38.7156365306, -85.2458932571 38.7155917464, -85.2456102323 38.715468913, -85.2453328837 38.7153364931, -85.2450626023 38.7151955915, -85.2448021975 38.7150456696, -85.2445509581 38.7148880988, -85.2443078089 38.7147264419, -85.2438516117 38.714409022, -85.2428852185 38.7137297416, -85.2426424643 38.7135625917, -85.2423916379 38.713397604, -85.2416809099 38.7129508969)"
"District 06","Carroll","06-80301.00","US","42","US-42","SAFETY(P)","14.2","16.5","IMPROVE SAFETY AND MOBILITY AND ADDRESS GEOMETRIC DEFICIENCIES ALONG US 42 FROM THE WESTERN CITY LIMIT OF GHENT TO THE GALLATIN COUNTY LINE. (2024CCN)","","2024","2026","U","SPP","930000","2030","","","","021-US-0042-000","LINESTRING (-85.0565139411 38.7408013914, -85.0563954944 38.7409068694, -85.0562439467 38.7410276226, -85.05608227 38.7411444729, -85.0559101007 38.741258515, -85.055728147 38.7413692058, -85.0555350104 38.7414759864, -85.0553310537 38.7415777624, -85.0551162717 38.741674806, -85.0546671334 38.7418627388, -85.0516040642 38.7431070295, -85.0496463616 38.7439096435, -85.0492560369 38.7440671493, -85.0488679404 38.7442114877, -85.048671333 38.7442762278, -85.0484688079 38.7443365394, -85.0482593054 38.7443932403, -85.0479297081 38.7444695514, -85.0475882958 38.7445348093, -85.0473590091 38.7445705247, -85.0471308324 38.7446002058, -85.046905175 38.7446230366, -85.0464585874 38.7446511529, -85.0462397648 38.7446559016, -85.0460231098 38.7446540725, -85.0455948725 38.7446334198, -85.0447226693 38.7445508315, -85.0443698359 38.7445276013, -85.0440060004 38.7445183071, -85.0437608911 38.744522346, -85.0435164265 38.7445321546, -85.0432705003 38.7445479937, -85.0430220444 38.7445717808, -85.0427096005 38.744613858, -85.0425280383 38.7446449054, -85.0422888289 38.74469126, -85.0419392084 38.7447707311, -85.0415901343 38.7448661289, -85.0413228287 38.7449535003, -85.0409403665 38.7450931785, -85.0402601019 38.7453551886, -85.038545057 38.7460269968, -85.0373728909 38.7465024139, -85.0348863222 38.7475443428, -85.0306000273 38.749325222, -85.0261707673 38.7511816837, -85.0224910343 38.7527133489, -85.0198115253 38.7538614159, -85.0181188831 38.7546030827)"
"District 06","Carroll","06-80301.00","US","42","US-42","SAFETY(P)","14.2","16.5","IMPROVE SAFETY AND MOBILITY AND ADDRESS GEOMETRIC DEFICIENCIES ALONG US 42 FROM THE WESTERN CITY LIMIT OF GHENT TO THE GALLATIN COUNTY LINE. (2024CCN)","","2024","2026","D","SPP","2160000","2029","","","","021-US-0042-000","LINESTRING (-85.0565139411 38.7408013914, -85.0563954944 38.7409068694, -85.0562439467 38.7410276226, -85.05608227 38.7411444729, -85.0559101007 38.741258515, -85.055728147 38.7413692058, -85.0555350104 38.7414759864, -85.0553310537 38.7415777624, -85.0551162717 38.741674806, -85.0546671334 38.7418627388, -85.0516040642 38.7431070295, -85.0496463616 38.7439096435, -85.0492560369 38.7440671493, -85.0488679404 38.7442114877, -85.048671333 38.7442762278, -85.0484688079 38.7443365394, -85.0482593054 38.7443932403, -85.0479297081 38.7444695514, -85.0475882958 38.7445348093, -85.0473590091 38.7445705247, -85.0471308324 38.7446002058, -85.046905175 38.7446230366, -85.0464585874 38.7446511529, -85.0462397648 38.7446559016, -85.0460231098 38.7446540725, -85.0455948725 38.7446334198, -85.0447226693 38.7445508315, -85.0443698359 38.7445276013, -85.0440060004 38.7445183071, -85.0437608911 38.744522346, -85.0435164265 38.7445321546, -85.0432705003 38.7445479937, -85.0430220444 38.7445717808, -85.0427096005 38.744613858, -85.0425280383 38.7446449054, -85.0422888289 38.74469126, -85.0419392084 38.7447707311, -85.0415901343 38.7448661289, -85.0413228287 38.7449535003, -85.0409403665 38.7450931785, -85.0402601019 38.7453551886, -85.038545057 38.7460269968, -85.0373728909 38.7465024139, -85.0348863222 38.7475443428, -85.0306000273 38.749325222, -85.0261707673 38.7511816837, -85.0224910343 38.7527133489, -85.0198115253 38.7538614159, -85.0181188831 38.7546030827)"
"District 06","Carroll","06-80301.00","US","42","US-42","SAFETY(P)","14.2","16.5","IMPROVE SAFETY AND MOBILITY AND ADDRESS GEOMETRIC DEFICIENCIES ALONG US 42 FROM THE WESTERN CITY LIMIT OF GHENT TO THE GALLATIN COUNTY LINE. (2024CCN)","","2024","2026","R","SPP","5400000","2030","","","","021-US-0042-000","LINESTRING (-85.0565139411 38.7408013914, -85.0563954944 38.7409068694, -85.0562439467 38.7410276226, -85.05608227 38.7411444729, -85.0559101007 38.741258515, -85.055728147 38.7413692058, -85.0555350104 38.7414759864, -85.0553310537 38.7415777624, -85.0551162717 38.741674806, -85.0546671334 38.7418627388, -85.0516040642 38.7431070295, -85.0496463616 38.7439096435, -85.0492560369 38.7440671493, -85.0488679404 38.7442114877, -85.048671333 38.7442762278, -85.0484688079 38.7443365394, -85.0482593054 38.7443932403, -85.0479297081 38.7444695514, -85.0475882958 38.7445348093, -85.0473590091 38.7445705247, -85.0471308324 38.7446002058, -85.046905175 38.7446230366, -85.0464585874 38.7446511529, -85.0462397648 38.7446559016, -85.0460231098 38.7446540725, -85.0455948725 38.7446334198, -85.0447226693 38.7445508315, -85.0443698359 38.7445276013, -85.0440060004 38.7445183071, -85.0437608911 38.744522346, -85.0435164265 38.7445321546, -85.0432705003 38.7445479937, -85.0430220444 38.7445717808, -85.0427096005 38.744613858, -85.0425280383 38.7446449054, -85.0422888289 38.74469126, -85.0419392084 38.7447707311, -85.0415901343 38.7448661289, -85.0413228287 38.7449535003, -85.0409403665 38.7450931785, -85.0402601019 38.7453551886, -85.038545057 38.7460269968, -85.0373728909 38.7465024139, -85.0348863222 38.7475443428, -85.0306000273 38.749325222, -85.0261707673 38.7511816837, -85.0224910343 38.7527133489, -85.0198115253 38.7538614159, -85.0181188831 38.7546030827)"
"District 06","Carroll","06-80301.00","US","42","US-42","SAFETY(P)","14.2","16.5","IMPROVE SAFETY AND MOBILITY AND ADDRESS GEOMETRIC DEFICIENCIES ALONG US 42 FROM THE WESTERN CITY LIMIT OF GHENT TO THE GALLATIN COUNTY LINE. (2024CCN)","","2024","2026","C","SPP","25200000","2031","","","","021-US-0042-000","LINESTRING (-85.0565139411 38.7408013914, -85.0563954944 38.7409068694, -85.0562439467 38.7410276226, -85.05608227 38.7411444729, -85.0559101007 38.741258515, -85.055728147 38.7413692058, -85.0555350104 38.7414759864, -85.0553310537 38.7415777624, -85.0551162717 38.741674806, -85.0546671334 38.7418627388, -85.0516040642 38.7431070295, -85.0496463616 38.7439096435, -85.0492560369 38.7440671493, -85.0488679404 38.7442114877, -85.048671333 38.7442762278, -85.0484688079 38.7443365394, -85.0482593054 38.7443932403, -85.0479297081 38.7444695514, -85.0475882958 38.7445348093, -85.0473590091 38.7445705247, -85.0471308324 38.7446002058, -85.046905175 38.7446230366, -85.0464585874 38.7446511529, -85.0462397648 38.7446559016, -85.0460231098 38.7446540725, -85.0455948725 38.7446334198, -85.0447226693 38.7445508315, -85.0443698359 38.7445276013, -85.0440060004 38.7445183071, -85.0437608911 38.744522346, -85.0435164265 38.7445321546, -85.0432705003 38.7445479937, -85.0430220444 38.7445717808, -85.0427096005 38.744613858, -85.0425280383 38.7446449054, -85.0422888289 38.74469126, -85.0419392084 38.7447707311, -85.0415901343 38.7448661289, -85.0413228287 38.7449535003, -85.0409403665 38.7450931785, -85.0402601019 38.7453551886, -85.038545057 38.7460269968, -85.0373728909 38.7465024139, -85.0348863222 38.7475443428, -85.0306000273 38.749325222, -85.0261707673 38.7511816837, -85.0224910343 38.7527133489, -85.0198115253 38.7538614159, -85.0181188831 38.7546030827)"
"District 06","Carroll","06-80302.00","KY","55","KY-55","SAFETY(P)","5.75","8.25","IMPROVE SAFETY AND MOBILITY AND ADDRESS GEOMETRIC DEFICIENCIES ALONG KY 55 FROM KY 389 TO US 42. (2024CCN)","","2024","2026","C","SPP","51200000","2032","","","","021-KY-0055-000","LINESTRING (-85.1778030161 38.6495405854, -85.1778285722 38.6497885493, -85.177914514 38.6503507523, -85.178027466 38.6512206143, -85.1780833581 38.6515512017, -85.1781531756 38.6518920159, -85.1782262129 38.6522243333, -85.178303964 38.6525360798, -85.1783836434 38.6528250451, -85.1784724938 38.6531055429, -85.1786090059 38.6534708397, -85.1787059949 38.6536959111, -85.1787828968 38.653847573, -85.1794655109 38.6550867276, -85.1796421599 38.655380276, -85.1798224121 38.6556609357, -85.1801780239 38.65617665, -85.180335164 38.6564129909, -85.1804330158 38.6565732641, -85.1805224483 38.6567356941, -85.1806882844 38.6570698262, -85.1809888625 38.6577744594, -85.1811757641 38.658192163, -85.1813437758 38.6585175183, -85.1814948817 38.6587653606, -85.1816672752 38.6590229151, -85.182832725 38.6606918706, -85.1839550593 38.6622823535, -85.1874831275 38.6673702559, -85.1885117346 38.6688325696, -85.188698354 38.6690682127, -85.1888327799 38.6692135488, -85.188902995 38.6692830735, -85.1890511974 38.6694133724, -85.1892092536 38.6695376766, -85.1894603762 38.6697203549, -85.1907925072 38.670660732, -85.1914167216 38.671109027, -85.1920354293 38.6715457602, -85.1924999505 38.6718554622, -85.1931817285 38.6722905631, -85.1937482295 38.6726402766, -85.1955543073 38.673727239, -85.1958150605 38.6738910025, -85.1959363191 38.673974489, -85.1960358621 38.6740578747, -85.1961171546 38.6741461175, -85.1961745916 38.6742394664, -85.1962095858 38.6743362796, -85.1962200532 38.6744340775, -85.1962094054 38.6744988281, -85.1962049828 38.6745279126, -85.1961703118 38.6746197344, -85.1961167357 38.67471037, -85.1960446028 38.6748000957, -85.195861274 38.6750035276, -85.1949606779 38.6759353628, -85.194735519 38.6761575437, -85.1944961066 38.6763653791, -85.1942470485 38.6765517523, -85.1940618267 38.6766804877, -85.1927828587 38.6775699015, -85.1926782474 38.6776460183, -85.1925851866 38.6777230133, -85.1925208949 38.6777941018, -85.1924591589 38.6778973282, -85.1924332331 38.677990013, -85.1924276167 38.6780833434, -85.1924352771 38.6781814021, -85.1924865805 38.6785737377, -85.1925168305 38.6787410956, -85.1925704016 38.6791117496, -85.1926744487 38.6798588612)"
"District 06","Carroll","06-80302.00","KY","55","KY-55","SAFETY(P)","5.75","8.25","IMPROVE SAFETY AND MOBILITY AND ADDRESS GEOMETRIC DEFICIENCIES ALONG KY 55 FROM KY 389 TO US 42. (2024CCN)","","2024","2026","U","SPP","1800000","2031","","","","021-KY-0055-000","LINESTRING (-85.1778030161 38.6495405854, -85.1778285722 38.6497885493, -85.177914514 38.6503507523, -85.178027466 38.6512206143, -85.1780833581 38.6515512017, -85.1781531756 38.6518920159, -85.1782262129 38.6522243333, -85.178303964 38.6525360798, -85.1783836434 38.6528250451, -85.1784724938 38.6531055429, -85.1786090059 38.6534708397, -85.1787059949 38.6536959111, -85.1787828968 38.653847573, -85.1794655109 38.6550867276, -85.1796421599 38.655380276, -85.1798224121 38.6556609357, -85.1801780239 38.65617665, -85.180335164 38.6564129909, -85.1804330158 38.6565732641, -85.1805224483 38.6567356941, -85.1806882844 38.6570698262, -85.1809888625 38.6577744594, -85.1811757641 38.658192163, -85.1813437758 38.6585175183, -85.1814948817 38.6587653606, -85.1816672752 38.6590229151, -85.182832725 38.6606918706, -85.1839550593 38.6622823535, -85.1874831275 38.6673702559, -85.1885117346 38.6688325696, -85.188698354 38.6690682127, -85.1888327799 38.6692135488, -85.188902995 38.6692830735, -85.1890511974 38.6694133724, -85.1892092536 38.6695376766, -85.1894603762 38.6697203549, -85.1907925072 38.670660732, -85.1914167216 38.671109027, -85.1920354293 38.6715457602, -85.1924999505 38.6718554622, -85.1931817285 38.6722905631, -85.1937482295 38.6726402766, -85.1955543073 38.673727239, -85.1958150605 38.6738910025, -85.1959363191 38.673974489, -85.1960358621 38.6740578747, -85.1961171546 38.6741461175, -85.1961745916 38.6742394664, -85.1962095858 38.6743362796, -85.1962200532 38.6744340775, -85.1962094054 38.6744988281, -85.1962049828 38.6745279126, -85.1961703118 38.6746197344, -85.1961167357 38.67471037, -85.1960446028 38.6748000957, -85.195861274 38.6750035276, -85.1949606779 38.6759353628, -85.194735519 38.6761575437, -85.1944961066 38.6763653791, -85.1942470485 38.6765517523, -85.1940618267 38.6766804877, -85.1927828587 38.6775699015, -85.1926782474 38.6776460183, -85.1925851866 38.6777230133, -85.1925208949 38.6777941018, -85.1924591589 38.6778973282, -85.1924332331 38.677990013, -85.1924276167 38.6780833434, -85.1924352771 38.6781814021, -85.1924865805 38.6785737377, -85.1925168305 38.6787410956, -85.1925704016 38.6791117496, -85.1926744487 38.6798588612)"
"District 06","Carroll","06-80302.00","KY","55","KY-55","SAFETY(P)","5.75","8.25","IMPROVE SAFETY AND MOBILITY AND ADDRESS GEOMETRIC DEFICIENCIES ALONG KY 55 FROM KY 389 TO US 42. (2024CCN)","","2024","2026","R","SPP","3130000","2030","","","","021-KY-0055-000","LINESTRING (-85.1778030161 38.6495405854, -85.1778285722 38.6497885493, -85.177914514 38.6503507523, -85.178027466 38.6512206143, -85.1780833581 38.6515512017, -85.1781531756 38.6518920159, -85.1782262129 38.6522243333, -85.178303964 38.6525360798, -85.1783836434 38.6528250451, -85.1784724938 38.6531055429, -85.1786090059 38.6534708397, -85.1787059949 38.6536959111, -85.1787828968 38.653847573, -85.1794655109 38.6550867276, -85.1796421599 38.655380276, -85.1798224121 38.6556609357, -85.1801780239 38.65617665, -85.180335164 38.6564129909, -85.1804330158 38.6565732641, -85.1805224483 38.6567356941, -85.1806882844 38.6570698262, -85.1809888625 38.6577744594, -85.1811757641 38.658192163, -85.1813437758 38.6585175183, -85.1814948817 38.6587653606, -85.1816672752 38.6590229151, -85.182832725 38.6606918706, -85.1839550593 38.6622823535, -85.1874831275 38.6673702559, -85.1885117346 38.6688325696, -85.188698354 38.6690682127, -85.1888327799 38.6692135488, -85.188902995 38.6692830735, -85.1890511974 38.6694133724, -85.1892092536 38.6695376766, -85.1894603762 38.6697203549, -85.1907925072 38.670660732, -85.1914167216 38.671109027, -85.1920354293 38.6715457602, -85.1924999505 38.6718554622, -85.1931817285 38.6722905631, -85.1937482295 38.6726402766, -85.1955543073 38.673727239, -85.1958150605 38.6738910025, -85.1959363191 38.673974489, -85.1960358621 38.6740578747, -85.1961171546 38.6741461175, -85.1961745916 38.6742394664, -85.1962095858 38.6743362796, -85.1962200532 38.6744340775, -85.1962094054 38.6744988281, -85.1962049828 38.6745279126, -85.1961703118 38.6746197344, -85.1961167357 38.67471037, -85.1960446028 38.6748000957, -85.195861274 38.6750035276, -85.1949606779 38.6759353628, -85.194735519 38.6761575437, -85.1944961066 38.6763653791, -85.1942470485 38.6765517523, -85.1940618267 38.6766804877, -85.1927828587 38.6775699015, -85.1926782474 38.6776460183, -85.1925851866 38.6777230133, -85.1925208949 38.6777941018, -85.1924591589 38.6778973282, -85.1924332331 38.677990013, -85.1924276167 38.6780833434, -85.1924352771 38.6781814021, -85.1924865805 38.6785737377, -85.1925168305 38.6787410956, -85.1925704016 38.6791117496, -85.1926744487 38.6798588612)"
"District 06","Carroll","06-80302.00","KY","55","KY-55","SAFETY(P)","5.75","8.25","IMPROVE SAFETY AND MOBILITY AND ADDRESS GEOMETRIC DEFICIENCIES ALONG KY 55 FROM KY 389 TO US 42. (2024CCN)","","2024","2026","D","SPP","4320000","2029","","","","021-KY-0055-000","LINESTRING (-85.1778030161 38.6495405854, -85.1778285722 38.6497885493, -85.177914514 38.6503507523, -85.178027466 38.6512206143, -85.1780833581 38.6515512017, -85.1781531756 38.6518920159, -85.1782262129 38.6522243333, -85.178303964 38.6525360798, -85.1783836434 38.6528250451, -85.1784724938 38.6531055429, -85.1786090059 38.6534708397, -85.1787059949 38.6536959111, -85.1787828968 38.653847573, -85.1794655109 38.6550867276, -85.1796421599 38.655380276, -85.1798224121 38.6556609357, -85.1801780239 38.65617665, -85.180335164 38.6564129909, -85.1804330158 38.6565732641, -85.1805224483 38.6567356941, -85.1806882844 38.6570698262, -85.1809888625 38.6577744594, -85.1811757641 38.658192163, -85.1813437758 38.6585175183, -85.1814948817 38.6587653606, -85.1816672752 38.6590229151, -85.182832725 38.6606918706, -85.1839550593 38.6622823535, -85.1874831275 38.6673702559, -85.1885117346 38.6688325696, -85.188698354 38.6690682127, -85.1888327799 38.6692135488, -85.188902995 38.6692830735, -85.1890511974 38.6694133724, -85.1892092536 38.6695376766, -85.1894603762 38.6697203549, -85.1907925072 38.670660732, -85.1914167216 38.671109027, -85.1920354293 38.6715457602, -85.1924999505 38.6718554622, -85.1931817285 38.6722905631, -85.1937482295 38.6726402766, -85.1955543073 38.673727239, -85.1958150605 38.6738910025, -85.1959363191 38.673974489, -85.1960358621 38.6740578747, -85.1961171546 38.6741461175, -85.1961745916 38.6742394664, -85.1962095858 38.6743362796, -85.1962200532 38.6744340775, -85.1962094054 38.6744988281, -85.1962049828 38.6745279126, -85.1961703118 38.6746197344, -85.1961167357 38.67471037, -85.1960446028 38.6748000957, -85.195861274 38.6750035276, -85.1949606779 38.6759353628, -85.194735519 38.6761575437, -85.1944961066 38.6763653791, -85.1942470485 38.6765517523, -85.1940618267 38.6766804877, -85.1927828587 38.6775699015, -85.1926782474 38.6776460183, -85.1925851866 38.6777230133, -85.1925208949 38.6777941018, -85.1924591589 38.6778973282, -85.1924332331 38.677990013, -85.1924276167 38.6780833434, -85.1924352771 38.6781814021, -85.1924865805 38.6785737377, -85.1925168305 38.6787410956, -85.1925704016 38.6791117496, -85.1926744487 38.6798588612)"
"District 06","Carroll","06-80409.00","I","71","I-71","MAJOR WIDENING(O)","44.3","53.433","Widen I-71 to 6 lanes from KY 227 in Carroll County to KY 1039 in Gallatin County. (2026CCN)","","2026","2026","D","NH","9364253","2029","","","","021-I-0071-000","LINESTRING (-85.1216590065 38.6465804587, -85.1204698803 38.6476227295, -85.1165228323 38.6510568348, -85.1161460542 38.6513818538, -85.1156263262 38.6517972704, -85.1152295981 38.6520798955, -85.1148200625 38.6523451513, -85.1144392485 38.6525688242, -85.1139000753 38.6528424458, -85.1135545002 38.6529995797, -85.1130930951 38.6531882201, -85.1125887189 38.6533653694, -85.1122084635 38.6534833241, -85.1117918315 38.653596414, -85.1113451747 38.6536991825, -85.1108695749 38.653788064, -85.1104929891 38.6538461746, -85.1100436139 38.6538989497, -85.1095680813 38.6539397751, -85.1091385926 38.6539608024, -85.1086878848 38.6539657884, -85.1083531922 38.6539582179, -85.107989526 38.6539403304, -85.1075258782 38.653903506, -85.0927650858 38.6522904679, -85.0902558268 38.6520206743, -85.0898096661 38.6519885456, -85.0893976942 38.6519703334, -85.0890923944 38.6519661671, -85.0887411568 38.651969433, -85.0882657965 38.6519912281, -85.0877538488 38.6520317644, -85.0871449633 38.6521047078, -85.0868223415 38.6521572777, -85.0862834966 38.652267676, -85.0859417136 38.6523478688, -85.0855485931 38.6524516629, -85.0839858465 38.6529113627, -85.0824054533 38.6533841229, -85.0809929628 38.6537973981, -85.0807809828 38.6538497495, -85.0802071812 38.6540277456, -85.0760671304 38.655246303, -85.0752241087 38.6554908457, -85.074593636 38.6556597065, -85.0740469739 38.6557774182, -85.0734381362 38.6558782992, -85.0729515568 38.6559359399, -85.0723064393 38.655983615, -85.0719039727 38.6559958748, -85.0714981207 38.6559954843, -85.0711417329 38.6559854892, -85.0708053723 38.6559681935, -85.0701527578 38.6559180634, -85.0641905801 38.655439034, -85.0630777307 38.655363696, -85.0624469512 38.6553386357, -85.0617033085 38.6553250017, -85.061082808 38.6553241572, -85.0604860051 38.6553352541, -85.0591996395 38.6553909481, -85.0582110144 38.6554736199, -85.0575751407 38.6555429609, -85.0569181275 38.6556256302, -85.0563378274 38.6557057218, -85.0556307748 38.6558213161, -85.0546046859 38.6560130241, -85.0537049459 38.6562109532, -85.0524658136 38.6565257811, -85.0513146824 38.6568650013, -85.0362401825 38.6618399292, -85.0329899439 38.6629093832, -85.0267385468 38.6649762234, -85.0260521213 38.6652230178, -85.0253704105 38.665488508, -85.0247231982 38.6657709538, -85.0240004328 38.6661138928, -85.0235452328 38.6663510995, -85.0227116474 38.6668133452, -85.0147304427 38.6714283408, -85.0135922266 38.6720789258, -85.013230587 38.6722702671, -85.0128969402 38.6724293803, -85.0124290695 38.6726304956, -85.012014175 38.6727880048, -85.0117414323 38.6728813185, -85.0114813879 38.6729656497, -85.0110145542 38.6730981199, -85.0105868919 38.6732014524, -85.0102797557 38.6732665424, -85.0098365695 38.6733461617, -85.0094942174 38.6733951046, -85.0089219333 38.6734599135, -85.0055326313 38.6737852858, -85.001736876 38.6741560598, -84.9986055913 38.6744534772, -84.991995739 38.6750906109, -84.9915174087 38.6751446764, -84.9902686119 38.6753209566, -84.9888199044 38.6755884795, -84.9874906661 38.6758861306, -84.9858826088 38.6763167967, -84.9663022619 38.6815984741, -84.9644948398 38.6820744927)"
"District 06","Carroll","06-80409.00","I","71","I-71","MAJOR WIDENING(O)","44.3","53.433","Widen I-71 to 6 lanes from KY 227 in Carroll County to KY 1039 in Gallatin County. (2026CCN)","","2026","2026","C","NH","121735290","2032","","","","021-I-0071-000","LINESTRING (-85.1216590065 38.6465804587, -85.1204698803 38.6476227295, -85.1165228323 38.6510568348, -85.1161460542 38.6513818538, -85.1156263262 38.6517972704, -85.1152295981 38.6520798955, -85.1148200625 38.6523451513, -85.1144392485 38.6525688242, -85.1139000753 38.6528424458, -85.1135545002 38.6529995797, -85.1130930951 38.6531882201, -85.1125887189 38.6533653694, -85.1122084635 38.6534833241, -85.1117918315 38.653596414, -85.1113451747 38.6536991825, -85.1108695749 38.653788064, -85.1104929891 38.6538461746, -85.1100436139 38.6538989497, -85.1095680813 38.6539397751, -85.1091385926 38.6539608024, -85.1086878848 38.6539657884, -85.1083531922 38.6539582179, -85.107989526 38.6539403304, -85.1075258782 38.653903506, -85.0927650858 38.6522904679, -85.0902558268 38.6520206743, -85.0898096661 38.6519885456, -85.0893976942 38.6519703334, -85.0890923944 38.6519661671, -85.0887411568 38.651969433, -85.0882657965 38.6519912281, -85.0877538488 38.6520317644, -85.0871449633 38.6521047078, -85.0868223415 38.6521572777, -85.0862834966 38.652267676, -85.0859417136 38.6523478688, -85.0855485931 38.6524516629, -85.0839858465 38.6529113627, -85.0824054533 38.6533841229, -85.0809929628 38.6537973981, -85.0807809828 38.6538497495, -85.0802071812 38.6540277456, -85.0760671304 38.655246303, -85.0752241087 38.6554908457, -85.074593636 38.6556597065, -85.0740469739 38.6557774182, -85.0734381362 38.6558782992, -85.0729515568 38.6559359399, -85.0723064393 38.655983615, -85.0719039727 38.6559958748, -85.0714981207 38.6559954843, -85.0711417329 38.6559854892, -85.0708053723 38.6559681935, -85.0701527578 38.6559180634, -85.0641905801 38.655439034, -85.0630777307 38.655363696, -85.0624469512 38.6553386357, -85.0617033085 38.6553250017, -85.061082808 38.6553241572, -85.0604860051 38.6553352541, -85.0591996395 38.6553909481, -85.0582110144 38.6554736199, -85.0575751407 38.6555429609, -85.0569181275 38.6556256302, -85.0563378274 38.6557057218, -85.0556307748 38.6558213161, -85.0546046859 38.6560130241, -85.0537049459 38.6562109532, -85.0524658136 38.6565257811, -85.0513146824 38.6568650013, -85.0362401825 38.6618399292, -85.0329899439 38.6629093832, -85.0267385468 38.6649762234, -85.0260521213 38.6652230178, -85.0253704105 38.665488508, -85.0247231982 38.6657709538, -85.0240004328 38.6661138928, -85.0235452328 38.6663510995, -85.0227116474 38.6668133452, -85.0147304427 38.6714283408, -85.0135922266 38.6720789258, -85.013230587 38.6722702671, -85.0128969402 38.6724293803, -85.0124290695 38.6726304956, -85.012014175 38.6727880048, -85.0117414323 38.6728813185, -85.0114813879 38.6729656497, -85.0110145542 38.6730981199, -85.0105868919 38.6732014524, -85.0102797557 38.6732665424, -85.0098365695 38.6733461617, -85.0094942174 38.6733951046, -85.0089219333 38.6734599135, -85.0055326313 38.6737852858, -85.001736876 38.6741560598, -84.9986055913 38.6744534772, -84.991995739 38.6750906109, -84.9915174087 38.6751446764, -84.9902686119 38.6753209566, -84.9888199044 38.6755884795, -84.9874906661 38.6758861306, -84.9858826088 38.6763167967, -84.9663022619 38.6815984741, -84.9644948398 38.6820744927)"
"District 06","Carroll","06-80409.00","I","71","I-71","MAJOR WIDENING(O)","44.3","53.433","Widen I-71 to 6 lanes from KY 227 in Carroll County to KY 1039 in Gallatin County. (2026CCN)","","2026","2026","U","NH","936425","2030","","","","021-I-0071-000","LINESTRING (-85.1216590065 38.6465804587, -85.1204698803 38.6476227295, -85.1165228323 38.6510568348, -85.1161460542 38.6513818538, -85.1156263262 38.6517972704, -85.1152295981 38.6520798955, -85.1148200625 38.6523451513, -85.1144392485 38.6525688242, -85.1139000753 38.6528424458, -85.1135545002 38.6529995797, -85.1130930951 38.6531882201, -85.1125887189 38.6533653694, -85.1122084635 38.6534833241, -85.1117918315 38.653596414, -85.1113451747 38.6536991825, -85.1108695749 38.653788064, -85.1104929891 38.6538461746, -85.1100436139 38.6538989497, -85.1095680813 38.6539397751, -85.1091385926 38.6539608024, -85.1086878848 38.6539657884, -85.1083531922 38.6539582179, -85.107989526 38.6539403304, -85.1075258782 38.653903506, -85.0927650858 38.6522904679, -85.0902558268 38.6520206743, -85.0898096661 38.6519885456, -85.0893976942 38.6519703334, -85.0890923944 38.6519661671, -85.0887411568 38.651969433, -85.0882657965 38.6519912281, -85.0877538488 38.6520317644, -85.0871449633 38.6521047078, -85.0868223415 38.6521572777, -85.0862834966 38.652267676, -85.0859417136 38.6523478688, -85.0855485931 38.6524516629, -85.0839858465 38.6529113627, -85.0824054533 38.6533841229, -85.0809929628 38.6537973981, -85.0807809828 38.6538497495, -85.0802071812 38.6540277456, -85.0760671304 38.655246303, -85.0752241087 38.6554908457, -85.074593636 38.6556597065, -85.0740469739 38.6557774182, -85.0734381362 38.6558782992, -85.0729515568 38.6559359399, -85.0723064393 38.655983615, -85.0719039727 38.6559958748, -85.0714981207 38.6559954843, -85.0711417329 38.6559854892, -85.0708053723 38.6559681935, -85.0701527578 38.6559180634, -85.0641905801 38.655439034, -85.0630777307 38.655363696, -85.0624469512 38.6553386357, -85.0617033085 38.6553250017, -85.061082808 38.6553241572, -85.0604860051 38.6553352541, -85.0591996395 38.6553909481, -85.0582110144 38.6554736199, -85.0575751407 38.6555429609, -85.0569181275 38.6556256302, -85.0563378274 38.6557057218, -85.0556307748 38.6558213161, -85.0546046859 38.6560130241, -85.0537049459 38.6562109532, -85.0524658136 38.6565257811, -85.0513146824 38.6568650013, -85.0362401825 38.6618399292, -85.0329899439 38.6629093832, -85.0267385468 38.6649762234, -85.0260521213 38.6652230178, -85.0253704105 38.665488508, -85.0247231982 38.6657709538, -85.0240004328 38.6661138928, -85.0235452328 38.6663510995, -85.0227116474 38.6668133452, -85.0147304427 38.6714283408, -85.0135922266 38.6720789258, -85.013230587 38.6722702671, -85.0128969402 38.6724293803, -85.0124290695 38.6726304956, -85.012014175 38.6727880048, -85.0117414323 38.6728813185, -85.0114813879 38.6729656497, -85.0110145542 38.6730981199, -85.0105868919 38.6732014524, -85.0102797557 38.6732665424, -85.0098365695 38.6733461617, -85.0094942174 38.6733951046, -85.0089219333 38.6734599135, -85.0055326313 38.6737852858, -85.001736876 38.6741560598, -84.9986055913 38.6744534772, -84.991995739 38.6750906109, -84.9915174087 38.6751446764, -84.9902686119 38.6753209566, -84.9888199044 38.6755884795, -84.9874906661 38.6758861306, -84.9858826088 38.6763167967, -84.9663022619 38.6815984741, -84.9644948398 38.6820744927)"
"District 06","Carroll","06-80410.00","I","71","I-71","MINOR WIDENING(O)","38.808","53.433","Widen I 71 to 6 lanes in Carroll County and build new structure over KY 227/Kentucky River. (2026CCN)","","2026","2026","D","NH","1070200","2029","","","","021-I-0071-000","LINESTRING (-85.1762826581 38.5844934489, -85.1758936379 38.5851637594, -85.1756493104 38.5856280038, -85.175475856 38.5860656809, -85.1753658536 38.5863973986, -85.1752835303 38.5867234841, -85.1752412349 38.5869418511, -85.1751891675 38.5872908731, -85.1751620998 38.5877086623, -85.1751571045 38.587988442, -85.1751839185 38.5883164278, -85.1753564351 38.5896490053, -85.1754098233 38.5902020059, -85.1754419541 38.5906552284, -85.175436855 38.5909929446, -85.1754015127 38.5914397997, -85.1753442177 38.5918305333, -85.1750860657 38.5927601318, -85.1749468653 38.5931548624, -85.1747019505 38.5936896696, -85.1740527016 38.5949644488, -85.17342552 38.5962330149, -85.1732630251 38.5966070362, -85.1731195625 38.5970077849, -85.1730440067 38.5973160524, -85.1729716267 38.5978871135, -85.1729565829 38.5983310445, -85.1729686985 38.5989250316, -85.1729988513 38.6000273633, -85.1729951278 38.600411215, -85.1729600703 38.6007748704, -85.1729239767 38.6010479069, -85.1728366748 38.6014253125, -85.1727256419 38.6017498822, -85.1725610491 38.6021216947, -85.1723970488 38.6024182738, -85.1722427748 38.6026792038, -85.1720296087 38.6029535766, -85.1717537257 38.6032820122, -85.1699449956 38.6050906805, -85.1696007715 38.6055184513, -85.1693157346 38.6059396456, -85.1691402468 38.6062699379, -85.168977275 38.6066543837, -85.1686150034 38.6075905942, -85.1681204925 38.6089168893, -85.1679094352 38.6093617814, -85.1677178574 38.6096892466, -85.1675424949 38.6099577548, -85.1673981063 38.6101596907, -85.1672028046 38.6103827943, -85.1667244613 38.6108601485, -85.1662911523 38.6112188262, -85.1650118317 38.6121653473, -85.1643078664 38.6127135226, -85.1637636806 38.613148803, -85.1633281935 38.6136010922, -85.1627283948 38.6142925542, -85.1617984531 38.6154321502, -85.1608788382 38.6165462523, -85.1589764064 38.6188757176, -85.157020961 38.6212534871, -85.1564940156 38.6218804783, -85.1560372638 38.6223963371, -85.1556192654 38.622837426, -85.1552085576 38.6232423049, -85.1543910575 38.6239559744, -85.1538016433 38.6244258541, -85.1531615003 38.624891906, -85.1525698808 38.6252870814, -85.1516732423 38.6258273471, -85.1508417364 38.6262773225, -85.1498736462 38.6267345652, -85.1490178624 38.6271119152, -85.1462472204 38.6283120905, -85.1441215743 38.6292225082, -85.1367867218 38.6323931489, -85.1337960725 38.6336896519, -85.1323146766 38.6343420651, -85.1315659009 38.6347116074, -85.1308980223 38.6350766237, -85.1302083974 38.6355285647, -85.1296252006 38.6359376732, -85.1290558005 38.6364116514, -85.128499446 38.6369150763, -85.1280030501 38.6374479172, -85.1275119211 38.6380189498, -85.127154342 38.6385288996, -85.1267030929 38.6392253467, -85.125259688 38.6416406858, -85.1245605032 38.6428311676, -85.1238455105 38.6440251309, -85.123396739 38.6447517812, -85.123094355 38.6451873223, -85.1228439037 38.6454863944, -85.122612839 38.6457292793, -85.122372466 38.6459550903, -85.1204698803 38.6476227295, -85.1165228323 38.6510568348, -85.1161460542 38.6513818538, -85.1156263262 38.6517972704, -85.1152295981 38.6520798955, -85.1148200625 38.6523451513, -85.1144392485 38.6525688242, -85.1139000753 38.6528424458, -85.1135545002 38.6529995797, -85.1130930951 38.6531882201, -85.1125887189 38.6533653694, -85.1122084635 38.6534833241, -85.1117918315 38.653596414, -85.1113451747 38.6536991825, -85.1108695749 38.653788064, -85.1104929891 38.6538461746, -85.1100436139 38.6538989497, -85.1095680813 38.6539397751, -85.1091385926 38.6539608024, -85.1086878848 38.6539657884, -85.1083531922 38.6539582179, -85.107989526 38.6539403304, -85.1075258782 38.653903506, -85.0927650858 38.6522904679, -85.0902558268 38.6520206743, -85.0898096661 38.6519885456, -85.0893976942 38.6519703334, -85.0890923944 38.6519661671, -85.0887411568 38.651969433, -85.0882657965 38.6519912281, -85.0877538488 38.6520317644, -85.0871449633 38.6521047078, -85.0868223415 38.6521572777, -85.0862834966 38.652267676, -85.0859417136 38.6523478688, -85.0855485931 38.6524516629, -85.0839858465 38.6529113627, -85.0824054533 38.6533841229, -85.0809929628 38.6537973981, -85.0807809828 38.6538497495, -85.0802071812 38.6540277456, -85.0760671304 38.655246303, -85.0752241087 38.6554908457, -85.074593636 38.6556597065, -85.0740469739 38.6557774182, -85.0734381362 38.6558782992, -85.0729515568 38.6559359399, -85.0723064393 38.655983615, -85.0719039727 38.6559958748, -85.0714981207 38.6559954843, -85.0711417329 38.6559854892, -85.0708053723 38.6559681935, -85.0701527578 38.6559180634, -85.0641905801 38.655439034, -85.0630777307 38.655363696, -85.0624469512 38.6553386357, -85.0617033085 38.6553250017, -85.061082808 38.6553241572, -85.0604860051 38.6553352541, -85.0591996395 38.6553909481, -85.0582110144 38.6554736199, -85.0575751407 38.6555429609, -85.0569181275 38.6556256302, -85.0563378274 38.6557057218, -85.0556307748 38.6558213161, -85.0546046859 38.6560130241, -85.0537049459 38.6562109532, -85.0524658136 38.6565257811, -85.0513146824 38.6568650013, -85.0362401825 38.6618399292, -85.0329899439 38.6629093832, -85.0267385468 38.6649762234, -85.0260521213 38.6652230178, -85.0253704105 38.665488508, -85.0247231982 38.6657709538, -85.0240004328 38.6661138928, -85.0235452328 38.6663510995, -85.0227116474 38.6668133452, -85.0147304427 38.6714283408, -85.0135922266 38.6720789258, -85.013230587 38.6722702671, -85.0128969402 38.6724293803, -85.0124290695 38.6726304956, -85.012014175 38.6727880048, -85.0117414323 38.6728813185, -85.0114813879 38.6729656497, -85.0110145542 38.6730981199, -85.0105868919 38.6732014524, -85.0102797557 38.6732665424, -85.0098365695 38.6733461617, -85.0094942174 38.6733951046, -85.0089219333 38.6734599135, -85.0055326313 38.6737852858, -85.001736876 38.6741560598, -84.9986055913 38.6744534772, -84.991995739 38.6750906109, -84.9915174087 38.6751446764, -84.9902686119 38.6753209566, -84.9888199044 38.6755884795, -84.9874906661 38.6758861306, -84.9858826088 38.6763167967, -84.9663022619 38.6815984741, -84.9644948398 38.6820744927)"
"District 06","Carroll","06-80410.00","I","71","I-71","MINOR WIDENING(O)","38.808","53.433","Widen I 71 to 6 lanes in Carroll County and build new structure over KY 227/Kentucky River. (2026CCN)","","2026","2026","U","NH","142693","2030","","","","021-I-0071-000","LINESTRING (-85.1762826581 38.5844934489, -85.1758936379 38.5851637594, -85.1756493104 38.5856280038, -85.175475856 38.5860656809, -85.1753658536 38.5863973986, -85.1752835303 38.5867234841, -85.1752412349 38.5869418511, -85.1751891675 38.5872908731, -85.1751620998 38.5877086623, -85.1751571045 38.587988442, -85.1751839185 38.5883164278, -85.1753564351 38.5896490053, -85.1754098233 38.5902020059, -85.1754419541 38.5906552284, -85.175436855 38.5909929446, -85.1754015127 38.5914397997, -85.1753442177 38.5918305333, -85.1750860657 38.5927601318, -85.1749468653 38.5931548624, -85.1747019505 38.5936896696, -85.1740527016 38.5949644488, -85.17342552 38.5962330149, -85.1732630251 38.5966070362, -85.1731195625 38.5970077849, -85.1730440067 38.5973160524, -85.1729716267 38.5978871135, -85.1729565829 38.5983310445, -85.1729686985 38.5989250316, -85.1729988513 38.6000273633, -85.1729951278 38.600411215, -85.1729600703 38.6007748704, -85.1729239767 38.6010479069, -85.1728366748 38.6014253125, -85.1727256419 38.6017498822, -85.1725610491 38.6021216947, -85.1723970488 38.6024182738, -85.1722427748 38.6026792038, -85.1720296087 38.6029535766, -85.1717537257 38.6032820122, -85.1699449956 38.6050906805, -85.1696007715 38.6055184513, -85.1693157346 38.6059396456, -85.1691402468 38.6062699379, -85.168977275 38.6066543837, -85.1686150034 38.6075905942, -85.1681204925 38.6089168893, -85.1679094352 38.6093617814, -85.1677178574 38.6096892466, -85.1675424949 38.6099577548, -85.1673981063 38.6101596907, -85.1672028046 38.6103827943, -85.1667244613 38.6108601485, -85.1662911523 38.6112188262, -85.1650118317 38.6121653473, -85.1643078664 38.6127135226, -85.1637636806 38.613148803, -85.1633281935 38.6136010922, -85.1627283948 38.6142925542, -85.1617984531 38.6154321502, -85.1608788382 38.6165462523, -85.1589764064 38.6188757176, -85.157020961 38.6212534871, -85.1564940156 38.6218804783, -85.1560372638 38.6223963371, -85.1556192654 38.622837426, -85.1552085576 38.6232423049, -85.1543910575 38.6239559744, -85.1538016433 38.6244258541, -85.1531615003 38.624891906, -85.1525698808 38.6252870814, -85.1516732423 38.6258273471, -85.1508417364 38.6262773225, -85.1498736462 38.6267345652, -85.1490178624 38.6271119152, -85.1462472204 38.6283120905, -85.1441215743 38.6292225082, -85.1367867218 38.6323931489, -85.1337960725 38.6336896519, -85.1323146766 38.6343420651, -85.1315659009 38.6347116074, -85.1308980223 38.6350766237, -85.1302083974 38.6355285647, -85.1296252006 38.6359376732, -85.1290558005 38.6364116514, -85.128499446 38.6369150763, -85.1280030501 38.6374479172, -85.1275119211 38.6380189498, -85.127154342 38.6385288996, -85.1267030929 38.6392253467, -85.125259688 38.6416406858, -85.1245605032 38.6428311676, -85.1238455105 38.6440251309, -85.123396739 38.6447517812, -85.123094355 38.6451873223, -85.1228439037 38.6454863944, -85.122612839 38.6457292793, -85.122372466 38.6459550903, -85.1204698803 38.6476227295, -85.1165228323 38.6510568348, -85.1161460542 38.6513818538, -85.1156263262 38.6517972704, -85.1152295981 38.6520798955, -85.1148200625 38.6523451513, -85.1144392485 38.6525688242, -85.1139000753 38.6528424458, -85.1135545002 38.6529995797, -85.1130930951 38.6531882201, -85.1125887189 38.6533653694, -85.1122084635 38.6534833241, -85.1117918315 38.653596414, -85.1113451747 38.6536991825, -85.1108695749 38.653788064, -85.1104929891 38.6538461746, -85.1100436139 38.6538989497, -85.1095680813 38.6539397751, -85.1091385926 38.6539608024, -85.1086878848 38.6539657884, -85.1083531922 38.6539582179, -85.107989526 38.6539403304, -85.1075258782 38.653903506, -85.0927650858 38.6522904679, -85.0902558268 38.6520206743, -85.0898096661 38.6519885456, -85.0893976942 38.6519703334, -85.0890923944 38.6519661671, -85.0887411568 38.651969433, -85.0882657965 38.6519912281, -85.0877538488 38.6520317644, -85.0871449633 38.6521047078, -85.0868223415 38.6521572777, -85.0862834966 38.652267676, -85.0859417136 38.6523478688, -85.0855485931 38.6524516629, -85.0839858465 38.6529113627, -85.0824054533 38.6533841229, -85.0809929628 38.6537973981, -85.0807809828 38.6538497495, -85.0802071812 38.6540277456, -85.0760671304 38.655246303, -85.0752241087 38.6554908457, -85.074593636 38.6556597065, -85.0740469739 38.6557774182, -85.0734381362 38.6558782992, -85.0729515568 38.6559359399, -85.0723064393 38.655983615, -85.0719039727 38.6559958748, -85.0714981207 38.6559954843, -85.0711417329 38.6559854892, -85.0708053723 38.6559681935, -85.0701527578 38.6559180634, -85.0641905801 38.655439034, -85.0630777307 38.655363696, -85.0624469512 38.6553386357, -85.0617033085 38.6553250017, -85.061082808 38.6553241572, -85.0604860051 38.6553352541, -85.0591996395 38.6553909481, -85.0582110144 38.6554736199, -85.0575751407 38.6555429609, -85.0569181275 38.6556256302, -85.0563378274 38.6557057218, -85.0556307748 38.6558213161, -85.0546046859 38.6560130241, -85.0537049459 38.6562109532, -85.0524658136 38.6565257811, -85.0513146824 38.6568650013, -85.0362401825 38.6618399292, -85.0329899439 38.6629093832, -85.0267385468 38.6649762234, -85.0260521213 38.6652230178, -85.0253704105 38.665488508, -85.0247231982 38.6657709538, -85.0240004328 38.6661138928, -85.0235452328 38.6663510995, -85.0227116474 38.6668133452, -85.0147304427 38.6714283408, -85.0135922266 38.6720789258, -85.013230587 38.6722702671, -85.0128969402 38.6724293803, -85.0124290695 38.6726304956, -85.012014175 38.6727880048, -85.0117414323 38.6728813185, -85.0114813879 38.6729656497, -85.0110145542 38.6730981199, -85.0105868919 38.6732014524, -85.0102797557 38.6732665424, -85.0098365695 38.6733461617, -85.0094942174 38.6733951046, -85.0089219333 38.6734599135, -85.0055326313 38.6737852858, -85.001736876 38.6741560598, -84.9986055913 38.6744534772, -84.991995739 38.6750906109, -84.9915174087 38.6751446764, -84.9902686119 38.6753209566, -84.9888199044 38.6755884795, -84.9874906661 38.6758861306, -84.9858826088 38.6763167967, -84.9663022619 38.6815984741, -84.9644948398 38.6820744927)"
"District 06","Carroll","06-80410.00","I","71","I-71","MINOR WIDENING(O)","38.808","53.433","Widen I 71 to 6 lanes in Carroll County and build new structure over KY 227/Kentucky River. (2026CCN)","","2026","2026","C","NH","14269338","2031","","","","021-I-0071-000","LINESTRING (-85.1762826581 38.5844934489, -85.1758936379 38.5851637594, -85.1756493104 38.5856280038, -85.175475856 38.5860656809, -85.1753658536 38.5863973986, -85.1752835303 38.5867234841, -85.1752412349 38.5869418511, -85.1751891675 38.5872908731, -85.1751620998 38.5877086623, -85.1751571045 38.587988442, -85.1751839185 38.5883164278, -85.1753564351 38.5896490053, -85.1754098233 38.5902020059, -85.1754419541 38.5906552284, -85.175436855 38.5909929446, -85.1754015127 38.5914397997, -85.1753442177 38.5918305333, -85.1750860657 38.5927601318, -85.1749468653 38.5931548624, -85.1747019505 38.5936896696, -85.1740527016 38.5949644488, -85.17342552 38.5962330149, -85.1732630251 38.5966070362, -85.1731195625 38.5970077849, -85.1730440067 38.5973160524, -85.1729716267 38.5978871135, -85.1729565829 38.5983310445, -85.1729686985 38.5989250316, -85.1729988513 38.6000273633, -85.1729951278 38.600411215, -85.1729600703 38.6007748704, -85.1729239767 38.6010479069, -85.1728366748 38.6014253125, -85.1727256419 38.6017498822, -85.1725610491 38.6021216947, -85.1723970488 38.6024182738, -85.1722427748 38.6026792038, -85.1720296087 38.6029535766, -85.1717537257 38.6032820122, -85.1699449956 38.6050906805, -85.1696007715 38.6055184513, -85.1693157346 38.6059396456, -85.1691402468 38.6062699379, -85.168977275 38.6066543837, -85.1686150034 38.6075905942, -85.1681204925 38.6089168893, -85.1679094352 38.6093617814, -85.1677178574 38.6096892466, -85.1675424949 38.6099577548, -85.1673981063 38.6101596907, -85.1672028046 38.6103827943, -85.1667244613 38.6108601485, -85.1662911523 38.6112188262, -85.1650118317 38.6121653473, -85.1643078664 38.6127135226, -85.1637636806 38.613148803, -85.1633281935 38.6136010922, -85.1627283948 38.6142925542, -85.1617984531 38.6154321502, -85.1608788382 38.6165462523, -85.1589764064 38.6188757176, -85.157020961 38.6212534871, -85.1564940156 38.6218804783, -85.1560372638 38.6223963371, -85.1556192654 38.622837426, -85.1552085576 38.6232423049, -85.1543910575 38.6239559744, -85.1538016433 38.6244258541, -85.1531615003 38.624891906, -85.1525698808 38.6252870814, -85.1516732423 38.6258273471, -85.1508417364 38.6262773225, -85.1498736462 38.6267345652, -85.1490178624 38.6271119152, -85.1462472204 38.6283120905, -85.1441215743 38.6292225082, -85.1367867218 38.6323931489, -85.1337960725 38.6336896519, -85.1323146766 38.6343420651, -85.1315659009 38.6347116074, -85.1308980223 38.6350766237, -85.1302083974 38.6355285647, -85.1296252006 38.6359376732, -85.1290558005 38.6364116514, -85.128499446 38.6369150763, -85.1280030501 38.6374479172, -85.1275119211 38.6380189498, -85.127154342 38.6385288996, -85.1267030929 38.6392253467, -85.125259688 38.6416406858, -85.1245605032 38.6428311676, -85.1238455105 38.6440251309, -85.123396739 38.6447517812, -85.123094355 38.6451873223, -85.1228439037 38.6454863944, -85.122612839 38.6457292793, -85.122372466 38.6459550903, -85.1204698803 38.6476227295, -85.1165228323 38.6510568348, -85.1161460542 38.6513818538, -85.1156263262 38.6517972704, -85.1152295981 38.6520798955, -85.1148200625 38.6523451513, -85.1144392485 38.6525688242, -85.1139000753 38.6528424458, -85.1135545002 38.6529995797, -85.1130930951 38.6531882201, -85.1125887189 38.6533653694, -85.1122084635 38.6534833241, -85.1117918315 38.653596414, -85.1113451747 38.6536991825, -85.1108695749 38.653788064, -85.1104929891 38.6538461746, -85.1100436139 38.6538989497, -85.1095680813 38.6539397751, -85.1091385926 38.6539608024, -85.1086878848 38.6539657884, -85.1083531922 38.6539582179, -85.107989526 38.6539403304, -85.1075258782 38.653903506, -85.0927650858 38.6522904679, -85.0902558268 38.6520206743, -85.0898096661 38.6519885456, -85.0893976942 38.6519703334, -85.0890923944 38.6519661671, -85.0887411568 38.651969433, -85.0882657965 38.6519912281, -85.0877538488 38.6520317644, -85.0871449633 38.6521047078, -85.0868223415 38.6521572777, -85.0862834966 38.652267676, -85.0859417136 38.6523478688, -85.0855485931 38.6524516629, -85.0839858465 38.6529113627, -85.0824054533 38.6533841229, -85.0809929628 38.6537973981, -85.0807809828 38.6538497495, -85.0802071812 38.6540277456, -85.0760671304 38.655246303, -85.0752241087 38.6554908457, -85.074593636 38.6556597065, -85.0740469739 38.6557774182, -85.0734381362 38.6558782992, -85.0729515568 38.6559359399, -85.0723064393 38.655983615, -85.0719039727 38.6559958748, -85.0714981207 38.6559954843, -85.0711417329 38.6559854892, -85.0708053723 38.6559681935, -85.0701527578 38.6559180634, -85.0641905801 38.655439034, -85.0630777307 38.655363696, -85.0624469512 38.6553386357, -85.0617033085 38.6553250017, -85.061082808 38.6553241572, -85.0604860051 38.6553352541, -85.0591996395 38.6553909481, -85.0582110144 38.6554736199, -85.0575751407 38.6555429609, -85.0569181275 38.6556256302, -85.0563378274 38.6557057218, -85.0556307748 38.6558213161, -85.0546046859 38.6560130241, -85.0537049459 38.6562109532, -85.0524658136 38.6565257811, -85.0513146824 38.6568650013, -85.0362401825 38.6618399292, -85.0329899439 38.6629093832, -85.0267385468 38.6649762234, -85.0260521213 38.6652230178, -85.0253704105 38.665488508, -85.0247231982 38.6657709538, -85.0240004328 38.6661138928, -85.0235452328 38.6663510995, -85.0227116474 38.6668133452, -85.0147304427 38.6714283408, -85.0135922266 38.6720789258, -85.013230587 38.6722702671, -85.0128969402 38.6724293803, -85.0124290695 38.6726304956, -85.012014175 38.6727880048, -85.0117414323 38.6728813185, -85.0114813879 38.6729656497, -85.0110145542 38.6730981199, -85.0105868919 38.6732014524, -85.0102797557 38.6732665424, -85.0098365695 38.6733461617, -85.0094942174 38.6733951046, -85.0089219333 38.6734599135, -85.0055326313 38.6737852858, -85.001736876 38.6741560598, -84.9986055913 38.6744534772, -84.991995739 38.6750906109, -84.9915174087 38.6751446764, -84.9902686119 38.6753209566, -84.9888199044 38.6755884795, -84.9874906661 38.6758861306, -84.9858826088 38.6763167967, -84.9663022619 38.6815984741, -84.9644948398 38.6820744927)"
"District 06","Carroll","06-80411.00","KY","389","KY-389","SAFETY(P)","4.5","7.239","Improve safety along KY 389 from I 71 to KY 55. (2026CCN)","","2026","2026","U","SPP","700000","2031","","","","021-KY-0389-000","LINESTRING (-85.1400977094 38.6328559467, -85.1400693482 38.6330967539, -85.1400041899 38.6336483297, -85.1399814572 38.6340238412, -85.1399776084 38.6344436574, -85.1399982174 38.6355412672, -85.1400179229 38.6359911339, -85.1400425505 38.6361864876, -85.1401198318 38.6365751425, -85.1402847083 38.6371649651, -85.1404881669 38.6377884842, -85.1405512473 38.6379488885, -85.1407293772 38.6383353133, -85.140933913 38.6387040252, -85.1410691167 38.6389062603, -85.1412034061 38.6390922898, -85.1414601512 38.6394140403, -85.1418964469 38.6399105174, -85.1423381234 38.640392193, -85.1431386668 38.641210961, -85.1435860371 38.6416413139, -85.1439613253 38.6419826085, -85.1444540898 38.6423862796, -85.1446885594 38.642568147, -85.145037743 38.6428074359, -85.1451916788 38.6429059693, -85.1454000009 38.6430325115, -85.1456108285 38.6431524755, -85.1458806589 38.6432927837, -85.1462133953 38.6434471404, -85.1465546574 38.6435867103, -85.1470238364 38.6437538378, -85.1474924433 38.6439055829, -85.14848878 38.6442156834, -85.1514164669 38.6451585293, -85.1516693705 38.6452300941, -85.1519187297 38.645307132, -85.1527361198 38.6455399631, -85.1533123658 38.6456763001, -85.1537765598 38.6457711605, -85.1542509952 38.6458553611, -85.1547204905 38.6459444781, -85.1561282434 38.646173648, -85.1567307617 38.6462664415, -85.1572679375 38.6463432551, -85.1583577883 38.6464856938, -85.1591175511 38.6465745896, -85.159941118 38.6466539106, -85.1608970413 38.6467325086, -85.161642484 38.6467743641, -85.1619057058 38.6467839024, -85.1621196733 38.6467791935, -85.1624206271 38.6467554183, -85.1626807422 38.6467157902, -85.1628697694 38.6466774575, -85.1631847909 38.6466021292, -85.1635599585 38.6464924991, -85.1646738049 38.646131693, -85.166382887 38.6455912018, -85.1666179943 38.6455256314, -85.1667958336 38.6454847666, -85.1670545392 38.6454453967, -85.1673506575 38.6454122499, -85.1676021204 38.6454030471, -85.1677894183 38.6454053365, -85.1681005033 38.6454274517, -85.1683460279 38.6454605034, -85.1684666434 38.6454827848, -85.168645247 38.6455218238, -85.1688210001 38.6455671646, -85.1691095096 38.6456545164, -85.1717184014 38.6465272087, -85.1723505704 38.6467255056, -85.1725763105 38.6467817918, -85.1728060215 38.6468229949, -85.1729896661 38.6468450285, -85.1732541913 38.6468671784, -85.1744608933 38.646892516, -85.1747734688 38.6469041871, -85.1750044265 38.64692068, -85.1751555373 38.6469392578, -85.1753736762 38.646982871, -85.1755099034 38.6470241663, -85.175640467 38.6470733975, -85.1757629063 38.6471316499, -85.1758197251 38.6471637756, -85.1759827693 38.6472680789, -85.1761324334 38.6473819279, -85.1762659224 38.6475047594, -85.1763457698 38.6475919116, -85.1764458915 38.6477280361, -85.1765207494 38.6478711792, -85.1765756439 38.6480150493, -85.1766552643 38.6483100568, -85.1767035499 38.6484484025, -85.1767970941 38.6486199166, -85.1768843974 38.6487389556, -85.1770159363 38.6488875869, -85.177537945 38.6493865399, -85.1776594937 38.6495145292, -85.1777557422 38.649654204, -85.1778285722 38.6497885493)"
"District 06","Carroll","06-80411.00","KY","389","KY-389","SAFETY(P)","4.5","7.239","Improve safety along KY 389 from I 71 to KY 55. (2026CCN)","","2026","2026","C","SPP","27300000","2032","","","","021-KY-0389-000","LINESTRING (-85.1400977094 38.6328559467, -85.1400693482 38.6330967539, -85.1400041899 38.6336483297, -85.1399814572 38.6340238412, -85.1399776084 38.6344436574, -85.1399982174 38.6355412672, -85.1400179229 38.6359911339, -85.1400425505 38.6361864876, -85.1401198318 38.6365751425, -85.1402847083 38.6371649651, -85.1404881669 38.6377884842, -85.1405512473 38.6379488885, -85.1407293772 38.6383353133, -85.140933913 38.6387040252, -85.1410691167 38.6389062603, -85.1412034061 38.6390922898, -85.1414601512 38.6394140403, -85.1418964469 38.6399105174, -85.1423381234 38.640392193, -85.1431386668 38.641210961, -85.1435860371 38.6416413139, -85.1439613253 38.6419826085, -85.1444540898 38.6423862796, -85.1446885594 38.642568147, -85.145037743 38.6428074359, -85.1451916788 38.6429059693, -85.1454000009 38.6430325115, -85.1456108285 38.6431524755, -85.1458806589 38.6432927837, -85.1462133953 38.6434471404, -85.1465546574 38.6435867103, -85.1470238364 38.6437538378, -85.1474924433 38.6439055829, -85.14848878 38.6442156834, -85.1514164669 38.6451585293, -85.1516693705 38.6452300941, -85.1519187297 38.645307132, -85.1527361198 38.6455399631, -85.1533123658 38.6456763001, -85.1537765598 38.6457711605, -85.1542509952 38.6458553611, -85.1547204905 38.6459444781, -85.1561282434 38.646173648, -85.1567307617 38.6462664415, -85.1572679375 38.6463432551, -85.1583577883 38.6464856938, -85.1591175511 38.6465745896, -85.159941118 38.6466539106, -85.1608970413 38.6467325086, -85.161642484 38.6467743641, -85.1619057058 38.6467839024, -85.1621196733 38.6467791935, -85.1624206271 38.6467554183, -85.1626807422 38.6467157902, -85.1628697694 38.6466774575, -85.1631847909 38.6466021292, -85.1635599585 38.6464924991, -85.1646738049 38.646131693, -85.166382887 38.6455912018, -85.1666179943 38.6455256314, -85.1667958336 38.6454847666, -85.1670545392 38.6454453967, -85.1673506575 38.6454122499, -85.1676021204 38.6454030471, -85.1677894183 38.6454053365, -85.1681005033 38.6454274517, -85.1683460279 38.6454605034, -85.1684666434 38.6454827848, -85.168645247 38.6455218238, -85.1688210001 38.6455671646, -85.1691095096 38.6456545164, -85.1717184014 38.6465272087, -85.1723505704 38.6467255056, -85.1725763105 38.6467817918, -85.1728060215 38.6468229949, -85.1729896661 38.6468450285, -85.1732541913 38.6468671784, -85.1744608933 38.646892516, -85.1747734688 38.6469041871, -85.1750044265 38.64692068, -85.1751555373 38.6469392578, -85.1753736762 38.646982871, -85.1755099034 38.6470241663, -85.175640467 38.6470733975, -85.1757629063 38.6471316499, -85.1758197251 38.6471637756, -85.1759827693 38.6472680789, -85.1761324334 38.6473819279, -85.1762659224 38.6475047594, -85.1763457698 38.6475919116, -85.1764458915 38.6477280361, -85.1765207494 38.6478711792, -85.1765756439 38.6480150493, -85.1766552643 38.6483100568, -85.1767035499 38.6484484025, -85.1767970941 38.6486199166, -85.1768843974 38.6487389556, -85.1770159363 38.6488875869, -85.177537945 38.6493865399, -85.1776594937 38.6495145292, -85.1777557422 38.649654204, -85.1778285722 38.6497885493)"
"District 06","Carroll","06-80411.00","KY","389","KY-389","SAFETY(P)","4.5","7.239","Improve safety along KY 389 from I 71 to KY 55. (2026CCN)","","2026","2026","D","SPP","3300000","2029","","","","021-KY-0389-000","LINESTRING (-85.1400977094 38.6328559467, -85.1400693482 38.6330967539, -85.1400041899 38.6336483297, -85.1399814572 38.6340238412, -85.1399776084 38.6344436574, -85.1399982174 38.6355412672, -85.1400179229 38.6359911339, -85.1400425505 38.6361864876, -85.1401198318 38.6365751425, -85.1402847083 38.6371649651, -85.1404881669 38.6377884842, -85.1405512473 38.6379488885, -85.1407293772 38.6383353133, -85.140933913 38.6387040252, -85.1410691167 38.6389062603, -85.1412034061 38.6390922898, -85.1414601512 38.6394140403, -85.1418964469 38.6399105174, -85.1423381234 38.640392193, -85.1431386668 38.641210961, -85.1435860371 38.6416413139, -85.1439613253 38.6419826085, -85.1444540898 38.6423862796, -85.1446885594 38.642568147, -85.145037743 38.6428074359, -85.1451916788 38.6429059693, -85.1454000009 38.6430325115, -85.1456108285 38.6431524755, -85.1458806589 38.6432927837, -85.1462133953 38.6434471404, -85.1465546574 38.6435867103, -85.1470238364 38.6437538378, -85.1474924433 38.6439055829, -85.14848878 38.6442156834, -85.1514164669 38.6451585293, -85.1516693705 38.6452300941, -85.1519187297 38.645307132, -85.1527361198 38.6455399631, -85.1533123658 38.6456763001, -85.1537765598 38.6457711605, -85.1542509952 38.6458553611, -85.1547204905 38.6459444781, -85.1561282434 38.646173648, -85.1567307617 38.6462664415, -85.1572679375 38.6463432551, -85.1583577883 38.6464856938, -85.1591175511 38.6465745896, -85.159941118 38.6466539106, -85.1608970413 38.6467325086, -85.161642484 38.6467743641, -85.1619057058 38.6467839024, -85.1621196733 38.6467791935, -85.1624206271 38.6467554183, -85.1626807422 38.6467157902, -85.1628697694 38.6466774575, -85.1631847909 38.6466021292, -85.1635599585 38.6464924991, -85.1646738049 38.646131693, -85.166382887 38.6455912018, -85.1666179943 38.6455256314, -85.1667958336 38.6454847666, -85.1670545392 38.6454453967, -85.1673506575 38.6454122499, -85.1676021204 38.6454030471, -85.1677894183 38.6454053365, -85.1681005033 38.6454274517, -85.1683460279 38.6454605034, -85.1684666434 38.6454827848, -85.168645247 38.6455218238, -85.1688210001 38.6455671646, -85.1691095096 38.6456545164, -85.1717184014 38.6465272087, -85.1723505704 38.6467255056, -85.1725763105 38.6467817918, -85.1728060215 38.6468229949, -85.1729896661 38.6468450285, -85.1732541913 38.6468671784, -85.1744608933 38.646892516, -85.1747734688 38.6469041871, -85.1750044265 38.64692068, -85.1751555373 38.6469392578, -85.1753736762 38.646982871, -85.1755099034 38.6470241663, -85.175640467 38.6470733975, -85.1757629063 38.6471316499, -85.1758197251 38.6471637756, -85.1759827693 38.6472680789, -85.1761324334 38.6473819279, -85.1762659224 38.6475047594, -85.1763457698 38.6475919116, -85.1764458915 38.6477280361, -85.1765207494 38.6478711792, -85.1765756439 38.6480150493, -85.1766552643 38.6483100568, -85.1767035499 38.6484484025, -85.1767970941 38.6486199166, -85.1768843974 38.6487389556, -85.1770159363 38.6488875869, -85.177537945 38.6493865399, -85.1776594937 38.6495145292, -85.1777557422 38.649654204, -85.1778285722 38.6497885493)"
"District 06","Carroll","06-80411.00","KY","389","KY-389","SAFETY(P)","4.5","7.239","Improve safety along KY 389 from I 71 to KY 55. (2026CCN)","","2026","2026","R","SPP","3000000","2030","","","","021-KY-0389-000","LINESTRING (-85.1400977094 38.6328559467, -85.1400693482 38.6330967539, -85.1400041899 38.6336483297, -85.1399814572 38.6340238412, -85.1399776084 38.6344436574, -85.1399982174 38.6355412672, -85.1400179229 38.6359911339, -85.1400425505 38.6361864876, -85.1401198318 38.6365751425, -85.1402847083 38.6371649651, -85.1404881669 38.6377884842, -85.1405512473 38.6379488885, -85.1407293772 38.6383353133, -85.140933913 38.6387040252, -85.1410691167 38.6389062603, -85.1412034061 38.6390922898, -85.1414601512 38.6394140403, -85.1418964469 38.6399105174, -85.1423381234 38.640392193, -85.1431386668 38.641210961, -85.1435860371 38.6416413139, -85.1439613253 38.6419826085, -85.1444540898 38.6423862796, -85.1446885594 38.642568147, -85.145037743 38.6428074359, -85.1451916788 38.6429059693, -85.1454000009 38.6430325115, -85.1456108285 38.6431524755, -85.1458806589 38.6432927837, -85.1462133953 38.6434471404, -85.1465546574 38.6435867103, -85.1470238364 38.6437538378, -85.1474924433 38.6439055829, -85.14848878 38.6442156834, -85.1514164669 38.6451585293, -85.1516693705 38.6452300941, -85.1519187297 38.645307132, -85.1527361198 38.6455399631, -85.1533123658 38.6456763001, -85.1537765598 38.6457711605, -85.1542509952 38.6458553611, -85.1547204905 38.6459444781, -85.1561282434 38.646173648, -85.1567307617 38.6462664415, -85.1572679375 38.6463432551, -85.1583577883 38.6464856938, -85.1591175511 38.6465745896, -85.159941118 38.6466539106, -85.1608970413 38.6467325086, -85.161642484 38.6467743641, -85.1619057058 38.6467839024, -85.1621196733 38.6467791935, -85.1624206271 38.6467554183, -85.1626807422 38.6467157902, -85.1628697694 38.6466774575, -85.1631847909 38.6466021292, -85.1635599585 38.6464924991, -85.1646738049 38.646131693, -85.166382887 38.6455912018, -85.1666179943 38.6455256314, -85.1667958336 38.6454847666, -85.1670545392 38.6454453967, -85.1673506575 38.6454122499, -85.1676021204 38.6454030471, -85.1677894183 38.6454053365, -85.1681005033 38.6454274517, -85.1683460279 38.6454605034, -85.1684666434 38.6454827848, -85.168645247 38.6455218238, -85.1688210001 38.6455671646, -85.1691095096 38.6456545164, -85.1717184014 38.6465272087, -85.1723505704 38.6467255056, -85.1725763105 38.6467817918, -85.1728060215 38.6468229949, -85.1729896661 38.6468450285, -85.1732541913 38.6468671784, -85.1744608933 38.646892516, -85.1747734688 38.6469041871, -85.1750044265 38.64692068, -85.1751555373 38.6469392578, -85.1753736762 38.646982871, -85.1755099034 38.6470241663, -85.175640467 38.6470733975, -85.1757629063 38.6471316499, -85.1758197251 38.6471637756, -85.1759827693 38.6472680789, -85.1761324334 38.6473819279, -85.1762659224 38.6475047594, -85.1763457698 38.6475919116, -85.1764458915 38.6477280361, -85.1765207494 38.6478711792, -85.1765756439 38.6480150493, -85.1766552643 38.6483100568, -85.1767035499 38.6484484025, -85.1767970941 38.6486199166, -85.1768843974 38.6487389556, -85.1770159363 38.6488875869, -85.177537945 38.6493865399, -85.1776594937 38.6495145292, -85.1777557422 38.649654204, -85.1778285722 38.6497885493)"
"District 06","Carroll","06-80417.00","KY","36","KY-36","RECONSTRUCTION(O)","0.0","8.13","RECONSTRUCTION FROM MILTON TO US 42 AT CARROLLTON to increase safety, ease travel and reduce travel times on KY 36 (MP 0 to 8.132) (2026CCN)","","2026","2026","D","SPP","11250000","2031","","","","021-KY-0036-000","LINESTRING (-85.3310250881 38.7298386842, -85.3253382037 38.7311592656, -85.3250170663 38.7312281351, -85.3224754221 38.7318165015, -85.3183169118 38.7327852827, -85.3167205857 38.7331347789, -85.3157778337 38.7333364488, -85.3148400807 38.7335216553, -85.3145315602 38.733587798, -85.3136022672 38.7337642394, -85.3123564937 38.7339881103, -85.3114437804 38.7341453758, -85.3092433748 38.7344985878, -85.3073171871 38.7347756246, -85.3063408287 38.73490406, -85.3050221232 38.7350663535, -85.304355956 38.7351434889, -85.3036880727 38.7352145728, -85.3020080981 38.7354076039, -85.301331114 38.7354756207, -85.3003142884 38.73556871, -85.2989587001 38.7356819247, -85.2976000442 38.7357805597, -85.2965785288 38.7358370821, -85.2959000446 38.7358627784, -85.2952272163 38.7358810794, -85.2942196682 38.7358895849, -85.2932125819 38.7358802369, -85.2914428552 38.7358443348, -85.2892342906 38.7357995711, -85.2879353714 38.7357621421, -85.2866569154 38.7357041854, -85.2853940153 38.7356259584, -85.2841452468 38.7355310238, -85.2832214027 38.7354422922, -85.2820142445 38.735309883, -85.28081421 38.7351607398, -85.2799165398 38.7350372161, -85.2790217353 38.7349046345, -85.2775341891 38.7346582235, -85.2763444803 38.7344332964, -85.2751552314 38.7341924334, -85.2745646839 38.7340654249, -85.2739717266 38.7339320879, -85.2733770796 38.7337894065, -85.2727824905 38.7336382101, -85.2718957903 38.7333966046, -85.2713037986 38.7332242692, -85.2707118762 38.7330420477, -85.2698206163 38.7327496132, -85.2686437427 38.7323404239, -85.2677678473 38.7320063012, -85.2671864455 38.7317730346, -85.2666107114 38.7315312761, -85.2660409876 38.7312824005, -85.265475173 38.7310261243, -85.264910137 38.7307585918, -85.2643490273 38.7304811882, -85.2637921792 38.7301961107, -85.2632427533 38.7299025498, -85.262699336 38.7296021459, -85.2621619387 38.7292932532, -85.2618962535 38.7291340135, -85.2616348044 38.7289703971, -85.2613793485 38.728801862, -85.2611298803 38.7286292331, -85.2608867516 38.7284522364, -85.2604247121 38.728093948, -85.2599914832 38.7277261652, -85.2597848861 38.7275383339, -85.2593906751 38.7271550598, -85.2592006153 38.7269582349, -85.2590172437 38.7267575925, -85.2586642144 38.7263497743, -85.2574607064 38.7249239071, -85.2548823698 38.7218756529, -85.254287397 38.7211807127, -85.2540842314 38.7209569153, -85.2536596162 38.7205185813, -85.2532156399 38.7200936176, -85.252984318 38.7198880972, -85.2525068993 38.719485781, -85.2522611474 38.7192898097, -85.2507404864 38.7181524898, -85.2502176254 38.7177875892, -85.2496764343 38.7174388094, -85.2488695419 38.7169444848, -85.2482883857 38.7165993742, -85.2478616087 38.7163825869, -85.2475953885 38.7162614777, -85.2473200085 38.7161474661, -85.2461798393 38.7157069056, -85.2458932571 38.7155917464, -85.2456102323 38.715468913, -85.2453328837 38.7153364931, -85.2450626023 38.7151955915, -85.2448021975 38.7150456696, -85.2445509581 38.7148880988, -85.2443078089 38.7147264419, -85.2438516117 38.714409022, -85.2428852185 38.7137297416, -85.2426424643 38.7135625917, -85.2423916379 38.713397604, -85.2408706904 38.7124416454, -85.239824935 38.7117933002, -85.2393302527 38.7114721285, -85.2390784808 38.7112939504, -85.2388452987 38.7111136546, -85.2383990105 38.7107388703, -85.237324558 38.7097916454, -85.235852895 38.708475045, -85.2350049739 38.7077632605, -85.2348065421 38.707577615, -85.2346239115 38.7073873704, -85.2344493756 38.7071924929, -85.2341227405 38.7068014596, -85.2334789322 38.7060208064, -85.2325018236 38.7048051518, -85.2321473521 38.7043895561, -85.2320081529 38.7042041632, -85.23184523 38.7040041151, -85.2306765011 38.7025921138, -85.2301902118 38.7019919734, -85.2290809938 38.7006458382, -85.2288749949 38.7003958985, -85.2286977522 38.7001919393, -85.2285262997 38.7000113436, -85.2281421287 38.6996395357, -85.2277171143 38.6992961032, -85.2261294664 38.6981323526, -85.2254607736 38.6976195272, -85.2252451158 38.6974491653, -85.2250399965 38.6972750054, -85.2247667368 38.6970269587, -85.2242371279 38.6965185824, -85.2229758882 38.6952428302, -85.2223794803 38.6946729198, -85.2197700485 38.692105869, -85.2193736769 38.6917375474, -85.2186177272 38.6910493882, -85.2164817339 38.6891227582, -85.2160728494 38.6887453077, -85.2156762532 38.6883646155, -85.2154821727 38.6881726407, -85.2151025631 38.6877695073, -85.214756933 38.687367075, -85.2142398351 38.6867480547, -85.2137496149 38.6861434309, -85.2130648947 38.6853114033, -85.2122365803 38.6842865201, -85.211897316 38.6838802635, -85.2115495242 38.6834909915, -85.2113687546 38.6833023638, -85.2111823486 38.683118104, -85.2109647728 38.6828853774, -85.2109516629 38.6828738774)"
"District 06","Carroll","06-80417.00","KY","36","KY-36","RECONSTRUCTION(O)","0.0","8.13","RECONSTRUCTION FROM MILTON TO US 42 AT CARROLLTON to increase safety, ease travel and reduce travel times on KY 36 (MP 0 to 8.132) (2026CCN)","","2026","2026","R","SPP","18000000","2032","","","","021-KY-0036-000","LINESTRING (-85.3310250881 38.7298386842, -85.3253382037 38.7311592656, -85.3250170663 38.7312281351, -85.3224754221 38.7318165015, -85.3183169118 38.7327852827, -85.3167205857 38.7331347789, -85.3157778337 38.7333364488, -85.3148400807 38.7335216553, -85.3145315602 38.733587798, -85.3136022672 38.7337642394, -85.3123564937 38.7339881103, -85.3114437804 38.7341453758, -85.3092433748 38.7344985878, -85.3073171871 38.7347756246, -85.3063408287 38.73490406, -85.3050221232 38.7350663535, -85.304355956 38.7351434889, -85.3036880727 38.7352145728, -85.3020080981 38.7354076039, -85.301331114 38.7354756207, -85.3003142884 38.73556871, -85.2989587001 38.7356819247, -85.2976000442 38.7357805597, -85.2965785288 38.7358370821, -85.2959000446 38.7358627784, -85.2952272163 38.7358810794, -85.2942196682 38.7358895849, -85.2932125819 38.7358802369, -85.2914428552 38.7358443348, -85.2892342906 38.7357995711, -85.2879353714 38.7357621421, -85.2866569154 38.7357041854, -85.2853940153 38.7356259584, -85.2841452468 38.7355310238, -85.2832214027 38.7354422922, -85.2820142445 38.735309883, -85.28081421 38.7351607398, -85.2799165398 38.7350372161, -85.2790217353 38.7349046345, -85.2775341891 38.7346582235, -85.2763444803 38.7344332964, -85.2751552314 38.7341924334, -85.2745646839 38.7340654249, -85.2739717266 38.7339320879, -85.2733770796 38.7337894065, -85.2727824905 38.7336382101, -85.2718957903 38.7333966046, -85.2713037986 38.7332242692, -85.2707118762 38.7330420477, -85.2698206163 38.7327496132, -85.2686437427 38.7323404239, -85.2677678473 38.7320063012, -85.2671864455 38.7317730346, -85.2666107114 38.7315312761, -85.2660409876 38.7312824005, -85.265475173 38.7310261243, -85.264910137 38.7307585918, -85.2643490273 38.7304811882, -85.2637921792 38.7301961107, -85.2632427533 38.7299025498, -85.262699336 38.7296021459, -85.2621619387 38.7292932532, -85.2618962535 38.7291340135, -85.2616348044 38.7289703971, -85.2613793485 38.728801862, -85.2611298803 38.7286292331, -85.2608867516 38.7284522364, -85.2604247121 38.728093948, -85.2599914832 38.7277261652, -85.2597848861 38.7275383339, -85.2593906751 38.7271550598, -85.2592006153 38.7269582349, -85.2590172437 38.7267575925, -85.2586642144 38.7263497743, -85.2574607064 38.7249239071, -85.2548823698 38.7218756529, -85.254287397 38.7211807127, -85.2540842314 38.7209569153, -85.2536596162 38.7205185813, -85.2532156399 38.7200936176, -85.252984318 38.7198880972, -85.2525068993 38.719485781, -85.2522611474 38.7192898097, -85.2507404864 38.7181524898, -85.2502176254 38.7177875892, -85.2496764343 38.7174388094, -85.2488695419 38.7169444848, -85.2482883857 38.7165993742, -85.2478616087 38.7163825869, -85.2475953885 38.7162614777, -85.2473200085 38.7161474661, -85.2461798393 38.7157069056, -85.2458932571 38.7155917464, -85.2456102323 38.715468913, -85.2453328837 38.7153364931, -85.2450626023 38.7151955915, -85.2448021975 38.7150456696, -85.2445509581 38.7148880988, -85.2443078089 38.7147264419, -85.2438516117 38.714409022, -85.2428852185 38.7137297416, -85.2426424643 38.7135625917, -85.2423916379 38.713397604, -85.2408706904 38.7124416454, -85.239824935 38.7117933002, -85.2393302527 38.7114721285, -85.2390784808 38.7112939504, -85.2388452987 38.7111136546, -85.2383990105 38.7107388703, -85.237324558 38.7097916454, -85.235852895 38.708475045, -85.2350049739 38.7077632605, -85.2348065421 38.707577615, -85.2346239115 38.7073873704, -85.2344493756 38.7071924929, -85.2341227405 38.7068014596, -85.2334789322 38.7060208064, -85.2325018236 38.7048051518, -85.2321473521 38.7043895561, -85.2320081529 38.7042041632, -85.23184523 38.7040041151, -85.2306765011 38.7025921138, -85.2301902118 38.7019919734, -85.2290809938 38.7006458382, -85.2288749949 38.7003958985, -85.2286977522 38.7001919393, -85.2285262997 38.7000113436, -85.2281421287 38.6996395357, -85.2277171143 38.6992961032, -85.2261294664 38.6981323526, -85.2254607736 38.6976195272, -85.2252451158 38.6974491653, -85.2250399965 38.6972750054, -85.2247667368 38.6970269587, -85.2242371279 38.6965185824, -85.2229758882 38.6952428302, -85.2223794803 38.6946729198, -85.2197700485 38.692105869, -85.2193736769 38.6917375474, -85.2186177272 38.6910493882, -85.2164817339 38.6891227582, -85.2160728494 38.6887453077, -85.2156762532 38.6883646155, -85.2154821727 38.6881726407, -85.2151025631 38.6877695073, -85.214756933 38.687367075, -85.2142398351 38.6867480547, -85.2137496149 38.6861434309, -85.2130648947 38.6853114033, -85.2122365803 38.6842865201, -85.211897316 38.6838802635, -85.2115495242 38.6834909915, -85.2113687546 38.6833023638, -85.2111823486 38.683118104, -85.2109647728 38.6828853774, -85.2109516629 38.6828738774)"
"District 06","Carroll","06-80417.00","KY","36","KY-36","RECONSTRUCTION(O)","0.0","8.13","RECONSTRUCTION FROM MILTON TO US 42 AT CARROLLTON to increase safety, ease travel and reduce travel times on KY 36 (MP 0 to 8.132) (2026CCN)","","2026","2026","C","SPP","150000000","2032","","","","021-KY-0036-000","LINESTRING (-85.3310250881 38.7298386842, -85.3253382037 38.7311592656, -85.3250170663 38.7312281351, -85.3224754221 38.7318165015, -85.3183169118 38.7327852827, -85.3167205857 38.7331347789, -85.3157778337 38.7333364488, -85.3148400807 38.7335216553, -85.3145315602 38.733587798, -85.3136022672 38.7337642394, -85.3123564937 38.7339881103, -85.3114437804 38.7341453758, -85.3092433748 38.7344985878, -85.3073171871 38.7347756246, -85.3063408287 38.73490406, -85.3050221232 38.7350663535, -85.304355956 38.7351434889, -85.3036880727 38.7352145728, -85.3020080981 38.7354076039, -85.301331114 38.7354756207, -85.3003142884 38.73556871, -85.2989587001 38.7356819247, -85.2976000442 38.7357805597, -85.2965785288 38.7358370821, -85.2959000446 38.7358627784, -85.2952272163 38.7358810794, -85.2942196682 38.7358895849, -85.2932125819 38.7358802369, -85.2914428552 38.7358443348, -85.2892342906 38.7357995711, -85.2879353714 38.7357621421, -85.2866569154 38.7357041854, -85.2853940153 38.7356259584, -85.2841452468 38.7355310238, -85.2832214027 38.7354422922, -85.2820142445 38.735309883, -85.28081421 38.7351607398, -85.2799165398 38.7350372161, -85.2790217353 38.7349046345, -85.2775341891 38.7346582235, -85.2763444803 38.7344332964, -85.2751552314 38.7341924334, -85.2745646839 38.7340654249, -85.2739717266 38.7339320879, -85.2733770796 38.7337894065, -85.2727824905 38.7336382101, -85.2718957903 38.7333966046, -85.2713037986 38.7332242692, -85.2707118762 38.7330420477, -85.2698206163 38.7327496132, -85.2686437427 38.7323404239, -85.2677678473 38.7320063012, -85.2671864455 38.7317730346, -85.2666107114 38.7315312761, -85.2660409876 38.7312824005, -85.265475173 38.7310261243, -85.264910137 38.7307585918, -85.2643490273 38.7304811882, -85.2637921792 38.7301961107, -85.2632427533 38.7299025498, -85.262699336 38.7296021459, -85.2621619387 38.7292932532, -85.2618962535 38.7291340135, -85.2616348044 38.7289703971, -85.2613793485 38.728801862, -85.2611298803 38.7286292331, -85.2608867516 38.7284522364, -85.2604247121 38.728093948, -85.2599914832 38.7277261652, -85.2597848861 38.7275383339, -85.2593906751 38.7271550598, -85.2592006153 38.7269582349, -85.2590172437 38.7267575925, -85.2586642144 38.7263497743, -85.2574607064 38.7249239071, -85.2548823698 38.7218756529, -85.254287397 38.7211807127, -85.2540842314 38.7209569153, -85.2536596162 38.7205185813, -85.2532156399 38.7200936176, -85.252984318 38.7198880972, -85.2525068993 38.719485781, -85.2522611474 38.7192898097, -85.2507404864 38.7181524898, -85.2502176254 38.7177875892, -85.2496764343 38.7174388094, -85.2488695419 38.7169444848, -85.2482883857 38.7165993742, -85.2478616087 38.7163825869, -85.2475953885 38.7162614777, -85.2473200085 38.7161474661, -85.2461798393 38.7157069056, -85.2458932571 38.7155917464, -85.2456102323 38.715468913, -85.2453328837 38.7153364931, -85.2450626023 38.7151955915, -85.2448021975 38.7150456696, -85.2445509581 38.7148880988, -85.2443078089 38.7147264419, -85.2438516117 38.714409022, -85.2428852185 38.7137297416, -85.2426424643 38.7135625917, -85.2423916379 38.713397604, -85.2408706904 38.7124416454, -85.239824935 38.7117933002, -85.2393302527 38.7114721285, -85.2390784808 38.7112939504, -85.2388452987 38.7111136546, -85.2383990105 38.7107388703, -85.237324558 38.7097916454, -85.235852895 38.708475045, -85.2350049739 38.7077632605, -85.2348065421 38.707577615, -85.2346239115 38.7073873704, -85.2344493756 38.7071924929, -85.2341227405 38.7068014596, -85.2334789322 38.7060208064, -85.2325018236 38.7048051518, -85.2321473521 38.7043895561, -85.2320081529 38.7042041632, -85.23184523 38.7040041151, -85.2306765011 38.7025921138, -85.2301902118 38.7019919734, -85.2290809938 38.7006458382, -85.2288749949 38.7003958985, -85.2286977522 38.7001919393, -85.2285262997 38.7000113436, -85.2281421287 38.6996395357, -85.2277171143 38.6992961032, -85.2261294664 38.6981323526, -85.2254607736 38.6976195272, -85.2252451158 38.6974491653, -85.2250399965 38.6972750054, -85.2247667368 38.6970269587, -85.2242371279 38.6965185824, -85.2229758882 38.6952428302, -85.2223794803 38.6946729198, -85.2197700485 38.692105869, -85.2193736769 38.6917375474, -85.2186177272 38.6910493882, -85.2164817339 38.6891227582, -85.2160728494 38.6887453077, -85.2156762532 38.6883646155, -85.2154821727 38.6881726407, -85.2151025631 38.6877695073, -85.214756933 38.687367075, -85.2142398351 38.6867480547, -85.2137496149 38.6861434309, -85.2130648947 38.6853114033, -85.2122365803 38.6842865201, -85.211897316 38.6838802635, -85.2115495242 38.6834909915, -85.2113687546 38.6833023638, -85.2111823486 38.683118104, -85.2109647728 38.6828853774, -85.2109516629 38.6828738774)"
"District 06","Carroll","06-80417.00","KY","36","KY-36","RECONSTRUCTION(O)","0.0","8.13","RECONSTRUCTION FROM MILTON TO US 42 AT CARROLLTON to increase safety, ease travel and reduce travel times on KY 36 (MP 0 to 8.132) (2026CCN)","","2026","2026","U","SPP","7000000","2032","","","","021-KY-0036-000","LINESTRING (-85.3310250881 38.7298386842, -85.3253382037 38.7311592656, -85.3250170663 38.7312281351, -85.3224754221 38.7318165015, -85.3183169118 38.7327852827, -85.3167205857 38.7331347789, -85.3157778337 38.7333364488, -85.3148400807 38.7335216553, -85.3145315602 38.733587798, -85.3136022672 38.7337642394, -85.3123564937 38.7339881103, -85.3114437804 38.7341453758, -85.3092433748 38.7344985878, -85.3073171871 38.7347756246, -85.3063408287 38.73490406, -85.3050221232 38.7350663535, -85.304355956 38.7351434889, -85.3036880727 38.7352145728, -85.3020080981 38.7354076039, -85.301331114 38.7354756207, -85.3003142884 38.73556871, -85.2989587001 38.7356819247, -85.2976000442 38.7357805597, -85.2965785288 38.7358370821, -85.2959000446 38.7358627784, -85.2952272163 38.7358810794, -85.2942196682 38.7358895849, -85.2932125819 38.7358802369, -85.2914428552 38.7358443348, -85.2892342906 38.7357995711, -85.2879353714 38.7357621421, -85.2866569154 38.7357041854, -85.2853940153 38.7356259584, -85.2841452468 38.7355310238, -85.2832214027 38.7354422922, -85.2820142445 38.735309883, -85.28081421 38.7351607398, -85.2799165398 38.7350372161, -85.2790217353 38.7349046345, -85.2775341891 38.7346582235, -85.2763444803 38.7344332964, -85.2751552314 38.7341924334, -85.2745646839 38.7340654249, -85.2739717266 38.7339320879, -85.2733770796 38.7337894065, -85.2727824905 38.7336382101, -85.2718957903 38.7333966046, -85.2713037986 38.7332242692, -85.2707118762 38.7330420477, -85.2698206163 38.7327496132, -85.2686437427 38.7323404239, -85.2677678473 38.7320063012, -85.2671864455 38.7317730346, -85.2666107114 38.7315312761, -85.2660409876 38.7312824005, -85.265475173 38.7310261243, -85.264910137 38.7307585918, -85.2643490273 38.7304811882, -85.2637921792 38.7301961107, -85.2632427533 38.7299025498, -85.262699336 38.7296021459, -85.2621619387 38.7292932532, -85.2618962535 38.7291340135, -85.2616348044 38.7289703971, -85.2613793485 38.728801862, -85.2611298803 38.7286292331, -85.2608867516 38.7284522364, -85.2604247121 38.728093948, -85.2599914832 38.7277261652, -85.2597848861 38.7275383339, -85.2593906751 38.7271550598, -85.2592006153 38.7269582349, -85.2590172437 38.7267575925, -85.2586642144 38.7263497743, -85.2574607064 38.7249239071, -85.2548823698 38.7218756529, -85.254287397 38.7211807127, -85.2540842314 38.7209569153, -85.2536596162 38.7205185813, -85.2532156399 38.7200936176, -85.252984318 38.7198880972, -85.2525068993 38.719485781, -85.2522611474 38.7192898097, -85.2507404864 38.7181524898, -85.2502176254 38.7177875892, -85.2496764343 38.7174388094, -85.2488695419 38.7169444848, -85.2482883857 38.7165993742, -85.2478616087 38.7163825869, -85.2475953885 38.7162614777, -85.2473200085 38.7161474661, -85.2461798393 38.7157069056, -85.2458932571 38.7155917464, -85.2456102323 38.715468913, -85.2453328837 38.7153364931, -85.2450626023 38.7151955915, -85.2448021975 38.7150456696, -85.2445509581 38.7148880988, -85.2443078089 38.7147264419, -85.2438516117 38.714409022, -85.2428852185 38.7137297416, -85.2426424643 38.7135625917, -85.2423916379 38.713397604, -85.2408706904 38.7124416454, -85.239824935 38.7117933002, -85.2393302527 38.7114721285, -85.2390784808 38.7112939504, -85.2388452987 38.7111136546, -85.2383990105 38.7107388703, -85.237324558 38.7097916454, -85.235852895 38.708475045, -85.2350049739 38.7077632605, -85.2348065421 38.707577615, -85.2346239115 38.7073873704, -85.2344493756 38.7071924929, -85.2341227405 38.7068014596, -85.2334789322 38.7060208064, -85.2325018236 38.7048051518, -85.2321473521 38.7043895561, -85.2320081529 38.7042041632, -85.23184523 38.7040041151, -85.2306765011 38.7025921138, -85.2301902118 38.7019919734, -85.2290809938 38.7006458382, -85.2288749949 38.7003958985, -85.2286977522 38.7001919393, -85.2285262997 38.7000113436, -85.2281421287 38.6996395357, -85.2277171143 38.6992961032, -85.2261294664 38.6981323526, -85.2254607736 38.6976195272, -85.2252451158 38.6974491653, -85.2250399965 38.6972750054, -85.2247667368 38.6970269587, -85.2242371279 38.6965185824, -85.2229758882 38.6952428302, -85.2223794803 38.6946729198, -85.2197700485 38.692105869, -85.2193736769 38.6917375474, -85.2186177272 38.6910493882, -85.2164817339 38.6891227582, -85.2160728494 38.6887453077, -85.2156762532 38.6883646155, -85.2154821727 38.6881726407, -85.2151025631 38.6877695073, -85.214756933 38.687367075, -85.2142398351 38.6867480547, -85.2137496149 38.6861434309, -85.2130648947 38.6853114033, -85.2122365803 38.6842865201, -85.211897316 38.6838802635, -85.2115495242 38.6834909915, -85.2113687546 38.6833023638, -85.2111823486 38.683118104, -85.2109647728 38.6828853774, -85.2109516629 38.6828738774)"
"District 06","Gallatin","06-08910.00","I","71","I-71","RECONSTRUCTION(O)","62.0","64.0","IMPROVE GEOMETRICS ON I-71 FROM US-127 TO MP 64. (16CCN)(18CCR) (2024CCR) (2026CCR)","","2016","2026","C","NH","52650000","2027","","","","039-I-0071-000","LINESTRING (-84.8302196313 38.7435074824, -84.8298216075 38.7437196373, -84.8293578012 38.7439387363, -84.8262303248 38.7453030675, -84.8194414648 38.7482442301, -84.8181410799 38.7487593341, -84.8180205573 38.7488069919, -84.8172358235 38.7490010179, -84.8164894077 38.7491321871, -84.8149154526 38.7492392878, -84.8133529119 38.7493582645, -84.8126148054 38.7495240707, -84.8118939919 38.74979023, -84.8112644452 38.7501026826, -84.8106476937 38.7505376948, -84.8097264915 38.7515243973, -84.8082589434 38.7536819634, -84.8075228203 38.7547228291, -84.8066175615 38.7556624052, -84.8054564894 38.7563967611, -84.804139049 38.7569642958, -84.8027716641 38.757487761, -84.8001610335 38.7584769526)"
"District 06","Gallatin","06-22104.00","I","71","I-71","AM-PAVEMENT (INT)(P)","56.673","59.673","ADDRESS CONDITION OF I-071 FROM MILEPOINT 56.673 TO MILEPOINT 59.94","","2022","2026","C","STP4","4820000","2026","2026-05-21","Awarded","1","039-I-0071-000","LINESTRING (-84.9108892779 38.7027323455, -84.9095814803 38.7032689343, -84.9081595237 38.7038470404, -84.9053562617 38.7050578565, -84.9049242677 38.7052640214, -84.9040194038 38.7056952764, -84.8973273641 38.7090358615, -84.8960805677 38.7096310027, -84.8948373293 38.7101599828, -84.8935528171 38.7105909038, -84.8922700297 38.7109630626, -84.8909460728 38.7112588523, -84.8895594868 38.7115154602, -84.8881331332 38.7117852174, -84.8780027764 38.7136563261, -84.8764769596 38.7140012746, -84.8761056714 38.7141311731, -84.87570456 38.7142929767, -84.8750836029 38.7145805692, -84.8738421293 38.7154102829, -84.8726561283 38.7163169991, -84.8714921177 38.7172288086, -84.8703356551 38.7181225401, -84.8692092971 38.7190170315, -84.8635336501 38.7234180266)"
"District 06","Gallatin","06-22104.00","I","71","I-71","AM-PAVEMENT (INT)(P)","56.673","59.673","ADDRESS CONDITION OF I-071 FROM MILEPOINT 56.673 TO MILEPOINT 59.94","","2022","2026","D","STP4","480000","2026","2026-05-21","Awarded","1","039-I-0071-000","LINESTRING (-84.9108892779 38.7027323455, -84.9095814803 38.7032689343, -84.9081595237 38.7038470404, -84.9053562617 38.7050578565, -84.9049242677 38.7052640214, -84.9040194038 38.7056952764, -84.8973273641 38.7090358615, -84.8960805677 38.7096310027, -84.8948373293 38.7101599828, -84.8935528171 38.7105909038, -84.8922700297 38.7109630626, -84.8909460728 38.7112588523, -84.8895594868 38.7115154602, -84.8881331332 38.7117852174, -84.8780027764 38.7136563261, -84.8764769596 38.7140012746, -84.8761056714 38.7141311731, -84.87570456 38.7142929767, -84.8750836029 38.7145805692, -84.8738421293 38.7154102829, -84.8726561283 38.7163169991, -84.8714921177 38.7172288086, -84.8703356551 38.7181225401, -84.8692092971 38.7190170315, -84.8635336501 38.7234180266)"
"District 06","Gallatin","06-80303.00","I","71","I-71","RECONSTRUCTION(O)","65.5","69.89","RECONSTRUCT I-71 WITH ADDITIONAL LANES FROM LITTLE SUGAR ROAD OVERPASS TO THE BOONE COUNTY LINE. (2024CCN)","","2024","2026","C","SPP","78000000","2031","","","","039-I-0071-000","LINESTRING (-84.7775517893 38.7707808698, -84.7754543905 38.7721995093, -84.7730196789 38.7738402107, -84.7718107003 38.7746474309, -84.7705893361 38.775486937, -84.769058382 38.7765232259, -84.766840359 38.7780186841, -84.7655411278 38.7788753436, -84.7641732434 38.7796443817, -84.7627153295 38.7802984347, -84.7611850941 38.7808252913, -84.7596026475 38.7812429633, -84.7532716841 38.7828576933, -84.7517206028 38.7832837613, -84.7502252627 38.7838393256, -84.7488180695 38.7845397633, -84.7475565748 38.785357829, -84.7464723493 38.7862424475, -84.7455006057 38.7871856641, -84.7435823183 38.7890709131, -84.7426044868 38.7900431595, -84.741972904 38.7906594574, -84.7415746057 38.7910479058, -84.7404899507 38.7920790884, -84.7393326632 38.7930832859, -84.7347076872 38.7969786342, -84.7335544483 38.7979578228, -84.7324042142 38.7989458125, -84.7313052995 38.7999754146, -84.7302258854 38.8010383961, -84.7269188607 38.8043398161, -84.725831346 38.805370838, -84.7246860574 38.8062657137, -84.7234591933 38.8070453793, -84.7221922216 38.8077057975, -84.7175315451 38.8098008907, -84.7163843653 38.8103461399, -84.7160877586 38.8104750886)"
"District 06","Gallatin","06-80303.00","I","71","I-71","RECONSTRUCTION(O)","65.5","69.89","RECONSTRUCT I-71 WITH ADDITIONAL LANES FROM LITTLE SUGAR ROAD OVERPASS TO THE BOONE COUNTY LINE. (2024CCN)","","2024","2026","R","SPP","300000","2030","","","","039-I-0071-000","LINESTRING (-84.7775517893 38.7707808698, -84.7754543905 38.7721995093, -84.7730196789 38.7738402107, -84.7718107003 38.7746474309, -84.7705893361 38.775486937, -84.769058382 38.7765232259, -84.766840359 38.7780186841, -84.7655411278 38.7788753436, -84.7641732434 38.7796443817, -84.7627153295 38.7802984347, -84.7611850941 38.7808252913, -84.7596026475 38.7812429633, -84.7532716841 38.7828576933, -84.7517206028 38.7832837613, -84.7502252627 38.7838393256, -84.7488180695 38.7845397633, -84.7475565748 38.785357829, -84.7464723493 38.7862424475, -84.7455006057 38.7871856641, -84.7435823183 38.7890709131, -84.7426044868 38.7900431595, -84.741972904 38.7906594574, -84.7415746057 38.7910479058, -84.7404899507 38.7920790884, -84.7393326632 38.7930832859, -84.7347076872 38.7969786342, -84.7335544483 38.7979578228, -84.7324042142 38.7989458125, -84.7313052995 38.7999754146, -84.7302258854 38.8010383961, -84.7269188607 38.8043398161, -84.725831346 38.805370838, -84.7246860574 38.8062657137, -84.7234591933 38.8070453793, -84.7221922216 38.8077057975, -84.7175315451 38.8098008907, -84.7163843653 38.8103461399, -84.7160877586 38.8104750886)"
"District 06","Gallatin","06-80303.00","I","71","I-71","RECONSTRUCTION(O)","65.5","69.89","RECONSTRUCT I-71 WITH ADDITIONAL LANES FROM LITTLE SUGAR ROAD OVERPASS TO THE BOONE COUNTY LINE. (2024CCN)","","2024","2026","U","SPP","290000","2030","","","","039-I-0071-000","LINESTRING (-84.7775517893 38.7707808698, -84.7754543905 38.7721995093, -84.7730196789 38.7738402107, -84.7718107003 38.7746474309, -84.7705893361 38.775486937, -84.769058382 38.7765232259, -84.766840359 38.7780186841, -84.7655411278 38.7788753436, -84.7641732434 38.7796443817, -84.7627153295 38.7802984347, -84.7611850941 38.7808252913, -84.7596026475 38.7812429633, -84.7532716841 38.7828576933, -84.7517206028 38.7832837613, -84.7502252627 38.7838393256, -84.7488180695 38.7845397633, -84.7475565748 38.785357829, -84.7464723493 38.7862424475, -84.7455006057 38.7871856641, -84.7435823183 38.7890709131, -84.7426044868 38.7900431595, -84.741972904 38.7906594574, -84.7415746057 38.7910479058, -84.7404899507 38.7920790884, -84.7393326632 38.7930832859, -84.7347076872 38.7969786342, -84.7335544483 38.7979578228, -84.7324042142 38.7989458125, -84.7313052995 38.7999754146, -84.7302258854 38.8010383961, -84.7269188607 38.8043398161, -84.725831346 38.805370838, -84.7246860574 38.8062657137, -84.7234591933 38.8070453793, -84.7221922216 38.8077057975, -84.7175315451 38.8098008907, -84.7163843653 38.8103461399, -84.7160877586 38.8104750886)"
"District 06","Gallatin","06-80303.00","I","71","I-71","RECONSTRUCTION(O)","65.5","69.89","RECONSTRUCT I-71 WITH ADDITIONAL LANES FROM LITTLE SUGAR ROAD OVERPASS TO THE BOONE COUNTY LINE. (2024CCN)","","2024","2026","D","SPP","3780000","2029","","","","039-I-0071-000","LINESTRING (-84.7775517893 38.7707808698, -84.7754543905 38.7721995093, -84.7730196789 38.7738402107, -84.7718107003 38.7746474309, -84.7705893361 38.775486937, -84.769058382 38.7765232259, -84.766840359 38.7780186841, -84.7655411278 38.7788753436, -84.7641732434 38.7796443817, -84.7627153295 38.7802984347, -84.7611850941 38.7808252913, -84.7596026475 38.7812429633, -84.7532716841 38.7828576933, -84.7517206028 38.7832837613, -84.7502252627 38.7838393256, -84.7488180695 38.7845397633, -84.7475565748 38.785357829, -84.7464723493 38.7862424475, -84.7455006057 38.7871856641, -84.7435823183 38.7890709131, -84.7426044868 38.7900431595, -84.741972904 38.7906594574, -84.7415746057 38.7910479058, -84.7404899507 38.7920790884, -84.7393326632 38.7930832859, -84.7347076872 38.7969786342, -84.7335544483 38.7979578228, -84.7324042142 38.7989458125, -84.7313052995 38.7999754146, -84.7302258854 38.8010383961, -84.7269188607 38.8043398161, -84.725831346 38.805370838, -84.7246860574 38.8062657137, -84.7234591933 38.8070453793, -84.7221922216 38.8077057975, -84.7175315451 38.8098008907, -84.7163843653 38.8103461399, -84.7160877586 38.8104750886)"
"District 06","Gallatin","06-80402.00","I","71","I-71","RECONSTRUCTION(O)","59.7","65.6","Reconstruct I-71 from the end of the 6-lane typical section to Little Sugar Road Overpass (2026CCN)","","2026","2026","D","NH","4000000","2026","","","","039-I-0071-000","LINESTRING (-84.8631808482 38.7236934574, -84.8622311782 38.724438953, -84.8599898816 38.7261765094, -84.8588132693 38.7270609164, -84.8575130335 38.7278762896, -84.8560857379 38.7285882777, -84.8545702395 38.7291727304, -84.8529758324 38.729672549, -84.8492422822 38.7308085896, -84.8482011156 38.7311255384, -84.846603032 38.7316038276, -84.8450150173 38.7320882125, -84.843452828 38.7325801862, -84.8419890829 38.7332164943, -84.8406558035 38.7340432383, -84.8395328176 38.7350118838, -84.8372091198 38.7372426199, -84.8358598994 38.7385488747, -84.8341995662 38.7401424026, -84.8331503599 38.7411681167, -84.8321735958 38.7420903149, -84.8316610203 38.7425369467, -84.8313642887 38.7427699717, -84.8311769673 38.7429173484, -84.8307561897 38.7432004865, -84.8302349399 38.7434993226, -84.8298216075 38.7437196373, -84.8293578012 38.7439387363, -84.8262303248 38.7453030675, -84.8194414648 38.7482442301, -84.8181410799 38.7487593341, -84.8180205573 38.7488069919, -84.8172358235 38.7490010179, -84.8164894077 38.7491321871, -84.8149154526 38.7492392878, -84.8133529119 38.7493582645, -84.8126148054 38.7495240707, -84.8118939919 38.74979023, -84.8112644452 38.7501026826, -84.8106476937 38.7505376948, -84.8097264915 38.7515243973, -84.8082589434 38.7536819634, -84.8075228203 38.7547228291, -84.8066175615 38.7556624052, -84.8054564894 38.7563967611, -84.804139049 38.7569642958, -84.8027716641 38.757487761, -84.7999781204 38.7585462568, -84.7986381793 38.7590580863, -84.7973971663 38.7595388413, -84.7952166903 38.7603654398, -84.7942761183 38.7607431314, -84.7924803517 38.7614305347, -84.7916014982 38.7617795954, -84.7906694725 38.7621979647, -84.7896844086 38.7627018412, -84.7886482772 38.7633011251, -84.7876054252 38.7639832676, -84.7841625895 38.766315672, -84.7816624547 38.7680002267, -84.7761535325 38.7717266336)"
"District 06","Gallatin","06-80402.00","I","71","I-71","RECONSTRUCTION(O)","59.7","65.6","Reconstruct I-71 from the end of the 6-lane typical section to Little Sugar Road Overpass (2026CCN)","","2026","2026","C","NH","55000000","2030","","","","039-I-0071-000","LINESTRING (-84.8631808482 38.7236934574, -84.8622311782 38.724438953, -84.8599898816 38.7261765094, -84.8588132693 38.7270609164, -84.8575130335 38.7278762896, -84.8560857379 38.7285882777, -84.8545702395 38.7291727304, -84.8529758324 38.729672549, -84.8492422822 38.7308085896, -84.8482011156 38.7311255384, -84.846603032 38.7316038276, -84.8450150173 38.7320882125, -84.843452828 38.7325801862, -84.8419890829 38.7332164943, -84.8406558035 38.7340432383, -84.8395328176 38.7350118838, -84.8372091198 38.7372426199, -84.8358598994 38.7385488747, -84.8341995662 38.7401424026, -84.8331503599 38.7411681167, -84.8321735958 38.7420903149, -84.8316610203 38.7425369467, -84.8313642887 38.7427699717, -84.8311769673 38.7429173484, -84.8307561897 38.7432004865, -84.8302349399 38.7434993226, -84.8298216075 38.7437196373, -84.8293578012 38.7439387363, -84.8262303248 38.7453030675, -84.8194414648 38.7482442301, -84.8181410799 38.7487593341, -84.8180205573 38.7488069919, -84.8172358235 38.7490010179, -84.8164894077 38.7491321871, -84.8149154526 38.7492392878, -84.8133529119 38.7493582645, -84.8126148054 38.7495240707, -84.8118939919 38.74979023, -84.8112644452 38.7501026826, -84.8106476937 38.7505376948, -84.8097264915 38.7515243973, -84.8082589434 38.7536819634, -84.8075228203 38.7547228291, -84.8066175615 38.7556624052, -84.8054564894 38.7563967611, -84.804139049 38.7569642958, -84.8027716641 38.757487761, -84.7999781204 38.7585462568, -84.7986381793 38.7590580863, -84.7973971663 38.7595388413, -84.7952166903 38.7603654398, -84.7942761183 38.7607431314, -84.7924803517 38.7614305347, -84.7916014982 38.7617795954, -84.7906694725 38.7621979647, -84.7896844086 38.7627018412, -84.7886482772 38.7633011251, -84.7876054252 38.7639832676, -84.7841625895 38.766315672, -84.7816624547 38.7680002267, -84.7761535325 38.7717266336)"
"District 06","Gallatin","06-80402.00","I","71","I-71","RECONSTRUCTION(O)","59.7","65.6","Reconstruct I-71 from the end of the 6-lane typical section to Little Sugar Road Overpass (2026CCN)","","2026","2026","R","NH","500000","2029","","","","039-I-0071-000","LINESTRING (-84.8631808482 38.7236934574, -84.8622311782 38.724438953, -84.8599898816 38.7261765094, -84.8588132693 38.7270609164, -84.8575130335 38.7278762896, -84.8560857379 38.7285882777, -84.8545702395 38.7291727304, -84.8529758324 38.729672549, -84.8492422822 38.7308085896, -84.8482011156 38.7311255384, -84.846603032 38.7316038276, -84.8450150173 38.7320882125, -84.843452828 38.7325801862, -84.8419890829 38.7332164943, -84.8406558035 38.7340432383, -84.8395328176 38.7350118838, -84.8372091198 38.7372426199, -84.8358598994 38.7385488747, -84.8341995662 38.7401424026, -84.8331503599 38.7411681167, -84.8321735958 38.7420903149, -84.8316610203 38.7425369467, -84.8313642887 38.7427699717, -84.8311769673 38.7429173484, -84.8307561897 38.7432004865, -84.8302349399 38.7434993226, -84.8298216075 38.7437196373, -84.8293578012 38.7439387363, -84.8262303248 38.7453030675, -84.8194414648 38.7482442301, -84.8181410799 38.7487593341, -84.8180205573 38.7488069919, -84.8172358235 38.7490010179, -84.8164894077 38.7491321871, -84.8149154526 38.7492392878, -84.8133529119 38.7493582645, -84.8126148054 38.7495240707, -84.8118939919 38.74979023, -84.8112644452 38.7501026826, -84.8106476937 38.7505376948, -84.8097264915 38.7515243973, -84.8082589434 38.7536819634, -84.8075228203 38.7547228291, -84.8066175615 38.7556624052, -84.8054564894 38.7563967611, -84.804139049 38.7569642958, -84.8027716641 38.757487761, -84.7999781204 38.7585462568, -84.7986381793 38.7590580863, -84.7973971663 38.7595388413, -84.7952166903 38.7603654398, -84.7942761183 38.7607431314, -84.7924803517 38.7614305347, -84.7916014982 38.7617795954, -84.7906694725 38.7621979647, -84.7896844086 38.7627018412, -84.7886482772 38.7633011251, -84.7876054252 38.7639832676, -84.7841625895 38.766315672, -84.7816624547 38.7680002267, -84.7761535325 38.7717266336)"
"District 06","Gallatin","06-80402.00","I","71","I-71","RECONSTRUCTION(O)","59.7","65.6","Reconstruct I-71 from the end of the 6-lane typical section to Little Sugar Road Overpass (2026CCN)","","2026","2026","U","NH","500000","2029","","","","039-I-0071-000","LINESTRING (-84.8631808482 38.7236934574, -84.8622311782 38.724438953, -84.8599898816 38.7261765094, -84.8588132693 38.7270609164, -84.8575130335 38.7278762896, -84.8560857379 38.7285882777, -84.8545702395 38.7291727304, -84.8529758324 38.729672549, -84.8492422822 38.7308085896, -84.8482011156 38.7311255384, -84.846603032 38.7316038276, -84.8450150173 38.7320882125, -84.843452828 38.7325801862, -84.8419890829 38.7332164943, -84.8406558035 38.7340432383, -84.8395328176 38.7350118838, -84.8372091198 38.7372426199, -84.8358598994 38.7385488747, -84.8341995662 38.7401424026, -84.8331503599 38.7411681167, -84.8321735958 38.7420903149, -84.8316610203 38.7425369467, -84.8313642887 38.7427699717, -84.8311769673 38.7429173484, -84.8307561897 38.7432004865, -84.8302349399 38.7434993226, -84.8298216075 38.7437196373, -84.8293578012 38.7439387363, -84.8262303248 38.7453030675, -84.8194414648 38.7482442301, -84.8181410799 38.7487593341, -84.8180205573 38.7488069919, -84.8172358235 38.7490010179, -84.8164894077 38.7491321871, -84.8149154526 38.7492392878, -84.8133529119 38.7493582645, -84.8126148054 38.7495240707, -84.8118939919 38.74979023, -84.8112644452 38.7501026826, -84.8106476937 38.7505376948, -84.8097264915 38.7515243973, -84.8082589434 38.7536819634, -84.8075228203 38.7547228291, -84.8066175615 38.7556624052, -84.8054564894 38.7563967611, -84.804139049 38.7569642958, -84.8027716641 38.757487761, -84.7999781204 38.7585462568, -84.7986381793 38.7590580863, -84.7973971663 38.7595388413, -84.7952166903 38.7603654398, -84.7942761183 38.7607431314, -84.7924803517 38.7614305347, -84.7916014982 38.7617795954, -84.7906694725 38.7621979647, -84.7896844086 38.7627018412, -84.7886482772 38.7633011251, -84.7876054252 38.7639832676, -84.7841625895 38.766315672, -84.7816624547 38.7680002267, -84.7761535325 38.7717266336)"
"District 06","Gallatin","06-80403.00","I","71","I-71","MAJOR WIDENING(O)","56.4","62.0","Widen I 71 to 6 lanes from KY 35 to US 127. (2026CCN)","","2026","2026","C","NH","60000000","2032","","","","039-I-0071-000","LINESTRING (-84.9153608573 38.700892044, -84.9149187513 38.7010730502, -84.9122624447 38.7021689117, -84.9095814803 38.7032689343, -84.9081595237 38.7038470404, -84.9053562617 38.7050578565, -84.9049242677 38.7052640214, -84.9040194038 38.7056952764, -84.8973273641 38.7090358615, -84.8960805677 38.7096310027, -84.8948373293 38.7101599828, -84.8935528171 38.7105909038, -84.8922700297 38.7109630626, -84.8909460728 38.7112588523, -84.8895594868 38.7115154602, -84.8881331332 38.7117852174, -84.8780027764 38.7136563261, -84.8764769596 38.7140012746, -84.8761056714 38.7141311731, -84.87570456 38.7142929767, -84.8750836029 38.7145805692, -84.8738421293 38.7154102829, -84.8726561283 38.7163169991, -84.8714921177 38.7172288086, -84.8703356551 38.7181225401, -84.8692092971 38.7190170315, -84.8633759835 38.7235402725, -84.8622311782 38.724438953, -84.8599898816 38.7261765094, -84.8588132693 38.7270609164, -84.8575130335 38.7278762896, -84.8560857379 38.7285882777, -84.8545702395 38.7291727304, -84.8529758324 38.729672549, -84.8492422822 38.7308085896, -84.8482011156 38.7311255384, -84.846603032 38.7316038276, -84.8450150173 38.7320882125, -84.843452828 38.7325801862, -84.8419890829 38.7332164943, -84.8406558035 38.7340432383, -84.8395328176 38.7350118838, -84.8372091198 38.7372426199, -84.8358598994 38.7385488747, -84.8341995662 38.7401424026, -84.8331503599 38.7411681167, -84.8321735958 38.7420903149, -84.8316610203 38.7425369467, -84.8313642887 38.7427699717, -84.8311769673 38.7429173484, -84.8307561897 38.7432004865, -84.8302349399 38.7434993226, -84.8302196313 38.7435074824)"
"District 06","Gallatin","06-80403.00","I","71","I-71","MAJOR WIDENING(O)","56.4","62.0","Widen I 71 to 6 lanes from KY 35 to US 127. (2026CCN)","","2026","2026","U","NH","500000","2031","","","","039-I-0071-000","LINESTRING (-84.9153608573 38.700892044, -84.9149187513 38.7010730502, -84.9122624447 38.7021689117, -84.9095814803 38.7032689343, -84.9081595237 38.7038470404, -84.9053562617 38.7050578565, -84.9049242677 38.7052640214, -84.9040194038 38.7056952764, -84.8973273641 38.7090358615, -84.8960805677 38.7096310027, -84.8948373293 38.7101599828, -84.8935528171 38.7105909038, -84.8922700297 38.7109630626, -84.8909460728 38.7112588523, -84.8895594868 38.7115154602, -84.8881331332 38.7117852174, -84.8780027764 38.7136563261, -84.8764769596 38.7140012746, -84.8761056714 38.7141311731, -84.87570456 38.7142929767, -84.8750836029 38.7145805692, -84.8738421293 38.7154102829, -84.8726561283 38.7163169991, -84.8714921177 38.7172288086, -84.8703356551 38.7181225401, -84.8692092971 38.7190170315, -84.8633759835 38.7235402725, -84.8622311782 38.724438953, -84.8599898816 38.7261765094, -84.8588132693 38.7270609164, -84.8575130335 38.7278762896, -84.8560857379 38.7285882777, -84.8545702395 38.7291727304, -84.8529758324 38.729672549, -84.8492422822 38.7308085896, -84.8482011156 38.7311255384, -84.846603032 38.7316038276, -84.8450150173 38.7320882125, -84.843452828 38.7325801862, -84.8419890829 38.7332164943, -84.8406558035 38.7340432383, -84.8395328176 38.7350118838, -84.8372091198 38.7372426199, -84.8358598994 38.7385488747, -84.8341995662 38.7401424026, -84.8331503599 38.7411681167, -84.8321735958 38.7420903149, -84.8316610203 38.7425369467, -84.8313642887 38.7427699717, -84.8311769673 38.7429173484, -84.8307561897 38.7432004865, -84.8302349399 38.7434993226, -84.8302196313 38.7435074824)"
"District 06","Gallatin","06-80403.00","I","71","I-71","MAJOR WIDENING(O)","56.4","62.0","Widen I 71 to 6 lanes from KY 35 to US 127. (2026CCN)","","2026","2026","R","NH","250000","2030","","","","039-I-0071-000","LINESTRING (-84.9153608573 38.700892044, -84.9149187513 38.7010730502, -84.9122624447 38.7021689117, -84.9095814803 38.7032689343, -84.9081595237 38.7038470404, -84.9053562617 38.7050578565, -84.9049242677 38.7052640214, -84.9040194038 38.7056952764, -84.8973273641 38.7090358615, -84.8960805677 38.7096310027, -84.8948373293 38.7101599828, -84.8935528171 38.7105909038, -84.8922700297 38.7109630626, -84.8909460728 38.7112588523, -84.8895594868 38.7115154602, -84.8881331332 38.7117852174, -84.8780027764 38.7136563261, -84.8764769596 38.7140012746, -84.8761056714 38.7141311731, -84.87570456 38.7142929767, -84.8750836029 38.7145805692, -84.8738421293 38.7154102829, -84.8726561283 38.7163169991, -84.8714921177 38.7172288086, -84.8703356551 38.7181225401, -84.8692092971 38.7190170315, -84.8633759835 38.7235402725, -84.8622311782 38.724438953, -84.8599898816 38.7261765094, -84.8588132693 38.7270609164, -84.8575130335 38.7278762896, -84.8560857379 38.7285882777, -84.8545702395 38.7291727304, -84.8529758324 38.729672549, -84.8492422822 38.7308085896, -84.8482011156 38.7311255384, -84.846603032 38.7316038276, -84.8450150173 38.7320882125, -84.843452828 38.7325801862, -84.8419890829 38.7332164943, -84.8406558035 38.7340432383, -84.8395328176 38.7350118838, -84.8372091198 38.7372426199, -84.8358598994 38.7385488747, -84.8341995662 38.7401424026, -84.8331503599 38.7411681167, -84.8321735958 38.7420903149, -84.8316610203 38.7425369467, -84.8313642887 38.7427699717, -84.8311769673 38.7429173484, -84.8307561897 38.7432004865, -84.8302349399 38.7434993226, -84.8302196313 38.7435074824)"
"District 06","Gallatin","06-80403.00","I","71","I-71","MAJOR WIDENING(O)","56.4","62.0","Widen I 71 to 6 lanes from KY 35 to US 127. (2026CCN)","","2026","2026","D","NH","4000000","2029","","","","039-I-0071-000","LINESTRING (-84.9153608573 38.700892044, -84.9149187513 38.7010730502, -84.9122624447 38.7021689117, -84.9095814803 38.7032689343, -84.9081595237 38.7038470404, -84.9053562617 38.7050578565, -84.9049242677 38.7052640214, -84.9040194038 38.7056952764, -84.8973273641 38.7090358615, -84.8960805677 38.7096310027, -84.8948373293 38.7101599828, -84.8935528171 38.7105909038, -84.8922700297 38.7109630626, -84.8909460728 38.7112588523, -84.8895594868 38.7115154602, -84.8881331332 38.7117852174, -84.8780027764 38.7136563261, -84.8764769596 38.7140012746, -84.8761056714 38.7141311731, -84.87570456 38.7142929767, -84.8750836029 38.7145805692, -84.8738421293 38.7154102829, -84.8726561283 38.7163169991, -84.8714921177 38.7172288086, -84.8703356551 38.7181225401, -84.8692092971 38.7190170315, -84.8633759835 38.7235402725, -84.8622311782 38.724438953, -84.8599898816 38.7261765094, -84.8588132693 38.7270609164, -84.8575130335 38.7278762896, -84.8560857379 38.7285882777, -84.8545702395 38.7291727304, -84.8529758324 38.729672549, -84.8492422822 38.7308085896, -84.8482011156 38.7311255384, -84.846603032 38.7316038276, -84.8450150173 38.7320882125, -84.843452828 38.7325801862, -84.8419890829 38.7332164943, -84.8406558035 38.7340432383, -84.8395328176 38.7350118838, -84.8372091198 38.7372426199, -84.8358598994 38.7385488747, -84.8341995662 38.7401424026, -84.8331503599 38.7411681167, -84.8321735958 38.7420903149, -84.8316610203 38.7425369467, -84.8313642887 38.7427699717, -84.8311769673 38.7429173484, -84.8307561897 38.7432004865, -84.8302349399 38.7434993226, -84.8302196313 38.7435074824)"
"District 06","Gallatin","06-80404.00","KY","35","KY-35","SAFETY(P)","0.0","4.1","Improve safety and mobility along KY 35 from US 127 to the Gallatin County line. (2026CCN)","","2026","2026","C","SPP","25000000","2032","","","","039-KY-0035-000","LINESTRING (-84.9053028176 38.6764983024, -84.9058361975 38.6767494846, -84.9061282147 38.6768811582, -84.9067648151 38.6771731568, -84.9071354971 38.6773484946, -84.9073098902 38.6774439104, -84.9074480063 38.6775261645, -84.9075964246 38.6776263391, -84.9077732195 38.6777566446, -84.9078991055 38.6778668184, -84.9080358298 38.6780091949, -84.9081433828 38.6781296745, -84.9082506044 38.6782789815, -84.908364197 38.6784530461, -84.9084842677 38.6786730117, -84.908591977 38.6789019506, -84.9086929379 38.6791388052, -84.9088082084 38.6794413851, -84.9096468232 38.6816969595, -84.9097081322 38.6818794401, -84.9097557989 38.6820601768, -84.9097951042 38.6822370099, -84.9098151626 38.6824120601, -84.9098215015 38.6825922311, -84.9097932117 38.6829201562, -84.9097516277 38.6830942227, -84.9097082568 38.6832408176, -84.909649264 38.6834054246, -84.9095780249 38.6835688471, -84.9094900026 38.6837294055, -84.9093958287 38.6838764656, -84.9092787667 38.6840337981, -84.9090425711 38.6842847455, -84.9088825697 38.6844288686, -84.9082909114 38.6849134424, -84.9077206566 38.6853638421, -84.9075373728 38.6855215287, -84.907346865 38.6856981094, -84.9072153233 38.6858344688, -84.9070906226 38.6859851554, -84.9069780932 38.6861436157, -84.9068838763 38.6862936941, -84.9068129258 38.6864313056, -84.9067478657 38.6865744512, -84.9066499261 38.6868650888, -84.9066187177 38.6870194565, -84.9065949323 38.68719859, -84.9065791569 38.6874121026, -84.906588782 38.6876104185, -84.9066088943 38.6877802526, -84.9066430296 38.6879493614, -84.9066871523 38.6881028905, -84.9067527677 38.6882763412, -84.9068270188 38.6884300837, -84.9069134921 38.6885872071, -84.9070116444 38.6887342541, -84.9071182352 38.688878615, -84.9072281128 38.6890114661, -84.9073572126 38.6891482972, -84.9074996351 38.6892843993, -84.9077774677 38.6894964197, -84.9079766795 38.6896296273, -84.9085057591 38.6899592952, -84.908786036 38.6901419502, -84.9090209637 38.6903078095, -84.9092126097 38.6904596325, -84.9093530179 38.6905885794, -84.9094835868 38.6907202017, -84.9095707247 38.6908202143, -84.9097583943 38.6910744286, -84.9098468031 38.6912164611, -84.9099320936 38.6913859309, -84.9100032927 38.6915621644, -84.9100588168 38.6917305996, -84.9100983982 38.6918838206, -84.910123965 38.692037217, -84.9101404321 38.6922202039, -84.9101449654 38.6923745503, -84.9101241765 38.6926594184, -84.9100910801 38.6928261303, -84.9100519908 38.6929656156, -84.9099970026 38.6931165214, -84.9099340673 38.693257761, -84.9098512323 38.6934232984, -84.9097433683 38.6936021125, -84.9095971573 38.693825139, -84.9092732607 38.6942657507, -84.9090755912 38.6945455257, -84.908889901 38.6948498223, -84.9088301118 38.6949608793, -84.9087740723 38.695081024, -84.9086612342 38.6953872077, -84.9086265685 38.6955072293, -84.9085878745 38.6956728027, -84.9085605519 38.6958549305, -84.9085437184 38.6960390547, -84.9085458606 38.6963704891, -84.9085697084 38.6965513315, -84.9086048762 38.696722643, -84.9086569924 38.6969132953, -84.9087464558 38.6971467717, -84.9088668583 38.6974016092, -84.908957186 38.6975601305, -84.9091728763 38.6978774212, -84.9093008153 38.6980254991, -84.9094302888 38.6981620554, -84.9095949984 38.6983120404, -84.9100568475 38.698704928, -84.9102725005 38.698904147, -84.9104179237 38.6990556422, -84.9105309443 38.6991912577, -84.9106662346 38.6993709626, -84.9107776225 38.6995573637, -84.9108601524 38.6997240658, -84.9109728183 38.700012894, -84.9110190515 38.700167259, -84.9110481236 38.7003209542, -84.9110670057 38.7004770488, -84.9110736806 38.7007198238, -84.9110485041 38.7010513393, -84.9110285395 38.7012033155, -84.9109396029 38.7019306001, -84.9107900356 38.703086075, -84.9106285726 38.7042090647, -84.9105344783 38.7048660193, -84.9100037152 38.7085773318, -84.9098718278 38.7094726265, -84.9097192579 38.7105816722, -84.9094354122 38.712561852, -84.909394502 38.7128281786, -84.9093452244 38.713090602, -84.9092791167 38.7133537309, -84.909225649 38.7135233169, -84.9091634403 38.7136911945, -84.9090914238 38.7138584535, -84.9090103105 38.7140245498, -84.9089211509 38.7141892163, -84.9088225426 38.714352718, -84.9087158998 38.7145139654, -84.908601581 38.7146721392, -84.9084132056 38.7149006301, -84.9082045726 38.7151229375, -84.9080560757 38.715266316, -84.9079023768 38.7154049892, -84.9077452759 38.7155345776, -84.9075819492 38.7156569833, -84.9073233677 38.7158339043, -84.9070494538 38.7160030285, -84.9067729089 38.7161570309, -84.9053461241 38.7169171135, -84.9038647898 38.7176940893, -84.9036937131 38.7177887022, -84.9035316643 38.7178905172, -84.9034553054 38.7179470865, -84.903381407 38.7180031243, -84.9032467953 38.7181265515, -84.9031299409 38.71825999, -84.9030344238 38.7183971481, -84.9029563834 38.7185382762, -84.9028936775 38.7186869252, -84.9028523257 38.7188376495, -84.9028376344 38.7189561621, -84.9028327809 38.7190725489, -84.9028579954 38.7193162787, -84.9028900399 38.7194848231, -84.9030788445 38.7203109968, -84.9031031054 38.7204555971, -84.9031182575 38.7205998579, -84.9031214758 38.7207456815, -84.9031082877 38.7208856228, -84.9030799381 38.7210334181, -84.9030365281 38.721180283, -84.9029766136 38.7213297771, -84.902900317 38.721471465, -84.9028085952 38.721613319, -84.9025897929 38.7218934786, -84.9020299754 38.722534203, -84.9019321845 38.722655145, -84.9018470224 38.7227750779, -84.9017743702 38.7229044359, -84.9017187908 38.7230424266, -84.9016806178 38.7231907009, -84.9016563079 38.7233525292, -84.9016435761 38.7236945614, -84.9016329883 38.7246069067, -84.9016304332 38.7251593378, -84.9016378372 38.7256690056, -84.9016440384 38.7258294025, -84.9016590071 38.725989313, -84.9016859028 38.7261484849, -84.901722293 38.7263049778, -84.9017693064 38.7264522121, -84.9018309458 38.7266077864, -84.9019059225 38.7267618084, -84.901986722 38.7268974754, -84.9020815408 38.7270332422, -84.9021911253 38.7271652701, -84.9023115653 38.7272981987, -84.9024470745 38.7274315089, -84.9027366812 38.727697437, -84.9034670214 38.728346512, -84.9036730415 38.7285360605, -84.9038026602 38.7286638357, -84.9038653447 38.7287296307, -84.9039776818 38.7288666182, -84.9040748682 38.7290103628, -84.904119231 38.7290926015)"
"District 06","Gallatin","06-80404.00","KY","35","KY-35","SAFETY(P)","0.0","4.1","Improve safety and mobility along KY 35 from US 127 to the Gallatin County line. (2026CCN)","","2026","2026","D","SPP","3000000","2029","","","","039-KY-0035-000","LINESTRING (-84.9053028176 38.6764983024, -84.9058361975 38.6767494846, -84.9061282147 38.6768811582, -84.9067648151 38.6771731568, -84.9071354971 38.6773484946, -84.9073098902 38.6774439104, -84.9074480063 38.6775261645, -84.9075964246 38.6776263391, -84.9077732195 38.6777566446, -84.9078991055 38.6778668184, -84.9080358298 38.6780091949, -84.9081433828 38.6781296745, -84.9082506044 38.6782789815, -84.908364197 38.6784530461, -84.9084842677 38.6786730117, -84.908591977 38.6789019506, -84.9086929379 38.6791388052, -84.9088082084 38.6794413851, -84.9096468232 38.6816969595, -84.9097081322 38.6818794401, -84.9097557989 38.6820601768, -84.9097951042 38.6822370099, -84.9098151626 38.6824120601, -84.9098215015 38.6825922311, -84.9097932117 38.6829201562, -84.9097516277 38.6830942227, -84.9097082568 38.6832408176, -84.909649264 38.6834054246, -84.9095780249 38.6835688471, -84.9094900026 38.6837294055, -84.9093958287 38.6838764656, -84.9092787667 38.6840337981, -84.9090425711 38.6842847455, -84.9088825697 38.6844288686, -84.9082909114 38.6849134424, -84.9077206566 38.6853638421, -84.9075373728 38.6855215287, -84.907346865 38.6856981094, -84.9072153233 38.6858344688, -84.9070906226 38.6859851554, -84.9069780932 38.6861436157, -84.9068838763 38.6862936941, -84.9068129258 38.6864313056, -84.9067478657 38.6865744512, -84.9066499261 38.6868650888, -84.9066187177 38.6870194565, -84.9065949323 38.68719859, -84.9065791569 38.6874121026, -84.906588782 38.6876104185, -84.9066088943 38.6877802526, -84.9066430296 38.6879493614, -84.9066871523 38.6881028905, -84.9067527677 38.6882763412, -84.9068270188 38.6884300837, -84.9069134921 38.6885872071, -84.9070116444 38.6887342541, -84.9071182352 38.688878615, -84.9072281128 38.6890114661, -84.9073572126 38.6891482972, -84.9074996351 38.6892843993, -84.9077774677 38.6894964197, -84.9079766795 38.6896296273, -84.9085057591 38.6899592952, -84.908786036 38.6901419502, -84.9090209637 38.6903078095, -84.9092126097 38.6904596325, -84.9093530179 38.6905885794, -84.9094835868 38.6907202017, -84.9095707247 38.6908202143, -84.9097583943 38.6910744286, -84.9098468031 38.6912164611, -84.9099320936 38.6913859309, -84.9100032927 38.6915621644, -84.9100588168 38.6917305996, -84.9100983982 38.6918838206, -84.910123965 38.692037217, -84.9101404321 38.6922202039, -84.9101449654 38.6923745503, -84.9101241765 38.6926594184, -84.9100910801 38.6928261303, -84.9100519908 38.6929656156, -84.9099970026 38.6931165214, -84.9099340673 38.693257761, -84.9098512323 38.6934232984, -84.9097433683 38.6936021125, -84.9095971573 38.693825139, -84.9092732607 38.6942657507, -84.9090755912 38.6945455257, -84.908889901 38.6948498223, -84.9088301118 38.6949608793, -84.9087740723 38.695081024, -84.9086612342 38.6953872077, -84.9086265685 38.6955072293, -84.9085878745 38.6956728027, -84.9085605519 38.6958549305, -84.9085437184 38.6960390547, -84.9085458606 38.6963704891, -84.9085697084 38.6965513315, -84.9086048762 38.696722643, -84.9086569924 38.6969132953, -84.9087464558 38.6971467717, -84.9088668583 38.6974016092, -84.908957186 38.6975601305, -84.9091728763 38.6978774212, -84.9093008153 38.6980254991, -84.9094302888 38.6981620554, -84.9095949984 38.6983120404, -84.9100568475 38.698704928, -84.9102725005 38.698904147, -84.9104179237 38.6990556422, -84.9105309443 38.6991912577, -84.9106662346 38.6993709626, -84.9107776225 38.6995573637, -84.9108601524 38.6997240658, -84.9109728183 38.700012894, -84.9110190515 38.700167259, -84.9110481236 38.7003209542, -84.9110670057 38.7004770488, -84.9110736806 38.7007198238, -84.9110485041 38.7010513393, -84.9110285395 38.7012033155, -84.9109396029 38.7019306001, -84.9107900356 38.703086075, -84.9106285726 38.7042090647, -84.9105344783 38.7048660193, -84.9100037152 38.7085773318, -84.9098718278 38.7094726265, -84.9097192579 38.7105816722, -84.9094354122 38.712561852, -84.909394502 38.7128281786, -84.9093452244 38.713090602, -84.9092791167 38.7133537309, -84.909225649 38.7135233169, -84.9091634403 38.7136911945, -84.9090914238 38.7138584535, -84.9090103105 38.7140245498, -84.9089211509 38.7141892163, -84.9088225426 38.714352718, -84.9087158998 38.7145139654, -84.908601581 38.7146721392, -84.9084132056 38.7149006301, -84.9082045726 38.7151229375, -84.9080560757 38.715266316, -84.9079023768 38.7154049892, -84.9077452759 38.7155345776, -84.9075819492 38.7156569833, -84.9073233677 38.7158339043, -84.9070494538 38.7160030285, -84.9067729089 38.7161570309, -84.9053461241 38.7169171135, -84.9038647898 38.7176940893, -84.9036937131 38.7177887022, -84.9035316643 38.7178905172, -84.9034553054 38.7179470865, -84.903381407 38.7180031243, -84.9032467953 38.7181265515, -84.9031299409 38.71825999, -84.9030344238 38.7183971481, -84.9029563834 38.7185382762, -84.9028936775 38.7186869252, -84.9028523257 38.7188376495, -84.9028376344 38.7189561621, -84.9028327809 38.7190725489, -84.9028579954 38.7193162787, -84.9028900399 38.7194848231, -84.9030788445 38.7203109968, -84.9031031054 38.7204555971, -84.9031182575 38.7205998579, -84.9031214758 38.7207456815, -84.9031082877 38.7208856228, -84.9030799381 38.7210334181, -84.9030365281 38.721180283, -84.9029766136 38.7213297771, -84.902900317 38.721471465, -84.9028085952 38.721613319, -84.9025897929 38.7218934786, -84.9020299754 38.722534203, -84.9019321845 38.722655145, -84.9018470224 38.7227750779, -84.9017743702 38.7229044359, -84.9017187908 38.7230424266, -84.9016806178 38.7231907009, -84.9016563079 38.7233525292, -84.9016435761 38.7236945614, -84.9016329883 38.7246069067, -84.9016304332 38.7251593378, -84.9016378372 38.7256690056, -84.9016440384 38.7258294025, -84.9016590071 38.725989313, -84.9016859028 38.7261484849, -84.901722293 38.7263049778, -84.9017693064 38.7264522121, -84.9018309458 38.7266077864, -84.9019059225 38.7267618084, -84.901986722 38.7268974754, -84.9020815408 38.7270332422, -84.9021911253 38.7271652701, -84.9023115653 38.7272981987, -84.9024470745 38.7274315089, -84.9027366812 38.727697437, -84.9034670214 38.728346512, -84.9036730415 38.7285360605, -84.9038026602 38.7286638357, -84.9038653447 38.7287296307, -84.9039776818 38.7288666182, -84.9040748682 38.7290103628, -84.904119231 38.7290926015)"
"District 06","Gallatin","06-80404.00","KY","35","KY-35","SAFETY(P)","0.0","4.1","Improve safety and mobility along KY 35 from US 127 to the Gallatin County line. (2026CCN)","","2026","2026","U","SPP","1500000","2031","","","","039-KY-0035-000","LINESTRING (-84.9053028176 38.6764983024, -84.9058361975 38.6767494846, -84.9061282147 38.6768811582, -84.9067648151 38.6771731568, -84.9071354971 38.6773484946, -84.9073098902 38.6774439104, -84.9074480063 38.6775261645, -84.9075964246 38.6776263391, -84.9077732195 38.6777566446, -84.9078991055 38.6778668184, -84.9080358298 38.6780091949, -84.9081433828 38.6781296745, -84.9082506044 38.6782789815, -84.908364197 38.6784530461, -84.9084842677 38.6786730117, -84.908591977 38.6789019506, -84.9086929379 38.6791388052, -84.9088082084 38.6794413851, -84.9096468232 38.6816969595, -84.9097081322 38.6818794401, -84.9097557989 38.6820601768, -84.9097951042 38.6822370099, -84.9098151626 38.6824120601, -84.9098215015 38.6825922311, -84.9097932117 38.6829201562, -84.9097516277 38.6830942227, -84.9097082568 38.6832408176, -84.909649264 38.6834054246, -84.9095780249 38.6835688471, -84.9094900026 38.6837294055, -84.9093958287 38.6838764656, -84.9092787667 38.6840337981, -84.9090425711 38.6842847455, -84.9088825697 38.6844288686, -84.9082909114 38.6849134424, -84.9077206566 38.6853638421, -84.9075373728 38.6855215287, -84.907346865 38.6856981094, -84.9072153233 38.6858344688, -84.9070906226 38.6859851554, -84.9069780932 38.6861436157, -84.9068838763 38.6862936941, -84.9068129258 38.6864313056, -84.9067478657 38.6865744512, -84.9066499261 38.6868650888, -84.9066187177 38.6870194565, -84.9065949323 38.68719859, -84.9065791569 38.6874121026, -84.906588782 38.6876104185, -84.9066088943 38.6877802526, -84.9066430296 38.6879493614, -84.9066871523 38.6881028905, -84.9067527677 38.6882763412, -84.9068270188 38.6884300837, -84.9069134921 38.6885872071, -84.9070116444 38.6887342541, -84.9071182352 38.688878615, -84.9072281128 38.6890114661, -84.9073572126 38.6891482972, -84.9074996351 38.6892843993, -84.9077774677 38.6894964197, -84.9079766795 38.6896296273, -84.9085057591 38.6899592952, -84.908786036 38.6901419502, -84.9090209637 38.6903078095, -84.9092126097 38.6904596325, -84.9093530179 38.6905885794, -84.9094835868 38.6907202017, -84.9095707247 38.6908202143, -84.9097583943 38.6910744286, -84.9098468031 38.6912164611, -84.9099320936 38.6913859309, -84.9100032927 38.6915621644, -84.9100588168 38.6917305996, -84.9100983982 38.6918838206, -84.910123965 38.692037217, -84.9101404321 38.6922202039, -84.9101449654 38.6923745503, -84.9101241765 38.6926594184, -84.9100910801 38.6928261303, -84.9100519908 38.6929656156, -84.9099970026 38.6931165214, -84.9099340673 38.693257761, -84.9098512323 38.6934232984, -84.9097433683 38.6936021125, -84.9095971573 38.693825139, -84.9092732607 38.6942657507, -84.9090755912 38.6945455257, -84.908889901 38.6948498223, -84.9088301118 38.6949608793, -84.9087740723 38.695081024, -84.9086612342 38.6953872077, -84.9086265685 38.6955072293, -84.9085878745 38.6956728027, -84.9085605519 38.6958549305, -84.9085437184 38.6960390547, -84.9085458606 38.6963704891, -84.9085697084 38.6965513315, -84.9086048762 38.696722643, -84.9086569924 38.6969132953, -84.9087464558 38.6971467717, -84.9088668583 38.6974016092, -84.908957186 38.6975601305, -84.9091728763 38.6978774212, -84.9093008153 38.6980254991, -84.9094302888 38.6981620554, -84.9095949984 38.6983120404, -84.9100568475 38.698704928, -84.9102725005 38.698904147, -84.9104179237 38.6990556422, -84.9105309443 38.6991912577, -84.9106662346 38.6993709626, -84.9107776225 38.6995573637, -84.9108601524 38.6997240658, -84.9109728183 38.700012894, -84.9110190515 38.700167259, -84.9110481236 38.7003209542, -84.9110670057 38.7004770488, -84.9110736806 38.7007198238, -84.9110485041 38.7010513393, -84.9110285395 38.7012033155, -84.9109396029 38.7019306001, -84.9107900356 38.703086075, -84.9106285726 38.7042090647, -84.9105344783 38.7048660193, -84.9100037152 38.7085773318, -84.9098718278 38.7094726265, -84.9097192579 38.7105816722, -84.9094354122 38.712561852, -84.909394502 38.7128281786, -84.9093452244 38.713090602, -84.9092791167 38.7133537309, -84.909225649 38.7135233169, -84.9091634403 38.7136911945, -84.9090914238 38.7138584535, -84.9090103105 38.7140245498, -84.9089211509 38.7141892163, -84.9088225426 38.714352718, -84.9087158998 38.7145139654, -84.908601581 38.7146721392, -84.9084132056 38.7149006301, -84.9082045726 38.7151229375, -84.9080560757 38.715266316, -84.9079023768 38.7154049892, -84.9077452759 38.7155345776, -84.9075819492 38.7156569833, -84.9073233677 38.7158339043, -84.9070494538 38.7160030285, -84.9067729089 38.7161570309, -84.9053461241 38.7169171135, -84.9038647898 38.7176940893, -84.9036937131 38.7177887022, -84.9035316643 38.7178905172, -84.9034553054 38.7179470865, -84.903381407 38.7180031243, -84.9032467953 38.7181265515, -84.9031299409 38.71825999, -84.9030344238 38.7183971481, -84.9029563834 38.7185382762, -84.9028936775 38.7186869252, -84.9028523257 38.7188376495, -84.9028376344 38.7189561621, -84.9028327809 38.7190725489, -84.9028579954 38.7193162787, -84.9028900399 38.7194848231, -84.9030788445 38.7203109968, -84.9031031054 38.7204555971, -84.9031182575 38.7205998579, -84.9031214758 38.7207456815, -84.9031082877 38.7208856228, -84.9030799381 38.7210334181, -84.9030365281 38.721180283, -84.9029766136 38.7213297771, -84.902900317 38.721471465, -84.9028085952 38.721613319, -84.9025897929 38.7218934786, -84.9020299754 38.722534203, -84.9019321845 38.722655145, -84.9018470224 38.7227750779, -84.9017743702 38.7229044359, -84.9017187908 38.7230424266, -84.9016806178 38.7231907009, -84.9016563079 38.7233525292, -84.9016435761 38.7236945614, -84.9016329883 38.7246069067, -84.9016304332 38.7251593378, -84.9016378372 38.7256690056, -84.9016440384 38.7258294025, -84.9016590071 38.725989313, -84.9016859028 38.7261484849, -84.901722293 38.7263049778, -84.9017693064 38.7264522121, -84.9018309458 38.7266077864, -84.9019059225 38.7267618084, -84.901986722 38.7268974754, -84.9020815408 38.7270332422, -84.9021911253 38.7271652701, -84.9023115653 38.7272981987, -84.9024470745 38.7274315089, -84.9027366812 38.727697437, -84.9034670214 38.728346512, -84.9036730415 38.7285360605, -84.9038026602 38.7286638357, -84.9038653447 38.7287296307, -84.9039776818 38.7288666182, -84.9040748682 38.7290103628, -84.904119231 38.7290926015)"
"District 06","Gallatin","06-80404.00","KY","35","KY-35","SAFETY(P)","0.0","4.1","Improve safety and mobility along KY 35 from US 127 to the Gallatin County line. (2026CCN)","","2026","2026","R","SPP","2500000","2030","","","","039-KY-0035-000","LINESTRING (-84.9053028176 38.6764983024, -84.9058361975 38.6767494846, -84.9061282147 38.6768811582, -84.9067648151 38.6771731568, -84.9071354971 38.6773484946, -84.9073098902 38.6774439104, -84.9074480063 38.6775261645, -84.9075964246 38.6776263391, -84.9077732195 38.6777566446, -84.9078991055 38.6778668184, -84.9080358298 38.6780091949, -84.9081433828 38.6781296745, -84.9082506044 38.6782789815, -84.908364197 38.6784530461, -84.9084842677 38.6786730117, -84.908591977 38.6789019506, -84.9086929379 38.6791388052, -84.9088082084 38.6794413851, -84.9096468232 38.6816969595, -84.9097081322 38.6818794401, -84.9097557989 38.6820601768, -84.9097951042 38.6822370099, -84.9098151626 38.6824120601, -84.9098215015 38.6825922311, -84.9097932117 38.6829201562, -84.9097516277 38.6830942227, -84.9097082568 38.6832408176, -84.909649264 38.6834054246, -84.9095780249 38.6835688471, -84.9094900026 38.6837294055, -84.9093958287 38.6838764656, -84.9092787667 38.6840337981, -84.9090425711 38.6842847455, -84.9088825697 38.6844288686, -84.9082909114 38.6849134424, -84.9077206566 38.6853638421, -84.9075373728 38.6855215287, -84.907346865 38.6856981094, -84.9072153233 38.6858344688, -84.9070906226 38.6859851554, -84.9069780932 38.6861436157, -84.9068838763 38.6862936941, -84.9068129258 38.6864313056, -84.9067478657 38.6865744512, -84.9066499261 38.6868650888, -84.9066187177 38.6870194565, -84.9065949323 38.68719859, -84.9065791569 38.6874121026, -84.906588782 38.6876104185, -84.9066088943 38.6877802526, -84.9066430296 38.6879493614, -84.9066871523 38.6881028905, -84.9067527677 38.6882763412, -84.9068270188 38.6884300837, -84.9069134921 38.6885872071, -84.9070116444 38.6887342541, -84.9071182352 38.688878615, -84.9072281128 38.6890114661, -84.9073572126 38.6891482972, -84.9074996351 38.6892843993, -84.9077774677 38.6894964197, -84.9079766795 38.6896296273, -84.9085057591 38.6899592952, -84.908786036 38.6901419502, -84.9090209637 38.6903078095, -84.9092126097 38.6904596325, -84.9093530179 38.6905885794, -84.9094835868 38.6907202017, -84.9095707247 38.6908202143, -84.9097583943 38.6910744286, -84.9098468031 38.6912164611, -84.9099320936 38.6913859309, -84.9100032927 38.6915621644, -84.9100588168 38.6917305996, -84.9100983982 38.6918838206, -84.910123965 38.692037217, -84.9101404321 38.6922202039, -84.9101449654 38.6923745503, -84.9101241765 38.6926594184, -84.9100910801 38.6928261303, -84.9100519908 38.6929656156, -84.9099970026 38.6931165214, -84.9099340673 38.693257761, -84.9098512323 38.6934232984, -84.9097433683 38.6936021125, -84.9095971573 38.693825139, -84.9092732607 38.6942657507, -84.9090755912 38.6945455257, -84.908889901 38.6948498223, -84.9088301118 38.6949608793, -84.9087740723 38.695081024, -84.9086612342 38.6953872077, -84.9086265685 38.6955072293, -84.9085878745 38.6956728027, -84.9085605519 38.6958549305, -84.9085437184 38.6960390547, -84.9085458606 38.6963704891, -84.9085697084 38.6965513315, -84.9086048762 38.696722643, -84.9086569924 38.6969132953, -84.9087464558 38.6971467717, -84.9088668583 38.6974016092, -84.908957186 38.6975601305, -84.9091728763 38.6978774212, -84.9093008153 38.6980254991, -84.9094302888 38.6981620554, -84.9095949984 38.6983120404, -84.9100568475 38.698704928, -84.9102725005 38.698904147, -84.9104179237 38.6990556422, -84.9105309443 38.6991912577, -84.9106662346 38.6993709626, -84.9107776225 38.6995573637, -84.9108601524 38.6997240658, -84.9109728183 38.700012894, -84.9110190515 38.700167259, -84.9110481236 38.7003209542, -84.9110670057 38.7004770488, -84.9110736806 38.7007198238, -84.9110485041 38.7010513393, -84.9110285395 38.7012033155, -84.9109396029 38.7019306001, -84.9107900356 38.703086075, -84.9106285726 38.7042090647, -84.9105344783 38.7048660193, -84.9100037152 38.7085773318, -84.9098718278 38.7094726265, -84.9097192579 38.7105816722, -84.9094354122 38.712561852, -84.909394502 38.7128281786, -84.9093452244 38.713090602, -84.9092791167 38.7133537309, -84.909225649 38.7135233169, -84.9091634403 38.7136911945, -84.9090914238 38.7138584535, -84.9090103105 38.7140245498, -84.9089211509 38.7141892163, -84.9088225426 38.714352718, -84.9087158998 38.7145139654, -84.908601581 38.7146721392, -84.9084132056 38.7149006301, -84.9082045726 38.7151229375, -84.9080560757 38.715266316, -84.9079023768 38.7154049892, -84.9077452759 38.7155345776, -84.9075819492 38.7156569833, -84.9073233677 38.7158339043, -84.9070494538 38.7160030285, -84.9067729089 38.7161570309, -84.9053461241 38.7169171135, -84.9038647898 38.7176940893, -84.9036937131 38.7177887022, -84.9035316643 38.7178905172, -84.9034553054 38.7179470865, -84.903381407 38.7180031243, -84.9032467953 38.7181265515, -84.9031299409 38.71825999, -84.9030344238 38.7183971481, -84.9029563834 38.7185382762, -84.9028936775 38.7186869252, -84.9028523257 38.7188376495, -84.9028376344 38.7189561621, -84.9028327809 38.7190725489, -84.9028579954 38.7193162787, -84.9028900399 38.7194848231, -84.9030788445 38.7203109968, -84.9031031054 38.7204555971, -84.9031182575 38.7205998579, -84.9031214758 38.7207456815, -84.9031082877 38.7208856228, -84.9030799381 38.7210334181, -84.9030365281 38.721180283, -84.9029766136 38.7213297771, -84.902900317 38.721471465, -84.9028085952 38.721613319, -84.9025897929 38.7218934786, -84.9020299754 38.722534203, -84.9019321845 38.722655145, -84.9018470224 38.7227750779, -84.9017743702 38.7229044359, -84.9017187908 38.7230424266, -84.9016806178 38.7231907009, -84.9016563079 38.7233525292, -84.9016435761 38.7236945614, -84.9016329883 38.7246069067, -84.9016304332 38.7251593378, -84.9016378372 38.7256690056, -84.9016440384 38.7258294025, -84.9016590071 38.725989313, -84.9016859028 38.7261484849, -84.901722293 38.7263049778, -84.9017693064 38.7264522121, -84.9018309458 38.7266077864, -84.9019059225 38.7267618084, -84.901986722 38.7268974754, -84.9020815408 38.7270332422, -84.9021911253 38.7271652701, -84.9023115653 38.7272981987, -84.9024470745 38.7274315089, -84.9027366812 38.727697437, -84.9034670214 38.728346512, -84.9036730415 38.7285360605, -84.9038026602 38.7286638357, -84.9038653447 38.7287296307, -84.9039776818 38.7288666182, -84.9040748682 38.7290103628, -84.904119231 38.7290926015)"
"District 06","Grant","06-20062.00","I","75","I-75","AM-PAVEMENT (INT)(P)","162.6","164.4","ADDRESS CONDITION OF I-075 FROM MILEPOINT 162.6 TO MILEPOINT 164.4","","2024","2026","D","NHPM","530000","2030","","","","041-I-0075-000","LINESTRING (-84.6050839583 38.7414096863, -84.6052866011 38.7438878548, -84.6054464081 38.7455940078, -84.6055976731 38.7468832595, -84.6057561541 38.7480031612, -84.6061406803 38.7505645981, -84.6064346943 38.7524582002, -84.6067336237 38.7544644266, -84.6074143906 38.7589191931, -84.607796245 38.7613896998, -84.6080139931 38.7625587599, -84.6082289693 38.7634792957, -84.6084358662 38.7642437905, -84.6088244267 38.7654581415, -84.6094693108 38.7672753951)"
"District 06","Grant","06-20062.00","I","75","I-75","AM-PAVEMENT (INT)(P)","162.6","164.4","ADDRESS CONDITION OF I-075 FROM MILEPOINT 162.6 TO MILEPOINT 164.4","","2024","2026","C","NHPM","5270000","2030","","","","041-I-0075-000","LINESTRING (-84.6050839583 38.7414096863, -84.6052866011 38.7438878548, -84.6054464081 38.7455940078, -84.6055976731 38.7468832595, -84.6057561541 38.7480031612, -84.6061406803 38.7505645981, -84.6064346943 38.7524582002, -84.6067336237 38.7544644266, -84.6074143906 38.7589191931, -84.607796245 38.7613896998, -84.6080139931 38.7625587599, -84.6082289693 38.7634792957, -84.6084358662 38.7642437905, -84.6088244267 38.7654581415, -84.6094693108 38.7672753951)"
"District 06","Grant","06-80216.10","US","25","US-25","RECONSTRUCTION(O)","21.6","22.4","Update US 25 from KY 2842 to south intersection of KY 491. (2024BOP)","","2026","2026","R","SPP","1470000","2027","","","","041-US-0025-000","LINESTRING (-84.6059480716 38.7623974569, -84.6057647956 38.7636640717, -84.6056930647 38.7640565844, -84.6056139554 38.7643603364, -84.6055644342 38.764521589, -84.6047660083 38.7669283164, -84.604134596 38.7688580464, -84.6039333707 38.7694555229, -84.6038054594 38.7698510627, -84.6036911794 38.7702494793, -84.6036452027 38.7704525017, -84.6036097561 38.7706550765, -84.6035862013 38.7708596872, -84.6035722106 38.7710583495, -84.6035677963 38.7712502386, -84.6035736598 38.7714353629, -84.6035883898 38.7716142567, -84.6036124899 38.7717995563, -84.6036417455 38.7719692541, -84.6036810247 38.7721483837, -84.6037297647 38.772328154, -84.6039926059 38.7732142818, -84.6041451548 38.7736895375)"
"District 06","Grant","06-80216.10","US","25","US-25","RECONSTRUCTION(O)","21.6","22.4","Update US 25 from KY 2842 to south intersection of KY 491. (2024BOP)","","2026","2026","U","SPP","1560000","2029","","","","041-US-0025-000","LINESTRING (-84.6059480716 38.7623974569, -84.6057647956 38.7636640717, -84.6056930647 38.7640565844, -84.6056139554 38.7643603364, -84.6055644342 38.764521589, -84.6047660083 38.7669283164, -84.604134596 38.7688580464, -84.6039333707 38.7694555229, -84.6038054594 38.7698510627, -84.6036911794 38.7702494793, -84.6036452027 38.7704525017, -84.6036097561 38.7706550765, -84.6035862013 38.7708596872, -84.6035722106 38.7710583495, -84.6035677963 38.7712502386, -84.6035736598 38.7714353629, -84.6035883898 38.7716142567, -84.6036124899 38.7717995563, -84.6036417455 38.7719692541, -84.6036810247 38.7721483837, -84.6037297647 38.772328154, -84.6039926059 38.7732142818, -84.6041451548 38.7736895375)"
"District 06","Grant","06-80216.10","US","25","US-25","RECONSTRUCTION(O)","21.6","22.4","Update US 25 from KY 2842 to south intersection of KY 491. (2024BOP)","","2026","2026","C","SPP","10000000","2030","","","","041-US-0025-000","LINESTRING (-84.6059480716 38.7623974569, -84.6057647956 38.7636640717, -84.6056930647 38.7640565844, -84.6056139554 38.7643603364, -84.6055644342 38.764521589, -84.6047660083 38.7669283164, -84.604134596 38.7688580464, -84.6039333707 38.7694555229, -84.6038054594 38.7698510627, -84.6036911794 38.7702494793, -84.6036452027 38.7704525017, -84.6036097561 38.7706550765, -84.6035862013 38.7708596872, -84.6035722106 38.7710583495, -84.6035677963 38.7712502386, -84.6035736598 38.7714353629, -84.6035883898 38.7716142567, -84.6036124899 38.7717995563, -84.6036417455 38.7719692541, -84.6036810247 38.7721483837, -84.6037297647 38.772328154, -84.6039926059 38.7732142818, -84.6041451548 38.7736895375)"
"District 06","Grant","06-80216.20","US","25","US-25","RECONSTRUCTION(O)","19.435","21.6","Update US 25 from KY 1994 to KY 2842. (2024BOP)","","2026","2026","U","SPP","3120000","2030","","","","041-US-0025-000","LINESTRING (-84.5966784647 38.7328565857, -84.5966200571 38.7330034729, -84.5965768458 38.733164785, -84.5965532199 38.7333290335, -84.5965505598 38.7334976031, -84.596566784 38.733669102, -84.5965962892 38.7338432007, -84.5966391047 38.7340179766, -84.5966969894 38.7341931734, -84.5967752599 38.734364998, -84.596879547 38.7345321325, -84.5971271946 38.7348563429, -84.5978900063 38.7358148858, -84.5990385989 38.7372777201, -84.5998406053 38.7382885248, -84.5999676896 38.7384558752, -84.6000877206 38.7386259032, -84.6001943416 38.7388015688, -84.6002893136 38.7389823382, -84.6003772311 38.7391657852, -84.6016153827 38.7417854574, -84.602558538 38.7437042783, -84.6027401707 38.7440830313, -84.6028220813 38.7442702632, -84.602958238 38.7446425367, -84.6030113856 38.7448305893, -84.6030561026 38.7450196591, -84.6030909831 38.745210007, -84.6031160083 38.7454027322, -84.6031308283 38.745597829, -84.6031326256 38.745796096, -84.6031256969 38.745991808, -84.603050861 38.7469845321, -84.6029499763 38.7481845908, -84.6028777207 38.7493253398, -84.6028695183 38.7495128015, -84.6028686873 38.7496997846, -84.6028755599 38.7498873917, -84.6028922237 38.7500767404, -84.6029172974 38.7502664442, -84.602951162 38.7504545855, -84.6029938086 38.7506417125, -84.6030441652 38.7508291891, -84.6031032691 38.7510178474, -84.6031721986 38.7512060515, -84.6032506295 38.7513921495, -84.6033389243 38.751575323, -84.6034360322 38.7517555603, -84.6036336361 38.7520789981, -84.6041029912 38.7527831503, -84.604881611 38.7539142284, -84.6053250055 38.75457584, -84.605433172 38.7547446491, -84.6055336118 38.7549142079, -84.6056220846 38.7550866715, -84.6056985766 38.7552628647, -84.6057627329 38.7554430573, -84.6058163239 38.75562617, -84.6058614745 38.7558108485, -84.606109109 38.7569494488, -84.606361866 38.7580749166, -84.6063989328 38.75826089, -84.6064265163 38.7584478713, -84.6064418362 38.7586341851, -84.6064441997 38.7588192758, -84.6064336021 38.7590034186, -84.6064124812 38.7591877353, -84.6059480716 38.7623974569)"
"District 06","Grant","06-80216.20","US","25","US-25","RECONSTRUCTION(O)","19.435","21.6","Update US 25 from KY 1994 to KY 2842. (2024BOP)","","2026","2026","R","SPP","4200000","2029","","","","041-US-0025-000","LINESTRING (-84.5966784647 38.7328565857, -84.5966200571 38.7330034729, -84.5965768458 38.733164785, -84.5965532199 38.7333290335, -84.5965505598 38.7334976031, -84.596566784 38.733669102, -84.5965962892 38.7338432007, -84.5966391047 38.7340179766, -84.5966969894 38.7341931734, -84.5967752599 38.734364998, -84.596879547 38.7345321325, -84.5971271946 38.7348563429, -84.5978900063 38.7358148858, -84.5990385989 38.7372777201, -84.5998406053 38.7382885248, -84.5999676896 38.7384558752, -84.6000877206 38.7386259032, -84.6001943416 38.7388015688, -84.6002893136 38.7389823382, -84.6003772311 38.7391657852, -84.6016153827 38.7417854574, -84.602558538 38.7437042783, -84.6027401707 38.7440830313, -84.6028220813 38.7442702632, -84.602958238 38.7446425367, -84.6030113856 38.7448305893, -84.6030561026 38.7450196591, -84.6030909831 38.745210007, -84.6031160083 38.7454027322, -84.6031308283 38.745597829, -84.6031326256 38.745796096, -84.6031256969 38.745991808, -84.603050861 38.7469845321, -84.6029499763 38.7481845908, -84.6028777207 38.7493253398, -84.6028695183 38.7495128015, -84.6028686873 38.7496997846, -84.6028755599 38.7498873917, -84.6028922237 38.7500767404, -84.6029172974 38.7502664442, -84.602951162 38.7504545855, -84.6029938086 38.7506417125, -84.6030441652 38.7508291891, -84.6031032691 38.7510178474, -84.6031721986 38.7512060515, -84.6032506295 38.7513921495, -84.6033389243 38.751575323, -84.6034360322 38.7517555603, -84.6036336361 38.7520789981, -84.6041029912 38.7527831503, -84.604881611 38.7539142284, -84.6053250055 38.75457584, -84.605433172 38.7547446491, -84.6055336118 38.7549142079, -84.6056220846 38.7550866715, -84.6056985766 38.7552628647, -84.6057627329 38.7554430573, -84.6058163239 38.75562617, -84.6058614745 38.7558108485, -84.606109109 38.7569494488, -84.606361866 38.7580749166, -84.6063989328 38.75826089, -84.6064265163 38.7584478713, -84.6064418362 38.7586341851, -84.6064441997 38.7588192758, -84.6064336021 38.7590034186, -84.6064124812 38.7591877353, -84.6059480716 38.7623974569)"
"District 06","Grant","06-80216.20","US","25","US-25","RECONSTRUCTION(O)","19.435","21.6","Update US 25 from KY 1994 to KY 2842. (2024BOP)","","2026","2026","C","SPP","22400000","2031","","","","041-US-0025-000","LINESTRING (-84.5966784647 38.7328565857, -84.5966200571 38.7330034729, -84.5965768458 38.733164785, -84.5965532199 38.7333290335, -84.5965505598 38.7334976031, -84.596566784 38.733669102, -84.5965962892 38.7338432007, -84.5966391047 38.7340179766, -84.5966969894 38.7341931734, -84.5967752599 38.734364998, -84.596879547 38.7345321325, -84.5971271946 38.7348563429, -84.5978900063 38.7358148858, -84.5990385989 38.7372777201, -84.5998406053 38.7382885248, -84.5999676896 38.7384558752, -84.6000877206 38.7386259032, -84.6001943416 38.7388015688, -84.6002893136 38.7389823382, -84.6003772311 38.7391657852, -84.6016153827 38.7417854574, -84.602558538 38.7437042783, -84.6027401707 38.7440830313, -84.6028220813 38.7442702632, -84.602958238 38.7446425367, -84.6030113856 38.7448305893, -84.6030561026 38.7450196591, -84.6030909831 38.745210007, -84.6031160083 38.7454027322, -84.6031308283 38.745597829, -84.6031326256 38.745796096, -84.6031256969 38.745991808, -84.603050861 38.7469845321, -84.6029499763 38.7481845908, -84.6028777207 38.7493253398, -84.6028695183 38.7495128015, -84.6028686873 38.7496997846, -84.6028755599 38.7498873917, -84.6028922237 38.7500767404, -84.6029172974 38.7502664442, -84.602951162 38.7504545855, -84.6029938086 38.7506417125, -84.6030441652 38.7508291891, -84.6031032691 38.7510178474, -84.6031721986 38.7512060515, -84.6032506295 38.7513921495, -84.6033389243 38.751575323, -84.6034360322 38.7517555603, -84.6036336361 38.7520789981, -84.6041029912 38.7527831503, -84.604881611 38.7539142284, -84.6053250055 38.75457584, -84.605433172 38.7547446491, -84.6055336118 38.7549142079, -84.6056220846 38.7550866715, -84.6056985766 38.7552628647, -84.6057627329 38.7554430573, -84.6058163239 38.75562617, -84.6058614745 38.7558108485, -84.606109109 38.7569494488, -84.606361866 38.7580749166, -84.6063989328 38.75826089, -84.6064265163 38.7584478713, -84.6064418362 38.7586341851, -84.6064441997 38.7588192758, -84.6064336021 38.7590034186, -84.6064124812 38.7591877353, -84.6059480716 38.7623974569)"
"District 06","Grant","06-80315.00","US","25","US-25","DESIGN ENGINEERING(O)","17.8","19.55","NEW CONSTRUCTION ON THE EAST SIDE OF THE RR FROM SHERMAN-NEWTOWN ROAD TO LEMON-NORTHCUTT ROAD. (2024CCN)","","2024","2026","C","STP2","57120000","2032","","","","041-US-0025-000","LINESTRING (-84.5890476167 38.711108384, -84.589296273 38.7118643556, -84.5894466395 38.7123268551, -84.5903738962 38.7151819954, -84.5909827791 38.7170326038, -84.591260529 38.717906848, -84.5913986483 38.718347532, -84.591524839 38.7187227484, -84.5916634919 38.7190857283, -84.5917405737 38.7192644109, -84.5918250209 38.7194428903, -84.5919178825 38.7196211767, -84.592019173 38.7197984467, -84.5921275038 38.7199738634, -84.5923245024 38.7202605252, -84.5924941339 38.7204826674, -84.5926318103 38.7206421676, -84.5927748263 38.7207965023, -84.5929228242 38.7209462169, -84.593232692 38.7212328752, -84.5933963188 38.7213695611, -84.5935649184 38.7215021762, -84.5939150446 38.7217480356, -84.5942985689 38.7220098687, -84.59448328 38.722143463, -84.594661216 38.7222844047, -84.5948292136 38.7224332127, -84.5950359674 38.7226359404, -84.5954547359 38.7230636876, -84.5956018085 38.7232282179, -84.5958740744 38.723566676, -84.5961329561 38.7239093972, -84.5962556753 38.7240846742, -84.5963688725 38.7242637023, -84.5964707823 38.72444729, -84.5970164478 38.7255868903, -84.5972748857 38.7261586098, -84.5973475887 38.7263496018, -84.5974111667 38.7265413292, -84.5974659654 38.7267340695, -84.5976776088 38.7276730063, -84.5977069281 38.7278589103, -84.5977514861 38.7282344265, -84.5978757998 38.7299773292, -84.5978815114 38.7301709674, -84.5978760284 38.7303631249, -84.5978558421 38.7305540416, -84.597821727 38.7307390567, -84.5977775373 38.7309182091, -84.5976638833 38.7312787391, -84.5975951708 38.7314568308, -84.597511815 38.7316298365, -84.5974149413 38.731793102, -84.5973080181 38.7319488561, -84.5968633051 38.7325395802, -84.5967645333 38.7326896469, -84.5966784647 38.7328565857, -84.5966200571 38.7330034729, -84.5965768458 38.733164785, -84.5965532199 38.7333290335, -84.5965505598 38.7334976031, -84.596566784 38.733669102, -84.5965962892 38.7338432007, -84.5966391047 38.7340179766, -84.5966969894 38.7341931734, -84.5967752599 38.734364998, -84.5968394365 38.73446785)"
"District 06","Grant","06-80315.00","US","25","US-25","DESIGN ENGINEERING(O)","17.8","19.55","NEW CONSTRUCTION ON THE EAST SIDE OF THE RR FROM SHERMAN-NEWTOWN ROAD TO LEMON-NORTHCUTT ROAD. (2024CCN)","","2024","2026","D","STP2","6380000","2029","","","","041-US-0025-000","LINESTRING (-84.5890476167 38.711108384, -84.589296273 38.7118643556, -84.5894466395 38.7123268551, -84.5903738962 38.7151819954, -84.5909827791 38.7170326038, -84.591260529 38.717906848, -84.5913986483 38.718347532, -84.591524839 38.7187227484, -84.5916634919 38.7190857283, -84.5917405737 38.7192644109, -84.5918250209 38.7194428903, -84.5919178825 38.7196211767, -84.592019173 38.7197984467, -84.5921275038 38.7199738634, -84.5923245024 38.7202605252, -84.5924941339 38.7204826674, -84.5926318103 38.7206421676, -84.5927748263 38.7207965023, -84.5929228242 38.7209462169, -84.593232692 38.7212328752, -84.5933963188 38.7213695611, -84.5935649184 38.7215021762, -84.5939150446 38.7217480356, -84.5942985689 38.7220098687, -84.59448328 38.722143463, -84.594661216 38.7222844047, -84.5948292136 38.7224332127, -84.5950359674 38.7226359404, -84.5954547359 38.7230636876, -84.5956018085 38.7232282179, -84.5958740744 38.723566676, -84.5961329561 38.7239093972, -84.5962556753 38.7240846742, -84.5963688725 38.7242637023, -84.5964707823 38.72444729, -84.5970164478 38.7255868903, -84.5972748857 38.7261586098, -84.5973475887 38.7263496018, -84.5974111667 38.7265413292, -84.5974659654 38.7267340695, -84.5976776088 38.7276730063, -84.5977069281 38.7278589103, -84.5977514861 38.7282344265, -84.5978757998 38.7299773292, -84.5978815114 38.7301709674, -84.5978760284 38.7303631249, -84.5978558421 38.7305540416, -84.597821727 38.7307390567, -84.5977775373 38.7309182091, -84.5976638833 38.7312787391, -84.5975951708 38.7314568308, -84.597511815 38.7316298365, -84.5974149413 38.731793102, -84.5973080181 38.7319488561, -84.5968633051 38.7325395802, -84.5967645333 38.7326896469, -84.5966784647 38.7328565857, -84.5966200571 38.7330034729, -84.5965768458 38.733164785, -84.5965532199 38.7333290335, -84.5965505598 38.7334976031, -84.596566784 38.733669102, -84.5965962892 38.7338432007, -84.5966391047 38.7340179766, -84.5966969894 38.7341931734, -84.5967752599 38.734364998, -84.5968394365 38.73446785)"
"District 06","Grant","06-80315.00","US","25","US-25","DESIGN ENGINEERING(O)","17.8","19.55","NEW CONSTRUCTION ON THE EAST SIDE OF THE RR FROM SHERMAN-NEWTOWN ROAD TO LEMON-NORTHCUTT ROAD. (2024CCN)","","2024","2026","R","STP2","4550000","2030","","","","041-US-0025-000","LINESTRING (-84.5890476167 38.711108384, -84.589296273 38.7118643556, -84.5894466395 38.7123268551, -84.5903738962 38.7151819954, -84.5909827791 38.7170326038, -84.591260529 38.717906848, -84.5913986483 38.718347532, -84.591524839 38.7187227484, -84.5916634919 38.7190857283, -84.5917405737 38.7192644109, -84.5918250209 38.7194428903, -84.5919178825 38.7196211767, -84.592019173 38.7197984467, -84.5921275038 38.7199738634, -84.5923245024 38.7202605252, -84.5924941339 38.7204826674, -84.5926318103 38.7206421676, -84.5927748263 38.7207965023, -84.5929228242 38.7209462169, -84.593232692 38.7212328752, -84.5933963188 38.7213695611, -84.5935649184 38.7215021762, -84.5939150446 38.7217480356, -84.5942985689 38.7220098687, -84.59448328 38.722143463, -84.594661216 38.7222844047, -84.5948292136 38.7224332127, -84.5950359674 38.7226359404, -84.5954547359 38.7230636876, -84.5956018085 38.7232282179, -84.5958740744 38.723566676, -84.5961329561 38.7239093972, -84.5962556753 38.7240846742, -84.5963688725 38.7242637023, -84.5964707823 38.72444729, -84.5970164478 38.7255868903, -84.5972748857 38.7261586098, -84.5973475887 38.7263496018, -84.5974111667 38.7265413292, -84.5974659654 38.7267340695, -84.5976776088 38.7276730063, -84.5977069281 38.7278589103, -84.5977514861 38.7282344265, -84.5978757998 38.7299773292, -84.5978815114 38.7301709674, -84.5978760284 38.7303631249, -84.5978558421 38.7305540416, -84.597821727 38.7307390567, -84.5977775373 38.7309182091, -84.5976638833 38.7312787391, -84.5975951708 38.7314568308, -84.597511815 38.7316298365, -84.5974149413 38.731793102, -84.5973080181 38.7319488561, -84.5968633051 38.7325395802, -84.5967645333 38.7326896469, -84.5966784647 38.7328565857, -84.5966200571 38.7330034729, -84.5965768458 38.733164785, -84.5965532199 38.7333290335, -84.5965505598 38.7334976031, -84.596566784 38.733669102, -84.5965962892 38.7338432007, -84.5966391047 38.7340179766, -84.5966969894 38.7341931734, -84.5967752599 38.734364998, -84.5968394365 38.73446785)"
"District 06","Grant","06-80315.00","US","25","US-25","DESIGN ENGINEERING(O)","17.8","19.55","NEW CONSTRUCTION ON THE EAST SIDE OF THE RR FROM SHERMAN-NEWTOWN ROAD TO LEMON-NORTHCUTT ROAD. (2024CCN)","","2024","2026","U","STP2","1860000","2031","","","","041-US-0025-000","LINESTRING (-84.5890476167 38.711108384, -84.589296273 38.7118643556, -84.5894466395 38.7123268551, -84.5903738962 38.7151819954, -84.5909827791 38.7170326038, -84.591260529 38.717906848, -84.5913986483 38.718347532, -84.591524839 38.7187227484, -84.5916634919 38.7190857283, -84.5917405737 38.7192644109, -84.5918250209 38.7194428903, -84.5919178825 38.7196211767, -84.592019173 38.7197984467, -84.5921275038 38.7199738634, -84.5923245024 38.7202605252, -84.5924941339 38.7204826674, -84.5926318103 38.7206421676, -84.5927748263 38.7207965023, -84.5929228242 38.7209462169, -84.593232692 38.7212328752, -84.5933963188 38.7213695611, -84.5935649184 38.7215021762, -84.5939150446 38.7217480356, -84.5942985689 38.7220098687, -84.59448328 38.722143463, -84.594661216 38.7222844047, -84.5948292136 38.7224332127, -84.5950359674 38.7226359404, -84.5954547359 38.7230636876, -84.5956018085 38.7232282179, -84.5958740744 38.723566676, -84.5961329561 38.7239093972, -84.5962556753 38.7240846742, -84.5963688725 38.7242637023, -84.5964707823 38.72444729, -84.5970164478 38.7255868903, -84.5972748857 38.7261586098, -84.5973475887 38.7263496018, -84.5974111667 38.7265413292, -84.5974659654 38.7267340695, -84.5976776088 38.7276730063, -84.5977069281 38.7278589103, -84.5977514861 38.7282344265, -84.5978757998 38.7299773292, -84.5978815114 38.7301709674, -84.5978760284 38.7303631249, -84.5978558421 38.7305540416, -84.597821727 38.7307390567, -84.5977775373 38.7309182091, -84.5976638833 38.7312787391, -84.5975951708 38.7314568308, -84.597511815 38.7316298365, -84.5974149413 38.731793102, -84.5973080181 38.7319488561, -84.5968633051 38.7325395802, -84.5967645333 38.7326896469, -84.5966784647 38.7328565857, -84.5966200571 38.7330034729, -84.5965768458 38.733164785, -84.5965532199 38.7333290335, -84.5965505598 38.7334976031, -84.596566784 38.733669102, -84.5965962892 38.7338432007, -84.5966391047 38.7340179766, -84.5966969894 38.7341931734, -84.5967752599 38.734364998, -84.5968394365 38.73446785)"
"District 06","Grant","06-80401.00","US","25","US-25","SAFETY(P)","18.0","18.7","Improve safety, reliability, and mobility by providing grade separated access over Norfolk Southern Railroad to access US 25 in the vicinity of Needham Lane to Hyde Road. (2026CCN)","","2026","2026","D","SPP","5000000","2029","","","","041-US-0025-000","LINESTRING (-84.589960258 38.7139083802, -84.5903738962 38.7151819954, -84.5909827791 38.7170326038, -84.591260529 38.717906848, -84.5913986483 38.718347532, -84.591524839 38.7187227484, -84.5916634919 38.7190857283, -84.5917405737 38.7192644109, -84.5918250209 38.7194428903, -84.5919178825 38.7196211767, -84.592019173 38.7197984467, -84.5921275038 38.7199738634, -84.5923245024 38.7202605252, -84.5924941339 38.7204826674, -84.5926318103 38.7206421676, -84.5927748263 38.7207965023, -84.5929228242 38.7209462169, -84.593232692 38.7212328752, -84.5933963188 38.7213695611, -84.5935649184 38.7215021762, -84.5939150446 38.7217480356, -84.5942985689 38.7220098687, -84.59448328 38.722143463, -84.594661216 38.7222844047, -84.5948292136 38.7224332127, -84.5950359674 38.7226359404, -84.5952623281 38.7228671553)"
"District 06","Grant","06-80401.00","US","25","US-25","SAFETY(P)","18.0","18.7","Improve safety, reliability, and mobility by providing grade separated access over Norfolk Southern Railroad to access US 25 in the vicinity of Needham Lane to Hyde Road. (2026CCN)","","2026","2026","R","SPP","6000000","2030","","","","041-US-0025-000","LINESTRING (-84.589960258 38.7139083802, -84.5903738962 38.7151819954, -84.5909827791 38.7170326038, -84.591260529 38.717906848, -84.5913986483 38.718347532, -84.591524839 38.7187227484, -84.5916634919 38.7190857283, -84.5917405737 38.7192644109, -84.5918250209 38.7194428903, -84.5919178825 38.7196211767, -84.592019173 38.7197984467, -84.5921275038 38.7199738634, -84.5923245024 38.7202605252, -84.5924941339 38.7204826674, -84.5926318103 38.7206421676, -84.5927748263 38.7207965023, -84.5929228242 38.7209462169, -84.593232692 38.7212328752, -84.5933963188 38.7213695611, -84.5935649184 38.7215021762, -84.5939150446 38.7217480356, -84.5942985689 38.7220098687, -84.59448328 38.722143463, -84.594661216 38.7222844047, -84.5948292136 38.7224332127, -84.5950359674 38.7226359404, -84.5952623281 38.7228671553)"
"District 06","Grant","06-80401.00","US","25","US-25","SAFETY(P)","18.0","18.7","Improve safety, reliability, and mobility by providing grade separated access over Norfolk Southern Railroad to access US 25 in the vicinity of Needham Lane to Hyde Road. (2026CCN)","","2026","2026","U","SPP","5000000","2031","","","","041-US-0025-000","LINESTRING (-84.589960258 38.7139083802, -84.5903738962 38.7151819954, -84.5909827791 38.7170326038, -84.591260529 38.717906848, -84.5913986483 38.718347532, -84.591524839 38.7187227484, -84.5916634919 38.7190857283, -84.5917405737 38.7192644109, -84.5918250209 38.7194428903, -84.5919178825 38.7196211767, -84.592019173 38.7197984467, -84.5921275038 38.7199738634, -84.5923245024 38.7202605252, -84.5924941339 38.7204826674, -84.5926318103 38.7206421676, -84.5927748263 38.7207965023, -84.5929228242 38.7209462169, -84.593232692 38.7212328752, -84.5933963188 38.7213695611, -84.5935649184 38.7215021762, -84.5939150446 38.7217480356, -84.5942985689 38.7220098687, -84.59448328 38.722143463, -84.594661216 38.7222844047, -84.5948292136 38.7224332127, -84.5950359674 38.7226359404, -84.5952623281 38.7228671553)"
"District 06","Grant","06-80401.00","US","25","US-25","SAFETY(P)","18.0","18.7","Improve safety, reliability, and mobility by providing grade separated access over Norfolk Southern Railroad to access US 25 in the vicinity of Needham Lane to Hyde Road. (2026CCN)","","2026","2026","C","SPP","45000000","2032","","","","041-US-0025-000","LINESTRING (-84.589960258 38.7139083802, -84.5903738962 38.7151819954, -84.5909827791 38.7170326038, -84.591260529 38.717906848, -84.5913986483 38.718347532, -84.591524839 38.7187227484, -84.5916634919 38.7190857283, -84.5917405737 38.7192644109, -84.5918250209 38.7194428903, -84.5919178825 38.7196211767, -84.592019173 38.7197984467, -84.5921275038 38.7199738634, -84.5923245024 38.7202605252, -84.5924941339 38.7204826674, -84.5926318103 38.7206421676, -84.5927748263 38.7207965023, -84.5929228242 38.7209462169, -84.593232692 38.7212328752, -84.5933963188 38.7213695611, -84.5935649184 38.7215021762, -84.5939150446 38.7217480356, -84.5942985689 38.7220098687, -84.59448328 38.722143463, -84.594661216 38.7222844047, -84.5948292136 38.7224332127, -84.5950359674 38.7226359404, -84.5952623281 38.7228671553)"
"District 06","Harrison","06-04307.00","KY","32","KY-32","SAF-GUARDRAIL(P)","4.36","4.56","INSTALL GUARDRAIL ON KY-32   IN HARRISON COUNTY","","2020","2026","C","GR","50000","2026","","","","049-KY-0032-000","LINESTRING (-84.3900912837 38.3755991763, -84.3899858715 38.3755751331, -84.3898578108 38.3755577355, -84.3897260628 38.375551006, -84.3895899469 38.3755541121, -84.3880849863 38.3756826602, -84.3873588243 38.3757668657, -84.3871398088 38.3757816502, -84.3868682627 38.3757884149, -84.3863977839 38.3757805313, -84.3863610097 38.3757788312)"
"District 06","Harrison","06-08708.00","US","27","US-27","RECONSTRUCTION(O)","12.7","13.4","RECONSTRUCT US 27 FROM MP 11.9 TO MP 12.4. (12CCN)(14CCR)(18CCN) (2022CCR) (2024CCR)","","2012","2026","R","SPP","1050000","2029","","","","049-US-0027-000","LINESTRING (-84.284862502 38.4688258119, -84.2848102229 38.4692890923, -84.2846587228 38.4709627219, -84.2845697867 38.4718824478, -84.2845211442 38.4724637821, -84.2845101348 38.4726476456, -84.2845079336 38.4728277736, -84.2845201286 38.4730042345, -84.2845508946 38.4731779044, -84.2846012732 38.4733490696, -84.2846719862 38.4735166409, -84.2847665198 38.4736809356, -84.2848824736 38.4738397283, -84.2849483219 38.4739185347, -84.2854341276 38.4744674665, -84.2855685228 38.4746300558, -84.2856906192 38.4747963385, -84.285799334 38.4749679477, -84.2858953772 38.4751443441, -84.2859791086 38.4753249831, -84.2860581448 38.4755308289, -84.2861093976 38.4756934904, -84.2861702032 38.4759727114, -84.2861964586 38.4761625271, -84.2862154709 38.4764527676, -84.2862098346 38.4766476822, -84.2861902274 38.4768424257, -84.2861562945 38.4770372663, -84.2861073596 38.4772310985, -84.286043782 38.4774233767, -84.2859669923 38.4776124711, -84.2858766452 38.4777981023, -84.285771034 38.4779783274, -84.2855282136 38.4783290506, -84.285287774 38.4786495165)"
"District 06","Harrison","06-08708.00","US","27","US-27","RECONSTRUCTION(O)","12.7","13.4","RECONSTRUCT US 27 FROM MP 11.9 TO MP 12.4. (12CCN)(14CCR)(18CCN) (2022CCR) (2024CCR)","","2012","2026","U","SPP","540000","2030","","","","049-US-0027-000","LINESTRING (-84.284862502 38.4688258119, -84.2848102229 38.4692890923, -84.2846587228 38.4709627219, -84.2845697867 38.4718824478, -84.2845211442 38.4724637821, -84.2845101348 38.4726476456, -84.2845079336 38.4728277736, -84.2845201286 38.4730042345, -84.2845508946 38.4731779044, -84.2846012732 38.4733490696, -84.2846719862 38.4735166409, -84.2847665198 38.4736809356, -84.2848824736 38.4738397283, -84.2849483219 38.4739185347, -84.2854341276 38.4744674665, -84.2855685228 38.4746300558, -84.2856906192 38.4747963385, -84.285799334 38.4749679477, -84.2858953772 38.4751443441, -84.2859791086 38.4753249831, -84.2860581448 38.4755308289, -84.2861093976 38.4756934904, -84.2861702032 38.4759727114, -84.2861964586 38.4761625271, -84.2862154709 38.4764527676, -84.2862098346 38.4766476822, -84.2861902274 38.4768424257, -84.2861562945 38.4770372663, -84.2861073596 38.4772310985, -84.286043782 38.4774233767, -84.2859669923 38.4776124711, -84.2858766452 38.4777981023, -84.285771034 38.4779783274, -84.2855282136 38.4783290506, -84.285287774 38.4786495165)"
"District 06","Harrison","06-08708.00","US","27","US-27","RECONSTRUCTION(O)","12.7","13.4","RECONSTRUCT US 27 FROM MP 11.9 TO MP 12.4. (12CCN)(14CCR)(18CCN) (2022CCR) (2024CCR)","","2012","2026","C","SPP","9180000","2031","","","","049-US-0027-000","LINESTRING (-84.284862502 38.4688258119, -84.2848102229 38.4692890923, -84.2846587228 38.4709627219, -84.2845697867 38.4718824478, -84.2845211442 38.4724637821, -84.2845101348 38.4726476456, -84.2845079336 38.4728277736, -84.2845201286 38.4730042345, -84.2845508946 38.4731779044, -84.2846012732 38.4733490696, -84.2846719862 38.4735166409, -84.2847665198 38.4736809356, -84.2848824736 38.4738397283, -84.2849483219 38.4739185347, -84.2854341276 38.4744674665, -84.2855685228 38.4746300558, -84.2856906192 38.4747963385, -84.285799334 38.4749679477, -84.2858953772 38.4751443441, -84.2859791086 38.4753249831, -84.2860581448 38.4755308289, -84.2861093976 38.4756934904, -84.2861702032 38.4759727114, -84.2861964586 38.4761625271, -84.2862154709 38.4764527676, -84.2862098346 38.4766476822, -84.2861902274 38.4768424257, -84.2861562945 38.4770372663, -84.2861073596 38.4772310985, -84.286043782 38.4774233767, -84.2859669923 38.4776124711, -84.2858766452 38.4777981023, -84.285771034 38.4779783274, -84.2855282136 38.4783290506, -84.285287774 38.4786495165)"
"District 06","Harrison","06-10040.00","KY","36","KY-36","AM-BRIDGE (P)","15.304","15.35","BRIDGE PROJECT IN HARRISON COUNTY ON (049B00053N) PLEASANT STREET AT SO.FK. LICKING RIVER","049B00053N","2022","2026","D","BRX","1067965","2032","","","","049-KY-0036-000","LINESTRING (-84.3034019105 38.390577652, -84.3025273643 38.3906744604)"
"District 06","Harrison","06-10042.00","CR","1316","CR-1316","AM-BRIDGE (P)","1.518","1.544","BRIDGE PROJECT IN HARRISON COUNTY ON (049R00603N) NEBO RD AT CSX RAILWAY","049R00603N","2022","2026","D","BRX","271998","2031","","","","049-CR-1316-000","LINESTRING (-84.3877489051 38.5438765351, -84.3878121727 38.5438495248, -84.3880753944 38.5436844775, -84.3881429884 38.5436739246)"
"District 06","Harrison","06-10042.00","CR","1316","CR-1316","AM-BRIDGE (P)","1.518","1.544","BRIDGE PROJECT IN HARRISON COUNTY ON (049R00603N) NEBO RD AT CSX RAILWAY","049R00603N","2022","2026","C","BRX","1813320","2031","","","","049-CR-1316-000","LINESTRING (-84.3877489051 38.5438765351, -84.3878121727 38.5438495248, -84.3880753944 38.5436844775, -84.3881429884 38.5436739246)"
"District 06","Harrison","06-80251.00","CR","1124","CR-1124","AIR QUALITY(P)","0.0","4.428","CONSTRUCT A CONNECTOR ROAD BETWEEN OLD LAIR ROAD AND KY 982 (NEW LAIR ROAD) NEAR THE HARRISON COUNTY HIGH SCHOOL. (2022CCN) (2024CCR)","","2022","2026","R","SPP","1580000","2027","","","","049-CR-1124-000","MULTILINESTRING ((-84.3458735928 38.3422375992, -84.3456131453 38.3420529772, -84.3447554361 38.341426525, -84.3428533918 38.340015665, -84.3418704532 38.339303115, -84.3417265444 38.339188529, -84.3416484795 38.3391134484, -84.3415689355 38.3390246194, -84.3414470609 38.3388701981, -84.3410033977 38.338221724, -84.3401592383 38.3370568355, -84.3400763021 38.3369632957, -84.3399841271 38.3368787095, -84.3398841151 38.336802818, -84.3396651668 38.3366560267, -84.3388044681 38.3361003494, -84.3377502175 38.3354201448, -84.3372161089 38.3351081061, -84.3361902652 38.3345295667, -84.3360112659 38.3344455891, -84.3358555496 38.3343838593, -84.3355973033 38.3343049763, -84.3353196273 38.3342393183, -84.3350795081 38.3341969033, -84.3347396873 38.3341535714, -84.3343042623 38.3341137647, -84.3339737632 38.3340933366, -84.3336054791 38.3340795967, -84.3332738859 38.3340797513, -84.3329340649 38.3340907919, -84.329937505 38.334255671, -84.329293668 38.3342831048, -84.3289912985 38.3342866192, -84.3287940574 38.3342809571, -84.328502264 38.3342604296, -84.3282117071 38.3342300279, -84.3277811726 38.3341718554, -84.3273481321 38.3340990952, -84.3262138767 38.3338838848, -84.3259364092 38.3338258973, -84.3257316923 38.3337742765, -84.3250981671 38.3335936362, -84.324886783 38.333526279, -84.3246992469 38.3334517938, -84.3245199943 38.3333636749, -84.3240238942 38.3330910319, -84.3239173914 38.3330452583, -84.3238145661 38.3330256195, -84.3237618279 38.3330302033, -84.3237181371 38.3330357188, -84.3236514044 38.3330607321, -84.3235638307 38.3331176254, -84.3231320479 38.3334834616, -84.3228102292 38.3337704264, -84.3216056195 38.3348618746, -84.3214831835 38.3349900273, -84.3210615251 38.3354617135, -84.3209632988 38.3355640674, -84.3208482106 38.3356728085, -84.3205053141 38.3359669278, -84.3194457221 38.3367879382, -84.3193277061 38.3368856573, -84.3192364193 38.3369716153, -84.3191368922 38.3370868591, -84.3190288285 38.3372464916, -84.3183999432 38.3384022593, -84.318196401 38.3388090087, -84.3181570317 38.3388788401, -84.3181172019 38.3389365822, -84.3180667244 38.3389859564, -84.3179935172 38.3390386256, -84.3179119479 38.3390730677, -84.3178446075 38.3390931264, -84.3177559732 38.3391143006, -84.3164742982 38.339375085, -84.3141996322 38.3397188516, -84.3132521396 38.3398828585, -84.3130715001 38.3399191171, -84.3128573706 38.3399739197, -84.3125495237 38.3400778431, -84.312358714 38.3401527012, -84.3121880252 38.3402327463, -84.3120347256 38.3403151999, -84.3119122814 38.3403889642, -84.3116848027 38.3405378028, -84.3110379079 38.3409852969, -84.3106795946 38.3412086195, -84.3104945975 38.3413068891, -84.3103898184 38.3413509312, -84.3102627439 38.3413938787, -84.3098127374 38.3415271013, -84.3083626145 38.3419807443, -84.3081525467 38.3420413545, -84.3079951865 38.3420814596, -84.3077724406 38.3421128032, -84.3078151816 38.3423692855, -84.3079078177 38.3427664411, -84.3080266794 38.3431600699, -84.3081717921 38.3435488001, -84.3082521078 38.3437387283, -84.3085420232 38.3443722735, -84.3103918814 38.34827731, -84.3105798364 38.3486877034, -84.3107674811 38.3491318744, -84.3108188888 38.3492670706, -84.3087412164 38.3497919153, -84.3042988132 38.350927253, -84.3040056292 38.3509920601, -84.3037438921 38.3510361037, -84.3034782689 38.3510649944, -84.3032464789 38.3510758965, -84.3030208387 38.3510756129, -84.3027940042 38.3510651527, -84.302539219 38.351039521, -84.3022868293 38.3509985373, -84.3019690861 38.3509290169, -84.3013364829 38.3507677624, -84.2996398939 38.3532890511, -84.2992786188 38.3538166011, -84.2991947667 38.353947675, -84.2990489984 38.3542117389, -84.2989827608 38.354351542, -84.2982932686 38.3559387378, -84.297492573 38.3578566032, -84.2967350281 38.3596011456, -84.2961714697 38.3609534108, -84.295159253 38.3631018296, -84.2944953286 38.3644465367, -84.2943774483 38.3647271405, -84.2943094673 38.3649188254, -84.2942661085 38.3650649489, -84.2942303786 38.3652133621, -84.2941790521 38.3655151067, -84.2941506054 38.3658239974, -84.2941388616 38.3661350168, -84.2941391933 38.3665055049, -84.2941517346 38.3667704076, -84.2941856923 38.3670811638, -84.2942259902 38.367283242, -84.2942841824 38.3674800463, -84.2943578189 38.3676720982, -84.2945260065 38.3680394288, -84.2948700304 38.3687579815, -84.2949786024 38.3690180212, -84.2950186225 38.3691462179, -84.2950426094 38.369273669, -84.2950471825 38.3693951145, -84.2950403756 38.3695274054, -84.2950155755 38.3696523349, -84.2949768729 38.3697746221, -84.2948710984 38.3700073133, -84.2942150942 38.3712834545, -84.2923117662 38.3748338974, -84.2911943506 38.3769411607, -84.29112599 38.3770982345, -84.291105105 38.3772012401, -84.2911062534 38.3773014962, -84.2911256436 38.3773967586, -84.2911593564 38.3774910988, -84.2912034663 38.3775888631, -84.2912576494 38.3776889473, -84.2913216865 38.3777847591, -84.2913973964 38.3778724755, -84.2914841165 38.3779504409, -84.2916849435 38.3780800673, -84.2919933103 38.3782934071, -84.2921258825 38.3783991249, -84.2926467678 38.3788389038, -84.2931825061 38.3792513992, -84.2940024309 38.3798835215, -84.2945737957 38.3803299536, -84.2949648699 38.3806489369, -84.2953384298 38.3809539711, -84.2958980724 38.3814117876, -84.2960735963 38.3815691088, -84.2961849305 38.3816907645, -84.29627448 38.3818201171, -84.2963194676 38.3819093752, -84.2963336238 38.381952118, -84.2963758282 38.3820937974, -84.2963882827 38.3821873257, -84.2963887823 38.3823383814, -84.2963738606 38.3824400879, -84.2963288992 38.382596353, -84.2962401057 38.3827636152, -84.2961650563 38.3828887519, -84.2958584644 38.3833419833, -84.2955273605 38.3838523127, -84.2952489561 38.3843089096, -84.2950855641 38.3845958198, -84.2949789608 38.3848164162, -84.2948865941 38.3850404823, -84.2947133511 38.385542585, -84.2946669403 38.3857013038, -84.2946292992 38.3858576577, -84.2945771639 38.3861643339, -84.2944525954 38.3872737, -84.2944265071 38.3875513097, -84.2943032963 38.3888559576), (-84.3028577153 38.3417027136, -84.3026696723 38.3416540031, -84.3019991011 38.3415653406, -84.3014418108 38.3413555716, -84.301158382 38.3412633977, -84.3009680056 38.3412270144, -84.3007560679 38.3412230493, -84.3006529524 38.3412355196, -84.300556566 38.3412604311, -84.3004672668 38.3412972384, -84.3003003631 38.341396813, -84.2993179735 38.3420716584, -84.2992344914 38.3421140285, -84.2991463564 38.3421448076, -84.29905189 38.3421606786, -84.2960734627 38.3422161708, -84.2929767751 38.3422561282, -84.2908685544 38.3423029633, -84.2881171581 38.3423217777, -84.2864999339 38.3423506988, -84.2848693513 38.3423673481, -84.2843654959 38.3423828126, -84.2841990143 38.3423725143, -84.2838973617 38.3423731762, -84.2836470318 38.3423882049, -84.2835360114 38.3424120979, -84.2834317174 38.3424484319, -84.2833331089 38.3424969209, -84.2829098507 38.3427372082, -84.2782472093 38.3455194228, -84.2780026707 38.3456451913, -84.2775935989 38.3458370246, -84.2765676033 38.346290332, -84.2757136416 38.3466507471, -84.2754734984 38.3467655787, -84.2752524146 38.3468864153, -84.2751590759 38.3469497933, -84.2750795444 38.3470202095, -84.2750127988 38.3470965521, -84.274791171 38.3474354437, -84.2746567988 38.3476144832, -84.2744238025 38.3478941852, -84.2742074534 38.3481263067, -84.2739201194 38.3484198864, -84.2737364925 38.3485854039, -84.2735436322 38.3487244396, -84.273286956 38.348880531, -84.2732192692 38.3489340664, -84.2731653684 38.3489957371, -84.2731332411 38.349067292, -84.2731256963 38.3491476677, -84.2731435276 38.349232204, -84.2733272058 38.3495849314, -84.2733574725 38.3496753906, -84.2733706064 38.3497681075, -84.2733666105 38.349862808, -84.2733444741 38.3499578317, -84.273305595 38.3500529209, -84.2731924889 38.3502492517, -84.2729653953 38.350546876, -84.2727774286 38.3507197515, -84.2724764003 38.3509650956, -84.2722198417 38.3512362602, -84.2721513012 38.3513320784, -84.2719309499 38.3517102543, -84.2716673955 38.3520862415, -84.271538518 38.3523900316, -84.271156337 38.3535132035, -84.2710124017 38.3538544294, -84.2708253942 38.3541868797, -84.2700288718 38.3554298352, -84.2698965715 38.3556605266, -84.2697480761 38.3559679147, -84.2695741092 38.3563623192, -84.2694315575 38.3567381658, -84.2693020595 38.3571237871, -84.2692312198 38.3573851816, -84.269147965 38.3577779724, -84.2691066135 38.3580298483, -84.2690372349 38.3586686128, -84.268779029 38.361580118, -84.2686953444 38.3630319064, -84.2686707466 38.3646324606, -84.2687050212 38.3654930541, -84.2686921443 38.3663393251, -84.2687141686 38.3670981493, -84.2687260579 38.368273196, -84.2687388849 38.3683637116, -84.2687648749 38.3684414844, -84.2688039519 38.3685103571, -84.2688732263 38.3685867478, -84.2690132099 38.368685719, -84.2692378192 38.3687917889, -84.2700906706 38.3691416168, -84.2713306137 38.3696714873, -84.2717806807 38.3698421576, -84.2722568178 38.3700002442, -84.2753426549 38.3709252032, -84.2760096322 38.3711004787, -84.2767100939 38.3712588636, -84.277657627 38.3715351122, -84.2778824432 38.3716145289, -84.2779816435 38.3716605261, -84.2780757786 38.3717155239, -84.2781567404 38.3717838152, -84.2782158264 38.371864468, -84.2782582987 38.3719559, -84.2782887164 38.3720570693, -84.2783112954 38.3721663806, -84.2783338293 38.3723998258, -84.2783367402 38.3727769385, -84.2782677867 38.373711219, -84.2782683455 38.3738400298, -84.2783006651 38.3740900757, -84.278429886 38.3746055244, -84.2784678879 38.3748679993, -84.2784645959 38.3751368275, -84.2784139713 38.3756786051, -84.2784230396 38.3759398963, -84.278510202 38.376465258, -84.2786657214 38.3772704989, -84.2788122031 38.3779174369, -84.2792092583 38.378857224, -84.2792765149 38.378965716, -84.2793578613 38.3790675168, -84.2795528936 38.3792591596, -84.2797695302 38.3794521692, -84.280816571 38.3803236615, -84.2809220995 38.3804202681, -84.2810990558 38.3806089379))"
"District 06","Harrison","06-80251.00","CR","1124","CR-1124","AIR QUALITY(P)","0.0","4.428","CONSTRUCT A CONNECTOR ROAD BETWEEN OLD LAIR ROAD AND KY 982 (NEW LAIR ROAD) NEAR THE HARRISON COUNTY HIGH SCHOOL. (2022CCN) (2024CCR)","","2022","2026","U","SPP","200000","2027","","","","049-CR-1124-000","MULTILINESTRING ((-84.3458735928 38.3422375992, -84.3456131453 38.3420529772, -84.3447554361 38.341426525, -84.3428533918 38.340015665, -84.3418704532 38.339303115, -84.3417265444 38.339188529, -84.3416484795 38.3391134484, -84.3415689355 38.3390246194, -84.3414470609 38.3388701981, -84.3410033977 38.338221724, -84.3401592383 38.3370568355, -84.3400763021 38.3369632957, -84.3399841271 38.3368787095, -84.3398841151 38.336802818, -84.3396651668 38.3366560267, -84.3388044681 38.3361003494, -84.3377502175 38.3354201448, -84.3372161089 38.3351081061, -84.3361902652 38.3345295667, -84.3360112659 38.3344455891, -84.3358555496 38.3343838593, -84.3355973033 38.3343049763, -84.3353196273 38.3342393183, -84.3350795081 38.3341969033, -84.3347396873 38.3341535714, -84.3343042623 38.3341137647, -84.3339737632 38.3340933366, -84.3336054791 38.3340795967, -84.3332738859 38.3340797513, -84.3329340649 38.3340907919, -84.329937505 38.334255671, -84.329293668 38.3342831048, -84.3289912985 38.3342866192, -84.3287940574 38.3342809571, -84.328502264 38.3342604296, -84.3282117071 38.3342300279, -84.3277811726 38.3341718554, -84.3273481321 38.3340990952, -84.3262138767 38.3338838848, -84.3259364092 38.3338258973, -84.3257316923 38.3337742765, -84.3250981671 38.3335936362, -84.324886783 38.333526279, -84.3246992469 38.3334517938, -84.3245199943 38.3333636749, -84.3240238942 38.3330910319, -84.3239173914 38.3330452583, -84.3238145661 38.3330256195, -84.3237618279 38.3330302033, -84.3237181371 38.3330357188, -84.3236514044 38.3330607321, -84.3235638307 38.3331176254, -84.3231320479 38.3334834616, -84.3228102292 38.3337704264, -84.3216056195 38.3348618746, -84.3214831835 38.3349900273, -84.3210615251 38.3354617135, -84.3209632988 38.3355640674, -84.3208482106 38.3356728085, -84.3205053141 38.3359669278, -84.3194457221 38.3367879382, -84.3193277061 38.3368856573, -84.3192364193 38.3369716153, -84.3191368922 38.3370868591, -84.3190288285 38.3372464916, -84.3183999432 38.3384022593, -84.318196401 38.3388090087, -84.3181570317 38.3388788401, -84.3181172019 38.3389365822, -84.3180667244 38.3389859564, -84.3179935172 38.3390386256, -84.3179119479 38.3390730677, -84.3178446075 38.3390931264, -84.3177559732 38.3391143006, -84.3164742982 38.339375085, -84.3141996322 38.3397188516, -84.3132521396 38.3398828585, -84.3130715001 38.3399191171, -84.3128573706 38.3399739197, -84.3125495237 38.3400778431, -84.312358714 38.3401527012, -84.3121880252 38.3402327463, -84.3120347256 38.3403151999, -84.3119122814 38.3403889642, -84.3116848027 38.3405378028, -84.3110379079 38.3409852969, -84.3106795946 38.3412086195, -84.3104945975 38.3413068891, -84.3103898184 38.3413509312, -84.3102627439 38.3413938787, -84.3098127374 38.3415271013, -84.3083626145 38.3419807443, -84.3081525467 38.3420413545, -84.3079951865 38.3420814596, -84.3077724406 38.3421128032, -84.3078151816 38.3423692855, -84.3079078177 38.3427664411, -84.3080266794 38.3431600699, -84.3081717921 38.3435488001, -84.3082521078 38.3437387283, -84.3085420232 38.3443722735, -84.3103918814 38.34827731, -84.3105798364 38.3486877034, -84.3107674811 38.3491318744, -84.3108188888 38.3492670706, -84.3087412164 38.3497919153, -84.3042988132 38.350927253, -84.3040056292 38.3509920601, -84.3037438921 38.3510361037, -84.3034782689 38.3510649944, -84.3032464789 38.3510758965, -84.3030208387 38.3510756129, -84.3027940042 38.3510651527, -84.302539219 38.351039521, -84.3022868293 38.3509985373, -84.3019690861 38.3509290169, -84.3013364829 38.3507677624, -84.2996398939 38.3532890511, -84.2992786188 38.3538166011, -84.2991947667 38.353947675, -84.2990489984 38.3542117389, -84.2989827608 38.354351542, -84.2982932686 38.3559387378, -84.297492573 38.3578566032, -84.2967350281 38.3596011456, -84.2961714697 38.3609534108, -84.295159253 38.3631018296, -84.2944953286 38.3644465367, -84.2943774483 38.3647271405, -84.2943094673 38.3649188254, -84.2942661085 38.3650649489, -84.2942303786 38.3652133621, -84.2941790521 38.3655151067, -84.2941506054 38.3658239974, -84.2941388616 38.3661350168, -84.2941391933 38.3665055049, -84.2941517346 38.3667704076, -84.2941856923 38.3670811638, -84.2942259902 38.367283242, -84.2942841824 38.3674800463, -84.2943578189 38.3676720982, -84.2945260065 38.3680394288, -84.2948700304 38.3687579815, -84.2949786024 38.3690180212, -84.2950186225 38.3691462179, -84.2950426094 38.369273669, -84.2950471825 38.3693951145, -84.2950403756 38.3695274054, -84.2950155755 38.3696523349, -84.2949768729 38.3697746221, -84.2948710984 38.3700073133, -84.2942150942 38.3712834545, -84.2923117662 38.3748338974, -84.2911943506 38.3769411607, -84.29112599 38.3770982345, -84.291105105 38.3772012401, -84.2911062534 38.3773014962, -84.2911256436 38.3773967586, -84.2911593564 38.3774910988, -84.2912034663 38.3775888631, -84.2912576494 38.3776889473, -84.2913216865 38.3777847591, -84.2913973964 38.3778724755, -84.2914841165 38.3779504409, -84.2916849435 38.3780800673, -84.2919933103 38.3782934071, -84.2921258825 38.3783991249, -84.2926467678 38.3788389038, -84.2931825061 38.3792513992, -84.2940024309 38.3798835215, -84.2945737957 38.3803299536, -84.2949648699 38.3806489369, -84.2953384298 38.3809539711, -84.2958980724 38.3814117876, -84.2960735963 38.3815691088, -84.2961849305 38.3816907645, -84.29627448 38.3818201171, -84.2963194676 38.3819093752, -84.2963336238 38.381952118, -84.2963758282 38.3820937974, -84.2963882827 38.3821873257, -84.2963887823 38.3823383814, -84.2963738606 38.3824400879, -84.2963288992 38.382596353, -84.2962401057 38.3827636152, -84.2961650563 38.3828887519, -84.2958584644 38.3833419833, -84.2955273605 38.3838523127, -84.2952489561 38.3843089096, -84.2950855641 38.3845958198, -84.2949789608 38.3848164162, -84.2948865941 38.3850404823, -84.2947133511 38.385542585, -84.2946669403 38.3857013038, -84.2946292992 38.3858576577, -84.2945771639 38.3861643339, -84.2944525954 38.3872737, -84.2944265071 38.3875513097, -84.2943032963 38.3888559576), (-84.3028577153 38.3417027136, -84.3026696723 38.3416540031, -84.3019991011 38.3415653406, -84.3014418108 38.3413555716, -84.301158382 38.3412633977, -84.3009680056 38.3412270144, -84.3007560679 38.3412230493, -84.3006529524 38.3412355196, -84.300556566 38.3412604311, -84.3004672668 38.3412972384, -84.3003003631 38.341396813, -84.2993179735 38.3420716584, -84.2992344914 38.3421140285, -84.2991463564 38.3421448076, -84.29905189 38.3421606786, -84.2960734627 38.3422161708, -84.2929767751 38.3422561282, -84.2908685544 38.3423029633, -84.2881171581 38.3423217777, -84.2864999339 38.3423506988, -84.2848693513 38.3423673481, -84.2843654959 38.3423828126, -84.2841990143 38.3423725143, -84.2838973617 38.3423731762, -84.2836470318 38.3423882049, -84.2835360114 38.3424120979, -84.2834317174 38.3424484319, -84.2833331089 38.3424969209, -84.2829098507 38.3427372082, -84.2782472093 38.3455194228, -84.2780026707 38.3456451913, -84.2775935989 38.3458370246, -84.2765676033 38.346290332, -84.2757136416 38.3466507471, -84.2754734984 38.3467655787, -84.2752524146 38.3468864153, -84.2751590759 38.3469497933, -84.2750795444 38.3470202095, -84.2750127988 38.3470965521, -84.274791171 38.3474354437, -84.2746567988 38.3476144832, -84.2744238025 38.3478941852, -84.2742074534 38.3481263067, -84.2739201194 38.3484198864, -84.2737364925 38.3485854039, -84.2735436322 38.3487244396, -84.273286956 38.348880531, -84.2732192692 38.3489340664, -84.2731653684 38.3489957371, -84.2731332411 38.349067292, -84.2731256963 38.3491476677, -84.2731435276 38.349232204, -84.2733272058 38.3495849314, -84.2733574725 38.3496753906, -84.2733706064 38.3497681075, -84.2733666105 38.349862808, -84.2733444741 38.3499578317, -84.273305595 38.3500529209, -84.2731924889 38.3502492517, -84.2729653953 38.350546876, -84.2727774286 38.3507197515, -84.2724764003 38.3509650956, -84.2722198417 38.3512362602, -84.2721513012 38.3513320784, -84.2719309499 38.3517102543, -84.2716673955 38.3520862415, -84.271538518 38.3523900316, -84.271156337 38.3535132035, -84.2710124017 38.3538544294, -84.2708253942 38.3541868797, -84.2700288718 38.3554298352, -84.2698965715 38.3556605266, -84.2697480761 38.3559679147, -84.2695741092 38.3563623192, -84.2694315575 38.3567381658, -84.2693020595 38.3571237871, -84.2692312198 38.3573851816, -84.269147965 38.3577779724, -84.2691066135 38.3580298483, -84.2690372349 38.3586686128, -84.268779029 38.361580118, -84.2686953444 38.3630319064, -84.2686707466 38.3646324606, -84.2687050212 38.3654930541, -84.2686921443 38.3663393251, -84.2687141686 38.3670981493, -84.2687260579 38.368273196, -84.2687388849 38.3683637116, -84.2687648749 38.3684414844, -84.2688039519 38.3685103571, -84.2688732263 38.3685867478, -84.2690132099 38.368685719, -84.2692378192 38.3687917889, -84.2700906706 38.3691416168, -84.2713306137 38.3696714873, -84.2717806807 38.3698421576, -84.2722568178 38.3700002442, -84.2753426549 38.3709252032, -84.2760096322 38.3711004787, -84.2767100939 38.3712588636, -84.277657627 38.3715351122, -84.2778824432 38.3716145289, -84.2779816435 38.3716605261, -84.2780757786 38.3717155239, -84.2781567404 38.3717838152, -84.2782158264 38.371864468, -84.2782582987 38.3719559, -84.2782887164 38.3720570693, -84.2783112954 38.3721663806, -84.2783338293 38.3723998258, -84.2783367402 38.3727769385, -84.2782677867 38.373711219, -84.2782683455 38.3738400298, -84.2783006651 38.3740900757, -84.278429886 38.3746055244, -84.2784678879 38.3748679993, -84.2784645959 38.3751368275, -84.2784139713 38.3756786051, -84.2784230396 38.3759398963, -84.278510202 38.376465258, -84.2786657214 38.3772704989, -84.2788122031 38.3779174369, -84.2792092583 38.378857224, -84.2792765149 38.378965716, -84.2793578613 38.3790675168, -84.2795528936 38.3792591596, -84.2797695302 38.3794521692, -84.280816571 38.3803236615, -84.2809220995 38.3804202681, -84.2810990558 38.3806089379))"
"District 06","Harrison","06-80251.00","CR","1124","CR-1124","AIR QUALITY(P)","0.0","4.428","CONSTRUCT A CONNECTOR ROAD BETWEEN OLD LAIR ROAD AND KY 982 (NEW LAIR ROAD) NEAR THE HARRISON COUNTY HIGH SCHOOL. (2022CCN) (2024CCR)","","2022","2026","C","SPP","10000000","2031","","","","049-CR-1124-000","MULTILINESTRING ((-84.3458735928 38.3422375992, -84.3456131453 38.3420529772, -84.3447554361 38.341426525, -84.3428533918 38.340015665, -84.3418704532 38.339303115, -84.3417265444 38.339188529, -84.3416484795 38.3391134484, -84.3415689355 38.3390246194, -84.3414470609 38.3388701981, -84.3410033977 38.338221724, -84.3401592383 38.3370568355, -84.3400763021 38.3369632957, -84.3399841271 38.3368787095, -84.3398841151 38.336802818, -84.3396651668 38.3366560267, -84.3388044681 38.3361003494, -84.3377502175 38.3354201448, -84.3372161089 38.3351081061, -84.3361902652 38.3345295667, -84.3360112659 38.3344455891, -84.3358555496 38.3343838593, -84.3355973033 38.3343049763, -84.3353196273 38.3342393183, -84.3350795081 38.3341969033, -84.3347396873 38.3341535714, -84.3343042623 38.3341137647, -84.3339737632 38.3340933366, -84.3336054791 38.3340795967, -84.3332738859 38.3340797513, -84.3329340649 38.3340907919, -84.329937505 38.334255671, -84.329293668 38.3342831048, -84.3289912985 38.3342866192, -84.3287940574 38.3342809571, -84.328502264 38.3342604296, -84.3282117071 38.3342300279, -84.3277811726 38.3341718554, -84.3273481321 38.3340990952, -84.3262138767 38.3338838848, -84.3259364092 38.3338258973, -84.3257316923 38.3337742765, -84.3250981671 38.3335936362, -84.324886783 38.333526279, -84.3246992469 38.3334517938, -84.3245199943 38.3333636749, -84.3240238942 38.3330910319, -84.3239173914 38.3330452583, -84.3238145661 38.3330256195, -84.3237618279 38.3330302033, -84.3237181371 38.3330357188, -84.3236514044 38.3330607321, -84.3235638307 38.3331176254, -84.3231320479 38.3334834616, -84.3228102292 38.3337704264, -84.3216056195 38.3348618746, -84.3214831835 38.3349900273, -84.3210615251 38.3354617135, -84.3209632988 38.3355640674, -84.3208482106 38.3356728085, -84.3205053141 38.3359669278, -84.3194457221 38.3367879382, -84.3193277061 38.3368856573, -84.3192364193 38.3369716153, -84.3191368922 38.3370868591, -84.3190288285 38.3372464916, -84.3183999432 38.3384022593, -84.318196401 38.3388090087, -84.3181570317 38.3388788401, -84.3181172019 38.3389365822, -84.3180667244 38.3389859564, -84.3179935172 38.3390386256, -84.3179119479 38.3390730677, -84.3178446075 38.3390931264, -84.3177559732 38.3391143006, -84.3164742982 38.339375085, -84.3141996322 38.3397188516, -84.3132521396 38.3398828585, -84.3130715001 38.3399191171, -84.3128573706 38.3399739197, -84.3125495237 38.3400778431, -84.312358714 38.3401527012, -84.3121880252 38.3402327463, -84.3120347256 38.3403151999, -84.3119122814 38.3403889642, -84.3116848027 38.3405378028, -84.3110379079 38.3409852969, -84.3106795946 38.3412086195, -84.3104945975 38.3413068891, -84.3103898184 38.3413509312, -84.3102627439 38.3413938787, -84.3098127374 38.3415271013, -84.3083626145 38.3419807443, -84.3081525467 38.3420413545, -84.3079951865 38.3420814596, -84.3077724406 38.3421128032, -84.3078151816 38.3423692855, -84.3079078177 38.3427664411, -84.3080266794 38.3431600699, -84.3081717921 38.3435488001, -84.3082521078 38.3437387283, -84.3085420232 38.3443722735, -84.3103918814 38.34827731, -84.3105798364 38.3486877034, -84.3107674811 38.3491318744, -84.3108188888 38.3492670706, -84.3087412164 38.3497919153, -84.3042988132 38.350927253, -84.3040056292 38.3509920601, -84.3037438921 38.3510361037, -84.3034782689 38.3510649944, -84.3032464789 38.3510758965, -84.3030208387 38.3510756129, -84.3027940042 38.3510651527, -84.302539219 38.351039521, -84.3022868293 38.3509985373, -84.3019690861 38.3509290169, -84.3013364829 38.3507677624, -84.2996398939 38.3532890511, -84.2992786188 38.3538166011, -84.2991947667 38.353947675, -84.2990489984 38.3542117389, -84.2989827608 38.354351542, -84.2982932686 38.3559387378, -84.297492573 38.3578566032, -84.2967350281 38.3596011456, -84.2961714697 38.3609534108, -84.295159253 38.3631018296, -84.2944953286 38.3644465367, -84.2943774483 38.3647271405, -84.2943094673 38.3649188254, -84.2942661085 38.3650649489, -84.2942303786 38.3652133621, -84.2941790521 38.3655151067, -84.2941506054 38.3658239974, -84.2941388616 38.3661350168, -84.2941391933 38.3665055049, -84.2941517346 38.3667704076, -84.2941856923 38.3670811638, -84.2942259902 38.367283242, -84.2942841824 38.3674800463, -84.2943578189 38.3676720982, -84.2945260065 38.3680394288, -84.2948700304 38.3687579815, -84.2949786024 38.3690180212, -84.2950186225 38.3691462179, -84.2950426094 38.369273669, -84.2950471825 38.3693951145, -84.2950403756 38.3695274054, -84.2950155755 38.3696523349, -84.2949768729 38.3697746221, -84.2948710984 38.3700073133, -84.2942150942 38.3712834545, -84.2923117662 38.3748338974, -84.2911943506 38.3769411607, -84.29112599 38.3770982345, -84.291105105 38.3772012401, -84.2911062534 38.3773014962, -84.2911256436 38.3773967586, -84.2911593564 38.3774910988, -84.2912034663 38.3775888631, -84.2912576494 38.3776889473, -84.2913216865 38.3777847591, -84.2913973964 38.3778724755, -84.2914841165 38.3779504409, -84.2916849435 38.3780800673, -84.2919933103 38.3782934071, -84.2921258825 38.3783991249, -84.2926467678 38.3788389038, -84.2931825061 38.3792513992, -84.2940024309 38.3798835215, -84.2945737957 38.3803299536, -84.2949648699 38.3806489369, -84.2953384298 38.3809539711, -84.2958980724 38.3814117876, -84.2960735963 38.3815691088, -84.2961849305 38.3816907645, -84.29627448 38.3818201171, -84.2963194676 38.3819093752, -84.2963336238 38.381952118, -84.2963758282 38.3820937974, -84.2963882827 38.3821873257, -84.2963887823 38.3823383814, -84.2963738606 38.3824400879, -84.2963288992 38.382596353, -84.2962401057 38.3827636152, -84.2961650563 38.3828887519, -84.2958584644 38.3833419833, -84.2955273605 38.3838523127, -84.2952489561 38.3843089096, -84.2950855641 38.3845958198, -84.2949789608 38.3848164162, -84.2948865941 38.3850404823, -84.2947133511 38.385542585, -84.2946669403 38.3857013038, -84.2946292992 38.3858576577, -84.2945771639 38.3861643339, -84.2944525954 38.3872737, -84.2944265071 38.3875513097, -84.2943032963 38.3888559576), (-84.3028577153 38.3417027136, -84.3026696723 38.3416540031, -84.3019991011 38.3415653406, -84.3014418108 38.3413555716, -84.301158382 38.3412633977, -84.3009680056 38.3412270144, -84.3007560679 38.3412230493, -84.3006529524 38.3412355196, -84.300556566 38.3412604311, -84.3004672668 38.3412972384, -84.3003003631 38.341396813, -84.2993179735 38.3420716584, -84.2992344914 38.3421140285, -84.2991463564 38.3421448076, -84.29905189 38.3421606786, -84.2960734627 38.3422161708, -84.2929767751 38.3422561282, -84.2908685544 38.3423029633, -84.2881171581 38.3423217777, -84.2864999339 38.3423506988, -84.2848693513 38.3423673481, -84.2843654959 38.3423828126, -84.2841990143 38.3423725143, -84.2838973617 38.3423731762, -84.2836470318 38.3423882049, -84.2835360114 38.3424120979, -84.2834317174 38.3424484319, -84.2833331089 38.3424969209, -84.2829098507 38.3427372082, -84.2782472093 38.3455194228, -84.2780026707 38.3456451913, -84.2775935989 38.3458370246, -84.2765676033 38.346290332, -84.2757136416 38.3466507471, -84.2754734984 38.3467655787, -84.2752524146 38.3468864153, -84.2751590759 38.3469497933, -84.2750795444 38.3470202095, -84.2750127988 38.3470965521, -84.274791171 38.3474354437, -84.2746567988 38.3476144832, -84.2744238025 38.3478941852, -84.2742074534 38.3481263067, -84.2739201194 38.3484198864, -84.2737364925 38.3485854039, -84.2735436322 38.3487244396, -84.273286956 38.348880531, -84.2732192692 38.3489340664, -84.2731653684 38.3489957371, -84.2731332411 38.349067292, -84.2731256963 38.3491476677, -84.2731435276 38.349232204, -84.2733272058 38.3495849314, -84.2733574725 38.3496753906, -84.2733706064 38.3497681075, -84.2733666105 38.349862808, -84.2733444741 38.3499578317, -84.273305595 38.3500529209, -84.2731924889 38.3502492517, -84.2729653953 38.350546876, -84.2727774286 38.3507197515, -84.2724764003 38.3509650956, -84.2722198417 38.3512362602, -84.2721513012 38.3513320784, -84.2719309499 38.3517102543, -84.2716673955 38.3520862415, -84.271538518 38.3523900316, -84.271156337 38.3535132035, -84.2710124017 38.3538544294, -84.2708253942 38.3541868797, -84.2700288718 38.3554298352, -84.2698965715 38.3556605266, -84.2697480761 38.3559679147, -84.2695741092 38.3563623192, -84.2694315575 38.3567381658, -84.2693020595 38.3571237871, -84.2692312198 38.3573851816, -84.269147965 38.3577779724, -84.2691066135 38.3580298483, -84.2690372349 38.3586686128, -84.268779029 38.361580118, -84.2686953444 38.3630319064, -84.2686707466 38.3646324606, -84.2687050212 38.3654930541, -84.2686921443 38.3663393251, -84.2687141686 38.3670981493, -84.2687260579 38.368273196, -84.2687388849 38.3683637116, -84.2687648749 38.3684414844, -84.2688039519 38.3685103571, -84.2688732263 38.3685867478, -84.2690132099 38.368685719, -84.2692378192 38.3687917889, -84.2700906706 38.3691416168, -84.2713306137 38.3696714873, -84.2717806807 38.3698421576, -84.2722568178 38.3700002442, -84.2753426549 38.3709252032, -84.2760096322 38.3711004787, -84.2767100939 38.3712588636, -84.277657627 38.3715351122, -84.2778824432 38.3716145289, -84.2779816435 38.3716605261, -84.2780757786 38.3717155239, -84.2781567404 38.3717838152, -84.2782158264 38.371864468, -84.2782582987 38.3719559, -84.2782887164 38.3720570693, -84.2783112954 38.3721663806, -84.2783338293 38.3723998258, -84.2783367402 38.3727769385, -84.2782677867 38.373711219, -84.2782683455 38.3738400298, -84.2783006651 38.3740900757, -84.278429886 38.3746055244, -84.2784678879 38.3748679993, -84.2784645959 38.3751368275, -84.2784139713 38.3756786051, -84.2784230396 38.3759398963, -84.278510202 38.376465258, -84.2786657214 38.3772704989, -84.2788122031 38.3779174369, -84.2792092583 38.378857224, -84.2792765149 38.378965716, -84.2793578613 38.3790675168, -84.2795528936 38.3792591596, -84.2797695302 38.3794521692, -84.280816571 38.3803236615, -84.2809220995 38.3804202681, -84.2810990558 38.3806089379))"
"District 06","Harrison","06-80252.00","CS","1159","CS-1159","AIR QUALITY(P)","0.2","0.25","CONSTRUCT A ROUNDABOUT AT THE INTERSECTION OF WEBSTER AVENUE (CS-1071) AND EDUCATION DRIVE. (2022CCN) (2024CCR)","","2022","2026","C","SPP","650000","2029","","","","049-CS-1159-000","LINESTRING (-84.2923039103 38.3824033142, -84.2921212365 38.3824301605, -84.2918141864 38.3824835076, -84.2917191433 38.382508155, -84.2916467735 38.3825330802, -84.2915496264 38.3825758267, -84.2914771856 38.382621898, -84.291451499 38.3826433333)"
"District 06","Harrison","06-80252.00","CS","1159","CS-1159","AIR QUALITY(P)","0.2","0.25","CONSTRUCT A ROUNDABOUT AT THE INTERSECTION OF WEBSTER AVENUE (CS-1071) AND EDUCATION DRIVE. (2022CCN) (2024CCR)","","2022","2026","U","SPP","100000","2027","","","","049-CS-1159-000","LINESTRING (-84.2923039103 38.3824033142, -84.2921212365 38.3824301605, -84.2918141864 38.3824835076, -84.2917191433 38.382508155, -84.2916467735 38.3825330802, -84.2915496264 38.3825758267, -84.2914771856 38.382621898, -84.291451499 38.3826433333)"
"District 06","Harrison","06-80252.00","CS","1159","CS-1159","AIR QUALITY(P)","0.2","0.25","CONSTRUCT A ROUNDABOUT AT THE INTERSECTION OF WEBSTER AVENUE (CS-1071) AND EDUCATION DRIVE. (2022CCN) (2024CCR)","","2022","2026","R","SPP","530000","2027","","","","049-CS-1159-000","LINESTRING (-84.2923039103 38.3824033142, -84.2921212365 38.3824301605, -84.2918141864 38.3824835076, -84.2917191433 38.382508155, -84.2916467735 38.3825330802, -84.2915496264 38.3825758267, -84.2914771856 38.382621898, -84.291451499 38.3826433333)"
"District 06","Harrison","06-80353.00","KY","982","KY-982","CONGESTION MITIGTN(O)","4.46","5.05","Provide a two way left turn lane on KY 982 (New Lair Road) (MP 4.4 - 5.1) (2024CCN)","","2024","2026","R","SPP","600000","2027","","","","049-KY-0982-000","LINESTRING (-84.2949874957 38.3690465093, -84.2950186225 38.3691462179, -84.2950426094 38.369273669, -84.2950471825 38.3693951145, -84.2950403756 38.3695274054, -84.2950155755 38.3696523349, -84.2949768729 38.3697746221, -84.2948710984 38.3700073133, -84.2942150942 38.3712834545, -84.2923117662 38.3748338974, -84.2911943506 38.3769411607, -84.2911772605 38.3769804292)"
"District 06","Harrison","06-80353.00","KY","982","KY-982","CONGESTION MITIGTN(O)","4.46","5.05","Provide a two way left turn lane on KY 982 (New Lair Road) (MP 4.4 - 5.1) (2024CCN)","","2024","2026","D","SPP","780000","2026","","","","049-KY-0982-000","LINESTRING (-84.2949874957 38.3690465093, -84.2950186225 38.3691462179, -84.2950426094 38.369273669, -84.2950471825 38.3693951145, -84.2950403756 38.3695274054, -84.2950155755 38.3696523349, -84.2949768729 38.3697746221, -84.2948710984 38.3700073133, -84.2942150942 38.3712834545, -84.2923117662 38.3748338974, -84.2911943506 38.3769411607, -84.2911772605 38.3769804292)"
"District 06","Harrison","06-80353.00","KY","982","KY-982","CONGESTION MITIGTN(O)","4.46","5.05","Provide a two way left turn lane on KY 982 (New Lair Road) (MP 4.4 - 5.1) (2024CCN)","","2024","2026","U","SPP","1500000","2029","","","","049-KY-0982-000","LINESTRING (-84.2949874957 38.3690465093, -84.2950186225 38.3691462179, -84.2950426094 38.369273669, -84.2950471825 38.3693951145, -84.2950403756 38.3695274054, -84.2950155755 38.3696523349, -84.2949768729 38.3697746221, -84.2948710984 38.3700073133, -84.2942150942 38.3712834545, -84.2923117662 38.3748338974, -84.2911943506 38.3769411607, -84.2911772605 38.3769804292)"
"District 06","Harrison","06-80353.00","KY","982","KY-982","CONGESTION MITIGTN(O)","4.46","5.05","Provide a two way left turn lane on KY 982 (New Lair Road) (MP 4.4 - 5.1) (2024CCN)","","2024","2026","C","SPP","8000000","2032","","","","049-KY-0982-000","LINESTRING (-84.2949874957 38.3690465093, -84.2950186225 38.3691462179, -84.2950426094 38.369273669, -84.2950471825 38.3693951145, -84.2950403756 38.3695274054, -84.2950155755 38.3696523349, -84.2949768729 38.3697746221, -84.2948710984 38.3700073133, -84.2942150942 38.3712834545, -84.2923117662 38.3748338974, -84.2911943506 38.3769411607, -84.2911772605 38.3769804292)"
"District 06","Kenton","06-00017.00","I","75","I-75","CONGESTION MITIGTN(O)","191.277","191.777","UPGRADE THE EXISTING I-71/75 BRENT SPENCE BRIDGE CORRIDOR AT THE OHIO RIVER BETWEEN COVINGTON, KY AND CINCINNATI, OHIO. (NHPP FUNDING) (02KYD) (2024CCR)","","2000","2026","D","NH","0","2032","","","","059-I-0075-000","LINESTRING (-84.5227183048 39.0870579866, -84.5227202822 39.0875422884, -84.5227206631 39.0877075663, -84.5226879033 39.0890434211, -84.5226043464 39.0903205521, -84.5224418494 39.0941660216)"
"District 06","Kenton","06-00017.00","I","75","I-75","CONGESTION MITIGTN(O)","191.277","191.777","UPGRADE THE EXISTING I-71/75 BRENT SPENCE BRIDGE CORRIDOR AT THE OHIO RIVER BETWEEN COVINGTON, KY AND CINCINNATI, OHIO. (NHPP FUNDING) (02KYD) (2024CCR)","","2000","2026","U","NH","0","2032","","","","059-I-0075-000","LINESTRING (-84.5227183048 39.0870579866, -84.5227202822 39.0875422884, -84.5227206631 39.0877075663, -84.5226879033 39.0890434211, -84.5226043464 39.0903205521, -84.5224418494 39.0941660216)"
"District 06","Kenton","06-00017.00","I","75","I-75","CONGESTION MITIGTN(O)","191.277","191.777","UPGRADE THE EXISTING I-71/75 BRENT SPENCE BRIDGE CORRIDOR AT THE OHIO RIVER BETWEEN COVINGTON, KY AND CINCINNATI, OHIO. (NHPP FUNDING) (02KYD) (2024CCR)","","2000","2026","C","NH","355000000","2029","","","","059-I-0075-000","LINESTRING (-84.5227183048 39.0870579866, -84.5227202822 39.0875422884, -84.5227206631 39.0877075663, -84.5226879033 39.0890434211, -84.5226043464 39.0903205521, -84.5224418494 39.0941660216)"
"District 06","Kenton","06-00017.00","I","75","I-75","CONGESTION MITIGTN(O)","191.277","191.777","UPGRADE THE EXISTING I-71/75 BRENT SPENCE BRIDGE CORRIDOR AT THE OHIO RIVER BETWEEN COVINGTON, KY AND CINCINNATI, OHIO. (NHPP FUNDING) (02KYD) (2024CCR)","","2000","2026","R","NH","0","2032","","","","059-I-0075-000","LINESTRING (-84.5227183048 39.0870579866, -84.5227202822 39.0875422884, -84.5227206631 39.0877075663, -84.5226879033 39.0890434211, -84.5226043464 39.0903205521, -84.5224418494 39.0941660216)"
"District 06","Kenton","06-00017.31","CO","0","CO-0","CONGESTION MITIGTN(O)","","","CONSTRUCT A COMPANION BRIDGE TO THE EXISTING I-71/75 BRENT SPENCE BRIDGE OVER THE OHIO RIVER BETWEEN COVINGTON, KY AND CINCINNATI, OH. (DEDICATED ADDITIONAL STATE GENERAL FUNDS) (2024CCR)","","2022","2026","C","SGF","125000000","2027","","","","",""
"District 06","Kenton","06-00392.00","KY","371","KY-371","DESIGN ENGINEERING(O)","2.52","2.6","CONSTRUCTION OF ROADWAY SAFETY IMPROVEMENTS ON KY 371 AT CHAMBERS OFFICE PARK AND BUTTERMILK SQUARE IN KENTON COUNTY, KENTUCKY. (2024BOP)","","2026","2026","R","SPP","530000","2029","","","","059-KY-0371-000","LINESTRING (-84.5705408553 39.0429818119, -84.5709126274 39.0430166644, -84.5713679199 39.0430768822, -84.571483346 39.04310163, -84.5716294999 39.0431420551, -84.571771992 39.0431912289, -84.571906624 39.0432474636, -84.5719689635 39.0432785521)"
"District 06","Kenton","06-00392.00","KY","371","KY-371","DESIGN ENGINEERING(O)","2.52","2.6","CONSTRUCTION OF ROADWAY SAFETY IMPROVEMENTS ON KY 371 AT CHAMBERS OFFICE PARK AND BUTTERMILK SQUARE IN KENTON COUNTY, KENTUCKY. (2024BOP)","","2026","2026","U","SPP","210000","2030","","","","059-KY-0371-000","LINESTRING (-84.5705408553 39.0429818119, -84.5709126274 39.0430166644, -84.5713679199 39.0430768822, -84.571483346 39.04310163, -84.5716294999 39.0431420551, -84.571771992 39.0431912289, -84.571906624 39.0432474636, -84.5719689635 39.0432785521)"
"District 06","Kenton","06-00392.00","KY","371","KY-371","DESIGN ENGINEERING(O)","2.52","2.6","CONSTRUCTION OF ROADWAY SAFETY IMPROVEMENTS ON KY 371 AT CHAMBERS OFFICE PARK AND BUTTERMILK SQUARE IN KENTON COUNTY, KENTUCKY. (2024BOP)","","2026","2026","C","SPP","1200000","2031","","","","059-KY-0371-000","LINESTRING (-84.5705408553 39.0429818119, -84.5709126274 39.0430166644, -84.5713679199 39.0430768822, -84.571483346 39.04310163, -84.5716294999 39.0431420551, -84.571771992 39.0431912289, -84.571906624 39.0432474636, -84.5719689635 39.0432785521)"
"District 06","Kenton","06-00449.00","KY","17","KY-17","CONGESTION MITIGATION","18.15","18.9","IMPROVE SAFETY AND REDUCE CONGESTION ON KY-17 AT THE I-275 INTERCHANGE. (18CCR) (2020CCR) (2024CCR)","","2018","2026","U","STPF","2080000","2027","","","","059-KY-0017-000","LINESTRING (-84.5327339238 39.022532626, -84.5335136715 39.0233289062, -84.5337776645 39.0236226138, -84.5338927851 39.0237684712, -84.5339973525 39.0239139483, -84.534093095 39.0240609823, -84.5341803752 39.0242090279, -84.5342591754 39.0243589088, -84.5343291248 39.0245119954, -84.5343905599 39.0246691128, -84.5344434852 39.024829988, -84.5344896686 39.0249940889, -84.5345266429 39.0251616649, -84.5345554642 39.0253327277, -84.5345747291 39.0255069882, -84.5345823319 39.0256418694, -84.5345803054 39.0258686266, -84.5345662512 39.0260568255, -84.5345426228 39.0262493193, -84.5344712827 39.026643122, -84.5343292702 39.0272640828, -84.5342701473 39.0275163419, -84.5339005796 39.0291165038, -84.533663646 39.0301722075, -84.5336072966 39.0304266907, -84.5334201513 39.0312830284, -84.5330905231 39.0327238032, -84.5329724839 39.0331812081)"
"District 06","Kenton","06-00449.00","KY","17","KY-17","CONGESTION MITIGATION","18.15","18.9","IMPROVE SAFETY AND REDUCE CONGESTION ON KY-17 AT THE I-275 INTERCHANGE. (18CCR) (2020CCR) (2024CCR)","","2018","2026","R","STPF","530000","2026","","","","059-KY-0017-000","LINESTRING (-84.5327339238 39.022532626, -84.5335136715 39.0233289062, -84.5337776645 39.0236226138, -84.5338927851 39.0237684712, -84.5339973525 39.0239139483, -84.534093095 39.0240609823, -84.5341803752 39.0242090279, -84.5342591754 39.0243589088, -84.5343291248 39.0245119954, -84.5343905599 39.0246691128, -84.5344434852 39.024829988, -84.5344896686 39.0249940889, -84.5345266429 39.0251616649, -84.5345554642 39.0253327277, -84.5345747291 39.0255069882, -84.5345823319 39.0256418694, -84.5345803054 39.0258686266, -84.5345662512 39.0260568255, -84.5345426228 39.0262493193, -84.5344712827 39.026643122, -84.5343292702 39.0272640828, -84.5342701473 39.0275163419, -84.5339005796 39.0291165038, -84.533663646 39.0301722075, -84.5336072966 39.0304266907, -84.5334201513 39.0312830284, -84.5330905231 39.0327238032, -84.5329724839 39.0331812081)"
"District 06","Kenton","06-00449.00","KY","17","KY-17","CONGESTION MITIGATION","18.15","18.9","IMPROVE SAFETY AND REDUCE CONGESTION ON KY-17 AT THE I-275 INTERCHANGE. (18CCR) (2020CCR) (2024CCR)","","2018","2026","C","STPF","11340000","2031","","","","059-KY-0017-000","LINESTRING (-84.5327339238 39.022532626, -84.5335136715 39.0233289062, -84.5337776645 39.0236226138, -84.5338927851 39.0237684712, -84.5339973525 39.0239139483, -84.534093095 39.0240609823, -84.5341803752 39.0242090279, -84.5342591754 39.0243589088, -84.5343291248 39.0245119954, -84.5343905599 39.0246691128, -84.5344434852 39.024829988, -84.5344896686 39.0249940889, -84.5345266429 39.0251616649, -84.5345554642 39.0253327277, -84.5345747291 39.0255069882, -84.5345823319 39.0256418694, -84.5345803054 39.0258686266, -84.5345662512 39.0260568255, -84.5345426228 39.0262493193, -84.5344712827 39.026643122, -84.5343292702 39.0272640828, -84.5342701473 39.0275163419, -84.5339005796 39.0291165038, -84.533663646 39.0301722075, -84.5336072966 39.0304266907, -84.5334201513 39.0312830284, -84.5330905231 39.0327238032, -84.5329724839 39.0331812081)"
"District 06","Kenton","06-00450.10","KY","1303","KY-1303","CONGESTION MITIGATION","5.01","5.8","Reduce Congestion along KY 1303 from Dudley Road to I-275. (2024BOP) (2026CCR)","","2026","2026","R","STPF","4400000","2026","","","","059-KY-1303-000","LINESTRING (-84.5752080541 39.0176163584, -84.5750200146 39.0178371308, -84.57463649 39.0183113525, -84.5739907232 39.0191149262, -84.5735807649 39.0196341858, -84.5733861202 39.0198966623, -84.5732937067 39.0200398923, -84.5732140678 39.0201766577, -84.5731395291 39.0203244555, -84.5730729989 39.0204775481, -84.5729398341 39.0208337013, -84.5724356347 39.0223911965, -84.5722783713 39.0228876795, -84.5721748943 39.0231922332, -84.5721140615 39.0233409892, -84.5720406216 39.0234857766, -84.5719570341 39.0236268952, -84.5718986662 39.0237103322, -84.5718619092 39.0237632324, -84.5717556025 39.0238945181, -84.5716391481 39.0240221347, -84.5703040164 39.0254196061, -84.56929266 39.0264696599, -84.568769182 39.0269954693, -84.56848631 39.0272916591, -84.5683013827 39.0274951941, -84.5682792166 39.0275195422)"
"District 06","Kenton","06-00450.10","KY","1303","KY-1303","CONGESTION MITIGATION","5.01","5.8","Reduce Congestion along KY 1303 from Dudley Road to I-275. (2024BOP) (2026CCR)","","2026","2026","U","STPF","2160000","2027","","","","059-KY-1303-000","LINESTRING (-84.5752080541 39.0176163584, -84.5750200146 39.0178371308, -84.57463649 39.0183113525, -84.5739907232 39.0191149262, -84.5735807649 39.0196341858, -84.5733861202 39.0198966623, -84.5732937067 39.0200398923, -84.5732140678 39.0201766577, -84.5731395291 39.0203244555, -84.5730729989 39.0204775481, -84.5729398341 39.0208337013, -84.5724356347 39.0223911965, -84.5722783713 39.0228876795, -84.5721748943 39.0231922332, -84.5721140615 39.0233409892, -84.5720406216 39.0234857766, -84.5719570341 39.0236268952, -84.5718986662 39.0237103322, -84.5718619092 39.0237632324, -84.5717556025 39.0238945181, -84.5716391481 39.0240221347, -84.5703040164 39.0254196061, -84.56929266 39.0264696599, -84.568769182 39.0269954693, -84.56848631 39.0272916591, -84.5683013827 39.0274951941, -84.5682792166 39.0275195422)"
"District 06","Kenton","06-00450.10","KY","1303","KY-1303","CONGESTION MITIGATION","5.01","5.8","Reduce Congestion along KY 1303 from Dudley Road to I-275. (2024BOP) (2026CCR)","","2026","2026","C","STPF","12000000","2030","","","","059-KY-1303-000","LINESTRING (-84.5752080541 39.0176163584, -84.5750200146 39.0178371308, -84.57463649 39.0183113525, -84.5739907232 39.0191149262, -84.5735807649 39.0196341858, -84.5733861202 39.0198966623, -84.5732937067 39.0200398923, -84.5732140678 39.0201766577, -84.5731395291 39.0203244555, -84.5730729989 39.0204775481, -84.5729398341 39.0208337013, -84.5724356347 39.0223911965, -84.5722783713 39.0228876795, -84.5721748943 39.0231922332, -84.5721140615 39.0233409892, -84.5720406216 39.0234857766, -84.5719570341 39.0236268952, -84.5718986662 39.0237103322, -84.5718619092 39.0237632324, -84.5717556025 39.0238945181, -84.5716391481 39.0240221347, -84.5703040164 39.0254196061, -84.56929266 39.0264696599, -84.568769182 39.0269954693, -84.56848631 39.0272916591, -84.5683013827 39.0274951941, -84.5682792166 39.0275195422)"
"District 06","Kenton","06-00450.20","KY","1303","KY-1303","CONGESTION MITIGATION","5.8","6.248","Reduce Congestion along KY 1303 from I-275 to US 25. (2024BOP)","","2026","2026","R","SPP","1100000","2029","","","","059-KY-1303-000","LINESTRING (-84.5682792166 39.0275195422, -84.5680021382 39.027823893, -84.5676191797 39.0282788779, -84.5675492733 39.0283786716, -84.5671236745 39.0288579436, -84.5670409899 39.0289641995, -84.5670059566 39.0290190375, -84.5668277986 39.0293036293, -84.5666191994 39.0297067993, -84.5661516381 39.030622733, -84.5660702394 39.0307795177, -84.5660395513 39.0308484, -84.5660095476 39.0309400766, -84.5659961574 39.0310275243, -84.5659983948 39.031128032, -84.5660130174 39.0312028529, -84.5660310489 39.0312628833, -84.5660646319 39.0313406381, -84.5661194962 39.0314301342, -84.5662026948 39.0315306185, -84.5663368043 39.0316607079, -84.5663953867 39.0317164716, -84.5669310456 39.0322200734, -84.5671812691 39.0324616781, -84.5677167794 39.0329534693)"
"District 06","Kenton","06-00450.20","KY","1303","KY-1303","CONGESTION MITIGATION","5.8","6.248","Reduce Congestion along KY 1303 from I-275 to US 25. (2024BOP)","","2026","2026","U","SPP","540000","2030","","","","059-KY-1303-000","LINESTRING (-84.5682792166 39.0275195422, -84.5680021382 39.027823893, -84.5676191797 39.0282788779, -84.5675492733 39.0283786716, -84.5671236745 39.0288579436, -84.5670409899 39.0289641995, -84.5670059566 39.0290190375, -84.5668277986 39.0293036293, -84.5666191994 39.0297067993, -84.5661516381 39.030622733, -84.5660702394 39.0307795177, -84.5660395513 39.0308484, -84.5660095476 39.0309400766, -84.5659961574 39.0310275243, -84.5659983948 39.031128032, -84.5660130174 39.0312028529, -84.5660310489 39.0312628833, -84.5660646319 39.0313406381, -84.5661194962 39.0314301342, -84.5662026948 39.0315306185, -84.5663368043 39.0316607079, -84.5663953867 39.0317164716, -84.5669310456 39.0322200734, -84.5671812691 39.0324616781, -84.5677167794 39.0329534693)"
"District 06","Kenton","06-00450.20","KY","1303","KY-1303","CONGESTION MITIGATION","5.8","6.248","Reduce Congestion along KY 1303 from I-275 to US 25. (2024BOP)","","2026","2026","C","SPP","2320000","2031","","","","059-KY-1303-000","LINESTRING (-84.5682792166 39.0275195422, -84.5680021382 39.027823893, -84.5676191797 39.0282788779, -84.5675492733 39.0283786716, -84.5671236745 39.0288579436, -84.5670409899 39.0289641995, -84.5670059566 39.0290190375, -84.5668277986 39.0293036293, -84.5666191994 39.0297067993, -84.5661516381 39.030622733, -84.5660702394 39.0307795177, -84.5660395513 39.0308484, -84.5660095476 39.0309400766, -84.5659961574 39.0310275243, -84.5659983948 39.031128032, -84.5660130174 39.0312028529, -84.5660310489 39.0312628833, -84.5660646319 39.0313406381, -84.5661194962 39.0314301342, -84.5662026948 39.0315306185, -84.5663368043 39.0316607079, -84.5663953867 39.0317164716, -84.5669310456 39.0322200734, -84.5671812691 39.0324616781, -84.5677167794 39.0329534693)"
"District 06","Kenton","06-01070.00","CS","2097","CS-2097","AM-BRIDGE (P)","0.144","0.223","WEST 15TH STREET; ADDRESS DEFICIENCIES OF BRIDGE AND APPROACHES OVER CSX RR IN COVINGTON (FUNDS TO BE PROVIDED BY THE CITY AS PER MEMORANDUM OF AGREEMENT). (059C00029N)(12CCR)(SD)","059C00029N","2008","2026","C","BRX","4451018","2031","","","","059-CS-2097-000","LINESTRING (-84.5100707736 39.0737175034, -84.509714436 39.0737736629, -84.5090755839 39.073873566, -84.5086331709 39.0739376149)"
"District 06","Kenton","06-01070.00","CS","2097","CS-2097","AM-BRIDGE (P)","0.144","0.223","WEST 15TH STREET; ADDRESS DEFICIENCIES OF BRIDGE AND APPROACHES OVER CSX RR IN COVINGTON (FUNDS TO BE PROVIDED BY THE CITY AS PER MEMORANDUM OF AGREEMENT). (059C00029N)(12CCR)(SD)","059C00029N","2008","2026","U","BRX","400000","2031","","","","059-CS-2097-000","LINESTRING (-84.5100707736 39.0737175034, -84.509714436 39.0737736629, -84.5090755839 39.073873566, -84.5086331709 39.0739376149)"
"District 06","Kenton","06-01070.00","CS","2097","CS-2097","AM-BRIDGE (P)","0.144","0.223","WEST 15TH STREET; ADDRESS DEFICIENCIES OF BRIDGE AND APPROACHES OVER CSX RR IN COVINGTON (FUNDS TO BE PROVIDED BY THE CITY AS PER MEMORANDUM OF AGREEMENT). (059C00029N)(12CCR)(SD)","059C00029N","2008","2026","D","BRX","667653","2031","","","","059-CS-2097-000","LINESTRING (-84.5100707736 39.0737175034, -84.509714436 39.0737736629, -84.5090755839 39.073873566, -84.5086331709 39.0739376149)"
"District 06","Kenton","06-01070.00","CS","2097","CS-2097","AM-BRIDGE (P)","0.144","0.223","WEST 15TH STREET; ADDRESS DEFICIENCIES OF BRIDGE AND APPROACHES OVER CSX RR IN COVINGTON (FUNDS TO BE PROVIDED BY THE CITY AS PER MEMORANDUM OF AGREEMENT). (059C00029N)(12CCR)(SD)","059C00029N","2008","2026","R","BRX","200000","2031","","","","059-CS-2097-000","LINESTRING (-84.5100707736 39.0737175034, -84.509714436 39.0737736629, -84.5090755839 39.073873566, -84.5086331709 39.0739376149)"
"District 06","Kenton","06-08951.00","US","25","US-25","RECONSTRUCTION(O)","8.583","8.667","IMPROVE EXISTING ALIGNMENT WITH BUTTERMILK PIKE, ORPHANAGE ROAD, AND US 25. FT. MITCHELL WILL PAY $50,000 TOWARD DESIGN. (16CCN)(18CCN) (2020CCR) (2022CCR) (2024CCR)","","2016","2026","U","STPF","2500000","2030","","","","059-US-0025-000","LINESTRING (-84.5614610984 39.0359491366, -84.5614313554 39.0359672238, -84.5608030908 39.0363920206, -84.5605074828 39.036601582, -84.5602993926 39.0367495186)"
"District 06","Kenton","06-08951.00","US","25","US-25","RECONSTRUCTION(O)","8.583","8.667","IMPROVE EXISTING ALIGNMENT WITH BUTTERMILK PIKE, ORPHANAGE ROAD, AND US 25. FT. MITCHELL WILL PAY $50,000 TOWARD DESIGN. (16CCN)(18CCN) (2020CCR) (2022CCR) (2024CCR)","","2016","2026","R","STPF","18900000","2027","","","","059-US-0025-000","LINESTRING (-84.5614610984 39.0359491366, -84.5614313554 39.0359672238, -84.5608030908 39.0363920206, -84.5605074828 39.036601582, -84.5602993926 39.0367495186)"
"District 06","Kenton","06-08951.00","US","25","US-25","RECONSTRUCTION(O)","8.583","8.667","IMPROVE EXISTING ALIGNMENT WITH BUTTERMILK PIKE, ORPHANAGE ROAD, AND US 25. FT. MITCHELL WILL PAY $50,000 TOWARD DESIGN. (16CCN)(18CCN) (2020CCR) (2022CCR) (2024CCR)","","2016","2026","C","STPF","6000000","2031","","","","059-US-0025-000","LINESTRING (-84.5614610984 39.0359491366, -84.5614313554 39.0359672238, -84.5608030908 39.0363920206, -84.5605074828 39.036601582, -84.5602993926 39.0367495186)"
"District 06","Kenton","06-10044.00","KY","17","KY-17","AM-BRIDGE (P)","23.949","24.139","BRIDGE PROJECT IN KENTON COUNTY ON (059B00048N) KY 17 AT OHIO RIVER","059B00048N","2022","2026","C","FBP","12000000","2026","","","","059-KY-0017-000","LINESTRING (-84.5097771078 39.0925595912, -84.5104035658 39.0950075708)"
"District 06","Kenton","06-10044.00","KY","17","KY-17","AM-BRIDGE (P)","23.949","24.139","BRIDGE PROJECT IN KENTON COUNTY ON (059B00048N) KY 17 AT OHIO RIVER","059B00048N","2022","2026","D","FBP","1920000","2026","","","","059-KY-0017-000","LINESTRING (-84.5097771078 39.0925595912, -84.5104035658 39.0950075708)"
"District 06","Kenton","06-10045.00","I","75","I-75","AM-BRIDGE (P)","190.0","190.1","BRIDGE PROJECT IN KENTON COUNTY ON (059B00090N) I-75 RAMP AT 9TH ST-COVINGTON","059B00090N","2022","2026","C","BRO","3914629","2032","","","","059-I-0075-000","LINESTRING (-84.5197994911 39.0695736513, -84.5193880276 39.0709588563)"
"District 06","Kenton","06-10045.00","I","75","I-75","AM-BRIDGE (P)","190.0","190.1","BRIDGE PROJECT IN KENTON COUNTY ON (059B00090N) I-75 RAMP AT 9TH ST-COVINGTON","059B00090N","2022","2026","D","BRO","587194","2032","","","","059-I-0075-000","LINESTRING (-84.5197994911 39.0695736513, -84.5193880276 39.0709588563)"
"District 06","Kenton","06-10067.00","I","75","I-75","AM-BRIDGE (P)","191.366","191.694","ADDRESS DEFICIENCIES OF BRIDGE ON I-75 OVER OHIO RIVER (059B00046N)","059B00046N","2026","2026","C","BRO","1000000","2032","","","","059-I-0075-000","LINESTRING (-84.5227056774 39.0883186489, -84.5226879033 39.0890434211, -84.5226043464 39.0903205521, -84.5224916197 39.0929882588)"
"District 06","Kenton","06-10067.00","I","75","I-75","AM-BRIDGE (P)","191.366","191.694","ADDRESS DEFICIENCIES OF BRIDGE ON I-75 OVER OHIO RIVER (059B00046N)","059B00046N","2026","2026","D","BRO","150000","2032","","","","059-I-0075-000","LINESTRING (-84.5227056774 39.0883186489, -84.5226879033 39.0890434211, -84.5226043464 39.0903205521, -84.5224916197 39.0929882588)"
"District 06","Kenton","06-20044.00","KY","236","KY-236","AM-PAVEMENT (PRI)(P)","2.131","2.622","ADDRESS CONDITION OF KY-236 FROM MILEPOINT 2.13 TO MILEPOINT 2.62","","2018","2026","C","STP5","552000","2030","","","","059-KY-0236-000","LINESTRING (-84.6089848066 39.0240821024, -84.6091714125 39.0241745377, -84.6094608095 39.0243041379, -84.611162432 39.0250100106, -84.6120176163 39.0254217327, -84.6125692 39.025711683, -84.6132769284 39.0261681179, -84.6141163362 39.0267578546, -84.614240251 39.0268468859, -84.6152745613 39.027624333, -84.6156404789 39.0279066914)"
"District 06","Kenton","06-20044.00","KY","236","KY-236","AM-PAVEMENT (PRI)(P)","2.131","2.622","ADDRESS CONDITION OF KY-236 FROM MILEPOINT 2.13 TO MILEPOINT 2.62","","2018","2026","D","STP5","48000","2029","","","","059-KY-0236-000","LINESTRING (-84.6089848066 39.0240821024, -84.6091714125 39.0241745377, -84.6094608095 39.0243041379, -84.611162432 39.0250100106, -84.6120176163 39.0254217327, -84.6125692 39.025711683, -84.6132769284 39.0261681179, -84.6141163362 39.0267578546, -84.614240251 39.0268468859, -84.6152745613 39.027624333, -84.6156404789 39.0279066914)"
"District 06","Kenton","06-20045.00","KY","1072","KY-1072","AM-PAVEMENT (PRI)(P)","2.489","2.83","ADDRESS CONDITION OF KY-1072 FROM MILEPOINT 2.49 TO MILEPOINT 2.83","","2018","2026","C","STP3","460000","2030","","","","059-KY-1072-000","LINESTRING (-84.5370297327 39.0567259806, -84.5370410618 39.0568490919, -84.5371121081 39.0570441901, -84.5373240109 39.0575558929, -84.5373893716 39.0576908073, -84.537485892 39.0578576106, -84.5375662969 39.0579773025, -84.5377429346 39.0582176715, -84.5387037828 39.059430729, -84.5390227451 39.059879543, -84.5393043043 39.0603543335, -84.5398121217 39.0611711375)"
"District 06","Kenton","06-20045.00","KY","1072","KY-1072","AM-PAVEMENT (PRI)(P)","2.489","2.83","ADDRESS CONDITION OF KY-1072 FROM MILEPOINT 2.49 TO MILEPOINT 2.83","","2018","2026","D","STP3","40000","2030","","","","059-KY-1072-000","LINESTRING (-84.5370297327 39.0567259806, -84.5370410618 39.0568490919, -84.5371121081 39.0570441901, -84.5373240109 39.0575558929, -84.5373893716 39.0576908073, -84.537485892 39.0578576106, -84.5375662969 39.0579773025, -84.5377429346 39.0582176715, -84.5387037828 39.059430729, -84.5390227451 39.059879543, -84.5393043043 39.0603543335, -84.5398121217 39.0611711375)"
"District 06","Kenton","06-20064.00","I","75","I-75","AM-PAVEMENT (INT)(P)","190.7","191.122","ADDRESS CONDITION OF I-075 NON-CARDINAL DIRECTION FROM MILEPOINT 190.7 TO MILEPOINT 191.22","","2024","2026","D","NHPM","70000","2030","","","","059-I-0075-000","LINESTRING (-84.521334141 39.0790102128, -84.5216246269 39.0794545827, -84.5218611858 39.0799012196, -84.5220452533 39.0804736059, -84.5221721134 39.0809712797, -84.5223360349 39.0821740815, -84.5224660752 39.0831305465, -84.5225558761 39.0841755485, -84.5225986197 39.0848463833)"
"District 06","Kenton","06-20064.00","I","75","I-75","AM-PAVEMENT (INT)(P)","190.7","191.122","ADDRESS CONDITION OF I-075 NON-CARDINAL DIRECTION FROM MILEPOINT 190.7 TO MILEPOINT 191.22","","2024","2026","C","NHPM","700000","2030","","","","059-I-0075-000","LINESTRING (-84.521334141 39.0790102128, -84.5216246269 39.0794545827, -84.5218611858 39.0799012196, -84.5220452533 39.0804736059, -84.5221721134 39.0809712797, -84.5223360349 39.0821740815, -84.5224660752 39.0831305465, -84.5225558761 39.0841755485, -84.5225986197 39.0848463833)"
"District 06","Kenton","06-22129.00","I","75","I-75","AM-PAVEMENT (INT)(P)","183.312","184.708","ADDRESS CONDITION OF I-075 FROM MILEPOINT 183.312 TO MILEPOINT 184.708","","2022","2026","C","STP5","4255000","2031","","","","059-I-0075-000","LINESTRING (-84.6170805982 39.021472107, -84.6164207974 39.022075352, -84.6161011801 39.0223943668, -84.6118604692 39.0266254985, -84.6108557379 39.027672117, -84.6098823045 39.0286962371, -84.6089612702 39.0296318962, -84.6084886891 39.0300716047, -84.6079109764 39.0305484687, -84.6076066649 39.0307621806, -84.6066474499 39.0314358144, -84.6061061548 39.0317441719, -84.6052310339 39.0321945685, -84.603787079 39.0328448713, -84.6026621175 39.0333326649, -84.5997220518 39.0346071565, -84.5992001806 39.0348413654)"
"District 06","Kenton","06-22129.00","I","75","I-75","AM-PAVEMENT (INT)(P)","183.312","184.708","ADDRESS CONDITION OF I-075 FROM MILEPOINT 183.312 TO MILEPOINT 184.708","","2022","2026","D","STP5","420000","2031","","","","059-I-0075-000","LINESTRING (-84.6170805982 39.021472107, -84.6164207974 39.022075352, -84.6161011801 39.0223943668, -84.6118604692 39.0266254985, -84.6108557379 39.027672117, -84.6098823045 39.0286962371, -84.6089612702 39.0296318962, -84.6084886891 39.0300716047, -84.6079109764 39.0305484687, -84.6076066649 39.0307621806, -84.6066474499 39.0314358144, -84.6061061548 39.0317441719, -84.6052310339 39.0321945685, -84.603787079 39.0328448713, -84.6026621175 39.0333326649, -84.5997220518 39.0346071565, -84.5992001806 39.0348413654)"
"District 06","Kenton","06-22130.00","I","75","I-75","AM-PAVEMENT (INT)(P)","184.708","186.95","ADDRESS CONDITION OF I-075 NON-CARDINAL DIRECTION FROM MILEPOINT 184.708 TO MILEPOINT 186.95","","2022","2026","D","NHPM","1600000","2028","","","","059-I-0075-000","LINESTRING (-84.5992001806 39.0348413654, -84.5983032066 39.0352439066, -84.5954840781 39.0365408735, -84.5926676594 39.0377938721, -84.5912813678 39.0383902216, -84.589869771 39.0390266681, -84.5889327522 39.0393950801, -84.5884640617 39.0395794188, -84.5869580712 39.0401276091, -84.5855034726 39.0406087421, -84.5831157246 39.041387978, -84.5826437581 39.0415772043, -84.5822163834 39.0417737271, -84.5818310045 39.0419637945, -84.581326011 39.0422361549, -84.5808600034 39.0425141093, -84.5785922474 39.0441210844, -84.5742323651 39.0472108881, -84.5730565756 39.0480504202, -84.5718714933 39.0488750237, -84.5712521072 39.0492486199, -84.5709458758 39.0494171935, -84.5705928891 39.049602877, -84.5700261948 39.0498745814, -84.5695822453 39.0500676005, -84.5692309937 39.0502110175, -84.568652343 39.0504161565, -84.5682622846 39.0505424403, -84.5677740143 39.0506888921, -84.5672196348 39.0508300215, -84.5667510443 39.0509352071, -84.5662329494 39.0510316652, -84.5657387389 39.0511099631, -84.5651749833 39.051177686, -84.5646646723 39.0512283656, -84.5645416702 39.0512393187)"
"District 06","Kenton","06-22130.00","I","75","I-75","AM-PAVEMENT (INT)(P)","184.708","186.95","ADDRESS CONDITION OF I-075 NON-CARDINAL DIRECTION FROM MILEPOINT 184.708 TO MILEPOINT 186.95","","2022","2026","C","NHPM","8400000","2028","","","","059-I-0075-000","LINESTRING (-84.5992001806 39.0348413654, -84.5983032066 39.0352439066, -84.5954840781 39.0365408735, -84.5926676594 39.0377938721, -84.5912813678 39.0383902216, -84.589869771 39.0390266681, -84.5889327522 39.0393950801, -84.5884640617 39.0395794188, -84.5869580712 39.0401276091, -84.5855034726 39.0406087421, -84.5831157246 39.041387978, -84.5826437581 39.0415772043, -84.5822163834 39.0417737271, -84.5818310045 39.0419637945, -84.581326011 39.0422361549, -84.5808600034 39.0425141093, -84.5785922474 39.0441210844, -84.5742323651 39.0472108881, -84.5730565756 39.0480504202, -84.5718714933 39.0488750237, -84.5712521072 39.0492486199, -84.5709458758 39.0494171935, -84.5705928891 39.049602877, -84.5700261948 39.0498745814, -84.5695822453 39.0500676005, -84.5692309937 39.0502110175, -84.568652343 39.0504161565, -84.5682622846 39.0505424403, -84.5677740143 39.0506888921, -84.5672196348 39.0508300215, -84.5667510443 39.0509352071, -84.5662329494 39.0510316652, -84.5657387389 39.0511099631, -84.5651749833 39.051177686, -84.5646646723 39.0512283656, -84.5645416702 39.0512393187)"
"District 06","Kenton","06-22131.00","I","75","I-75","AM-PAVEMENT (INT)(P)","186.95","190.7","ADDRESS CONDITION OF I-075 FROM MILEPOINT 186.95 TO MILEPOINT 190.7","","2022","2026","C","NHPM","37500000","2031","","","","059-I-0075-000","LINESTRING (-84.5645416702 39.0512393187, -84.5630832139 39.051369182, -84.5614331777 39.0515046297, -84.5597797874 39.0516510032, -84.5586803353 39.0517273686, -84.5583618496 39.051738749, -84.5580758823 39.0517424903, -84.5577453144 39.0517391976, -84.5574930237 39.051728997, -84.5569850149 39.0516816534, -84.5565608364 39.0516323991, -84.5550402372 39.051389079, -84.5534850708 39.0511286463, -84.5522073926 39.0509736505, -84.5519221183 39.0509567932, -84.5515452875 39.0509620796, -84.55127775 39.0509799921, -84.5509496885 39.051017063, -84.5507212311 39.051056505, -84.5503928917 39.0511317343, -84.5500259517 39.0512417171, -84.5496755192 39.0513754762, -84.5493586097 39.0515260424, -84.5490256018 39.0517132359, -84.5479646903 39.0524822932, -84.5468077111 39.0533956108, -84.5435624537 39.0559568438, -84.5424330097 39.0568379995, -84.5421702914 39.0570308242, -84.5414152762 39.0575851953, -84.5410058375 39.057834191, -84.5406234617 39.0580436493, -84.5401895997 39.0582575274, -84.5397504578 39.0584499361, -84.5393407088 39.0586110684, -84.5388455458 39.0587839638, -84.5374187715 39.059201651, -84.5345291469 39.0600223323, -84.5337757836 39.0602197644, -84.5330724932 39.0603707535, -84.5325813428 39.0604494948, -84.5321897645 39.0605122262, -84.5315497709 39.0606050983, -84.5309281057 39.0606547749, -84.530059196 39.0606857308, -84.5286444699 39.0607160537, -84.5281574325 39.0607591288, -84.5277320436 39.0608217743, -84.5272651808 39.0609216075, -84.5268423834 39.0610394598, -84.5264041835 39.0611936682, -84.5260005143 39.0613674463, -84.5255450576 39.061605211, -84.5252895628 39.0617626561, -84.5223795701 39.0637551434, -84.522082685 39.0640063262, -84.521778871 39.0643131701, -84.5215577847 39.0645799553, -84.5213902647 39.0648236782, -84.5212554052 39.0650518137, -84.5211220922 39.0653134588, -84.5210032104 39.0655755259, -84.5208985916 39.0658478985, -84.5207375693 39.0664153747, -84.5193386509 39.0711250807, -84.5190915545 39.071990647, -84.5187961769 39.0730240109, -84.5187541932 39.0732154853, -84.5187319959 39.0733824542, -84.518719244 39.0735739538, -84.5187224428 39.0739468171, -84.5187755205 39.0743276046, -84.5188275135 39.0745436563, -84.5189503741 39.0749218672, -84.5190402286 39.0751484656, -84.5194748589 39.0761272876, -84.5195576669 39.0762917663, -84.5199659076 39.0771031173, -84.5205657035 39.0780018161, -84.5212695891 39.0789114638, -84.521334141 39.0790102128)"
"District 06","Kenton","06-22131.00","I","75","I-75","AM-PAVEMENT (INT)(P)","186.95","190.7","ADDRESS CONDITION OF I-075 FROM MILEPOINT 186.95 TO MILEPOINT 190.7","","2022","2026","D","NHPM","3750000","2031","","","","059-I-0075-000","LINESTRING (-84.5645416702 39.0512393187, -84.5630832139 39.051369182, -84.5614331777 39.0515046297, -84.5597797874 39.0516510032, -84.5586803353 39.0517273686, -84.5583618496 39.051738749, -84.5580758823 39.0517424903, -84.5577453144 39.0517391976, -84.5574930237 39.051728997, -84.5569850149 39.0516816534, -84.5565608364 39.0516323991, -84.5550402372 39.051389079, -84.5534850708 39.0511286463, -84.5522073926 39.0509736505, -84.5519221183 39.0509567932, -84.5515452875 39.0509620796, -84.55127775 39.0509799921, -84.5509496885 39.051017063, -84.5507212311 39.051056505, -84.5503928917 39.0511317343, -84.5500259517 39.0512417171, -84.5496755192 39.0513754762, -84.5493586097 39.0515260424, -84.5490256018 39.0517132359, -84.5479646903 39.0524822932, -84.5468077111 39.0533956108, -84.5435624537 39.0559568438, -84.5424330097 39.0568379995, -84.5421702914 39.0570308242, -84.5414152762 39.0575851953, -84.5410058375 39.057834191, -84.5406234617 39.0580436493, -84.5401895997 39.0582575274, -84.5397504578 39.0584499361, -84.5393407088 39.0586110684, -84.5388455458 39.0587839638, -84.5374187715 39.059201651, -84.5345291469 39.0600223323, -84.5337757836 39.0602197644, -84.5330724932 39.0603707535, -84.5325813428 39.0604494948, -84.5321897645 39.0605122262, -84.5315497709 39.0606050983, -84.5309281057 39.0606547749, -84.530059196 39.0606857308, -84.5286444699 39.0607160537, -84.5281574325 39.0607591288, -84.5277320436 39.0608217743, -84.5272651808 39.0609216075, -84.5268423834 39.0610394598, -84.5264041835 39.0611936682, -84.5260005143 39.0613674463, -84.5255450576 39.061605211, -84.5252895628 39.0617626561, -84.5223795701 39.0637551434, -84.522082685 39.0640063262, -84.521778871 39.0643131701, -84.5215577847 39.0645799553, -84.5213902647 39.0648236782, -84.5212554052 39.0650518137, -84.5211220922 39.0653134588, -84.5210032104 39.0655755259, -84.5208985916 39.0658478985, -84.5207375693 39.0664153747, -84.5193386509 39.0711250807, -84.5190915545 39.071990647, -84.5187961769 39.0730240109, -84.5187541932 39.0732154853, -84.5187319959 39.0733824542, -84.518719244 39.0735739538, -84.5187224428 39.0739468171, -84.5187755205 39.0743276046, -84.5188275135 39.0745436563, -84.5189503741 39.0749218672, -84.5190402286 39.0751484656, -84.5194748589 39.0761272876, -84.5195576669 39.0762917663, -84.5199659076 39.0771031173, -84.5205657035 39.0780018161, -84.5212695891 39.0789114638, -84.521334141 39.0790102128)"
"District 06","Kenton","06-80002.00","KY","236","KY-236","RECONSTRUCTION","0.141","1.368","RECONSTRUCT KY 236 (STEVENSON ROAD) FROM ALICE STREET TO JACQUELINE DRIVE.(18CCN) (2020CCR) Kenton Co. government will allocate $250,000 to sanitary sewer and waterline relocation. The City of Erlanger up to $350,000. The City of Erlanger is es eligible t","","2018","2026","C","SPP","20000000","2030","","","","059-KY-0236-000","LINESTRING (-84.5840358144 39.0041758873, -84.5846053623 39.0041180173, -84.5850215978 39.0040976375, -84.5852324188 39.0040944747, -84.58538537 39.0041014552, -84.5855082282 39.004119948, -84.5856575087 39.0041584655, -84.5857969047 39.0042210479, -84.5859091359 39.0042880323, -84.5860553626 39.0043855483, -84.5863440218 39.0045978395, -84.5868027469 39.0049795347, -84.5870279253 39.0051791268, -84.587521028 39.0056119451, -84.5877159637 39.0057664896, -84.587874449 39.0058679658, -84.5886020339 39.0062712103, -84.5891640485 39.0065762008, -84.5893208793 39.0066713445, -84.5893950521 39.0067201104, -84.5894927517 39.0067940888, -84.5896645886 39.0069412675, -84.5897589948 39.0070231765, -84.5898696106 39.0071258329, -84.5901299048 39.0073529398, -84.5902174951 39.0074210538, -84.5905247861 39.0076801885, -84.5911898879 39.0082527571, -84.5913529001 39.0083578418, -84.5914454329 39.008402941, -84.5917275825 39.0085176893, -84.5919455409 39.0085974981, -84.5933080708 39.0090842815, -84.5935632266 39.0091707611, -84.5939483967 39.0093134066, -84.594087097 39.0093765208, -84.5942532309 39.0094626879, -84.5944492308 39.0095960908, -84.5948757352 39.0099282978, -84.5951178865 39.0101472551, -84.5951916661 39.0102212725, -84.5953490094 39.0103960324, -84.5954854581 39.0105791014, -84.5956909033 39.0109382736, -84.5957967869 39.0110960629, -84.5958812136 39.0112533716, -84.5959377412 39.0113725216, -84.5959743775 39.0115032866, -84.5960365157 39.0118901769, -84.5960942391 39.0121337103, -84.5961962731 39.0124679975, -84.5963510536 39.0128936691, -84.5964202278 39.013058791, -84.5964424679 39.0130988148, -84.5965328275 39.0132149966, -84.5967902758 39.0134689669, -84.5974068622 39.0140448736, -84.5975015993 39.0141514878, -84.5975578358 39.0142448275, -84.5975928399 39.0143011725, -84.597737269 39.0144478005, -84.5983252256 39.0149880092, -84.5992870097 39.0158796661, -84.5994536737 39.0160226614, -84.5995034193 39.0160593808)"
"District 06","Kenton","06-80002.00","KY","236","KY-236","RECONSTRUCTION","0.141","1.368","RECONSTRUCT KY 236 (STEVENSON ROAD) FROM ALICE STREET TO JACQUELINE DRIVE.(18CCN) (2020CCR) Kenton Co. government will allocate $250,000 to sanitary sewer and waterline relocation. The City of Erlanger up to $350,000. The City of Erlanger is es eligible t","","2018","2026","R","SPP","8500000","2027","","","","059-KY-0236-000","LINESTRING (-84.5840358144 39.0041758873, -84.5846053623 39.0041180173, -84.5850215978 39.0040976375, -84.5852324188 39.0040944747, -84.58538537 39.0041014552, -84.5855082282 39.004119948, -84.5856575087 39.0041584655, -84.5857969047 39.0042210479, -84.5859091359 39.0042880323, -84.5860553626 39.0043855483, -84.5863440218 39.0045978395, -84.5868027469 39.0049795347, -84.5870279253 39.0051791268, -84.587521028 39.0056119451, -84.5877159637 39.0057664896, -84.587874449 39.0058679658, -84.5886020339 39.0062712103, -84.5891640485 39.0065762008, -84.5893208793 39.0066713445, -84.5893950521 39.0067201104, -84.5894927517 39.0067940888, -84.5896645886 39.0069412675, -84.5897589948 39.0070231765, -84.5898696106 39.0071258329, -84.5901299048 39.0073529398, -84.5902174951 39.0074210538, -84.5905247861 39.0076801885, -84.5911898879 39.0082527571, -84.5913529001 39.0083578418, -84.5914454329 39.008402941, -84.5917275825 39.0085176893, -84.5919455409 39.0085974981, -84.5933080708 39.0090842815, -84.5935632266 39.0091707611, -84.5939483967 39.0093134066, -84.594087097 39.0093765208, -84.5942532309 39.0094626879, -84.5944492308 39.0095960908, -84.5948757352 39.0099282978, -84.5951178865 39.0101472551, -84.5951916661 39.0102212725, -84.5953490094 39.0103960324, -84.5954854581 39.0105791014, -84.5956909033 39.0109382736, -84.5957967869 39.0110960629, -84.5958812136 39.0112533716, -84.5959377412 39.0113725216, -84.5959743775 39.0115032866, -84.5960365157 39.0118901769, -84.5960942391 39.0121337103, -84.5961962731 39.0124679975, -84.5963510536 39.0128936691, -84.5964202278 39.013058791, -84.5964424679 39.0130988148, -84.5965328275 39.0132149966, -84.5967902758 39.0134689669, -84.5974068622 39.0140448736, -84.5975015993 39.0141514878, -84.5975578358 39.0142448275, -84.5975928399 39.0143011725, -84.597737269 39.0144478005, -84.5983252256 39.0149880092, -84.5992870097 39.0158796661, -84.5994536737 39.0160226614, -84.5995034193 39.0160593808)"
"District 06","Kenton","06-80002.00","KY","236","KY-236","RECONSTRUCTION","0.141","1.368","RECONSTRUCT KY 236 (STEVENSON ROAD) FROM ALICE STREET TO JACQUELINE DRIVE.(18CCN) (2020CCR) Kenton Co. government will allocate $250,000 to sanitary sewer and waterline relocation. The City of Erlanger up to $350,000. The City of Erlanger is es eligible t","","2018","2026","U","SPP","5500000","2029","","","","059-KY-0236-000","LINESTRING (-84.5840358144 39.0041758873, -84.5846053623 39.0041180173, -84.5850215978 39.0040976375, -84.5852324188 39.0040944747, -84.58538537 39.0041014552, -84.5855082282 39.004119948, -84.5856575087 39.0041584655, -84.5857969047 39.0042210479, -84.5859091359 39.0042880323, -84.5860553626 39.0043855483, -84.5863440218 39.0045978395, -84.5868027469 39.0049795347, -84.5870279253 39.0051791268, -84.587521028 39.0056119451, -84.5877159637 39.0057664896, -84.587874449 39.0058679658, -84.5886020339 39.0062712103, -84.5891640485 39.0065762008, -84.5893208793 39.0066713445, -84.5893950521 39.0067201104, -84.5894927517 39.0067940888, -84.5896645886 39.0069412675, -84.5897589948 39.0070231765, -84.5898696106 39.0071258329, -84.5901299048 39.0073529398, -84.5902174951 39.0074210538, -84.5905247861 39.0076801885, -84.5911898879 39.0082527571, -84.5913529001 39.0083578418, -84.5914454329 39.008402941, -84.5917275825 39.0085176893, -84.5919455409 39.0085974981, -84.5933080708 39.0090842815, -84.5935632266 39.0091707611, -84.5939483967 39.0093134066, -84.594087097 39.0093765208, -84.5942532309 39.0094626879, -84.5944492308 39.0095960908, -84.5948757352 39.0099282978, -84.5951178865 39.0101472551, -84.5951916661 39.0102212725, -84.5953490094 39.0103960324, -84.5954854581 39.0105791014, -84.5956909033 39.0109382736, -84.5957967869 39.0110960629, -84.5958812136 39.0112533716, -84.5959377412 39.0113725216, -84.5959743775 39.0115032866, -84.5960365157 39.0118901769, -84.5960942391 39.0121337103, -84.5961962731 39.0124679975, -84.5963510536 39.0128936691, -84.5964202278 39.013058791, -84.5964424679 39.0130988148, -84.5965328275 39.0132149966, -84.5967902758 39.0134689669, -84.5974068622 39.0140448736, -84.5975015993 39.0141514878, -84.5975578358 39.0142448275, -84.5975928399 39.0143011725, -84.597737269 39.0144478005, -84.5983252256 39.0149880092, -84.5992870097 39.0158796661, -84.5994536737 39.0160226614, -84.5995034193 39.0160593808)"
"District 06","Kenton","06-80105.00","KY","2373","KY-2373","MINOR WIDENING(O)","0.0","0.804","WIDEN KENTON LANDS ROAD FROM US 25 TO RIGGS ROAD (2020CCN) (2022CCR) (2024CCR)","","2020","2026","R","NH","18600000","2030","","","","059-KY-2373-000","LINESTRING (-84.5891242919 39.0210755917, -84.5893884943 39.0216124263, -84.5899274311 39.0226444637, -84.5901758784 39.0231105841, -84.5903131905 39.0233285339, -84.590390022 39.0234325087, -84.5904718582 39.0235315907, -84.590646018 39.0237122839, -84.5907341084 39.0237944026, -84.590908829 39.0239399592, -84.5912122692 39.0241581447, -84.5915996312 39.0243889472, -84.5917989046 39.0244957539, -84.592959368 39.0250698056, -84.5931068765 39.0251563419, -84.593242623 39.0252520984, -84.5933662523 39.0253573478, -84.5934774254 39.0254712617, -84.5935779539 39.0255905635, -84.5936628854 39.0257168526, -84.5936796188 39.0257491367, -84.5937761398 39.0259878274, -84.5938104642 39.0261314732, -84.593833443 39.0262802252, -84.5938374718 39.0264254992, -84.5938239905 39.026565114, -84.5937961552 39.0266999223, -84.5937339713 39.0268698153, -84.5936486567 39.0270334448, -84.5935658126 39.0271523467, -84.5934647972 39.0272850747, -84.5927789216 39.0281399713, -84.5926844413 39.0282820965, -84.5925881535 39.0284936648, -84.5925640076 39.0285733244, -84.5925505244 39.0286464975, -84.5925407574 39.0287515549, -84.5925359609 39.0289867951, -84.5925466155 39.0290915006, -84.5925610339 39.0291808679, -84.5925978988 39.0293195965, -84.5926320437 39.0294080564, -84.5927609837 39.0296445904, -84.5928212244 39.0297300079, -84.5932569762 39.0302846888, -84.5933309157 39.0303941242, -84.5933747426 39.0304714208, -84.5934142418 39.0305552646, -84.5934603002 39.0306693728, -84.5934930467 39.0307795078, -84.5935133618 39.0308744225)"
"District 06","Kenton","06-80105.00","KY","2373","KY-2373","MINOR WIDENING(O)","0.0","0.804","WIDEN KENTON LANDS ROAD FROM US 25 TO RIGGS ROAD (2020CCN) (2022CCR) (2024CCR)","","2020","2026","C","NH","30000000","2032","","","","059-KY-2373-000","LINESTRING (-84.5891242919 39.0210755917, -84.5893884943 39.0216124263, -84.5899274311 39.0226444637, -84.5901758784 39.0231105841, -84.5903131905 39.0233285339, -84.590390022 39.0234325087, -84.5904718582 39.0235315907, -84.590646018 39.0237122839, -84.5907341084 39.0237944026, -84.590908829 39.0239399592, -84.5912122692 39.0241581447, -84.5915996312 39.0243889472, -84.5917989046 39.0244957539, -84.592959368 39.0250698056, -84.5931068765 39.0251563419, -84.593242623 39.0252520984, -84.5933662523 39.0253573478, -84.5934774254 39.0254712617, -84.5935779539 39.0255905635, -84.5936628854 39.0257168526, -84.5936796188 39.0257491367, -84.5937761398 39.0259878274, -84.5938104642 39.0261314732, -84.593833443 39.0262802252, -84.5938374718 39.0264254992, -84.5938239905 39.026565114, -84.5937961552 39.0266999223, -84.5937339713 39.0268698153, -84.5936486567 39.0270334448, -84.5935658126 39.0271523467, -84.5934647972 39.0272850747, -84.5927789216 39.0281399713, -84.5926844413 39.0282820965, -84.5925881535 39.0284936648, -84.5925640076 39.0285733244, -84.5925505244 39.0286464975, -84.5925407574 39.0287515549, -84.5925359609 39.0289867951, -84.5925466155 39.0290915006, -84.5925610339 39.0291808679, -84.5925978988 39.0293195965, -84.5926320437 39.0294080564, -84.5927609837 39.0296445904, -84.5928212244 39.0297300079, -84.5932569762 39.0302846888, -84.5933309157 39.0303941242, -84.5933747426 39.0304714208, -84.5934142418 39.0305552646, -84.5934603002 39.0306693728, -84.5934930467 39.0307795078, -84.5935133618 39.0308744225)"
"District 06","Kenton","06-80105.00","KY","2373","KY-2373","MINOR WIDENING(O)","0.0","0.804","WIDEN KENTON LANDS ROAD FROM US 25 TO RIGGS ROAD (2020CCN) (2022CCR) (2024CCR)","","2020","2026","U","NH","5600000","2031","","","","059-KY-2373-000","LINESTRING (-84.5891242919 39.0210755917, -84.5893884943 39.0216124263, -84.5899274311 39.0226444637, -84.5901758784 39.0231105841, -84.5903131905 39.0233285339, -84.590390022 39.0234325087, -84.5904718582 39.0235315907, -84.590646018 39.0237122839, -84.5907341084 39.0237944026, -84.590908829 39.0239399592, -84.5912122692 39.0241581447, -84.5915996312 39.0243889472, -84.5917989046 39.0244957539, -84.592959368 39.0250698056, -84.5931068765 39.0251563419, -84.593242623 39.0252520984, -84.5933662523 39.0253573478, -84.5934774254 39.0254712617, -84.5935779539 39.0255905635, -84.5936628854 39.0257168526, -84.5936796188 39.0257491367, -84.5937761398 39.0259878274, -84.5938104642 39.0261314732, -84.593833443 39.0262802252, -84.5938374718 39.0264254992, -84.5938239905 39.026565114, -84.5937961552 39.0266999223, -84.5937339713 39.0268698153, -84.5936486567 39.0270334448, -84.5935658126 39.0271523467, -84.5934647972 39.0272850747, -84.5927789216 39.0281399713, -84.5926844413 39.0282820965, -84.5925881535 39.0284936648, -84.5925640076 39.0285733244, -84.5925505244 39.0286464975, -84.5925407574 39.0287515549, -84.5925359609 39.0289867951, -84.5925466155 39.0290915006, -84.5925610339 39.0291808679, -84.5925978988 39.0293195965, -84.5926320437 39.0294080564, -84.5927609837 39.0296445904, -84.5928212244 39.0297300079, -84.5932569762 39.0302846888, -84.5933309157 39.0303941242, -84.5933747426 39.0304714208, -84.5934142418 39.0305552646, -84.5934603002 39.0306693728, -84.5934930467 39.0307795078, -84.5935133618 39.0308744225)"
"District 06","Kenton","06-80105.00","KY","2373","KY-2373","MINOR WIDENING(O)","0.0","0.804","WIDEN KENTON LANDS ROAD FROM US 25 TO RIGGS ROAD (2020CCN) (2022CCR) (2024CCR)","","2020","2026","D","NH","3360000","2029","","","","059-KY-2373-000","LINESTRING (-84.5891242919 39.0210755917, -84.5893884943 39.0216124263, -84.5899274311 39.0226444637, -84.5901758784 39.0231105841, -84.5903131905 39.0233285339, -84.590390022 39.0234325087, -84.5904718582 39.0235315907, -84.590646018 39.0237122839, -84.5907341084 39.0237944026, -84.590908829 39.0239399592, -84.5912122692 39.0241581447, -84.5915996312 39.0243889472, -84.5917989046 39.0244957539, -84.592959368 39.0250698056, -84.5931068765 39.0251563419, -84.593242623 39.0252520984, -84.5933662523 39.0253573478, -84.5934774254 39.0254712617, -84.5935779539 39.0255905635, -84.5936628854 39.0257168526, -84.5936796188 39.0257491367, -84.5937761398 39.0259878274, -84.5938104642 39.0261314732, -84.593833443 39.0262802252, -84.5938374718 39.0264254992, -84.5938239905 39.026565114, -84.5937961552 39.0266999223, -84.5937339713 39.0268698153, -84.5936486567 39.0270334448, -84.5935658126 39.0271523467, -84.5934647972 39.0272850747, -84.5927789216 39.0281399713, -84.5926844413 39.0282820965, -84.5925881535 39.0284936648, -84.5925640076 39.0285733244, -84.5925505244 39.0286464975, -84.5925407574 39.0287515549, -84.5925359609 39.0289867951, -84.5925466155 39.0290915006, -84.5925610339 39.0291808679, -84.5925978988 39.0293195965, -84.5926320437 39.0294080564, -84.5927609837 39.0296445904, -84.5928212244 39.0297300079, -84.5932569762 39.0302846888, -84.5933309157 39.0303941242, -84.5933747426 39.0304714208, -84.5934142418 39.0305552646, -84.5934603002 39.0306693728, -84.5934930467 39.0307795078, -84.5935133618 39.0308744225)"
"District 06","Kenton","06-80203.10","KY","536","KY-536","RECONSTRUCTION(O)","6.084","7.378","Reconstruct KY 536 from KY 16 to Staffordsburg Road. (2024BOP)","","2026","2026","C","STP2","18000000","2030","","","","059-KY-0536-000","LINESTRING (-84.5141044657 38.9232659637, -84.5140576302 38.9232727656, -84.5138844217 38.9233099619, -84.5129815892 38.9235510194, -84.5129303421 38.9235469196, -84.512879281 38.9235318383, -84.5126924101 38.9234005832, -84.5124361504 38.9232573512, -84.5123290683 38.9231881503, -84.5122197603 38.9231051971, -84.5116042329 38.9225927947, -84.5115205048 38.9225144993, -84.5114575907 38.9224317516, -84.5114214207 38.9223470856, -84.5114084816 38.922260463, -84.5114113902 38.9221720837, -84.5114370514 38.9220271046, -84.5115321177 38.9216447971, -84.5115651145 38.9214817732, -84.5115921805 38.9212747574, -84.5115912349 38.9212269727, -84.5115755781 38.9211348314, -84.5115366059 38.9210495869, -84.5115060537 38.9210067126, -84.5114371759 38.9209233543, -84.511396377 38.9208836679, -84.5112063545 38.9207109179, -84.5103607507 38.9199855306, -84.5101789108 38.9198485572, -84.5099237733 38.9196817184, -84.5084415234 38.9188426247, -84.5065145043 38.9177891147, -84.5059482573 38.9174831181, -84.5052773526 38.9171318231, -84.5050677372 38.917017066, -84.5045044547 38.9167028562, -84.5043538509 38.9166106792, -84.5042353784 38.9165303681, -84.5041139693 38.9164368476, -84.5040232238 38.916358748, -84.5039349901 38.916277655, -84.5037625489 38.9161061739, -84.5034174245 38.9157363012, -84.502728744 38.9149465976, -84.5026110933 38.9148185193, -84.502443099 38.9146544963, -84.5021630536 38.9144050101, -84.5016830185 38.9140131302, -84.5011356321 38.9135527256, -84.5008337333 38.9133074008, -84.5000988758 38.9127338313, -84.4990384331 38.9119654741, -84.4985196814 38.9115789411, -84.4980122221 38.9111900521, -84.4979256337 38.9111367021, -84.4978885968 38.9111242329, -84.4978302189 38.9111266414, -84.4977392934 38.9111416127, -84.497712864 38.9111526846)"
"District 06","Kenton","06-80203.10","KY","536","KY-536","RECONSTRUCTION(O)","6.084","7.378","Reconstruct KY 536 from KY 16 to Staffordsburg Road. (2024BOP)","","2026","2026","R","STP2","9200000","2026","","","","059-KY-0536-000","LINESTRING (-84.5141044657 38.9232659637, -84.5140576302 38.9232727656, -84.5138844217 38.9233099619, -84.5129815892 38.9235510194, -84.5129303421 38.9235469196, -84.512879281 38.9235318383, -84.5126924101 38.9234005832, -84.5124361504 38.9232573512, -84.5123290683 38.9231881503, -84.5122197603 38.9231051971, -84.5116042329 38.9225927947, -84.5115205048 38.9225144993, -84.5114575907 38.9224317516, -84.5114214207 38.9223470856, -84.5114084816 38.922260463, -84.5114113902 38.9221720837, -84.5114370514 38.9220271046, -84.5115321177 38.9216447971, -84.5115651145 38.9214817732, -84.5115921805 38.9212747574, -84.5115912349 38.9212269727, -84.5115755781 38.9211348314, -84.5115366059 38.9210495869, -84.5115060537 38.9210067126, -84.5114371759 38.9209233543, -84.511396377 38.9208836679, -84.5112063545 38.9207109179, -84.5103607507 38.9199855306, -84.5101789108 38.9198485572, -84.5099237733 38.9196817184, -84.5084415234 38.9188426247, -84.5065145043 38.9177891147, -84.5059482573 38.9174831181, -84.5052773526 38.9171318231, -84.5050677372 38.917017066, -84.5045044547 38.9167028562, -84.5043538509 38.9166106792, -84.5042353784 38.9165303681, -84.5041139693 38.9164368476, -84.5040232238 38.916358748, -84.5039349901 38.916277655, -84.5037625489 38.9161061739, -84.5034174245 38.9157363012, -84.502728744 38.9149465976, -84.5026110933 38.9148185193, -84.502443099 38.9146544963, -84.5021630536 38.9144050101, -84.5016830185 38.9140131302, -84.5011356321 38.9135527256, -84.5008337333 38.9133074008, -84.5000988758 38.9127338313, -84.4990384331 38.9119654741, -84.4985196814 38.9115789411, -84.4980122221 38.9111900521, -84.4979256337 38.9111367021, -84.4978885968 38.9111242329, -84.4978302189 38.9111266414, -84.4977392934 38.9111416127, -84.497712864 38.9111526846)"
"District 06","Kenton","06-80203.10","KY","536","KY-536","RECONSTRUCTION(O)","6.084","7.378","Reconstruct KY 536 from KY 16 to Staffordsburg Road. (2024BOP)","","2026","2026","U","STP2","5600000","2029","","","","059-KY-0536-000","LINESTRING (-84.5141044657 38.9232659637, -84.5140576302 38.9232727656, -84.5138844217 38.9233099619, -84.5129815892 38.9235510194, -84.5129303421 38.9235469196, -84.512879281 38.9235318383, -84.5126924101 38.9234005832, -84.5124361504 38.9232573512, -84.5123290683 38.9231881503, -84.5122197603 38.9231051971, -84.5116042329 38.9225927947, -84.5115205048 38.9225144993, -84.5114575907 38.9224317516, -84.5114214207 38.9223470856, -84.5114084816 38.922260463, -84.5114113902 38.9221720837, -84.5114370514 38.9220271046, -84.5115321177 38.9216447971, -84.5115651145 38.9214817732, -84.5115921805 38.9212747574, -84.5115912349 38.9212269727, -84.5115755781 38.9211348314, -84.5115366059 38.9210495869, -84.5115060537 38.9210067126, -84.5114371759 38.9209233543, -84.511396377 38.9208836679, -84.5112063545 38.9207109179, -84.5103607507 38.9199855306, -84.5101789108 38.9198485572, -84.5099237733 38.9196817184, -84.5084415234 38.9188426247, -84.5065145043 38.9177891147, -84.5059482573 38.9174831181, -84.5052773526 38.9171318231, -84.5050677372 38.917017066, -84.5045044547 38.9167028562, -84.5043538509 38.9166106792, -84.5042353784 38.9165303681, -84.5041139693 38.9164368476, -84.5040232238 38.916358748, -84.5039349901 38.916277655, -84.5037625489 38.9161061739, -84.5034174245 38.9157363012, -84.502728744 38.9149465976, -84.5026110933 38.9148185193, -84.502443099 38.9146544963, -84.5021630536 38.9144050101, -84.5016830185 38.9140131302, -84.5011356321 38.9135527256, -84.5008337333 38.9133074008, -84.5000988758 38.9127338313, -84.4990384331 38.9119654741, -84.4985196814 38.9115789411, -84.4980122221 38.9111900521, -84.4979256337 38.9111367021, -84.4978885968 38.9111242329, -84.4978302189 38.9111266414, -84.4977392934 38.9111416127, -84.497712864 38.9111526846)"
"District 06","Kenton","06-80203.20","KY","536","KY-536","RECONSTRUCTION(O)","7.378","10.241","Reconstruct KY 536 from Staffordsburg Road to KY 177. (2024BOP)","","2026","2026","U","STP2","6160000","2030","","","","059-KY-0536-000","MULTILINESTRING ((-84.497712864 38.9111526846, -84.4976996492 38.9111582205, -84.4976545261 38.9111868515, -84.4965731072 38.9119684572, -84.4964671443 38.9120403799, -84.4963755674 38.9120932339, -84.4963008202 38.9121278682, -84.4962054366 38.9121567953, -84.496139523 38.9121681843, -84.4960529546 38.9121749628, -84.4959753262 38.912172775, -84.4959087271 38.9121627407, -84.4958223122 38.9121401428, -84.4957503983 38.912112205, -84.495669993 38.9120671559, -84.4955092148 38.9119548165, -84.4947467424 38.9113553878, -84.494123566 38.9108510467, -84.493346122 38.9102448615, -84.493181528 38.9101300078, -84.4930647027 38.9100573909, -84.4929407653 38.9099896412, -84.49224653 38.9096945857, -84.4912656394 38.9092515341, -84.4909653382 38.9091201457, -84.4908390599 38.9090660972, -84.4905494299 38.908968043, -84.4904700523 38.9089452405, -84.4902250466 38.9088882918, -84.4893513978 38.908707194, -84.4890805926 38.908658757, -84.4889656024 38.9086429912, -84.4887739983 38.9086275144, -84.4886423129 38.9086220052, -84.4883888762 38.9086259177, -84.4882126748 38.9086342158, -84.4880479199 38.9086511452, -84.4867376326 38.9088665568, -84.4864215342 38.9089173031, -84.4862431378 38.9089305168, -84.4861645202 38.9089247433, -84.4860856758 38.9089118279, -84.4860146379 38.9088946023, -84.4858426541 38.9088419862, -84.4855645589 38.9087478864, -84.4854008432 38.9086846493, -84.4852363588 38.9086049305, -84.4845847216 38.908186451, -84.4836960243 38.9076388783, -84.483330133 38.9074408786, -84.4832248379 38.9073930844, -84.483134042 38.9073602723, -84.4830102541 38.9073251869, -84.482838577 38.9072956339, -84.4826578316 38.9072824588, -84.4824681214 38.9072796221, -84.4822014745 38.9072957368, -84.4814071603 38.907384225, -84.4809508707 38.9074136985, -84.479587755 38.907474438, -84.4791417331 38.9074793026, -84.4784260136 38.9074736068, -84.4781492432 38.9074857609, -84.4779018716 38.907504817, -84.477762379 38.9075239237, -84.4774271167 38.9075854249, -84.4768945935 38.9076939699, -84.4751752061 38.9078513526, -84.4742492769 38.907929602, -84.4731298436 38.9079805161, -84.4725842583 38.9079917046, -84.4724026416 38.9079881151, -84.4721438878 38.9079746381, -84.4714057785 38.9079027643, -84.4709097102 38.9078356748, -84.470765717 38.9078107943, -84.4706596688 38.90778632, -84.4705331996 38.9077440539, -84.470457512 38.9077116677, -84.4703387685 38.9076497158, -84.4702421506 38.9075885503, -84.4700040163 38.9074215314, -84.4696309989 38.9071512017, -84.4695719266 38.907113227, -84.4693720261 38.9070103169, -84.4692548244 38.9069607358, -84.4691409385 38.9069224477, -84.4688128673 38.9068343621, -84.467966058 38.9066300559, -84.4672442979 38.9064688224, -84.4668186445 38.9063947833, -84.4665345936 38.9063615285, -84.466241555 38.9063397088, -84.4656279361 38.9063037322, -84.4640810058 38.9060476618, -84.4638158852 38.9060170754, -84.4636295348 38.9060032621, -84.4633615964 38.9059929622, -84.462083657 38.9059668321, -84.4618020949 38.9059519892, -84.4616555543 38.9059523299, -84.4614689736 38.9059714594, -84.4613754772 38.9059926907, -84.4612702012 38.9060242282, -84.461127619 38.9060789762, -84.4609865302 38.9061485666, -84.460842696 38.9062343274, -84.4604215722 38.9065205497, -84.460137567 38.9067231355, -84.4592482472 38.9073930855, -84.4590738529 38.9075175021, -84.4589305859 38.9076106806, -84.4588184435 38.9076726189, -84.4587224658 38.907714688, -84.4585617492 38.9077612744, -84.4582825373 38.9078315652, -84.4581062252 38.9078856699, -84.4580386511 38.9079112976, -84.4577987477 38.9080240209, -84.4576584293 38.9081092665, -84.4573890348 38.9082996483, -84.456659539 38.9088521462, -84.4563909893 38.9090738352, -84.4562134843 38.9092344573, -84.4560676108 38.9093751041, -84.4559901936 38.9094602048, -84.4559375125 38.9095376122, -84.4559124207 38.909585115, -84.4558914247 38.9096395265, -84.4558688476 38.9097235748, -84.4558276076 38.9099285055, -84.455778289 38.9100342295, -84.4557315165 38.9100955004, -84.4556703383 38.9101566154, -84.4554923708 38.910303503, -84.4554078765 38.9103912732, -84.4551372208 38.9107310011, -84.4550810578 38.9107866785, -84.4548996865 38.9109272129, -84.4540533999 38.9114441071, -84.453449955 38.9118219542, -84.4517249159 38.912919612), (-84.4524540042 38.9196017393, -84.4522737546 38.9196324063))"
"District 06","Kenton","06-80203.20","KY","536","KY-536","RECONSTRUCTION(O)","7.378","10.241","Reconstruct KY 536 from Staffordsburg Road to KY 177. (2024BOP)","","2026","2026","R","STP2","15530000","2029","","","","059-KY-0536-000","MULTILINESTRING ((-84.497712864 38.9111526846, -84.4976996492 38.9111582205, -84.4976545261 38.9111868515, -84.4965731072 38.9119684572, -84.4964671443 38.9120403799, -84.4963755674 38.9120932339, -84.4963008202 38.9121278682, -84.4962054366 38.9121567953, -84.496139523 38.9121681843, -84.4960529546 38.9121749628, -84.4959753262 38.912172775, -84.4959087271 38.9121627407, -84.4958223122 38.9121401428, -84.4957503983 38.912112205, -84.495669993 38.9120671559, -84.4955092148 38.9119548165, -84.4947467424 38.9113553878, -84.494123566 38.9108510467, -84.493346122 38.9102448615, -84.493181528 38.9101300078, -84.4930647027 38.9100573909, -84.4929407653 38.9099896412, -84.49224653 38.9096945857, -84.4912656394 38.9092515341, -84.4909653382 38.9091201457, -84.4908390599 38.9090660972, -84.4905494299 38.908968043, -84.4904700523 38.9089452405, -84.4902250466 38.9088882918, -84.4893513978 38.908707194, -84.4890805926 38.908658757, -84.4889656024 38.9086429912, -84.4887739983 38.9086275144, -84.4886423129 38.9086220052, -84.4883888762 38.9086259177, -84.4882126748 38.9086342158, -84.4880479199 38.9086511452, -84.4867376326 38.9088665568, -84.4864215342 38.9089173031, -84.4862431378 38.9089305168, -84.4861645202 38.9089247433, -84.4860856758 38.9089118279, -84.4860146379 38.9088946023, -84.4858426541 38.9088419862, -84.4855645589 38.9087478864, -84.4854008432 38.9086846493, -84.4852363588 38.9086049305, -84.4845847216 38.908186451, -84.4836960243 38.9076388783, -84.483330133 38.9074408786, -84.4832248379 38.9073930844, -84.483134042 38.9073602723, -84.4830102541 38.9073251869, -84.482838577 38.9072956339, -84.4826578316 38.9072824588, -84.4824681214 38.9072796221, -84.4822014745 38.9072957368, -84.4814071603 38.907384225, -84.4809508707 38.9074136985, -84.479587755 38.907474438, -84.4791417331 38.9074793026, -84.4784260136 38.9074736068, -84.4781492432 38.9074857609, -84.4779018716 38.907504817, -84.477762379 38.9075239237, -84.4774271167 38.9075854249, -84.4768945935 38.9076939699, -84.4751752061 38.9078513526, -84.4742492769 38.907929602, -84.4731298436 38.9079805161, -84.4725842583 38.9079917046, -84.4724026416 38.9079881151, -84.4721438878 38.9079746381, -84.4714057785 38.9079027643, -84.4709097102 38.9078356748, -84.470765717 38.9078107943, -84.4706596688 38.90778632, -84.4705331996 38.9077440539, -84.470457512 38.9077116677, -84.4703387685 38.9076497158, -84.4702421506 38.9075885503, -84.4700040163 38.9074215314, -84.4696309989 38.9071512017, -84.4695719266 38.907113227, -84.4693720261 38.9070103169, -84.4692548244 38.9069607358, -84.4691409385 38.9069224477, -84.4688128673 38.9068343621, -84.467966058 38.9066300559, -84.4672442979 38.9064688224, -84.4668186445 38.9063947833, -84.4665345936 38.9063615285, -84.466241555 38.9063397088, -84.4656279361 38.9063037322, -84.4640810058 38.9060476618, -84.4638158852 38.9060170754, -84.4636295348 38.9060032621, -84.4633615964 38.9059929622, -84.462083657 38.9059668321, -84.4618020949 38.9059519892, -84.4616555543 38.9059523299, -84.4614689736 38.9059714594, -84.4613754772 38.9059926907, -84.4612702012 38.9060242282, -84.461127619 38.9060789762, -84.4609865302 38.9061485666, -84.460842696 38.9062343274, -84.4604215722 38.9065205497, -84.460137567 38.9067231355, -84.4592482472 38.9073930855, -84.4590738529 38.9075175021, -84.4589305859 38.9076106806, -84.4588184435 38.9076726189, -84.4587224658 38.907714688, -84.4585617492 38.9077612744, -84.4582825373 38.9078315652, -84.4581062252 38.9078856699, -84.4580386511 38.9079112976, -84.4577987477 38.9080240209, -84.4576584293 38.9081092665, -84.4573890348 38.9082996483, -84.456659539 38.9088521462, -84.4563909893 38.9090738352, -84.4562134843 38.9092344573, -84.4560676108 38.9093751041, -84.4559901936 38.9094602048, -84.4559375125 38.9095376122, -84.4559124207 38.909585115, -84.4558914247 38.9096395265, -84.4558688476 38.9097235748, -84.4558276076 38.9099285055, -84.455778289 38.9100342295, -84.4557315165 38.9100955004, -84.4556703383 38.9101566154, -84.4554923708 38.910303503, -84.4554078765 38.9103912732, -84.4551372208 38.9107310011, -84.4550810578 38.9107866785, -84.4548996865 38.9109272129, -84.4540533999 38.9114441071, -84.453449955 38.9118219542, -84.4517249159 38.912919612), (-84.4524540042 38.9196017393, -84.4522737546 38.9196324063))"
"District 06","Kenton","06-80203.20","KY","536","KY-536","RECONSTRUCTION(O)","7.378","10.241","Reconstruct KY 536 from Staffordsburg Road to KY 177. (2024BOP)","","2026","2026","C","SPP","60000000","2031","","","","059-KY-0536-000","MULTILINESTRING ((-84.497712864 38.9111526846, -84.4976996492 38.9111582205, -84.4976545261 38.9111868515, -84.4965731072 38.9119684572, -84.4964671443 38.9120403799, -84.4963755674 38.9120932339, -84.4963008202 38.9121278682, -84.4962054366 38.9121567953, -84.496139523 38.9121681843, -84.4960529546 38.9121749628, -84.4959753262 38.912172775, -84.4959087271 38.9121627407, -84.4958223122 38.9121401428, -84.4957503983 38.912112205, -84.495669993 38.9120671559, -84.4955092148 38.9119548165, -84.4947467424 38.9113553878, -84.494123566 38.9108510467, -84.493346122 38.9102448615, -84.493181528 38.9101300078, -84.4930647027 38.9100573909, -84.4929407653 38.9099896412, -84.49224653 38.9096945857, -84.4912656394 38.9092515341, -84.4909653382 38.9091201457, -84.4908390599 38.9090660972, -84.4905494299 38.908968043, -84.4904700523 38.9089452405, -84.4902250466 38.9088882918, -84.4893513978 38.908707194, -84.4890805926 38.908658757, -84.4889656024 38.9086429912, -84.4887739983 38.9086275144, -84.4886423129 38.9086220052, -84.4883888762 38.9086259177, -84.4882126748 38.9086342158, -84.4880479199 38.9086511452, -84.4867376326 38.9088665568, -84.4864215342 38.9089173031, -84.4862431378 38.9089305168, -84.4861645202 38.9089247433, -84.4860856758 38.9089118279, -84.4860146379 38.9088946023, -84.4858426541 38.9088419862, -84.4855645589 38.9087478864, -84.4854008432 38.9086846493, -84.4852363588 38.9086049305, -84.4845847216 38.908186451, -84.4836960243 38.9076388783, -84.483330133 38.9074408786, -84.4832248379 38.9073930844, -84.483134042 38.9073602723, -84.4830102541 38.9073251869, -84.482838577 38.9072956339, -84.4826578316 38.9072824588, -84.4824681214 38.9072796221, -84.4822014745 38.9072957368, -84.4814071603 38.907384225, -84.4809508707 38.9074136985, -84.479587755 38.907474438, -84.4791417331 38.9074793026, -84.4784260136 38.9074736068, -84.4781492432 38.9074857609, -84.4779018716 38.907504817, -84.477762379 38.9075239237, -84.4774271167 38.9075854249, -84.4768945935 38.9076939699, -84.4751752061 38.9078513526, -84.4742492769 38.907929602, -84.4731298436 38.9079805161, -84.4725842583 38.9079917046, -84.4724026416 38.9079881151, -84.4721438878 38.9079746381, -84.4714057785 38.9079027643, -84.4709097102 38.9078356748, -84.470765717 38.9078107943, -84.4706596688 38.90778632, -84.4705331996 38.9077440539, -84.470457512 38.9077116677, -84.4703387685 38.9076497158, -84.4702421506 38.9075885503, -84.4700040163 38.9074215314, -84.4696309989 38.9071512017, -84.4695719266 38.907113227, -84.4693720261 38.9070103169, -84.4692548244 38.9069607358, -84.4691409385 38.9069224477, -84.4688128673 38.9068343621, -84.467966058 38.9066300559, -84.4672442979 38.9064688224, -84.4668186445 38.9063947833, -84.4665345936 38.9063615285, -84.466241555 38.9063397088, -84.4656279361 38.9063037322, -84.4640810058 38.9060476618, -84.4638158852 38.9060170754, -84.4636295348 38.9060032621, -84.4633615964 38.9059929622, -84.462083657 38.9059668321, -84.4618020949 38.9059519892, -84.4616555543 38.9059523299, -84.4614689736 38.9059714594, -84.4613754772 38.9059926907, -84.4612702012 38.9060242282, -84.461127619 38.9060789762, -84.4609865302 38.9061485666, -84.460842696 38.9062343274, -84.4604215722 38.9065205497, -84.460137567 38.9067231355, -84.4592482472 38.9073930855, -84.4590738529 38.9075175021, -84.4589305859 38.9076106806, -84.4588184435 38.9076726189, -84.4587224658 38.907714688, -84.4585617492 38.9077612744, -84.4582825373 38.9078315652, -84.4581062252 38.9078856699, -84.4580386511 38.9079112976, -84.4577987477 38.9080240209, -84.4576584293 38.9081092665, -84.4573890348 38.9082996483, -84.456659539 38.9088521462, -84.4563909893 38.9090738352, -84.4562134843 38.9092344573, -84.4560676108 38.9093751041, -84.4559901936 38.9094602048, -84.4559375125 38.9095376122, -84.4559124207 38.909585115, -84.4558914247 38.9096395265, -84.4558688476 38.9097235748, -84.4558276076 38.9099285055, -84.455778289 38.9100342295, -84.4557315165 38.9100955004, -84.4556703383 38.9101566154, -84.4554923708 38.910303503, -84.4554078765 38.9103912732, -84.4551372208 38.9107310011, -84.4550810578 38.9107866785, -84.4548996865 38.9109272129, -84.4540533999 38.9114441071, -84.453449955 38.9118219542, -84.4517249159 38.912919612), (-84.4524540042 38.9196017393, -84.4522737546 38.9196324063))"
"District 06","Kenton","06-80217.00","KY","536","KY-536","CONGESTION MITIGTN(O)","4.6","6.06","Provide connectivity, improve mobility, and reduce congestion along KY 536 from KY 17 to KY 16; include multi-modes. (2022CCN) (2024CCR)","","2022","2026","R","SPP","6830000","2029","","","","059-KY-0536-000","LINESTRING (-84.5418208103 38.9277112017, -84.5416573777 38.9276848381, -84.5398213042 38.9273354043, -84.5391910768 38.9272288029, -84.5369943266 38.9269253651, -84.5365782769 38.9268755622, -84.5361462999 38.9268536019, -84.5348236194 38.9268107774, -84.5335857027 38.9267649568, -84.533205547 38.9267550447, -84.532618658 38.9267482422, -84.5312549293 38.9267851318, -84.5308271735 38.9268260699, -84.5293657017 38.9270113034, -84.5290495891 38.9270390985, -84.528603786 38.9270661163, -84.5281374771 38.9270791945, -84.5280078604 38.9270740249, -84.5278019672 38.9270688984, -84.5275280922 38.9270512698, -84.5272951006 38.9270271951, -84.5260163372 38.9268600702, -84.525795807 38.9268265095, -84.5255951058 38.9267843663, -84.5254540487 38.9267488749, -84.5252519778 38.9266836537, -84.5250155582 38.9265917219, -84.5246967204 38.9264470519, -84.5244942028 38.9263667233, -84.5243424914 38.9263168444, -84.5242172549 38.9262812379, -84.524020121 38.9262361093, -84.5237773006 38.9261905103, -84.5230516129 38.9260770776, -84.5227144433 38.9260195248, -84.5223784666 38.9259537472, -84.5222349013 38.9259212458, -84.522106174 38.9258842294, -84.5219506464 38.9258315618, -84.5218155897 38.9257738877, -84.5217159586 38.9257206962, -84.5216057799 38.9256468041, -84.521357333 38.9254347566, -84.5211881352 38.9252756907, -84.5208243831 38.9249188594, -84.520523385 38.9246134661, -84.519616014 38.9236244775, -84.5194549808 38.9234402339, -84.5192168257 38.9231398776, -84.518835943 38.9226123585, -84.5187457957 38.9224974845, -84.5181259266 38.9217613006, -84.51804879 38.9216877454, -84.5179068532 38.9215802995, -84.5178779734 38.9215629787)"
"District 06","Kenton","06-80217.00","KY","536","KY-536","CONGESTION MITIGTN(O)","4.6","6.06","Provide connectivity, improve mobility, and reduce congestion along KY 536 from KY 17 to KY 16; include multi-modes. (2022CCN) (2024CCR)","","2022","2026","C","SPP","34800000","2030","","","","059-KY-0536-000","LINESTRING (-84.5418208103 38.9277112017, -84.5416573777 38.9276848381, -84.5398213042 38.9273354043, -84.5391910768 38.9272288029, -84.5369943266 38.9269253651, -84.5365782769 38.9268755622, -84.5361462999 38.9268536019, -84.5348236194 38.9268107774, -84.5335857027 38.9267649568, -84.533205547 38.9267550447, -84.532618658 38.9267482422, -84.5312549293 38.9267851318, -84.5308271735 38.9268260699, -84.5293657017 38.9270113034, -84.5290495891 38.9270390985, -84.528603786 38.9270661163, -84.5281374771 38.9270791945, -84.5280078604 38.9270740249, -84.5278019672 38.9270688984, -84.5275280922 38.9270512698, -84.5272951006 38.9270271951, -84.5260163372 38.9268600702, -84.525795807 38.9268265095, -84.5255951058 38.9267843663, -84.5254540487 38.9267488749, -84.5252519778 38.9266836537, -84.5250155582 38.9265917219, -84.5246967204 38.9264470519, -84.5244942028 38.9263667233, -84.5243424914 38.9263168444, -84.5242172549 38.9262812379, -84.524020121 38.9262361093, -84.5237773006 38.9261905103, -84.5230516129 38.9260770776, -84.5227144433 38.9260195248, -84.5223784666 38.9259537472, -84.5222349013 38.9259212458, -84.522106174 38.9258842294, -84.5219506464 38.9258315618, -84.5218155897 38.9257738877, -84.5217159586 38.9257206962, -84.5216057799 38.9256468041, -84.521357333 38.9254347566, -84.5211881352 38.9252756907, -84.5208243831 38.9249188594, -84.520523385 38.9246134661, -84.519616014 38.9236244775, -84.5194549808 38.9234402339, -84.5192168257 38.9231398776, -84.518835943 38.9226123585, -84.5187457957 38.9224974845, -84.5181259266 38.9217613006, -84.51804879 38.9216877454, -84.5179068532 38.9215802995, -84.5178779734 38.9215629787)"
"District 06","Kenton","06-80217.00","KY","536","KY-536","CONGESTION MITIGTN(O)","4.6","6.06","Provide connectivity, improve mobility, and reduce congestion along KY 536 from KY 17 to KY 16; include multi-modes. (2022CCN) (2024CCR)","","2022","2026","U","SPP","1560000","2029","","","","059-KY-0536-000","LINESTRING (-84.5418208103 38.9277112017, -84.5416573777 38.9276848381, -84.5398213042 38.9273354043, -84.5391910768 38.9272288029, -84.5369943266 38.9269253651, -84.5365782769 38.9268755622, -84.5361462999 38.9268536019, -84.5348236194 38.9268107774, -84.5335857027 38.9267649568, -84.533205547 38.9267550447, -84.532618658 38.9267482422, -84.5312549293 38.9267851318, -84.5308271735 38.9268260699, -84.5293657017 38.9270113034, -84.5290495891 38.9270390985, -84.528603786 38.9270661163, -84.5281374771 38.9270791945, -84.5280078604 38.9270740249, -84.5278019672 38.9270688984, -84.5275280922 38.9270512698, -84.5272951006 38.9270271951, -84.5260163372 38.9268600702, -84.525795807 38.9268265095, -84.5255951058 38.9267843663, -84.5254540487 38.9267488749, -84.5252519778 38.9266836537, -84.5250155582 38.9265917219, -84.5246967204 38.9264470519, -84.5244942028 38.9263667233, -84.5243424914 38.9263168444, -84.5242172549 38.9262812379, -84.524020121 38.9262361093, -84.5237773006 38.9261905103, -84.5230516129 38.9260770776, -84.5227144433 38.9260195248, -84.5223784666 38.9259537472, -84.5222349013 38.9259212458, -84.522106174 38.9258842294, -84.5219506464 38.9258315618, -84.5218155897 38.9257738877, -84.5217159586 38.9257206962, -84.5216057799 38.9256468041, -84.521357333 38.9254347566, -84.5211881352 38.9252756907, -84.5208243831 38.9249188594, -84.520523385 38.9246134661, -84.519616014 38.9236244775, -84.5194549808 38.9234402339, -84.5192168257 38.9231398776, -84.518835943 38.9226123585, -84.5187457957 38.9224974845, -84.5181259266 38.9217613006, -84.51804879 38.9216877454, -84.5179068532 38.9215802995, -84.5178779734 38.9215629787)"
"District 06","Kenton","06-80254.00","US","25","US-25","RECONSTRUCTION(O)","8.58","9.86","REHABILITATE/RECONSTRUCT US 25 FROM BUTTERMILK PIKE (KY371) TO I-75 (MP 8.58 TO MP 9.86) (2022CCN) (2024CCR)","","2022","2026","C","SPP","11600000","2031","","","","059-US-0025-000","LINESTRING (-84.5615057128 39.0359220057, -84.5614313554 39.0359672238, -84.5608030908 39.0363920206, -84.5605074828 39.036601582, -84.5599525736 39.0369960789, -84.5596189994 39.0372236554, -84.5593527548 39.037402482, -84.5582619037 39.0381490975, -84.5579990864 39.0383331713, -84.55711204 39.0389508475, -84.5562164716 39.0395720006, -84.5557518484 39.0398894086, -84.5556205826 39.039993799, -84.5554547012 39.0401480857, -84.5553598572 39.0402640958, -84.5551847402 39.0405305796, -84.5550142243 39.0408382908, -84.5547801038 39.0412675402, -84.5543278234 39.0421182346, -84.5538094926 39.0430885179, -84.5535200791 39.043625108, -84.5530984936 39.0444486492, -84.5526427488 39.0452935361, -84.5525576636 39.045457687, -84.5524991054 39.0455930019, -84.552450376 39.0457300619, -84.5524056812 39.0458786932, -84.5522393084 39.0465963383, -84.552099208 39.0471294773, -84.5519841452 39.0475958769, -84.551780514 39.0484375181, -84.5516631272 39.0488951078, -84.5515462269 39.0493444669, -84.5514206771 39.049827234, -84.5511402004 39.0508871901, -84.5510274354 39.0512347334, -84.5508573383 39.0516854797, -84.550814072 39.0517849808)"
"District 06","Kenton","06-80254.00","US","25","US-25","RECONSTRUCTION(O)","8.58","9.86","REHABILITATE/RECONSTRUCT US 25 FROM BUTTERMILK PIKE (KY371) TO I-75 (MP 8.58 TO MP 9.86) (2022CCN) (2024CCR)","","2022","2026","R","SPP","880000","2027","","","","059-US-0025-000","LINESTRING (-84.5615057128 39.0359220057, -84.5614313554 39.0359672238, -84.5608030908 39.0363920206, -84.5605074828 39.036601582, -84.5599525736 39.0369960789, -84.5596189994 39.0372236554, -84.5593527548 39.037402482, -84.5582619037 39.0381490975, -84.5579990864 39.0383331713, -84.55711204 39.0389508475, -84.5562164716 39.0395720006, -84.5557518484 39.0398894086, -84.5556205826 39.039993799, -84.5554547012 39.0401480857, -84.5553598572 39.0402640958, -84.5551847402 39.0405305796, -84.5550142243 39.0408382908, -84.5547801038 39.0412675402, -84.5543278234 39.0421182346, -84.5538094926 39.0430885179, -84.5535200791 39.043625108, -84.5530984936 39.0444486492, -84.5526427488 39.0452935361, -84.5525576636 39.045457687, -84.5524991054 39.0455930019, -84.552450376 39.0457300619, -84.5524056812 39.0458786932, -84.5522393084 39.0465963383, -84.552099208 39.0471294773, -84.5519841452 39.0475958769, -84.551780514 39.0484375181, -84.5516631272 39.0488951078, -84.5515462269 39.0493444669, -84.5514206771 39.049827234, -84.5511402004 39.0508871901, -84.5510274354 39.0512347334, -84.5508573383 39.0516854797, -84.550814072 39.0517849808)"
"District 06","Kenton","06-80254.00","US","25","US-25","RECONSTRUCTION(O)","8.58","9.86","REHABILITATE/RECONSTRUCT US 25 FROM BUTTERMILK PIKE (KY371) TO I-75 (MP 8.58 TO MP 9.86) (2022CCN) (2024CCR)","","2022","2026","U","SPP","2800000","2028","","","","059-US-0025-000","LINESTRING (-84.5615057128 39.0359220057, -84.5614313554 39.0359672238, -84.5608030908 39.0363920206, -84.5605074828 39.036601582, -84.5599525736 39.0369960789, -84.5596189994 39.0372236554, -84.5593527548 39.037402482, -84.5582619037 39.0381490975, -84.5579990864 39.0383331713, -84.55711204 39.0389508475, -84.5562164716 39.0395720006, -84.5557518484 39.0398894086, -84.5556205826 39.039993799, -84.5554547012 39.0401480857, -84.5553598572 39.0402640958, -84.5551847402 39.0405305796, -84.5550142243 39.0408382908, -84.5547801038 39.0412675402, -84.5543278234 39.0421182346, -84.5538094926 39.0430885179, -84.5535200791 39.043625108, -84.5530984936 39.0444486492, -84.5526427488 39.0452935361, -84.5525576636 39.045457687, -84.5524991054 39.0455930019, -84.552450376 39.0457300619, -84.5524056812 39.0458786932, -84.5522393084 39.0465963383, -84.552099208 39.0471294773, -84.5519841452 39.0475958769, -84.551780514 39.0484375181, -84.5516631272 39.0488951078, -84.5515462269 39.0493444669, -84.5514206771 39.049827234, -84.5511402004 39.0508871901, -84.5510274354 39.0512347334, -84.5508573383 39.0516854797, -84.550814072 39.0517849808)"
"District 06","Kenton","06-80300.00","KY","16","KY-16","CONGESTION MITIGTN(O)","5.5","9.3","IMPROVE SAFETY AND REDUCE CONGESTION ALONG KY 16 (TAYLOR MILL RD) FROM KY 2047 (SENOUR RD) TO KY 536 (HARRIS PIKE); INCLUDE MULTIMODAL NEEDS. (2024CCN)","","2024","2026","C","SPP","60000000","2032","","","","059-KY-0016-000","LINESTRING (-84.5181895857 38.9211899049, -84.5176635076 38.9214421548, -84.5163229707 38.9220661313, -84.5154041817 38.9225036312, -84.514884491 38.9227854536, -84.5145652225 38.9230001569, -84.5142605839 38.9232432906, -84.5141081764 38.9233803688, -84.5139715408 38.9235200817, -84.5138411608 38.9236639768, -84.5135946533 38.9239609764, -84.5122995744 38.9256704587, -84.5117568843 38.9263729368, -84.5114900693 38.9267262807, -84.5113964008 38.9268603956, -84.5113124783 38.9270001024, -84.5112472058 38.9271386298, -84.5111931803 38.927297866, -84.5111599172 38.9274556702, -84.5111431255 38.9276163905, -84.5111470555 38.927778149, -84.5111703045 38.9279406584, -84.5112132255 38.9281039196, -84.5112769003 38.9282662984, -84.5113613817 38.9284247748, -84.5114663353 38.9285782455, -84.5115889503 38.928726683, -84.5117182896 38.9288724444, -84.5127145305 38.9299456033, -84.5130268976 38.9302846296, -84.5133687345 38.9306272547, -84.5134905961 38.9307583853, -84.5135975291 38.9308992444, -84.5136381931 38.9309680322, -84.5136974163 38.931103181, -84.5137286046 38.9312125058, -84.5137489639 38.9313178735, -84.5137562232 38.9314080061, -84.5137549676 38.9315027173, -84.5137439656 38.9315918364, -84.5137245481 38.9316589044, -84.5136201745 38.931885163, -84.513536297 38.9320221254, -84.5134355497 38.9321589136, -84.5129613892 38.9327360804, -84.5128327447 38.932900859, -84.5116664744 38.9343016802, -84.5115481622 38.9344580538, -84.5114464709 38.9346085578, -84.5113654276 38.9347644939, -84.5113071793 38.9349236862, -84.511269717 38.9351215322, -84.5112466787 38.9352981115, -84.5111885625 38.936566266, -84.5111589616 38.9369220669, -84.5111321853 38.9370909201, -84.5110876959 38.937267827, -84.5110296885 38.9374333359, -84.5109253868 38.937654376, -84.5108034149 38.937860131, -84.5106573157 38.9380582229, -84.510531102 38.938203256, -84.5103890947 38.9383467523, -84.5102940704 38.9384355484, -84.5101697311 38.9385322767, -84.5100853103 38.9385970217, -84.5099373746 38.9386962511, -84.5094420867 38.939002738, -84.5092932784 38.939111842, -84.5091562883 38.939228756, -84.5090797406 38.9393059366, -84.5090311001 38.9393545787, -84.5088769651 38.9395492899, -84.5088157519 38.9396343177, -84.5087320069 38.9397830842, -84.5086654384 38.9399347757, -84.5086153535 38.9400888334, -84.5085817786 38.9402436131, -84.5085640597 38.9403963604, -84.5085621713 38.9405484482, -84.5085732998 38.9407001224, -84.5085971141 38.9408500062, -84.5086437595 38.9410630025, -84.5090241661 38.9426728701, -84.509086673 38.9429456099, -84.5091297758 38.9432016756, -84.5091390709 38.9433165386, -84.5091379821 38.9435043284, -84.5091115073 38.9437377054, -84.509072057 38.9439278424, -84.5090428894 38.9440302252, -84.5089591949 38.9442583411, -84.5089001362 38.9443818301, -84.508828679 38.9445106812, -84.5087381929 38.9446420802, -84.50866164 38.9447398525, -84.50840463 38.9450493592, -84.5081514512 38.9453196432, -84.5071320894 38.9463770909, -84.506898906 38.9466289105, -84.5066887861 38.9468683384, -84.5064379904 38.9472042643, -84.5063314059 38.9473720101, -84.5062358355 38.9475535988, -84.506153586 38.947737523, -84.5060860488 38.9479246205, -84.5059611508 38.9483000185, -84.5058426488 38.9487125498, -84.5057038635 38.94907737, -84.5055711985 38.949371966, -84.5055402059 38.9494367135, -84.505426712 38.9496175662, -84.5052986116 38.9497889315, -84.505131179 38.9499780074, -84.5047048609 38.9504197281, -84.5044090119 38.9507159171, -84.5042689782 38.9508651911, -84.5041517011 38.9510201946, -84.5040694194 38.9511848975, -84.5040611414 38.9512166603, -84.5040246415 38.9513565807, -84.5040173767 38.9515346947, -84.5040430587 38.9517189191, -84.5040929337 38.9519072384, -84.5042163282 38.9522789079, -84.5042613042 38.9524658041, -84.5042837166 38.9526563086, -84.5042871154 38.9528482629, -84.5042442363 38.9534230211, -84.5040021777 38.9562276076, -84.5039665367 38.95658444, -84.5039388831 38.9568032511, -84.503901086 38.9569983441, -84.5038499321 38.9571930231, -84.503807265 38.957323269, -84.5036665123 38.9576987726, -84.5032188244 38.9587695565, -84.5029709722 38.9593410764, -84.5028246596 38.9597533124, -84.5027858539 38.9599453742, -84.5027515343 38.9601630171, -84.5027417178 38.9603666383, -84.5027513018 38.9605668919, -84.5027816531 38.9607659907, -84.5028226804 38.9609371952, -84.5028463002 38.9610159658, -84.5028984162 38.9611557115, -84.5029820242 38.961345756, -84.5030847186 38.961530233, -84.5031973297 38.9617106954, -84.503742066 38.9625329176, -84.5038932988 38.9627788532, -84.5039697539 38.9629350508, -84.5040195429 38.9630670837, -84.5040539334 38.9631948382, -84.5040731189 38.9633273762, -84.5040740889 38.9635173816, -84.504059388 38.9636778455, -84.5037454355 38.9659130568, -84.5037013982 38.9662258693, -84.5033932072 38.9679792851, -84.5030468134 38.9704431332, -84.5030447595 38.9704575498)"
"District 06","Kenton","06-80300.00","KY","16","KY-16","CONGESTION MITIGTN(O)","5.5","9.3","IMPROVE SAFETY AND REDUCE CONGESTION ALONG KY 16 (TAYLOR MILL RD) FROM KY 2047 (SENOUR RD) TO KY 536 (HARRIS PIKE); INCLUDE MULTIMODAL NEEDS. (2024CCN)","","2024","2026","R","SPP","24000000","2030","","","","059-KY-0016-000","LINESTRING (-84.5181895857 38.9211899049, -84.5176635076 38.9214421548, -84.5163229707 38.9220661313, -84.5154041817 38.9225036312, -84.514884491 38.9227854536, -84.5145652225 38.9230001569, -84.5142605839 38.9232432906, -84.5141081764 38.9233803688, -84.5139715408 38.9235200817, -84.5138411608 38.9236639768, -84.5135946533 38.9239609764, -84.5122995744 38.9256704587, -84.5117568843 38.9263729368, -84.5114900693 38.9267262807, -84.5113964008 38.9268603956, -84.5113124783 38.9270001024, -84.5112472058 38.9271386298, -84.5111931803 38.927297866, -84.5111599172 38.9274556702, -84.5111431255 38.9276163905, -84.5111470555 38.927778149, -84.5111703045 38.9279406584, -84.5112132255 38.9281039196, -84.5112769003 38.9282662984, -84.5113613817 38.9284247748, -84.5114663353 38.9285782455, -84.5115889503 38.928726683, -84.5117182896 38.9288724444, -84.5127145305 38.9299456033, -84.5130268976 38.9302846296, -84.5133687345 38.9306272547, -84.5134905961 38.9307583853, -84.5135975291 38.9308992444, -84.5136381931 38.9309680322, -84.5136974163 38.931103181, -84.5137286046 38.9312125058, -84.5137489639 38.9313178735, -84.5137562232 38.9314080061, -84.5137549676 38.9315027173, -84.5137439656 38.9315918364, -84.5137245481 38.9316589044, -84.5136201745 38.931885163, -84.513536297 38.9320221254, -84.5134355497 38.9321589136, -84.5129613892 38.9327360804, -84.5128327447 38.932900859, -84.5116664744 38.9343016802, -84.5115481622 38.9344580538, -84.5114464709 38.9346085578, -84.5113654276 38.9347644939, -84.5113071793 38.9349236862, -84.511269717 38.9351215322, -84.5112466787 38.9352981115, -84.5111885625 38.936566266, -84.5111589616 38.9369220669, -84.5111321853 38.9370909201, -84.5110876959 38.937267827, -84.5110296885 38.9374333359, -84.5109253868 38.937654376, -84.5108034149 38.937860131, -84.5106573157 38.9380582229, -84.510531102 38.938203256, -84.5103890947 38.9383467523, -84.5102940704 38.9384355484, -84.5101697311 38.9385322767, -84.5100853103 38.9385970217, -84.5099373746 38.9386962511, -84.5094420867 38.939002738, -84.5092932784 38.939111842, -84.5091562883 38.939228756, -84.5090797406 38.9393059366, -84.5090311001 38.9393545787, -84.5088769651 38.9395492899, -84.5088157519 38.9396343177, -84.5087320069 38.9397830842, -84.5086654384 38.9399347757, -84.5086153535 38.9400888334, -84.5085817786 38.9402436131, -84.5085640597 38.9403963604, -84.5085621713 38.9405484482, -84.5085732998 38.9407001224, -84.5085971141 38.9408500062, -84.5086437595 38.9410630025, -84.5090241661 38.9426728701, -84.509086673 38.9429456099, -84.5091297758 38.9432016756, -84.5091390709 38.9433165386, -84.5091379821 38.9435043284, -84.5091115073 38.9437377054, -84.509072057 38.9439278424, -84.5090428894 38.9440302252, -84.5089591949 38.9442583411, -84.5089001362 38.9443818301, -84.508828679 38.9445106812, -84.5087381929 38.9446420802, -84.50866164 38.9447398525, -84.50840463 38.9450493592, -84.5081514512 38.9453196432, -84.5071320894 38.9463770909, -84.506898906 38.9466289105, -84.5066887861 38.9468683384, -84.5064379904 38.9472042643, -84.5063314059 38.9473720101, -84.5062358355 38.9475535988, -84.506153586 38.947737523, -84.5060860488 38.9479246205, -84.5059611508 38.9483000185, -84.5058426488 38.9487125498, -84.5057038635 38.94907737, -84.5055711985 38.949371966, -84.5055402059 38.9494367135, -84.505426712 38.9496175662, -84.5052986116 38.9497889315, -84.505131179 38.9499780074, -84.5047048609 38.9504197281, -84.5044090119 38.9507159171, -84.5042689782 38.9508651911, -84.5041517011 38.9510201946, -84.5040694194 38.9511848975, -84.5040611414 38.9512166603, -84.5040246415 38.9513565807, -84.5040173767 38.9515346947, -84.5040430587 38.9517189191, -84.5040929337 38.9519072384, -84.5042163282 38.9522789079, -84.5042613042 38.9524658041, -84.5042837166 38.9526563086, -84.5042871154 38.9528482629, -84.5042442363 38.9534230211, -84.5040021777 38.9562276076, -84.5039665367 38.95658444, -84.5039388831 38.9568032511, -84.503901086 38.9569983441, -84.5038499321 38.9571930231, -84.503807265 38.957323269, -84.5036665123 38.9576987726, -84.5032188244 38.9587695565, -84.5029709722 38.9593410764, -84.5028246596 38.9597533124, -84.5027858539 38.9599453742, -84.5027515343 38.9601630171, -84.5027417178 38.9603666383, -84.5027513018 38.9605668919, -84.5027816531 38.9607659907, -84.5028226804 38.9609371952, -84.5028463002 38.9610159658, -84.5028984162 38.9611557115, -84.5029820242 38.961345756, -84.5030847186 38.961530233, -84.5031973297 38.9617106954, -84.503742066 38.9625329176, -84.5038932988 38.9627788532, -84.5039697539 38.9629350508, -84.5040195429 38.9630670837, -84.5040539334 38.9631948382, -84.5040731189 38.9633273762, -84.5040740889 38.9635173816, -84.504059388 38.9636778455, -84.5037454355 38.9659130568, -84.5037013982 38.9662258693, -84.5033932072 38.9679792851, -84.5030468134 38.9704431332, -84.5030447595 38.9704575498)"
"District 06","Kenton","06-80300.00","KY","16","KY-16","CONGESTION MITIGTN(O)","5.5","9.3","IMPROVE SAFETY AND REDUCE CONGESTION ALONG KY 16 (TAYLOR MILL RD) FROM KY 2047 (SENOUR RD) TO KY 536 (HARRIS PIKE); INCLUDE MULTIMODAL NEEDS. (2024CCN)","","2024","2026","D","SPP","5400000","2029","","","","059-KY-0016-000","LINESTRING (-84.5181895857 38.9211899049, -84.5176635076 38.9214421548, -84.5163229707 38.9220661313, -84.5154041817 38.9225036312, -84.514884491 38.9227854536, -84.5145652225 38.9230001569, -84.5142605839 38.9232432906, -84.5141081764 38.9233803688, -84.5139715408 38.9235200817, -84.5138411608 38.9236639768, -84.5135946533 38.9239609764, -84.5122995744 38.9256704587, -84.5117568843 38.9263729368, -84.5114900693 38.9267262807, -84.5113964008 38.9268603956, -84.5113124783 38.9270001024, -84.5112472058 38.9271386298, -84.5111931803 38.927297866, -84.5111599172 38.9274556702, -84.5111431255 38.9276163905, -84.5111470555 38.927778149, -84.5111703045 38.9279406584, -84.5112132255 38.9281039196, -84.5112769003 38.9282662984, -84.5113613817 38.9284247748, -84.5114663353 38.9285782455, -84.5115889503 38.928726683, -84.5117182896 38.9288724444, -84.5127145305 38.9299456033, -84.5130268976 38.9302846296, -84.5133687345 38.9306272547, -84.5134905961 38.9307583853, -84.5135975291 38.9308992444, -84.5136381931 38.9309680322, -84.5136974163 38.931103181, -84.5137286046 38.9312125058, -84.5137489639 38.9313178735, -84.5137562232 38.9314080061, -84.5137549676 38.9315027173, -84.5137439656 38.9315918364, -84.5137245481 38.9316589044, -84.5136201745 38.931885163, -84.513536297 38.9320221254, -84.5134355497 38.9321589136, -84.5129613892 38.9327360804, -84.5128327447 38.932900859, -84.5116664744 38.9343016802, -84.5115481622 38.9344580538, -84.5114464709 38.9346085578, -84.5113654276 38.9347644939, -84.5113071793 38.9349236862, -84.511269717 38.9351215322, -84.5112466787 38.9352981115, -84.5111885625 38.936566266, -84.5111589616 38.9369220669, -84.5111321853 38.9370909201, -84.5110876959 38.937267827, -84.5110296885 38.9374333359, -84.5109253868 38.937654376, -84.5108034149 38.937860131, -84.5106573157 38.9380582229, -84.510531102 38.938203256, -84.5103890947 38.9383467523, -84.5102940704 38.9384355484, -84.5101697311 38.9385322767, -84.5100853103 38.9385970217, -84.5099373746 38.9386962511, -84.5094420867 38.939002738, -84.5092932784 38.939111842, -84.5091562883 38.939228756, -84.5090797406 38.9393059366, -84.5090311001 38.9393545787, -84.5088769651 38.9395492899, -84.5088157519 38.9396343177, -84.5087320069 38.9397830842, -84.5086654384 38.9399347757, -84.5086153535 38.9400888334, -84.5085817786 38.9402436131, -84.5085640597 38.9403963604, -84.5085621713 38.9405484482, -84.5085732998 38.9407001224, -84.5085971141 38.9408500062, -84.5086437595 38.9410630025, -84.5090241661 38.9426728701, -84.509086673 38.9429456099, -84.5091297758 38.9432016756, -84.5091390709 38.9433165386, -84.5091379821 38.9435043284, -84.5091115073 38.9437377054, -84.509072057 38.9439278424, -84.5090428894 38.9440302252, -84.5089591949 38.9442583411, -84.5089001362 38.9443818301, -84.508828679 38.9445106812, -84.5087381929 38.9446420802, -84.50866164 38.9447398525, -84.50840463 38.9450493592, -84.5081514512 38.9453196432, -84.5071320894 38.9463770909, -84.506898906 38.9466289105, -84.5066887861 38.9468683384, -84.5064379904 38.9472042643, -84.5063314059 38.9473720101, -84.5062358355 38.9475535988, -84.506153586 38.947737523, -84.5060860488 38.9479246205, -84.5059611508 38.9483000185, -84.5058426488 38.9487125498, -84.5057038635 38.94907737, -84.5055711985 38.949371966, -84.5055402059 38.9494367135, -84.505426712 38.9496175662, -84.5052986116 38.9497889315, -84.505131179 38.9499780074, -84.5047048609 38.9504197281, -84.5044090119 38.9507159171, -84.5042689782 38.9508651911, -84.5041517011 38.9510201946, -84.5040694194 38.9511848975, -84.5040611414 38.9512166603, -84.5040246415 38.9513565807, -84.5040173767 38.9515346947, -84.5040430587 38.9517189191, -84.5040929337 38.9519072384, -84.5042163282 38.9522789079, -84.5042613042 38.9524658041, -84.5042837166 38.9526563086, -84.5042871154 38.9528482629, -84.5042442363 38.9534230211, -84.5040021777 38.9562276076, -84.5039665367 38.95658444, -84.5039388831 38.9568032511, -84.503901086 38.9569983441, -84.5038499321 38.9571930231, -84.503807265 38.957323269, -84.5036665123 38.9576987726, -84.5032188244 38.9587695565, -84.5029709722 38.9593410764, -84.5028246596 38.9597533124, -84.5027858539 38.9599453742, -84.5027515343 38.9601630171, -84.5027417178 38.9603666383, -84.5027513018 38.9605668919, -84.5027816531 38.9607659907, -84.5028226804 38.9609371952, -84.5028463002 38.9610159658, -84.5028984162 38.9611557115, -84.5029820242 38.961345756, -84.5030847186 38.961530233, -84.5031973297 38.9617106954, -84.503742066 38.9625329176, -84.5038932988 38.9627788532, -84.5039697539 38.9629350508, -84.5040195429 38.9630670837, -84.5040539334 38.9631948382, -84.5040731189 38.9633273762, -84.5040740889 38.9635173816, -84.504059388 38.9636778455, -84.5037454355 38.9659130568, -84.5037013982 38.9662258693, -84.5033932072 38.9679792851, -84.5030468134 38.9704431332, -84.5030447595 38.9704575498)"
"District 06","Kenton","06-80300.00","KY","16","KY-16","CONGESTION MITIGTN(O)","5.5","9.3","IMPROVE SAFETY AND REDUCE CONGESTION ALONG KY 16 (TAYLOR MILL RD) FROM KY 2047 (SENOUR RD) TO KY 536 (HARRIS PIKE); INCLUDE MULTIMODAL NEEDS. (2024CCN)","","2024","2026","U","SPP","3480000","2030","","","","059-KY-0016-000","LINESTRING (-84.5181895857 38.9211899049, -84.5176635076 38.9214421548, -84.5163229707 38.9220661313, -84.5154041817 38.9225036312, -84.514884491 38.9227854536, -84.5145652225 38.9230001569, -84.5142605839 38.9232432906, -84.5141081764 38.9233803688, -84.5139715408 38.9235200817, -84.5138411608 38.9236639768, -84.5135946533 38.9239609764, -84.5122995744 38.9256704587, -84.5117568843 38.9263729368, -84.5114900693 38.9267262807, -84.5113964008 38.9268603956, -84.5113124783 38.9270001024, -84.5112472058 38.9271386298, -84.5111931803 38.927297866, -84.5111599172 38.9274556702, -84.5111431255 38.9276163905, -84.5111470555 38.927778149, -84.5111703045 38.9279406584, -84.5112132255 38.9281039196, -84.5112769003 38.9282662984, -84.5113613817 38.9284247748, -84.5114663353 38.9285782455, -84.5115889503 38.928726683, -84.5117182896 38.9288724444, -84.5127145305 38.9299456033, -84.5130268976 38.9302846296, -84.5133687345 38.9306272547, -84.5134905961 38.9307583853, -84.5135975291 38.9308992444, -84.5136381931 38.9309680322, -84.5136974163 38.931103181, -84.5137286046 38.9312125058, -84.5137489639 38.9313178735, -84.5137562232 38.9314080061, -84.5137549676 38.9315027173, -84.5137439656 38.9315918364, -84.5137245481 38.9316589044, -84.5136201745 38.931885163, -84.513536297 38.9320221254, -84.5134355497 38.9321589136, -84.5129613892 38.9327360804, -84.5128327447 38.932900859, -84.5116664744 38.9343016802, -84.5115481622 38.9344580538, -84.5114464709 38.9346085578, -84.5113654276 38.9347644939, -84.5113071793 38.9349236862, -84.511269717 38.9351215322, -84.5112466787 38.9352981115, -84.5111885625 38.936566266, -84.5111589616 38.9369220669, -84.5111321853 38.9370909201, -84.5110876959 38.937267827, -84.5110296885 38.9374333359, -84.5109253868 38.937654376, -84.5108034149 38.937860131, -84.5106573157 38.9380582229, -84.510531102 38.938203256, -84.5103890947 38.9383467523, -84.5102940704 38.9384355484, -84.5101697311 38.9385322767, -84.5100853103 38.9385970217, -84.5099373746 38.9386962511, -84.5094420867 38.939002738, -84.5092932784 38.939111842, -84.5091562883 38.939228756, -84.5090797406 38.9393059366, -84.5090311001 38.9393545787, -84.5088769651 38.9395492899, -84.5088157519 38.9396343177, -84.5087320069 38.9397830842, -84.5086654384 38.9399347757, -84.5086153535 38.9400888334, -84.5085817786 38.9402436131, -84.5085640597 38.9403963604, -84.5085621713 38.9405484482, -84.5085732998 38.9407001224, -84.5085971141 38.9408500062, -84.5086437595 38.9410630025, -84.5090241661 38.9426728701, -84.509086673 38.9429456099, -84.5091297758 38.9432016756, -84.5091390709 38.9433165386, -84.5091379821 38.9435043284, -84.5091115073 38.9437377054, -84.509072057 38.9439278424, -84.5090428894 38.9440302252, -84.5089591949 38.9442583411, -84.5089001362 38.9443818301, -84.508828679 38.9445106812, -84.5087381929 38.9446420802, -84.50866164 38.9447398525, -84.50840463 38.9450493592, -84.5081514512 38.9453196432, -84.5071320894 38.9463770909, -84.506898906 38.9466289105, -84.5066887861 38.9468683384, -84.5064379904 38.9472042643, -84.5063314059 38.9473720101, -84.5062358355 38.9475535988, -84.506153586 38.947737523, -84.5060860488 38.9479246205, -84.5059611508 38.9483000185, -84.5058426488 38.9487125498, -84.5057038635 38.94907737, -84.5055711985 38.949371966, -84.5055402059 38.9494367135, -84.505426712 38.9496175662, -84.5052986116 38.9497889315, -84.505131179 38.9499780074, -84.5047048609 38.9504197281, -84.5044090119 38.9507159171, -84.5042689782 38.9508651911, -84.5041517011 38.9510201946, -84.5040694194 38.9511848975, -84.5040611414 38.9512166603, -84.5040246415 38.9513565807, -84.5040173767 38.9515346947, -84.5040430587 38.9517189191, -84.5040929337 38.9519072384, -84.5042163282 38.9522789079, -84.5042613042 38.9524658041, -84.5042837166 38.9526563086, -84.5042871154 38.9528482629, -84.5042442363 38.9534230211, -84.5040021777 38.9562276076, -84.5039665367 38.95658444, -84.5039388831 38.9568032511, -84.503901086 38.9569983441, -84.5038499321 38.9571930231, -84.503807265 38.957323269, -84.5036665123 38.9576987726, -84.5032188244 38.9587695565, -84.5029709722 38.9593410764, -84.5028246596 38.9597533124, -84.5027858539 38.9599453742, -84.5027515343 38.9601630171, -84.5027417178 38.9603666383, -84.5027513018 38.9605668919, -84.5027816531 38.9607659907, -84.5028226804 38.9609371952, -84.5028463002 38.9610159658, -84.5028984162 38.9611557115, -84.5029820242 38.961345756, -84.5030847186 38.961530233, -84.5031973297 38.9617106954, -84.503742066 38.9625329176, -84.5038932988 38.9627788532, -84.5039697539 38.9629350508, -84.5040195429 38.9630670837, -84.5040539334 38.9631948382, -84.5040731189 38.9633273762, -84.5040740889 38.9635173816, -84.504059388 38.9636778455, -84.5037454355 38.9659130568, -84.5037013982 38.9662258693, -84.5033932072 38.9679792851, -84.5030468134 38.9704431332, -84.5030447595 38.9704575498)"
"District 06","Kenton","06-80305.10","KY","2373","KY-2373","SAFETY(P)","3.82","4.138","Address safety and mobility along KY 2373 from west intersection of Amsterdam Road to east intersection of Amsterdam Road. (2024BOP)","","2026","2026","R","SPP","2200000","2030","","","","059-KY-2373-000","LINESTRING (-84.5657209526 39.0623918998, -84.5655594189 39.0624287375, -84.5654404718 39.0624454057, -84.5653375392 39.0624517999, -84.5651844762 39.0624442447, -84.5641466068 39.0623408969, -84.563896548 39.0623211224, -84.5637714024 39.0623292167, -84.5636685935 39.0623496125, -84.5635598657 39.0623875202, -84.5634611542 39.0624373323, -84.563349748 39.0625098049, -84.563070317 39.0627362785, -84.5629790484 39.0628048323, -84.5628369841 39.0629000629, -84.5626127808 39.0630222074, -84.5623188861 39.0631637011, -84.5622061723 39.0632298457, -84.5621062671 39.0633095695, -84.562020965 39.0634006957, -84.5616946365 39.0638460598, -84.5616167727 39.0639345133, -84.5615222484 39.0640296646, -84.5613485069 39.0641882731, -84.561255818 39.0643218785, -84.561271111 39.0644420057)"
"District 06","Kenton","06-80305.10","KY","2373","KY-2373","SAFETY(P)","3.82","4.138","Address safety and mobility along KY 2373 from west intersection of Amsterdam Road to east intersection of Amsterdam Road. (2024BOP)","","2026","2026","U","SPP","1620000","2031","","","","059-KY-2373-000","LINESTRING (-84.5657209526 39.0623918998, -84.5655594189 39.0624287375, -84.5654404718 39.0624454057, -84.5653375392 39.0624517999, -84.5651844762 39.0624442447, -84.5641466068 39.0623408969, -84.563896548 39.0623211224, -84.5637714024 39.0623292167, -84.5636685935 39.0623496125, -84.5635598657 39.0623875202, -84.5634611542 39.0624373323, -84.563349748 39.0625098049, -84.563070317 39.0627362785, -84.5629790484 39.0628048323, -84.5628369841 39.0629000629, -84.5626127808 39.0630222074, -84.5623188861 39.0631637011, -84.5622061723 39.0632298457, -84.5621062671 39.0633095695, -84.562020965 39.0634006957, -84.5616946365 39.0638460598, -84.5616167727 39.0639345133, -84.5615222484 39.0640296646, -84.5613485069 39.0641882731, -84.561255818 39.0643218785, -84.561271111 39.0644420057)"
"District 06","Kenton","06-80305.10","KY","2373","KY-2373","SAFETY(P)","3.82","4.138","Address safety and mobility along KY 2373 from west intersection of Amsterdam Road to east intersection of Amsterdam Road. (2024BOP)","","2026","2026","C","SPP","6960000","2032","","","","059-KY-2373-000","LINESTRING (-84.5657209526 39.0623918998, -84.5655594189 39.0624287375, -84.5654404718 39.0624454057, -84.5653375392 39.0624517999, -84.5651844762 39.0624442447, -84.5641466068 39.0623408969, -84.563896548 39.0623211224, -84.5637714024 39.0623292167, -84.5636685935 39.0623496125, -84.5635598657 39.0623875202, -84.5634611542 39.0624373323, -84.563349748 39.0625098049, -84.563070317 39.0627362785, -84.5629790484 39.0628048323, -84.5628369841 39.0629000629, -84.5626127808 39.0630222074, -84.5623188861 39.0631637011, -84.5622061723 39.0632298457, -84.5621062671 39.0633095695, -84.562020965 39.0634006957, -84.5616946365 39.0638460598, -84.5616167727 39.0639345133, -84.5615222484 39.0640296646, -84.5613485069 39.0641882731, -84.561255818 39.0643218785, -84.561271111 39.0644420057)"
"District 06","Kenton","06-80305.10","KY","2373","KY-2373","SAFETY(P)","3.82","4.138","Address safety and mobility along KY 2373 from west intersection of Amsterdam Road to east intersection of Amsterdam Road. (2024BOP)","","2026","2026","D","SPP","1300000","2029","","","","059-KY-2373-000","LINESTRING (-84.5657209526 39.0623918998, -84.5655594189 39.0624287375, -84.5654404718 39.0624454057, -84.5653375392 39.0624517999, -84.5651844762 39.0624442447, -84.5641466068 39.0623408969, -84.563896548 39.0623211224, -84.5637714024 39.0623292167, -84.5636685935 39.0623496125, -84.5635598657 39.0623875202, -84.5634611542 39.0624373323, -84.563349748 39.0625098049, -84.563070317 39.0627362785, -84.5629790484 39.0628048323, -84.5628369841 39.0629000629, -84.5626127808 39.0630222074, -84.5623188861 39.0631637011, -84.5622061723 39.0632298457, -84.5621062671 39.0633095695, -84.562020965 39.0634006957, -84.5616946365 39.0638460598, -84.5616167727 39.0639345133, -84.5615222484 39.0640296646, -84.5613485069 39.0641882731, -84.561255818 39.0643218785, -84.561271111 39.0644420057)"
"District 06","Kenton","06-80305.20","KY","2373","KY-2373","SAFETY(P)","4.138","5.4","Address safety and mobility along KY 273 from east intersection of Amsterdam Road to Hightower Road. (2024BOP)","","2026","2026","U","SPP","2160000","2031","","","","059-KY-2373-000","LINESTRING (-84.561271111 39.0644420057, -84.5613589099 39.0648879122, -84.5613693426 39.065025287, -84.5613651197 39.0651759694, -84.5613416838 39.0653602296, -84.561312427 39.06549117, -84.5612716854 39.0656137609, -84.5611636521 39.0658457752, -84.5610069298 39.0661478625, -84.560921144 39.0663545647, -84.5609063632 39.0664831787, -84.5609058936 39.0665765186, -84.5609190175 39.0667647111, -84.5609962827 39.0671871756, -84.561006514 39.0672938001, -84.5609872716 39.068083193, -84.5609585159 39.0682264934, -84.5608335866 39.0685654106, -84.5606914127 39.0689250217, -84.5604449013 39.0695054262, -84.5603691429 39.0696370027, -84.560236768 39.0698278665, -84.5600839065 39.0700223707, -84.559887125 39.0702535003, -84.5598060809 39.0703636102, -84.5597325098 39.0704905406, -84.5596691622 39.0706167492, -84.5593137765 39.0714788462, -84.5588188036 39.0726055843, -84.5586255135 39.073009983, -84.5585533912 39.0731341823, -84.558360625 39.0733988436, -84.5582888271 39.0735246927, -84.5577675601 39.0746206894, -84.5577094656 39.0747483218, -84.5576686227 39.0748764011, -84.5576433151 39.0750021631, -84.5573435328 39.0773250929, -84.5573452049 39.0774593605, -84.5573542737 39.0775937013, -84.5574144242 39.0779852472, -84.5574254341 39.0781086262, -84.5574311974 39.0782297562, -84.5574290641 39.078359867, -84.5574148886 39.0784939769, -84.5573875435 39.0786364657, -84.5573219685 39.0789194134, -84.5572711828 39.0790951628, -84.5572107444 39.0792796017, -84.5570763824 39.0796329697, -84.5570502982 39.0797200141, -84.5570262824 39.0798098237, -84.5570089701 39.0799848086, -84.5570070759 39.0801217862, -84.5570217234 39.0805172702, -84.5570435011 39.0806284023, -84.5570755088 39.0807171234, -84.5571220147 39.0808024196, -84.5571778479 39.0808773764, -84.5572479136 39.0809436894, -84.5573221326 39.0809930228, -84.5575032857 39.0810727965, -84.557671521 39.0811241639, -84.5577478243 39.0811537505, -84.5578802957 39.0812165673, -84.5580065088 39.0812957932, -84.5580732473 39.0813502676, -84.5583531461 39.0816224031)"
"District 06","Kenton","06-80305.20","KY","2373","KY-2373","SAFETY(P)","4.138","5.4","Address safety and mobility along KY 273 from east intersection of Amsterdam Road to Hightower Road. (2024BOP)","","2026","2026","C","SPP","13920000","2032","","","","059-KY-2373-000","LINESTRING (-84.561271111 39.0644420057, -84.5613589099 39.0648879122, -84.5613693426 39.065025287, -84.5613651197 39.0651759694, -84.5613416838 39.0653602296, -84.561312427 39.06549117, -84.5612716854 39.0656137609, -84.5611636521 39.0658457752, -84.5610069298 39.0661478625, -84.560921144 39.0663545647, -84.5609063632 39.0664831787, -84.5609058936 39.0665765186, -84.5609190175 39.0667647111, -84.5609962827 39.0671871756, -84.561006514 39.0672938001, -84.5609872716 39.068083193, -84.5609585159 39.0682264934, -84.5608335866 39.0685654106, -84.5606914127 39.0689250217, -84.5604449013 39.0695054262, -84.5603691429 39.0696370027, -84.560236768 39.0698278665, -84.5600839065 39.0700223707, -84.559887125 39.0702535003, -84.5598060809 39.0703636102, -84.5597325098 39.0704905406, -84.5596691622 39.0706167492, -84.5593137765 39.0714788462, -84.5588188036 39.0726055843, -84.5586255135 39.073009983, -84.5585533912 39.0731341823, -84.558360625 39.0733988436, -84.5582888271 39.0735246927, -84.5577675601 39.0746206894, -84.5577094656 39.0747483218, -84.5576686227 39.0748764011, -84.5576433151 39.0750021631, -84.5573435328 39.0773250929, -84.5573452049 39.0774593605, -84.5573542737 39.0775937013, -84.5574144242 39.0779852472, -84.5574254341 39.0781086262, -84.5574311974 39.0782297562, -84.5574290641 39.078359867, -84.5574148886 39.0784939769, -84.5573875435 39.0786364657, -84.5573219685 39.0789194134, -84.5572711828 39.0790951628, -84.5572107444 39.0792796017, -84.5570763824 39.0796329697, -84.5570502982 39.0797200141, -84.5570262824 39.0798098237, -84.5570089701 39.0799848086, -84.5570070759 39.0801217862, -84.5570217234 39.0805172702, -84.5570435011 39.0806284023, -84.5570755088 39.0807171234, -84.5571220147 39.0808024196, -84.5571778479 39.0808773764, -84.5572479136 39.0809436894, -84.5573221326 39.0809930228, -84.5575032857 39.0810727965, -84.557671521 39.0811241639, -84.5577478243 39.0811537505, -84.5578802957 39.0812165673, -84.5580065088 39.0812957932, -84.5580732473 39.0813502676, -84.5583531461 39.0816224031)"
"District 06","Kenton","06-80305.20","KY","2373","KY-2373","SAFETY(P)","4.138","5.4","Address safety and mobility along KY 273 from east intersection of Amsterdam Road to Hightower Road. (2024BOP)","","2026","2026","R","SPP","5500000","2030","","","","059-KY-2373-000","LINESTRING (-84.561271111 39.0644420057, -84.5613589099 39.0648879122, -84.5613693426 39.065025287, -84.5613651197 39.0651759694, -84.5613416838 39.0653602296, -84.561312427 39.06549117, -84.5612716854 39.0656137609, -84.5611636521 39.0658457752, -84.5610069298 39.0661478625, -84.560921144 39.0663545647, -84.5609063632 39.0664831787, -84.5609058936 39.0665765186, -84.5609190175 39.0667647111, -84.5609962827 39.0671871756, -84.561006514 39.0672938001, -84.5609872716 39.068083193, -84.5609585159 39.0682264934, -84.5608335866 39.0685654106, -84.5606914127 39.0689250217, -84.5604449013 39.0695054262, -84.5603691429 39.0696370027, -84.560236768 39.0698278665, -84.5600839065 39.0700223707, -84.559887125 39.0702535003, -84.5598060809 39.0703636102, -84.5597325098 39.0704905406, -84.5596691622 39.0706167492, -84.5593137765 39.0714788462, -84.5588188036 39.0726055843, -84.5586255135 39.073009983, -84.5585533912 39.0731341823, -84.558360625 39.0733988436, -84.5582888271 39.0735246927, -84.5577675601 39.0746206894, -84.5577094656 39.0747483218, -84.5576686227 39.0748764011, -84.5576433151 39.0750021631, -84.5573435328 39.0773250929, -84.5573452049 39.0774593605, -84.5573542737 39.0775937013, -84.5574144242 39.0779852472, -84.5574254341 39.0781086262, -84.5574311974 39.0782297562, -84.5574290641 39.078359867, -84.5574148886 39.0784939769, -84.5573875435 39.0786364657, -84.5573219685 39.0789194134, -84.5572711828 39.0790951628, -84.5572107444 39.0792796017, -84.5570763824 39.0796329697, -84.5570502982 39.0797200141, -84.5570262824 39.0798098237, -84.5570089701 39.0799848086, -84.5570070759 39.0801217862, -84.5570217234 39.0805172702, -84.5570435011 39.0806284023, -84.5570755088 39.0807171234, -84.5571220147 39.0808024196, -84.5571778479 39.0808773764, -84.5572479136 39.0809436894, -84.5573221326 39.0809930228, -84.5575032857 39.0810727965, -84.557671521 39.0811241639, -84.5577478243 39.0811537505, -84.5578802957 39.0812165673, -84.5580065088 39.0812957932, -84.5580732473 39.0813502676, -84.5583531461 39.0816224031)"
"District 06","Kenton","06-80305.20","KY","2373","KY-2373","SAFETY(P)","4.138","5.4","Address safety and mobility along KY 273 from east intersection of Amsterdam Road to Hightower Road. (2024BOP)","","2026","2026","D","SPP","2600000","2029","","","","059-KY-2373-000","LINESTRING (-84.561271111 39.0644420057, -84.5613589099 39.0648879122, -84.5613693426 39.065025287, -84.5613651197 39.0651759694, -84.5613416838 39.0653602296, -84.561312427 39.06549117, -84.5612716854 39.0656137609, -84.5611636521 39.0658457752, -84.5610069298 39.0661478625, -84.560921144 39.0663545647, -84.5609063632 39.0664831787, -84.5609058936 39.0665765186, -84.5609190175 39.0667647111, -84.5609962827 39.0671871756, -84.561006514 39.0672938001, -84.5609872716 39.068083193, -84.5609585159 39.0682264934, -84.5608335866 39.0685654106, -84.5606914127 39.0689250217, -84.5604449013 39.0695054262, -84.5603691429 39.0696370027, -84.560236768 39.0698278665, -84.5600839065 39.0700223707, -84.559887125 39.0702535003, -84.5598060809 39.0703636102, -84.5597325098 39.0704905406, -84.5596691622 39.0706167492, -84.5593137765 39.0714788462, -84.5588188036 39.0726055843, -84.5586255135 39.073009983, -84.5585533912 39.0731341823, -84.558360625 39.0733988436, -84.5582888271 39.0735246927, -84.5577675601 39.0746206894, -84.5577094656 39.0747483218, -84.5576686227 39.0748764011, -84.5576433151 39.0750021631, -84.5573435328 39.0773250929, -84.5573452049 39.0774593605, -84.5573542737 39.0775937013, -84.5574144242 39.0779852472, -84.5574254341 39.0781086262, -84.5574311974 39.0782297562, -84.5574290641 39.078359867, -84.5574148886 39.0784939769, -84.5573875435 39.0786364657, -84.5573219685 39.0789194134, -84.5572711828 39.0790951628, -84.5572107444 39.0792796017, -84.5570763824 39.0796329697, -84.5570502982 39.0797200141, -84.5570262824 39.0798098237, -84.5570089701 39.0799848086, -84.5570070759 39.0801217862, -84.5570217234 39.0805172702, -84.5570435011 39.0806284023, -84.5570755088 39.0807171234, -84.5571220147 39.0808024196, -84.5571778479 39.0808773764, -84.5572479136 39.0809436894, -84.5573221326 39.0809930228, -84.5575032857 39.0810727965, -84.557671521 39.0811241639, -84.5577478243 39.0811537505, -84.5578802957 39.0812165673, -84.5580065088 39.0812957932, -84.5580732473 39.0813502676, -84.5583531461 39.0816224031)"
"District 06","Kenton","06-80307.00","KY","1501","KY-1501","SAFETY(P)","1.7","2.23","ADDRESS SAFETY AND GEOMETRIC DEFICIENCIES ALONG KY 1501 (HANDS PIKE) FROM EDWIN DRIVE TO KY 16. (2024CCN)","","2024","2026","C","SPP","10540000","2032","","","","059-KY-1501-000","LINESTRING (-84.5089108703 38.9780306184, -84.5088708189 38.9778316979, -84.5087059214 38.9772289791, -84.5083324062 38.9759681751, -84.5082275215 38.9756626011, -84.5081620022 38.9755238177, -84.5080772224 38.975400759, -84.5080215206 38.9753463667, -84.5078320913 38.9752134344, -84.5076936165 38.9751452785, -84.5076166926 38.975118396, -84.5074986348 38.9750905367, -84.5072089784 38.9750392036, -84.5069816541 38.975004168, -84.5068663849 38.9749777095, -84.5067771544 38.9749506989, -84.506688083 38.9749143548, -84.5065828721 38.974855054, -84.5064722824 38.9747811458, -84.5058739295 38.9742491417, -84.505334658 38.9737386149, -84.5051633387 38.9736168499, -84.5050018788 38.973535546, -84.5048833692 38.973493128, -84.5048242049 38.9734768625, -84.5046274853 38.9734418662, -84.5044783576 38.9734210935, -84.5042582267 38.9733976585, -84.5041050615 38.9733867276, -84.5036754996 38.9733723655, -84.5032244244 38.9733613464, -84.5029433582 38.9733430403, -84.5026885135 38.973310656)"
"District 06","Kenton","06-80307.00","KY","1501","KY-1501","SAFETY(P)","1.7","2.23","ADDRESS SAFETY AND GEOMETRIC DEFICIENCIES ALONG KY 1501 (HANDS PIKE) FROM EDWIN DRIVE TO KY 16. (2024CCN)","","2024","2026","U","SPP","930000","2031","","","","059-KY-1501-000","LINESTRING (-84.5089108703 38.9780306184, -84.5088708189 38.9778316979, -84.5087059214 38.9772289791, -84.5083324062 38.9759681751, -84.5082275215 38.9756626011, -84.5081620022 38.9755238177, -84.5080772224 38.975400759, -84.5080215206 38.9753463667, -84.5078320913 38.9752134344, -84.5076936165 38.9751452785, -84.5076166926 38.975118396, -84.5074986348 38.9750905367, -84.5072089784 38.9750392036, -84.5069816541 38.975004168, -84.5068663849 38.9749777095, -84.5067771544 38.9749506989, -84.506688083 38.9749143548, -84.5065828721 38.974855054, -84.5064722824 38.9747811458, -84.5058739295 38.9742491417, -84.505334658 38.9737386149, -84.5051633387 38.9736168499, -84.5050018788 38.973535546, -84.5048833692 38.973493128, -84.5048242049 38.9734768625, -84.5046274853 38.9734418662, -84.5044783576 38.9734210935, -84.5042582267 38.9733976585, -84.5041050615 38.9733867276, -84.5036754996 38.9733723655, -84.5032244244 38.9733613464, -84.5029433582 38.9733430403, -84.5026885135 38.973310656)"
"District 06","Kenton","06-80307.00","KY","1501","KY-1501","SAFETY(P)","1.7","2.23","ADDRESS SAFETY AND GEOMETRIC DEFICIENCIES ALONG KY 1501 (HANDS PIKE) FROM EDWIN DRIVE TO KY 16. (2024CCN)","","2024","2026","D","SPP","970000","2029","","","","059-KY-1501-000","LINESTRING (-84.5089108703 38.9780306184, -84.5088708189 38.9778316979, -84.5087059214 38.9772289791, -84.5083324062 38.9759681751, -84.5082275215 38.9756626011, -84.5081620022 38.9755238177, -84.5080772224 38.975400759, -84.5080215206 38.9753463667, -84.5078320913 38.9752134344, -84.5076936165 38.9751452785, -84.5076166926 38.975118396, -84.5074986348 38.9750905367, -84.5072089784 38.9750392036, -84.5069816541 38.975004168, -84.5068663849 38.9749777095, -84.5067771544 38.9749506989, -84.506688083 38.9749143548, -84.5065828721 38.974855054, -84.5064722824 38.9747811458, -84.5058739295 38.9742491417, -84.505334658 38.9737386149, -84.5051633387 38.9736168499, -84.5050018788 38.973535546, -84.5048833692 38.973493128, -84.5048242049 38.9734768625, -84.5046274853 38.9734418662, -84.5044783576 38.9734210935, -84.5042582267 38.9733976585, -84.5041050615 38.9733867276, -84.5036754996 38.9733723655, -84.5032244244 38.9733613464, -84.5029433582 38.9733430403, -84.5026885135 38.973310656)"
"District 06","Kenton","06-80307.00","KY","1501","KY-1501","SAFETY(P)","1.7","2.23","ADDRESS SAFETY AND GEOMETRIC DEFICIENCIES ALONG KY 1501 (HANDS PIKE) FROM EDWIN DRIVE TO KY 16. (2024CCN)","","2024","2026","R","SPP","2600000","2030","","","","059-KY-1501-000","LINESTRING (-84.5089108703 38.9780306184, -84.5088708189 38.9778316979, -84.5087059214 38.9772289791, -84.5083324062 38.9759681751, -84.5082275215 38.9756626011, -84.5081620022 38.9755238177, -84.5080772224 38.975400759, -84.5080215206 38.9753463667, -84.5078320913 38.9752134344, -84.5076936165 38.9751452785, -84.5076166926 38.975118396, -84.5074986348 38.9750905367, -84.5072089784 38.9750392036, -84.5069816541 38.975004168, -84.5068663849 38.9749777095, -84.5067771544 38.9749506989, -84.506688083 38.9749143548, -84.5065828721 38.974855054, -84.5064722824 38.9747811458, -84.5058739295 38.9742491417, -84.505334658 38.9737386149, -84.5051633387 38.9736168499, -84.5050018788 38.973535546, -84.5048833692 38.973493128, -84.5048242049 38.9734768625, -84.5046274853 38.9734418662, -84.5044783576 38.9734210935, -84.5042582267 38.9733976585, -84.5041050615 38.9733867276, -84.5036754996 38.9733723655, -84.5032244244 38.9733613464, -84.5029433582 38.9733430403, -84.5026885135 38.973310656)"
"District 06","Kenton","06-80308.00","KY","1501","KY-1501","SAFETY(P)","1.25","1.7","ADDRESS SAFETY AND GEOMETRIC DEFICIENCIES ALONG KY 1501 (HANDS PIKE) FROM OTTER TO EDWIN DRIVES. (2024CCN)","","2024","2026","U","SPP","1320000","2031","","","","059-KY-1501-000","LINESTRING (-84.5152118457 38.9805254806, -84.5151821925 38.9805086399, -84.5150337455 38.9804467041, -84.5149515157 38.9804211445, -84.5147833243 38.9803826166, -84.5146988075 38.9803674661, -84.514517311 38.9803460971, -84.5143270852 38.9803416602, -84.5133104496 38.9803863345, -84.5130983016 38.9803885328, -84.5128887324 38.9803838929, -84.5125562567 38.9803669988, -84.5123089603 38.9803468675, -84.5115154063 38.9802634213, -84.5103454553 38.9801189594, -84.5101566693 38.9800920167, -84.5100202845 38.9800656176, -84.5098027517 38.9800122936, -84.5096468262 38.9799560394, -84.5095090714 38.9798862448, -84.5093899175 38.9797982484, -84.5092932343 38.9796920902, -84.5092168312 38.9795724137, -84.5091762041 38.979479466, -84.5091359128 38.9793461626, -84.5090988085 38.9791703349, -84.5090473169 38.9788686113, -84.508950922 38.978229539, -84.5089108703 38.9780306184)"
"District 06","Kenton","06-80308.00","KY","1501","KY-1501","SAFETY(P)","1.25","1.7","ADDRESS SAFETY AND GEOMETRIC DEFICIENCIES ALONG KY 1501 (HANDS PIKE) FROM OTTER TO EDWIN DRIVES. (2024CCN)","","2024","2026","R","SPP","4200000","2030","","","","059-KY-1501-000","LINESTRING (-84.5152118457 38.9805254806, -84.5151821925 38.9805086399, -84.5150337455 38.9804467041, -84.5149515157 38.9804211445, -84.5147833243 38.9803826166, -84.5146988075 38.9803674661, -84.514517311 38.9803460971, -84.5143270852 38.9803416602, -84.5133104496 38.9803863345, -84.5130983016 38.9803885328, -84.5128887324 38.9803838929, -84.5125562567 38.9803669988, -84.5123089603 38.9803468675, -84.5115154063 38.9802634213, -84.5103454553 38.9801189594, -84.5101566693 38.9800920167, -84.5100202845 38.9800656176, -84.5098027517 38.9800122936, -84.5096468262 38.9799560394, -84.5095090714 38.9798862448, -84.5093899175 38.9797982484, -84.5092932343 38.9796920902, -84.5092168312 38.9795724137, -84.5091762041 38.979479466, -84.5091359128 38.9793461626, -84.5090988085 38.9791703349, -84.5090473169 38.9788686113, -84.508950922 38.978229539, -84.5089108703 38.9780306184)"
"District 06","Kenton","06-80308.00","KY","1501","KY-1501","SAFETY(P)","1.25","1.7","ADDRESS SAFETY AND GEOMETRIC DEFICIENCIES ALONG KY 1501 (HANDS PIKE) FROM OTTER TO EDWIN DRIVES. (2024CCN)","","2024","2026","C","SPP","9900000","2032","","","","059-KY-1501-000","LINESTRING (-84.5152118457 38.9805254806, -84.5151821925 38.9805086399, -84.5150337455 38.9804467041, -84.5149515157 38.9804211445, -84.5147833243 38.9803826166, -84.5146988075 38.9803674661, -84.514517311 38.9803460971, -84.5143270852 38.9803416602, -84.5133104496 38.9803863345, -84.5130983016 38.9803885328, -84.5128887324 38.9803838929, -84.5125562567 38.9803669988, -84.5123089603 38.9803468675, -84.5115154063 38.9802634213, -84.5103454553 38.9801189594, -84.5101566693 38.9800920167, -84.5100202845 38.9800656176, -84.5098027517 38.9800122936, -84.5096468262 38.9799560394, -84.5095090714 38.9798862448, -84.5093899175 38.9797982484, -84.5092932343 38.9796920902, -84.5092168312 38.9795724137, -84.5091762041 38.979479466, -84.5091359128 38.9793461626, -84.5090988085 38.9791703349, -84.5090473169 38.9788686113, -84.508950922 38.978229539, -84.5089108703 38.9780306184)"
"District 06","Kenton","06-80308.00","KY","1501","KY-1501","SAFETY(P)","1.25","1.7","ADDRESS SAFETY AND GEOMETRIC DEFICIENCIES ALONG KY 1501 (HANDS PIKE) FROM OTTER TO EDWIN DRIVES. (2024CCN)","","2024","2026","D","SPP","1380000","2029","","","","059-KY-1501-000","LINESTRING (-84.5152118457 38.9805254806, -84.5151821925 38.9805086399, -84.5150337455 38.9804467041, -84.5149515157 38.9804211445, -84.5147833243 38.9803826166, -84.5146988075 38.9803674661, -84.514517311 38.9803460971, -84.5143270852 38.9803416602, -84.5133104496 38.9803863345, -84.5130983016 38.9803885328, -84.5128887324 38.9803838929, -84.5125562567 38.9803669988, -84.5123089603 38.9803468675, -84.5115154063 38.9802634213, -84.5103454553 38.9801189594, -84.5101566693 38.9800920167, -84.5100202845 38.9800656176, -84.5098027517 38.9800122936, -84.5096468262 38.9799560394, -84.5095090714 38.9798862448, -84.5093899175 38.9797982484, -84.5092932343 38.9796920902, -84.5092168312 38.9795724137, -84.5091762041 38.979479466, -84.5091359128 38.9793461626, -84.5090988085 38.9791703349, -84.5090473169 38.9788686113, -84.508950922 38.978229539, -84.5089108703 38.9780306184)"
"District 06","Kenton","06-80309.00","I","75","I-75","NEW INTERCHANGE(O)","182.7","185.7","RECONSTRUCT I-75 INTERCHANGE AT KY 236 (DONALDSON HIGHWAY). (2024CCN)","","2024","2026","R","NH","10800000","2030","","","","059-I-0075-000","LINESTRING (-84.6170805982 39.021472107, -84.6164207974 39.022075352, -84.6161011801 39.0223943668, -84.6118604692 39.0266254985, -84.6108557379 39.027672117, -84.6098823045 39.0286962371, -84.6089612702 39.0296318962, -84.6084886891 39.0300716047, -84.6079109764 39.0305484687, -84.6076066649 39.0307621806, -84.6066474499 39.0314358144, -84.6061061548 39.0317441719, -84.6052310339 39.0321945685, -84.603787079 39.0328448713, -84.6026621175 39.0333326649, -84.5997220518 39.0346071565, -84.5983032066 39.0352439066, -84.5954840781 39.0365408735, -84.5926676594 39.0377938721, -84.5912813678 39.0383902216, -84.589869771 39.0390266681, -84.5889327522 39.0393950801, -84.5884640617 39.0395794188, -84.5869580712 39.0401276091, -84.5855034726 39.0406087421, -84.5831157246 39.041387978, -84.5829367031 39.0414597537)"
"District 06","Kenton","06-80309.00","I","75","I-75","NEW INTERCHANGE(O)","182.7","185.7","RECONSTRUCT I-75 INTERCHANGE AT KY 236 (DONALDSON HIGHWAY). (2024CCN)","","2024","2026","D","NH","3240000","2029","","","","059-I-0075-000","LINESTRING (-84.6170805982 39.021472107, -84.6164207974 39.022075352, -84.6161011801 39.0223943668, -84.6118604692 39.0266254985, -84.6108557379 39.027672117, -84.6098823045 39.0286962371, -84.6089612702 39.0296318962, -84.6084886891 39.0300716047, -84.6079109764 39.0305484687, -84.6076066649 39.0307621806, -84.6066474499 39.0314358144, -84.6061061548 39.0317441719, -84.6052310339 39.0321945685, -84.603787079 39.0328448713, -84.6026621175 39.0333326649, -84.5997220518 39.0346071565, -84.5983032066 39.0352439066, -84.5954840781 39.0365408735, -84.5926676594 39.0377938721, -84.5912813678 39.0383902216, -84.589869771 39.0390266681, -84.5889327522 39.0393950801, -84.5884640617 39.0395794188, -84.5869580712 39.0401276091, -84.5855034726 39.0406087421, -84.5831157246 39.041387978, -84.5829367031 39.0414597537)"
"District 06","Kenton","06-80309.00","I","75","I-75","NEW INTERCHANGE(O)","182.7","185.7","RECONSTRUCT I-75 INTERCHANGE AT KY 236 (DONALDSON HIGHWAY). (2024CCN)","","2024","2026","C","NH","23560000","2032","","","","059-I-0075-000","LINESTRING (-84.6170805982 39.021472107, -84.6164207974 39.022075352, -84.6161011801 39.0223943668, -84.6118604692 39.0266254985, -84.6108557379 39.027672117, -84.6098823045 39.0286962371, -84.6089612702 39.0296318962, -84.6084886891 39.0300716047, -84.6079109764 39.0305484687, -84.6076066649 39.0307621806, -84.6066474499 39.0314358144, -84.6061061548 39.0317441719, -84.6052310339 39.0321945685, -84.603787079 39.0328448713, -84.6026621175 39.0333326649, -84.5997220518 39.0346071565, -84.5983032066 39.0352439066, -84.5954840781 39.0365408735, -84.5926676594 39.0377938721, -84.5912813678 39.0383902216, -84.589869771 39.0390266681, -84.5889327522 39.0393950801, -84.5884640617 39.0395794188, -84.5869580712 39.0401276091, -84.5855034726 39.0406087421, -84.5831157246 39.041387978, -84.5829367031 39.0414597537)"
"District 06","Kenton","06-80309.00","I","75","I-75","NEW INTERCHANGE(O)","182.7","185.7","RECONSTRUCT I-75 INTERCHANGE AT KY 236 (DONALDSON HIGHWAY). (2024CCN)","","2024","2026","U","NH","3480000","2031","","","","059-I-0075-000","LINESTRING (-84.6170805982 39.021472107, -84.6164207974 39.022075352, -84.6161011801 39.0223943668, -84.6118604692 39.0266254985, -84.6108557379 39.027672117, -84.6098823045 39.0286962371, -84.6089612702 39.0296318962, -84.6084886891 39.0300716047, -84.6079109764 39.0305484687, -84.6076066649 39.0307621806, -84.6066474499 39.0314358144, -84.6061061548 39.0317441719, -84.6052310339 39.0321945685, -84.603787079 39.0328448713, -84.6026621175 39.0333326649, -84.5997220518 39.0346071565, -84.5983032066 39.0352439066, -84.5954840781 39.0365408735, -84.5926676594 39.0377938721, -84.5912813678 39.0383902216, -84.589869771 39.0390266681, -84.5889327522 39.0393950801, -84.5884640617 39.0395794188, -84.5869580712 39.0401276091, -84.5855034726 39.0406087421, -84.5831157246 39.041387978, -84.5829367031 39.0414597537)"
"District 06","Kenton","06-80400.00","I","75","I-75","I-CHANGE RECONST(O)","185.3","186.9","Construct new DCD interchange on I-75 in Kenton County at Buttermilk Pike (KY 371) (2026CCN)","","2026","2026","C","NH","70000000","2032","","","","059-I-0075-000","LINESTRING (-84.5896020523 39.0391319294, -84.5889327522 39.0393950801, -84.5884640617 39.0395794188, -84.5869580712 39.0401276091, -84.5855034726 39.0406087421, -84.5831157246 39.041387978, -84.5826437581 39.0415772043, -84.5822163834 39.0417737271, -84.5818310045 39.0419637945, -84.581326011 39.0422361549, -84.5808600034 39.0425141093, -84.5785922474 39.0441210844, -84.5742323651 39.0472108881, -84.5730565756 39.0480504202, -84.5718714933 39.0488750237, -84.5712521072 39.0492486199, -84.5709458758 39.0494171935, -84.5705928891 39.049602877, -84.5700261948 39.0498745814, -84.5695822453 39.0500676005, -84.5692309937 39.0502110175, -84.568652343 39.0504161565, -84.5682622846 39.0505424403, -84.5677740143 39.0506888921, -84.5672196348 39.0508300215, -84.5667510443 39.0509352071, -84.5662329494 39.0510316652, -84.5657387389 39.0511099631, -84.5654216265 39.0511480576)"
"District 06","Kenton","06-80400.00","I","75","I-75","I-CHANGE RECONST(O)","185.3","186.9","Construct new DCD interchange on I-75 in Kenton County at Buttermilk Pike (KY 371) (2026CCN)","","2026","2026","D","NH","5000000","2027","","","","059-I-0075-000","LINESTRING (-84.5896020523 39.0391319294, -84.5889327522 39.0393950801, -84.5884640617 39.0395794188, -84.5869580712 39.0401276091, -84.5855034726 39.0406087421, -84.5831157246 39.041387978, -84.5826437581 39.0415772043, -84.5822163834 39.0417737271, -84.5818310045 39.0419637945, -84.581326011 39.0422361549, -84.5808600034 39.0425141093, -84.5785922474 39.0441210844, -84.5742323651 39.0472108881, -84.5730565756 39.0480504202, -84.5718714933 39.0488750237, -84.5712521072 39.0492486199, -84.5709458758 39.0494171935, -84.5705928891 39.049602877, -84.5700261948 39.0498745814, -84.5695822453 39.0500676005, -84.5692309937 39.0502110175, -84.568652343 39.0504161565, -84.5682622846 39.0505424403, -84.5677740143 39.0506888921, -84.5672196348 39.0508300215, -84.5667510443 39.0509352071, -84.5662329494 39.0510316652, -84.5657387389 39.0511099631, -84.5654216265 39.0511480576)"
"District 06","Kenton","06-80400.00","I","75","I-75","I-CHANGE RECONST(O)","185.3","186.9","Construct new DCD interchange on I-75 in Kenton County at Buttermilk Pike (KY 371) (2026CCN)","","2026","2026","U","NH","3500000","2031","","","","059-I-0075-000","LINESTRING (-84.5896020523 39.0391319294, -84.5889327522 39.0393950801, -84.5884640617 39.0395794188, -84.5869580712 39.0401276091, -84.5855034726 39.0406087421, -84.5831157246 39.041387978, -84.5826437581 39.0415772043, -84.5822163834 39.0417737271, -84.5818310045 39.0419637945, -84.581326011 39.0422361549, -84.5808600034 39.0425141093, -84.5785922474 39.0441210844, -84.5742323651 39.0472108881, -84.5730565756 39.0480504202, -84.5718714933 39.0488750237, -84.5712521072 39.0492486199, -84.5709458758 39.0494171935, -84.5705928891 39.049602877, -84.5700261948 39.0498745814, -84.5695822453 39.0500676005, -84.5692309937 39.0502110175, -84.568652343 39.0504161565, -84.5682622846 39.0505424403, -84.5677740143 39.0506888921, -84.5672196348 39.0508300215, -84.5667510443 39.0509352071, -84.5662329494 39.0510316652, -84.5657387389 39.0511099631, -84.5654216265 39.0511480576)"
"District 06","Kenton","06-80400.00","I","75","I-75","I-CHANGE RECONST(O)","185.3","186.9","Construct new DCD interchange on I-75 in Kenton County at Buttermilk Pike (KY 371) (2026CCN)","","2026","2026","R","NH","6000000","2030","","","","059-I-0075-000","LINESTRING (-84.5896020523 39.0391319294, -84.5889327522 39.0393950801, -84.5884640617 39.0395794188, -84.5869580712 39.0401276091, -84.5855034726 39.0406087421, -84.5831157246 39.041387978, -84.5826437581 39.0415772043, -84.5822163834 39.0417737271, -84.5818310045 39.0419637945, -84.581326011 39.0422361549, -84.5808600034 39.0425141093, -84.5785922474 39.0441210844, -84.5742323651 39.0472108881, -84.5730565756 39.0480504202, -84.5718714933 39.0488750237, -84.5712521072 39.0492486199, -84.5709458758 39.0494171935, -84.5705928891 39.049602877, -84.5700261948 39.0498745814, -84.5695822453 39.0500676005, -84.5692309937 39.0502110175, -84.568652343 39.0504161565, -84.5682622846 39.0505424403, -84.5677740143 39.0506888921, -84.5672196348 39.0508300215, -84.5667510443 39.0509352071, -84.5662329494 39.0510316652, -84.5657387389 39.0511099631, -84.5654216265 39.0511480576)"
"District 06","Kenton","06-80418.00","KY","536","KY-536","CONGESTION MITIGTN(O)","10.24","10.466","Provide connectivity, improve mobility and reduce congestion along KY 536 from KY 177 in Kenton County to KY 1936 in Campbell County, providing a new crossing over the RR and Licking River. (MP 10.241 - 10.466) (2026CCN)","","2026","2026","U","SPP","3000000","2031","","","","059-KY-0536-000","LINESTRING (-84.4522917796 38.9196293396, -84.4493897414 38.920123041, -84.4484028682 38.920277307)"
"District 06","Kenton","06-80418.00","KY","536","KY-536","CONGESTION MITIGTN(O)","10.24","10.466","Provide connectivity, improve mobility and reduce congestion along KY 536 from KY 177 in Kenton County to KY 1936 in Campbell County, providing a new crossing over the RR and Licking River. (MP 10.241 - 10.466) (2026CCN)","","2026","2026","C","SPP","78000000","2032","","","","059-KY-0536-000","LINESTRING (-84.4522917796 38.9196293396, -84.4493897414 38.920123041, -84.4484028682 38.920277307)"
"District 06","Kenton","06-80418.00","KY","536","KY-536","CONGESTION MITIGTN(O)","10.24","10.466","Provide connectivity, improve mobility and reduce congestion along KY 536 from KY 177 in Kenton County to KY 1936 in Campbell County, providing a new crossing over the RR and Licking River. (MP 10.241 - 10.466) (2026CCN)","","2026","2026","D","SPP","12500000","2030","","","","059-KY-0536-000","LINESTRING (-84.4522917796 38.9196293396, -84.4493897414 38.920123041, -84.4484028682 38.920277307)"
"District 06","Kenton","06-80418.00","KY","536","KY-536","CONGESTION MITIGTN(O)","10.24","10.466","Provide connectivity, improve mobility and reduce congestion along KY 536 from KY 177 in Kenton County to KY 1936 in Campbell County, providing a new crossing over the RR and Licking River. (MP 10.241 - 10.466) (2026CCN)","","2026","2026","R","SPP","2500000","2031","","","","059-KY-0536-000","LINESTRING (-84.4522917796 38.9196293396, -84.4493897414 38.920123041, -84.4484028682 38.920277307)"
"District 06","Owen","06-08702.00","KY","22","KY-22","MAJOR WIDENING(O)","16.057","18.549","WIDEN KY 22 FROM INTERSECTION WITH KY 845 TO THE OWEN/GRANT COUNTY LINE.(12CCN)(14CCR)(16CCR)  (2024CCN)","","2012","2026","C","SPP","21600000","2032","","","","094-KY-0022-000","LINESTRING (-84.7463992129 38.5603367392, -84.7470591845 38.5617760235, -84.7471915308 38.5620975979, -84.747244131 38.56229191, -84.7472657716 38.5624228018, -84.7472797232 38.5625533541, -84.7472831576 38.5626857404, -84.7472804885 38.5627529946, -84.7472633204 38.5628830097, -84.7472381023 38.5630135073, -84.7472027495 38.5631433687, -84.7471252851 38.5633346605, -84.7470276253 38.5635194656, -84.7469497614 38.5636377107, -84.746865994 38.5637528839, -84.7466040714 38.5640821153, -84.7464884485 38.5642502923, -84.7464021492 38.5644225611, -84.7463413137 38.5645997133, -84.7463134229 38.5647208511, -84.7462969444 38.5649024968, -84.7463088264 38.5650819106, -84.7463465796 38.5654408566, -84.7463532541 38.5656174799, -84.7463322736 38.5657957929, -84.7462957073 38.5659374521, -84.7461931038 38.5661763109, -84.7461111402 38.5663126435, -84.7459714022 38.5664792431, -84.745885588 38.5665647429, -84.7457745332 38.5666544222, -84.7446508638 38.5674363184, -84.7444547396 38.5675823941, -84.7442548788 38.5677457373, -84.7441033292 38.5679059193, -84.7439610594 38.5680779874, -84.7437448326 38.568414189, -84.7436523502 38.5685773418, -84.7435755576 38.5687441969, -84.7435109586 38.5689144506, -84.743456036 38.5690932991, -84.7433236073 38.569694373, -84.7432728627 38.5698490923, -84.7432144988 38.5699982542, -84.7431560864 38.5701254477, -84.7429178517 38.5705605916, -84.7426979593 38.5709335563, -84.7421041513 38.5719162553, -84.7414406496 38.5730309908, -84.741336808 38.5731800404, -84.7412299655 38.5733183557, -84.741128051 38.5734289776, -84.7410126399 38.573529051, -84.7408949397 38.5736175711, -84.7407661062 38.5737016027, -84.7406272403 38.5737775859, -84.7404773409 38.5738419418, -84.7403490068 38.573889731, -84.7402288682 38.5739266046, -84.7400940656 38.5739614319, -84.7399359397 38.573988098, -84.7391595995 38.5740490502, -84.7384113674 38.5741009004, -84.7381590074 38.5741122077, -84.7379141106 38.5741150651, -84.7376617649 38.574100011, -84.7374982875 38.5740835147, -84.73725748 38.5740435693, -84.7368306472 38.5739482163, -84.7364503247 38.5738538073, -84.7363184638 38.5738276942, -84.7360380402 38.5737942723, -84.7358855092 38.5737957172, -84.7357339321 38.573804036, -84.7355847123 38.5738189638, -84.7353697118 38.5738605149, -84.7351597365 38.5739180359, -84.7349568207 38.5739962119, -84.7347736431 38.5740888354, -84.7346035686 38.5741950255, -84.734503207 38.5742685845, -84.7343631122 38.5743821694, -84.7342135307 38.5745239574, -84.7340746468 38.5746762716, -84.7339535814 38.5748301104, -84.7338411095 38.5749947321, -84.7337392873 38.5751734499, -84.7335018634 38.5756961783, -84.7334132802 38.5758785782, -84.7333286514 38.5760280599, -84.7332346285 38.576173891, -84.7331241357 38.5763217787, -84.7329740412 38.5765000825, -84.7328228252 38.5766583303, -84.7327147161 38.5767603797, -84.7326110019 38.5768481878, -84.7324618013 38.5769619671, -84.7322770481 38.5770916441, -84.7320780498 38.5772143337, -84.7318637788 38.5773283789, -84.7316422618 38.5774352226, -84.7314130933 38.5775387054, -84.7311759957 38.5776338813, -84.7309389995 38.577721644, -84.7306863238 38.5778048779, -84.7304421848 38.577878024, -84.7301893733 38.5779458788, -84.7299304294 38.5780018715, -84.7295031955 38.5780849779, -84.7276731085 38.5784248595, -84.7274543658 38.5784825661, -84.7272581066 38.5785585889, -84.7270779624 38.5786578167, -84.7269185792 38.5787734242, -84.7267876629 38.5789046541, -84.7267509641 38.578952393, -84.7266848972 38.5790490328, -84.7266075811 38.5791996708, -84.7265623416 38.5793579996, -84.7265506596 38.5794930019, -84.7265525965 38.5795797917, -84.7265681895 38.5796905886, -84.7266141955 38.5798529984, -84.7266864063 38.5800178291, -84.7268520071 38.5803589334, -84.7269142669 38.5805349371, -84.7269288289 38.580594376, -84.7269529051 38.5807741709, -84.7269589163 38.5808947708, -84.7269457958 38.5810827584, -84.7269099926 38.5812667058, -84.7268689835 38.5814225988, -84.7267329468 38.5818198706, -84.7266150104 38.582123385, -84.7265879319 38.5821835635, -84.7264885678 38.5823595497, -84.7263717714 38.582531266, -84.7262285199 38.582693419, -84.7260682482 38.5828469116, -84.7258920526 38.5829881848, -84.7255262782 38.5832519438, -84.7253537336 38.5833822637, -84.7251915658 38.5835209108, -84.7250605869 38.5836557084, -84.7249216903 38.5838563403, -84.7248443927 38.5840050555, -84.7247806524 38.5841849169, -84.7247409364 38.5843729487, -84.7247282405 38.5845551719, -84.7247579396 38.5861074563, -84.7247479308 38.5862726779, -84.7247222369 38.5864586338, -84.7246670746 38.5866503772, -84.7245875513 38.5868328482, -84.7245186371 38.5869571956)"
"District 06","Owen","06-08702.00","KY","22","KY-22","MAJOR WIDENING(O)","16.057","18.549","WIDEN KY 22 FROM INTERSECTION WITH KY 845 TO THE OWEN/GRANT COUNTY LINE.(12CCN)(14CCR)(16CCR)  (2024CCN)","","2012","2026","U","SPP","1350000","2030","","","","094-KY-0022-000","LINESTRING (-84.7463992129 38.5603367392, -84.7470591845 38.5617760235, -84.7471915308 38.5620975979, -84.747244131 38.56229191, -84.7472657716 38.5624228018, -84.7472797232 38.5625533541, -84.7472831576 38.5626857404, -84.7472804885 38.5627529946, -84.7472633204 38.5628830097, -84.7472381023 38.5630135073, -84.7472027495 38.5631433687, -84.7471252851 38.5633346605, -84.7470276253 38.5635194656, -84.7469497614 38.5636377107, -84.746865994 38.5637528839, -84.7466040714 38.5640821153, -84.7464884485 38.5642502923, -84.7464021492 38.5644225611, -84.7463413137 38.5645997133, -84.7463134229 38.5647208511, -84.7462969444 38.5649024968, -84.7463088264 38.5650819106, -84.7463465796 38.5654408566, -84.7463532541 38.5656174799, -84.7463322736 38.5657957929, -84.7462957073 38.5659374521, -84.7461931038 38.5661763109, -84.7461111402 38.5663126435, -84.7459714022 38.5664792431, -84.745885588 38.5665647429, -84.7457745332 38.5666544222, -84.7446508638 38.5674363184, -84.7444547396 38.5675823941, -84.7442548788 38.5677457373, -84.7441033292 38.5679059193, -84.7439610594 38.5680779874, -84.7437448326 38.568414189, -84.7436523502 38.5685773418, -84.7435755576 38.5687441969, -84.7435109586 38.5689144506, -84.743456036 38.5690932991, -84.7433236073 38.569694373, -84.7432728627 38.5698490923, -84.7432144988 38.5699982542, -84.7431560864 38.5701254477, -84.7429178517 38.5705605916, -84.7426979593 38.5709335563, -84.7421041513 38.5719162553, -84.7414406496 38.5730309908, -84.741336808 38.5731800404, -84.7412299655 38.5733183557, -84.741128051 38.5734289776, -84.7410126399 38.573529051, -84.7408949397 38.5736175711, -84.7407661062 38.5737016027, -84.7406272403 38.5737775859, -84.7404773409 38.5738419418, -84.7403490068 38.573889731, -84.7402288682 38.5739266046, -84.7400940656 38.5739614319, -84.7399359397 38.573988098, -84.7391595995 38.5740490502, -84.7384113674 38.5741009004, -84.7381590074 38.5741122077, -84.7379141106 38.5741150651, -84.7376617649 38.574100011, -84.7374982875 38.5740835147, -84.73725748 38.5740435693, -84.7368306472 38.5739482163, -84.7364503247 38.5738538073, -84.7363184638 38.5738276942, -84.7360380402 38.5737942723, -84.7358855092 38.5737957172, -84.7357339321 38.573804036, -84.7355847123 38.5738189638, -84.7353697118 38.5738605149, -84.7351597365 38.5739180359, -84.7349568207 38.5739962119, -84.7347736431 38.5740888354, -84.7346035686 38.5741950255, -84.734503207 38.5742685845, -84.7343631122 38.5743821694, -84.7342135307 38.5745239574, -84.7340746468 38.5746762716, -84.7339535814 38.5748301104, -84.7338411095 38.5749947321, -84.7337392873 38.5751734499, -84.7335018634 38.5756961783, -84.7334132802 38.5758785782, -84.7333286514 38.5760280599, -84.7332346285 38.576173891, -84.7331241357 38.5763217787, -84.7329740412 38.5765000825, -84.7328228252 38.5766583303, -84.7327147161 38.5767603797, -84.7326110019 38.5768481878, -84.7324618013 38.5769619671, -84.7322770481 38.5770916441, -84.7320780498 38.5772143337, -84.7318637788 38.5773283789, -84.7316422618 38.5774352226, -84.7314130933 38.5775387054, -84.7311759957 38.5776338813, -84.7309389995 38.577721644, -84.7306863238 38.5778048779, -84.7304421848 38.577878024, -84.7301893733 38.5779458788, -84.7299304294 38.5780018715, -84.7295031955 38.5780849779, -84.7276731085 38.5784248595, -84.7274543658 38.5784825661, -84.7272581066 38.5785585889, -84.7270779624 38.5786578167, -84.7269185792 38.5787734242, -84.7267876629 38.5789046541, -84.7267509641 38.578952393, -84.7266848972 38.5790490328, -84.7266075811 38.5791996708, -84.7265623416 38.5793579996, -84.7265506596 38.5794930019, -84.7265525965 38.5795797917, -84.7265681895 38.5796905886, -84.7266141955 38.5798529984, -84.7266864063 38.5800178291, -84.7268520071 38.5803589334, -84.7269142669 38.5805349371, -84.7269288289 38.580594376, -84.7269529051 38.5807741709, -84.7269589163 38.5808947708, -84.7269457958 38.5810827584, -84.7269099926 38.5812667058, -84.7268689835 38.5814225988, -84.7267329468 38.5818198706, -84.7266150104 38.582123385, -84.7265879319 38.5821835635, -84.7264885678 38.5823595497, -84.7263717714 38.582531266, -84.7262285199 38.582693419, -84.7260682482 38.5828469116, -84.7258920526 38.5829881848, -84.7255262782 38.5832519438, -84.7253537336 38.5833822637, -84.7251915658 38.5835209108, -84.7250605869 38.5836557084, -84.7249216903 38.5838563403, -84.7248443927 38.5840050555, -84.7247806524 38.5841849169, -84.7247409364 38.5843729487, -84.7247282405 38.5845551719, -84.7247579396 38.5861074563, -84.7247479308 38.5862726779, -84.7247222369 38.5864586338, -84.7246670746 38.5866503772, -84.7245875513 38.5868328482, -84.7245186371 38.5869571956)"
"District 06","Owen","06-08702.00","KY","22","KY-22","MAJOR WIDENING(O)","16.057","18.549","WIDEN KY 22 FROM INTERSECTION WITH KY 845 TO THE OWEN/GRANT COUNTY LINE.(12CCN)(14CCR)(16CCR)  (2024CCN)","","2012","2026","R","SPP","3300000","2029","","","","094-KY-0022-000","LINESTRING (-84.7463992129 38.5603367392, -84.7470591845 38.5617760235, -84.7471915308 38.5620975979, -84.747244131 38.56229191, -84.7472657716 38.5624228018, -84.7472797232 38.5625533541, -84.7472831576 38.5626857404, -84.7472804885 38.5627529946, -84.7472633204 38.5628830097, -84.7472381023 38.5630135073, -84.7472027495 38.5631433687, -84.7471252851 38.5633346605, -84.7470276253 38.5635194656, -84.7469497614 38.5636377107, -84.746865994 38.5637528839, -84.7466040714 38.5640821153, -84.7464884485 38.5642502923, -84.7464021492 38.5644225611, -84.7463413137 38.5645997133, -84.7463134229 38.5647208511, -84.7462969444 38.5649024968, -84.7463088264 38.5650819106, -84.7463465796 38.5654408566, -84.7463532541 38.5656174799, -84.7463322736 38.5657957929, -84.7462957073 38.5659374521, -84.7461931038 38.5661763109, -84.7461111402 38.5663126435, -84.7459714022 38.5664792431, -84.745885588 38.5665647429, -84.7457745332 38.5666544222, -84.7446508638 38.5674363184, -84.7444547396 38.5675823941, -84.7442548788 38.5677457373, -84.7441033292 38.5679059193, -84.7439610594 38.5680779874, -84.7437448326 38.568414189, -84.7436523502 38.5685773418, -84.7435755576 38.5687441969, -84.7435109586 38.5689144506, -84.743456036 38.5690932991, -84.7433236073 38.569694373, -84.7432728627 38.5698490923, -84.7432144988 38.5699982542, -84.7431560864 38.5701254477, -84.7429178517 38.5705605916, -84.7426979593 38.5709335563, -84.7421041513 38.5719162553, -84.7414406496 38.5730309908, -84.741336808 38.5731800404, -84.7412299655 38.5733183557, -84.741128051 38.5734289776, -84.7410126399 38.573529051, -84.7408949397 38.5736175711, -84.7407661062 38.5737016027, -84.7406272403 38.5737775859, -84.7404773409 38.5738419418, -84.7403490068 38.573889731, -84.7402288682 38.5739266046, -84.7400940656 38.5739614319, -84.7399359397 38.573988098, -84.7391595995 38.5740490502, -84.7384113674 38.5741009004, -84.7381590074 38.5741122077, -84.7379141106 38.5741150651, -84.7376617649 38.574100011, -84.7374982875 38.5740835147, -84.73725748 38.5740435693, -84.7368306472 38.5739482163, -84.7364503247 38.5738538073, -84.7363184638 38.5738276942, -84.7360380402 38.5737942723, -84.7358855092 38.5737957172, -84.7357339321 38.573804036, -84.7355847123 38.5738189638, -84.7353697118 38.5738605149, -84.7351597365 38.5739180359, -84.7349568207 38.5739962119, -84.7347736431 38.5740888354, -84.7346035686 38.5741950255, -84.734503207 38.5742685845, -84.7343631122 38.5743821694, -84.7342135307 38.5745239574, -84.7340746468 38.5746762716, -84.7339535814 38.5748301104, -84.7338411095 38.5749947321, -84.7337392873 38.5751734499, -84.7335018634 38.5756961783, -84.7334132802 38.5758785782, -84.7333286514 38.5760280599, -84.7332346285 38.576173891, -84.7331241357 38.5763217787, -84.7329740412 38.5765000825, -84.7328228252 38.5766583303, -84.7327147161 38.5767603797, -84.7326110019 38.5768481878, -84.7324618013 38.5769619671, -84.7322770481 38.5770916441, -84.7320780498 38.5772143337, -84.7318637788 38.5773283789, -84.7316422618 38.5774352226, -84.7314130933 38.5775387054, -84.7311759957 38.5776338813, -84.7309389995 38.577721644, -84.7306863238 38.5778048779, -84.7304421848 38.577878024, -84.7301893733 38.5779458788, -84.7299304294 38.5780018715, -84.7295031955 38.5780849779, -84.7276731085 38.5784248595, -84.7274543658 38.5784825661, -84.7272581066 38.5785585889, -84.7270779624 38.5786578167, -84.7269185792 38.5787734242, -84.7267876629 38.5789046541, -84.7267509641 38.578952393, -84.7266848972 38.5790490328, -84.7266075811 38.5791996708, -84.7265623416 38.5793579996, -84.7265506596 38.5794930019, -84.7265525965 38.5795797917, -84.7265681895 38.5796905886, -84.7266141955 38.5798529984, -84.7266864063 38.5800178291, -84.7268520071 38.5803589334, -84.7269142669 38.5805349371, -84.7269288289 38.580594376, -84.7269529051 38.5807741709, -84.7269589163 38.5808947708, -84.7269457958 38.5810827584, -84.7269099926 38.5812667058, -84.7268689835 38.5814225988, -84.7267329468 38.5818198706, -84.7266150104 38.582123385, -84.7265879319 38.5821835635, -84.7264885678 38.5823595497, -84.7263717714 38.582531266, -84.7262285199 38.582693419, -84.7260682482 38.5828469116, -84.7258920526 38.5829881848, -84.7255262782 38.5832519438, -84.7253537336 38.5833822637, -84.7251915658 38.5835209108, -84.7250605869 38.5836557084, -84.7249216903 38.5838563403, -84.7248443927 38.5840050555, -84.7247806524 38.5841849169, -84.7247409364 38.5843729487, -84.7247282405 38.5845551719, -84.7247579396 38.5861074563, -84.7247479308 38.5862726779, -84.7247222369 38.5864586338, -84.7246670746 38.5866503772, -84.7245875513 38.5868328482, -84.7245186371 38.5869571956)"
"District 06","Owen","06-80319.00","KY","355","KY-355","RECONSTRUCTION(O)","6.4","12.6","RECONSTRUCTION KY 355 FROM KY 22 IN GRATZ TO KY 1982 NEAR PERRY PARK. (2024CCN)","","2024","2026","U","SPP","2400000","2030","","","","094-KY-0355-000","LINESTRING (-84.9528475717 38.4747837595, -84.9529546815 38.4747774173, -84.9530659043 38.4747644339, -84.9531772149 38.4747434878, -84.9533047017 38.4747124896, -84.953429825 38.4746740613, -84.9535659311 38.4746214265, -84.9538776946 38.4744766055, -84.9543093056 38.4742642105, -84.954518565 38.4741656578, -84.9546824325 38.4740975556, -84.954800594 38.4740566081, -84.9550257985 38.4740015484, -84.9551391138 38.4739888511, -84.9553138104 38.4739850781, -84.9554436978 38.4739903415, -84.9556275518 38.4740118923, -84.9558108843 38.4740493668, -84.9559648293 38.4740910373, -84.9561272957 38.4741522625, -84.9562409832 38.4742019017, -84.9563593566 38.4742705203, -84.9564900907 38.474358992, -84.9566368713 38.4744818972, -84.9567757479 38.4746250689, -84.957501265 38.4754666291, -84.9579644238 38.4759878955, -84.9581120161 38.4761330462, -84.9582702079 38.4762672832, -84.9583568282 38.4763332168, -84.9585398967 38.4764604795, -84.9593421716 38.4769579134, -84.959703306 38.477223662, -84.9598717751 38.4773771874, -84.9600138069 38.477520377, -84.9601456148 38.477672285, -84.9602594787 38.4778361566, -84.9603488561 38.4780031598, -84.960411433 38.4781611974, -84.9604556283 38.478339159, -84.9604825409 38.4785650608, -84.9604935158 38.4787787745, -84.9604948687 38.4791074829, -84.9604798077 38.4796629022, -84.9604875632 38.4799485402, -84.9604970408 38.4800416931, -84.9605425931 38.4802885887, -84.9606159219 38.4805513215, -84.9607075104 38.480805388, -84.9607921305 38.4809929545, -84.960840463 38.4810789516, -84.960942395 38.4812485091, -84.9610541522 38.4814140135, -84.9611119635 38.4814956798, -84.9612439508 38.4816643385, -84.9615284748 38.4819424774, -84.9629762545 38.4832053662, -84.963193539 38.4834020482, -84.9634048117 38.4836058296, -84.9635405796 38.483748424, -84.9637840226 38.4840474299, -84.9638851432 38.4841958346, -84.9639802088 38.484355184, -84.9640637283 38.4845161045, -84.9641384676 38.4846813598, -84.9642005142 38.4848575152, -84.9642446598 38.485041516, -84.9642782501 38.485232312, -84.9642996095 38.4854235757, -84.964305858 38.4856229777, -84.9643016285 38.4857242782, -84.964281274 38.4859284461, -84.9642093688 38.4864442208, -84.9639882703 38.4876455112, -84.9639389656 38.4879428525, -84.9638822483 38.4883450425, -84.9638647109 38.4885470329, -84.9638520376 38.4888492843, -84.9638574812 38.4890585663, -84.9638800847 38.4892641176, -84.9639511058 38.4896789608, -84.9640034023 38.4898849834, -84.9640581972 38.4900860792, -84.9641270059 38.4902836984, -84.9642026137 38.4904662592, -84.9643000631 38.4906648914, -84.9644045843 38.4908556068, -84.9644626183 38.4909501791, -84.9646440887 38.4912311979, -84.9649063341 38.4916041922, -84.9651879121 38.4920319597, -84.9654179966 38.4923742593, -84.9656702594 38.4927666832, -84.9660667124 38.4933660079, -84.9661176865 38.4934349946, -84.9661540517 38.4934978439, -84.9665931303 38.4941636276, -84.9668791678 38.4946337082, -84.9670740532 38.4949689069, -84.9672976044 38.4953685516, -84.9677635131 38.4962399082, -84.9680389516 38.496787902, -84.9683026707 38.4973539414, -84.9684189067 38.4976276594, -84.9686193907 38.4980620234, -84.9688966755 38.4987003697, -84.9689971307 38.4989141209, -84.9695351103 38.5001423727, -84.9699647798 38.501107943, -84.9701396409 38.5015547673, -84.9702949045 38.5020044824, -84.9705014394 38.5026607581, -84.970657113 38.5033024205, -84.9707441288 38.5037297192, -84.9708584137 38.5043862125, -84.9709151295 38.5048369275, -84.9709241954 38.505069024, -84.9709421337 38.5053212238, -84.9709496682 38.5055659409, -84.9709498253 38.5058800835, -84.9709393206 38.5061123253, -84.9709435004 38.5063438399, -84.9709400606 38.5065689892, -84.9709507036 38.507343428, -84.9709474825 38.5075150319, -84.9709551401 38.5078467975, -84.9709470912 38.5084728302, -84.9709208273 38.5093988807, -84.9709274607 38.5098599755, -84.9709507195 38.5103681359, -84.9709741586 38.5106947876, -84.9710209317 38.5110292808, -84.9711441674 38.5116668836, -84.971221931 38.5119793381, -84.9713768325 38.5124658435, -84.9715336617 38.5129026597, -84.9718074163 38.5135190045, -84.9719738992 38.5138699336, -84.972483692 38.514870888, -84.9727051456 38.515246066, -84.972797952 38.5153933085, -84.9730555722 38.51575307, -84.9732996105 38.5160424449, -84.9734291542 38.5161863573, -84.9735577583 38.5163198293, -84.9738325175 38.5165800216, -84.9742323449 38.5169780548, -84.9744507221 38.517182958, -84.974685582 38.5173827508, -84.974843336 38.5175035062, -84.9751808449 38.5177138527, -84.975523216 38.5178942999, -84.9758012394 38.5180119929, -84.9760955622 38.5181089215, -84.976568766 38.5182460077, -84.9768243888 38.5183338953, -84.9771500748 38.5184730389, -84.9773528002 38.5185723892, -84.977928685 38.5188834089, -84.9785755849 38.5192555729, -84.9787877514 38.5193549823, -84.9792163069 38.5195178546, -84.9796486746 38.5196508182, -84.9798599006 38.5197068326, -84.9800751971 38.5197746811, -84.9802819321 38.5198589494, -84.9804780685 38.5199541329, -84.9806725413 38.5200745677, -84.9808456551 38.5201987087, -84.9810142748 38.5203513783, -84.9811616921 38.5204929265, -84.9812960382 38.5206475703, -84.9815155777 38.5209779586, -84.9816098627 38.5211532123, -84.9817263864 38.5214411954, -84.981826646 38.521746921, -84.9822480214 38.5231314191, -84.9825489923 38.5240985731, -84.9827913854 38.524918713, -84.9828436874 38.5251650894, -84.982885273 38.5254668655, -84.9829156695 38.5257688439, -84.9829205966 38.5259995366, -84.982898845 38.5265082247, -84.9829025892 38.5268852701, -84.9829668465 38.527726501, -84.9830103786 38.5281095699, -84.9830265191 38.5282041348, -84.983129991 38.5285716645, -84.9832066527 38.5287621803, -84.9833014022 38.5289278241, -84.9834049884 38.5290841888, -84.9836569934 38.5293886948, -84.9837293117 38.5294597328, -84.9840440938 38.5297451461, -84.9844750354 38.5300881489, -84.9847283796 38.5302987487, -84.9850381282 38.5305981315, -84.9852570036 38.5308291038, -84.985738267 38.5313761761, -84.9865392048 38.5323122071, -84.9866713692 38.5324780887, -84.9869462348 38.5328055249, -84.9870916711 38.5329728638, -84.9873219323 38.5332195568, -84.9875711946 38.5334545636, -84.9877476108 38.5336015061, -84.9880683195 38.5338916146, -84.9897061889 38.5353398913, -84.9901011549 38.5357191632, -84.990614828 38.5362491224, -84.9908134639 38.5364796789, -84.9909490856 38.5366510699, -84.9913880503 38.5372393116, -84.9915543423 38.5374877833, -84.991740095 38.5377476379, -84.9923658776 38.5386635615, -84.9926509857 38.5391547087, -84.992734871 38.5393263154, -84.992962702 38.5398459289, -84.9930462435 38.5400169845, -84.9932617827 38.54040691, -84.9933692634 38.5405621916, -84.9936190077 38.5408902756, -84.9944196408 38.5417400235, -84.9947485967 38.5421180352, -84.9950263487 38.5424775984, -84.9953135789 38.5429017498, -84.9960466889 38.5440314188, -84.9961776511 38.5442165025, -84.9963111525 38.5443925411, -84.9964845942 38.544594919, -84.9967775317 38.5449076172, -84.9971298912 38.5452563892, -84.9976772745 38.5457497325, -84.9979950147 38.5459975056, -84.9988615448 38.5466029758, -84.9990263826 38.5467248389, -84.999206922 38.5468841459, -84.9992920632 38.546969534, -84.9993731906 38.5470713716, -84.9994250936 38.5471587461, -84.9994713198 38.5472543223, -84.9995073681 38.547353404, -84.9995544753 38.5475335602, -84.9995723404 38.5477011761, -84.9995668857 38.5478582096, -84.9995381327 38.5480027384, -84.9995218365 38.5480575552, -84.9994664315 38.5482096048, -84.9992339449 38.5487858822, -84.9988224601 38.5499044498, -84.9987805634 38.5500279264)"
"District 06","Owen","06-80319.00","KY","355","KY-355","RECONSTRUCTION(O)","6.4","12.6","RECONSTRUCTION KY 355 FROM KY 22 IN GRATZ TO KY 1982 NEAR PERRY PARK. (2024CCN)","","2024","2026","D","SPP","4860000","2029","","","","094-KY-0355-000","LINESTRING (-84.9528475717 38.4747837595, -84.9529546815 38.4747774173, -84.9530659043 38.4747644339, -84.9531772149 38.4747434878, -84.9533047017 38.4747124896, -84.953429825 38.4746740613, -84.9535659311 38.4746214265, -84.9538776946 38.4744766055, -84.9543093056 38.4742642105, -84.954518565 38.4741656578, -84.9546824325 38.4740975556, -84.954800594 38.4740566081, -84.9550257985 38.4740015484, -84.9551391138 38.4739888511, -84.9553138104 38.4739850781, -84.9554436978 38.4739903415, -84.9556275518 38.4740118923, -84.9558108843 38.4740493668, -84.9559648293 38.4740910373, -84.9561272957 38.4741522625, -84.9562409832 38.4742019017, -84.9563593566 38.4742705203, -84.9564900907 38.474358992, -84.9566368713 38.4744818972, -84.9567757479 38.4746250689, -84.957501265 38.4754666291, -84.9579644238 38.4759878955, -84.9581120161 38.4761330462, -84.9582702079 38.4762672832, -84.9583568282 38.4763332168, -84.9585398967 38.4764604795, -84.9593421716 38.4769579134, -84.959703306 38.477223662, -84.9598717751 38.4773771874, -84.9600138069 38.477520377, -84.9601456148 38.477672285, -84.9602594787 38.4778361566, -84.9603488561 38.4780031598, -84.960411433 38.4781611974, -84.9604556283 38.478339159, -84.9604825409 38.4785650608, -84.9604935158 38.4787787745, -84.9604948687 38.4791074829, -84.9604798077 38.4796629022, -84.9604875632 38.4799485402, -84.9604970408 38.4800416931, -84.9605425931 38.4802885887, -84.9606159219 38.4805513215, -84.9607075104 38.480805388, -84.9607921305 38.4809929545, -84.960840463 38.4810789516, -84.960942395 38.4812485091, -84.9610541522 38.4814140135, -84.9611119635 38.4814956798, -84.9612439508 38.4816643385, -84.9615284748 38.4819424774, -84.9629762545 38.4832053662, -84.963193539 38.4834020482, -84.9634048117 38.4836058296, -84.9635405796 38.483748424, -84.9637840226 38.4840474299, -84.9638851432 38.4841958346, -84.9639802088 38.484355184, -84.9640637283 38.4845161045, -84.9641384676 38.4846813598, -84.9642005142 38.4848575152, -84.9642446598 38.485041516, -84.9642782501 38.485232312, -84.9642996095 38.4854235757, -84.964305858 38.4856229777, -84.9643016285 38.4857242782, -84.964281274 38.4859284461, -84.9642093688 38.4864442208, -84.9639882703 38.4876455112, -84.9639389656 38.4879428525, -84.9638822483 38.4883450425, -84.9638647109 38.4885470329, -84.9638520376 38.4888492843, -84.9638574812 38.4890585663, -84.9638800847 38.4892641176, -84.9639511058 38.4896789608, -84.9640034023 38.4898849834, -84.9640581972 38.4900860792, -84.9641270059 38.4902836984, -84.9642026137 38.4904662592, -84.9643000631 38.4906648914, -84.9644045843 38.4908556068, -84.9644626183 38.4909501791, -84.9646440887 38.4912311979, -84.9649063341 38.4916041922, -84.9651879121 38.4920319597, -84.9654179966 38.4923742593, -84.9656702594 38.4927666832, -84.9660667124 38.4933660079, -84.9661176865 38.4934349946, -84.9661540517 38.4934978439, -84.9665931303 38.4941636276, -84.9668791678 38.4946337082, -84.9670740532 38.4949689069, -84.9672976044 38.4953685516, -84.9677635131 38.4962399082, -84.9680389516 38.496787902, -84.9683026707 38.4973539414, -84.9684189067 38.4976276594, -84.9686193907 38.4980620234, -84.9688966755 38.4987003697, -84.9689971307 38.4989141209, -84.9695351103 38.5001423727, -84.9699647798 38.501107943, -84.9701396409 38.5015547673, -84.9702949045 38.5020044824, -84.9705014394 38.5026607581, -84.970657113 38.5033024205, -84.9707441288 38.5037297192, -84.9708584137 38.5043862125, -84.9709151295 38.5048369275, -84.9709241954 38.505069024, -84.9709421337 38.5053212238, -84.9709496682 38.5055659409, -84.9709498253 38.5058800835, -84.9709393206 38.5061123253, -84.9709435004 38.5063438399, -84.9709400606 38.5065689892, -84.9709507036 38.507343428, -84.9709474825 38.5075150319, -84.9709551401 38.5078467975, -84.9709470912 38.5084728302, -84.9709208273 38.5093988807, -84.9709274607 38.5098599755, -84.9709507195 38.5103681359, -84.9709741586 38.5106947876, -84.9710209317 38.5110292808, -84.9711441674 38.5116668836, -84.971221931 38.5119793381, -84.9713768325 38.5124658435, -84.9715336617 38.5129026597, -84.9718074163 38.5135190045, -84.9719738992 38.5138699336, -84.972483692 38.514870888, -84.9727051456 38.515246066, -84.972797952 38.5153933085, -84.9730555722 38.51575307, -84.9732996105 38.5160424449, -84.9734291542 38.5161863573, -84.9735577583 38.5163198293, -84.9738325175 38.5165800216, -84.9742323449 38.5169780548, -84.9744507221 38.517182958, -84.974685582 38.5173827508, -84.974843336 38.5175035062, -84.9751808449 38.5177138527, -84.975523216 38.5178942999, -84.9758012394 38.5180119929, -84.9760955622 38.5181089215, -84.976568766 38.5182460077, -84.9768243888 38.5183338953, -84.9771500748 38.5184730389, -84.9773528002 38.5185723892, -84.977928685 38.5188834089, -84.9785755849 38.5192555729, -84.9787877514 38.5193549823, -84.9792163069 38.5195178546, -84.9796486746 38.5196508182, -84.9798599006 38.5197068326, -84.9800751971 38.5197746811, -84.9802819321 38.5198589494, -84.9804780685 38.5199541329, -84.9806725413 38.5200745677, -84.9808456551 38.5201987087, -84.9810142748 38.5203513783, -84.9811616921 38.5204929265, -84.9812960382 38.5206475703, -84.9815155777 38.5209779586, -84.9816098627 38.5211532123, -84.9817263864 38.5214411954, -84.981826646 38.521746921, -84.9822480214 38.5231314191, -84.9825489923 38.5240985731, -84.9827913854 38.524918713, -84.9828436874 38.5251650894, -84.982885273 38.5254668655, -84.9829156695 38.5257688439, -84.9829205966 38.5259995366, -84.982898845 38.5265082247, -84.9829025892 38.5268852701, -84.9829668465 38.527726501, -84.9830103786 38.5281095699, -84.9830265191 38.5282041348, -84.983129991 38.5285716645, -84.9832066527 38.5287621803, -84.9833014022 38.5289278241, -84.9834049884 38.5290841888, -84.9836569934 38.5293886948, -84.9837293117 38.5294597328, -84.9840440938 38.5297451461, -84.9844750354 38.5300881489, -84.9847283796 38.5302987487, -84.9850381282 38.5305981315, -84.9852570036 38.5308291038, -84.985738267 38.5313761761, -84.9865392048 38.5323122071, -84.9866713692 38.5324780887, -84.9869462348 38.5328055249, -84.9870916711 38.5329728638, -84.9873219323 38.5332195568, -84.9875711946 38.5334545636, -84.9877476108 38.5336015061, -84.9880683195 38.5338916146, -84.9897061889 38.5353398913, -84.9901011549 38.5357191632, -84.990614828 38.5362491224, -84.9908134639 38.5364796789, -84.9909490856 38.5366510699, -84.9913880503 38.5372393116, -84.9915543423 38.5374877833, -84.991740095 38.5377476379, -84.9923658776 38.5386635615, -84.9926509857 38.5391547087, -84.992734871 38.5393263154, -84.992962702 38.5398459289, -84.9930462435 38.5400169845, -84.9932617827 38.54040691, -84.9933692634 38.5405621916, -84.9936190077 38.5408902756, -84.9944196408 38.5417400235, -84.9947485967 38.5421180352, -84.9950263487 38.5424775984, -84.9953135789 38.5429017498, -84.9960466889 38.5440314188, -84.9961776511 38.5442165025, -84.9963111525 38.5443925411, -84.9964845942 38.544594919, -84.9967775317 38.5449076172, -84.9971298912 38.5452563892, -84.9976772745 38.5457497325, -84.9979950147 38.5459975056, -84.9988615448 38.5466029758, -84.9990263826 38.5467248389, -84.999206922 38.5468841459, -84.9992920632 38.546969534, -84.9993731906 38.5470713716, -84.9994250936 38.5471587461, -84.9994713198 38.5472543223, -84.9995073681 38.547353404, -84.9995544753 38.5475335602, -84.9995723404 38.5477011761, -84.9995668857 38.5478582096, -84.9995381327 38.5480027384, -84.9995218365 38.5480575552, -84.9994664315 38.5482096048, -84.9992339449 38.5487858822, -84.9988224601 38.5499044498, -84.9987805634 38.5500279264)"
"District 06","Owen","06-80319.00","KY","355","KY-355","RECONSTRUCTION(O)","6.4","12.6","RECONSTRUCTION KY 355 FROM KY 22 IN GRATZ TO KY 1982 NEAR PERRY PARK. (2024CCN)","","2024","2026","C","SPP","85800000","2032","","","","094-KY-0355-000","LINESTRING (-84.9528475717 38.4747837595, -84.9529546815 38.4747774173, -84.9530659043 38.4747644339, -84.9531772149 38.4747434878, -84.9533047017 38.4747124896, -84.953429825 38.4746740613, -84.9535659311 38.4746214265, -84.9538776946 38.4744766055, -84.9543093056 38.4742642105, -84.954518565 38.4741656578, -84.9546824325 38.4740975556, -84.954800594 38.4740566081, -84.9550257985 38.4740015484, -84.9551391138 38.4739888511, -84.9553138104 38.4739850781, -84.9554436978 38.4739903415, -84.9556275518 38.4740118923, -84.9558108843 38.4740493668, -84.9559648293 38.4740910373, -84.9561272957 38.4741522625, -84.9562409832 38.4742019017, -84.9563593566 38.4742705203, -84.9564900907 38.474358992, -84.9566368713 38.4744818972, -84.9567757479 38.4746250689, -84.957501265 38.4754666291, -84.9579644238 38.4759878955, -84.9581120161 38.4761330462, -84.9582702079 38.4762672832, -84.9583568282 38.4763332168, -84.9585398967 38.4764604795, -84.9593421716 38.4769579134, -84.959703306 38.477223662, -84.9598717751 38.4773771874, -84.9600138069 38.477520377, -84.9601456148 38.477672285, -84.9602594787 38.4778361566, -84.9603488561 38.4780031598, -84.960411433 38.4781611974, -84.9604556283 38.478339159, -84.9604825409 38.4785650608, -84.9604935158 38.4787787745, -84.9604948687 38.4791074829, -84.9604798077 38.4796629022, -84.9604875632 38.4799485402, -84.9604970408 38.4800416931, -84.9605425931 38.4802885887, -84.9606159219 38.4805513215, -84.9607075104 38.480805388, -84.9607921305 38.4809929545, -84.960840463 38.4810789516, -84.960942395 38.4812485091, -84.9610541522 38.4814140135, -84.9611119635 38.4814956798, -84.9612439508 38.4816643385, -84.9615284748 38.4819424774, -84.9629762545 38.4832053662, -84.963193539 38.4834020482, -84.9634048117 38.4836058296, -84.9635405796 38.483748424, -84.9637840226 38.4840474299, -84.9638851432 38.4841958346, -84.9639802088 38.484355184, -84.9640637283 38.4845161045, -84.9641384676 38.4846813598, -84.9642005142 38.4848575152, -84.9642446598 38.485041516, -84.9642782501 38.485232312, -84.9642996095 38.4854235757, -84.964305858 38.4856229777, -84.9643016285 38.4857242782, -84.964281274 38.4859284461, -84.9642093688 38.4864442208, -84.9639882703 38.4876455112, -84.9639389656 38.4879428525, -84.9638822483 38.4883450425, -84.9638647109 38.4885470329, -84.9638520376 38.4888492843, -84.9638574812 38.4890585663, -84.9638800847 38.4892641176, -84.9639511058 38.4896789608, -84.9640034023 38.4898849834, -84.9640581972 38.4900860792, -84.9641270059 38.4902836984, -84.9642026137 38.4904662592, -84.9643000631 38.4906648914, -84.9644045843 38.4908556068, -84.9644626183 38.4909501791, -84.9646440887 38.4912311979, -84.9649063341 38.4916041922, -84.9651879121 38.4920319597, -84.9654179966 38.4923742593, -84.9656702594 38.4927666832, -84.9660667124 38.4933660079, -84.9661176865 38.4934349946, -84.9661540517 38.4934978439, -84.9665931303 38.4941636276, -84.9668791678 38.4946337082, -84.9670740532 38.4949689069, -84.9672976044 38.4953685516, -84.9677635131 38.4962399082, -84.9680389516 38.496787902, -84.9683026707 38.4973539414, -84.9684189067 38.4976276594, -84.9686193907 38.4980620234, -84.9688966755 38.4987003697, -84.9689971307 38.4989141209, -84.9695351103 38.5001423727, -84.9699647798 38.501107943, -84.9701396409 38.5015547673, -84.9702949045 38.5020044824, -84.9705014394 38.5026607581, -84.970657113 38.5033024205, -84.9707441288 38.5037297192, -84.9708584137 38.5043862125, -84.9709151295 38.5048369275, -84.9709241954 38.505069024, -84.9709421337 38.5053212238, -84.9709496682 38.5055659409, -84.9709498253 38.5058800835, -84.9709393206 38.5061123253, -84.9709435004 38.5063438399, -84.9709400606 38.5065689892, -84.9709507036 38.507343428, -84.9709474825 38.5075150319, -84.9709551401 38.5078467975, -84.9709470912 38.5084728302, -84.9709208273 38.5093988807, -84.9709274607 38.5098599755, -84.9709507195 38.5103681359, -84.9709741586 38.5106947876, -84.9710209317 38.5110292808, -84.9711441674 38.5116668836, -84.971221931 38.5119793381, -84.9713768325 38.5124658435, -84.9715336617 38.5129026597, -84.9718074163 38.5135190045, -84.9719738992 38.5138699336, -84.972483692 38.514870888, -84.9727051456 38.515246066, -84.972797952 38.5153933085, -84.9730555722 38.51575307, -84.9732996105 38.5160424449, -84.9734291542 38.5161863573, -84.9735577583 38.5163198293, -84.9738325175 38.5165800216, -84.9742323449 38.5169780548, -84.9744507221 38.517182958, -84.974685582 38.5173827508, -84.974843336 38.5175035062, -84.9751808449 38.5177138527, -84.975523216 38.5178942999, -84.9758012394 38.5180119929, -84.9760955622 38.5181089215, -84.976568766 38.5182460077, -84.9768243888 38.5183338953, -84.9771500748 38.5184730389, -84.9773528002 38.5185723892, -84.977928685 38.5188834089, -84.9785755849 38.5192555729, -84.9787877514 38.5193549823, -84.9792163069 38.5195178546, -84.9796486746 38.5196508182, -84.9798599006 38.5197068326, -84.9800751971 38.5197746811, -84.9802819321 38.5198589494, -84.9804780685 38.5199541329, -84.9806725413 38.5200745677, -84.9808456551 38.5201987087, -84.9810142748 38.5203513783, -84.9811616921 38.5204929265, -84.9812960382 38.5206475703, -84.9815155777 38.5209779586, -84.9816098627 38.5211532123, -84.9817263864 38.5214411954, -84.981826646 38.521746921, -84.9822480214 38.5231314191, -84.9825489923 38.5240985731, -84.9827913854 38.524918713, -84.9828436874 38.5251650894, -84.982885273 38.5254668655, -84.9829156695 38.5257688439, -84.9829205966 38.5259995366, -84.982898845 38.5265082247, -84.9829025892 38.5268852701, -84.9829668465 38.527726501, -84.9830103786 38.5281095699, -84.9830265191 38.5282041348, -84.983129991 38.5285716645, -84.9832066527 38.5287621803, -84.9833014022 38.5289278241, -84.9834049884 38.5290841888, -84.9836569934 38.5293886948, -84.9837293117 38.5294597328, -84.9840440938 38.5297451461, -84.9844750354 38.5300881489, -84.9847283796 38.5302987487, -84.9850381282 38.5305981315, -84.9852570036 38.5308291038, -84.985738267 38.5313761761, -84.9865392048 38.5323122071, -84.9866713692 38.5324780887, -84.9869462348 38.5328055249, -84.9870916711 38.5329728638, -84.9873219323 38.5332195568, -84.9875711946 38.5334545636, -84.9877476108 38.5336015061, -84.9880683195 38.5338916146, -84.9897061889 38.5353398913, -84.9901011549 38.5357191632, -84.990614828 38.5362491224, -84.9908134639 38.5364796789, -84.9909490856 38.5366510699, -84.9913880503 38.5372393116, -84.9915543423 38.5374877833, -84.991740095 38.5377476379, -84.9923658776 38.5386635615, -84.9926509857 38.5391547087, -84.992734871 38.5393263154, -84.992962702 38.5398459289, -84.9930462435 38.5400169845, -84.9932617827 38.54040691, -84.9933692634 38.5405621916, -84.9936190077 38.5408902756, -84.9944196408 38.5417400235, -84.9947485967 38.5421180352, -84.9950263487 38.5424775984, -84.9953135789 38.5429017498, -84.9960466889 38.5440314188, -84.9961776511 38.5442165025, -84.9963111525 38.5443925411, -84.9964845942 38.544594919, -84.9967775317 38.5449076172, -84.9971298912 38.5452563892, -84.9976772745 38.5457497325, -84.9979950147 38.5459975056, -84.9988615448 38.5466029758, -84.9990263826 38.5467248389, -84.999206922 38.5468841459, -84.9992920632 38.546969534, -84.9993731906 38.5470713716, -84.9994250936 38.5471587461, -84.9994713198 38.5472543223, -84.9995073681 38.547353404, -84.9995544753 38.5475335602, -84.9995723404 38.5477011761, -84.9995668857 38.5478582096, -84.9995381327 38.5480027384, -84.9995218365 38.5480575552, -84.9994664315 38.5482096048, -84.9992339449 38.5487858822, -84.9988224601 38.5499044498, -84.9987805634 38.5500279264)"
"District 06","Owen","06-80319.00","KY","355","KY-355","RECONSTRUCTION(O)","6.4","12.6","RECONSTRUCTION KY 355 FROM KY 22 IN GRATZ TO KY 1982 NEAR PERRY PARK. (2024CCN)","","2024","2026","R","SPP","6250000","2030","","","","094-KY-0355-000","LINESTRING (-84.9528475717 38.4747837595, -84.9529546815 38.4747774173, -84.9530659043 38.4747644339, -84.9531772149 38.4747434878, -84.9533047017 38.4747124896, -84.953429825 38.4746740613, -84.9535659311 38.4746214265, -84.9538776946 38.4744766055, -84.9543093056 38.4742642105, -84.954518565 38.4741656578, -84.9546824325 38.4740975556, -84.954800594 38.4740566081, -84.9550257985 38.4740015484, -84.9551391138 38.4739888511, -84.9553138104 38.4739850781, -84.9554436978 38.4739903415, -84.9556275518 38.4740118923, -84.9558108843 38.4740493668, -84.9559648293 38.4740910373, -84.9561272957 38.4741522625, -84.9562409832 38.4742019017, -84.9563593566 38.4742705203, -84.9564900907 38.474358992, -84.9566368713 38.4744818972, -84.9567757479 38.4746250689, -84.957501265 38.4754666291, -84.9579644238 38.4759878955, -84.9581120161 38.4761330462, -84.9582702079 38.4762672832, -84.9583568282 38.4763332168, -84.9585398967 38.4764604795, -84.9593421716 38.4769579134, -84.959703306 38.477223662, -84.9598717751 38.4773771874, -84.9600138069 38.477520377, -84.9601456148 38.477672285, -84.9602594787 38.4778361566, -84.9603488561 38.4780031598, -84.960411433 38.4781611974, -84.9604556283 38.478339159, -84.9604825409 38.4785650608, -84.9604935158 38.4787787745, -84.9604948687 38.4791074829, -84.9604798077 38.4796629022, -84.9604875632 38.4799485402, -84.9604970408 38.4800416931, -84.9605425931 38.4802885887, -84.9606159219 38.4805513215, -84.9607075104 38.480805388, -84.9607921305 38.4809929545, -84.960840463 38.4810789516, -84.960942395 38.4812485091, -84.9610541522 38.4814140135, -84.9611119635 38.4814956798, -84.9612439508 38.4816643385, -84.9615284748 38.4819424774, -84.9629762545 38.4832053662, -84.963193539 38.4834020482, -84.9634048117 38.4836058296, -84.9635405796 38.483748424, -84.9637840226 38.4840474299, -84.9638851432 38.4841958346, -84.9639802088 38.484355184, -84.9640637283 38.4845161045, -84.9641384676 38.4846813598, -84.9642005142 38.4848575152, -84.9642446598 38.485041516, -84.9642782501 38.485232312, -84.9642996095 38.4854235757, -84.964305858 38.4856229777, -84.9643016285 38.4857242782, -84.964281274 38.4859284461, -84.9642093688 38.4864442208, -84.9639882703 38.4876455112, -84.9639389656 38.4879428525, -84.9638822483 38.4883450425, -84.9638647109 38.4885470329, -84.9638520376 38.4888492843, -84.9638574812 38.4890585663, -84.9638800847 38.4892641176, -84.9639511058 38.4896789608, -84.9640034023 38.4898849834, -84.9640581972 38.4900860792, -84.9641270059 38.4902836984, -84.9642026137 38.4904662592, -84.9643000631 38.4906648914, -84.9644045843 38.4908556068, -84.9644626183 38.4909501791, -84.9646440887 38.4912311979, -84.9649063341 38.4916041922, -84.9651879121 38.4920319597, -84.9654179966 38.4923742593, -84.9656702594 38.4927666832, -84.9660667124 38.4933660079, -84.9661176865 38.4934349946, -84.9661540517 38.4934978439, -84.9665931303 38.4941636276, -84.9668791678 38.4946337082, -84.9670740532 38.4949689069, -84.9672976044 38.4953685516, -84.9677635131 38.4962399082, -84.9680389516 38.496787902, -84.9683026707 38.4973539414, -84.9684189067 38.4976276594, -84.9686193907 38.4980620234, -84.9688966755 38.4987003697, -84.9689971307 38.4989141209, -84.9695351103 38.5001423727, -84.9699647798 38.501107943, -84.9701396409 38.5015547673, -84.9702949045 38.5020044824, -84.9705014394 38.5026607581, -84.970657113 38.5033024205, -84.9707441288 38.5037297192, -84.9708584137 38.5043862125, -84.9709151295 38.5048369275, -84.9709241954 38.505069024, -84.9709421337 38.5053212238, -84.9709496682 38.5055659409, -84.9709498253 38.5058800835, -84.9709393206 38.5061123253, -84.9709435004 38.5063438399, -84.9709400606 38.5065689892, -84.9709507036 38.507343428, -84.9709474825 38.5075150319, -84.9709551401 38.5078467975, -84.9709470912 38.5084728302, -84.9709208273 38.5093988807, -84.9709274607 38.5098599755, -84.9709507195 38.5103681359, -84.9709741586 38.5106947876, -84.9710209317 38.5110292808, -84.9711441674 38.5116668836, -84.971221931 38.5119793381, -84.9713768325 38.5124658435, -84.9715336617 38.5129026597, -84.9718074163 38.5135190045, -84.9719738992 38.5138699336, -84.972483692 38.514870888, -84.9727051456 38.515246066, -84.972797952 38.5153933085, -84.9730555722 38.51575307, -84.9732996105 38.5160424449, -84.9734291542 38.5161863573, -84.9735577583 38.5163198293, -84.9738325175 38.5165800216, -84.9742323449 38.5169780548, -84.9744507221 38.517182958, -84.974685582 38.5173827508, -84.974843336 38.5175035062, -84.9751808449 38.5177138527, -84.975523216 38.5178942999, -84.9758012394 38.5180119929, -84.9760955622 38.5181089215, -84.976568766 38.5182460077, -84.9768243888 38.5183338953, -84.9771500748 38.5184730389, -84.9773528002 38.5185723892, -84.977928685 38.5188834089, -84.9785755849 38.5192555729, -84.9787877514 38.5193549823, -84.9792163069 38.5195178546, -84.9796486746 38.5196508182, -84.9798599006 38.5197068326, -84.9800751971 38.5197746811, -84.9802819321 38.5198589494, -84.9804780685 38.5199541329, -84.9806725413 38.5200745677, -84.9808456551 38.5201987087, -84.9810142748 38.5203513783, -84.9811616921 38.5204929265, -84.9812960382 38.5206475703, -84.9815155777 38.5209779586, -84.9816098627 38.5211532123, -84.9817263864 38.5214411954, -84.981826646 38.521746921, -84.9822480214 38.5231314191, -84.9825489923 38.5240985731, -84.9827913854 38.524918713, -84.9828436874 38.5251650894, -84.982885273 38.5254668655, -84.9829156695 38.5257688439, -84.9829205966 38.5259995366, -84.982898845 38.5265082247, -84.9829025892 38.5268852701, -84.9829668465 38.527726501, -84.9830103786 38.5281095699, -84.9830265191 38.5282041348, -84.983129991 38.5285716645, -84.9832066527 38.5287621803, -84.9833014022 38.5289278241, -84.9834049884 38.5290841888, -84.9836569934 38.5293886948, -84.9837293117 38.5294597328, -84.9840440938 38.5297451461, -84.9844750354 38.5300881489, -84.9847283796 38.5302987487, -84.9850381282 38.5305981315, -84.9852570036 38.5308291038, -84.985738267 38.5313761761, -84.9865392048 38.5323122071, -84.9866713692 38.5324780887, -84.9869462348 38.5328055249, -84.9870916711 38.5329728638, -84.9873219323 38.5332195568, -84.9875711946 38.5334545636, -84.9877476108 38.5336015061, -84.9880683195 38.5338916146, -84.9897061889 38.5353398913, -84.9901011549 38.5357191632, -84.990614828 38.5362491224, -84.9908134639 38.5364796789, -84.9909490856 38.5366510699, -84.9913880503 38.5372393116, -84.9915543423 38.5374877833, -84.991740095 38.5377476379, -84.9923658776 38.5386635615, -84.9926509857 38.5391547087, -84.992734871 38.5393263154, -84.992962702 38.5398459289, -84.9930462435 38.5400169845, -84.9932617827 38.54040691, -84.9933692634 38.5405621916, -84.9936190077 38.5408902756, -84.9944196408 38.5417400235, -84.9947485967 38.5421180352, -84.9950263487 38.5424775984, -84.9953135789 38.5429017498, -84.9960466889 38.5440314188, -84.9961776511 38.5442165025, -84.9963111525 38.5443925411, -84.9964845942 38.544594919, -84.9967775317 38.5449076172, -84.9971298912 38.5452563892, -84.9976772745 38.5457497325, -84.9979950147 38.5459975056, -84.9988615448 38.5466029758, -84.9990263826 38.5467248389, -84.999206922 38.5468841459, -84.9992920632 38.546969534, -84.9993731906 38.5470713716, -84.9994250936 38.5471587461, -84.9994713198 38.5472543223, -84.9995073681 38.547353404, -84.9995544753 38.5475335602, -84.9995723404 38.5477011761, -84.9995668857 38.5478582096, -84.9995381327 38.5480027384, -84.9995218365 38.5480575552, -84.9994664315 38.5482096048, -84.9992339449 38.5487858822, -84.9988224601 38.5499044498, -84.9987805634 38.5500279264)"
"District 06","Owen","06-80412.00","KY","330","KY-330","SAFETY(P)","10.1","14.222","Improve safety and mobility and address geometric deficiencies along KY 330 (Owenton Road) from Canby Lane to KY 607 (New Columbus Road). (2026CCN)","","2026","2026","U","SPP","3000000","2031","","","","094-KY-0330-000","LINESTRING (-84.6629786553 38.5173514025, -84.6628095511 38.5173540795, -84.662372129 38.5173412869, -84.6617297588 38.5172898183, -84.6616010449 38.5172721625, -84.6614902925 38.5172453348, -84.6613003603 38.517184004, -84.6611218762 38.5171049295, -84.6609524612 38.5170036933, -84.6608057394 38.5168806966, -84.660683672 38.5167450199, -84.6605830759 38.5165993792, -84.6604992338 38.5164552651, -84.6603591761 38.5162367662, -84.6603178239 38.5161735012, -84.6601052632 38.5158947467, -84.659991956 38.5157577765, -84.6597999797 38.5155522558, -84.6597359576 38.5154857624, -84.6595904396 38.5153526152, -84.6591324751 38.5149595655, -84.6589235305 38.5147670683, -84.6588549712 38.5147002581, -84.6587464024 38.5145740396, -84.6586550884 38.5144391926, -84.6585861416 38.5143045503, -84.6585326394 38.5141653821, -84.6585074336 38.5140272974, -84.658502282 38.5139272923, -84.6585072949 38.5138018427, -84.6585315716 38.5136032504, -84.6585852234 38.5132626801, -84.658590014 38.5131287161, -84.6585727886 38.5129945489, -84.6585580219 38.5129298804, -84.6585012384 38.5128000186, -84.6584258513 38.5126754777, -84.6583349042 38.512563151, -84.6582148539 38.5124571471, -84.6580865132 38.512368093, -84.6579450023 38.5122951193, -84.6578671689 38.5122644708, -84.6577878613 38.5122390268, -84.6576206773 38.5122001423, -84.6574456844 38.512169425, -84.657056508 38.5121109231, -84.6568578459 38.5120736695, -84.6566662377 38.5120320879, -84.6564741034 38.5119789671, -84.6563819562 38.5119473631, -84.6562898257 38.51191466, -84.6561053665 38.5118390922, -84.6559298039 38.5117528953, -84.6557746285 38.5116589228, -84.6556272652 38.5115567837, -84.6555581899 38.5115015004, -84.6554257461 38.5113832969, -84.6552944941 38.5112554931, -84.6551721392 38.5111170616, -84.6551176618 38.5110437874, -84.6550245379 38.5108905217, -84.6549831347 38.5108077575, -84.6549487739 38.5107214881, -84.6548961286 38.5105490983, -84.6548561813 38.5103688619, -84.6548428629 38.5102778438, -84.6548326763 38.5100940367, -84.6548347043 38.5099114413, -84.6548985426 38.509381212, -84.6549180696 38.5090331887, -84.654908004 38.5087711196, -84.6548832908 38.5086006349, -84.6548649767 38.5085164359, -84.6548452406 38.5084338714, -84.654792761 38.5082738394, -84.6547338777 38.5081214385, -84.6546654934 38.5079733431, -84.6545048456 38.5076848953, -84.6543058733 38.5074120212, -84.6541906884 38.5072854624, -84.6541237972 38.5072247062, -84.6540554623 38.5071669565, -84.6539123696 38.5070604614, -84.6537537945 38.5069609625, -84.6535876854 38.5068745745, -84.6534143324 38.5068051462, -84.6533200595 38.5067759907, -84.6531306718 38.5067272833, -84.6529372134 38.5066936418, -84.6526329616 38.5066606239, -84.6522890976 38.5066357522, -84.651305158 38.5065761257, -84.6510650514 38.5065538572, -84.6508903202 38.5065299969, -84.650726499 38.5065010198, -84.6505638463 38.5064640898, -84.6504246265 38.5064260036, -84.6502827503 38.5063785551, -84.6501042193 38.5063052289, -84.650009131 38.5062606857, -84.6498341024 38.5061635003, -84.6496714865 38.5060543476, -84.6495191072 38.5059384238, -84.6493815726 38.5058113782, -84.6491264206 38.5055344039, -84.6483605473 38.5046389421, -84.6481240658 38.5043525284, -84.6480125927 38.5042125422, -84.6479134693 38.5040647059, -84.6478402149 38.503916287, -84.6477820363 38.5037647115, -84.6477625633 38.5036884646, -84.6477476712 38.5036097882, -84.647731233 38.5034478906, -84.6477353987 38.5032870083, -84.6478005909 38.5026697435, -84.6478042096 38.502522037, -84.6477969955 38.5023742301, -84.6477754522 38.502226565, -84.6477314924 38.502082262, -84.6476702802 38.5019465861, -84.6475893441 38.5018211616, -84.6474918259 38.5017062937, -84.6473625491 38.5015886594, -84.6472509664 38.5015027684, -84.6471634304 38.5014445627, -84.646972049 38.5013436512, -84.6468452465 38.5012938672, -84.6467037337 38.5012464184, -84.6465252531 38.5011939565, -84.6461062396 38.5010791205, -84.6426737685 38.500209329, -84.6423988991 38.5001301497, -84.6422181119 38.5000688728, -84.6421305898 38.5000331814, -84.6419692358 38.4999578054, -84.6418084309 38.4998692536, -84.6416540716 38.4997703265, -84.6415006536 38.4996554812, -84.641363146 38.499528426, -84.6412321391 38.4993874262, -84.6409887929 38.4990726479, -84.6398228946 38.4974901613, -84.6396001216 38.4972022096, -84.6394123501 38.4970027349, -84.6392688988 38.4968764448, -84.6390158371 38.4966966795, -84.6388263223 38.4965894563, -84.6386208899 38.4964949901, -84.6383933607 38.4964060835, -84.6370061888 38.4959410808, -84.6363192891 38.49570589, -84.6356009124 38.495472871, -84.6351507724 38.4953401284, -84.6349238642 38.4952797801, -84.6346951177 38.4952254558, -84.6340079918 38.4950978969, -84.6337864789 38.4950505041, -84.6335717382 38.4949943867, -84.6333651877 38.4949281859, -84.6331218282 38.4948240166, -84.6329280416 38.4947227847, -84.6327477124 38.4946098708, -84.6322953425 38.4942802, -84.6321206349 38.4941654156, -84.6319574631 38.494073258, -84.6317624527 38.4939838203, -84.6315424865 38.4939040343, -84.6309479917 38.4937295469, -84.6307564955 38.4936618354, -84.6305652637 38.4935768262, -84.6303879217 38.4934746466, -84.6302613865 38.493386127, -84.6302202849 38.4933547086, -84.6300741664 38.4932215168, -84.6298035775 38.4929333697, -84.6292566521 38.4922990744, -84.6287127539 38.491650252, -84.6285441455 38.4914344628, -84.6284162359 38.4912533847, -84.6283237562 38.4911088893, -84.6282329098 38.4909490318, -84.6281510756 38.490771134, -84.6280470812 38.4905114677, -84.6274924491 38.4886479318, -84.6273298019 38.4880661409, -84.6272533652 38.4877641686, -84.6272250749 38.4876265957, -84.6272131153 38.4875405298, -84.6272057258 38.4873842057, -84.6272158406 38.4872027835, -84.627253144 38.4870254627, -84.6273105819 38.4868565703, -84.6273924655 38.4866428734, -84.6274268323 38.4865432392, -84.6274487667 38.4864569442, -84.6274633237 38.4863733257, -84.6274659604 38.4862923402, -84.6274579391 38.4861772019, -84.6274318752 38.4860539289, -84.6273664502 38.4859000779, -84.6272680996 38.4857516815, -84.6271489718 38.4856140727, -84.6269976968 38.4854767094, -84.6266702835 38.4852058654, -84.626277802 38.4849179279, -84.6260908997 38.4848030195, -84.6258912189 38.4847011698, -84.6257363879 38.484636543, -84.62551641 38.4845597651, -84.624851266 38.4843733182, -84.6246496814 38.4843046767, -84.6244511537 38.4842190381, -84.6242578253 38.4841134024, -84.6240792615 38.4839790713, -84.6239238547 38.4838383692, -84.6237774217 38.4836820985, -84.6233821527 38.4832128813, -84.6232441346 38.4830775614, -84.6230709415 38.4829350413, -84.6227015596 38.4826915233, -84.6219500242 38.4821722333, -84.6217511279 38.4820429237, -84.621591447 38.4819535294, -84.6214265762 38.4818835843, -84.6212819641 38.4818366236, -84.6211347333 38.4818008972, -84.6209859589 38.4817747676, -84.6208133153 38.4817558254, -84.6201896958 38.4817336895, -84.620030192 38.481723659, -84.6198763956 38.4817059924, -84.6197289892 38.4816817965, -84.6195855723 38.4816480262, -84.6193801122 38.4815823605, -84.6191734827 38.4815018533, -84.6189331059 38.4813897177, -84.6185527421 38.481202653, -84.6183698386 38.4811242923, -84.6182163255 38.4810657101, -84.6180609192 38.48101672, -84.6179304284 38.480983072, -84.6177698386 38.4809529808, -84.6175498079 38.4809261662, -84.617323618 38.4809135736, -84.6171188823 38.4809143662, -84.6169056571 38.4809219426, -84.616686042 38.4809360482, -84.616350181 38.4809668939, -84.6155891664 38.4810645258, -84.6148077866 38.4811460317, -84.6143703143 38.4811734278, -84.6141210836 38.4811823028, -84.6138918488 38.4811858762, -84.6134953587 38.4811837283)"
"District 06","Owen","06-80412.00","KY","330","KY-330","SAFETY(P)","10.1","14.222","Improve safety and mobility and address geometric deficiencies along KY 330 (Owenton Road) from Canby Lane to KY 607 (New Columbus Road). (2026CCN)","","2026","2026","D","SPP","5000000","2029","","","","094-KY-0330-000","LINESTRING (-84.6629786553 38.5173514025, -84.6628095511 38.5173540795, -84.662372129 38.5173412869, -84.6617297588 38.5172898183, -84.6616010449 38.5172721625, -84.6614902925 38.5172453348, -84.6613003603 38.517184004, -84.6611218762 38.5171049295, -84.6609524612 38.5170036933, -84.6608057394 38.5168806966, -84.660683672 38.5167450199, -84.6605830759 38.5165993792, -84.6604992338 38.5164552651, -84.6603591761 38.5162367662, -84.6603178239 38.5161735012, -84.6601052632 38.5158947467, -84.659991956 38.5157577765, -84.6597999797 38.5155522558, -84.6597359576 38.5154857624, -84.6595904396 38.5153526152, -84.6591324751 38.5149595655, -84.6589235305 38.5147670683, -84.6588549712 38.5147002581, -84.6587464024 38.5145740396, -84.6586550884 38.5144391926, -84.6585861416 38.5143045503, -84.6585326394 38.5141653821, -84.6585074336 38.5140272974, -84.658502282 38.5139272923, -84.6585072949 38.5138018427, -84.6585315716 38.5136032504, -84.6585852234 38.5132626801, -84.658590014 38.5131287161, -84.6585727886 38.5129945489, -84.6585580219 38.5129298804, -84.6585012384 38.5128000186, -84.6584258513 38.5126754777, -84.6583349042 38.512563151, -84.6582148539 38.5124571471, -84.6580865132 38.512368093, -84.6579450023 38.5122951193, -84.6578671689 38.5122644708, -84.6577878613 38.5122390268, -84.6576206773 38.5122001423, -84.6574456844 38.512169425, -84.657056508 38.5121109231, -84.6568578459 38.5120736695, -84.6566662377 38.5120320879, -84.6564741034 38.5119789671, -84.6563819562 38.5119473631, -84.6562898257 38.51191466, -84.6561053665 38.5118390922, -84.6559298039 38.5117528953, -84.6557746285 38.5116589228, -84.6556272652 38.5115567837, -84.6555581899 38.5115015004, -84.6554257461 38.5113832969, -84.6552944941 38.5112554931, -84.6551721392 38.5111170616, -84.6551176618 38.5110437874, -84.6550245379 38.5108905217, -84.6549831347 38.5108077575, -84.6549487739 38.5107214881, -84.6548961286 38.5105490983, -84.6548561813 38.5103688619, -84.6548428629 38.5102778438, -84.6548326763 38.5100940367, -84.6548347043 38.5099114413, -84.6548985426 38.509381212, -84.6549180696 38.5090331887, -84.654908004 38.5087711196, -84.6548832908 38.5086006349, -84.6548649767 38.5085164359, -84.6548452406 38.5084338714, -84.654792761 38.5082738394, -84.6547338777 38.5081214385, -84.6546654934 38.5079733431, -84.6545048456 38.5076848953, -84.6543058733 38.5074120212, -84.6541906884 38.5072854624, -84.6541237972 38.5072247062, -84.6540554623 38.5071669565, -84.6539123696 38.5070604614, -84.6537537945 38.5069609625, -84.6535876854 38.5068745745, -84.6534143324 38.5068051462, -84.6533200595 38.5067759907, -84.6531306718 38.5067272833, -84.6529372134 38.5066936418, -84.6526329616 38.5066606239, -84.6522890976 38.5066357522, -84.651305158 38.5065761257, -84.6510650514 38.5065538572, -84.6508903202 38.5065299969, -84.650726499 38.5065010198, -84.6505638463 38.5064640898, -84.6504246265 38.5064260036, -84.6502827503 38.5063785551, -84.6501042193 38.5063052289, -84.650009131 38.5062606857, -84.6498341024 38.5061635003, -84.6496714865 38.5060543476, -84.6495191072 38.5059384238, -84.6493815726 38.5058113782, -84.6491264206 38.5055344039, -84.6483605473 38.5046389421, -84.6481240658 38.5043525284, -84.6480125927 38.5042125422, -84.6479134693 38.5040647059, -84.6478402149 38.503916287, -84.6477820363 38.5037647115, -84.6477625633 38.5036884646, -84.6477476712 38.5036097882, -84.647731233 38.5034478906, -84.6477353987 38.5032870083, -84.6478005909 38.5026697435, -84.6478042096 38.502522037, -84.6477969955 38.5023742301, -84.6477754522 38.502226565, -84.6477314924 38.502082262, -84.6476702802 38.5019465861, -84.6475893441 38.5018211616, -84.6474918259 38.5017062937, -84.6473625491 38.5015886594, -84.6472509664 38.5015027684, -84.6471634304 38.5014445627, -84.646972049 38.5013436512, -84.6468452465 38.5012938672, -84.6467037337 38.5012464184, -84.6465252531 38.5011939565, -84.6461062396 38.5010791205, -84.6426737685 38.500209329, -84.6423988991 38.5001301497, -84.6422181119 38.5000688728, -84.6421305898 38.5000331814, -84.6419692358 38.4999578054, -84.6418084309 38.4998692536, -84.6416540716 38.4997703265, -84.6415006536 38.4996554812, -84.641363146 38.499528426, -84.6412321391 38.4993874262, -84.6409887929 38.4990726479, -84.6398228946 38.4974901613, -84.6396001216 38.4972022096, -84.6394123501 38.4970027349, -84.6392688988 38.4968764448, -84.6390158371 38.4966966795, -84.6388263223 38.4965894563, -84.6386208899 38.4964949901, -84.6383933607 38.4964060835, -84.6370061888 38.4959410808, -84.6363192891 38.49570589, -84.6356009124 38.495472871, -84.6351507724 38.4953401284, -84.6349238642 38.4952797801, -84.6346951177 38.4952254558, -84.6340079918 38.4950978969, -84.6337864789 38.4950505041, -84.6335717382 38.4949943867, -84.6333651877 38.4949281859, -84.6331218282 38.4948240166, -84.6329280416 38.4947227847, -84.6327477124 38.4946098708, -84.6322953425 38.4942802, -84.6321206349 38.4941654156, -84.6319574631 38.494073258, -84.6317624527 38.4939838203, -84.6315424865 38.4939040343, -84.6309479917 38.4937295469, -84.6307564955 38.4936618354, -84.6305652637 38.4935768262, -84.6303879217 38.4934746466, -84.6302613865 38.493386127, -84.6302202849 38.4933547086, -84.6300741664 38.4932215168, -84.6298035775 38.4929333697, -84.6292566521 38.4922990744, -84.6287127539 38.491650252, -84.6285441455 38.4914344628, -84.6284162359 38.4912533847, -84.6283237562 38.4911088893, -84.6282329098 38.4909490318, -84.6281510756 38.490771134, -84.6280470812 38.4905114677, -84.6274924491 38.4886479318, -84.6273298019 38.4880661409, -84.6272533652 38.4877641686, -84.6272250749 38.4876265957, -84.6272131153 38.4875405298, -84.6272057258 38.4873842057, -84.6272158406 38.4872027835, -84.627253144 38.4870254627, -84.6273105819 38.4868565703, -84.6273924655 38.4866428734, -84.6274268323 38.4865432392, -84.6274487667 38.4864569442, -84.6274633237 38.4863733257, -84.6274659604 38.4862923402, -84.6274579391 38.4861772019, -84.6274318752 38.4860539289, -84.6273664502 38.4859000779, -84.6272680996 38.4857516815, -84.6271489718 38.4856140727, -84.6269976968 38.4854767094, -84.6266702835 38.4852058654, -84.626277802 38.4849179279, -84.6260908997 38.4848030195, -84.6258912189 38.4847011698, -84.6257363879 38.484636543, -84.62551641 38.4845597651, -84.624851266 38.4843733182, -84.6246496814 38.4843046767, -84.6244511537 38.4842190381, -84.6242578253 38.4841134024, -84.6240792615 38.4839790713, -84.6239238547 38.4838383692, -84.6237774217 38.4836820985, -84.6233821527 38.4832128813, -84.6232441346 38.4830775614, -84.6230709415 38.4829350413, -84.6227015596 38.4826915233, -84.6219500242 38.4821722333, -84.6217511279 38.4820429237, -84.621591447 38.4819535294, -84.6214265762 38.4818835843, -84.6212819641 38.4818366236, -84.6211347333 38.4818008972, -84.6209859589 38.4817747676, -84.6208133153 38.4817558254, -84.6201896958 38.4817336895, -84.620030192 38.481723659, -84.6198763956 38.4817059924, -84.6197289892 38.4816817965, -84.6195855723 38.4816480262, -84.6193801122 38.4815823605, -84.6191734827 38.4815018533, -84.6189331059 38.4813897177, -84.6185527421 38.481202653, -84.6183698386 38.4811242923, -84.6182163255 38.4810657101, -84.6180609192 38.48101672, -84.6179304284 38.480983072, -84.6177698386 38.4809529808, -84.6175498079 38.4809261662, -84.617323618 38.4809135736, -84.6171188823 38.4809143662, -84.6169056571 38.4809219426, -84.616686042 38.4809360482, -84.616350181 38.4809668939, -84.6155891664 38.4810645258, -84.6148077866 38.4811460317, -84.6143703143 38.4811734278, -84.6141210836 38.4811823028, -84.6138918488 38.4811858762, -84.6134953587 38.4811837283)"
"District 06","Owen","06-80412.00","KY","330","KY-330","SAFETY(P)","10.1","14.222","Improve safety and mobility and address geometric deficiencies along KY 330 (Owenton Road) from Canby Lane to KY 607 (New Columbus Road). (2026CCN)","","2026","2026","R","SPP","8000000","2030","","","","094-KY-0330-000","LINESTRING (-84.6629786553 38.5173514025, -84.6628095511 38.5173540795, -84.662372129 38.5173412869, -84.6617297588 38.5172898183, -84.6616010449 38.5172721625, -84.6614902925 38.5172453348, -84.6613003603 38.517184004, -84.6611218762 38.5171049295, -84.6609524612 38.5170036933, -84.6608057394 38.5168806966, -84.660683672 38.5167450199, -84.6605830759 38.5165993792, -84.6604992338 38.5164552651, -84.6603591761 38.5162367662, -84.6603178239 38.5161735012, -84.6601052632 38.5158947467, -84.659991956 38.5157577765, -84.6597999797 38.5155522558, -84.6597359576 38.5154857624, -84.6595904396 38.5153526152, -84.6591324751 38.5149595655, -84.6589235305 38.5147670683, -84.6588549712 38.5147002581, -84.6587464024 38.5145740396, -84.6586550884 38.5144391926, -84.6585861416 38.5143045503, -84.6585326394 38.5141653821, -84.6585074336 38.5140272974, -84.658502282 38.5139272923, -84.6585072949 38.5138018427, -84.6585315716 38.5136032504, -84.6585852234 38.5132626801, -84.658590014 38.5131287161, -84.6585727886 38.5129945489, -84.6585580219 38.5129298804, -84.6585012384 38.5128000186, -84.6584258513 38.5126754777, -84.6583349042 38.512563151, -84.6582148539 38.5124571471, -84.6580865132 38.512368093, -84.6579450023 38.5122951193, -84.6578671689 38.5122644708, -84.6577878613 38.5122390268, -84.6576206773 38.5122001423, -84.6574456844 38.512169425, -84.657056508 38.5121109231, -84.6568578459 38.5120736695, -84.6566662377 38.5120320879, -84.6564741034 38.5119789671, -84.6563819562 38.5119473631, -84.6562898257 38.51191466, -84.6561053665 38.5118390922, -84.6559298039 38.5117528953, -84.6557746285 38.5116589228, -84.6556272652 38.5115567837, -84.6555581899 38.5115015004, -84.6554257461 38.5113832969, -84.6552944941 38.5112554931, -84.6551721392 38.5111170616, -84.6551176618 38.5110437874, -84.6550245379 38.5108905217, -84.6549831347 38.5108077575, -84.6549487739 38.5107214881, -84.6548961286 38.5105490983, -84.6548561813 38.5103688619, -84.6548428629 38.5102778438, -84.6548326763 38.5100940367, -84.6548347043 38.5099114413, -84.6548985426 38.509381212, -84.6549180696 38.5090331887, -84.654908004 38.5087711196, -84.6548832908 38.5086006349, -84.6548649767 38.5085164359, -84.6548452406 38.5084338714, -84.654792761 38.5082738394, -84.6547338777 38.5081214385, -84.6546654934 38.5079733431, -84.6545048456 38.5076848953, -84.6543058733 38.5074120212, -84.6541906884 38.5072854624, -84.6541237972 38.5072247062, -84.6540554623 38.5071669565, -84.6539123696 38.5070604614, -84.6537537945 38.5069609625, -84.6535876854 38.5068745745, -84.6534143324 38.5068051462, -84.6533200595 38.5067759907, -84.6531306718 38.5067272833, -84.6529372134 38.5066936418, -84.6526329616 38.5066606239, -84.6522890976 38.5066357522, -84.651305158 38.5065761257, -84.6510650514 38.5065538572, -84.6508903202 38.5065299969, -84.650726499 38.5065010198, -84.6505638463 38.5064640898, -84.6504246265 38.5064260036, -84.6502827503 38.5063785551, -84.6501042193 38.5063052289, -84.650009131 38.5062606857, -84.6498341024 38.5061635003, -84.6496714865 38.5060543476, -84.6495191072 38.5059384238, -84.6493815726 38.5058113782, -84.6491264206 38.5055344039, -84.6483605473 38.5046389421, -84.6481240658 38.5043525284, -84.6480125927 38.5042125422, -84.6479134693 38.5040647059, -84.6478402149 38.503916287, -84.6477820363 38.5037647115, -84.6477625633 38.5036884646, -84.6477476712 38.5036097882, -84.647731233 38.5034478906, -84.6477353987 38.5032870083, -84.6478005909 38.5026697435, -84.6478042096 38.502522037, -84.6477969955 38.5023742301, -84.6477754522 38.502226565, -84.6477314924 38.502082262, -84.6476702802 38.5019465861, -84.6475893441 38.5018211616, -84.6474918259 38.5017062937, -84.6473625491 38.5015886594, -84.6472509664 38.5015027684, -84.6471634304 38.5014445627, -84.646972049 38.5013436512, -84.6468452465 38.5012938672, -84.6467037337 38.5012464184, -84.6465252531 38.5011939565, -84.6461062396 38.5010791205, -84.6426737685 38.500209329, -84.6423988991 38.5001301497, -84.6422181119 38.5000688728, -84.6421305898 38.5000331814, -84.6419692358 38.4999578054, -84.6418084309 38.4998692536, -84.6416540716 38.4997703265, -84.6415006536 38.4996554812, -84.641363146 38.499528426, -84.6412321391 38.4993874262, -84.6409887929 38.4990726479, -84.6398228946 38.4974901613, -84.6396001216 38.4972022096, -84.6394123501 38.4970027349, -84.6392688988 38.4968764448, -84.6390158371 38.4966966795, -84.6388263223 38.4965894563, -84.6386208899 38.4964949901, -84.6383933607 38.4964060835, -84.6370061888 38.4959410808, -84.6363192891 38.49570589, -84.6356009124 38.495472871, -84.6351507724 38.4953401284, -84.6349238642 38.4952797801, -84.6346951177 38.4952254558, -84.6340079918 38.4950978969, -84.6337864789 38.4950505041, -84.6335717382 38.4949943867, -84.6333651877 38.4949281859, -84.6331218282 38.4948240166, -84.6329280416 38.4947227847, -84.6327477124 38.4946098708, -84.6322953425 38.4942802, -84.6321206349 38.4941654156, -84.6319574631 38.494073258, -84.6317624527 38.4939838203, -84.6315424865 38.4939040343, -84.6309479917 38.4937295469, -84.6307564955 38.4936618354, -84.6305652637 38.4935768262, -84.6303879217 38.4934746466, -84.6302613865 38.493386127, -84.6302202849 38.4933547086, -84.6300741664 38.4932215168, -84.6298035775 38.4929333697, -84.6292566521 38.4922990744, -84.6287127539 38.491650252, -84.6285441455 38.4914344628, -84.6284162359 38.4912533847, -84.6283237562 38.4911088893, -84.6282329098 38.4909490318, -84.6281510756 38.490771134, -84.6280470812 38.4905114677, -84.6274924491 38.4886479318, -84.6273298019 38.4880661409, -84.6272533652 38.4877641686, -84.6272250749 38.4876265957, -84.6272131153 38.4875405298, -84.6272057258 38.4873842057, -84.6272158406 38.4872027835, -84.627253144 38.4870254627, -84.6273105819 38.4868565703, -84.6273924655 38.4866428734, -84.6274268323 38.4865432392, -84.6274487667 38.4864569442, -84.6274633237 38.4863733257, -84.6274659604 38.4862923402, -84.6274579391 38.4861772019, -84.6274318752 38.4860539289, -84.6273664502 38.4859000779, -84.6272680996 38.4857516815, -84.6271489718 38.4856140727, -84.6269976968 38.4854767094, -84.6266702835 38.4852058654, -84.626277802 38.4849179279, -84.6260908997 38.4848030195, -84.6258912189 38.4847011698, -84.6257363879 38.484636543, -84.62551641 38.4845597651, -84.624851266 38.4843733182, -84.6246496814 38.4843046767, -84.6244511537 38.4842190381, -84.6242578253 38.4841134024, -84.6240792615 38.4839790713, -84.6239238547 38.4838383692, -84.6237774217 38.4836820985, -84.6233821527 38.4832128813, -84.6232441346 38.4830775614, -84.6230709415 38.4829350413, -84.6227015596 38.4826915233, -84.6219500242 38.4821722333, -84.6217511279 38.4820429237, -84.621591447 38.4819535294, -84.6214265762 38.4818835843, -84.6212819641 38.4818366236, -84.6211347333 38.4818008972, -84.6209859589 38.4817747676, -84.6208133153 38.4817558254, -84.6201896958 38.4817336895, -84.620030192 38.481723659, -84.6198763956 38.4817059924, -84.6197289892 38.4816817965, -84.6195855723 38.4816480262, -84.6193801122 38.4815823605, -84.6191734827 38.4815018533, -84.6189331059 38.4813897177, -84.6185527421 38.481202653, -84.6183698386 38.4811242923, -84.6182163255 38.4810657101, -84.6180609192 38.48101672, -84.6179304284 38.480983072, -84.6177698386 38.4809529808, -84.6175498079 38.4809261662, -84.617323618 38.4809135736, -84.6171188823 38.4809143662, -84.6169056571 38.4809219426, -84.616686042 38.4809360482, -84.616350181 38.4809668939, -84.6155891664 38.4810645258, -84.6148077866 38.4811460317, -84.6143703143 38.4811734278, -84.6141210836 38.4811823028, -84.6138918488 38.4811858762, -84.6134953587 38.4811837283)"
"District 06","Owen","06-80412.00","KY","330","KY-330","SAFETY(P)","10.1","14.222","Improve safety and mobility and address geometric deficiencies along KY 330 (Owenton Road) from Canby Lane to KY 607 (New Columbus Road). (2026CCN)","","2026","2026","C","SPP","40000000","2032","","","","094-KY-0330-000","LINESTRING (-84.6629786553 38.5173514025, -84.6628095511 38.5173540795, -84.662372129 38.5173412869, -84.6617297588 38.5172898183, -84.6616010449 38.5172721625, -84.6614902925 38.5172453348, -84.6613003603 38.517184004, -84.6611218762 38.5171049295, -84.6609524612 38.5170036933, -84.6608057394 38.5168806966, -84.660683672 38.5167450199, -84.6605830759 38.5165993792, -84.6604992338 38.5164552651, -84.6603591761 38.5162367662, -84.6603178239 38.5161735012, -84.6601052632 38.5158947467, -84.659991956 38.5157577765, -84.6597999797 38.5155522558, -84.6597359576 38.5154857624, -84.6595904396 38.5153526152, -84.6591324751 38.5149595655, -84.6589235305 38.5147670683, -84.6588549712 38.5147002581, -84.6587464024 38.5145740396, -84.6586550884 38.5144391926, -84.6585861416 38.5143045503, -84.6585326394 38.5141653821, -84.6585074336 38.5140272974, -84.658502282 38.5139272923, -84.6585072949 38.5138018427, -84.6585315716 38.5136032504, -84.6585852234 38.5132626801, -84.658590014 38.5131287161, -84.6585727886 38.5129945489, -84.6585580219 38.5129298804, -84.6585012384 38.5128000186, -84.6584258513 38.5126754777, -84.6583349042 38.512563151, -84.6582148539 38.5124571471, -84.6580865132 38.512368093, -84.6579450023 38.5122951193, -84.6578671689 38.5122644708, -84.6577878613 38.5122390268, -84.6576206773 38.5122001423, -84.6574456844 38.512169425, -84.657056508 38.5121109231, -84.6568578459 38.5120736695, -84.6566662377 38.5120320879, -84.6564741034 38.5119789671, -84.6563819562 38.5119473631, -84.6562898257 38.51191466, -84.6561053665 38.5118390922, -84.6559298039 38.5117528953, -84.6557746285 38.5116589228, -84.6556272652 38.5115567837, -84.6555581899 38.5115015004, -84.6554257461 38.5113832969, -84.6552944941 38.5112554931, -84.6551721392 38.5111170616, -84.6551176618 38.5110437874, -84.6550245379 38.5108905217, -84.6549831347 38.5108077575, -84.6549487739 38.5107214881, -84.6548961286 38.5105490983, -84.6548561813 38.5103688619, -84.6548428629 38.5102778438, -84.6548326763 38.5100940367, -84.6548347043 38.5099114413, -84.6548985426 38.509381212, -84.6549180696 38.5090331887, -84.654908004 38.5087711196, -84.6548832908 38.5086006349, -84.6548649767 38.5085164359, -84.6548452406 38.5084338714, -84.654792761 38.5082738394, -84.6547338777 38.5081214385, -84.6546654934 38.5079733431, -84.6545048456 38.5076848953, -84.6543058733 38.5074120212, -84.6541906884 38.5072854624, -84.6541237972 38.5072247062, -84.6540554623 38.5071669565, -84.6539123696 38.5070604614, -84.6537537945 38.5069609625, -84.6535876854 38.5068745745, -84.6534143324 38.5068051462, -84.6533200595 38.5067759907, -84.6531306718 38.5067272833, -84.6529372134 38.5066936418, -84.6526329616 38.5066606239, -84.6522890976 38.5066357522, -84.651305158 38.5065761257, -84.6510650514 38.5065538572, -84.6508903202 38.5065299969, -84.650726499 38.5065010198, -84.6505638463 38.5064640898, -84.6504246265 38.5064260036, -84.6502827503 38.5063785551, -84.6501042193 38.5063052289, -84.650009131 38.5062606857, -84.6498341024 38.5061635003, -84.6496714865 38.5060543476, -84.6495191072 38.5059384238, -84.6493815726 38.5058113782, -84.6491264206 38.5055344039, -84.6483605473 38.5046389421, -84.6481240658 38.5043525284, -84.6480125927 38.5042125422, -84.6479134693 38.5040647059, -84.6478402149 38.503916287, -84.6477820363 38.5037647115, -84.6477625633 38.5036884646, -84.6477476712 38.5036097882, -84.647731233 38.5034478906, -84.6477353987 38.5032870083, -84.6478005909 38.5026697435, -84.6478042096 38.502522037, -84.6477969955 38.5023742301, -84.6477754522 38.502226565, -84.6477314924 38.502082262, -84.6476702802 38.5019465861, -84.6475893441 38.5018211616, -84.6474918259 38.5017062937, -84.6473625491 38.5015886594, -84.6472509664 38.5015027684, -84.6471634304 38.5014445627, -84.646972049 38.5013436512, -84.6468452465 38.5012938672, -84.6467037337 38.5012464184, -84.6465252531 38.5011939565, -84.6461062396 38.5010791205, -84.6426737685 38.500209329, -84.6423988991 38.5001301497, -84.6422181119 38.5000688728, -84.6421305898 38.5000331814, -84.6419692358 38.4999578054, -84.6418084309 38.4998692536, -84.6416540716 38.4997703265, -84.6415006536 38.4996554812, -84.641363146 38.499528426, -84.6412321391 38.4993874262, -84.6409887929 38.4990726479, -84.6398228946 38.4974901613, -84.6396001216 38.4972022096, -84.6394123501 38.4970027349, -84.6392688988 38.4968764448, -84.6390158371 38.4966966795, -84.6388263223 38.4965894563, -84.6386208899 38.4964949901, -84.6383933607 38.4964060835, -84.6370061888 38.4959410808, -84.6363192891 38.49570589, -84.6356009124 38.495472871, -84.6351507724 38.4953401284, -84.6349238642 38.4952797801, -84.6346951177 38.4952254558, -84.6340079918 38.4950978969, -84.6337864789 38.4950505041, -84.6335717382 38.4949943867, -84.6333651877 38.4949281859, -84.6331218282 38.4948240166, -84.6329280416 38.4947227847, -84.6327477124 38.4946098708, -84.6322953425 38.4942802, -84.6321206349 38.4941654156, -84.6319574631 38.494073258, -84.6317624527 38.4939838203, -84.6315424865 38.4939040343, -84.6309479917 38.4937295469, -84.6307564955 38.4936618354, -84.6305652637 38.4935768262, -84.6303879217 38.4934746466, -84.6302613865 38.493386127, -84.6302202849 38.4933547086, -84.6300741664 38.4932215168, -84.6298035775 38.4929333697, -84.6292566521 38.4922990744, -84.6287127539 38.491650252, -84.6285441455 38.4914344628, -84.6284162359 38.4912533847, -84.6283237562 38.4911088893, -84.6282329098 38.4909490318, -84.6281510756 38.490771134, -84.6280470812 38.4905114677, -84.6274924491 38.4886479318, -84.6273298019 38.4880661409, -84.6272533652 38.4877641686, -84.6272250749 38.4876265957, -84.6272131153 38.4875405298, -84.6272057258 38.4873842057, -84.6272158406 38.4872027835, -84.627253144 38.4870254627, -84.6273105819 38.4868565703, -84.6273924655 38.4866428734, -84.6274268323 38.4865432392, -84.6274487667 38.4864569442, -84.6274633237 38.4863733257, -84.6274659604 38.4862923402, -84.6274579391 38.4861772019, -84.6274318752 38.4860539289, -84.6273664502 38.4859000779, -84.6272680996 38.4857516815, -84.6271489718 38.4856140727, -84.6269976968 38.4854767094, -84.6266702835 38.4852058654, -84.626277802 38.4849179279, -84.6260908997 38.4848030195, -84.6258912189 38.4847011698, -84.6257363879 38.484636543, -84.62551641 38.4845597651, -84.624851266 38.4843733182, -84.6246496814 38.4843046767, -84.6244511537 38.4842190381, -84.6242578253 38.4841134024, -84.6240792615 38.4839790713, -84.6239238547 38.4838383692, -84.6237774217 38.4836820985, -84.6233821527 38.4832128813, -84.6232441346 38.4830775614, -84.6230709415 38.4829350413, -84.6227015596 38.4826915233, -84.6219500242 38.4821722333, -84.6217511279 38.4820429237, -84.621591447 38.4819535294, -84.6214265762 38.4818835843, -84.6212819641 38.4818366236, -84.6211347333 38.4818008972, -84.6209859589 38.4817747676, -84.6208133153 38.4817558254, -84.6201896958 38.4817336895, -84.620030192 38.481723659, -84.6198763956 38.4817059924, -84.6197289892 38.4816817965, -84.6195855723 38.4816480262, -84.6193801122 38.4815823605, -84.6191734827 38.4815018533, -84.6189331059 38.4813897177, -84.6185527421 38.481202653, -84.6183698386 38.4811242923, -84.6182163255 38.4810657101, -84.6180609192 38.48101672, -84.6179304284 38.480983072, -84.6177698386 38.4809529808, -84.6175498079 38.4809261662, -84.617323618 38.4809135736, -84.6171188823 38.4809143662, -84.6169056571 38.4809219426, -84.616686042 38.4809360482, -84.616350181 38.4809668939, -84.6155891664 38.4810645258, -84.6148077866 38.4811460317, -84.6143703143 38.4811734278, -84.6141210836 38.4811823028, -84.6138918488 38.4811858762, -84.6134953587 38.4811837283)"
"District 06","Owen","06-80419.00","KY","1982","KY-1982","RESURFACING(P)","0.0","7.15","Resurfacing KY 1982 (MP 0.0 - 7.153) (2026CCN)","","2026","2026","C","STP5","858400","2027","","","","094-KY-1982-000","LINESTRING (-84.9995381327 38.5480027384, -84.9991905527 38.5478676397, -84.9991008006 38.5478225881, -84.9990228045 38.5477564674, -84.998955407 38.5476797039, -84.998887742 38.5475609261, -84.9987840631 38.5473054472, -84.9987054321 38.5471649072, -84.9986544452 38.5470904443, -84.9985935257 38.5470299235, -84.9984918742 38.5469521194, -84.998254176 38.5468089246, -84.9977961535 38.546567679, -84.9972181781 38.5462946411, -84.9955164408 38.5455100408, -84.9953709148 38.5454489808, -84.9952754704 38.5454140503, -84.9951841107 38.5453898548, -84.9950626614 38.5453676644, -84.9949223004 38.5453483752, -84.9937755166 38.5452397566, -84.9929079504 38.5451801378, -84.9927005844 38.5451486102, -84.9925858629 38.545118223, -84.9924977117 38.5450882792, -84.9923031443 38.545002464, -84.9914884125 38.5445680739, -84.9913825012 38.5444973761, -84.991292321 38.5444270535, -84.9912467459 38.5443712943, -84.9912120562 38.5443109368, -84.9911878812 38.5442481742, -84.991172887 38.5441429092, -84.9911795986 38.544035036, -84.9912046059 38.543916022, -84.9912779874 38.5436839079, -84.9912982682 38.5435824373, -84.9913012158 38.5435003528, -84.9912846416 38.5434126506, -84.9912642788 38.5433532078, -84.9912074549 38.5432693686, -84.9911291389 38.5432015927, -84.9910446417 38.5431565684, -84.9909383671 38.5431212905, -84.9898937574 38.5429078436, -84.9895235091 38.5428384725, -84.9893462954 38.5427997184, -84.9890977321 38.5427294785, -84.9885932823 38.5425535273, -84.9884932322 38.5425251517, -84.9883959031 38.5425039336, -84.9882415562 38.5424853701, -84.9881265478 38.5424832597, -84.9880146085 38.5424885825, -84.9877454122 38.5425198073, -84.9876084477 38.5425444665, -84.9872992649 38.5426215651, -84.9871214729 38.5426720482, -84.98697939 38.5427180917, -84.9868259905 38.5427764191, -84.9866802484 38.5428380901, -84.9865368841 38.5429063672, -84.9863548013 38.5429993836, -84.9859789012 38.5432042862, -84.9858467307 38.5432718102, -84.9854640875 38.5434525037, -84.9853543505 38.5435146804, -84.9852494642 38.5435810064, -84.9851098802 38.5436888476, -84.9849789044 38.5438093754, -84.9848149039 38.5439785681, -84.9845072541 38.5443431709, -84.9844574582 38.5443906294, -84.9844021052 38.5444344828, -84.9843387456 38.5444749898, -84.9842624793 38.5445126668, -84.9841824491 38.5445423565, -84.9839952097 38.544592774, -84.983548481 38.5446816075, -84.9831538867 38.5447666572, -84.9827493647 38.5448648223, -84.9825860799 38.5448980922, -84.982451944 38.5449191934, -84.98218768 38.54494577, -84.981922881 38.54495669, -84.9816729134 38.544953701, -84.9815415433 38.5449443391, -84.9810981237 38.5448838057, -84.9809619024 38.5448702928, -84.9803493203 38.5448366698, -84.9799552259 38.5448072065, -84.9794535943 38.5447630402, -84.9790187917 38.5447146371, -84.9787536431 38.5446923218, -84.9779589817 38.5446506399, -84.9773912361 38.5446096045, -84.9772138247 38.5445897789, -84.9768762386 38.5445400774, -84.9765163888 38.544479796, -84.9763491196 38.5444597602, -84.9762034311 38.5444489259, -84.9759349466 38.5444447061, -84.9754794349 38.5444702955, -84.97508438 38.5444990243, -84.9749057595 38.544494289, -84.974832417 38.544486397, -84.9747113138 38.5444652863, -84.974615772 38.5444404988, -84.9744935279 38.5443949418, -84.974359953 38.5443298149, -84.9736368097 38.5439406586, -84.973486181 38.5438682799, -84.9733285127 38.5438002484, -84.973175609 38.5437446039, -84.9730095892 38.5437058994, -84.9728308341 38.5436811149, -84.9724605256 38.5436515076, -84.9723072053 38.5436351269, -84.9721253367 38.5436073004, -84.9719753041 38.5435777602, -84.9717949881 38.5435353904, -84.9712898527 38.5433945088, -84.9711024606 38.5433600545, -84.9709125261 38.5433346443, -84.9707535428 38.5433248153, -84.9706178831 38.5433247491, -84.9703421883 38.5433413386, -84.9701556289 38.5433601593, -84.9699118225 38.5433700925, -84.9697492594 38.5433682008, -84.9692974903 38.5433383233, -84.9688804653 38.5432963149, -84.9682858276 38.5432210099, -84.9676574725 38.5431273562, -84.967289481 38.5430777029, -84.9670907701 38.5430557991, -84.9668563389 38.5430391517, -84.9667003929 38.5430397706, -84.9665240037 38.5430556329, -84.9663870161 38.5430816396, -84.9662650233 38.5431113152, -84.9661368792 38.5431604466, -84.9657466419 38.5433599736, -84.9655387215 38.5434470212, -84.9653958931 38.5434960548, -84.9651605811 38.5435615019, -84.9649615102 38.5436057697, -84.9646207486 38.5436578884, -84.9644255782 38.5436969629, -84.9640954905 38.54379693, -84.9631555999 38.5440944131, -84.9626042961 38.5442489279, -84.9623806233 38.5443045609, -84.9620977761 38.54436804, -84.9615799093 38.5444692259, -84.9609163847 38.5446216153, -84.9607636591 38.5446475111, -84.9606429447 38.5446554966, -84.9605520991 38.5446496761, -84.9604634681 38.544632886, -84.9604112557 38.5446111204, -84.960362975 38.5445814175, -84.9603179056 38.5445456952, -84.9602757098 38.5445028527, -84.9602468685 38.5444537833, -84.9601906624 38.5442834348, -84.9600332165 38.5437417096, -84.9599480113 38.5434723139, -84.9598971456 38.5433580187, -84.9598279797 38.5432548594, -84.9597205758 38.5431635285, -84.9595997865 38.5430814448, -84.9591644927 38.5428212525, -84.95903689 38.542722647, -84.9587944536 38.5425084955, -84.9587344336 38.5424652586, -84.9586666563 38.5424280117, -84.9586008753 38.5424001143, -84.9585259517 38.5423770978, -84.9583682737 38.5423439205, -84.9581137629 38.5423092723, -84.9576018127 38.5422520393, -84.9574435539 38.5422402737, -84.95726492 38.5422374342, -84.9570952724 38.5422442664, -84.9568776206 38.5422606625, -84.956606643 38.5422937266, -84.9557386971 38.5424362103, -84.9544659571 38.5426347407, -84.9538606411 38.5427397011, -84.9536418301 38.5427659693, -84.9535449269 38.5427708117, -84.9534299041 38.5427700407, -84.9532992565 38.542759279, -84.9531410835 38.5427395461, -84.9529058731 38.5426984269, -84.9525493925 38.5426202465, -84.9523600869 38.5425698227, -84.9521914426 38.5425165172, -84.9520082486 38.5424507573, -84.951661849 38.5423138786, -84.9515046137 38.5422403282, -84.951372713 38.5421521207, -84.9513186345 38.5421094686, -84.9512670514 38.5420624408, -84.9512249163 38.5420146527, -84.9511905358 38.5419611502, -84.9511628574 38.5419022, -84.9511005587 38.541715605, -84.9509908463 38.541291989, -84.9508874916 38.540830522, -84.9508202379 38.540617532, -84.9507808006 38.5405148429, -84.9507117883 38.5403669204, -84.9506290583 38.5402265938, -84.9505289795 38.5401061965, -84.9504169211 38.5399942312, -84.9503563224 38.539940552, -84.950295007 38.5398885147, -84.9502263221 38.5398388999, -84.9500252554 38.5397137037, -84.9498580921 38.5396214118, -84.9496970682 38.5395434406, -84.9478998669 38.5387566846, -84.9477932905 38.5387194443, -84.9476524743 38.53868005, -84.9475059605 38.5386502279, -84.9473571986 38.5386341202, -84.9471297393 38.5386210501, -84.946952136 38.5386206734, -84.9468062377 38.538630397, -84.9466409249 38.5386570139, -84.9464064838 38.5387067772, -84.946013835 38.5388046233, -84.9458484253 38.5388400258, -84.9457251113 38.5388625318, -84.9455966139 38.5388795107, -84.9452592306 38.5389112758, -84.9438124047 38.5390148763, -84.9436357623 38.5390224642, -84.9434833172 38.5390233519, -84.9433424689 38.5390188263, -84.9432250952 38.5390097918, -84.9430773729 38.538994509, -84.9426036096 38.5389333507, -84.9423510875 38.5389102165, -84.9419718651 38.538899674, -84.9415658235 38.5389114661, -84.9413676452 38.5389062734, -84.9411755103 38.5388920591, -84.9409761398 38.5388681845, -84.9407843164 38.5388256887, -84.9406056725 38.5387613149, -84.9404378429 38.5386673576, -84.9402898185 38.538552941, -84.940175547 38.5384214542, -84.9400925138 38.5382789217, -84.939921152 38.5378721735, -84.9396742959 38.5372103599, -84.9396136183 38.5370699011, -84.9395382155 38.5369331867, -84.9394899718 38.5368697006, -84.9394403166 38.536807303, -84.9393264972 38.5366986093, -84.9391823705 38.5366116775, -84.9390233755 38.5365413939, -84.9381262776 38.5362255218, -84.9376819839 38.5360623946, -84.9375243351 38.5359970612, -84.9374009006 38.5359360806, -84.9372935715 38.5358730127, -84.9368745339 38.5355766013, -84.936797442 38.535529667, -84.9366869362 38.5354693227, -84.9365658776 38.5354149475, -84.9364159573 38.5353779488, -84.9363157082 38.5353701225, -84.9362317385 38.5353758636, -84.9360754118 38.5354121372, -84.9359416551 38.5354622961, -84.935870623 38.5354994295, -84.9357836513 38.5355551257, -84.9357261144 38.5356047083, -84.935671964 38.5356641991, -84.9356257624 38.5357319827, -84.9355054933 38.535984062, -84.9354394944 38.5360714814, -84.9354023523 38.5361104936, -84.935355847 38.5361425766, -84.9353065637 38.5361729939, -84.9352198288 38.5362072735, -84.9351307971 38.5362280809, -84.9348105714 38.5362580123, -84.9344631852 38.5362781456, -84.9342117381 38.5362852059, -84.9338371768 38.5362653344, -84.9336534526 38.5362500675, -84.9332805206 38.5362096095, -84.933097441 38.5361992897, -84.9327183832 38.5362065684, -84.9322105686 38.5362228456, -84.9314158296 38.5362610334, -84.931154091 38.5362817459, -84.9310850541 38.536296373, -84.9310152206 38.5363197821, -84.9309434846 38.5363569077, -84.9308803787 38.5364039774, -84.9308269564 38.536460451, -84.9307371085 38.5365853224, -84.9306808866 38.5366733552, -84.9306298562 38.5367347874, -84.9305761142 38.5367885127, -84.9305175642 38.5368345155, -84.9304471375 38.5368796131, -84.930360332 38.536919929, -84.9302638063 38.5369541372, -84.9301695223 38.5369754544, -84.9300644657 38.5369909304, -84.9298038359 38.537005882, -84.9294213668 38.5370051627, -84.9287002949 38.5370515304, -84.9282782046 38.5370922737, -84.9281704485 38.5370989419, -84.9280484278 38.5370994708, -84.9279240212 38.5370944912, -84.9277822249 38.5370814277, -84.9269735127 38.5369618709, -84.9266309816 38.536922701, -84.9265002894 38.5369171277, -84.9264013409 38.5369178148, -84.9260819744 38.5369328996, -84.9259599543 38.5369334264, -84.9258600253 38.5369280657, -84.9257647081 38.5369166946, -84.9256590098 38.536895916, -84.9255732774 38.5368717058, -84.9254385439 38.5368213433, -84.925286154 38.5367554806, -84.9247462297 38.5364870195, -84.9246244939 38.5364312547, -84.9245604389 38.5364069195, -84.9244963386 38.5363867037, -84.924368685 38.5363597299, -84.9242432192 38.5363558371, -84.9241400018 38.5363630827, -84.9240099878 38.536390463, -84.9238899642 38.536431093, -84.9233906201 38.5366569082, -84.9230775986 38.5367914798, -84.9229617264 38.536835707, -84.9228659743 38.5368630496, -84.9227983518 38.5368760338, -84.9227367536 38.5368819204, -84.9226506843 38.5368876374, -84.9225091708 38.5368806104, -84.9224075775 38.5368678206, -84.9220478444 38.5368043534, -84.921737436 38.5367382092, -84.9215880111 38.5366888383, -84.9214576143 38.5366261447, -84.9214295008 38.5366081, -84.9213227319 38.5365274473, -84.9212550425 38.5364536576, -84.9211789951 38.5363460342, -84.9210929639 38.5361938562, -84.9209584499 38.5359081595, -84.920893068 38.535784959, -84.9208182073 38.5356652607, -84.9207755059 38.535607847, -84.9207026608 38.5355263315, -84.9205985716 38.535425377, -84.920142144 38.5350100186, -84.9199080261 38.5348145172, -84.9197236258 38.5346742826, -84.9195384033 38.5345450255, -84.9194109213 38.5344724644, -84.9193441669 38.5344398695, -84.9192759648 38.534411658, -84.9191739188 38.5343774443, -84.9190029706 38.534346043, -84.9188643115 38.5343343641, -84.918719517 38.5343396663, -84.9185658112 38.534360009, -84.9183498292 38.5344153394, -84.9180190938 38.5345088589, -84.9173034301 38.5346960631, -84.9171607882 38.5347271914, -84.9169132612 38.5347586826, -84.9168167067 38.5347643208, -84.9167198657 38.5347644651, -84.9165311976 38.5347540803, -84.916326703 38.5347213416, -84.9153871057 38.5344945177, -84.9151965376 38.5344363368, -84.9150876209 38.5343916358, -84.914955956 38.5343184907, -84.9148745374 38.5342536631, -84.9148233454 38.5342055235, -84.9147620285 38.5341254583, -84.9147049524 38.5340108243, -84.9146650133 38.5338954875, -84.9146390587 38.533780248, -84.9146117414 38.5336924595, -84.9145494682 38.5335736699, -84.9144698382 38.5334748036, -84.9143405933 38.5333429114, -84.914252969 38.5332706249, -84.9141214134 38.5331881444, -84.9139596663 38.5331167092, -84.9138092547 38.5330629276, -84.9136295111 38.5330061933, -84.9134190244 38.5329475955, -84.9132366617 38.5329059451, -84.9130901327 38.5328796496, -84.9124415279 38.5327973682, -84.9123347554 38.5327795898, -84.9121894162 38.5327409447, -84.9120605817 38.5326958267, -84.9118814477 38.5326165767, -84.9115738359 38.5324611802, -84.9113209254 38.532352577, -84.9108769617 38.5321371775, -84.9105149234 38.5319726075, -84.9103682636 38.5318968801, -84.9102416367 38.5318119581, -84.9100848396 38.5316751984, -84.9099906774 38.5315638693, -84.9099140728 38.5314457993, -84.9097673222 38.5311951526, -84.9096023176 38.5309512403, -84.9094280179 38.5307253855, -84.9092444318 38.5305167644, -84.9090610615 38.5303199525, -84.9089634195 38.5302379802, -84.9088220651 38.5301573459, -84.90870995 38.5301181085, -84.9085589537 38.5300857349, -84.9079174882 38.5299930437, -84.907753855 38.5299652474, -84.9075949138 38.5299245786, -84.9074553306 38.5298725134, -84.9073263134 38.5298136581, -84.9069071384 38.5296033625, -84.9066189184 38.5294659393, -84.9064189201 38.529378296, -84.9062518954 38.5293112054, -84.9059169062 38.5291978881, -84.9058416294 38.5291778568, -84.9056464033 38.5291311606, -84.9053097106 38.5290749458, -84.9042697708 38.5289494699, -84.90367686 38.5288612203, -84.9035244567 38.5288299286, -84.9032114029 38.528755203, -84.9028685409 38.528658297, -84.9026856668 38.5286017984, -84.9025014879 38.528537327, -84.9021836553 38.5283922681, -84.9016517313 38.5281094778, -84.9009639269 38.5277643362, -84.9002736942 38.5274482809, -84.8998377408 38.5272408597, -84.899530885 38.5270846135, -84.8991984937 38.5268999003, -84.8988477095 38.5266735887, -84.8986387134 38.5265194143, -84.8983071765 38.5262314543, -84.8979415449 38.5258995891, -84.8973547233 38.525380779, -84.896876933 38.5249854962, -84.8959945571 38.5242734352, -84.8953013263 38.5236794341, -84.8950289712 38.5234144079, -84.8948121691 38.5231816349, -84.8946927191 38.523023704, -84.8946378143 38.5229359854, -84.8945762691 38.5228182882, -84.8943997864 38.5224257126, -84.8943159616 38.5222702352, -84.8939846568 38.5217559948, -84.8936121652 38.5212071306, -84.8933247157 38.5206797491, -84.8932409913 38.5205758958, -84.89313782 38.5204911241, -84.8930757145 38.5204516826, -84.8929784627 38.5203988073, -84.8927431059 38.5202894656, -84.8924767085 38.5201744076, -84.8920898323 38.5200200346, -84.8915013373 38.5197711148, -84.8907050402 38.5194185373, -84.8906498046 38.5193895787, -84.8905724672 38.5193376696, -84.8904414463 38.5191990682)"
"District 06","Owen","06-80420.00","KY","3548","KY-3548","RESURFACING(P)","0.0","3.53","Resurfacing KY 3548 (MP 0.0 - 3.53) (2026CCN)","","2026","2026","C","STP5","345400","2027","","","","094-KY-3548-000","LINESTRING (-84.9150935 38.5008196925, -84.9167196903 38.5007369258, -84.9178104879 38.5006891054, -84.9179727905 38.5006748656, -84.9181093102 38.500653854, -84.9182368541 38.5006231685, -84.9183189101 38.5005979299, -84.91961747 38.5000696229, -84.9197453055 38.5000131254, -84.9198895829 38.4999240654, -84.9199771928 38.4998401001, -84.920015439 38.4997953331, -84.9206609769 38.498733292, -84.9209161793 38.49829022, -84.921036205 38.4980895003, -84.9210731486 38.4980362109, -84.9211217171 38.4979744901, -84.9211817388 38.4979197142, -84.921229278 38.4978873684, -84.9212756801 38.4978627035, -84.9213307812 38.4978413948, -84.921419038 38.4978236121, -84.9214953056 38.4978153576, -84.9222282287 38.4977688434, -84.9227479623 38.497725783, -84.9243712001 38.4976190019, -84.9249957876 38.4975733652, -84.9262674727 38.4974687838, -84.9269250548 38.4974096361, -84.928195336 38.4973363278, -84.9283438479 38.4973357084, -84.9286655448 38.4973467206, -84.9289228476 38.497366624, -84.9292829703 38.4974097547, -84.9295716417 38.4974680428, -84.9298196727 38.497535935, -84.9304011789 38.4977178907, -84.9315874441 38.4981280892, -84.9325769103 38.4984517932, -84.9329373236 38.4985635653, -84.9330640298 38.4986072748, -84.9331488863 38.4986435567, -84.9332336538 38.498687801, -84.9333266219 38.4987488534, -84.9334410945 38.4988556363, -84.9336393852 38.4990920577, -84.9337603637 38.4992109677, -84.9338836339 38.4993123189, -84.9342619162 38.499577437, -84.9343852763 38.499670824, -84.9344693829 38.4997433473, -84.9345688852 38.4998453588, -84.9346540296 38.4999502915, -84.9350323296 38.5004974209, -84.9351455662 38.5006214942, -84.935263995 38.5007186914, -84.9353254388 38.5007553608, -84.9354179253 38.500797185, -84.9355143687 38.5008288761, -84.9356374092 38.5008569052, -84.93579892 38.500882178, -84.9366530921 38.5009956748, -84.9368478577 38.5010156812, -84.9370077866 38.5010261124, -84.937189482 38.5010273561, -84.9373485699 38.5010191087, -84.9375234747 38.5010024565, -84.9376883502 38.5009763992, -84.937827892 38.5009345157, -84.9379591956 38.5008791208, -84.9380823174 38.500805271, -84.9383867883 38.5006060698, -84.9384634431 38.5005629325, -84.9385086912 38.5005475892, -84.9385349549 38.5005425515, -84.9385975177 38.5005413311, -84.9386599376 38.5005530165, -84.9387198304 38.500572098, -84.9397748466 38.5010727583, -84.9400329572 38.5011791418, -84.9401238333 38.5012088696, -84.9402018868 38.5012288985, -84.9405366233 38.5012948882, -84.9406167133 38.501320423, -84.9406729494 38.5013543067, -84.940710596 38.5013943804, -84.9407340934 38.5014500101, -84.9407378335 38.5015228044, -84.9407219291 38.5016023301, -84.9406602435 38.5018089587, -84.9406446866 38.5019203405, -84.9406453263 38.5019889947, -84.9406576183 38.5021101772, -84.9407306761 38.5025829877, -84.940750896 38.5026506772, -84.9407750748 38.5027079593, -84.9408173748 38.5027697578, -84.9408730714 38.5028209381, -84.9409640179 38.5028762037, -84.9410370997 38.5029036121, -84.9411196712 38.5029261426, -84.941204411 38.5029420973, -84.941490287 38.502971504, -84.9416582844 38.5029795126, -84.9421765994 38.5029723304, -84.9424895485 38.5029549619, -84.9427871741 38.5029328202, -84.9428662286 38.502925669, -84.9429527211 38.5029095059, -84.9430698735 38.5028699366, -84.943122598 38.5028420105, -84.943192186 38.5027741081, -84.9432375388 38.50268572, -84.9432503184 38.5026358293, -84.943286111 38.5018281987, -84.9433071649 38.5016932383, -84.943340733 38.5015641296, -84.9433745991 38.5014715444, -84.9434143599 38.5013831191, -84.9434663683 38.5012931282, -84.9435113636 38.5012371407, -84.9435971763 38.5011871973, -84.9436580301 38.501182668, -84.9437002781 38.5011857008, -84.9437685252 38.5012078576, -84.9439142309 38.501272554, -84.9441139953 38.5013785326, -84.944739927 38.501689507, -84.9464719962 38.502593965, -84.946792726 38.502727393, -84.9469449071 38.5027756537, -84.9470282115 38.5027951641, -84.9471436843 38.5028129703, -84.9472526144 38.5028219447, -84.947624154 38.5028151195, -84.9479979646 38.502792381, -84.9486693914 38.5027161814, -84.9489654936 38.5027052725, -84.9491233059 38.5027178704, -84.9492412108 38.5027370631, -84.9496249434 38.5028297191, -84.9496978288 38.5028433908, -84.9497882423 38.502851964, -84.9498780776 38.5028495487, -84.949966614 38.5028380631, -84.9500440228 38.5028215588, -84.9502713228 38.5027429065, -84.9505920941 38.5026168277, -84.950902606 38.5024700843, -84.9514998857 38.5021745137, -84.9516448156 38.5020865171, -84.9517124327 38.502038368, -84.9519683536 38.5018341374, -84.952053203 38.5017759434, -84.9522095992 38.5016937901, -84.9523190124 38.5016582784, -84.9524612495 38.5016249087, -84.9526089727 38.5016011867, -84.9527587319 38.5015829705, -84.9529115205 38.5015754832, -84.9530792109 38.5015793547, -84.9531891232 38.5015943708, -84.9534454649 38.5016403012, -84.9539067405 38.5017359348, -84.9545819019 38.5018615576, -84.9549255687 38.5019110905, -84.9550774111 38.5019263857, -84.955329997 38.5019321952, -84.9554820805 38.5019252494, -84.9556433177 38.5019120493, -84.9557944606 38.5018952113, -84.9559687782 38.5018680929, -84.9561386594 38.5018310595, -84.9562344258 38.5017970998, -84.9563180118 38.5017583903, -84.9564517299 38.5016725104, -84.9565183976 38.5016150161, -84.9569002845 38.5012323024, -84.9570656906 38.5010919882, -84.9576596623 38.5006464322, -84.9578318276 38.5004946285, -84.9578883506 38.500437889, -84.9579676132 38.5003464269, -84.9580913635 38.5001800205, -84.9582441756 38.4999111075, -84.9583223653 38.4997246261, -84.9584026732 38.4994390283, -84.9584628918 38.4992988344, -84.9585062179 38.4992343175, -84.9585579162 38.4991712292, -84.9586437083 38.4990896949, -84.9587328332 38.4990230121, -84.9588210944 38.498971701, -84.9589141753 38.498927012, -84.959100521 38.4988530131, -84.9592209477 38.4987999935, -84.9593102054 38.4987533563, -84.959413917 38.498695008, -84.9603027195 38.4981569389, -84.9605497446 38.4980289698, -84.9606350504 38.4979921913, -84.9607237831 38.4979617515, -84.9608782915 38.4979235103, -84.9609804662 38.4979101843, -84.9610976199 38.4979013517, -84.9615960123 38.4978909317, -84.9617191341 38.4978793921, -84.9618112161 38.4978624292, -84.9618992314 38.4978336308, -84.9619758101 38.4977959699, -84.9620462418 38.4977450867, -84.9621002937 38.4976902507, -84.9621478032 38.4976263097, -84.962484638 38.497009046, -84.9626191118 38.496786138, -84.9627077603 38.496665627, -84.9628315821 38.4965236559, -84.9628992368 38.4964708322, -84.9629766349 38.4964219163, -84.9630472388 38.4963872359, -84.9632170412 38.4963235555, -84.9632946401 38.4962883715, -84.9633643055 38.496243524, -84.9634228967 38.4961887174, -84.9634686287 38.4961275101, -84.9635031433 38.4960695232, -84.963639744 38.495778253, -84.963734616 38.4955984688, -84.9638166732 38.4954732448, -84.9638769112 38.4953951079, -84.9644285012 38.4948531277, -84.964582201 38.4947264547, -84.964681785 38.4946609346, -84.9649609697 38.4944971971, -84.9656197043 38.4941286423, -84.9656900772 38.4940827, -84.9657552715 38.4940309565, -84.9658138819 38.4939739523, -84.965866945 38.4939130665, -84.96591202 38.4938474601, -84.965945948 38.4937787593, -84.9660414223 38.4935418597, -84.9660894251 38.4934639157, -84.9661176865 38.4934349946)"
"District 06","Owen","06-80421.00","KY","325","KY-325","RESURFACING(P)","0.0","5.64","Resurfacing KY 325 (MP 0.0 - 5.642) (2026CCN)","","2026","2026","C","STP5","752300","2028","","","","094-KY-0325-000","LINESTRING (-85.006114154 38.5600344869, -85.0060682084 38.5601852251, -85.0060472731 38.5603182724, -85.0060358956 38.560474444, -85.0060358197 38.5607229503, -85.0060206779 38.5610087063, -85.0059708478 38.5615076043, -85.0059453117 38.5616458389, -85.0059121874 38.5617738663, -85.0058548347 38.5619113528, -85.0057831516 38.5620479254, -85.0055702461 38.5624186652, -85.0053529039 38.5627783933, -85.0051448273 38.5631208792, -85.0049841297 38.5633439401, -85.0042306395 38.5642527835, -85.0032999215 38.5653222439, -85.0028488925 38.5657884139, -85.002437145 38.5661403243, -85.0021277939 38.566397044, -85.0016697103 38.5667648607, -85.0013447706 38.5670063776, -85.001154244 38.5671345104, -85.0009843349 38.5672300963, -85.0008067881 38.5673201415, -85.0006168524 38.567390339, -85.0002272515 38.5675243536, -84.9994109717 38.5677924214, -84.999204708 38.567851529, -84.9989978409 38.5679012963, -84.9987823135 38.5679427708, -84.998560255 38.5679732202, -84.9982305616 38.5679947504, -84.9979007351 38.567995135, -84.9977899078 38.5679905897, -84.9973618925 38.5679477898, -84.9961462868 38.5677967491, -84.9960474113 38.5677865112, -84.9958576037 38.5677756967, -84.9956599716 38.5677774631, -84.995469922 38.5677902603, -84.9951060433 38.5678368279, -84.9948505454 38.5678876521, -84.9946731294 38.5679301847, -84.9944479563 38.5679910864, -84.9941688911 38.5680887149, -84.9939637238 38.5681766523, -84.9937837314 38.5682652993, -84.9936130262 38.5683691075, -84.9933629483 38.5685383123, -84.9929495754 38.5688385555, -84.9922672793 38.5693032114, -84.9916663138 38.5697491605, -84.9915346874 38.5698614529, -84.9914767212 38.5699198463, -84.9914222456 38.5699788106, -84.9913313744 38.5701072887, -84.9912568646 38.5702432857, -84.9912035699 38.5703909501, -84.9911864286 38.5704586653, -84.9911662853 38.5705461313, -84.9911560312 38.5706243251, -84.9911324274 38.5709446232, -84.9911046849 38.5711915784, -84.9910680063 38.5713558254, -84.9910155058 38.5715279343, -84.9909549957 38.5716966963, -84.9908017295 38.5720741051, -84.9906459123 38.5723600587, -84.9904694952 38.572608536, -84.9892347559 38.5741254484, -84.9891768994 38.5742063573, -84.9891153583 38.5743053656, -84.9890638586 38.5744140492, -84.9890281882 38.5745143215, -84.9890056488 38.5746300549, -84.9889381735 38.5753001759, -84.9889123891 38.5754924993, -84.9888398338 38.5758097379, -84.9887877321 38.5759763554, -84.9886596199 38.5763212459, -84.9885176679 38.5766177193, -84.9884030944 38.5768377573, -84.9883056219 38.5770614741, -84.9882500346 38.5772266966, -84.9881164234 38.5776962153, -84.9880275735 38.5779315201, -84.987935741 38.578150879, -84.9874809552 38.5790953028, -84.9874010079 38.5792480122, -84.9873074005 38.5794022817, -84.9871666748 38.5795798626, -84.9870669524 38.5796830187, -84.9869617542 38.5797746063, -84.986874649 38.5798418712, -84.986784461 38.5799028004, -84.9866795368 38.5799680287, -84.9865296522 38.5800508163, -84.9862423931 38.5801906602, -84.9841836632 38.5811327199, -84.9840058382 38.581210656, -84.9838288195 38.5812784377, -84.9836378993 38.5813373435, -84.9834313017 38.5813901052, -84.9832318486 38.5814286347, -84.983125695 38.581443602, -84.9827968598 38.5814771772, -84.9810671332 38.5815626585, -84.9800500786 38.5816068754, -84.9795855531 38.5816362676, -84.9791202519 38.5816727932, -84.9781740227 38.5817679778, -84.9764507888 38.5819330656, -84.9759855558 38.5819959393, -84.9757567108 38.5820345395, -84.9755376143 38.5820775965, -84.9752124429 38.5821608757, -84.9749959201 38.5822250915, -84.9746691 38.5823319736, -84.9742337144 38.5824829043, -84.9737845307 38.5826482969, -84.9719271427 38.5833533882, -84.9715992773 38.5834588818, -84.9713772231 38.5835161911, -84.9711556443 38.583561694, -84.9709248255 38.5835879154, -84.9706872167 38.5835945959, -84.9704568056 38.5835823766, -84.9702272612 38.5835545103, -84.9699971935 38.5835101648, -84.9698440447 38.583469894, -84.969546658 38.5833740317, -84.9691765251 38.5832436418, -84.9673174701 38.582560316, -84.9670006096 38.58245416, -84.9668984552 38.5824219091, -84.9666866585 38.582370538, -84.9664747241 38.5823320716, -84.9663685124 38.5823192898, -84.9662626019 38.5823111774, -84.9660502947 38.5823075812, -84.965830459 38.582320959, -84.965618798 38.5823549848, -84.9654058936 38.5824071253, -84.9652085654 38.5824747454, -84.9650106759 38.5825621322, -84.9648305016 38.5826611684, -84.964665203 38.5827756793, -84.9645200519 38.5829035044, -84.9643940249 38.5830421636, -84.9642800993 38.5831940844, -84.9641931029 38.5833467306, -84.964157224 38.5834302439, -84.9641227435 38.5835137669, -84.9640645799 38.5836852767, -84.9637248223 38.5849626259, -84.9636918159 38.5850716944, -84.9636273947 38.5853370726, -84.963480862 38.5858861098, -84.963426849 38.5860617655, -84.9633651394 38.5862373698, -84.9632968565 38.5864060659, -84.9632149689 38.5865711028, -84.9631202315 38.5867272674, -84.9630055828 38.586880555, -84.9628780582 38.58702744, -84.9627317041 38.5871684346, -84.9625707368 38.587301918, -84.9624017678 38.5874312304, -84.9615172067 38.5880610453, -84.9611828673 38.5883095295, -84.9609452973 38.5885059329, -84.9607996628 38.5886444588, -84.9606027764 38.5888639232, -84.9604430602 38.5890753956, -84.9603227106 38.589269831, -84.9601704768 38.5895335249, -84.9599198999 38.5899945455, -84.9597784302 38.5902330494, -84.9597111748 38.5903377701, -84.9596134897 38.5904741421, -84.9594851398 38.5906314529, -84.9593462977 38.5907884192, -84.959052953 38.5910618827, -84.9587174473 38.5913191392, -84.9581842698 38.5917049592, -84.9565719397 38.5928458446, -84.9556119027 38.5935204191, -84.9552313695 38.5937655577, -84.9550397868 38.593880428, -84.9548405536 38.5939908545, -84.9546260029 38.5940940386, -84.9544836391 38.5941548688, -84.9537254293 38.5944452538, -84.9527790899 38.5947892898, -84.9516277027 38.5951978443, -84.9501459795 38.5957367928, -84.9494821165 38.5959714943, -84.9491850144 38.5960713669, -84.9489635198 38.5961363251, -84.9484976106 38.596250436, -84.9476106367 38.5964410615, -84.9463790551 38.5967232614, -84.9461653135 38.5967827753, -84.9459524895 38.5968543775, -84.9457556316 38.5969376204, -84.9455642245 38.5970343547, -84.9453821153 38.5971446064, -84.9452152759 38.5972662193, -84.9450696671 38.5973981352, -84.9449411057 38.5975389533, -84.944882211 38.597612694, -84.9448282084 38.5976870169, -84.9446895166 38.5979216766, -84.9445626225 38.5981652028, -84.9443149273 38.5986706927, -84.9442231952 38.5988348259, -84.9441164087 38.5989996804, -84.9440564046 38.5990786298, -84.943994655 38.599157293, -84.9438593308 38.5993079495, -84.9436479809 38.5994990049, -84.9435349776 38.5995926974, -84.9433543271 38.5997284932, -84.942816068 38.6001180534, -84.9414862059 38.6010541589, -84.9411723612 38.6012730692, -84.9410118103 38.6013941694, -84.9408567864 38.6015216234, -84.9407142506 38.6016590472, -84.9405894484 38.6018064762, -84.9404725836 38.6019638446, -84.9402726575 38.6022911672, -84.9398681758 38.6029842237, -84.9386994951 38.6050617672, -84.9383316518 38.6056985022, -84.9379039803 38.6064597656, -84.9376700011 38.6068576956, -84.937442199 38.6071719168, -84.9373174142 38.6073163224, -84.9368066138 38.6078092884, -84.9364579256 38.6081198262)"
"District 06","Owen","06-80422.00","KY","1883","KY-1883","RESURFACING(P)","1.299","7.877","Resurfacing KY 1883 (MP 1.299 - 7.887) (2026CCN)","","2026","2026","C","STP5","870100","2029","","","","094-KY-1883-000","MULTILINESTRING ((-84.7354917465 38.4958388919, -84.7356667921 38.4959664314, -84.7358838697 38.4961119052, -84.7371506644 38.4969122122, -84.7374550586 38.4971117012, -84.7376332689 38.4972381664, -84.7380568572 38.497561694, -84.7391712542 38.4984955114, -84.7396945382 38.4989898623, -84.7398164921 38.4990914058, -84.739921358 38.4991650686, -84.7400252493 38.4992079673, -84.7401060871 38.4992248563, -84.7401405941 38.4992311905, -84.7402585004 38.4992206603, -84.7403886264 38.4991855184, -84.7405323353 38.4991282495, -84.7410577632 38.4988836461, -84.7412050601 38.4988195417, -84.7420935617 38.4984722953, -84.7425536666 38.4982762862, -84.7427284249 38.4981970339, -84.7428962425 38.4981141537, -84.7430385781 38.4980294087, -84.7431687442 38.4979401671, -84.7433690662 38.4977803969, -84.743482415 38.497719845, -84.7435590124 38.4976891894, -84.743644584 38.4976665734, -84.7437471637 38.4976523393, -84.7438451136 38.4976443814, -84.7440114391 38.4976446924, -84.7441851903 38.4976640137, -84.7443538674 38.497696748, -84.7445213151 38.4977426517, -84.7446802797 38.4977956241, -84.7448130254 38.4978494726, -84.7449220301 38.4979272848, -84.7449891194 38.4980039178, -84.745024647 38.4980632597, -84.7450477663 38.4981356763, -84.7450557323 38.498217302, -84.7450550037 38.4986020196, -84.7450599261 38.4987272818, -84.7450971741 38.4988396358, -84.7451643884 38.4989327472, -84.7452535129 38.4990079196, -84.745290628 38.4990280056, -84.745365594 38.4990654368, -84.7454863016 38.4991054523, -84.7456504431 38.4991378707, -84.7458089044 38.4991512935, -84.7459301274 38.4991536916, -84.746051177 38.4991431821, -84.7461300211 38.4991270974, -84.7461949718 38.4991048536, -84.7462913955 38.4990554163, -84.7463936751 38.498986531, -84.7464871258 38.4988988976, -84.7467381885 38.4986313557, -84.7468545451 38.4985296354, -84.7470249775 38.4984086009, -84.7472071056 38.4983011201, -84.7479951904 38.4978840555, -84.7481524682 38.4978049226, -84.7483583861 38.4977207085, -84.7484808895 38.497680276, -84.7486383146 38.4976415111, -84.7487689783 38.4976176237, -84.7489551695 38.4975961265, -84.7491841454 38.4975889941, -84.7493608589 38.4975962503, -84.7498404813 38.4976326951, -84.7500995691 38.4976466846, -84.7512360434 38.4976633889, -84.7523196134 38.4976648091, -84.75260568 38.4976735279, -84.7531286661 38.4977075767, -84.7534992144 38.4977222206, -84.7543793351 38.4977037905, -84.754723487 38.4977066755, -84.754915537 38.4977167979, -84.7550993766 38.4977397573, -84.7552833796 38.4977764486, -84.7554601379 38.497832026, -84.7557084197 38.4979214302, -84.7560007461 38.4980098287, -84.7561909161 38.4980556323, -84.7565641792 38.4981279566, -84.7566968932 38.4981589986, -84.756917655 38.4982165903, -84.757080781 38.4982726008, -84.7572331812 38.4983466456, -84.7573937699 38.498435313, -84.7581126714 38.498866136, -84.7585052124 38.4990896478, -84.7591174479 38.4994761856, -84.7595606116 38.4997294988, -84.7596904061 38.4998217504, -84.7597805917 38.4998971955, -84.7598106305 38.499924083, -84.759880459 38.5000062226, -84.7599181071 38.500064753, -84.7600855219 38.5004247842, -84.7601667007 38.5005462871, -84.7602681928 38.5006643897, -84.7606347779 38.501025805, -84.76086363 38.5012616754, -84.7609789808 38.5013628669, -84.7611008368 38.5014481859, -84.7611681185 38.5014860925, -84.7613084038 38.5015523416, -84.7613810709 38.5015795835, -84.7615317856 38.5016239515, -84.7616150611 38.5016419442, -84.7617814606 38.5016633758, -84.7619386141 38.5016707243, -84.762011366 38.5016658375, -84.7620897781 38.5016557805, -84.7621711046 38.5016369597, -84.7622627411 38.5016050442, -84.7623573647 38.5015588736, -84.7627742359 38.5012751029, -84.7629445251 38.5011891936, -84.7630565957 38.5011448152, -84.7631313458 38.5011212708, -84.7632109391 38.5011013369, -84.7633426124 38.5010804625, -84.7634769251 38.5010711436, -84.7635670695 38.5010721674, -84.763750979 38.5010907199, -84.7646580009 38.5012575211, -84.7647763871 38.5012892586, -84.7648873096 38.5013302712, -84.7650904876 38.5014234004, -84.7652062792 38.5014921885, -84.7653139174 38.5015696957, -84.7654045708 38.5016629897, -84.7654797461 38.5017638436, -84.765527565 38.5018460727, -84.765588432 38.50199761, -84.7656198829 38.5021277593, -84.7656700446 38.5025301972, -84.7657050526 38.5026557074, -84.765728712 38.5027154931, -84.7657594225 38.5027706685, -84.765800251 38.502827026, -84.7658498702 38.5028793374, -84.7659334569 38.5029525264, -84.7662300529 38.5031678025, -84.7663731331 38.5032607064, -84.7665184163 38.503345664, -84.7667125567 38.5034356948, -84.7668881706 38.5035000327, -84.7670720136 38.5035501599, -84.7672430713 38.5035894708, -84.7673794448 38.5036092719, -84.7675019481 38.5036209959, -84.7676475721 38.5036285163, -84.7677898236 38.5036269468, -84.76794124 38.5036194123, -84.7683043835 38.5035891872, -84.7684889958 38.5035819256, -84.7685808832 38.5035835085, -84.7687546182 38.5036055396, -84.7688716417 38.5036350659, -84.7690803772 38.5037054412, -84.7694801303 38.503890531, -84.7696459432 38.5039825196, -84.7697525564 38.5040589158, -84.7698439425 38.5041502897, -84.7699306361 38.5042528834, -84.7700359268 38.5044020398, -84.7700991613 38.5044819219, -84.7701369964 38.504527269, -84.7701915702 38.5045752265, -84.7702791098 38.5046407555, -84.7703703039 38.5046942322, -84.7707225739 38.5048767286), (-84.6890730486 38.4591264579, -84.6893911156 38.4594959072, -84.6896068897 38.4597661316, -84.689967003 38.4602474482, -84.6901762932 38.4605074519, -84.6903244888 38.4607174804, -84.6904160954 38.4608797695, -84.6904647999 38.4609897749, -84.690523903 38.4611536963, -84.6905595368 38.4613223513, -84.6905665872 38.461487181, -84.690540253 38.4618112629, -84.6905258602 38.4621307824, -84.690538918 38.462290723, -84.6905659055 38.462453534, -84.6906030764 38.4626125907, -84.6906455287 38.4627203428, -84.6907546643 38.4629267263, -84.6908657274 38.4630721631, -84.6909541825 38.4631627504, -84.6910517934 38.4632482023, -84.6912110981 38.463366608, -84.6914893441 38.463544566, -84.6916349508 38.4636441757, -84.691773407 38.4637552546, -84.6918890449 38.4638743693, -84.691937018 38.463938506, -84.6919818091 38.4640053615, -84.6920430321 38.4641437622, -84.6920782898 38.4642904446, -84.6920823722 38.464370667, -84.692081453 38.464531307, -84.6920689846 38.4646693246, -84.6919738393 38.4651877668, -84.6918930064 38.4655130104, -84.691810827 38.4658830029, -84.6917677677 38.4661319663, -84.6917621151 38.4662090817, -84.6917673177 38.4663568681, -84.6917957377 38.4664933286, -84.6918512308 38.4666173989, -84.6919316327 38.4667340008, -84.6920436236 38.4668399008, -84.6921096124 38.4668901936, -84.6922517341 38.4669897715, -84.6933337221 38.4677004908, -84.6935039032 38.4678165185, -84.6936719452 38.467935547, -84.6938701218 38.4680965854, -84.6940062251 38.4682263138, -84.6941316776 38.4683680306, -84.6948839166 38.4693737544, -84.6950470884 38.4695646859, -84.6951758777 38.4696932504, -84.6953191979 38.469807389, -84.6953977519 38.469858615, -84.6954777397 38.4699073823, -84.695651459 38.4699965268, -84.6961859324 38.4702368891, -84.6963565576 38.4703227087, -84.6965040604 38.4704132669, -84.6965715195 38.4704589018, -84.696634352 38.470510537, -84.6967410298 38.4706224257, -84.6968256461 38.4707382389, -84.6969014246 38.4708613876, -84.6969581254 38.4709994705, -84.6970410703 38.4712561431, -84.6971037031 38.4713703869, -84.6971996818 38.4714733936, -84.6973032091 38.4715616382, -84.6974314325 38.471632801, -84.6975658188 38.4716883657, -84.6976983772 38.4717252403, -84.6977900091 38.4717417048, -84.6978785856 38.4717521013, -84.6979773722 38.4717568222, -84.6987098402 38.4717350262, -84.698676536 38.4719140521, -84.6986521939 38.4719794679, -84.6986037334 38.4720460444, -84.698530883 38.4721082844, -84.6981272126 38.4723425203, -84.6979768413 38.4724515814, -84.6978920613 38.4725417261, -84.6977985678 38.4727037416, -84.6977655551 38.4727891274, -84.697742679 38.4728740538, -84.6977366028 38.4729810977, -84.6977453454 38.4730778384, -84.6977735997 38.4731780464, -84.6977975241 38.4732392223, -84.6978509614 38.4733371823, -84.6978965567 38.4733974521, -84.6979656469 38.4734757786, -84.6980889796 38.4735716129, -84.6982325045 38.4736478528, -84.6983823374 38.4736983352, -84.6985483756 38.4737393505, -84.699076447 38.4738195443, -84.6992446602 38.4738550851, -84.6994126995 38.4739027072, -84.6995749271 38.4739659302, -84.6997278577 38.4740441739, -84.6998585367 38.4741395216, -84.6999733178 38.4742473601, -84.7000652893 38.4743624114, -84.7001410177 38.4744896765, -84.7001690409 38.4745574784, -84.700206832 38.4746995112, -84.7002200988 38.4747732245, -84.7002522543 38.4753334383, -84.7002816878 38.4756445569, -84.7002914195 38.4757212597, -84.7003081922 38.4757941797, -84.7003736271 38.4760062074, -84.7004411902 38.4761427376, -84.7005228705 38.4762692302, -84.7006151682 38.4763862067, -84.7006643538 38.4764399156, -84.700714977 38.4764908918, -84.7008344566 38.4765880611, -84.7009710828 38.4766831853, -84.7011154965 38.4767712381, -84.7015943778 38.4770440369, -84.7016715835 38.4770927751, -84.7018193306 38.4771921158, -84.7019592799 38.4772993508, -84.7020896303 38.4774183086, -84.7022048471 38.4775450971, -84.7022577047 38.4776109205, -84.7023545833 38.4777499045, -84.7024384396 38.4778956387, -84.7025002388 38.4780447476, -84.7025517964 38.4782017298, -84.7026130566 38.4784376108, -84.7028703812 38.4795976356, -84.7029858163 38.4801500691, -84.7030624705 38.4804580331, -84.7031688589 38.4807387986, -84.7032365374 38.4808679128, -84.7033168775 38.4809910967, -84.7034105398 38.4811111027, -84.7035161021 38.4812295663, -84.7036284111 38.4813403997, -84.7037581977 38.4814505638, -84.7043376682 38.4818749978, -84.7044761389 38.4819888069, -84.7046082014 38.4821110725, -84.7047226889 38.4822408721, -84.7048280114 38.4823763584, -84.7049643733 38.4825892822, -84.7050846154 38.4828056345, -84.7052660065 38.4830950213, -84.7053716063 38.483235726, -84.7055526478 38.4834270734, -84.7056812839 38.4835449147, -84.7058219421 38.4836526997, -84.7058952994 38.4837025004, -84.7060539483 38.4837980859, -84.7062200327 38.4838868722, -84.7067612089 38.484132186, -84.7069964666 38.4842457443, -84.7071985774 38.4843562648, -84.7074416349 38.484511082, -84.7075495715 38.4845861748, -84.7080765594 38.4849947499, -84.7088850769 38.4856545878, -84.7096723322 38.4862873223, -84.7099632251 38.4865436095, -84.7100946909 38.4866845363, -84.7101750693 38.4867816279, -84.7102498164 38.4868816912, -84.710352753 38.4870388451, -84.7107906159 38.4877478732, -84.7111147072 38.4882510456, -84.7112824871 38.4885419511, -84.7113425044 38.488695433, -84.7113923338 38.4888529449, -84.7114239493 38.489013593, -84.7114282552 38.4891783954, -84.7114196857 38.4892900863, -84.7113897375 38.4894556872, -84.7112882108 38.4898153606, -84.711273587 38.4898858061, -84.7112645606 38.4899557523, -84.7112635884 38.4900243964, -84.7112689237 38.4900917221, -84.7112830003 38.4901585745, -84.7112995478 38.4902238017, -84.7113234527 38.4902874453, -84.7113529954 38.4903478427, -84.7113881851 38.4904041711, -84.7114784879 38.4905164519, -84.7115698269 38.4906048506, -84.7116230288 38.4906476052, -84.711746313 38.4907255745, -84.7118872307 38.4907918879, -84.7120388396 38.4908434672, -84.7122054202 38.4908740318, -84.7123788802 38.4908876303, -84.7125613 38.4908853801, -84.7127515725 38.4908713895, -84.7140728279 38.4907357345, -84.7143741793 38.4907238086, -84.7146837718 38.4907221156, -84.7151348906 38.4907438979, -84.7167976681 38.4908693198, -84.7174997794 38.4909072822, -84.718557386 38.4909840279, -84.7189142861 38.491022277, -84.7190780214 38.4910566528, -84.7191591362 38.4910776778, -84.7193054111 38.4911363404, -84.7194308327 38.4912118478, -84.7195392401 38.4913047821, -84.7196250755 38.4914126249, -84.719693803 38.491544483, -84.7197194714 38.4916572949, -84.7197264148 38.4917350694, -84.7197219685 38.4918028593, -84.7197012955 38.4919064811, -84.7196757969 38.4920053932, -84.719581902 38.492297036, -84.7195649383 38.4923853125, -84.7195552188 38.4924802424, -84.7195715926 38.4926080768, -84.7196159721 38.4927320354, -84.7196514896 38.4927905605, -84.7196901959 38.4928458179, -84.7197810798 38.49294272, -84.7199021015 38.4930332921, -84.7199690045 38.4930712183, -84.7200370065 38.4931055852, -84.7201805561 38.4931595553, -84.7203473023 38.4932038393, -84.7205289265 38.4932336993, -84.7214059573 38.4933080291, -84.7217027183 38.4933251542, -84.72199969 38.4933271762, -84.7222968632 38.4933149201, -84.7225018403 38.4932991195, -84.7229144091 38.4932554561, -84.7231137765 38.4932409786, -84.7233059575 38.493240718, -84.7234982524 38.4932572102, -84.7236823052 38.4932884583, -84.7238660689 38.4933403002, -84.7239550583 38.4933731975, -84.7240433151 38.4934085609, -84.7242130088 38.4934921344, -84.7243733971 38.4935915548, -84.7246447161 38.4937789837, -84.7250054435 38.4940696122, -84.7252509056 38.4942323756, -84.7253295656 38.4942794639, -84.7255017394 38.4943608603, -84.7258710081 38.4944906398, -84.7270461721 38.4948863181, -84.7273961347 38.4949978024, -84.7275677995 38.4950407463, -84.7277490484 38.4950730631, -84.727974456 38.4950958739, -84.7282142995 38.4951108437, -84.7285214346 38.49511129, -84.7299495813 38.4950312991, -84.7303362277 38.4950178686, -84.7305115814 38.4950218458, -84.7306874043 38.4950423029, -84.7308759985 38.4950741284, -84.7310758595 38.4951249989, -84.7311955116 38.4951644705, -84.731362602 38.495235105, -84.73151721 38.4953240307, -84.7316557111 38.4954152899, -84.7317867152 38.495518018, -84.7319671511 38.4956846036, -84.7320811044 38.4958075058, -84.7323256671 38.4960869554, -84.7324221189 38.4961869151, -84.7325174137 38.4962695649, -84.7326504469 38.4963522624, -84.7327313692 38.4963878311, -84.732844709 38.4964291695, -84.7329735243 38.4964632254, -84.733094495 38.4964834839, -84.7332222217 38.4964952874, -84.733374611 38.496492473, -84.733533803 38.4964779089, -84.7336717308 38.4964595922, -84.7340609294 38.4963885042, -84.7343357517 38.4963507626, -84.7345298997 38.4963351231, -84.7346706528 38.4963398964))"
"District 06","Owen","06-80423.00","KY","3548","KY-3548","SAFETY(P)","0.0","3.53","Improve safety and mobility along KY 35 from US 127 to the Gallatin County line. (MP 0-4.132) (2026CCN)","","2026","2026","C","SPP","25000000","2032","","","","094-KY-3548-000","LINESTRING (-84.9150935 38.5008196925, -84.9167196903 38.5007369258, -84.9178104879 38.5006891054, -84.9179727905 38.5006748656, -84.9181093102 38.500653854, -84.9182368541 38.5006231685, -84.9183189101 38.5005979299, -84.91961747 38.5000696229, -84.9197453055 38.5000131254, -84.9198895829 38.4999240654, -84.9199771928 38.4998401001, -84.920015439 38.4997953331, -84.9206609769 38.498733292, -84.9209161793 38.49829022, -84.921036205 38.4980895003, -84.9210731486 38.4980362109, -84.9211217171 38.4979744901, -84.9211817388 38.4979197142, -84.921229278 38.4978873684, -84.9212756801 38.4978627035, -84.9213307812 38.4978413948, -84.921419038 38.4978236121, -84.9214953056 38.4978153576, -84.9222282287 38.4977688434, -84.9227479623 38.497725783, -84.9243712001 38.4976190019, -84.9249957876 38.4975733652, -84.9262674727 38.4974687838, -84.9269250548 38.4974096361, -84.928195336 38.4973363278, -84.9283438479 38.4973357084, -84.9286655448 38.4973467206, -84.9289228476 38.497366624, -84.9292829703 38.4974097547, -84.9295716417 38.4974680428, -84.9298196727 38.497535935, -84.9304011789 38.4977178907, -84.9315874441 38.4981280892, -84.9325769103 38.4984517932, -84.9329373236 38.4985635653, -84.9330640298 38.4986072748, -84.9331488863 38.4986435567, -84.9332336538 38.498687801, -84.9333266219 38.4987488534, -84.9334410945 38.4988556363, -84.9336393852 38.4990920577, -84.9337603637 38.4992109677, -84.9338836339 38.4993123189, -84.9342619162 38.499577437, -84.9343852763 38.499670824, -84.9344693829 38.4997433473, -84.9345688852 38.4998453588, -84.9346540296 38.4999502915, -84.9350323296 38.5004974209, -84.9351455662 38.5006214942, -84.935263995 38.5007186914, -84.9353254388 38.5007553608, -84.9354179253 38.500797185, -84.9355143687 38.5008288761, -84.9356374092 38.5008569052, -84.93579892 38.500882178, -84.9366530921 38.5009956748, -84.9368478577 38.5010156812, -84.9370077866 38.5010261124, -84.937189482 38.5010273561, -84.9373485699 38.5010191087, -84.9375234747 38.5010024565, -84.9376883502 38.5009763992, -84.937827892 38.5009345157, -84.9379591956 38.5008791208, -84.9380823174 38.500805271, -84.9383867883 38.5006060698, -84.9384634431 38.5005629325, -84.9385086912 38.5005475892, -84.9385349549 38.5005425515, -84.9385975177 38.5005413311, -84.9386599376 38.5005530165, -84.9387198304 38.500572098, -84.9397748466 38.5010727583, -84.9400329572 38.5011791418, -84.9401238333 38.5012088696, -84.9402018868 38.5012288985, -84.9405366233 38.5012948882, -84.9406167133 38.501320423, -84.9406729494 38.5013543067, -84.940710596 38.5013943804, -84.9407340934 38.5014500101, -84.9407378335 38.5015228044, -84.9407219291 38.5016023301, -84.9406602435 38.5018089587, -84.9406446866 38.5019203405, -84.9406453263 38.5019889947, -84.9406576183 38.5021101772, -84.9407306761 38.5025829877, -84.940750896 38.5026506772, -84.9407750748 38.5027079593, -84.9408173748 38.5027697578, -84.9408730714 38.5028209381, -84.9409640179 38.5028762037, -84.9410370997 38.5029036121, -84.9411196712 38.5029261426, -84.941204411 38.5029420973, -84.941490287 38.502971504, -84.9416582844 38.5029795126, -84.9421765994 38.5029723304, -84.9424895485 38.5029549619, -84.9427871741 38.5029328202, -84.9428662286 38.502925669, -84.9429527211 38.5029095059, -84.9430698735 38.5028699366, -84.943122598 38.5028420105, -84.943192186 38.5027741081, -84.9432375388 38.50268572, -84.9432503184 38.5026358293, -84.943286111 38.5018281987, -84.9433071649 38.5016932383, -84.943340733 38.5015641296, -84.9433745991 38.5014715444, -84.9434143599 38.5013831191, -84.9434663683 38.5012931282, -84.9435113636 38.5012371407, -84.9435971763 38.5011871973, -84.9436580301 38.501182668, -84.9437002781 38.5011857008, -84.9437685252 38.5012078576, -84.9439142309 38.501272554, -84.9441139953 38.5013785326, -84.944739927 38.501689507, -84.9464719962 38.502593965, -84.946792726 38.502727393, -84.9469449071 38.5027756537, -84.9470282115 38.5027951641, -84.9471436843 38.5028129703, -84.9472526144 38.5028219447, -84.947624154 38.5028151195, -84.9479979646 38.502792381, -84.9486693914 38.5027161814, -84.9489654936 38.5027052725, -84.9491233059 38.5027178704, -84.9492412108 38.5027370631, -84.9496249434 38.5028297191, -84.9496978288 38.5028433908, -84.9497882423 38.502851964, -84.9498780776 38.5028495487, -84.949966614 38.5028380631, -84.9500440228 38.5028215588, -84.9502713228 38.5027429065, -84.9505920941 38.5026168277, -84.950902606 38.5024700843, -84.9514998857 38.5021745137, -84.9516448156 38.5020865171, -84.9517124327 38.502038368, -84.9519683536 38.5018341374, -84.952053203 38.5017759434, -84.9522095992 38.5016937901, -84.9523190124 38.5016582784, -84.9524612495 38.5016249087, -84.9526089727 38.5016011867, -84.9527587319 38.5015829705, -84.9529115205 38.5015754832, -84.9530792109 38.5015793547, -84.9531891232 38.5015943708, -84.9534454649 38.5016403012, -84.9539067405 38.5017359348, -84.9545819019 38.5018615576, -84.9549255687 38.5019110905, -84.9550774111 38.5019263857, -84.955329997 38.5019321952, -84.9554820805 38.5019252494, -84.9556433177 38.5019120493, -84.9557944606 38.5018952113, -84.9559687782 38.5018680929, -84.9561386594 38.5018310595, -84.9562344258 38.5017970998, -84.9563180118 38.5017583903, -84.9564517299 38.5016725104, -84.9565183976 38.5016150161, -84.9569002845 38.5012323024, -84.9570656906 38.5010919882, -84.9576596623 38.5006464322, -84.9578318276 38.5004946285, -84.9578883506 38.500437889, -84.9579676132 38.5003464269, -84.9580913635 38.5001800205, -84.9582441756 38.4999111075, -84.9583223653 38.4997246261, -84.9584026732 38.4994390283, -84.9584628918 38.4992988344, -84.9585062179 38.4992343175, -84.9585579162 38.4991712292, -84.9586437083 38.4990896949, -84.9587328332 38.4990230121, -84.9588210944 38.498971701, -84.9589141753 38.498927012, -84.959100521 38.4988530131, -84.9592209477 38.4987999935, -84.9593102054 38.4987533563, -84.959413917 38.498695008, -84.9603027195 38.4981569389, -84.9605497446 38.4980289698, -84.9606350504 38.4979921913, -84.9607237831 38.4979617515, -84.9608782915 38.4979235103, -84.9609804662 38.4979101843, -84.9610976199 38.4979013517, -84.9615960123 38.4978909317, -84.9617191341 38.4978793921, -84.9618112161 38.4978624292, -84.9618992314 38.4978336308, -84.9619758101 38.4977959699, -84.9620462418 38.4977450867, -84.9621002937 38.4976902507, -84.9621478032 38.4976263097, -84.962484638 38.497009046, -84.9626191118 38.496786138, -84.9627077603 38.496665627, -84.9628315821 38.4965236559, -84.9628992368 38.4964708322, -84.9629766349 38.4964219163, -84.9630472388 38.4963872359, -84.9632170412 38.4963235555, -84.9632946401 38.4962883715, -84.9633643055 38.496243524, -84.9634228967 38.4961887174, -84.9634686287 38.4961275101, -84.9635031433 38.4960695232, -84.963639744 38.495778253, -84.963734616 38.4955984688, -84.9638166732 38.4954732448, -84.9638769112 38.4953951079, -84.9644285012 38.4948531277, -84.964582201 38.4947264547, -84.964681785 38.4946609346, -84.9649609697 38.4944971971, -84.9656197043 38.4941286423, -84.9656900772 38.4940827, -84.9657552715 38.4940309565, -84.9658138819 38.4939739523, -84.965866945 38.4939130665, -84.96591202 38.4938474601, -84.965945948 38.4937787593, -84.9660414223 38.4935418597, -84.9660894251 38.4934639157, -84.9661176865 38.4934349946)"
"District 06","Owen","06-80423.00","KY","3548","KY-3548","SAFETY(P)","0.0","3.53","Improve safety and mobility along KY 35 from US 127 to the Gallatin County line. (MP 0-4.132) (2026CCN)","","2026","2026","D","SPP","3000000","2031","","","","094-KY-3548-000","LINESTRING (-84.9150935 38.5008196925, -84.9167196903 38.5007369258, -84.9178104879 38.5006891054, -84.9179727905 38.5006748656, -84.9181093102 38.500653854, -84.9182368541 38.5006231685, -84.9183189101 38.5005979299, -84.91961747 38.5000696229, -84.9197453055 38.5000131254, -84.9198895829 38.4999240654, -84.9199771928 38.4998401001, -84.920015439 38.4997953331, -84.9206609769 38.498733292, -84.9209161793 38.49829022, -84.921036205 38.4980895003, -84.9210731486 38.4980362109, -84.9211217171 38.4979744901, -84.9211817388 38.4979197142, -84.921229278 38.4978873684, -84.9212756801 38.4978627035, -84.9213307812 38.4978413948, -84.921419038 38.4978236121, -84.9214953056 38.4978153576, -84.9222282287 38.4977688434, -84.9227479623 38.497725783, -84.9243712001 38.4976190019, -84.9249957876 38.4975733652, -84.9262674727 38.4974687838, -84.9269250548 38.4974096361, -84.928195336 38.4973363278, -84.9283438479 38.4973357084, -84.9286655448 38.4973467206, -84.9289228476 38.497366624, -84.9292829703 38.4974097547, -84.9295716417 38.4974680428, -84.9298196727 38.497535935, -84.9304011789 38.4977178907, -84.9315874441 38.4981280892, -84.9325769103 38.4984517932, -84.9329373236 38.4985635653, -84.9330640298 38.4986072748, -84.9331488863 38.4986435567, -84.9332336538 38.498687801, -84.9333266219 38.4987488534, -84.9334410945 38.4988556363, -84.9336393852 38.4990920577, -84.9337603637 38.4992109677, -84.9338836339 38.4993123189, -84.9342619162 38.499577437, -84.9343852763 38.499670824, -84.9344693829 38.4997433473, -84.9345688852 38.4998453588, -84.9346540296 38.4999502915, -84.9350323296 38.5004974209, -84.9351455662 38.5006214942, -84.935263995 38.5007186914, -84.9353254388 38.5007553608, -84.9354179253 38.500797185, -84.9355143687 38.5008288761, -84.9356374092 38.5008569052, -84.93579892 38.500882178, -84.9366530921 38.5009956748, -84.9368478577 38.5010156812, -84.9370077866 38.5010261124, -84.937189482 38.5010273561, -84.9373485699 38.5010191087, -84.9375234747 38.5010024565, -84.9376883502 38.5009763992, -84.937827892 38.5009345157, -84.9379591956 38.5008791208, -84.9380823174 38.500805271, -84.9383867883 38.5006060698, -84.9384634431 38.5005629325, -84.9385086912 38.5005475892, -84.9385349549 38.5005425515, -84.9385975177 38.5005413311, -84.9386599376 38.5005530165, -84.9387198304 38.500572098, -84.9397748466 38.5010727583, -84.9400329572 38.5011791418, -84.9401238333 38.5012088696, -84.9402018868 38.5012288985, -84.9405366233 38.5012948882, -84.9406167133 38.501320423, -84.9406729494 38.5013543067, -84.940710596 38.5013943804, -84.9407340934 38.5014500101, -84.9407378335 38.5015228044, -84.9407219291 38.5016023301, -84.9406602435 38.5018089587, -84.9406446866 38.5019203405, -84.9406453263 38.5019889947, -84.9406576183 38.5021101772, -84.9407306761 38.5025829877, -84.940750896 38.5026506772, -84.9407750748 38.5027079593, -84.9408173748 38.5027697578, -84.9408730714 38.5028209381, -84.9409640179 38.5028762037, -84.9410370997 38.5029036121, -84.9411196712 38.5029261426, -84.941204411 38.5029420973, -84.941490287 38.502971504, -84.9416582844 38.5029795126, -84.9421765994 38.5029723304, -84.9424895485 38.5029549619, -84.9427871741 38.5029328202, -84.9428662286 38.502925669, -84.9429527211 38.5029095059, -84.9430698735 38.5028699366, -84.943122598 38.5028420105, -84.943192186 38.5027741081, -84.9432375388 38.50268572, -84.9432503184 38.5026358293, -84.943286111 38.5018281987, -84.9433071649 38.5016932383, -84.943340733 38.5015641296, -84.9433745991 38.5014715444, -84.9434143599 38.5013831191, -84.9434663683 38.5012931282, -84.9435113636 38.5012371407, -84.9435971763 38.5011871973, -84.9436580301 38.501182668, -84.9437002781 38.5011857008, -84.9437685252 38.5012078576, -84.9439142309 38.501272554, -84.9441139953 38.5013785326, -84.944739927 38.501689507, -84.9464719962 38.502593965, -84.946792726 38.502727393, -84.9469449071 38.5027756537, -84.9470282115 38.5027951641, -84.9471436843 38.5028129703, -84.9472526144 38.5028219447, -84.947624154 38.5028151195, -84.9479979646 38.502792381, -84.9486693914 38.5027161814, -84.9489654936 38.5027052725, -84.9491233059 38.5027178704, -84.9492412108 38.5027370631, -84.9496249434 38.5028297191, -84.9496978288 38.5028433908, -84.9497882423 38.502851964, -84.9498780776 38.5028495487, -84.949966614 38.5028380631, -84.9500440228 38.5028215588, -84.9502713228 38.5027429065, -84.9505920941 38.5026168277, -84.950902606 38.5024700843, -84.9514998857 38.5021745137, -84.9516448156 38.5020865171, -84.9517124327 38.502038368, -84.9519683536 38.5018341374, -84.952053203 38.5017759434, -84.9522095992 38.5016937901, -84.9523190124 38.5016582784, -84.9524612495 38.5016249087, -84.9526089727 38.5016011867, -84.9527587319 38.5015829705, -84.9529115205 38.5015754832, -84.9530792109 38.5015793547, -84.9531891232 38.5015943708, -84.9534454649 38.5016403012, -84.9539067405 38.5017359348, -84.9545819019 38.5018615576, -84.9549255687 38.5019110905, -84.9550774111 38.5019263857, -84.955329997 38.5019321952, -84.9554820805 38.5019252494, -84.9556433177 38.5019120493, -84.9557944606 38.5018952113, -84.9559687782 38.5018680929, -84.9561386594 38.5018310595, -84.9562344258 38.5017970998, -84.9563180118 38.5017583903, -84.9564517299 38.5016725104, -84.9565183976 38.5016150161, -84.9569002845 38.5012323024, -84.9570656906 38.5010919882, -84.9576596623 38.5006464322, -84.9578318276 38.5004946285, -84.9578883506 38.500437889, -84.9579676132 38.5003464269, -84.9580913635 38.5001800205, -84.9582441756 38.4999111075, -84.9583223653 38.4997246261, -84.9584026732 38.4994390283, -84.9584628918 38.4992988344, -84.9585062179 38.4992343175, -84.9585579162 38.4991712292, -84.9586437083 38.4990896949, -84.9587328332 38.4990230121, -84.9588210944 38.498971701, -84.9589141753 38.498927012, -84.959100521 38.4988530131, -84.9592209477 38.4987999935, -84.9593102054 38.4987533563, -84.959413917 38.498695008, -84.9603027195 38.4981569389, -84.9605497446 38.4980289698, -84.9606350504 38.4979921913, -84.9607237831 38.4979617515, -84.9608782915 38.4979235103, -84.9609804662 38.4979101843, -84.9610976199 38.4979013517, -84.9615960123 38.4978909317, -84.9617191341 38.4978793921, -84.9618112161 38.4978624292, -84.9618992314 38.4978336308, -84.9619758101 38.4977959699, -84.9620462418 38.4977450867, -84.9621002937 38.4976902507, -84.9621478032 38.4976263097, -84.962484638 38.497009046, -84.9626191118 38.496786138, -84.9627077603 38.496665627, -84.9628315821 38.4965236559, -84.9628992368 38.4964708322, -84.9629766349 38.4964219163, -84.9630472388 38.4963872359, -84.9632170412 38.4963235555, -84.9632946401 38.4962883715, -84.9633643055 38.496243524, -84.9634228967 38.4961887174, -84.9634686287 38.4961275101, -84.9635031433 38.4960695232, -84.963639744 38.495778253, -84.963734616 38.4955984688, -84.9638166732 38.4954732448, -84.9638769112 38.4953951079, -84.9644285012 38.4948531277, -84.964582201 38.4947264547, -84.964681785 38.4946609346, -84.9649609697 38.4944971971, -84.9656197043 38.4941286423, -84.9656900772 38.4940827, -84.9657552715 38.4940309565, -84.9658138819 38.4939739523, -84.965866945 38.4939130665, -84.96591202 38.4938474601, -84.965945948 38.4937787593, -84.9660414223 38.4935418597, -84.9660894251 38.4934639157, -84.9661176865 38.4934349946)"
"District 06","Owen","06-80423.00","KY","3548","KY-3548","SAFETY(P)","0.0","3.53","Improve safety and mobility along KY 35 from US 127 to the Gallatin County line. (MP 0-4.132) (2026CCN)","","2026","2026","U","SPP","1500000","2032","","","","094-KY-3548-000","LINESTRING (-84.9150935 38.5008196925, -84.9167196903 38.5007369258, -84.9178104879 38.5006891054, -84.9179727905 38.5006748656, -84.9181093102 38.500653854, -84.9182368541 38.5006231685, -84.9183189101 38.5005979299, -84.91961747 38.5000696229, -84.9197453055 38.5000131254, -84.9198895829 38.4999240654, -84.9199771928 38.4998401001, -84.920015439 38.4997953331, -84.9206609769 38.498733292, -84.9209161793 38.49829022, -84.921036205 38.4980895003, -84.9210731486 38.4980362109, -84.9211217171 38.4979744901, -84.9211817388 38.4979197142, -84.921229278 38.4978873684, -84.9212756801 38.4978627035, -84.9213307812 38.4978413948, -84.921419038 38.4978236121, -84.9214953056 38.4978153576, -84.9222282287 38.4977688434, -84.9227479623 38.497725783, -84.9243712001 38.4976190019, -84.9249957876 38.4975733652, -84.9262674727 38.4974687838, -84.9269250548 38.4974096361, -84.928195336 38.4973363278, -84.9283438479 38.4973357084, -84.9286655448 38.4973467206, -84.9289228476 38.497366624, -84.9292829703 38.4974097547, -84.9295716417 38.4974680428, -84.9298196727 38.497535935, -84.9304011789 38.4977178907, -84.9315874441 38.4981280892, -84.9325769103 38.4984517932, -84.9329373236 38.4985635653, -84.9330640298 38.4986072748, -84.9331488863 38.4986435567, -84.9332336538 38.498687801, -84.9333266219 38.4987488534, -84.9334410945 38.4988556363, -84.9336393852 38.4990920577, -84.9337603637 38.4992109677, -84.9338836339 38.4993123189, -84.9342619162 38.499577437, -84.9343852763 38.499670824, -84.9344693829 38.4997433473, -84.9345688852 38.4998453588, -84.9346540296 38.4999502915, -84.9350323296 38.5004974209, -84.9351455662 38.5006214942, -84.935263995 38.5007186914, -84.9353254388 38.5007553608, -84.9354179253 38.500797185, -84.9355143687 38.5008288761, -84.9356374092 38.5008569052, -84.93579892 38.500882178, -84.9366530921 38.5009956748, -84.9368478577 38.5010156812, -84.9370077866 38.5010261124, -84.937189482 38.5010273561, -84.9373485699 38.5010191087, -84.9375234747 38.5010024565, -84.9376883502 38.5009763992, -84.937827892 38.5009345157, -84.9379591956 38.5008791208, -84.9380823174 38.500805271, -84.9383867883 38.5006060698, -84.9384634431 38.5005629325, -84.9385086912 38.5005475892, -84.9385349549 38.5005425515, -84.9385975177 38.5005413311, -84.9386599376 38.5005530165, -84.9387198304 38.500572098, -84.9397748466 38.5010727583, -84.9400329572 38.5011791418, -84.9401238333 38.5012088696, -84.9402018868 38.5012288985, -84.9405366233 38.5012948882, -84.9406167133 38.501320423, -84.9406729494 38.5013543067, -84.940710596 38.5013943804, -84.9407340934 38.5014500101, -84.9407378335 38.5015228044, -84.9407219291 38.5016023301, -84.9406602435 38.5018089587, -84.9406446866 38.5019203405, -84.9406453263 38.5019889947, -84.9406576183 38.5021101772, -84.9407306761 38.5025829877, -84.940750896 38.5026506772, -84.9407750748 38.5027079593, -84.9408173748 38.5027697578, -84.9408730714 38.5028209381, -84.9409640179 38.5028762037, -84.9410370997 38.5029036121, -84.9411196712 38.5029261426, -84.941204411 38.5029420973, -84.941490287 38.502971504, -84.9416582844 38.5029795126, -84.9421765994 38.5029723304, -84.9424895485 38.5029549619, -84.9427871741 38.5029328202, -84.9428662286 38.502925669, -84.9429527211 38.5029095059, -84.9430698735 38.5028699366, -84.943122598 38.5028420105, -84.943192186 38.5027741081, -84.9432375388 38.50268572, -84.9432503184 38.5026358293, -84.943286111 38.5018281987, -84.9433071649 38.5016932383, -84.943340733 38.5015641296, -84.9433745991 38.5014715444, -84.9434143599 38.5013831191, -84.9434663683 38.5012931282, -84.9435113636 38.5012371407, -84.9435971763 38.5011871973, -84.9436580301 38.501182668, -84.9437002781 38.5011857008, -84.9437685252 38.5012078576, -84.9439142309 38.501272554, -84.9441139953 38.5013785326, -84.944739927 38.501689507, -84.9464719962 38.502593965, -84.946792726 38.502727393, -84.9469449071 38.5027756537, -84.9470282115 38.5027951641, -84.9471436843 38.5028129703, -84.9472526144 38.5028219447, -84.947624154 38.5028151195, -84.9479979646 38.502792381, -84.9486693914 38.5027161814, -84.9489654936 38.5027052725, -84.9491233059 38.5027178704, -84.9492412108 38.5027370631, -84.9496249434 38.5028297191, -84.9496978288 38.5028433908, -84.9497882423 38.502851964, -84.9498780776 38.5028495487, -84.949966614 38.5028380631, -84.9500440228 38.5028215588, -84.9502713228 38.5027429065, -84.9505920941 38.5026168277, -84.950902606 38.5024700843, -84.9514998857 38.5021745137, -84.9516448156 38.5020865171, -84.9517124327 38.502038368, -84.9519683536 38.5018341374, -84.952053203 38.5017759434, -84.9522095992 38.5016937901, -84.9523190124 38.5016582784, -84.9524612495 38.5016249087, -84.9526089727 38.5016011867, -84.9527587319 38.5015829705, -84.9529115205 38.5015754832, -84.9530792109 38.5015793547, -84.9531891232 38.5015943708, -84.9534454649 38.5016403012, -84.9539067405 38.5017359348, -84.9545819019 38.5018615576, -84.9549255687 38.5019110905, -84.9550774111 38.5019263857, -84.955329997 38.5019321952, -84.9554820805 38.5019252494, -84.9556433177 38.5019120493, -84.9557944606 38.5018952113, -84.9559687782 38.5018680929, -84.9561386594 38.5018310595, -84.9562344258 38.5017970998, -84.9563180118 38.5017583903, -84.9564517299 38.5016725104, -84.9565183976 38.5016150161, -84.9569002845 38.5012323024, -84.9570656906 38.5010919882, -84.9576596623 38.5006464322, -84.9578318276 38.5004946285, -84.9578883506 38.500437889, -84.9579676132 38.5003464269, -84.9580913635 38.5001800205, -84.9582441756 38.4999111075, -84.9583223653 38.4997246261, -84.9584026732 38.4994390283, -84.9584628918 38.4992988344, -84.9585062179 38.4992343175, -84.9585579162 38.4991712292, -84.9586437083 38.4990896949, -84.9587328332 38.4990230121, -84.9588210944 38.498971701, -84.9589141753 38.498927012, -84.959100521 38.4988530131, -84.9592209477 38.4987999935, -84.9593102054 38.4987533563, -84.959413917 38.498695008, -84.9603027195 38.4981569389, -84.9605497446 38.4980289698, -84.9606350504 38.4979921913, -84.9607237831 38.4979617515, -84.9608782915 38.4979235103, -84.9609804662 38.4979101843, -84.9610976199 38.4979013517, -84.9615960123 38.4978909317, -84.9617191341 38.4978793921, -84.9618112161 38.4978624292, -84.9618992314 38.4978336308, -84.9619758101 38.4977959699, -84.9620462418 38.4977450867, -84.9621002937 38.4976902507, -84.9621478032 38.4976263097, -84.962484638 38.497009046, -84.9626191118 38.496786138, -84.9627077603 38.496665627, -84.9628315821 38.4965236559, -84.9628992368 38.4964708322, -84.9629766349 38.4964219163, -84.9630472388 38.4963872359, -84.9632170412 38.4963235555, -84.9632946401 38.4962883715, -84.9633643055 38.496243524, -84.9634228967 38.4961887174, -84.9634686287 38.4961275101, -84.9635031433 38.4960695232, -84.963639744 38.495778253, -84.963734616 38.4955984688, -84.9638166732 38.4954732448, -84.9638769112 38.4953951079, -84.9644285012 38.4948531277, -84.964582201 38.4947264547, -84.964681785 38.4946609346, -84.9649609697 38.4944971971, -84.9656197043 38.4941286423, -84.9656900772 38.4940827, -84.9657552715 38.4940309565, -84.9658138819 38.4939739523, -84.965866945 38.4939130665, -84.96591202 38.4938474601, -84.965945948 38.4937787593, -84.9660414223 38.4935418597, -84.9660894251 38.4934639157, -84.9661176865 38.4934349946)"
"District 06","Owen","06-80423.00","KY","3548","KY-3548","SAFETY(P)","0.0","3.53","Improve safety and mobility along KY 35 from US 127 to the Gallatin County line. (MP 0-4.132) (2026CCN)","","2026","2026","R","SPP","2500000","2031","","","","094-KY-3548-000","LINESTRING (-84.9150935 38.5008196925, -84.9167196903 38.5007369258, -84.9178104879 38.5006891054, -84.9179727905 38.5006748656, -84.9181093102 38.500653854, -84.9182368541 38.5006231685, -84.9183189101 38.5005979299, -84.91961747 38.5000696229, -84.9197453055 38.5000131254, -84.9198895829 38.4999240654, -84.9199771928 38.4998401001, -84.920015439 38.4997953331, -84.9206609769 38.498733292, -84.9209161793 38.49829022, -84.921036205 38.4980895003, -84.9210731486 38.4980362109, -84.9211217171 38.4979744901, -84.9211817388 38.4979197142, -84.921229278 38.4978873684, -84.9212756801 38.4978627035, -84.9213307812 38.4978413948, -84.921419038 38.4978236121, -84.9214953056 38.4978153576, -84.9222282287 38.4977688434, -84.9227479623 38.497725783, -84.9243712001 38.4976190019, -84.9249957876 38.4975733652, -84.9262674727 38.4974687838, -84.9269250548 38.4974096361, -84.928195336 38.4973363278, -84.9283438479 38.4973357084, -84.9286655448 38.4973467206, -84.9289228476 38.497366624, -84.9292829703 38.4974097547, -84.9295716417 38.4974680428, -84.9298196727 38.497535935, -84.9304011789 38.4977178907, -84.9315874441 38.4981280892, -84.9325769103 38.4984517932, -84.9329373236 38.4985635653, -84.9330640298 38.4986072748, -84.9331488863 38.4986435567, -84.9332336538 38.498687801, -84.9333266219 38.4987488534, -84.9334410945 38.4988556363, -84.9336393852 38.4990920577, -84.9337603637 38.4992109677, -84.9338836339 38.4993123189, -84.9342619162 38.499577437, -84.9343852763 38.499670824, -84.9344693829 38.4997433473, -84.9345688852 38.4998453588, -84.9346540296 38.4999502915, -84.9350323296 38.5004974209, -84.9351455662 38.5006214942, -84.935263995 38.5007186914, -84.9353254388 38.5007553608, -84.9354179253 38.500797185, -84.9355143687 38.5008288761, -84.9356374092 38.5008569052, -84.93579892 38.500882178, -84.9366530921 38.5009956748, -84.9368478577 38.5010156812, -84.9370077866 38.5010261124, -84.937189482 38.5010273561, -84.9373485699 38.5010191087, -84.9375234747 38.5010024565, -84.9376883502 38.5009763992, -84.937827892 38.5009345157, -84.9379591956 38.5008791208, -84.9380823174 38.500805271, -84.9383867883 38.5006060698, -84.9384634431 38.5005629325, -84.9385086912 38.5005475892, -84.9385349549 38.5005425515, -84.9385975177 38.5005413311, -84.9386599376 38.5005530165, -84.9387198304 38.500572098, -84.9397748466 38.5010727583, -84.9400329572 38.5011791418, -84.9401238333 38.5012088696, -84.9402018868 38.5012288985, -84.9405366233 38.5012948882, -84.9406167133 38.501320423, -84.9406729494 38.5013543067, -84.940710596 38.5013943804, -84.9407340934 38.5014500101, -84.9407378335 38.5015228044, -84.9407219291 38.5016023301, -84.9406602435 38.5018089587, -84.9406446866 38.5019203405, -84.9406453263 38.5019889947, -84.9406576183 38.5021101772, -84.9407306761 38.5025829877, -84.940750896 38.5026506772, -84.9407750748 38.5027079593, -84.9408173748 38.5027697578, -84.9408730714 38.5028209381, -84.9409640179 38.5028762037, -84.9410370997 38.5029036121, -84.9411196712 38.5029261426, -84.941204411 38.5029420973, -84.941490287 38.502971504, -84.9416582844 38.5029795126, -84.9421765994 38.5029723304, -84.9424895485 38.5029549619, -84.9427871741 38.5029328202, -84.9428662286 38.502925669, -84.9429527211 38.5029095059, -84.9430698735 38.5028699366, -84.943122598 38.5028420105, -84.943192186 38.5027741081, -84.9432375388 38.50268572, -84.9432503184 38.5026358293, -84.943286111 38.5018281987, -84.9433071649 38.5016932383, -84.943340733 38.5015641296, -84.9433745991 38.5014715444, -84.9434143599 38.5013831191, -84.9434663683 38.5012931282, -84.9435113636 38.5012371407, -84.9435971763 38.5011871973, -84.9436580301 38.501182668, -84.9437002781 38.5011857008, -84.9437685252 38.5012078576, -84.9439142309 38.501272554, -84.9441139953 38.5013785326, -84.944739927 38.501689507, -84.9464719962 38.502593965, -84.946792726 38.502727393, -84.9469449071 38.5027756537, -84.9470282115 38.5027951641, -84.9471436843 38.5028129703, -84.9472526144 38.5028219447, -84.947624154 38.5028151195, -84.9479979646 38.502792381, -84.9486693914 38.5027161814, -84.9489654936 38.5027052725, -84.9491233059 38.5027178704, -84.9492412108 38.5027370631, -84.9496249434 38.5028297191, -84.9496978288 38.5028433908, -84.9497882423 38.502851964, -84.9498780776 38.5028495487, -84.949966614 38.5028380631, -84.9500440228 38.5028215588, -84.9502713228 38.5027429065, -84.9505920941 38.5026168277, -84.950902606 38.5024700843, -84.9514998857 38.5021745137, -84.9516448156 38.5020865171, -84.9517124327 38.502038368, -84.9519683536 38.5018341374, -84.952053203 38.5017759434, -84.9522095992 38.5016937901, -84.9523190124 38.5016582784, -84.9524612495 38.5016249087, -84.9526089727 38.5016011867, -84.9527587319 38.5015829705, -84.9529115205 38.5015754832, -84.9530792109 38.5015793547, -84.9531891232 38.5015943708, -84.9534454649 38.5016403012, -84.9539067405 38.5017359348, -84.9545819019 38.5018615576, -84.9549255687 38.5019110905, -84.9550774111 38.5019263857, -84.955329997 38.5019321952, -84.9554820805 38.5019252494, -84.9556433177 38.5019120493, -84.9557944606 38.5018952113, -84.9559687782 38.5018680929, -84.9561386594 38.5018310595, -84.9562344258 38.5017970998, -84.9563180118 38.5017583903, -84.9564517299 38.5016725104, -84.9565183976 38.5016150161, -84.9569002845 38.5012323024, -84.9570656906 38.5010919882, -84.9576596623 38.5006464322, -84.9578318276 38.5004946285, -84.9578883506 38.500437889, -84.9579676132 38.5003464269, -84.9580913635 38.5001800205, -84.9582441756 38.4999111075, -84.9583223653 38.4997246261, -84.9584026732 38.4994390283, -84.9584628918 38.4992988344, -84.9585062179 38.4992343175, -84.9585579162 38.4991712292, -84.9586437083 38.4990896949, -84.9587328332 38.4990230121, -84.9588210944 38.498971701, -84.9589141753 38.498927012, -84.959100521 38.4988530131, -84.9592209477 38.4987999935, -84.9593102054 38.4987533563, -84.959413917 38.498695008, -84.9603027195 38.4981569389, -84.9605497446 38.4980289698, -84.9606350504 38.4979921913, -84.9607237831 38.4979617515, -84.9608782915 38.4979235103, -84.9609804662 38.4979101843, -84.9610976199 38.4979013517, -84.9615960123 38.4978909317, -84.9617191341 38.4978793921, -84.9618112161 38.4978624292, -84.9618992314 38.4978336308, -84.9619758101 38.4977959699, -84.9620462418 38.4977450867, -84.9621002937 38.4976902507, -84.9621478032 38.4976263097, -84.962484638 38.497009046, -84.9626191118 38.496786138, -84.9627077603 38.496665627, -84.9628315821 38.4965236559, -84.9628992368 38.4964708322, -84.9629766349 38.4964219163, -84.9630472388 38.4963872359, -84.9632170412 38.4963235555, -84.9632946401 38.4962883715, -84.9633643055 38.496243524, -84.9634228967 38.4961887174, -84.9634686287 38.4961275101, -84.9635031433 38.4960695232, -84.963639744 38.495778253, -84.963734616 38.4955984688, -84.9638166732 38.4954732448, -84.9638769112 38.4953951079, -84.9644285012 38.4948531277, -84.964582201 38.4947264547, -84.964681785 38.4946609346, -84.9649609697 38.4944971971, -84.9656197043 38.4941286423, -84.9656900772 38.4940827, -84.9657552715 38.4940309565, -84.9658138819 38.4939739523, -84.965866945 38.4939130665, -84.96591202 38.4938474601, -84.965945948 38.4937787593, -84.9660414223 38.4935418597, -84.9660894251 38.4934639157, -84.9661176865 38.4934349946)"
"District 06","Pendleton","06-08508.10","KY","22","KY-22","RELOCATION(O)","4.3","10.36","RELOCATE KY 22 FROM THE INTERSECTION OF FRYER ROAD AND KY 330 TO US 27 (ALIGNMENT H FROM 1988 STUDY) (2022CCN) (2024CCR)","","2022","2026","R","SPP","11590000","2030","","","","096-KY-0022-000","LINESTRING (-84.4499520326 38.665073628, -84.4492284538 38.6647918549, -84.4491134023 38.6647620394, -84.4490168527 38.6647554921, -84.4489479591 38.6647692933, -84.4489324921 38.6647724189, -84.4488635437 38.664809011, -84.4488085524 38.6648682728, -84.4487731884 38.6649464216, -84.4486575891 38.6657942188, -84.4485933152 38.6660601526, -84.4484911653 38.666309195, -84.4482080274 38.6668679288, -84.4481734323 38.6669815088, -84.4481604608 38.667100269, -84.4481712832 38.6672203872, -84.4482077178 38.6673380396, -84.4482670223 38.6674499008, -84.4484391831 38.6676560845, -84.4488150361 38.6680484782, -84.448895091 38.6681556223, -84.4489609881 38.6682711253, -84.4490134407 38.6683941698, -84.4490535575 38.668521473, -84.4490951016 38.6687852678, -84.449091261 38.6690603738, -84.4490601023 38.6693549528, -84.4490301312 38.6695040065, -84.4489348617 38.6697992574, -84.4486348878 38.6704374411, -84.4485097841 38.670676897, -84.4484340874 38.6707971673, -84.4482526384 38.6710338089, -84.4480395392 38.6712577479, -84.4479176586 38.67135527, -84.447785556 38.671436754, -84.4476582886 38.6715023635, -84.4475373749 38.6715455257, -84.4474229905 38.6715761275, -84.447274811 38.6715964738, -84.4471367502 38.6715993564, -84.4466541402 38.6715756746, -84.4465108172 38.6715790485, -84.4463690548 38.6715931476, -84.4462290888 38.6716242928, -84.4460927114 38.671670304, -84.445964115 38.6717317781, -84.4454908234 38.6720497955, -84.4453559017 38.6721122977, -84.4452111619 38.6721557463, -84.4450587781 38.6721760434, -84.4449040245 38.6721721495, -84.4445964284 38.6721160533, -84.4442862359 38.6720288988, -84.4436405385 38.6718205332, -84.4434756158 38.6717780827, -84.4433101161 38.6717482567, -84.4431418669 38.6717351511, -84.4429694754 38.6717382013, -84.4427971551 38.671756904, -84.4426238687 38.6717904238, -84.4424485966 38.6718371029, -84.4420912307 38.6719592174, -84.4413577755 38.6722512928, -84.4406814759 38.672500606, -84.4405272535 38.672564813, -84.4403861922 38.6726374029, -84.4402630752 38.6727250189, -84.4401568923 38.6728254518, -84.4400656261 38.6729340122, -84.4397698441 38.6734113049, -84.4396768062 38.6735209444, -84.4395626257 38.6736179942, -84.4394291288 38.6736983544, -84.4392788526 38.6737571115, -84.4391177841 38.6737926833, -84.4389486929 38.6738067483, -84.4387757484 38.6738012731, -84.4386038194 38.6737782356, -84.4381058454 38.6736730688, -84.4379429934 38.6736517771, -84.4377798414 38.6736472327, -84.4376218837 38.6736655375, -84.4374760114 38.6737130821, -84.4373527405 38.6737894346, -84.4372528961 38.6738877378, -84.4369891128 38.6742008921, -84.4368848232 38.6742931054, -84.436764619 38.6743741587, -84.4366288971 38.6744415856, -84.4364804879 38.6744937698, -84.4363225916 38.6745279998, -84.4361597885 38.6745429536, -84.4359962393 38.6745408737, -84.4355178462 38.67449605, -84.4353617409 38.6744891087, -84.4352085509 38.6744953802, -84.4350592529 38.6745189936, -84.4349137665 38.6745643429, -84.4347790685 38.674633152, -84.434662181 38.6747244006, -84.4345694642 38.6748351378, -84.4344971237 38.6749620266, -84.4344399953 38.6751000686, -84.4343505659 38.6753396283, -84.4341867762 38.6758960779, -84.4340360214 38.6762535864, -84.4338140605 38.6766163491, -84.4336239123 38.6768657784, -84.4335132143 38.6769826317, -84.4333890855 38.6770867051, -84.4332550361 38.6771774876, -84.4329602026 38.6773263534, -84.4311458525 38.6780712986, -84.4308572292 38.6781666813, -84.4307113108 38.6781966431, -84.4305596954 38.6782122631, -84.4304059049 38.67821248, -84.430253774 38.6781984366, -84.430104322 38.6781717909, -84.4299618474 38.6781273738, -84.429836941 38.6780606347, -84.4297323492 38.6779746232, -84.4296451883 38.6778739777, -84.4293412446 38.6774208127, -84.4292433313 38.6773142807, -84.4291263272 38.6772174219, -84.428989132 38.6771329712, -84.428673549 38.6769949147, -84.4281600008 38.6768206102, -84.4278193572 38.6767319755, -84.4276514266 38.6767007287, -84.4273187771 38.6766736921, -84.4266138967 38.6766776655, -84.4256681249 38.6766558887, -84.4252967397 38.6766594458, -84.4249370467 38.6766944351, -84.4247672328 38.6767285172, -84.4244576024 38.676823102, -84.4243201831 38.676886652, -84.4241945272 38.6769582959, -84.424082025 38.677038598, -84.4233398815 38.6776676748, -84.4229624366 38.6779663506, -84.4226884167 38.6781637524, -84.4223886455 38.6783515306, -84.4222287026 38.6784398155, -84.4215618669 38.6787591491, -84.4214183379 38.6788500872, -84.4211808063 38.6790632706, -84.4206206956 38.6797934916, -84.420546589 38.6799195287, -84.4204927281 38.6800496363, -84.4204598558 38.680181351, -84.4204418109 38.680441744, -84.4205172486 38.6810326991, -84.4205034181 38.6811382658, -84.4204641153 38.68123833, -84.4204021496 38.6813323742, -84.4202304182 38.6815097694, -84.4196690415 38.6819420312, -84.4195520645 38.6820557814, -84.4194733549 38.6821457939, -84.4193079313 38.6823806488, -84.4190870901 38.682773053, -84.418921193 38.6831877647, -84.4188018549 38.6834503193, -84.4187238943 38.6835760375, -84.4186267787 38.6836955006, -84.4185140509 38.6838065504, -84.4178753437 38.6843475041, -84.4171770712 38.68502289, -84.4167243701 38.6854297189, -84.4166289249 38.6855340955, -84.4165631175 38.6856462184, -84.4165332288 38.685767531, -84.4165530682 38.6860629468, -84.4165346977 38.6861289192, -84.416521738 38.686147996, -84.4164968975 38.6861845137, -84.4164410337 38.6862316678, -84.4163649783 38.6862717316, -84.4154603151 38.6866015472, -84.4148235109 38.6868629647, -84.41381524 38.6873209415, -84.4133387982 38.6875679497, -84.4130582221 38.6877372474, -84.4128000279 38.6879087172, -84.4115122055 38.6889184977, -84.4113798081 38.6890120202, -84.4112377943 38.6890950003, -84.4110814036 38.6891594199, -84.4109642296 38.6891869349, -84.4109142618 38.6891987299, -84.4104084841 38.6892290127, -84.4102521563 38.6892516927, -84.4101074422 38.6892907045, -84.4100015399 38.6893339978, -84.4098383252 38.6894266229, -84.4094597931 38.689682681, -84.4093171067 38.6897447804, -84.4091636086 38.6897850659, -84.4090048224 38.6898079915, -84.4085329431 38.6898427672, -84.4080456412 38.6898968631, -84.4077033015 38.6899558876, -84.4071896184 38.6900728408, -84.4070153226 38.6901008059, -84.4068378265 38.690112259, -84.4066610525 38.6901033997, -84.406489141 38.6900778443, -84.406164404 38.6899986652, -84.4057010203 38.6898569585, -84.4055443595 38.6898214146, -84.4053836123 38.689798455, -84.405055148 38.6897887033, -84.4047260576 38.689812995, -84.4042291905 38.6898727347, -84.4040555822 38.6898823048, -84.4038795973 38.6898687827, -84.4037114985 38.6898265158, -84.403556095 38.6897607768, -84.4034110975 38.6896817007, -84.4031260773 38.6895008116, -84.402849241 38.6892942015, -84.4021077622 38.6886347362, -84.4019718846 38.688536265, -84.4008979143 38.6878397997, -84.4006160975 38.6877138609, -84.4004631137 38.6876692895, -84.4003017744 38.6876408242, -84.3999562985 38.6876231773, -84.3997736038 38.6876318147, -84.3988397151 38.687717879, -84.3985030132 38.6877563454, -84.3981956169 38.687820407, -84.3980760783 38.6878618871, -84.3979210098 38.6879301489, -84.3973843833 38.6882266622, -84.3967933821 38.6885266733, -84.3958716745 38.6890137674, -84.3955762946 38.6891474322, -84.3954210538 38.689205803, -84.3950921128 38.6892976208, -84.3949188912 38.6893242075, -84.3947420692 38.6893370241, -84.3945633856 38.6893369117, -84.3943866774 38.6893247402, -84.3934498229 38.6892102707, -84.3931728253 38.6892027208, -84.3930364947 38.6892236845, -84.3929112961 38.689267841, -84.3928073717 38.6893361294, -84.39272552 38.6894233426, -84.3926633945 38.6895236873, -84.3926165095 38.6896335416, -84.3925673814 38.6897886792, -84.3924679771 38.6901041584, -84.3923339179 38.6906444129, -84.3922756714 38.6909320778, -84.3922302789 38.6912256553, -84.3921844178 38.6916576254, -84.392138022 38.6923260193, -84.3921201938 38.6924370282, -84.3920853833 38.6925379579, -84.392027261 38.6926301096, -84.3919462331 38.6927104667, -84.3918426787 38.6927773857, -84.3917180817 38.6928264911, -84.3914300842 38.6928822438, -84.3903027114 38.6929869039, -84.3901477457 38.6930109462, -84.3899977741 38.6930490498, -84.389852065 38.6931028546, -84.3891168383 38.6934484114, -84.3889522318 38.6935009002, -84.3887795395 38.6935359967, -84.3886053051 38.6935598169, -84.3872434812 38.6936848331, -84.3869078777 38.6936812662, -84.3864213598 38.6936534531, -84.3860878959 38.6936666592, -84.3857406823 38.6937219948, -84.3853830707 38.693808789, -84.3848315222 38.6939798575, -84.3844868904 38.6941219922, -84.3838645346 38.6944443722, -84.383414911 38.6946921179, -84.3828179212 38.6949878723, -84.3825175235 38.6951250173, -84.3821986692 38.695237236, -84.3818581177 38.6953104857, -84.3816847 38.6953277147, -84.3815160888 38.6953315438, -84.3811963236 38.6953050772, -84.3808844876 38.695248219, -84.3796160339 38.6949691885, -84.3790245686 38.6948572091, -84.3786320694 38.6948043598, -84.3784381587 38.6947933389, -84.3782467523 38.6947982735, -84.3780619504 38.6948247027, -84.3779083939 38.6948665943, -84.3777280171 38.6949372849, -84.3775786322 38.6950182174, -84.3774440696 38.6951122263, -84.3773261357 38.6952163134, -84.3772255833 38.6953277395, -84.3771428197 38.6954434898, -84.3770255068 38.6956824116, -84.3769896284 38.695801723, -84.3769032214 38.6963540432, -84.3768784399 38.6964608507, -84.3768355302 38.6965627818, -84.3767678641 38.6966581108, -84.3766751246 38.6967451874, -84.3765587429 38.6968223804, -84.3764233364 38.6968864473, -84.3761103334 38.6969847125, -84.3756023712 38.697108736, -84.3752550611 38.6971678842, -84.3747401822 38.6971937925, -84.3737410119 38.6972028432, -84.373576491 38.697212475, -84.3734175846 38.6972402942, -84.3732691047 38.6972913009, -84.373137423 38.6973619973, -84.3730219176 38.6974482592, -84.3729236799 38.6975479013, -84.372843123 38.6976576324, -84.372780313 38.6977738851, -84.3725001253 38.6985106884, -84.3723169661 38.6988770805, -84.3721559575 38.699127849, -84.3719588316 38.6993798461, -84.3718439828 38.6995053816, -84.3715870821 38.6997495475, -84.3712157527 38.7000409911, -84.370700314 38.7003554783, -84.3703606131 38.7005303074, -84.370170031 38.7005835676, -84.3700968721 38.7005979753)"
"District 06","Pendleton","06-08508.10","KY","22","KY-22","RELOCATION(O)","4.3","10.36","RELOCATE KY 22 FROM THE INTERSECTION OF FRYER ROAD AND KY 330 TO US 27 (ALIGNMENT H FROM 1988 STUDY) (2022CCN) (2024CCR)","","2022","2026","U","SPP","2030000","2031","","","","096-KY-0022-000","LINESTRING (-84.4499520326 38.665073628, -84.4492284538 38.6647918549, -84.4491134023 38.6647620394, -84.4490168527 38.6647554921, -84.4489479591 38.6647692933, -84.4489324921 38.6647724189, -84.4488635437 38.664809011, -84.4488085524 38.6648682728, -84.4487731884 38.6649464216, -84.4486575891 38.6657942188, -84.4485933152 38.6660601526, -84.4484911653 38.666309195, -84.4482080274 38.6668679288, -84.4481734323 38.6669815088, -84.4481604608 38.667100269, -84.4481712832 38.6672203872, -84.4482077178 38.6673380396, -84.4482670223 38.6674499008, -84.4484391831 38.6676560845, -84.4488150361 38.6680484782, -84.448895091 38.6681556223, -84.4489609881 38.6682711253, -84.4490134407 38.6683941698, -84.4490535575 38.668521473, -84.4490951016 38.6687852678, -84.449091261 38.6690603738, -84.4490601023 38.6693549528, -84.4490301312 38.6695040065, -84.4489348617 38.6697992574, -84.4486348878 38.6704374411, -84.4485097841 38.670676897, -84.4484340874 38.6707971673, -84.4482526384 38.6710338089, -84.4480395392 38.6712577479, -84.4479176586 38.67135527, -84.447785556 38.671436754, -84.4476582886 38.6715023635, -84.4475373749 38.6715455257, -84.4474229905 38.6715761275, -84.447274811 38.6715964738, -84.4471367502 38.6715993564, -84.4466541402 38.6715756746, -84.4465108172 38.6715790485, -84.4463690548 38.6715931476, -84.4462290888 38.6716242928, -84.4460927114 38.671670304, -84.445964115 38.6717317781, -84.4454908234 38.6720497955, -84.4453559017 38.6721122977, -84.4452111619 38.6721557463, -84.4450587781 38.6721760434, -84.4449040245 38.6721721495, -84.4445964284 38.6721160533, -84.4442862359 38.6720288988, -84.4436405385 38.6718205332, -84.4434756158 38.6717780827, -84.4433101161 38.6717482567, -84.4431418669 38.6717351511, -84.4429694754 38.6717382013, -84.4427971551 38.671756904, -84.4426238687 38.6717904238, -84.4424485966 38.6718371029, -84.4420912307 38.6719592174, -84.4413577755 38.6722512928, -84.4406814759 38.672500606, -84.4405272535 38.672564813, -84.4403861922 38.6726374029, -84.4402630752 38.6727250189, -84.4401568923 38.6728254518, -84.4400656261 38.6729340122, -84.4397698441 38.6734113049, -84.4396768062 38.6735209444, -84.4395626257 38.6736179942, -84.4394291288 38.6736983544, -84.4392788526 38.6737571115, -84.4391177841 38.6737926833, -84.4389486929 38.6738067483, -84.4387757484 38.6738012731, -84.4386038194 38.6737782356, -84.4381058454 38.6736730688, -84.4379429934 38.6736517771, -84.4377798414 38.6736472327, -84.4376218837 38.6736655375, -84.4374760114 38.6737130821, -84.4373527405 38.6737894346, -84.4372528961 38.6738877378, -84.4369891128 38.6742008921, -84.4368848232 38.6742931054, -84.436764619 38.6743741587, -84.4366288971 38.6744415856, -84.4364804879 38.6744937698, -84.4363225916 38.6745279998, -84.4361597885 38.6745429536, -84.4359962393 38.6745408737, -84.4355178462 38.67449605, -84.4353617409 38.6744891087, -84.4352085509 38.6744953802, -84.4350592529 38.6745189936, -84.4349137665 38.6745643429, -84.4347790685 38.674633152, -84.434662181 38.6747244006, -84.4345694642 38.6748351378, -84.4344971237 38.6749620266, -84.4344399953 38.6751000686, -84.4343505659 38.6753396283, -84.4341867762 38.6758960779, -84.4340360214 38.6762535864, -84.4338140605 38.6766163491, -84.4336239123 38.6768657784, -84.4335132143 38.6769826317, -84.4333890855 38.6770867051, -84.4332550361 38.6771774876, -84.4329602026 38.6773263534, -84.4311458525 38.6780712986, -84.4308572292 38.6781666813, -84.4307113108 38.6781966431, -84.4305596954 38.6782122631, -84.4304059049 38.67821248, -84.430253774 38.6781984366, -84.430104322 38.6781717909, -84.4299618474 38.6781273738, -84.429836941 38.6780606347, -84.4297323492 38.6779746232, -84.4296451883 38.6778739777, -84.4293412446 38.6774208127, -84.4292433313 38.6773142807, -84.4291263272 38.6772174219, -84.428989132 38.6771329712, -84.428673549 38.6769949147, -84.4281600008 38.6768206102, -84.4278193572 38.6767319755, -84.4276514266 38.6767007287, -84.4273187771 38.6766736921, -84.4266138967 38.6766776655, -84.4256681249 38.6766558887, -84.4252967397 38.6766594458, -84.4249370467 38.6766944351, -84.4247672328 38.6767285172, -84.4244576024 38.676823102, -84.4243201831 38.676886652, -84.4241945272 38.6769582959, -84.424082025 38.677038598, -84.4233398815 38.6776676748, -84.4229624366 38.6779663506, -84.4226884167 38.6781637524, -84.4223886455 38.6783515306, -84.4222287026 38.6784398155, -84.4215618669 38.6787591491, -84.4214183379 38.6788500872, -84.4211808063 38.6790632706, -84.4206206956 38.6797934916, -84.420546589 38.6799195287, -84.4204927281 38.6800496363, -84.4204598558 38.680181351, -84.4204418109 38.680441744, -84.4205172486 38.6810326991, -84.4205034181 38.6811382658, -84.4204641153 38.68123833, -84.4204021496 38.6813323742, -84.4202304182 38.6815097694, -84.4196690415 38.6819420312, -84.4195520645 38.6820557814, -84.4194733549 38.6821457939, -84.4193079313 38.6823806488, -84.4190870901 38.682773053, -84.418921193 38.6831877647, -84.4188018549 38.6834503193, -84.4187238943 38.6835760375, -84.4186267787 38.6836955006, -84.4185140509 38.6838065504, -84.4178753437 38.6843475041, -84.4171770712 38.68502289, -84.4167243701 38.6854297189, -84.4166289249 38.6855340955, -84.4165631175 38.6856462184, -84.4165332288 38.685767531, -84.4165530682 38.6860629468, -84.4165346977 38.6861289192, -84.416521738 38.686147996, -84.4164968975 38.6861845137, -84.4164410337 38.6862316678, -84.4163649783 38.6862717316, -84.4154603151 38.6866015472, -84.4148235109 38.6868629647, -84.41381524 38.6873209415, -84.4133387982 38.6875679497, -84.4130582221 38.6877372474, -84.4128000279 38.6879087172, -84.4115122055 38.6889184977, -84.4113798081 38.6890120202, -84.4112377943 38.6890950003, -84.4110814036 38.6891594199, -84.4109642296 38.6891869349, -84.4109142618 38.6891987299, -84.4104084841 38.6892290127, -84.4102521563 38.6892516927, -84.4101074422 38.6892907045, -84.4100015399 38.6893339978, -84.4098383252 38.6894266229, -84.4094597931 38.689682681, -84.4093171067 38.6897447804, -84.4091636086 38.6897850659, -84.4090048224 38.6898079915, -84.4085329431 38.6898427672, -84.4080456412 38.6898968631, -84.4077033015 38.6899558876, -84.4071896184 38.6900728408, -84.4070153226 38.6901008059, -84.4068378265 38.690112259, -84.4066610525 38.6901033997, -84.406489141 38.6900778443, -84.406164404 38.6899986652, -84.4057010203 38.6898569585, -84.4055443595 38.6898214146, -84.4053836123 38.689798455, -84.405055148 38.6897887033, -84.4047260576 38.689812995, -84.4042291905 38.6898727347, -84.4040555822 38.6898823048, -84.4038795973 38.6898687827, -84.4037114985 38.6898265158, -84.403556095 38.6897607768, -84.4034110975 38.6896817007, -84.4031260773 38.6895008116, -84.402849241 38.6892942015, -84.4021077622 38.6886347362, -84.4019718846 38.688536265, -84.4008979143 38.6878397997, -84.4006160975 38.6877138609, -84.4004631137 38.6876692895, -84.4003017744 38.6876408242, -84.3999562985 38.6876231773, -84.3997736038 38.6876318147, -84.3988397151 38.687717879, -84.3985030132 38.6877563454, -84.3981956169 38.687820407, -84.3980760783 38.6878618871, -84.3979210098 38.6879301489, -84.3973843833 38.6882266622, -84.3967933821 38.6885266733, -84.3958716745 38.6890137674, -84.3955762946 38.6891474322, -84.3954210538 38.689205803, -84.3950921128 38.6892976208, -84.3949188912 38.6893242075, -84.3947420692 38.6893370241, -84.3945633856 38.6893369117, -84.3943866774 38.6893247402, -84.3934498229 38.6892102707, -84.3931728253 38.6892027208, -84.3930364947 38.6892236845, -84.3929112961 38.689267841, -84.3928073717 38.6893361294, -84.39272552 38.6894233426, -84.3926633945 38.6895236873, -84.3926165095 38.6896335416, -84.3925673814 38.6897886792, -84.3924679771 38.6901041584, -84.3923339179 38.6906444129, -84.3922756714 38.6909320778, -84.3922302789 38.6912256553, -84.3921844178 38.6916576254, -84.392138022 38.6923260193, -84.3921201938 38.6924370282, -84.3920853833 38.6925379579, -84.392027261 38.6926301096, -84.3919462331 38.6927104667, -84.3918426787 38.6927773857, -84.3917180817 38.6928264911, -84.3914300842 38.6928822438, -84.3903027114 38.6929869039, -84.3901477457 38.6930109462, -84.3899977741 38.6930490498, -84.389852065 38.6931028546, -84.3891168383 38.6934484114, -84.3889522318 38.6935009002, -84.3887795395 38.6935359967, -84.3886053051 38.6935598169, -84.3872434812 38.6936848331, -84.3869078777 38.6936812662, -84.3864213598 38.6936534531, -84.3860878959 38.6936666592, -84.3857406823 38.6937219948, -84.3853830707 38.693808789, -84.3848315222 38.6939798575, -84.3844868904 38.6941219922, -84.3838645346 38.6944443722, -84.383414911 38.6946921179, -84.3828179212 38.6949878723, -84.3825175235 38.6951250173, -84.3821986692 38.695237236, -84.3818581177 38.6953104857, -84.3816847 38.6953277147, -84.3815160888 38.6953315438, -84.3811963236 38.6953050772, -84.3808844876 38.695248219, -84.3796160339 38.6949691885, -84.3790245686 38.6948572091, -84.3786320694 38.6948043598, -84.3784381587 38.6947933389, -84.3782467523 38.6947982735, -84.3780619504 38.6948247027, -84.3779083939 38.6948665943, -84.3777280171 38.6949372849, -84.3775786322 38.6950182174, -84.3774440696 38.6951122263, -84.3773261357 38.6952163134, -84.3772255833 38.6953277395, -84.3771428197 38.6954434898, -84.3770255068 38.6956824116, -84.3769896284 38.695801723, -84.3769032214 38.6963540432, -84.3768784399 38.6964608507, -84.3768355302 38.6965627818, -84.3767678641 38.6966581108, -84.3766751246 38.6967451874, -84.3765587429 38.6968223804, -84.3764233364 38.6968864473, -84.3761103334 38.6969847125, -84.3756023712 38.697108736, -84.3752550611 38.6971678842, -84.3747401822 38.6971937925, -84.3737410119 38.6972028432, -84.373576491 38.697212475, -84.3734175846 38.6972402942, -84.3732691047 38.6972913009, -84.373137423 38.6973619973, -84.3730219176 38.6974482592, -84.3729236799 38.6975479013, -84.372843123 38.6976576324, -84.372780313 38.6977738851, -84.3725001253 38.6985106884, -84.3723169661 38.6988770805, -84.3721559575 38.699127849, -84.3719588316 38.6993798461, -84.3718439828 38.6995053816, -84.3715870821 38.6997495475, -84.3712157527 38.7000409911, -84.370700314 38.7003554783, -84.3703606131 38.7005303074, -84.370170031 38.7005835676, -84.3700968721 38.7005979753)"
"District 06","Pendleton","06-08508.10","KY","22","KY-22","RELOCATION(O)","4.3","10.36","RELOCATE KY 22 FROM THE INTERSECTION OF FRYER ROAD AND KY 330 TO US 27 (ALIGNMENT H FROM 1988 STUDY) (2022CCN) (2024CCR)","","2022","2026","C","SPP","64250000","2032","","","","096-KY-0022-000","LINESTRING (-84.4499520326 38.665073628, -84.4492284538 38.6647918549, -84.4491134023 38.6647620394, -84.4490168527 38.6647554921, -84.4489479591 38.6647692933, -84.4489324921 38.6647724189, -84.4488635437 38.664809011, -84.4488085524 38.6648682728, -84.4487731884 38.6649464216, -84.4486575891 38.6657942188, -84.4485933152 38.6660601526, -84.4484911653 38.666309195, -84.4482080274 38.6668679288, -84.4481734323 38.6669815088, -84.4481604608 38.667100269, -84.4481712832 38.6672203872, -84.4482077178 38.6673380396, -84.4482670223 38.6674499008, -84.4484391831 38.6676560845, -84.4488150361 38.6680484782, -84.448895091 38.6681556223, -84.4489609881 38.6682711253, -84.4490134407 38.6683941698, -84.4490535575 38.668521473, -84.4490951016 38.6687852678, -84.449091261 38.6690603738, -84.4490601023 38.6693549528, -84.4490301312 38.6695040065, -84.4489348617 38.6697992574, -84.4486348878 38.6704374411, -84.4485097841 38.670676897, -84.4484340874 38.6707971673, -84.4482526384 38.6710338089, -84.4480395392 38.6712577479, -84.4479176586 38.67135527, -84.447785556 38.671436754, -84.4476582886 38.6715023635, -84.4475373749 38.6715455257, -84.4474229905 38.6715761275, -84.447274811 38.6715964738, -84.4471367502 38.6715993564, -84.4466541402 38.6715756746, -84.4465108172 38.6715790485, -84.4463690548 38.6715931476, -84.4462290888 38.6716242928, -84.4460927114 38.671670304, -84.445964115 38.6717317781, -84.4454908234 38.6720497955, -84.4453559017 38.6721122977, -84.4452111619 38.6721557463, -84.4450587781 38.6721760434, -84.4449040245 38.6721721495, -84.4445964284 38.6721160533, -84.4442862359 38.6720288988, -84.4436405385 38.6718205332, -84.4434756158 38.6717780827, -84.4433101161 38.6717482567, -84.4431418669 38.6717351511, -84.4429694754 38.6717382013, -84.4427971551 38.671756904, -84.4426238687 38.6717904238, -84.4424485966 38.6718371029, -84.4420912307 38.6719592174, -84.4413577755 38.6722512928, -84.4406814759 38.672500606, -84.4405272535 38.672564813, -84.4403861922 38.6726374029, -84.4402630752 38.6727250189, -84.4401568923 38.6728254518, -84.4400656261 38.6729340122, -84.4397698441 38.6734113049, -84.4396768062 38.6735209444, -84.4395626257 38.6736179942, -84.4394291288 38.6736983544, -84.4392788526 38.6737571115, -84.4391177841 38.6737926833, -84.4389486929 38.6738067483, -84.4387757484 38.6738012731, -84.4386038194 38.6737782356, -84.4381058454 38.6736730688, -84.4379429934 38.6736517771, -84.4377798414 38.6736472327, -84.4376218837 38.6736655375, -84.4374760114 38.6737130821, -84.4373527405 38.6737894346, -84.4372528961 38.6738877378, -84.4369891128 38.6742008921, -84.4368848232 38.6742931054, -84.436764619 38.6743741587, -84.4366288971 38.6744415856, -84.4364804879 38.6744937698, -84.4363225916 38.6745279998, -84.4361597885 38.6745429536, -84.4359962393 38.6745408737, -84.4355178462 38.67449605, -84.4353617409 38.6744891087, -84.4352085509 38.6744953802, -84.4350592529 38.6745189936, -84.4349137665 38.6745643429, -84.4347790685 38.674633152, -84.434662181 38.6747244006, -84.4345694642 38.6748351378, -84.4344971237 38.6749620266, -84.4344399953 38.6751000686, -84.4343505659 38.6753396283, -84.4341867762 38.6758960779, -84.4340360214 38.6762535864, -84.4338140605 38.6766163491, -84.4336239123 38.6768657784, -84.4335132143 38.6769826317, -84.4333890855 38.6770867051, -84.4332550361 38.6771774876, -84.4329602026 38.6773263534, -84.4311458525 38.6780712986, -84.4308572292 38.6781666813, -84.4307113108 38.6781966431, -84.4305596954 38.6782122631, -84.4304059049 38.67821248, -84.430253774 38.6781984366, -84.430104322 38.6781717909, -84.4299618474 38.6781273738, -84.429836941 38.6780606347, -84.4297323492 38.6779746232, -84.4296451883 38.6778739777, -84.4293412446 38.6774208127, -84.4292433313 38.6773142807, -84.4291263272 38.6772174219, -84.428989132 38.6771329712, -84.428673549 38.6769949147, -84.4281600008 38.6768206102, -84.4278193572 38.6767319755, -84.4276514266 38.6767007287, -84.4273187771 38.6766736921, -84.4266138967 38.6766776655, -84.4256681249 38.6766558887, -84.4252967397 38.6766594458, -84.4249370467 38.6766944351, -84.4247672328 38.6767285172, -84.4244576024 38.676823102, -84.4243201831 38.676886652, -84.4241945272 38.6769582959, -84.424082025 38.677038598, -84.4233398815 38.6776676748, -84.4229624366 38.6779663506, -84.4226884167 38.6781637524, -84.4223886455 38.6783515306, -84.4222287026 38.6784398155, -84.4215618669 38.6787591491, -84.4214183379 38.6788500872, -84.4211808063 38.6790632706, -84.4206206956 38.6797934916, -84.420546589 38.6799195287, -84.4204927281 38.6800496363, -84.4204598558 38.680181351, -84.4204418109 38.680441744, -84.4205172486 38.6810326991, -84.4205034181 38.6811382658, -84.4204641153 38.68123833, -84.4204021496 38.6813323742, -84.4202304182 38.6815097694, -84.4196690415 38.6819420312, -84.4195520645 38.6820557814, -84.4194733549 38.6821457939, -84.4193079313 38.6823806488, -84.4190870901 38.682773053, -84.418921193 38.6831877647, -84.4188018549 38.6834503193, -84.4187238943 38.6835760375, -84.4186267787 38.6836955006, -84.4185140509 38.6838065504, -84.4178753437 38.6843475041, -84.4171770712 38.68502289, -84.4167243701 38.6854297189, -84.4166289249 38.6855340955, -84.4165631175 38.6856462184, -84.4165332288 38.685767531, -84.4165530682 38.6860629468, -84.4165346977 38.6861289192, -84.416521738 38.686147996, -84.4164968975 38.6861845137, -84.4164410337 38.6862316678, -84.4163649783 38.6862717316, -84.4154603151 38.6866015472, -84.4148235109 38.6868629647, -84.41381524 38.6873209415, -84.4133387982 38.6875679497, -84.4130582221 38.6877372474, -84.4128000279 38.6879087172, -84.4115122055 38.6889184977, -84.4113798081 38.6890120202, -84.4112377943 38.6890950003, -84.4110814036 38.6891594199, -84.4109642296 38.6891869349, -84.4109142618 38.6891987299, -84.4104084841 38.6892290127, -84.4102521563 38.6892516927, -84.4101074422 38.6892907045, -84.4100015399 38.6893339978, -84.4098383252 38.6894266229, -84.4094597931 38.689682681, -84.4093171067 38.6897447804, -84.4091636086 38.6897850659, -84.4090048224 38.6898079915, -84.4085329431 38.6898427672, -84.4080456412 38.6898968631, -84.4077033015 38.6899558876, -84.4071896184 38.6900728408, -84.4070153226 38.6901008059, -84.4068378265 38.690112259, -84.4066610525 38.6901033997, -84.406489141 38.6900778443, -84.406164404 38.6899986652, -84.4057010203 38.6898569585, -84.4055443595 38.6898214146, -84.4053836123 38.689798455, -84.405055148 38.6897887033, -84.4047260576 38.689812995, -84.4042291905 38.6898727347, -84.4040555822 38.6898823048, -84.4038795973 38.6898687827, -84.4037114985 38.6898265158, -84.403556095 38.6897607768, -84.4034110975 38.6896817007, -84.4031260773 38.6895008116, -84.402849241 38.6892942015, -84.4021077622 38.6886347362, -84.4019718846 38.688536265, -84.4008979143 38.6878397997, -84.4006160975 38.6877138609, -84.4004631137 38.6876692895, -84.4003017744 38.6876408242, -84.3999562985 38.6876231773, -84.3997736038 38.6876318147, -84.3988397151 38.687717879, -84.3985030132 38.6877563454, -84.3981956169 38.687820407, -84.3980760783 38.6878618871, -84.3979210098 38.6879301489, -84.3973843833 38.6882266622, -84.3967933821 38.6885266733, -84.3958716745 38.6890137674, -84.3955762946 38.6891474322, -84.3954210538 38.689205803, -84.3950921128 38.6892976208, -84.3949188912 38.6893242075, -84.3947420692 38.6893370241, -84.3945633856 38.6893369117, -84.3943866774 38.6893247402, -84.3934498229 38.6892102707, -84.3931728253 38.6892027208, -84.3930364947 38.6892236845, -84.3929112961 38.689267841, -84.3928073717 38.6893361294, -84.39272552 38.6894233426, -84.3926633945 38.6895236873, -84.3926165095 38.6896335416, -84.3925673814 38.6897886792, -84.3924679771 38.6901041584, -84.3923339179 38.6906444129, -84.3922756714 38.6909320778, -84.3922302789 38.6912256553, -84.3921844178 38.6916576254, -84.392138022 38.6923260193, -84.3921201938 38.6924370282, -84.3920853833 38.6925379579, -84.392027261 38.6926301096, -84.3919462331 38.6927104667, -84.3918426787 38.6927773857, -84.3917180817 38.6928264911, -84.3914300842 38.6928822438, -84.3903027114 38.6929869039, -84.3901477457 38.6930109462, -84.3899977741 38.6930490498, -84.389852065 38.6931028546, -84.3891168383 38.6934484114, -84.3889522318 38.6935009002, -84.3887795395 38.6935359967, -84.3886053051 38.6935598169, -84.3872434812 38.6936848331, -84.3869078777 38.6936812662, -84.3864213598 38.6936534531, -84.3860878959 38.6936666592, -84.3857406823 38.6937219948, -84.3853830707 38.693808789, -84.3848315222 38.6939798575, -84.3844868904 38.6941219922, -84.3838645346 38.6944443722, -84.383414911 38.6946921179, -84.3828179212 38.6949878723, -84.3825175235 38.6951250173, -84.3821986692 38.695237236, -84.3818581177 38.6953104857, -84.3816847 38.6953277147, -84.3815160888 38.6953315438, -84.3811963236 38.6953050772, -84.3808844876 38.695248219, -84.3796160339 38.6949691885, -84.3790245686 38.6948572091, -84.3786320694 38.6948043598, -84.3784381587 38.6947933389, -84.3782467523 38.6947982735, -84.3780619504 38.6948247027, -84.3779083939 38.6948665943, -84.3777280171 38.6949372849, -84.3775786322 38.6950182174, -84.3774440696 38.6951122263, -84.3773261357 38.6952163134, -84.3772255833 38.6953277395, -84.3771428197 38.6954434898, -84.3770255068 38.6956824116, -84.3769896284 38.695801723, -84.3769032214 38.6963540432, -84.3768784399 38.6964608507, -84.3768355302 38.6965627818, -84.3767678641 38.6966581108, -84.3766751246 38.6967451874, -84.3765587429 38.6968223804, -84.3764233364 38.6968864473, -84.3761103334 38.6969847125, -84.3756023712 38.697108736, -84.3752550611 38.6971678842, -84.3747401822 38.6971937925, -84.3737410119 38.6972028432, -84.373576491 38.697212475, -84.3734175846 38.6972402942, -84.3732691047 38.6972913009, -84.373137423 38.6973619973, -84.3730219176 38.6974482592, -84.3729236799 38.6975479013, -84.372843123 38.6976576324, -84.372780313 38.6977738851, -84.3725001253 38.6985106884, -84.3723169661 38.6988770805, -84.3721559575 38.699127849, -84.3719588316 38.6993798461, -84.3718439828 38.6995053816, -84.3715870821 38.6997495475, -84.3712157527 38.7000409911, -84.370700314 38.7003554783, -84.3703606131 38.7005303074, -84.370170031 38.7005835676, -84.3700968721 38.7005979753)"
"District 06","Pendleton","06-08508.10","KY","22","KY-22","RELOCATION(O)","4.3","10.36","RELOCATE KY 22 FROM THE INTERSECTION OF FRYER ROAD AND KY 330 TO US 27 (ALIGNMENT H FROM 1988 STUDY) (2022CCN) (2024CCR)","","2022","2026","D","SPP","3440000","2029","","","","096-KY-0022-000","LINESTRING (-84.4499520326 38.665073628, -84.4492284538 38.6647918549, -84.4491134023 38.6647620394, -84.4490168527 38.6647554921, -84.4489479591 38.6647692933, -84.4489324921 38.6647724189, -84.4488635437 38.664809011, -84.4488085524 38.6648682728, -84.4487731884 38.6649464216, -84.4486575891 38.6657942188, -84.4485933152 38.6660601526, -84.4484911653 38.666309195, -84.4482080274 38.6668679288, -84.4481734323 38.6669815088, -84.4481604608 38.667100269, -84.4481712832 38.6672203872, -84.4482077178 38.6673380396, -84.4482670223 38.6674499008, -84.4484391831 38.6676560845, -84.4488150361 38.6680484782, -84.448895091 38.6681556223, -84.4489609881 38.6682711253, -84.4490134407 38.6683941698, -84.4490535575 38.668521473, -84.4490951016 38.6687852678, -84.449091261 38.6690603738, -84.4490601023 38.6693549528, -84.4490301312 38.6695040065, -84.4489348617 38.6697992574, -84.4486348878 38.6704374411, -84.4485097841 38.670676897, -84.4484340874 38.6707971673, -84.4482526384 38.6710338089, -84.4480395392 38.6712577479, -84.4479176586 38.67135527, -84.447785556 38.671436754, -84.4476582886 38.6715023635, -84.4475373749 38.6715455257, -84.4474229905 38.6715761275, -84.447274811 38.6715964738, -84.4471367502 38.6715993564, -84.4466541402 38.6715756746, -84.4465108172 38.6715790485, -84.4463690548 38.6715931476, -84.4462290888 38.6716242928, -84.4460927114 38.671670304, -84.445964115 38.6717317781, -84.4454908234 38.6720497955, -84.4453559017 38.6721122977, -84.4452111619 38.6721557463, -84.4450587781 38.6721760434, -84.4449040245 38.6721721495, -84.4445964284 38.6721160533, -84.4442862359 38.6720288988, -84.4436405385 38.6718205332, -84.4434756158 38.6717780827, -84.4433101161 38.6717482567, -84.4431418669 38.6717351511, -84.4429694754 38.6717382013, -84.4427971551 38.671756904, -84.4426238687 38.6717904238, -84.4424485966 38.6718371029, -84.4420912307 38.6719592174, -84.4413577755 38.6722512928, -84.4406814759 38.672500606, -84.4405272535 38.672564813, -84.4403861922 38.6726374029, -84.4402630752 38.6727250189, -84.4401568923 38.6728254518, -84.4400656261 38.6729340122, -84.4397698441 38.6734113049, -84.4396768062 38.6735209444, -84.4395626257 38.6736179942, -84.4394291288 38.6736983544, -84.4392788526 38.6737571115, -84.4391177841 38.6737926833, -84.4389486929 38.6738067483, -84.4387757484 38.6738012731, -84.4386038194 38.6737782356, -84.4381058454 38.6736730688, -84.4379429934 38.6736517771, -84.4377798414 38.6736472327, -84.4376218837 38.6736655375, -84.4374760114 38.6737130821, -84.4373527405 38.6737894346, -84.4372528961 38.6738877378, -84.4369891128 38.6742008921, -84.4368848232 38.6742931054, -84.436764619 38.6743741587, -84.4366288971 38.6744415856, -84.4364804879 38.6744937698, -84.4363225916 38.6745279998, -84.4361597885 38.6745429536, -84.4359962393 38.6745408737, -84.4355178462 38.67449605, -84.4353617409 38.6744891087, -84.4352085509 38.6744953802, -84.4350592529 38.6745189936, -84.4349137665 38.6745643429, -84.4347790685 38.674633152, -84.434662181 38.6747244006, -84.4345694642 38.6748351378, -84.4344971237 38.6749620266, -84.4344399953 38.6751000686, -84.4343505659 38.6753396283, -84.4341867762 38.6758960779, -84.4340360214 38.6762535864, -84.4338140605 38.6766163491, -84.4336239123 38.6768657784, -84.4335132143 38.6769826317, -84.4333890855 38.6770867051, -84.4332550361 38.6771774876, -84.4329602026 38.6773263534, -84.4311458525 38.6780712986, -84.4308572292 38.6781666813, -84.4307113108 38.6781966431, -84.4305596954 38.6782122631, -84.4304059049 38.67821248, -84.430253774 38.6781984366, -84.430104322 38.6781717909, -84.4299618474 38.6781273738, -84.429836941 38.6780606347, -84.4297323492 38.6779746232, -84.4296451883 38.6778739777, -84.4293412446 38.6774208127, -84.4292433313 38.6773142807, -84.4291263272 38.6772174219, -84.428989132 38.6771329712, -84.428673549 38.6769949147, -84.4281600008 38.6768206102, -84.4278193572 38.6767319755, -84.4276514266 38.6767007287, -84.4273187771 38.6766736921, -84.4266138967 38.6766776655, -84.4256681249 38.6766558887, -84.4252967397 38.6766594458, -84.4249370467 38.6766944351, -84.4247672328 38.6767285172, -84.4244576024 38.676823102, -84.4243201831 38.676886652, -84.4241945272 38.6769582959, -84.424082025 38.677038598, -84.4233398815 38.6776676748, -84.4229624366 38.6779663506, -84.4226884167 38.6781637524, -84.4223886455 38.6783515306, -84.4222287026 38.6784398155, -84.4215618669 38.6787591491, -84.4214183379 38.6788500872, -84.4211808063 38.6790632706, -84.4206206956 38.6797934916, -84.420546589 38.6799195287, -84.4204927281 38.6800496363, -84.4204598558 38.680181351, -84.4204418109 38.680441744, -84.4205172486 38.6810326991, -84.4205034181 38.6811382658, -84.4204641153 38.68123833, -84.4204021496 38.6813323742, -84.4202304182 38.6815097694, -84.4196690415 38.6819420312, -84.4195520645 38.6820557814, -84.4194733549 38.6821457939, -84.4193079313 38.6823806488, -84.4190870901 38.682773053, -84.418921193 38.6831877647, -84.4188018549 38.6834503193, -84.4187238943 38.6835760375, -84.4186267787 38.6836955006, -84.4185140509 38.6838065504, -84.4178753437 38.6843475041, -84.4171770712 38.68502289, -84.4167243701 38.6854297189, -84.4166289249 38.6855340955, -84.4165631175 38.6856462184, -84.4165332288 38.685767531, -84.4165530682 38.6860629468, -84.4165346977 38.6861289192, -84.416521738 38.686147996, -84.4164968975 38.6861845137, -84.4164410337 38.6862316678, -84.4163649783 38.6862717316, -84.4154603151 38.6866015472, -84.4148235109 38.6868629647, -84.41381524 38.6873209415, -84.4133387982 38.6875679497, -84.4130582221 38.6877372474, -84.4128000279 38.6879087172, -84.4115122055 38.6889184977, -84.4113798081 38.6890120202, -84.4112377943 38.6890950003, -84.4110814036 38.6891594199, -84.4109642296 38.6891869349, -84.4109142618 38.6891987299, -84.4104084841 38.6892290127, -84.4102521563 38.6892516927, -84.4101074422 38.6892907045, -84.4100015399 38.6893339978, -84.4098383252 38.6894266229, -84.4094597931 38.689682681, -84.4093171067 38.6897447804, -84.4091636086 38.6897850659, -84.4090048224 38.6898079915, -84.4085329431 38.6898427672, -84.4080456412 38.6898968631, -84.4077033015 38.6899558876, -84.4071896184 38.6900728408, -84.4070153226 38.6901008059, -84.4068378265 38.690112259, -84.4066610525 38.6901033997, -84.406489141 38.6900778443, -84.406164404 38.6899986652, -84.4057010203 38.6898569585, -84.4055443595 38.6898214146, -84.4053836123 38.689798455, -84.405055148 38.6897887033, -84.4047260576 38.689812995, -84.4042291905 38.6898727347, -84.4040555822 38.6898823048, -84.4038795973 38.6898687827, -84.4037114985 38.6898265158, -84.403556095 38.6897607768, -84.4034110975 38.6896817007, -84.4031260773 38.6895008116, -84.402849241 38.6892942015, -84.4021077622 38.6886347362, -84.4019718846 38.688536265, -84.4008979143 38.6878397997, -84.4006160975 38.6877138609, -84.4004631137 38.6876692895, -84.4003017744 38.6876408242, -84.3999562985 38.6876231773, -84.3997736038 38.6876318147, -84.3988397151 38.687717879, -84.3985030132 38.6877563454, -84.3981956169 38.687820407, -84.3980760783 38.6878618871, -84.3979210098 38.6879301489, -84.3973843833 38.6882266622, -84.3967933821 38.6885266733, -84.3958716745 38.6890137674, -84.3955762946 38.6891474322, -84.3954210538 38.689205803, -84.3950921128 38.6892976208, -84.3949188912 38.6893242075, -84.3947420692 38.6893370241, -84.3945633856 38.6893369117, -84.3943866774 38.6893247402, -84.3934498229 38.6892102707, -84.3931728253 38.6892027208, -84.3930364947 38.6892236845, -84.3929112961 38.689267841, -84.3928073717 38.6893361294, -84.39272552 38.6894233426, -84.3926633945 38.6895236873, -84.3926165095 38.6896335416, -84.3925673814 38.6897886792, -84.3924679771 38.6901041584, -84.3923339179 38.6906444129, -84.3922756714 38.6909320778, -84.3922302789 38.6912256553, -84.3921844178 38.6916576254, -84.392138022 38.6923260193, -84.3921201938 38.6924370282, -84.3920853833 38.6925379579, -84.392027261 38.6926301096, -84.3919462331 38.6927104667, -84.3918426787 38.6927773857, -84.3917180817 38.6928264911, -84.3914300842 38.6928822438, -84.3903027114 38.6929869039, -84.3901477457 38.6930109462, -84.3899977741 38.6930490498, -84.389852065 38.6931028546, -84.3891168383 38.6934484114, -84.3889522318 38.6935009002, -84.3887795395 38.6935359967, -84.3886053051 38.6935598169, -84.3872434812 38.6936848331, -84.3869078777 38.6936812662, -84.3864213598 38.6936534531, -84.3860878959 38.6936666592, -84.3857406823 38.6937219948, -84.3853830707 38.693808789, -84.3848315222 38.6939798575, -84.3844868904 38.6941219922, -84.3838645346 38.6944443722, -84.383414911 38.6946921179, -84.3828179212 38.6949878723, -84.3825175235 38.6951250173, -84.3821986692 38.695237236, -84.3818581177 38.6953104857, -84.3816847 38.6953277147, -84.3815160888 38.6953315438, -84.3811963236 38.6953050772, -84.3808844876 38.695248219, -84.3796160339 38.6949691885, -84.3790245686 38.6948572091, -84.3786320694 38.6948043598, -84.3784381587 38.6947933389, -84.3782467523 38.6947982735, -84.3780619504 38.6948247027, -84.3779083939 38.6948665943, -84.3777280171 38.6949372849, -84.3775786322 38.6950182174, -84.3774440696 38.6951122263, -84.3773261357 38.6952163134, -84.3772255833 38.6953277395, -84.3771428197 38.6954434898, -84.3770255068 38.6956824116, -84.3769896284 38.695801723, -84.3769032214 38.6963540432, -84.3768784399 38.6964608507, -84.3768355302 38.6965627818, -84.3767678641 38.6966581108, -84.3766751246 38.6967451874, -84.3765587429 38.6968223804, -84.3764233364 38.6968864473, -84.3761103334 38.6969847125, -84.3756023712 38.697108736, -84.3752550611 38.6971678842, -84.3747401822 38.6971937925, -84.3737410119 38.6972028432, -84.373576491 38.697212475, -84.3734175846 38.6972402942, -84.3732691047 38.6972913009, -84.373137423 38.6973619973, -84.3730219176 38.6974482592, -84.3729236799 38.6975479013, -84.372843123 38.6976576324, -84.372780313 38.6977738851, -84.3725001253 38.6985106884, -84.3723169661 38.6988770805, -84.3721559575 38.699127849, -84.3719588316 38.6993798461, -84.3718439828 38.6995053816, -84.3715870821 38.6997495475, -84.3712157527 38.7000409911, -84.370700314 38.7003554783, -84.3703606131 38.7005303074, -84.370170031 38.7005835676, -84.3700968721 38.7005979753)"
"District 06","Pendleton","06-10059.00","US","27","US-27","AM-BRIDGE (P)","16.87","16.984","ADDRESS DEFICIENCIES OF BRIDGE ON US 27 OVER SO.FK. LICKING RIVER (096B00021N)","096B00021N","2024","2026","D","FBP","2349709","2032","","","","096-US-0027-000","LINESTRING (-84.3508125677 38.7889556518, -84.351111259 38.7895370595, -84.3516120157 38.7904896888)"
"District 06","Pendleton","06-80253.00","US","27","US-27","SAFETY(P)","11.6","12.0","IMPROVE SAFETY AND MOBILITY ON US 27 AT THE KY INTERSECTION (MILEPOINT 11.6 TO MILEPOINT 12) (2022CCN) (2024CCR)","","2022","2026","D","STPF","420000","2029","","","","096-US-0027-000","LINESTRING (-84.3726237224 38.7181562485, -84.372862505 38.7184913098, -84.3733758126 38.7191897754, -84.3737424159 38.7196753789, -84.3739831638 38.7200134426, -84.3740946087 38.7201819597, -84.37429713 38.7205212279, -84.3743946321 38.7207044114, -84.3744443959 38.720798074, -84.3745949012 38.7211263067, -84.3746339503 38.7212118821, -84.3747576911 38.7215282722, -84.3748800424 38.721918513, -84.3749696967 38.7222767978, -84.3750065794 38.7224590061, -84.3750381748 38.7226428009, -84.3750861784 38.7230165307, -84.3751022774 38.723204265, -84.3751096353 38.7233908007, -84.375108674 38.7235193003)"
"District 06","Pendleton","06-80253.00","US","27","US-27","SAFETY(P)","11.6","12.0","IMPROVE SAFETY AND MOBILITY ON US 27 AT THE KY INTERSECTION (MILEPOINT 11.6 TO MILEPOINT 12) (2022CCN) (2024CCR)","","2022","2026","C","STPF","4060000","2031","","","","096-US-0027-000","LINESTRING (-84.3726237224 38.7181562485, -84.372862505 38.7184913098, -84.3733758126 38.7191897754, -84.3737424159 38.7196753789, -84.3739831638 38.7200134426, -84.3740946087 38.7201819597, -84.37429713 38.7205212279, -84.3743946321 38.7207044114, -84.3744443959 38.720798074, -84.3745949012 38.7211263067, -84.3746339503 38.7212118821, -84.3747576911 38.7215282722, -84.3748800424 38.721918513, -84.3749696967 38.7222767978, -84.3750065794 38.7224590061, -84.3750381748 38.7226428009, -84.3750861784 38.7230165307, -84.3751022774 38.723204265, -84.3751096353 38.7233908007, -84.375108674 38.7235193003)"
"District 06","Pendleton","06-80253.00","US","27","US-27","SAFETY(P)","11.6","12.0","IMPROVE SAFETY AND MOBILITY ON US 27 AT THE KY INTERSECTION (MILEPOINT 11.6 TO MILEPOINT 12) (2022CCN) (2024CCR)","","2022","2026","U","STPF","190000","2030","","","","096-US-0027-000","LINESTRING (-84.3726237224 38.7181562485, -84.372862505 38.7184913098, -84.3733758126 38.7191897754, -84.3737424159 38.7196753789, -84.3739831638 38.7200134426, -84.3740946087 38.7201819597, -84.37429713 38.7205212279, -84.3743946321 38.7207044114, -84.3744443959 38.720798074, -84.3745949012 38.7211263067, -84.3746339503 38.7212118821, -84.3747576911 38.7215282722, -84.3748800424 38.721918513, -84.3749696967 38.7222767978, -84.3750065794 38.7224590061, -84.3750381748 38.7226428009, -84.3750861784 38.7230165307, -84.3751022774 38.723204265, -84.3751096353 38.7233908007, -84.375108674 38.7235193003)"
"District 06","Pendleton","06-80253.00","US","27","US-27","SAFETY(P)","11.6","12.0","IMPROVE SAFETY AND MOBILITY ON US 27 AT THE KY INTERSECTION (MILEPOINT 11.6 TO MILEPOINT 12) (2022CCN) (2024CCR)","","2022","2026","R","STPF","550000","2030","","","","096-US-0027-000","LINESTRING (-84.3726237224 38.7181562485, -84.372862505 38.7184913098, -84.3733758126 38.7191897754, -84.3737424159 38.7196753789, -84.3739831638 38.7200134426, -84.3740946087 38.7201819597, -84.37429713 38.7205212279, -84.3743946321 38.7207044114, -84.3744443959 38.720798074, -84.3745949012 38.7211263067, -84.3746339503 38.7212118821, -84.3747576911 38.7215282722, -84.3748800424 38.721918513, -84.3749696967 38.7222767978, -84.3750065794 38.7224590061, -84.3750381748 38.7226428009, -84.3750861784 38.7230165307, -84.3751022774 38.723204265, -84.3751096353 38.7233908007, -84.375108674 38.7235193003)"
"District 06","Pendleton","06-80258.00","KY","177","KY-177","RECONSTRUCTION(O)","5.8","9.2","RECONSTRUCTION FROM KY 3185 IN BUTLER TO KY 467 (2022CCN)","","2022","2026","D","SPP","2240000","2029","","","","096-KY-0177-000","LINESTRING (-84.3714339139 38.7821330236, -84.3714811263 38.782063321, -84.3715132196 38.7819986145, -84.3715516229 38.7818969112, -84.3715981314 38.7816445529, -84.3716184721 38.7816077185, -84.3716608461 38.7815744337, -84.371734602 38.7815327252, -84.3718561635 38.7815044754, -84.3719888802 38.7814985951, -84.3722814517 38.7814986812, -84.3724391781 38.7815059956, -84.3725994138 38.7815289907, -84.372759542 38.7815577501, -84.3729173067 38.781600212, -84.3730688087 38.7816585275, -84.3738690543 38.7820096305, -84.3741944814 38.7821652335, -84.3743493321 38.7822507708, -84.3744977669 38.7823417246, -84.3746376855 38.7824377971, -84.3750368588 38.7827386827, -84.3751761449 38.7828311778, -84.3753229732 38.782914424, -84.3754788011 38.7829854173, -84.3756461067 38.7830430871, -84.3758217593 38.7830860253, -84.3760060518 38.7831172558, -84.3761964569 38.7831405939, -84.3765876132 38.783178051, -84.3771893945 38.7832269938, -84.3777912808 38.7832891153, -84.3781971799 38.7833448599, -84.3784006924 38.783380152, -84.3788082139 38.7834617243, -84.3792127387 38.783553421, -84.3799904997 38.7837592409, -84.3818922389 38.7842487036, -84.3822400899 38.7843323251, -84.3824078307 38.7843671999, -84.3825704245 38.784395974, -84.382727188 38.7844175428, -84.3830165405 38.7844403566, -84.3832775152 38.7844422506, -84.3833975633 38.7844386836, -84.3835577655 38.7844265166, -84.3838822847 38.784388498, -84.384683594 38.7842741126, -84.3849525191 38.7842447903, -84.3852447343 38.7842269922, -84.3853998458 38.7842243748, -84.3855611432 38.7842286922, -84.3857289755 38.7842399486, -84.3859002036 38.7842572848, -84.3860744534 38.7842817951, -84.3862506661 38.7843140153, -84.3864270748 38.7843544754, -84.3866019014 38.7844045277, -84.3867751722 38.7844627993, -84.386946556 38.7845281887, -84.3871121694 38.7846020243, -84.3872727087 38.784684588, -84.3874296132 38.7847739746, -84.3875821804 38.7848701769, -84.3877318451 38.7849715619, -84.3880229493 38.7851827505, -84.3887495738 38.785725123, -84.3892006383 38.7860693874, -84.3893499486 38.7861899882, -84.3896377999 38.7864445209, -84.3899141573 38.7867134746, -84.3900473142 38.7868539348, -84.3903029174 38.7871448923, -84.3905447246 38.7874420074, -84.3907743144 38.7877359617, -84.390993789 38.7880267805, -84.3912896914 38.7884337965, -84.3914712114 38.7886717357, -84.3915631639 38.7887831666, -84.3916590921 38.7888883286, -84.3917597298 38.7889855803, -84.3918654364 38.7890743775, -84.3919776672 38.7891519913, -84.3920981836 38.7892178919, -84.3922269997 38.7892715302, -84.3923630035 38.7893159148, -84.3925054649 38.7893526843, -84.3926540525 38.7893807355, -84.3928080697 38.7893997883, -84.392966516 38.7894070835, -84.3931276721 38.78940068, -84.3932908026 38.789382491, -84.3934548685 38.7893516822, -84.3936174047 38.7893087742, -84.3937801189 38.7892562563, -84.3945726231 38.7889566325, -84.3948794738 38.7888505608, -84.3950382104 38.7888043121, -84.3952034383 38.7887674726, -84.3953747815 38.7887414113, -84.3955494337 38.7887260971, -84.3957249251 38.7887223239, -84.3958998356 38.7887309003, -84.3960734699 38.7887515447, -84.3962455034 38.7887828784, -84.3964151825 38.7888276404, -84.3965706228 38.7888834989, -84.3967379587 38.7889600862, -84.396889673 38.7890466551, -84.3970344999 38.7891452281, -84.3971682594 38.7892541094, -84.397287134 38.7893710592, -84.3973904433 38.7894949715, -84.3974771544 38.7896247362, -84.3975486863 38.7897595462, -84.3976050496 38.7898988516, -84.3976931753 38.7901796551, -84.3977450089 38.7903172615, -84.3978123272 38.7904522981, -84.3978958832 38.7905820266, -84.3979960132 38.7907072752, -84.398111338 38.7908266556, -84.3982394236 38.7909390406, -84.3983803108 38.7910422345, -84.3985350918 38.791134054, -84.3986999189 38.7912139041, -84.3988737539 38.7912809514, -84.3990520931 38.7913321229, -84.399235273 38.7913682478, -84.3994239215 38.7913931749, -84.4001958908 38.791464248, -84.4003877281 38.7914875622, -84.4005769122 38.7915215555, -84.4007616633 38.7915675801, -84.4009387956 38.7916272472, -84.4011061931 38.791701083, -84.4012617772 38.7917876908, -84.401407316 38.7918862655, -84.4015407008 38.7919970597, -84.4016633647 38.7921184414, -84.401774972 38.7922495822, -84.4018808262 38.7923883476, -84.4020856209 38.7926792526, -84.402692423 38.793583184, -84.4029003565 38.793875496, -84.4031062613 38.7941447194, -84.4032161912 38.7942719966, -84.4033343473 38.7943908534, -84.4034670934 38.7944986173, -84.4036119598 38.7945960842, -84.4037692453 38.7946860022, -84.4039403546 38.794768387, -84.4041242501 38.7948424046, -84.4043188673 38.7949058335, -84.4045207273 38.794956988, -84.4051395072 38.7950798441, -84.4055428266 38.7951659443, -84.4059305212 38.7952623012, -84.4061181958 38.7953218047, -84.4063078027 38.7953906661, -84.4065028625 38.7954683751, -84.4066953193 38.7955540168, -84.407267042 38.7958130756, -84.408413262 38.7963526318, -84.4086050272 38.7964379889, -84.4089801066 38.7965913079, -84.4091694908 38.7966535715, -84.4093661131 38.7967038347, -84.4095693065 38.7967401674, -84.4097762756 38.7967619893, -84.4099866586 38.7967698454, -84.4101980005 38.7967637081, -84.410410281 38.7967446757, -84.4106200064 38.7967118852, -84.4108271719 38.7966656101, -84.4114006382 38.7965053758, -84.4116243907 38.7964537938, -84.4118256601 38.7964228276, -84.4120298301 38.7964058977, -84.4124423133 38.7963948745, -84.412646873 38.7963949719, -84.4136580187 38.7964186641, -84.4138574957 38.796428039, -84.4142524123 38.7964566267, -84.4144453799 38.7964766359, -84.4148236214 38.7965344167, -84.4152022899 38.7966073024, -84.4157647261 38.7967237056, -84.4159504186 38.7967579089, -84.4161369117 38.7967866305, -84.4165114638 38.7968353027, -84.4184878387 38.7970539906, -84.4186736427 38.7970821508, -84.4188515631 38.7971192843, -84.4190166456 38.7971678065, -84.4191642777 38.7972304115, -84.41928991 38.7973065007, -84.4193953564 38.7973927987, -84.4194813143 38.7974895886, -84.4195491997 38.7975960609, -84.4196001066 38.7977100328, -84.4196337381 38.7978284792, -84.4196529121 38.7979508831, -84.4196978758 38.7984681537, -84.4197176624 38.7985955074, -84.4197508344 38.7987199901, -84.4197984493 38.7988413382, -84.4198640425 38.7989582184, -84.4199476162 38.7990703583, -84.4200456845 38.7991766175, -84.4201568338 38.7992775316, -84.4202733452 38.7993730137, -84.420499588 38.7995509953, -84.4216312962 38.8004145449, -84.4217362472 38.8004898517, -84.4220063016 38.8006902859, -84.4222282691 38.8008595564)"
"District 06","Pendleton","06-80306.00","US","27","US-27","SAFETY(P)","11.6","12.0","IMPROVE SAFETY AND MOBILITY ON US 27 AT THE KY 22 INTERSECTION. (2024CCN) (2026CCR)","","2024","2026","D","STPF","870000","2026","","","","096-US-0027-000","LINESTRING (-84.3726237224 38.7181562485, -84.372862505 38.7184913098, -84.3733758126 38.7191897754, -84.3737424159 38.7196753789, -84.3739831638 38.7200134426, -84.3740946087 38.7201819597, -84.37429713 38.7205212279, -84.3743946321 38.7207044114, -84.3744443959 38.720798074, -84.3745949012 38.7211263067, -84.3746339503 38.7212118821, -84.3747576911 38.7215282722, -84.3748800424 38.721918513, -84.3749696967 38.7222767978, -84.3750065794 38.7224590061, -84.3750381748 38.7226428009, -84.3750861784 38.7230165307, -84.3751022774 38.723204265, -84.3751096353 38.7233908007, -84.375108674 38.7235193003)"
"District 06","Pendleton","06-80306.00","US","27","US-27","SAFETY(P)","11.6","12.0","IMPROVE SAFETY AND MOBILITY ON US 27 AT THE KY 22 INTERSECTION. (2024CCN) (2026CCR)","","2024","2026","C","STPF","7800000","2031","","","","096-US-0027-000","LINESTRING (-84.3726237224 38.7181562485, -84.372862505 38.7184913098, -84.3733758126 38.7191897754, -84.3737424159 38.7196753789, -84.3739831638 38.7200134426, -84.3740946087 38.7201819597, -84.37429713 38.7205212279, -84.3743946321 38.7207044114, -84.3744443959 38.720798074, -84.3745949012 38.7211263067, -84.3746339503 38.7212118821, -84.3747576911 38.7215282722, -84.3748800424 38.721918513, -84.3749696967 38.7222767978, -84.3750065794 38.7224590061, -84.3750381748 38.7226428009, -84.3750861784 38.7230165307, -84.3751022774 38.723204265, -84.3751096353 38.7233908007, -84.375108674 38.7235193003)"
"District 06","Pendleton","06-80306.00","US","27","US-27","SAFETY(P)","11.6","12.0","IMPROVE SAFETY AND MOBILITY ON US 27 AT THE KY 22 INTERSECTION. (2024CCN) (2026CCR)","","2024","2026","R","STPF","390000","2029","","","","096-US-0027-000","LINESTRING (-84.3726237224 38.7181562485, -84.372862505 38.7184913098, -84.3733758126 38.7191897754, -84.3737424159 38.7196753789, -84.3739831638 38.7200134426, -84.3740946087 38.7201819597, -84.37429713 38.7205212279, -84.3743946321 38.7207044114, -84.3744443959 38.720798074, -84.3745949012 38.7211263067, -84.3746339503 38.7212118821, -84.3747576911 38.7215282722, -84.3748800424 38.721918513, -84.3749696967 38.7222767978, -84.3750065794 38.7224590061, -84.3750381748 38.7226428009, -84.3750861784 38.7230165307, -84.3751022774 38.723204265, -84.3751096353 38.7233908007, -84.375108674 38.7235193003)"
"District 06","Pendleton","06-80306.00","US","27","US-27","SAFETY(P)","11.6","12.0","IMPROVE SAFETY AND MOBILITY ON US 27 AT THE KY 22 INTERSECTION. (2024CCN) (2026CCR)","","2024","2026","U","STPF","650000","2030","","","","096-US-0027-000","LINESTRING (-84.3726237224 38.7181562485, -84.372862505 38.7184913098, -84.3733758126 38.7191897754, -84.3737424159 38.7196753789, -84.3739831638 38.7200134426, -84.3740946087 38.7201819597, -84.37429713 38.7205212279, -84.3743946321 38.7207044114, -84.3744443959 38.720798074, -84.3745949012 38.7211263067, -84.3746339503 38.7212118821, -84.3747576911 38.7215282722, -84.3748800424 38.721918513, -84.3749696967 38.7222767978, -84.3750065794 38.7224590061, -84.3750381748 38.7226428009, -84.3750861784 38.7230165307, -84.3751022774 38.723204265, -84.3751096353 38.7233908007, -84.375108674 38.7235193003)"
"District 06","Pendleton","06-80310.00","KY","177","KY-177","RECONSTRUCTION(O)","5.0","5.9","RECONSTRUCT KY 177 FROM LICKING RIVER BRIDGE IN BUTLER TO KY 3185. (2024CCN)","","2024","2026","D","SPP","2170000","2029","","","","096-KY-0177-000","LINESTRING (-84.3683907393 38.7888918179, -84.3684150307 38.7888703013, -84.3684965263 38.788790791, -84.3686267367 38.7886399035, -84.3686698278 38.7885690098, -84.3686907843 38.7884997815, -84.368683628 38.7884329742, -84.3686461915 38.7883718562, -84.3686168231 38.7883479014, -84.3685795006 38.7883178139, -84.3683930359 38.7882154278, -84.367674534 38.7878622173, -84.3669752865 38.7875300936, -84.3667928119 38.787439559, -84.3666615711 38.7873669182, -84.3665327067 38.787280026, -84.3664127772 38.7871844502, -84.3663349568 38.7871069371, -84.3662051107 38.786960722, -84.3661208405 38.7868348064, -84.3660450827 38.7867040464, -84.3659989394 38.7865656673, -84.3659752444 38.7864275485, -84.3659708392 38.7863637925, -84.3659661659 38.7862956408, -84.3659699672 38.7861690999, -84.3660327598 38.7853177804, -84.3660728633 38.7845158967, -84.3661311624 38.7835868155, -84.3661640307 38.7832777356, -84.3661864864 38.7831294436, -84.3662172346 38.782987838, -84.3662632795 38.7828535492, -84.3663330086 38.7827283219, -84.3663868802 38.7826438245, -84.366450495 38.7825635593, -84.3665313553 38.7824988712, -84.3666700266 38.7824194757, -84.3668061516 38.7823633917, -84.3669536482 38.7823181482, -84.3671229392 38.7822890837, -84.3672985714 38.7822771165, -84.3674599091 38.7822789876, -84.3678415686 38.7822987903, -84.3682541686 38.782333503, -84.368663254 38.782387121, -84.3688627294 38.7824314437, -84.3692501578 38.7825358823, -84.3694419185 38.7825801146, -84.3696374711 38.7826092892, -84.3698255677 38.7826246469, -84.3700293406 38.7826272804, -84.3704132508 38.7826023423, -84.3705979689 38.7825737266, -84.370880246 38.7825061478, -84.3710689703 38.7824325443, -84.3712033393 38.7823577624, -84.3713555651 38.7822290934, -84.3714244714 38.7821469641, -84.3714811263 38.782063321, -84.3715132196 38.7819986145, -84.3715516229 38.7818969112, -84.3715981314 38.7816445529, -84.3716184721 38.7816077185, -84.3716608461 38.7815744337, -84.371734602 38.7815327252, -84.3718561635 38.7815044754, -84.3719888802 38.7814985951, -84.3722814517 38.7814986812, -84.3724391781 38.7815059956, -84.3725994138 38.7815289907, -84.3727239579 38.7815513591)"
"District 06","Pendleton","06-80310.00","KY","177","KY-177","RECONSTRUCTION(O)","5.0","5.9","RECONSTRUCT KY 177 FROM LICKING RIVER BRIDGE IN BUTLER TO KY 3185. (2024CCN)","","2024","2026","C","SPP","26400000","2032","","","","096-KY-0177-000","LINESTRING (-84.3683907393 38.7888918179, -84.3684150307 38.7888703013, -84.3684965263 38.788790791, -84.3686267367 38.7886399035, -84.3686698278 38.7885690098, -84.3686907843 38.7884997815, -84.368683628 38.7884329742, -84.3686461915 38.7883718562, -84.3686168231 38.7883479014, -84.3685795006 38.7883178139, -84.3683930359 38.7882154278, -84.367674534 38.7878622173, -84.3669752865 38.7875300936, -84.3667928119 38.787439559, -84.3666615711 38.7873669182, -84.3665327067 38.787280026, -84.3664127772 38.7871844502, -84.3663349568 38.7871069371, -84.3662051107 38.786960722, -84.3661208405 38.7868348064, -84.3660450827 38.7867040464, -84.3659989394 38.7865656673, -84.3659752444 38.7864275485, -84.3659708392 38.7863637925, -84.3659661659 38.7862956408, -84.3659699672 38.7861690999, -84.3660327598 38.7853177804, -84.3660728633 38.7845158967, -84.3661311624 38.7835868155, -84.3661640307 38.7832777356, -84.3661864864 38.7831294436, -84.3662172346 38.782987838, -84.3662632795 38.7828535492, -84.3663330086 38.7827283219, -84.3663868802 38.7826438245, -84.366450495 38.7825635593, -84.3665313553 38.7824988712, -84.3666700266 38.7824194757, -84.3668061516 38.7823633917, -84.3669536482 38.7823181482, -84.3671229392 38.7822890837, -84.3672985714 38.7822771165, -84.3674599091 38.7822789876, -84.3678415686 38.7822987903, -84.3682541686 38.782333503, -84.368663254 38.782387121, -84.3688627294 38.7824314437, -84.3692501578 38.7825358823, -84.3694419185 38.7825801146, -84.3696374711 38.7826092892, -84.3698255677 38.7826246469, -84.3700293406 38.7826272804, -84.3704132508 38.7826023423, -84.3705979689 38.7825737266, -84.370880246 38.7825061478, -84.3710689703 38.7824325443, -84.3712033393 38.7823577624, -84.3713555651 38.7822290934, -84.3714244714 38.7821469641, -84.3714811263 38.782063321, -84.3715132196 38.7819986145, -84.3715516229 38.7818969112, -84.3715981314 38.7816445529, -84.3716184721 38.7816077185, -84.3716608461 38.7815744337, -84.371734602 38.7815327252, -84.3718561635 38.7815044754, -84.3719888802 38.7814985951, -84.3722814517 38.7814986812, -84.3724391781 38.7815059956, -84.3725994138 38.7815289907, -84.3727239579 38.7815513591)"
"District 06","Pendleton","06-80310.00","KY","177","KY-177","RECONSTRUCTION(O)","5.0","5.9","RECONSTRUCT KY 177 FROM LICKING RIVER BRIDGE IN BUTLER TO KY 3185. (2024CCN)","","2024","2026","R","SPP","580000","2030","","","","096-KY-0177-000","LINESTRING (-84.3683907393 38.7888918179, -84.3684150307 38.7888703013, -84.3684965263 38.788790791, -84.3686267367 38.7886399035, -84.3686698278 38.7885690098, -84.3686907843 38.7884997815, -84.368683628 38.7884329742, -84.3686461915 38.7883718562, -84.3686168231 38.7883479014, -84.3685795006 38.7883178139, -84.3683930359 38.7882154278, -84.367674534 38.7878622173, -84.3669752865 38.7875300936, -84.3667928119 38.787439559, -84.3666615711 38.7873669182, -84.3665327067 38.787280026, -84.3664127772 38.7871844502, -84.3663349568 38.7871069371, -84.3662051107 38.786960722, -84.3661208405 38.7868348064, -84.3660450827 38.7867040464, -84.3659989394 38.7865656673, -84.3659752444 38.7864275485, -84.3659708392 38.7863637925, -84.3659661659 38.7862956408, -84.3659699672 38.7861690999, -84.3660327598 38.7853177804, -84.3660728633 38.7845158967, -84.3661311624 38.7835868155, -84.3661640307 38.7832777356, -84.3661864864 38.7831294436, -84.3662172346 38.782987838, -84.3662632795 38.7828535492, -84.3663330086 38.7827283219, -84.3663868802 38.7826438245, -84.366450495 38.7825635593, -84.3665313553 38.7824988712, -84.3666700266 38.7824194757, -84.3668061516 38.7823633917, -84.3669536482 38.7823181482, -84.3671229392 38.7822890837, -84.3672985714 38.7822771165, -84.3674599091 38.7822789876, -84.3678415686 38.7822987903, -84.3682541686 38.782333503, -84.368663254 38.782387121, -84.3688627294 38.7824314437, -84.3692501578 38.7825358823, -84.3694419185 38.7825801146, -84.3696374711 38.7826092892, -84.3698255677 38.7826246469, -84.3700293406 38.7826272804, -84.3704132508 38.7826023423, -84.3705979689 38.7825737266, -84.370880246 38.7825061478, -84.3710689703 38.7824325443, -84.3712033393 38.7823577624, -84.3713555651 38.7822290934, -84.3714244714 38.7821469641, -84.3714811263 38.782063321, -84.3715132196 38.7819986145, -84.3715516229 38.7818969112, -84.3715981314 38.7816445529, -84.3716184721 38.7816077185, -84.3716608461 38.7815744337, -84.371734602 38.7815327252, -84.3718561635 38.7815044754, -84.3719888802 38.7814985951, -84.3722814517 38.7814986812, -84.3724391781 38.7815059956, -84.3725994138 38.7815289907, -84.3727239579 38.7815513591)"
"District 06","Pendleton","06-80310.00","KY","177","KY-177","RECONSTRUCTION(O)","5.0","5.9","RECONSTRUCT KY 177 FROM LICKING RIVER BRIDGE IN BUTLER TO KY 3185. (2024CCN)","","2024","2026","U","SPP","1120000","2031","","","","096-KY-0177-000","LINESTRING (-84.3683907393 38.7888918179, -84.3684150307 38.7888703013, -84.3684965263 38.788790791, -84.3686267367 38.7886399035, -84.3686698278 38.7885690098, -84.3686907843 38.7884997815, -84.368683628 38.7884329742, -84.3686461915 38.7883718562, -84.3686168231 38.7883479014, -84.3685795006 38.7883178139, -84.3683930359 38.7882154278, -84.367674534 38.7878622173, -84.3669752865 38.7875300936, -84.3667928119 38.787439559, -84.3666615711 38.7873669182, -84.3665327067 38.787280026, -84.3664127772 38.7871844502, -84.3663349568 38.7871069371, -84.3662051107 38.786960722, -84.3661208405 38.7868348064, -84.3660450827 38.7867040464, -84.3659989394 38.7865656673, -84.3659752444 38.7864275485, -84.3659708392 38.7863637925, -84.3659661659 38.7862956408, -84.3659699672 38.7861690999, -84.3660327598 38.7853177804, -84.3660728633 38.7845158967, -84.3661311624 38.7835868155, -84.3661640307 38.7832777356, -84.3661864864 38.7831294436, -84.3662172346 38.782987838, -84.3662632795 38.7828535492, -84.3663330086 38.7827283219, -84.3663868802 38.7826438245, -84.366450495 38.7825635593, -84.3665313553 38.7824988712, -84.3666700266 38.7824194757, -84.3668061516 38.7823633917, -84.3669536482 38.7823181482, -84.3671229392 38.7822890837, -84.3672985714 38.7822771165, -84.3674599091 38.7822789876, -84.3678415686 38.7822987903, -84.3682541686 38.782333503, -84.368663254 38.782387121, -84.3688627294 38.7824314437, -84.3692501578 38.7825358823, -84.3694419185 38.7825801146, -84.3696374711 38.7826092892, -84.3698255677 38.7826246469, -84.3700293406 38.7826272804, -84.3704132508 38.7826023423, -84.3705979689 38.7825737266, -84.370880246 38.7825061478, -84.3710689703 38.7824325443, -84.3712033393 38.7823577624, -84.3713555651 38.7822290934, -84.3714244714 38.7821469641, -84.3714811263 38.782063321, -84.3715132196 38.7819986145, -84.3715516229 38.7818969112, -84.3715981314 38.7816445529, -84.3716184721 38.7816077185, -84.3716608461 38.7815744337, -84.371734602 38.7815327252, -84.3718561635 38.7815044754, -84.3719888802 38.7814985951, -84.3722814517 38.7814986812, -84.3724391781 38.7815059956, -84.3725994138 38.7815289907, -84.3727239579 38.7815513591)"
"District 06","Pendleton","06-80408.00","KY","17","KY-17","SAFETY(P)","0.0","1.0","Improve safety and mobility and address geometric deficiencies along KY 17 from US 27 to KY 1853 (Bryan Griffin Road). (2026CCN)","","2026","2026","U","SPP","1000000","2031","","","","096-KY-0017-000","LINESTRING (-84.3747576911 38.7215282722, -84.3750463815 38.7214610346, -84.3752934048 38.7214100649, -84.3754300945 38.7213921457, -84.3755725294 38.7213855514, -84.3757161334 38.7213913273, -84.375860181 38.7214108379, -84.3760022335 38.7214432316, -84.3761419617 38.7214874056, -84.37642098 38.7215990886, -84.3765613829 38.7216633157, -84.3767061261 38.7217391254, -84.3769673817 38.7219008528, -84.3770950559 38.7219896464, -84.3772184385 38.7220830578, -84.3775911693 38.7223938023, -84.3781967989 38.7229208626, -84.3785503856 38.7232061201, -84.3786710152 38.723297027, -84.3788008176 38.7233847441, -84.3789380729 38.7234676043, -84.3790820742 38.7235458743, -84.3792332044 38.7236179101, -84.3793911161 38.7236834327, -84.3798792689 38.7238590234, -84.3800339967 38.7239261562, -84.3801765524 38.7240068797, -84.3803066517 38.7240976189, -84.3804264705 38.7241945561, -84.3805345901 38.7242984976, -84.3806274967 38.7244099533, -84.3807072871 38.7245292209, -84.3807743591 38.7246538344, -84.3808343442 38.7247824853, -84.3810757331 38.7253322535, -84.3812091647 38.725619641, -84.3813537963 38.7258893075, -84.3814355072 38.7260184823, -84.3815300001 38.7261390165, -84.3816376873 38.7262476202, -84.3817613806 38.7263437764, -84.3818976455 38.7264238756, -84.3820461855 38.726484894, -84.3822035171 38.7265256934, -84.3823639513 38.7265506011, -84.3825266825 38.7265651009, -84.3826899081 38.7265719167, -84.3833519378 38.7265797885, -84.3835168289 38.726591291, -84.3836810932 38.7266176146, -84.3838421621 38.7266647701, -84.3839905866 38.7267321001, -84.3841288959 38.7268155156, -84.3842603711 38.726908188, -84.3845154385 38.7271027793, -84.3847535971 38.727301845, -84.3848578268 38.7274082087, -84.3849538231 38.7275424879, -84.3850090838 38.7276430733, -84.3850627655 38.7277719242, -84.3852131109 38.7281871869, -84.3854867434 38.728908661, -84.3855288945 38.7290544049, -84.3855520675 38.7292026763, -84.3855527691 38.7293528876, -84.385535194 38.7295056356, -84.3855028787 38.729659313, -84.3854168985 38.729964776, -84.3853166498 38.730264583, -84.3852560864 38.7304102484, -84.3851864788 38.7305522399, -84.3850904204 38.7307213877, -84.3850354928 38.7308125581)"
"District 06","Pendleton","06-80408.00","KY","17","KY-17","SAFETY(P)","0.0","1.0","Improve safety and mobility and address geometric deficiencies along KY 17 from US 27 to KY 1853 (Bryan Griffin Road). (2026CCN)","","2026","2026","C","SPP","7000000","2032","","","","096-KY-0017-000","LINESTRING (-84.3747576911 38.7215282722, -84.3750463815 38.7214610346, -84.3752934048 38.7214100649, -84.3754300945 38.7213921457, -84.3755725294 38.7213855514, -84.3757161334 38.7213913273, -84.375860181 38.7214108379, -84.3760022335 38.7214432316, -84.3761419617 38.7214874056, -84.37642098 38.7215990886, -84.3765613829 38.7216633157, -84.3767061261 38.7217391254, -84.3769673817 38.7219008528, -84.3770950559 38.7219896464, -84.3772184385 38.7220830578, -84.3775911693 38.7223938023, -84.3781967989 38.7229208626, -84.3785503856 38.7232061201, -84.3786710152 38.723297027, -84.3788008176 38.7233847441, -84.3789380729 38.7234676043, -84.3790820742 38.7235458743, -84.3792332044 38.7236179101, -84.3793911161 38.7236834327, -84.3798792689 38.7238590234, -84.3800339967 38.7239261562, -84.3801765524 38.7240068797, -84.3803066517 38.7240976189, -84.3804264705 38.7241945561, -84.3805345901 38.7242984976, -84.3806274967 38.7244099533, -84.3807072871 38.7245292209, -84.3807743591 38.7246538344, -84.3808343442 38.7247824853, -84.3810757331 38.7253322535, -84.3812091647 38.725619641, -84.3813537963 38.7258893075, -84.3814355072 38.7260184823, -84.3815300001 38.7261390165, -84.3816376873 38.7262476202, -84.3817613806 38.7263437764, -84.3818976455 38.7264238756, -84.3820461855 38.726484894, -84.3822035171 38.7265256934, -84.3823639513 38.7265506011, -84.3825266825 38.7265651009, -84.3826899081 38.7265719167, -84.3833519378 38.7265797885, -84.3835168289 38.726591291, -84.3836810932 38.7266176146, -84.3838421621 38.7266647701, -84.3839905866 38.7267321001, -84.3841288959 38.7268155156, -84.3842603711 38.726908188, -84.3845154385 38.7271027793, -84.3847535971 38.727301845, -84.3848578268 38.7274082087, -84.3849538231 38.7275424879, -84.3850090838 38.7276430733, -84.3850627655 38.7277719242, -84.3852131109 38.7281871869, -84.3854867434 38.728908661, -84.3855288945 38.7290544049, -84.3855520675 38.7292026763, -84.3855527691 38.7293528876, -84.385535194 38.7295056356, -84.3855028787 38.729659313, -84.3854168985 38.729964776, -84.3853166498 38.730264583, -84.3852560864 38.7304102484, -84.3851864788 38.7305522399, -84.3850904204 38.7307213877, -84.3850354928 38.7308125581)"
"District 06","Pendleton","06-80408.00","KY","17","KY-17","SAFETY(P)","0.0","1.0","Improve safety and mobility and address geometric deficiencies along KY 17 from US 27 to KY 1853 (Bryan Griffin Road). (2026CCN)","","2026","2026","R","SPP","750000","2030","","","","096-KY-0017-000","LINESTRING (-84.3747576911 38.7215282722, -84.3750463815 38.7214610346, -84.3752934048 38.7214100649, -84.3754300945 38.7213921457, -84.3755725294 38.7213855514, -84.3757161334 38.7213913273, -84.375860181 38.7214108379, -84.3760022335 38.7214432316, -84.3761419617 38.7214874056, -84.37642098 38.7215990886, -84.3765613829 38.7216633157, -84.3767061261 38.7217391254, -84.3769673817 38.7219008528, -84.3770950559 38.7219896464, -84.3772184385 38.7220830578, -84.3775911693 38.7223938023, -84.3781967989 38.7229208626, -84.3785503856 38.7232061201, -84.3786710152 38.723297027, -84.3788008176 38.7233847441, -84.3789380729 38.7234676043, -84.3790820742 38.7235458743, -84.3792332044 38.7236179101, -84.3793911161 38.7236834327, -84.3798792689 38.7238590234, -84.3800339967 38.7239261562, -84.3801765524 38.7240068797, -84.3803066517 38.7240976189, -84.3804264705 38.7241945561, -84.3805345901 38.7242984976, -84.3806274967 38.7244099533, -84.3807072871 38.7245292209, -84.3807743591 38.7246538344, -84.3808343442 38.7247824853, -84.3810757331 38.7253322535, -84.3812091647 38.725619641, -84.3813537963 38.7258893075, -84.3814355072 38.7260184823, -84.3815300001 38.7261390165, -84.3816376873 38.7262476202, -84.3817613806 38.7263437764, -84.3818976455 38.7264238756, -84.3820461855 38.726484894, -84.3822035171 38.7265256934, -84.3823639513 38.7265506011, -84.3825266825 38.7265651009, -84.3826899081 38.7265719167, -84.3833519378 38.7265797885, -84.3835168289 38.726591291, -84.3836810932 38.7266176146, -84.3838421621 38.7266647701, -84.3839905866 38.7267321001, -84.3841288959 38.7268155156, -84.3842603711 38.726908188, -84.3845154385 38.7271027793, -84.3847535971 38.727301845, -84.3848578268 38.7274082087, -84.3849538231 38.7275424879, -84.3850090838 38.7276430733, -84.3850627655 38.7277719242, -84.3852131109 38.7281871869, -84.3854867434 38.728908661, -84.3855288945 38.7290544049, -84.3855520675 38.7292026763, -84.3855527691 38.7293528876, -84.385535194 38.7295056356, -84.3855028787 38.729659313, -84.3854168985 38.729964776, -84.3853166498 38.730264583, -84.3852560864 38.7304102484, -84.3851864788 38.7305522399, -84.3850904204 38.7307213877, -84.3850354928 38.7308125581)"
"District 06","Pendleton","06-80408.00","KY","17","KY-17","SAFETY(P)","0.0","1.0","Improve safety and mobility and address geometric deficiencies along KY 17 from US 27 to KY 1853 (Bryan Griffin Road). (2026CCN)","","2026","2026","D","SPP","1000000","2029","","","","096-KY-0017-000","LINESTRING (-84.3747576911 38.7215282722, -84.3750463815 38.7214610346, -84.3752934048 38.7214100649, -84.3754300945 38.7213921457, -84.3755725294 38.7213855514, -84.3757161334 38.7213913273, -84.375860181 38.7214108379, -84.3760022335 38.7214432316, -84.3761419617 38.7214874056, -84.37642098 38.7215990886, -84.3765613829 38.7216633157, -84.3767061261 38.7217391254, -84.3769673817 38.7219008528, -84.3770950559 38.7219896464, -84.3772184385 38.7220830578, -84.3775911693 38.7223938023, -84.3781967989 38.7229208626, -84.3785503856 38.7232061201, -84.3786710152 38.723297027, -84.3788008176 38.7233847441, -84.3789380729 38.7234676043, -84.3790820742 38.7235458743, -84.3792332044 38.7236179101, -84.3793911161 38.7236834327, -84.3798792689 38.7238590234, -84.3800339967 38.7239261562, -84.3801765524 38.7240068797, -84.3803066517 38.7240976189, -84.3804264705 38.7241945561, -84.3805345901 38.7242984976, -84.3806274967 38.7244099533, -84.3807072871 38.7245292209, -84.3807743591 38.7246538344, -84.3808343442 38.7247824853, -84.3810757331 38.7253322535, -84.3812091647 38.725619641, -84.3813537963 38.7258893075, -84.3814355072 38.7260184823, -84.3815300001 38.7261390165, -84.3816376873 38.7262476202, -84.3817613806 38.7263437764, -84.3818976455 38.7264238756, -84.3820461855 38.726484894, -84.3822035171 38.7265256934, -84.3823639513 38.7265506011, -84.3825266825 38.7265651009, -84.3826899081 38.7265719167, -84.3833519378 38.7265797885, -84.3835168289 38.726591291, -84.3836810932 38.7266176146, -84.3838421621 38.7266647701, -84.3839905866 38.7267321001, -84.3841288959 38.7268155156, -84.3842603711 38.726908188, -84.3845154385 38.7271027793, -84.3847535971 38.727301845, -84.3848578268 38.7274082087, -84.3849538231 38.7275424879, -84.3850090838 38.7276430733, -84.3850627655 38.7277719242, -84.3852131109 38.7281871869, -84.3854867434 38.728908661, -84.3855288945 38.7290544049, -84.3855520675 38.7292026763, -84.3855527691 38.7293528876, -84.385535194 38.7295056356, -84.3855028787 38.729659313, -84.3854168985 38.729964776, -84.3853166498 38.730264583, -84.3852560864 38.7304102484, -84.3851864788 38.7305522399, -84.3850904204 38.7307213877, -84.3850354928 38.7308125581)"
"District 06","Robertson","06-08711.00","KY","616","KY-616","RECONSTRUCTION(O)","6.3","6.503","IMPROVE CURVE ON KY 616 AND IMPROVE ROADWAY FROM THE NEW ROBERTSON COUNTY SCHOOL TO MT OLIVET. (12CCN)(14CCR)(18CCN)  (2020CCR) (2022CCR) (2024CCR)","","2012","2026","U","SPP","320000","2027","","","","101-KY-0616-000","LINESTRING (-84.0132552266 38.5278057008, -84.0132654358 38.5278340166, -84.013320733 38.5279496217, -84.0133897844 38.5280602112, -84.0134291032 38.5281124171, -84.0136326905 38.52834389, -84.0136960505 38.5284291285, -84.013735302 38.5285137406, -84.0137472594 38.5285993268, -84.0137462384 38.5286424298, -84.0137354502 38.5286845657, -84.0137193491 38.5287296451, -84.0136909298 38.528778115, -84.0136403999 38.5288449366, -84.0135562125 38.5289304906, -84.0129747511 38.5294632948, -84.0127382329 38.5296770722, -84.0126406861 38.5297508961, -84.0125636329 38.5298008504, -84.0121606483 38.5299869256, -84.0120335069 38.5300702021)"
"District 06","Robertson","06-08711.00","KY","616","KY-616","RECONSTRUCTION(O)","6.3","6.503","IMPROVE CURVE ON KY 616 AND IMPROVE ROADWAY FROM THE NEW ROBERTSON COUNTY SCHOOL TO MT OLIVET. (12CCN)(14CCR)(18CCN)  (2020CCR) (2022CCR) (2024CCR)","","2012","2026","C","SPP","4480000","2029","","","","101-KY-0616-000","LINESTRING (-84.0132552266 38.5278057008, -84.0132654358 38.5278340166, -84.013320733 38.5279496217, -84.0133897844 38.5280602112, -84.0134291032 38.5281124171, -84.0136326905 38.52834389, -84.0136960505 38.5284291285, -84.013735302 38.5285137406, -84.0137472594 38.5285993268, -84.0137462384 38.5286424298, -84.0137354502 38.5286845657, -84.0137193491 38.5287296451, -84.0136909298 38.528778115, -84.0136403999 38.5288449366, -84.0135562125 38.5289304906, -84.0129747511 38.5294632948, -84.0127382329 38.5296770722, -84.0126406861 38.5297508961, -84.0125636329 38.5298008504, -84.0121606483 38.5299869256, -84.0120335069 38.5300702021)"
"District 06","Robertson","06-08711.00","KY","616","KY-616","RECONSTRUCTION(O)","6.3","6.503","IMPROVE CURVE ON KY 616 AND IMPROVE ROADWAY FROM THE NEW ROBERTSON COUNTY SCHOOL TO MT OLIVET. (12CCN)(14CCR)(18CCN)  (2020CCR) (2022CCR) (2024CCR)","","2012","2026","R","SPP","530000","2027","","","","101-KY-0616-000","LINESTRING (-84.0132552266 38.5278057008, -84.0132654358 38.5278340166, -84.013320733 38.5279496217, -84.0133897844 38.5280602112, -84.0134291032 38.5281124171, -84.0136326905 38.52834389, -84.0136960505 38.5284291285, -84.013735302 38.5285137406, -84.0137472594 38.5285993268, -84.0137462384 38.5286424298, -84.0137354502 38.5286845657, -84.0137193491 38.5287296451, -84.0136909298 38.528778115, -84.0136403999 38.5288449366, -84.0135562125 38.5289304906, -84.0129747511 38.5294632948, -84.0127382329 38.5296770722, -84.0126406861 38.5297508961, -84.0125636329 38.5298008504, -84.0121606483 38.5299869256, -84.0120335069 38.5300702021)"
"District 06","Robertson","06-80312.00","US","62","US-62","DESIGN ENGINEERING(O)","10.45","10.55","IMPROVE THE INTERSECTION OF US 62 AND KY 165 IN MOUNT OLIVET. (2024CCN)","","2024","2026","U","SPP","1040000","2030","","","","101-US-0062-000","LINESTRING (-84.0383094233 38.5319798141, -84.0381587412 38.5319517985, -84.0377449292 38.5318703099, -84.0375686901 38.5318414056, -84.0371977155 38.5317671241, -84.0371549044 38.5318186872, -84.0368007453 38.5322419188)"
"District 06","Robertson","06-80312.00","US","62","US-62","DESIGN ENGINEERING(O)","10.45","10.55","IMPROVE THE INTERSECTION OF US 62 AND KY 165 IN MOUNT OLIVET. (2024CCN)","","2024","2026","C","SPP","2800000","2031","","","","101-US-0062-000","LINESTRING (-84.0383094233 38.5319798141, -84.0381587412 38.5319517985, -84.0377449292 38.5318703099, -84.0375686901 38.5318414056, -84.0371977155 38.5317671241, -84.0371549044 38.5318186872, -84.0368007453 38.5322419188)"
"District 06","Robertson","06-80312.00","US","62","US-62","DESIGN ENGINEERING(O)","10.45","10.55","IMPROVE THE INTERSECTION OF US 62 AND KY 165 IN MOUNT OLIVET. (2024CCN)","","2024","2026","R","SPP","2100000","2030","","","","101-US-0062-000","LINESTRING (-84.0383094233 38.5319798141, -84.0381587412 38.5319517985, -84.0377449292 38.5318703099, -84.0375686901 38.5318414056, -84.0371977155 38.5317671241, -84.0371549044 38.5318186872, -84.0368007453 38.5322419188)"
"District 06","Robertson","06-80312.00","US","62","US-62","DESIGN ENGINEERING(O)","10.45","10.55","IMPROVE THE INTERSECTION OF US 62 AND KY 165 IN MOUNT OLIVET. (2024CCN)","","2024","2026","D","SPP","390000","2027","","","","101-US-0062-000","LINESTRING (-84.0383094233 38.5319798141, -84.0381587412 38.5319517985, -84.0377449292 38.5318703099, -84.0375686901 38.5318414056, -84.0371977155 38.5317671241, -84.0371549044 38.5318186872, -84.0368007453 38.5322419188)"
