"DISTRICT","COUNTY","SYP_NO","ROUTE_PREFIX","ROUTE_NO","ROUTE","TYPE_WORK","BMP","EMP","DESCRIPTION","BRIDGE_ID","ENACT_INITIAL_YEAR","ENACT_YEAR","ENACT_PHASE","FUND_CODE","RSY_FUND","RSY_YEAR","LATEST_LETTING_DATE","AWARDED","NUMBER_OF_LETTINGS"
"District 05","Various","05-08953.00","","","","SPOT IMPROVEMENTS(O)","","","IMPROVE THE HURSTBOURNE PARKWAY (KY 1747) AT SHELBYVILLE ROAD (US 60) INTERSECTION TO INCREASE CAPACITY, REDUCE DELAYS, AND IMPROVE SAFETY. (16CCN) (2026CCN)","","2016","2026","C","SPP","2600000","2030","","",""
"District 05","Various","05-08953.00","","","","SPOT IMPROVEMENTS(O)","","","IMPROVE THE HURSTBOURNE PARKWAY (KY 1747) AT SHELBYVILLE ROAD (US 60) INTERSECTION TO INCREASE CAPACITY, REDUCE DELAYS, AND IMPROVE SAFETY. (16CCN) (2026CCN)","","2016","2026","U","SPP","1040000","2029","","",""
"District 05","Various","05-08953.00","","","","SPOT IMPROVEMENTS(O)","","","IMPROVE THE HURSTBOURNE PARKWAY (KY 1747) AT SHELBYVILLE ROAD (US 60) INTERSECTION TO INCREASE CAPACITY, REDUCE DELAYS, AND IMPROVE SAFETY. (16CCN) (2026CCN)","","2016","2026","D","SPP","350000","2026","","",""
"District 05","Various","05-08953.00","","","","SPOT IMPROVEMENTS(O)","","","IMPROVE THE HURSTBOURNE PARKWAY (KY 1747) AT SHELBYVILLE ROAD (US 60) INTERSECTION TO INCREASE CAPACITY, REDUCE DELAYS, AND IMPROVE SAFETY. (16CCN) (2026CCN)","","2016","2026","R","SPP","750000","2029","","",""
"District 05","Anderson","05-00806.00","KY","151","KY-151","RECONSTRUCTION(O)","0.0","4.587","IMPROVE KY 151 FROM US 127 AT LAWRENCEBURG TO I-64 IN FRANKLIN COUNTY. (2020CCN) (2024CCR)","","2016","2026","D","SPP","0","2023","","",""
"District 05","Anderson","05-00806.00","KY","151","KY-151","RECONSTRUCTION(O)","0.0","4.587","IMPROVE KY 151 FROM US 127 AT LAWRENCEBURG TO I-64 IN FRANKLIN COUNTY. (2020CCN) (2024CCR)","","2016","2026","P","SPP","0","2017","","",""
"District 05","Anderson","05-00806.00","KY","151","KY-151","RECONSTRUCTION(O)","0.0","4.587","IMPROVE KY 151 FROM US 127 AT LAWRENCEBURG TO I-64 IN FRANKLIN COUNTY. (2020CCN) (2024CCR)","","2016","2026","C","SPP","1800000","2030","","",""
"District 05","Anderson","05-00806.00","KY","151","KY-151","RECONSTRUCTION(O)","0.0","4.587","IMPROVE KY 151 FROM US 127 AT LAWRENCEBURG TO I-64 IN FRANKLIN COUNTY. (2020CCN) (2024CCR)","","2016","2026","R","SPP","0","2024","","",""
"District 05","Anderson","05-00806.00","KY","151","KY-151","RECONSTRUCTION(O)","0.0","4.587","IMPROVE KY 151 FROM US 127 AT LAWRENCEBURG TO I-64 IN FRANKLIN COUNTY. (2020CCN) (2024CCR)","","2016","2026","U","SPP","420000","2029","","",""
"District 05","Bullitt","05-00043.00","KY","44","KY-44","RECONSTRUCTION(O)","25.27","26.286","RECONSTRUCT KY 44 FROM KY 1319 KINGS CHURCH HIGHWAY TO SPENCER COUNTY LINE (2020CCN) (2024CCR)","","2020","2026","U","SPP","890000","2031","","",""
"District 05","Bullitt","05-00043.00","KY","44","KY-44","RECONSTRUCTION(O)","25.27","26.286","RECONSTRUCT KY 44 FROM KY 1319 KINGS CHURCH HIGHWAY TO SPENCER COUNTY LINE (2020CCN) (2024CCR)","","2020","2026","C","SPP","5570000","2032","","",""
"District 05","Bullitt","05-00043.00","KY","44","KY-44","RECONSTRUCTION(O)","25.27","26.286","RECONSTRUCT KY 44 FROM KY 1319 KINGS CHURCH HIGHWAY TO SPENCER COUNTY LINE (2020CCN) (2024CCR)","","2020","2026","D","SPP","1250000","2029","","",""
"District 05","Bullitt","05-00043.00","KY","44","KY-44","RECONSTRUCTION(O)","25.27","26.286","RECONSTRUCT KY 44 FROM KY 1319 KINGS CHURCH HIGHWAY TO SPENCER COUNTY LINE (2020CCN) (2024CCR)","","2020","2026","P","STP2","0","2029","","",""
"District 05","Bullitt","05-00043.00","KY","44","KY-44","RECONSTRUCTION(O)","25.27","26.286","RECONSTRUCT KY 44 FROM KY 1319 KINGS CHURCH HIGHWAY TO SPENCER COUNTY LINE (2020CCN) (2024CCR)","","2020","2026","R","SPP","1050000","2030","","",""
"District 05","Bullitt","05-00150.02","KY","44","KY-44","AIR QUALITY(P)","13.1","15.1","RECONSTRUCT KY 44 FROM I 65 TO CHIMNEY ROCK DRIVE (MILEPOINT 13.1 TO MILEPOINT 15.1). (2022CCN)","","2022","2026","U","SPP","11360000","2031","","",""
"District 05","Bullitt","05-00150.02","KY","44","KY-44","AIR QUALITY(P)","13.1","15.1","RECONSTRUCT KY 44 FROM I 65 TO CHIMNEY ROCK DRIVE (MILEPOINT 13.1 TO MILEPOINT 15.1). (2022CCN)","","2022","2026","C","SPP","22540000","2032","","",""
"District 05","Bullitt","05-00150.02","KY","44","KY-44","AIR QUALITY(P)","13.1","15.1","RECONSTRUCT KY 44 FROM I 65 TO CHIMNEY ROCK DRIVE (MILEPOINT 13.1 TO MILEPOINT 15.1). (2022CCN)","","2022","2026","R","SPP","9170000","2030","","",""
"District 05","Bullitt","05-00150.02","KY","44","KY-44","AIR QUALITY(P)","13.1","15.1","RECONSTRUCT KY 44 FROM I 65 TO CHIMNEY ROCK DRIVE (MILEPOINT 13.1 TO MILEPOINT 15.1). (2022CCN)","","2022","2026","D","SPP","2420000","2027","","",""
"District 05","Bullitt","05-00150.40","KY","44","KY-44","SPOT IMPROVEMENTS(O)","21.0","22.8","SECTION 4 - FROM ARMSTRONG LANE TO US 31EX (2026CCN)","","2026","2026","C","SPP","15290000","2032","","",""
"District 05","Bullitt","05-00150.40","KY","44","KY-44","SPOT IMPROVEMENTS(O)","21.0","22.8","SECTION 4 - FROM ARMSTRONG LANE TO US 31EX (2026CCN)","","2026","2026","U","SPP","8160000","2030","","",""
"District 05","Bullitt","05-00150.40","KY","44","KY-44","SPOT IMPROVEMENTS(O)","21.0","22.8","SECTION 4 - FROM ARMSTRONG LANE TO US 31EX (2026CCN)","","2026","2026","R","SPP","12280000","2030","","",""
"District 05","Bullitt","05-00150.40","KY","44","KY-44","SPOT IMPROVEMENTS(O)","21.0","22.8","SECTION 4 - FROM ARMSTRONG LANE TO US 31EX (2026CCN)","","2026","2026","D","SPP","1140000","2029","","",""
"District 05","Bullitt","05-00150.50","KY","44","KY-44","AIR QUALITY(P)","22.8","23.25","SECTION 5 FROM CS 3316/CS 3628 TO US 31E BYPASS (2008BOPC) (2022CCN) (2024CCR)","","2018","2026","R","SPP","1720000","2027","","",""
"District 05","Bullitt","05-00150.50","KY","44","KY-44","AIR QUALITY(P)","22.8","23.25","SECTION 5 FROM CS 3316/CS 3628 TO US 31E BYPASS (2008BOPC) (2022CCN) (2024CCR)","","2018","2026","U","SPP","610000","2028","","",""
"District 05","Bullitt","05-00150.50","KY","44","KY-44","AIR QUALITY(P)","22.8","23.25","SECTION 5 FROM CS 3316/CS 3628 TO US 31E BYPASS (2008BOPC) (2022CCN) (2024CCR)","","2018","2026","D","SPP","0","2019","","",""
"District 05","Bullitt","05-00150.50","KY","44","KY-44","AIR QUALITY(P)","22.8","23.25","SECTION 5 FROM CS 3316/CS 3628 TO US 31E BYPASS (2008BOPC) (2022CCN) (2024CCR)","","2018","2026","C","SPP","3140000","2029","","",""
"District 05","Bullitt","05-00347.50","KY","44","KY-44","RECONSTRUCTION(O)","23.14","25.44","MT. WASHINGTON-TAYLORSVILLE RD; RECONSTRUCT KY 44 FROM US31E BYPASS TO KY 1319 KINGS CHURCH HIGHWAY (2020CCN) (2022CCR) (2024CCR)","","1998","2026","D","SPP","0","2027","","",""
"District 05","Bullitt","05-00347.50","KY","44","KY-44","RECONSTRUCTION(O)","23.14","25.44","MT. WASHINGTON-TAYLORSVILLE RD; RECONSTRUCT KY 44 FROM US31E BYPASS TO KY 1319 KINGS CHURCH HIGHWAY (2020CCN) (2022CCR) (2024CCR)","","1998","2026","U","SPP","1770000","2029","","",""
"District 05","Bullitt","05-00347.50","KY","44","KY-44","RECONSTRUCTION(O)","23.14","25.44","MT. WASHINGTON-TAYLORSVILLE RD; RECONSTRUCT KY 44 FROM US31E BYPASS TO KY 1319 KINGS CHURCH HIGHWAY (2020CCN) (2022CCR) (2024CCR)","","1998","2026","C","SPP","13730000","2030","","",""
"District 05","Bullitt","05-00347.50","KY","44","KY-44","RECONSTRUCTION(O)","23.14","25.44","MT. WASHINGTON-TAYLORSVILLE RD; RECONSTRUCT KY 44 FROM US31E BYPASS TO KY 1319 KINGS CHURCH HIGHWAY (2020CCN) (2022CCR) (2024CCR)","","1998","2026","R","SPP","4500000","2027","","",""
"District 05","Bullitt","05-00578.00","I","65","I-65","REST AREA REHAB(P)","112.9","113.7","EXPAND TRUCK PARKING AT I-65 SB WELCOME CENTER.","","2022","2026","C","NH","1160000","2027","","",""
"District 05","Bullitt","05-04309.00","KY","1319","KY-1319","SAF-GUARDRAIL(P)","2.11","2.24","INSTALL GUARDRAIL ON KY-1319   IN BULLITT COUNTY","","2020","2026","C","GR","30000","2026","","",""
"District 05","Bullitt","05-10143.00","KY","2674","KY-2674","AM-BRIDGE (P)","0.027","0.051","ADDRESS DEFICIENCIES OF BRIDGE ON KY 2674 OVER WHITTAKER RUN (015B00083N)","015B00083N","2026","2026","D","BRZ","440483","2028","","",""
"District 05","Bullitt","05-10143.00","KY","2674","KY-2674","AM-BRIDGE (P)","0.027","0.051","ADDRESS DEFICIENCIES OF BRIDGE ON KY 2674 OVER WHITTAKER RUN (015B00083N)","015B00083N","2026","2026","C","BRZ","2936554","2028","","",""
"District 05","Bullitt","05-20036.00","KY","480","KY-480","AM-PAVEMENT (PRI)(P)","0.0","5.14","ADDRESS CONDITION OF KY-480 FROM MILEPOINT 0 TO MILEPOINT 5.14 (2024CCR)","","2018","2026","C","NHPM","1060000","2029","","",""
"District 05","Bullitt","05-22067.00","I","65","I-65","AM-PAVEMENT (INT)(P)","110.7","118.58","ADDRESS CONDITION OF I-065 FROM MILEPOINT 110.7 TO MILEPOINT 118.58 (2026CCR)","","2022","2026","C","NHPM","72000000","2026","","",""
"District 05","Bullitt","05-22067.00","I","65","I-65","AM-PAVEMENT (INT)(P)","110.7","118.58","ADDRESS CONDITION OF I-065 FROM MILEPOINT 110.7 TO MILEPOINT 118.58 (2026CCR)","","2022","2026","D","NHPM","7200000","2026","","",""
"District 05","Bullitt","05-22068.00","I","65","I-65","AM-PAVEMENT (INT)(P)","118.58","123.18","ADDRESS CONDITION OF I-065 FROM MILEPOINT 118.58 TO MILEPOINT 123.18","","2022","2026","C","NHPM","50000000","2030","","",""
"District 05","Bullitt","05-22068.00","I","65","I-65","AM-PAVEMENT (INT)(P)","118.58","123.18","ADDRESS CONDITION OF I-065 FROM MILEPOINT 118.58 TO MILEPOINT 123.18","","2022","2026","D","NHPM","5000000","2030","","",""
"District 05","Bullitt","05-80101.00","KY","1450","KY-1450","SAFETY","1.902","2.55","IMPROVE SAFETY AND REDUCE CONGESTION ON KY 1450 (BLUE LICK RD.) BETWEEN THE INTERSECTIONS WITH KY 1526 (JOHN HARPER HIGHWAY) AND CR 1512A (JEFFIE LANE) (2020CCN) (2022CCR) (2024CCR)","","2020","2026","U","SPP","5750000","2029","","",""
"District 05","Bullitt","05-80101.00","KY","1450","KY-1450","SAFETY","1.902","2.55","IMPROVE SAFETY AND REDUCE CONGESTION ON KY 1450 (BLUE LICK RD.) BETWEEN THE INTERSECTIONS WITH KY 1526 (JOHN HARPER HIGHWAY) AND CR 1512A (JEFFIE LANE) (2020CCN) (2022CCR) (2024CCR)","","2020","2026","D","SPP","0","2025","","",""
"District 05","Bullitt","05-80101.00","KY","1450","KY-1450","SAFETY","1.902","2.55","IMPROVE SAFETY AND REDUCE CONGESTION ON KY 1450 (BLUE LICK RD.) BETWEEN THE INTERSECTIONS WITH KY 1526 (JOHN HARPER HIGHWAY) AND CR 1512A (JEFFIE LANE) (2020CCN) (2022CCR) (2024CCR)","","2020","2026","C","SPP","6550000","2031","","",""
"District 05","Bullitt","05-80101.00","KY","1450","KY-1450","SAFETY","1.902","2.55","IMPROVE SAFETY AND REDUCE CONGESTION ON KY 1450 (BLUE LICK RD.) BETWEEN THE INTERSECTIONS WITH KY 1526 (JOHN HARPER HIGHWAY) AND CR 1512A (JEFFIE LANE) (2020CCN) (2022CCR) (2024CCR)","","2020","2026","R","SPP","1800000","2027","","",""
"District 05","Bullitt","05-80103.00","KY","44","KY-44","RECONSTRUCTION(O)","18.527","20.997","RECONSTRUCT KY 44 FROM BOGARD LANE TO ARMSTRONG LANE (2020CCN) (2022CCR)","","2020","2026","U","SPP","7660000","2030","","",""
"District 05","Bullitt","05-80103.00","KY","44","KY-44","RECONSTRUCTION(O)","18.527","20.997","RECONSTRUCT KY 44 FROM BOGARD LANE TO ARMSTRONG LANE (2020CCN) (2022CCR)","","2020","2026","C","SPP","16940000","2031","","",""
"District 05","Bullitt","05-80103.00","KY","44","KY-44","RECONSTRUCTION(O)","18.527","20.997","RECONSTRUCT KY 44 FROM BOGARD LANE TO ARMSTRONG LANE (2020CCN) (2022CCR)","","2020","2026","D","SPP","2670000","2027","","",""
"District 05","Bullitt","05-80103.00","KY","44","KY-44","RECONSTRUCTION(O)","18.527","20.997","RECONSTRUCT KY 44 FROM BOGARD LANE TO ARMSTRONG LANE (2020CCN) (2022CCR)","","2020","2026","R","SPP","5640000","2030","","",""
"District 05","Bullitt","05-80338.00","KY","44","KY-44","AM-BRIDGE (P)","9.2","10.3","RAISE THE ROADWAY BY 4 FEET, WIDEN IT FROM 2 TO 3 LANES (ADDING A TWO-WAY LEFT TURN), AND REPLACING BRIDGE ID #015B00020N (2026CCR)","015B00020N","2024","2026","D","FBP","410093","2031","","",""
"District 05","Bullitt","05-80338.00","KY","44","KY-44","AM-BRIDGE (P)","9.2","10.3","RAISE THE ROADWAY BY 4 FEET, WIDEN IT FROM 2 TO 3 LANES (ADDING A TWO-WAY LEFT TURN), AND REPLACING BRIDGE ID #015B00020N (2026CCR)","015B00020N","2024","2026","U","SPP","776000","2027","","",""
"District 05","Bullitt","05-80338.00","KY","44","KY-44","AM-BRIDGE (P)","9.2","10.3","RAISE THE ROADWAY BY 4 FEET, WIDEN IT FROM 2 TO 3 LANES (ADDING A TWO-WAY LEFT TURN), AND REPLACING BRIDGE ID #015B00020N (2026CCR)","015B00020N","2024","2026","R","SPP","2406000","2027","","",""
"District 05","Bullitt","05-80338.00","KY","44","KY-44","AM-BRIDGE (P)","9.2","10.3","RAISE THE ROADWAY BY 4 FEET, WIDEN IT FROM 2 TO 3 LANES (ADDING A TWO-WAY LEFT TURN), AND REPLACING BRIDGE ID #015B00020N (2026CCR)","015B00020N","2024","2026","C","FBP","2733952","2031","","",""
"District 05","Bullitt","05-80339.00","KY","1526","KY-1526","CONGESTION MITIGTN(O)","11.4","12.9","REDUCE CONGESTION, IMPROVE SAFETY, AND ENHANCE MOBILITY ON JOHN HARPER HWY (KY 1526) FROM I-65 (MP 11.4) TO KY 61 (MP 12.9) (2024CCN)","","2024","2026","P","SPP","260000","2029","","",""
"District 05","Bullitt","05-80354.00","US","31","US-31","SAFETY(P)","0.0","0.236","Improve traffic operations and improve safety along US 31E (Louisville-Bardstown Rd) from the Bullitt/Nelson County Line to KY 44. Consider a 2+1 configuration and/or innovative intersections (MP 0.0 - 3.53 Bullitt; MP 0.0 - 1.882 Spencer). (2024CCN)","","2024","2026","U","STPF","860000","2031","","",""
"District 05","Bullitt","05-80354.00","US","31","US-31","SAFETY(P)","0.0","0.236","Improve traffic operations and improve safety along US 31E (Louisville-Bardstown Rd) from the Bullitt/Nelson County Line to KY 44. Consider a 2+1 configuration and/or innovative intersections (MP 0.0 - 3.53 Bullitt; MP 0.0 - 1.882 Spencer). (2024CCN)","","2024","2026","R","STPF","880000","2030","","",""
"District 05","Bullitt","05-80354.00","US","31","US-31","SAFETY(P)","0.0","0.236","Improve traffic operations and improve safety along US 31E (Louisville-Bardstown Rd) from the Bullitt/Nelson County Line to KY 44. Consider a 2+1 configuration and/or innovative intersections (MP 0.0 - 3.53 Bullitt; MP 0.0 - 1.882 Spencer). (2024CCN)","","2024","2026","D","STPF","1670000","2027","","",""
"District 05","Bullitt","05-80354.00","US","31","US-31","SAFETY(P)","0.0","0.236","Improve traffic operations and improve safety along US 31E (Louisville-Bardstown Rd) from the Bullitt/Nelson County Line to KY 44. Consider a 2+1 configuration and/or innovative intersections (MP 0.0 - 3.53 Bullitt; MP 0.0 - 1.882 Spencer). (2024CCN)","","2024","2026","C","STPF","15150000","2032","","",""
"District 05","Bullitt","05-80412.00","KY","44","KY-44","SAFETY(P)","12.1","13.1","Improve safety and reduce congestion on KY 44 between the I-65 interchange and the KY 61 intersection. Consider access management. (2026CCN)","","2026","2026","R","SPP","125000","2027","","",""
"District 05","Bullitt","05-80412.00","KY","44","KY-44","SAFETY(P)","12.1","13.1","Improve safety and reduce congestion on KY 44 between the I-65 interchange and the KY 61 intersection. Consider access management. (2026CCN)","","2026","2026","U","SPP","800000","2029","","",""
"District 05","Bullitt","05-80412.00","KY","44","KY-44","SAFETY(P)","12.1","13.1","Improve safety and reduce congestion on KY 44 between the I-65 interchange and the KY 61 intersection. Consider access management. (2026CCN)","","2026","2026","C","SPP","1300000","2030","","",""
"District 05","Bullitt","05-80412.00","KY","44","KY-44","SAFETY(P)","12.1","13.1","Improve safety and reduce congestion on KY 44 between the I-65 interchange and the KY 61 intersection. Consider access management. (2026CCN)","","2026","2026","D","SPP","130000","2026","","",""
"District 05","Bullitt","05-80419.00","KY","1450","KY-1450","SAFETY(P)","1.8","2.0","Improve safety and reduce congestion at the intersection of KY 1450 and KY 1526 east of the I-65/KY 1526 interchange. (2026CCN)","","2026","2026","U","SPP","300000","2030","","",""
"District 05","Bullitt","05-80419.00","KY","1450","KY-1450","SAFETY(P)","1.8","2.0","Improve safety and reduce congestion at the intersection of KY 1450 and KY 1526 east of the I-65/KY 1526 interchange. (2026CCN)","","2026","2026","R","SPP","400000","2030","","",""
"District 05","Bullitt","05-80419.00","KY","1450","KY-1450","SAFETY(P)","1.8","2.0","Improve safety and reduce congestion at the intersection of KY 1450 and KY 1526 east of the I-65/KY 1526 interchange. (2026CCN)","","2026","2026","D","SPP","1000000","2029","","",""
"District 05","Bullitt","05-80419.00","KY","1450","KY-1450","SAFETY(P)","1.8","2.0","Improve safety and reduce congestion at the intersection of KY 1450 and KY 1526 east of the I-65/KY 1526 interchange. (2026CCN)","","2026","2026","C","SPP","5000000","2031","","",""
"District 05","Bullitt","05-80429.00","KY","61","KY-61","CONGESTION MITIGTN(O)","9.42","14.5","Improve safety and reduce congestion on KY 61 from KY 44 in Shepherdville to KY 245. Project will evaluate widening from 2 to 4 travel lanes and consider other lower impact alternatives. (MP 9.42-14.5) (2026CCN)","","2026","2026","R","SPP","2130000","2031","","",""
"District 05","Bullitt","05-80429.00","KY","61","KY-61","CONGESTION MITIGTN(O)","9.42","14.5","Improve safety and reduce congestion on KY 61 from KY 44 in Shepherdville to KY 245. Project will evaluate widening from 2 to 4 travel lanes and consider other lower impact alternatives. (MP 9.42-14.5) (2026CCN)","","2026","2026","P","SPP","250000","2026","","",""
"District 05","Bullitt","05-80429.00","KY","61","KY-61","CONGESTION MITIGTN(O)","9.42","14.5","Improve safety and reduce congestion on KY 61 from KY 44 in Shepherdville to KY 245. Project will evaluate widening from 2 to 4 travel lanes and consider other lower impact alternatives. (MP 9.42-14.5) (2026CCN)","","2026","2026","U","SPP","3270000","2032","","",""
"District 05","Bullitt","05-80429.00","KY","61","KY-61","CONGESTION MITIGTN(O)","9.42","14.5","Improve safety and reduce congestion on KY 61 from KY 44 in Shepherdville to KY 245. Project will evaluate widening from 2 to 4 travel lanes and consider other lower impact alternatives. (MP 9.42-14.5) (2026CCN)","","2026","2026","C","SPP","25605000","2032","","",""
"District 05","Bullitt","05-80429.00","KY","61","KY-61","CONGESTION MITIGTN(O)","9.42","14.5","Improve safety and reduce congestion on KY 61 from KY 44 in Shepherdville to KY 245. Project will evaluate widening from 2 to 4 travel lanes and consider other lower impact alternatives. (MP 9.42-14.5) (2026CCN)","","2026","2026","D","SPP","5670000","2030","","",""
"District 05","Bullitt","05-80430.00","KY","61","KY-61","PLANNING-OKI(O)","0.0","9.42","Improve safety, improve traffic operations, and enhance mobility on KY 61 from the Bullitt/Nelson County Line to KY 245. (MP 0 - 9.42) (2026CCN)","","2026","2026","P","SPP","400000","2026","","",""
"District 05","Franklin","05-00551.00","I","64","I-64","RECONSTRUCTION","53.11","57.86","IMPROVE SAFETY, TRUCK MOBILITY, AND REDUCE CONGESTION ALONG I-64 FROM DIRECTLY EAST OF US-127 TO US-60 SOUTH OF FRANKFORT. (2024CCR) (2026CCR)","","2018","2026","D","NH","1500000","2029","","",""
"District 05","Franklin","05-00551.00","I","64","I-64","RECONSTRUCTION","53.11","57.86","IMPROVE SAFETY, TRUCK MOBILITY, AND REDUCE CONGESTION ALONG I-64 FROM DIRECTLY EAST OF US-127 TO US-60 SOUTH OF FRANKFORT. (2024CCR) (2026CCR)","","2018","2026","R","NH","750000","2029","","",""
"District 05","Franklin","05-00551.00","I","64","I-64","RECONSTRUCTION","53.11","57.86","IMPROVE SAFETY, TRUCK MOBILITY, AND REDUCE CONGESTION ALONG I-64 FROM DIRECTLY EAST OF US-127 TO US-60 SOUTH OF FRANKFORT. (2024CCR) (2026CCR)","","2018","2026","U","NH","300000","2030","","",""
"District 05","Franklin","05-00551.00","I","64","I-64","RECONSTRUCTION","53.11","57.86","IMPROVE SAFETY, TRUCK MOBILITY, AND REDUCE CONGESTION ALONG I-64 FROM DIRECTLY EAST OF US-127 TO US-60 SOUTH OF FRANKFORT. (2024CCR) (2026CCR)","","2018","2026","C","NH","80000000","2030","","",""
"District 05","Franklin","05-02035.40","I","64","I-64","RECONSTRUCTION","46.303","47.7","WIDEN I-64 TO 6 LANES FROM KY-395 TO KY-151.","","2006","2026","C","NH","48400000","2030","","",""
"District 05","Franklin","05-02035.40","I","64","I-64","RECONSTRUCTION","46.303","47.7","WIDEN I-64 TO 6 LANES FROM KY-395 TO KY-151.","","2006","2026","U","NH","270000","2029","","",""
"District 05","Franklin","05-02035.40","I","64","I-64","RECONSTRUCTION","46.303","47.7","WIDEN I-64 TO 6 LANES FROM KY-395 TO KY-151.","","2006","2026","R","NH","280000","2029","","",""
"District 05","Franklin","05-02035.40","I","64","I-64","RECONSTRUCTION","46.303","47.7","WIDEN I-64 TO 6 LANES FROM KY-395 TO KY-151.","","2006","2026","D","NH","0","2023","","",""
"District 05","Franklin","05-02035.70","I","64","I-64","MAJOR WIDENING(O)","47.0","53.75","WIDEN I-64 TO 6 LANES FROM KY-151 TO WEST OF THE KY-420 BRIDGE. (2004BOPC)(DESIGN FUNDED UNDER 5-2035.40)(16CCN)(SEE ITEM NO. 5-2035.80 FOR BRIDGES) (2024CCN)","","2006","2026","U","NH","150000","2029","","",""
"District 05","Franklin","05-02035.70","I","64","I-64","MAJOR WIDENING(O)","47.0","53.75","WIDEN I-64 TO 6 LANES FROM KY-151 TO WEST OF THE KY-420 BRIDGE. (2004BOPC)(DESIGN FUNDED UNDER 5-2035.40)(16CCN)(SEE ITEM NO. 5-2035.80 FOR BRIDGES) (2024CCN)","","2006","2026","R","NH","150000","2029","","",""
"District 05","Franklin","05-02035.70","I","64","I-64","MAJOR WIDENING(O)","47.0","53.75","WIDEN I-64 TO 6 LANES FROM KY-151 TO WEST OF THE KY-420 BRIDGE. (2004BOPC)(DESIGN FUNDED UNDER 5-2035.40)(16CCN)(SEE ITEM NO. 5-2035.80 FOR BRIDGES) (2024CCN)","","2006","2026","C","NH","65000000","2030","","",""
"District 05","Franklin","05-10040.00","US","60","US-60","AM-BRIDGE (P)","12.194","12.234","BRIDGE PROJECT IN FRANKLIN COUNTY ON (037B00008N) US 60 AT RJ CORMAN RAILROAD","037B00008N","2022","2026","C","FBP","6360000","2028","","",""
"District 05","Franklin","05-10040.00","US","60","US-60","AM-BRIDGE (P)","12.194","12.234","BRIDGE PROJECT IN FRANKLIN COUNTY ON (037B00008N) US 60 AT RJ CORMAN RAILROAD","037B00008N","2022","2026","D","BRO","2465331","2032","","",""
"District 05","Franklin","05-10045.00","KY","676","KY-676","AM-BRIDGE (P)","1.509","1.669","BRIDGE PROJECT IN FRANKLIN COUNTY ON (037B00074N) KY 676 (E-W CONN) AT KENTUCKY RIVER & KY 1263","037B00074N","2022","2026","D","FBP","0","2026","","",""
"District 05","Franklin","05-10045.00","KY","676","KY-676","AM-BRIDGE (P)","1.509","1.669","BRIDGE PROJECT IN FRANKLIN COUNTY ON (037B00074N) KY 676 (E-W CONN) AT KENTUCKY RIVER & KY 1263","037B00074N","2022","2026","R","FBP","70000","2027","","",""
"District 05","Franklin","05-10045.00","KY","676","KY-676","AM-BRIDGE (P)","1.509","1.669","BRIDGE PROJECT IN FRANKLIN COUNTY ON (037B00074N) KY 676 (E-W CONN) AT KENTUCKY RIVER & KY 1263","037B00074N","2022","2026","U","FBP","90000","2027","","",""
"District 05","Franklin","05-10045.00","KY","676","KY-676","AM-BRIDGE (P)","1.509","1.669","BRIDGE PROJECT IN FRANKLIN COUNTY ON (037B00074N) KY 676 (E-W CONN) AT KENTUCKY RIVER & KY 1263","037B00074N","2022","2026","C","BRO","75660000","2028","","",""
"District 05","Franklin","05-10139.00","US","60","US-60","AM-BRIDGE (P)","0.0","0.077","ADDRESS DEFICIENCIES OF ""SINGING"" BRIDGE ON US 60X OVER KENTUCKY RIVER (037B00065N) (2026CCR)","037B00065N","2026","2026","U","STP1","3120000","2027","","",""
"District 05","Franklin","05-10139.00","US","60","US-60","AM-BRIDGE (P)","0.0","0.077","ADDRESS DEFICIENCIES OF ""SINGING"" BRIDGE ON US 60X OVER KENTUCKY RIVER (037B00065N) (2026CCR)","037B00065N","2026","2026","D","SPP","0","2025","","",""
"District 05","Franklin","05-10139.00","US","60","US-60","AM-BRIDGE (P)","0.0","0.077","ADDRESS DEFICIENCIES OF ""SINGING"" BRIDGE ON US 60X OVER KENTUCKY RIVER (037B00065N) (2026CCR)","037B00065N","2026","2026","R","STP1","1050000","2026","","",""
"District 05","Franklin","05-10139.00","US","60","US-60","AM-BRIDGE (P)","0.0","0.077","ADDRESS DEFICIENCIES OF ""SINGING"" BRIDGE ON US 60X OVER KENTUCKY RIVER (037B00065N) (2026CCR)","037B00065N","2026","2026","C","BRZ","37000000","2028","","",""
"District 05","Franklin","05-22030.00","I","64","I-64","AM-PAVEMENT (INT)(P)","46.303","53.118","ADDRESS CONDITION OF I-064 FROM MILEPOINT 46.303 TO MILEPOINT 53.118","","2022","2026","D","NHPM","1330000","2030","","",""
"District 05","Franklin","05-22030.00","I","64","I-64","AM-PAVEMENT (INT)(P)","46.303","53.118","ADDRESS CONDITION OF I-064 FROM MILEPOINT 46.303 TO MILEPOINT 53.118","","2022","2026","C","NHPM","13270000","2030","","",""
"District 05","Franklin","05-22032.00","I","64","I-64","AM-PAVEMENT (INT)(P)","57.811","59.431","ADDRESS CONDITION OF I-064 FROM MILEPOINT 57.811 TO MILEPOINT 59.431","","2022","2026","C","NHPM","9700000","2027","","",""
"District 05","Franklin","05-22032.00","I","64","I-64","AM-PAVEMENT (INT)(P)","57.811","59.431","ADDRESS CONDITION OF I-064 FROM MILEPOINT 57.811 TO MILEPOINT 59.431","","2022","2026","D","NHPM","970000","2027","","",""
"District 05","Franklin","05-80105.00","US","60","US-60","CONGESTION MITIGTN(O)","0.0","0.285","ADD A TURN LANE AT THE INTERSECTION OF KY 676 AND US 60 (2020CCN) (2024CCR)","","2020","2026","D","SPP","190000","2029","","",""
"District 05","Franklin","05-80105.00","US","60","US-60","CONGESTION MITIGTN(O)","0.0","0.285","ADD A TURN LANE AT THE INTERSECTION OF KY 676 AND US 60 (2020CCN) (2024CCR)","","2020","2026","R","SPP","180000","2030","","",""
"District 05","Franklin","05-80105.00","US","60","US-60","CONGESTION MITIGTN(O)","0.0","0.285","ADD A TURN LANE AT THE INTERSECTION OF KY 676 AND US 60 (2020CCN) (2024CCR)","","2020","2026","U","SPP","120000","2031","","",""
"District 05","Franklin","05-80105.00","US","60","US-60","CONGESTION MITIGTN(O)","0.0","0.285","ADD A TURN LANE AT THE INTERSECTION OF KY 676 AND US 60 (2020CCN) (2024CCR)","","2020","2026","C","SPP","1860000","2032","","",""
"District 05","Franklin","05-80201.00","US","127","US-127","CONGESTION MITIGTN(O)","4.42","6.1","Improve safety and reduce congestion on US 127 in Frankfort from I-64 to US 60 (2022CCN) (2024CCR)","","2022","2026","D","NH","2080000","2029","","",""
"District 05","Franklin","05-80201.00","US","127","US-127","CONGESTION MITIGTN(O)","4.42","6.1","Improve safety and reduce congestion on US 127 in Frankfort from I-64 to US 60 (2022CCN) (2024CCR)","","2022","2026","P","NH","0","2024","","",""
"District 05","Franklin","05-80201.00","US","127","US-127","CONGESTION MITIGTN(O)","4.42","6.1","Improve safety and reduce congestion on US 127 in Frankfort from I-64 to US 60 (2022CCN) (2024CCR)","","2022","2026","C","SPP","13100000","2031","","",""
"District 05","Franklin","05-80201.00","US","127","US-127","CONGESTION MITIGTN(O)","4.42","6.1","Improve safety and reduce congestion on US 127 in Frankfort from I-64 to US 60 (2022CCN) (2024CCR)","","2022","2026","R","SPP","5780000","2029","","",""
"District 05","Franklin","05-80201.00","US","127","US-127","CONGESTION MITIGTN(O)","4.42","6.1","Improve safety and reduce congestion on US 127 in Frankfort from I-64 to US 60 (2022CCN) (2024CCR)","","2022","2026","U","SPP","3400000","2029","","",""
"District 05","Franklin","05-80301.00","US","60","US-60","SAFETY(P)","10.667","13.308","IMPROVE SAFETY AND TRAFFIC FLOW ON US 60 (VERSAILLES ROAD) FROM US 460 TO I-64 IN FRANKFORT. (2024CCN)","","2024","2026","D","NH","730000","2027","","",""
"District 05","Franklin","05-80301.00","US","60","US-60","SAFETY(P)","10.667","13.308","IMPROVE SAFETY AND TRAFFIC FLOW ON US 60 (VERSAILLES ROAD) FROM US 460 TO I-64 IN FRANKFORT. (2024CCN)","","2024","2026","U","NH","660000","2030","","",""
"District 05","Franklin","05-80301.00","US","60","US-60","SAFETY(P)","10.667","13.308","IMPROVE SAFETY AND TRAFFIC FLOW ON US 60 (VERSAILLES ROAD) FROM US 460 TO I-64 IN FRANKFORT. (2024CCN)","","2024","2026","R","NH","3720000","2030","","",""
"District 05","Franklin","05-80301.00","US","60","US-60","SAFETY(P)","10.667","13.308","IMPROVE SAFETY AND TRAFFIC FLOW ON US 60 (VERSAILLES ROAD) FROM US 460 TO I-64 IN FRANKFORT. (2024CCN)","","2024","2026","C","NH","11580000","2031","","",""
"District 05","Franklin","05-80400.00","I","64","I-64","SAFETY(P)","57.5","59.43","Improve safety and level of service on I-64 from US 60 in Frankfort to the Woodford County line. (2026CCN)","","2026","2026","U","NH","1000000","2030","","",""
"District 05","Franklin","05-80400.00","I","64","I-64","SAFETY(P)","57.5","59.43","Improve safety and level of service on I-64 from US 60 in Frankfort to the Woodford County line. (2026CCN)","","2026","2026","C","NH","13700000","2031","","",""
"District 05","Franklin","05-80400.00","I","64","I-64","SAFETY(P)","57.5","59.43","Improve safety and level of service on I-64 from US 60 in Frankfort to the Woodford County line. (2026CCN)","","2026","2026","D","NH","1400000","2029","","",""
"District 05","Franklin","05-80400.00","I","64","I-64","SAFETY(P)","57.5","59.43","Improve safety and level of service on I-64 from US 60 in Frankfort to the Woodford County line. (2026CCN)","","2026","2026","R","NH","1100000","2030","","",""
"District 05","Franklin","05-80401.00","I","64","I-64","RECONSTRUCTION(O)","57.6","58.2","Modify/reconstruct the I-64/US 60 (Versailles Road) interchange to address operations and level of service (2026CCN)","","2026","2026","C","NH","6000000","2032","","",""
"District 05","Franklin","05-80401.00","I","64","I-64","RECONSTRUCTION(O)","57.6","58.2","Modify/reconstruct the I-64/US 60 (Versailles Road) interchange to address operations and level of service (2026CCN)","","2026","2026","R","NH","100000","2030","","",""
"District 05","Franklin","05-80401.00","I","64","I-64","RECONSTRUCTION(O)","57.6","58.2","Modify/reconstruct the I-64/US 60 (Versailles Road) interchange to address operations and level of service (2026CCN)","","2026","2026","D","NH","600000","2029","","",""
"District 05","Franklin","05-80401.00","I","64","I-64","RECONSTRUCTION(O)","57.6","58.2","Modify/reconstruct the I-64/US 60 (Versailles Road) interchange to address operations and level of service (2026CCN)","","2026","2026","U","NH","900000","2031","","",""
"District 05","Franklin","05-80431.00","KY","1665","KY-1665","SAFETY(P)","0.13","3.89","Improve safety and level of service on Evergreen Road (KY 1665) from US 127 to US 60 in Franklin County. (MP 0.127 - 3.892) (2026CCN)","","2026","2026","C","SPP","8200000","2032","","",""
"District 05","Franklin","05-80431.00","KY","1665","KY-1665","SAFETY(P)","0.13","3.89","Improve safety and level of service on Evergreen Road (KY 1665) from US 127 to US 60 in Franklin County. (MP 0.127 - 3.892) (2026CCN)","","2026","2026","R","SPP","2200000","2031","","",""
"District 05","Franklin","05-80431.00","KY","1665","KY-1665","SAFETY(P)","0.13","3.89","Improve safety and level of service on Evergreen Road (KY 1665) from US 127 to US 60 in Franklin County. (MP 0.127 - 3.892) (2026CCN)","","2026","2026","U","SPP","1200000","2032","","",""
"District 05","Franklin","05-80431.00","KY","1665","KY-1665","SAFETY(P)","0.13","3.89","Improve safety and level of service on Evergreen Road (KY 1665) from US 127 to US 60 in Franklin County. (MP 0.127 - 3.892) (2026CCN)","","2026","2026","D","SPP","820000","2031","","",""
"District 05","Franklin","05-80431.00","KY","1665","KY-1665","SAFETY(P)","0.13","3.89","Improve safety and level of service on Evergreen Road (KY 1665) from US 127 to US 60 in Franklin County. (MP 0.127 - 3.892) (2026CCN)","","2026","2026","P","SPP","300000","2030","","",""
"District 05","Henry","05-00552.00","I","71","I-71","RECONSTRUCTION","24.727","28.0","IMPROVE SAFETY AND REDUCE CONGESTION ON I-71 FROM KY-53 TO KY-153.","","2018","2026","D","NH","6500000","2027","","",""
"District 05","Henry","05-00552.00","I","71","I-71","RECONSTRUCTION","24.727","28.0","IMPROVE SAFETY AND REDUCE CONGESTION ON I-71 FROM KY-53 TO KY-153.","","2018","2026","R","NH","1800000","2029","","",""
"District 05","Henry","05-00552.00","I","71","I-71","RECONSTRUCTION","24.727","28.0","IMPROVE SAFETY AND REDUCE CONGESTION ON I-71 FROM KY-53 TO KY-153.","","2018","2026","C","NH","56200000","2030","","",""
"District 05","Henry","05-00552.00","I","71","I-71","RECONSTRUCTION","24.727","28.0","IMPROVE SAFETY AND REDUCE CONGESTION ON I-71 FROM KY-53 TO KY-153.","","2018","2026","U","NH","900000","2029","","",""
"District 05","Henry","05-00572.00","I","71","I-71","RECONSTRUCTION","28.0","34.0","IMPROVE SAFETY AND REDUCE CONGESTION ON I-71 FROM KY 153 TO US 421. (2024CCN)","","2024","2026","D","SPP","4320000","2029","","",""
"District 05","Henry","05-00572.00","I","71","I-71","RECONSTRUCTION","28.0","34.0","IMPROVE SAFETY AND REDUCE CONGESTION ON I-71 FROM KY 153 TO US 421. (2024CCN)","","2024","2026","R","SPP","1500000","2030","","",""
"District 05","Henry","05-08820.00","KY","55","KY-55","MINOR WIDENING(O)","1.41","2.21","REHABILITATION-OVERLAY AND WIDENING EXISTING KY-55 FROM KY-22 TO CURVE AT MP 2.210 NORTH OF EMINENCE. INCLUDES REPLACING EXISTING CURB AND GUTTER AND SIDEWALKS, AND RELOCATION OF IMPACT UTILITIES. (MP 1.408 TO 2.210)(14CCN)  (2024CCN)","","2014","2026","U","SPP","1450000","2029","","",""
"District 05","Henry","05-08820.00","KY","55","KY-55","MINOR WIDENING(O)","1.41","2.21","REHABILITATION-OVERLAY AND WIDENING EXISTING KY-55 FROM KY-22 TO CURVE AT MP 2.210 NORTH OF EMINENCE. INCLUDES REPLACING EXISTING CURB AND GUTTER AND SIDEWALKS, AND RELOCATION OF IMPACT UTILITIES. (MP 1.408 TO 2.210)(14CCN)  (2024CCN)","","2014","2026","C","SPP","3460000","2031","","",""
"District 05","Henry","05-08820.00","KY","55","KY-55","MINOR WIDENING(O)","1.41","2.21","REHABILITATION-OVERLAY AND WIDENING EXISTING KY-55 FROM KY-22 TO CURVE AT MP 2.210 NORTH OF EMINENCE. INCLUDES REPLACING EXISTING CURB AND GUTTER AND SIDEWALKS, AND RELOCATION OF IMPACT UTILITIES. (MP 1.408 TO 2.210)(14CCN)  (2024CCN)","","2014","2026","R","SPP","1830000","2027","","",""
"District 05","Henry","05-08820.00","KY","55","KY-55","MINOR WIDENING(O)","1.41","2.21","REHABILITATION-OVERLAY AND WIDENING EXISTING KY-55 FROM KY-22 TO CURVE AT MP 2.210 NORTH OF EMINENCE. INCLUDES REPLACING EXISTING CURB AND GUTTER AND SIDEWALKS, AND RELOCATION OF IMPACT UTILITIES. (MP 1.408 TO 2.210)(14CCN)  (2024CCN)","","2014","2026","D","SPP","0","0","","",""
"District 05","Henry","05-08822.00","KY","389","KY-389","SCOPING STUDY(O)","10.0","11.0","GEOTECH REPAIRS ON KY-389 IN HENRY COUNTY ABOVE THE KENTUCKY RIVER SOUTH OF MARSHALLS BOTTOM ROAD. (14CCN)(2024CCN)","","2014","2026","P","STP2","0","2022","","",""
"District 05","Henry","05-08822.00","KY","389","KY-389","SCOPING STUDY(O)","10.0","11.0","GEOTECH REPAIRS ON KY-389 IN HENRY COUNTY ABOVE THE KENTUCKY RIVER SOUTH OF MARSHALLS BOTTOM ROAD. (14CCN)(2024CCN)","","2014","2026","R","SPP","600000","2030","","",""
"District 05","Henry","05-08822.00","KY","389","KY-389","SCOPING STUDY(O)","10.0","11.0","GEOTECH REPAIRS ON KY-389 IN HENRY COUNTY ABOVE THE KENTUCKY RIVER SOUTH OF MARSHALLS BOTTOM ROAD. (14CCN)(2024CCN)","","2014","2026","C","SPP","2320000","2031","","",""
"District 05","Henry","05-08822.00","KY","389","KY-389","SCOPING STUDY(O)","10.0","11.0","GEOTECH REPAIRS ON KY-389 IN HENRY COUNTY ABOVE THE KENTUCKY RIVER SOUTH OF MARSHALLS BOTTOM ROAD. (14CCN)(2024CCN)","","2014","2026","D","SPP","580000","2029","","",""
"District 05","Henry","05-08822.00","KY","389","KY-389","SCOPING STUDY(O)","10.0","11.0","GEOTECH REPAIRS ON KY-389 IN HENRY COUNTY ABOVE THE KENTUCKY RIVER SOUTH OF MARSHALLS BOTTOM ROAD. (14CCN)(2024CCN)","","2014","2026","U","SPP","290000","2030","","",""
"District 05","Henry","05-10109.00","KY","202","KY-202","AM-BRIDGE (P)","5.048","5.056","ADDRESS DEFICIENCIES OF BRIDGE ON KY 202 OVER FLAG RUN (052B00011N)","052B00011N","2024","2026","D","FBP2","155757","2031","","",""
"District 05","Henry","05-10109.00","KY","202","KY-202","AM-BRIDGE (P)","5.048","5.056","ADDRESS DEFICIENCIES OF BRIDGE ON KY 202 OVER FLAG RUN (052B00011N)","052B00011N","2024","2026","C","FBP2","1038381","2031","","",""
"District 05","Henry","05-20068.00","I","71","I-71","AM-PAVEMENT (INT)(P)","24.727","29.112","ADDRESS CONDITION OF I-071 FROM MILEPOINT 24.727 TO MILEPOINT 29.112 (28.17 CARDINAL)","","2024","2026","D","NHPM","450000","2030","","",""
"District 05","Henry","05-20068.00","I","71","I-71","AM-PAVEMENT (INT)(P)","24.727","29.112","ADDRESS CONDITION OF I-071 FROM MILEPOINT 24.727 TO MILEPOINT 29.112 (28.17 CARDINAL)","","2024","2026","C","NHPM","4541533","2030","","",""
"District 05","Henry","05-80413.00","KY","153","KY-153","SAFETY(P)","2.27","5.52","Improve safety and traffic operstions on KY 153 between KY 712 and KY 146. A total of 80 housing units are scheduled for construction in 2026, prompting the need to add road shoulders to enhance safety and improve traffic flow (2026CCN)","","2026","2026","R","SPP","90000","2030","","",""
"District 05","Henry","05-80413.00","KY","153","KY-153","SAFETY(P)","2.27","5.52","Improve safety and traffic operstions on KY 153 between KY 712 and KY 146. A total of 80 housing units are scheduled for construction in 2026, prompting the need to add road shoulders to enhance safety and improve traffic flow (2026CCN)","","2026","2026","D","SPP","360000","2029","","",""
"District 05","Henry","05-80413.00","KY","153","KY-153","SAFETY(P)","2.27","5.52","Improve safety and traffic operstions on KY 153 between KY 712 and KY 146. A total of 80 housing units are scheduled for construction in 2026, prompting the need to add road shoulders to enhance safety and improve traffic flow (2026CCN)","","2026","2026","C","SPP","3950000","2031","","",""
"District 05","Henry","05-80413.00","KY","153","KY-153","SAFETY(P)","2.27","5.52","Improve safety and traffic operstions on KY 153 between KY 712 and KY 146. A total of 80 housing units are scheduled for construction in 2026, prompting the need to add road shoulders to enhance safety and improve traffic flow (2026CCN)","","2026","2026","U","SPP","170000","2030","","",""
"District 05","Jefferson","05-00048.10","I","71","I-71","SPOT IMPROVEMENTS(O)","0.0","2.5","ADDITION OF NB AND SB AUXILIARY LANES ON I-71 NEAR KENNEDY, INCLUDING OPERATIONAL IMPROVEMENTS TO THE ZORN INTERCHANGE. (2004BOPC) (2024CCR) (2026CCN)","","2006","2026","D","FED","0","2021","2025-10-23","Awarded","1"
"District 05","Jefferson","05-00048.10","I","71","I-71","SPOT IMPROVEMENTS(O)","0.0","2.5","ADDITION OF NB AND SB AUXILIARY LANES ON I-71 NEAR KENNEDY, INCLUDING OPERATIONAL IMPROVEMENTS TO THE ZORN INTERCHANGE. (2004BOPC) (2024CCR) (2026CCN)","","2006","2026","U","NH","0","2026","2025-10-23","Awarded","1"
"District 05","Jefferson","05-00048.10","I","71","I-71","SPOT IMPROVEMENTS(O)","0.0","2.5","ADDITION OF NB AND SB AUXILIARY LANES ON I-71 NEAR KENNEDY, INCLUDING OPERATIONAL IMPROVEMENTS TO THE ZORN INTERCHANGE. (2004BOPC) (2024CCR) (2026CCN)","","2006","2026","R","NH","0","2026","2025-10-23","Awarded","1"
"District 05","Jefferson","05-00048.10","I","71","I-71","SPOT IMPROVEMENTS(O)","0.0","2.5","ADDITION OF NB AND SB AUXILIARY LANES ON I-71 NEAR KENNEDY, INCLUDING OPERATIONAL IMPROVEMENTS TO THE ZORN INTERCHANGE. (2004BOPC) (2024CCR) (2026CCN)","","2006","2026","C","NH","55324500","2029","2025-10-23","Awarded","1"
"District 05","Jefferson","05-00323.01","KY","1931","KY-1931","MAJOR WIDENING","0.54","3.148","WIDEN GREENWOOD ROAD FROM GREENBELT HWY TO DIXIE HWY (US-31W) (3-LANE IMPROVEMENT) FROM MP 0.54 TO MP 3.148. (98CCR)(R-04DEOB)(04CCR)(BOP2006P)(10CCR)(12CCR) (2020CCR) (2022CCR) (2024CCR)","","1996","2026","R","FED","0","2026","","",""
"District 05","Jefferson","05-00323.01","KY","1931","KY-1931","MAJOR WIDENING","0.54","3.148","WIDEN GREENWOOD ROAD FROM GREENBELT HWY TO DIXIE HWY (US-31W) (3-LANE IMPROVEMENT) FROM MP 0.54 TO MP 3.148. (98CCR)(R-04DEOB)(04CCR)(BOP2006P)(10CCR)(12CCR) (2020CCR) (2022CCR) (2024CCR)","","1996","2026","D","FED","0","2025","","",""
"District 05","Jefferson","05-00323.01","KY","1931","KY-1931","MAJOR WIDENING","0.54","3.148","WIDEN GREENWOOD ROAD FROM GREENBELT HWY TO DIXIE HWY (US-31W) (3-LANE IMPROVEMENT) FROM MP 0.54 TO MP 3.148. (98CCR)(R-04DEOB)(04CCR)(BOP2006P)(10CCR)(12CCR) (2020CCR) (2022CCR) (2024CCR)","","1996","2026","C","SPP","32940000","2029","","",""
"District 05","Jefferson","05-00323.01","KY","1931","KY-1931","MAJOR WIDENING","0.54","3.148","WIDEN GREENWOOD ROAD FROM GREENBELT HWY TO DIXIE HWY (US-31W) (3-LANE IMPROVEMENT) FROM MP 0.54 TO MP 3.148. (98CCR)(R-04DEOB)(04CCR)(BOP2006P)(10CCR)(12CCR) (2020CCR) (2022CCR) (2024CCR)","","1996","2026","U","FED","0","2026","","",""
"District 05","Jefferson","05-00344.01","KY","1747","KY-1747","MAJOR WIDENING(O)","12.289","13.632","WIDEN SOUTHBOUND HURSTBOURNE LANE TO 3 LANES FROM LINN STATION RD (CS-1004H) TO EDEN AVE (CS-1660H). (06CCR) (03KYD)(2006BOPP)(SEE 5-344.02 FOR KYD C PHASE)(14CCR) (2026CCN)","","2000","2026","U","SPP","2380000","2029","","",""
"District 05","Jefferson","05-00344.01","KY","1747","KY-1747","MAJOR WIDENING(O)","12.289","13.632","WIDEN SOUTHBOUND HURSTBOURNE LANE TO 3 LANES FROM LINN STATION RD (CS-1004H) TO EDEN AVE (CS-1660H). (06CCR) (03KYD)(2006BOPP)(SEE 5-344.02 FOR KYD C PHASE)(14CCR) (2026CCN)","","2000","2026","D","SPP","230000","2026","","",""
"District 05","Jefferson","05-00344.01","KY","1747","KY-1747","MAJOR WIDENING(O)","12.289","13.632","WIDEN SOUTHBOUND HURSTBOURNE LANE TO 3 LANES FROM LINN STATION RD (CS-1004H) TO EDEN AVE (CS-1660H). (06CCR) (03KYD)(2006BOPP)(SEE 5-344.02 FOR KYD C PHASE)(14CCR) (2026CCN)","","2000","2026","C","SPP","3900000","2030","","",""
"District 05","Jefferson","05-00344.01","KY","1747","KY-1747","MAJOR WIDENING(O)","12.289","13.632","WIDEN SOUTHBOUND HURSTBOURNE LANE TO 3 LANES FROM LINN STATION RD (CS-1004H) TO EDEN AVE (CS-1660H). (06CCR) (03KYD)(2006BOPP)(SEE 5-344.02 FOR KYD C PHASE)(14CCR) (2026CCN)","","2000","2026","R","SPP","100000","2027","","",""
"District 05","Jefferson","05-00373.20","KY","1819","KY-1819","MINOR WIDENING","10.783","11.755","RECONSTRUCT AND WIDEN KY 1819 (WATTERSON TRAIL) - PLANTSIDE DRIVE TO BLUEGRASS PARKWAY. (98CCR) (2024CCN)","","2024","2026","U","SPP","2110000","2030","","",""
"District 05","Jefferson","05-00373.20","KY","1819","KY-1819","MINOR WIDENING","10.783","11.755","RECONSTRUCT AND WIDEN KY 1819 (WATTERSON TRAIL) - PLANTSIDE DRIVE TO BLUEGRASS PARKWAY. (98CCR) (2024CCN)","","2024","2026","C","SPP","9000000","2031","","",""
"District 05","Jefferson","05-00373.20","KY","1819","KY-1819","MINOR WIDENING","10.783","11.755","RECONSTRUCT AND WIDEN KY 1819 (WATTERSON TRAIL) - PLANTSIDE DRIVE TO BLUEGRASS PARKWAY. (98CCR) (2024CCN)","","2024","2026","D","SPP","470000","2029","","",""
"District 05","Jefferson","05-00478.30","US","31","US-31","SAFETY(P)","9.75","11.65","IMPROVE DIXIE HIGHWAY BETWEEN GREENWOOD ROAD (KY 1931) AND STONESTREET ROAD (CR 1003). (14CCN) (2024CCN)","","2014","2026","D","NH","630000","2029","","",""
"District 05","Jefferson","05-00478.30","US","31","US-31","SAFETY(P)","9.75","11.65","IMPROVE DIXIE HIGHWAY BETWEEN GREENWOOD ROAD (KY 1931) AND STONESTREET ROAD (CR 1003). (14CCN) (2024CCN)","","2014","2026","C","NH","7540000","2031","","",""
"District 05","Jefferson","05-00478.30","US","31","US-31","SAFETY(P)","9.75","11.65","IMPROVE DIXIE HIGHWAY BETWEEN GREENWOOD ROAD (KY 1931) AND STONESTREET ROAD (CR 1003). (14CCN) (2024CCN)","","2014","2026","R","SPP","510000","2030","","",""
"District 05","Jefferson","05-00478.30","US","31","US-31","SAFETY(P)","9.75","11.65","IMPROVE DIXIE HIGHWAY BETWEEN GREENWOOD ROAD (KY 1931) AND STONESTREET ROAD (CR 1003). (14CCN) (2024CCN)","","2014","2026","U","SPP","1390000","2030","","",""
"District 05","Jefferson","05-00554.00","I","265","I-265","RECONSTRUCTION","10.25","17.3","IMPROVE SAFETY AND REDUCE CONGESTION ON I-265 FROM I-65 TO US-31E. (2024CCR)","","2018","2026","D","NH","3000000","2027","","",""
"District 05","Jefferson","05-00554.00","I","265","I-265","RECONSTRUCTION","10.25","17.3","IMPROVE SAFETY AND REDUCE CONGESTION ON I-265 FROM I-65 TO US-31E. (2024CCR)","","2018","2026","R","NH","3560000","2030","","",""
"District 05","Jefferson","05-00554.00","I","265","I-265","RECONSTRUCTION","10.25","17.3","IMPROVE SAFETY AND REDUCE CONGESTION ON I-265 FROM I-65 TO US-31E. (2024CCR)","","2018","2026","U","NH","3010000","2031","","",""
"District 05","Jefferson","05-00554.00","I","265","I-265","RECONSTRUCTION","10.25","17.3","IMPROVE SAFETY AND REDUCE CONGESTION ON I-265 FROM I-65 TO US-31E. (2024CCR)","","2018","2026","C","NH","76050000","2032","","",""
"District 05","Jefferson","05-00554.00","I","265","I-265","RECONSTRUCTION","10.25","17.3","IMPROVE SAFETY AND REDUCE CONGESTION ON I-265 FROM I-65 TO US-31E. (2024CCR)","","2018","2026","P","NH","10000","2026","","",""
"District 05","Jefferson","05-00555.00","KY","1747","KY-1747","CONGESTION MITIGTN(O)","10.5","11.995","REDUCE CONGESTION AND IMPROVE SAFETY ALONG KY-1747 (HURSTBOURNE PARKWAY) FROM STONY BROOK DRIVE TO I-64. (2024CCN)","","2018","2026","P","NH","0","2019","","",""
"District 05","Jefferson","05-00555.00","KY","1747","KY-1747","CONGESTION MITIGTN(O)","10.5","11.995","REDUCE CONGESTION AND IMPROVE SAFETY ALONG KY-1747 (HURSTBOURNE PARKWAY) FROM STONY BROOK DRIVE TO I-64. (2024CCN)","","2018","2026","D","SPP","7660000","2029","","",""
"District 05","Jefferson","05-00555.00","KY","1747","KY-1747","CONGESTION MITIGTN(O)","10.5","11.995","REDUCE CONGESTION AND IMPROVE SAFETY ALONG KY-1747 (HURSTBOURNE PARKWAY) FROM STONY BROOK DRIVE TO I-64. (2024CCN)","","2018","2026","C","SPP","77720000","2032","","",""
"District 05","Jefferson","05-00555.00","KY","1747","KY-1747","CONGESTION MITIGTN(O)","10.5","11.995","REDUCE CONGESTION AND IMPROVE SAFETY ALONG KY-1747 (HURSTBOURNE PARKWAY) FROM STONY BROOK DRIVE TO I-64. (2024CCN)","","2018","2026","R","SPP","9000000","2030","","",""
"District 05","Jefferson","05-00555.00","KY","1747","KY-1747","CONGESTION MITIGTN(O)","10.5","11.995","REDUCE CONGESTION AND IMPROVE SAFETY ALONG KY-1747 (HURSTBOURNE PARKWAY) FROM STONY BROOK DRIVE TO I-64. (2024CCN)","","2018","2026","U","SPP","10440000","2031","","",""
"District 05","Jefferson","05-00557.00","I","71","I-71","MAJOR WIDENING","2.0","9.0","IMPROVE SAFETY AND REDUCE CONGESTION ON I-71 FROM I-264 TO I-265. (2024CCR)","","2018","2026","P","NH","0","2026","","",""
"District 05","Jefferson","05-00557.00","I","71","I-71","MAJOR WIDENING","2.0","9.0","IMPROVE SAFETY AND REDUCE CONGESTION ON I-71 FROM I-264 TO I-265. (2024CCR)","","2018","2026","C","NH","119300000","2029","","",""
"District 05","Jefferson","05-00557.00","I","71","I-71","MAJOR WIDENING","2.0","9.0","IMPROVE SAFETY AND REDUCE CONGESTION ON I-71 FROM I-264 TO I-265. (2024CCR)","","2018","2026","D","NH","0","2026","","",""
"District 05","Jefferson","05-00557.00","I","71","I-71","MAJOR WIDENING","2.0","9.0","IMPROVE SAFETY AND REDUCE CONGESTION ON I-71 FROM I-264 TO I-265. (2024CCR)","","2018","2026","R","NH","390000","2028","","",""
"District 05","Jefferson","05-00557.00","I","71","I-71","MAJOR WIDENING","2.0","9.0","IMPROVE SAFETY AND REDUCE CONGESTION ON I-71 FROM I-264 TO I-265. (2024CCR)","","2018","2026","U","NH","940000","2030","","",""
"District 05","Jefferson","05-00558.00","I","265","I-265","MAJOR WIDENING","17.3","23.1","IMPROVE SAFETY AND REDUCE CONGESTION ON I-265 FROM US-31E (BARDSTOWN RD) TO KY-155 (TAYLORSVILLE RD). (2024CCR)","","2018","2026","D","NH","7500000","2029","","",""
"District 05","Jefferson","05-00558.00","I","265","I-265","MAJOR WIDENING","17.3","23.1","IMPROVE SAFETY AND REDUCE CONGESTION ON I-265 FROM US-31E (BARDSTOWN RD) TO KY-155 (TAYLORSVILLE RD). (2024CCR)","","2018","2026","C","NH","75000000","2032","","",""
"District 05","Jefferson","05-00558.00","I","265","I-265","MAJOR WIDENING","17.3","23.1","IMPROVE SAFETY AND REDUCE CONGESTION ON I-265 FROM US-31E (BARDSTOWN RD) TO KY-155 (TAYLORSVILLE RD). (2024CCR)","","2018","2026","U","NH","1500000","2031","","",""
"District 05","Jefferson","05-00558.00","I","265","I-265","MAJOR WIDENING","17.3","23.1","IMPROVE SAFETY AND REDUCE CONGESTION ON I-265 FROM US-31E (BARDSTOWN RD) TO KY-155 (TAYLORSVILLE RD). (2024CCR)","","2018","2026","R","NH","2500000","2030","","",""
"District 05","Jefferson","05-00559.00","I","65","I-65","RECONSTRUCTION","129.289","131.587","IMPROVE SAFETY AND REDUCE CONGESTION AT THE I-65/I-264 (WATTERSON EXPRESSWAY) INTERCHANGE. (2024CCR)","","2018","2026","R","NH","2000000","2030","","",""
"District 05","Jefferson","05-00559.00","I","65","I-65","RECONSTRUCTION","129.289","131.587","IMPROVE SAFETY AND REDUCE CONGESTION AT THE I-65/I-264 (WATTERSON EXPRESSWAY) INTERCHANGE. (2024CCR)","","2018","2026","D","NH","3480000","2029","","",""
"District 05","Jefferson","05-00559.00","I","65","I-65","RECONSTRUCTION","129.289","131.587","IMPROVE SAFETY AND REDUCE CONGESTION AT THE I-65/I-264 (WATTERSON EXPRESSWAY) INTERCHANGE. (2024CCR)","","2018","2026","U","NH","2000000","2031","","",""
"District 05","Jefferson","05-00559.00","I","65","I-65","RECONSTRUCTION","129.289","131.587","IMPROVE SAFETY AND REDUCE CONGESTION AT THE I-65/I-264 (WATTERSON EXPRESSWAY) INTERCHANGE. (2024CCR)","","2018","2026","C","NH","100000000","2032","","",""
"District 05","Jefferson","05-00559.00","I","65","I-65","RECONSTRUCTION","129.289","131.587","IMPROVE SAFETY AND REDUCE CONGESTION AT THE I-65/I-264 (WATTERSON EXPRESSWAY) INTERCHANGE. (2024CCR)","","2018","2026","P","NH","0","2019","","",""
"District 05","Jefferson","05-00560.00","I","65","I-65","SAFETY(P)","124.7","125.7","IMPROVE SAFETY AND REDUCE CONGESTION AT THE I-65/I-265 (GENE SNYDER FREEWAY) INTERCHANGE. (2026CCN)","","2018","2026","U","NH","2000000","2030","","",""
"District 05","Jefferson","05-00560.00","I","65","I-65","SAFETY(P)","124.7","125.7","IMPROVE SAFETY AND REDUCE CONGESTION AT THE I-65/I-265 (GENE SNYDER FREEWAY) INTERCHANGE. (2026CCN)","","2018","2026","C","NH","90000000","2031","","",""
"District 05","Jefferson","05-00560.00","I","65","I-65","SAFETY(P)","124.7","125.7","IMPROVE SAFETY AND REDUCE CONGESTION AT THE I-65/I-265 (GENE SNYDER FREEWAY) INTERCHANGE. (2026CCN)","","2018","2026","R","NH","2000000","2030","","",""
"District 05","Jefferson","05-00560.00","I","65","I-65","SAFETY(P)","124.7","125.7","IMPROVE SAFETY AND REDUCE CONGESTION AT THE I-65/I-265 (GENE SNYDER FREEWAY) INTERCHANGE. (2026CCN)","","2018","2026","D","NH","6000000","2029","","",""
"District 05","Jefferson","05-00560.00","I","65","I-65","SAFETY(P)","124.7","125.7","IMPROVE SAFETY AND REDUCE CONGESTION AT THE I-65/I-265 (GENE SNYDER FREEWAY) INTERCHANGE. (2026CCN)","","2018","2026","P","NH","0","2022","","",""
"District 05","Jefferson","05-00587.00","PF","9999","PF-9999","PLANNING","","","Reconnecting West Louisville to the Ohio Riverfront throughout the Riverside Expressway (I-64) Corridor USDOT Grant project (Louisville Metro to provide $100,000 toward the cost of project).","","2026","2026","C","KYD","26226000","2026","","",""
"District 05","Jefferson","05-00587.00","PF","9999","PF-9999","PLANNING","","","Reconnecting West Louisville to the Ohio Riverfront throughout the Riverside Expressway (I-64) Corridor USDOT Grant project (Louisville Metro to provide $100,000 toward the cost of project).","","2026","2026","P","STPF","0","2032","","",""
"District 05","Jefferson","05-00587.00","PF","9999","PF-9999","PLANNING","","","Reconnecting West Louisville to the Ohio Riverfront throughout the Riverside Expressway (I-64) Corridor USDOT Grant project (Louisville Metro to provide $100,000 toward the cost of project).","","2026","2026","D","KYD","1927000","2026","","",""
"District 05","Jefferson","05-00587.00","PF","9999","PF-9999","PLANNING","","","Reconnecting West Louisville to the Ohio Riverfront throughout the Riverside Expressway (I-64) Corridor USDOT Grant project (Louisville Metro to provide $100,000 toward the cost of project).","","2026","2026","U","KYD","1575000","2026","","",""
"District 05","Jefferson","05-00607.00","I","64","I-64","AIR QUALITY(P)","0.0","1.5","INSTALLATION OF SOLAR LIGHTING AT I-64/I-264 INTERCHANGE AT SHERMAN MINTON BRIDGE; I-264/RIVER PARK-ALI; I-264/BELLS LANE; I-264/VIRGINA/DUMESNIL; AND I-264/RALPH AVE-CANE RUNE INTERSECTIONS IN JEFFERSON COUNTY KENTUCKY. (2024BOP)","","2026","2026","C","CARB","2080000","2026","","",""
"District 05","Jefferson","05-00607.00","I","64","I-64","AIR QUALITY(P)","0.0","1.5","INSTALLATION OF SOLAR LIGHTING AT I-64/I-264 INTERCHANGE AT SHERMAN MINTON BRIDGE; I-264/RIVER PARK-ALI; I-264/BELLS LANE; I-264/VIRGINA/DUMESNIL; AND I-264/RALPH AVE-CANE RUNE INTERSECTIONS IN JEFFERSON COUNTY KENTUCKY. (2024BOP)","","2026","2026","D","CARB","0","2026","","",""
"District 05","Jefferson","05-00965.19","CO","0","CO-0","MATCHED FED FUNDS(O)","","","DEDICATED FEDERAL AID STP FUNDS EARMARKED FOR LOUISVILLE URBANIZED AREA AND SUBJECT TO MPO CONTROL FOR FY 2026-2032. (FUNDING SUBJECT TO FISCAL CONSTRAINT PENDING MPO TIP). (2020CCR) (2022CCR) (2024CCR)","","2016","2026","C","SLO","187600000","2026","","",""
"District 05","Jefferson","05-01070.00","CS","1017","CS-1017","AM-BRIDGE (P)","1.293","1.333","ADDRESS DEFICIENCIES OF BRIDGE ON E KENTUCKY ST (CS 1017G) OVER SOUTH FORK BEARGRASS CREEK 0.01 MILE E OF SCHILLER AVE (CS 1138G) 056C00083N (2020CCR)","056C00083N","2012","2026","D","FBP2","356881","2027","","",""
"District 05","Jefferson","05-01070.00","CS","1017","CS-1017","AM-BRIDGE (P)","1.293","1.333","ADDRESS DEFICIENCIES OF BRIDGE ON E KENTUCKY ST (CS 1017G) OVER SOUTH FORK BEARGRASS CREEK 0.01 MILE E OF SCHILLER AVE (CS 1138G) 056C00083N (2020CCR)","056C00083N","2012","2026","C","FBP2","2379206","2027","","",""
"District 05","Jefferson","05-01079.00","CR","1001","CR-1001","AM-BRIDGE (P)","3.8","3.87","BRIDGE PROJECT IN JEFFERSON COUNTY ON (056C00130N) RIVER RD AT GOOSE CREEK","056C00130N","2014","2026","D","BRZ","1210368","2028","","",""
"District 05","Jefferson","05-01079.00","CR","1001","CR-1001","AM-BRIDGE (P)","3.8","3.87","BRIDGE PROJECT IN JEFFERSON COUNTY ON (056C00130N) RIVER RD AT GOOSE CREEK","056C00130N","2014","2026","C","BRZ","8069119","2028","","",""
"District 05","Jefferson","05-08205.10","KY","2053","KY-2053","MINOR WIDENING(O)","0.0","1.501","IMPROVE AND WIDEN MT WASHINGTON ROAD FROM PRESTON HIGHWAY TO PENN RUN CREEK BRIDGE. (10CCN)(SAME AS 5-8611.00) (2024CCN)","","2010","2026","D","SB2","320000","0","","",""
"District 05","Jefferson","05-08205.10","KY","2053","KY-2053","MINOR WIDENING(O)","0.0","1.501","IMPROVE AND WIDEN MT WASHINGTON ROAD FROM PRESTON HIGHWAY TO PENN RUN CREEK BRIDGE. (10CCN)(SAME AS 5-8611.00) (2024CCN)","","2010","2026","C","SPP","13190000","2031","","",""
"District 05","Jefferson","05-08205.10","KY","2053","KY-2053","MINOR WIDENING(O)","0.0","1.501","IMPROVE AND WIDEN MT WASHINGTON ROAD FROM PRESTON HIGHWAY TO PENN RUN CREEK BRIDGE. (10CCN)(SAME AS 5-8611.00) (2024CCN)","","2010","2026","R","SPP","5080000","2029","","",""
"District 05","Jefferson","05-08205.10","KY","2053","KY-2053","MINOR WIDENING(O)","0.0","1.501","IMPROVE AND WIDEN MT WASHINGTON ROAD FROM PRESTON HIGHWAY TO PENN RUN CREEK BRIDGE. (10CCN)(SAME AS 5-8611.00) (2024CCN)","","2010","2026","U","SPP","9510000","2030","","",""
"District 05","Jefferson","05-08810.00","KY","1931","KY-1931","MINOR WIDENING","4.585","5.5","THREE LANE WIDENING ALONG KY-1931 FROM THE DOSS HIGH SCHOOL ENTRANCE TO PALATKA ROAD, INCLUDING INTERSECTION IMPROVEMENTS WITH PALATKA ROAD AND TURN LANES. (14CCN)  (2020CCR) (2024CCR)","","2014","2026","C","HGC","6070000","2026","","",""
"District 05","Jefferson","05-08810.00","KY","1931","KY-1931","MINOR WIDENING","4.585","5.5","THREE LANE WIDENING ALONG KY-1931 FROM THE DOSS HIGH SCHOOL ENTRANCE TO PALATKA ROAD, INCLUDING INTERSECTION IMPROVEMENTS WITH PALATKA ROAD AND TURN LANES. (14CCN)  (2020CCR) (2024CCR)","","2014","2026","U","HGC","0","2024","","",""
"District 05","Jefferson","05-08810.00","KY","1931","KY-1931","MINOR WIDENING","4.585","5.5","THREE LANE WIDENING ALONG KY-1931 FROM THE DOSS HIGH SCHOOL ENTRANCE TO PALATKA ROAD, INCLUDING INTERSECTION IMPROVEMENTS WITH PALATKA ROAD AND TURN LANES. (14CCN)  (2020CCR) (2024CCR)","","2014","2026","D","STP","0","0","","",""
"District 05","Jefferson","05-08810.00","KY","1931","KY-1931","MINOR WIDENING","4.585","5.5","THREE LANE WIDENING ALONG KY-1931 FROM THE DOSS HIGH SCHOOL ENTRANCE TO PALATKA ROAD, INCLUDING INTERSECTION IMPROVEMENTS WITH PALATKA ROAD AND TURN LANES. (14CCN)  (2020CCR) (2024CCR)","","2014","2026","R","STPF","0","2022","","",""
"District 05","Jefferson","05-08860.00","I","71","I-71","UNKNOWN","7.5","8.7","DESIGN AND CONSTRUCT A SOUND BARRIER WALL ON THE NORTH SIDE OF I-71 FROM MP 7.5 TO MP 8.7 FOR APPROX. 6400 FEET. (90,893 SF) (2026CCN)","","2014","2026","C","SPP","8200000","2030","","",""
"District 05","Jefferson","05-08860.00","I","71","I-71","UNKNOWN","7.5","8.7","DESIGN AND CONSTRUCT A SOUND BARRIER WALL ON THE NORTH SIDE OF I-71 FROM MP 7.5 TO MP 8.7 FOR APPROX. 6400 FEET. (90,893 SF) (2026CCN)","","2014","2026","D","SPP","350000","2029","","",""
"District 05","Jefferson","05-08905.00","KY","1747","KY-1747","SAFETY(P)","9.483","9.583","EXTEND THE LEFT TURN LANE ON HURSTBOURNE LANE AT INTERSECTION WITH SIX MILE LANE. (16CCN) (2024CCN)","","2016","2026","D","SPP","0","2022","","",""
"District 05","Jefferson","05-08905.00","KY","1747","KY-1747","SAFETY(P)","9.483","9.583","EXTEND THE LEFT TURN LANE ON HURSTBOURNE LANE AT INTERSECTION WITH SIX MILE LANE. (16CCN) (2024CCN)","","2016","2026","C","SPP","210000","2029","","",""
"District 05","Jefferson","05-08908.00","KY","155","KY-155","RECONSTRUCTION","4.4","5.75","WIDEN TAYLORSVILLE ROAD FROM I-265 TO KY-148. (18CCN) (2024CCR)","","2018","2026","R","STPF","0","2024","","",""
"District 05","Jefferson","05-08908.00","KY","155","KY-155","RECONSTRUCTION","4.4","5.75","WIDEN TAYLORSVILLE ROAD FROM I-265 TO KY-148. (18CCN) (2024CCR)","","2018","2026","C","STPF","23760000","2027","","",""
"District 05","Jefferson","05-08908.00","KY","155","KY-155","RECONSTRUCTION","4.4","5.75","WIDEN TAYLORSVILLE ROAD FROM I-265 TO KY-148. (18CCN) (2024CCR)","","2018","2026","U","STPF","0","2024","","",""
"District 05","Jefferson","05-08954.10","KY","155","KY-155","SAFETY(P)","0.0","4.0","Improve safety and traffic operations on KY 155 from MP 2.0 in Spencer County to Floyds Fork In Jefferson County (total length 6.247 miles) (Portion of 5-8954.0). (2024CCN) (2026CCR)","","2024","2026","D","STPF","2080000","2027","","",""
"District 05","Jefferson","05-08954.10","KY","155","KY-155","SAFETY(P)","0.0","4.0","Improve safety and traffic operations on KY 155 from MP 2.0 in Spencer County to Floyds Fork In Jefferson County (total length 6.247 miles) (Portion of 5-8954.0). (2024CCN) (2026CCR)","","2024","2026","C","STPF","34120000","2032","","",""
"District 05","Jefferson","05-08954.10","KY","155","KY-155","SAFETY(P)","0.0","4.0","Improve safety and traffic operations on KY 155 from MP 2.0 in Spencer County to Floyds Fork In Jefferson County (total length 6.247 miles) (Portion of 5-8954.0). (2024CCN) (2026CCR)","","2024","2026","U","STPF","11226000","2031","","",""
"District 05","Jefferson","05-08954.10","KY","155","KY-155","SAFETY(P)","0.0","4.0","Improve safety and traffic operations on KY 155 from MP 2.0 in Spencer County to Floyds Fork In Jefferson County (total length 6.247 miles) (Portion of 5-8954.0). (2024CCN) (2026CCR)","","2024","2026","R","STPF","3540000","2030","","",""
"District 05","Jefferson","05-08963.00","I","71","I-71","SPOT IMPROVEMENTS","5.4","6.0","DESIGN AND CONSTRUCT A SOUND BARRIER WALL ON I-71 NORTHBOUND FROM NEAR GLENVIEW AVENUE TO JUST NORTH OF THE LIME KILN OVERPASS FOR APPROXIMATELY 2,700 FEET. (24,927 SF) (2026CCN)","","2016","2026","D","SPP","250000","2029","","",""
"District 05","Jefferson","05-08963.00","I","71","I-71","SPOT IMPROVEMENTS","5.4","6.0","DESIGN AND CONSTRUCT A SOUND BARRIER WALL ON I-71 NORTHBOUND FROM NEAR GLENVIEW AVENUE TO JUST NORTH OF THE LIME KILN OVERPASS FOR APPROXIMATELY 2,700 FEET. (24,927 SF) (2026CCN)","","2016","2026","C","SPP","2300000","2030","","",""
"District 05","Jefferson","05-09026.00","CR","1013","CR-1013","SAFETY-HAZARD ELIM(P)","0.55","0.79","SAFETY IMPROVEMENTS AT CR 1013F AT CRUMS LANE ELEMENTARY.  (2020BOP)(2021SCHSAF) (2024CCN)","","2024","2026","D","SPP","420000","2029","","",""
"District 05","Jefferson","05-10008.00","CS","1079","CS-1079","AM-BRIDGE (P)","0.03","0.038","ADDRESS DEFICIENCIES OF OLD WESTPORT RD BRIDGE OVER GOOSE CREEK. (056C00113N) (2020CCR)","056C00113N","2018","2026","U","UNK","10000","2026","","",""
"District 05","Jefferson","05-10008.00","CS","1079","CS-1079","AM-BRIDGE (P)","0.03","0.038","ADDRESS DEFICIENCIES OF OLD WESTPORT RD BRIDGE OVER GOOSE CREEK. (056C00113N) (2020CCR)","056C00113N","2018","2026","C","BRX","1102206","2028","","",""
"District 05","Jefferson","05-10008.00","CS","1079","CS-1079","AM-BRIDGE (P)","0.03","0.038","ADDRESS DEFICIENCIES OF OLD WESTPORT RD BRIDGE OVER GOOSE CREEK. (056C00113N) (2020CCR)","056C00113N","2018","2026","D","BRX","165331","2028","","",""
"District 05","Jefferson","05-10008.00","CS","1079","CS-1079","AM-BRIDGE (P)","0.03","0.038","ADDRESS DEFICIENCIES OF OLD WESTPORT RD BRIDGE OVER GOOSE CREEK. (056C00113N) (2020CCR)","056C00113N","2018","2026","R","UNK","10000","2026","","",""
"District 05","Jefferson","05-10016.00","I","64","I-64","AM-BRIDGE (P)","3.32","5.18","BRIDGE PROJECT IN JEFFERSON COUNTY ON (056B00142N) I-64 AT KY 3077 (RIVER RD).  (BRIDGE PAINTING OF I-64 RIVERSIDE EXPRESSWAY BRIDGES)","056B00142N","2018","2026","C","BRX","8000000","2026","2026-03-26","Awarded","1"
"District 05","Jefferson","05-10057.00","I","64","I-64","AM-BRIDGE (P)","17.664","17.694","BRIDGE PROJECT IN JEFFERSON COUNTY ON (056B00039L and 056B00039R) I-64 WB AT TUCKER STATION RD","056B00039L","2022","2026","D","FBP","830898","2029","","",""
"District 05","Jefferson","05-10057.00","I","64","I-64","AM-BRIDGE (P)","17.664","17.694","BRIDGE PROJECT IN JEFFERSON COUNTY ON (056B00039L and 056B00039R) I-64 WB AT TUCKER STATION RD","056B00039L","2022","2026","C","FBP","10700000","2031","","",""
"District 05","Jefferson","05-10063.00","I","265","I-265","AM-BRIDGE (P)","34.052","34.098","BRIDGE PROJECT IN JEFFERSON COUNTY ON (056B00087R) I-265 NB AT KY 22 (BROWNSBORO RD)","056B00087R","2022","2026","C","BRO","11374391","2031","","",""
"District 05","Jefferson","05-10063.00","I","265","I-265","AM-BRIDGE (P)","34.052","34.098","BRIDGE PROJECT IN JEFFERSON COUNTY ON (056B00087R) I-265 NB AT KY 22 (BROWNSBORO RD)","056B00087R","2022","2026","D","BRO","1706159","2031","","",""
"District 05","Jefferson","05-10064.00","I","65","I-65","AM-BRIDGE (P)","133.841","133.905","BRIDGE PROJECT IN JEFFERSON COUNTY ON (056B00179N) I-65 AT HILL, CSX RR & BURNETT (POTENTIAL CMGC DELIVERY PROJECT)","056B00179N","2022","2026","R","BRO","0","2026","","",""
"District 05","Jefferson","05-10064.00","I","65","I-65","AM-BRIDGE (P)","133.841","133.905","BRIDGE PROJECT IN JEFFERSON COUNTY ON (056B00179N) I-65 AT HILL, CSX RR & BURNETT (POTENTIAL CMGC DELIVERY PROJECT)","056B00179N","2022","2026","U","BRO","0","2026","","",""
"District 05","Jefferson","05-10064.00","I","65","I-65","AM-BRIDGE (P)","133.841","133.905","BRIDGE PROJECT IN JEFFERSON COUNTY ON (056B00179N) I-65 AT HILL, CSX RR & BURNETT (POTENTIAL CMGC DELIVERY PROJECT)","056B00179N","2022","2026","C","BRO","49304783","2026","","",""
"District 05","Jefferson","05-10064.00","I","65","I-65","AM-BRIDGE (P)","133.841","133.905","BRIDGE PROJECT IN JEFFERSON COUNTY ON (056B00179N) I-65 AT HILL, CSX RR & BURNETT (POTENTIAL CMGC DELIVERY PROJECT)","056B00179N","2022","2026","D","BRO","2288000","2026","","",""
"District 05","Jefferson","05-10065.00","I","65","I-65","AM-BRIDGE (P)","132.889","132.931","BRIDGE PROJECT IN JEFFERSON COUNTY ON (056B00180N) I-65 AT US 60A (EASTERN PKWY)","056B00180N","2022","2026","C","BRO","35578303","2029","","",""
"District 05","Jefferson","05-10065.00","I","65","I-65","AM-BRIDGE (P)","132.889","132.931","BRIDGE PROJECT IN JEFFERSON COUNTY ON (056B00180N) I-65 AT US 60A (EASTERN PKWY)","056B00180N","2022","2026","D","BRO","5340000","2028","","",""
"District 05","Jefferson","05-10066.00","I","65","I-65","AM-BRIDGE (P)","134.709","134.797","BRIDGE PROJECT IN JEFFERSON COUNTY ON (056B00183N) I-65 AT E KENTUCKY & S BROOK ST (POTENTIAL CMGC DELIVERY PROJECT)","056B00183N","2022","2026","R","BRO","0","0","","",""
"District 05","Jefferson","05-10066.00","I","65","I-65","AM-BRIDGE (P)","134.709","134.797","BRIDGE PROJECT IN JEFFERSON COUNTY ON (056B00183N) I-65 AT E KENTUCKY & S BROOK ST (POTENTIAL CMGC DELIVERY PROJECT)","056B00183N","2022","2026","D","BRO","2877000","2026","","",""
"District 05","Jefferson","05-10066.00","I","65","I-65","AM-BRIDGE (P)","134.709","134.797","BRIDGE PROJECT IN JEFFERSON COUNTY ON (056B00183N) I-65 AT E KENTUCKY & S BROOK ST (POTENTIAL CMGC DELIVERY PROJECT)","056B00183N","2022","2026","U","BRO","0","2025","","",""
"District 05","Jefferson","05-10066.00","I","65","I-65","AM-BRIDGE (P)","134.709","134.797","BRIDGE PROJECT IN JEFFERSON COUNTY ON (056B00183N) I-65 AT E KENTUCKY & S BROOK ST (POTENTIAL CMGC DELIVERY PROJECT)","056B00183N","2022","2026","C","BRO","71971591","2028","","",""
"District 05","Jefferson","05-10067.00","I","65","I-65","AM-BRIDGE (P)","134.6","134.632","BRIDGE PROJECT IN JEFFERSON COUNTY ON (056B00184N) I-65 AT ST CATHERINE ST","056B00184N","2022","2026","D","FBP","750000","2032","","",""
"District 05","Jefferson","05-10067.00","I","65","I-65","AM-BRIDGE (P)","134.6","134.632","BRIDGE PROJECT IN JEFFERSON COUNTY ON (056B00184N) I-65 AT ST CATHERINE ST","056B00184N","2022","2026","C","FBP","5000000","2032","","",""
"District 05","Jefferson","05-10068.00","I","65","I-65","AM-BRIDGE (P)","135.159","135.387","BRIDGE PROJECT IN JEFFERSON COUNTY ON (056B00191N) I-65 AT JACOB, BROADWAY, GRAY ST","056B00191N","2022","2026","C","BRO","105233412","2027","","",""
"District 05","Jefferson","05-10068.00","I","65","I-65","AM-BRIDGE (P)","135.159","135.387","BRIDGE PROJECT IN JEFFERSON COUNTY ON (056B00191N) I-65 AT JACOB, BROADWAY, GRAY ST","056B00191N","2022","2026","D","FBP","10612000","2027","","",""
"District 05","Jefferson","05-10069.00","I","65","I-65","AM-BRIDGE (P)","135.389","135.471","BRIDGE PROJECT IN JEFFERSON COUNTY ON (056B00192N) I-65 AT E CHESTNUT ST","056B00192N","2022","2026","D","BRO","819705","2027","","",""
"District 05","Jefferson","05-10069.00","I","65","I-65","AM-BRIDGE (P)","135.389","135.471","BRIDGE PROJECT IN JEFFERSON COUNTY ON (056B00192N) I-65 AT E CHESTNUT ST","056B00192N","2022","2026","C","BRO","5464700","2027","","",""
"District 05","Jefferson","05-10070.00","I","65","I-65","AM-BRIDGE (P)","132.607","132.677","BRIDGE PROJECT IN JEFFERSON COUNTY ON (056B00205N) I-65 AT NS RAILROAD (POTENTIAL CMGC DELIVERY PROJECT)","056B00205N","2022","2026","D","FBP","750000","2032","","",""
"District 05","Jefferson","05-10070.00","I","65","I-65","AM-BRIDGE (P)","132.607","132.677","BRIDGE PROJECT IN JEFFERSON COUNTY ON (056B00205N) I-65 AT NS RAILROAD (POTENTIAL CMGC DELIVERY PROJECT)","056B00205N","2022","2026","C","FBP","5000000","2032","","",""
"District 05","Jefferson","05-10071.00","I","65","I-65","AM-BRIDGE (P)","131.226","131.254","BRIDGE PROJECT IN JEFFERSON COUNTY ON (056B00209N) I-65 AT PHILLIPS LN","056B00209N","2022","2026","D","FBP","750000","2032","","",""
"District 05","Jefferson","05-10071.00","I","65","I-65","AM-BRIDGE (P)","131.226","131.254","BRIDGE PROJECT IN JEFFERSON COUNTY ON (056B00209N) I-65 AT PHILLIPS LN","056B00209N","2022","2026","C","FBP","5000000","2032","","",""
"District 05","Jefferson","05-10072.00","I","65","I-65","AM-BRIDGE (P)","131.281","131.309","BRIDGE PROJECT IN JEFFERSON COUNTY ON (056B00210N) I-65 AT MANNING RD","056B00210N","2022","2026","C","FBP","5000000","2032","","",""
"District 05","Jefferson","05-10072.00","I","65","I-65","AM-BRIDGE (P)","131.281","131.309","BRIDGE PROJECT IN JEFFERSON COUNTY ON (056B00210N) I-65 AT MANNING RD","056B00210N","2022","2026","D","FBP","750000","2032","","",""
"District 05","Jefferson","05-10073.00","I","65","I-65","AM-BRIDGE (P)","131.382","131.41","BRIDGE PROJECT IN JEFFERSON COUNTY ON (056B00211N) I-65 AT KFEC GATE 6 DR","056B00211N","2022","2026","C","FBP","5000000","2032","","",""
"District 05","Jefferson","05-10073.00","I","65","I-65","AM-BRIDGE (P)","131.382","131.41","BRIDGE PROJECT IN JEFFERSON COUNTY ON (056B00211N) I-65 AT KFEC GATE 6 DR","056B00211N","2022","2026","D","FBP","750000","2032","","",""
"District 05","Jefferson","05-10075.00","I","264","I-264","AM-BRIDGE (P)","4.605","4.683","BRIDGE PROJECT IN JEFFERSON COUNTY ON (056B00250N) I-264 AT P&L RAILWAY","056B00250N","2022","2026","D","BRX","0","2025","","",""
"District 05","Jefferson","05-10075.00","I","264","I-264","AM-BRIDGE (P)","4.605","4.683","BRIDGE PROJECT IN JEFFERSON COUNTY ON (056B00250N) I-264 AT P&L RAILWAY","056B00250N","2022","2026","C","FBP","35367503","2026","","",""
"District 05","Jefferson","05-10076.00","I","264","I-264","AM-BRIDGE (P)","7.397","7.423","BRIDGE PROJECT IN JEFFERSON COUNTY ON (056B00269N) I-264 EB AT I-264 WB OFF RAMP","056B00269N","2022","2026","D","BRO","96734","2031","","",""
"District 05","Jefferson","05-10076.00","I","264","I-264","AM-BRIDGE (P)","7.397","7.423","BRIDGE PROJECT IN JEFFERSON COUNTY ON (056B00269N) I-264 EB AT I-264 WB OFF RAMP","056B00269N","2022","2026","C","BRO","644896","2031","","",""
"District 05","Jefferson","05-10077.00","I","264","I-264","AM-BRIDGE (P)","0.385","0.441","BRIDGE PROJECT IN JEFFERSON COUNTY ON (056B00273N) I-264 EB ON RAMP AT P&L RAILWAY","056B00273N","2022","2026","C","FBP","9539336","2031","","",""
"District 05","Jefferson","05-10077.00","I","264","I-264","AM-BRIDGE (P)","0.385","0.441","BRIDGE PROJECT IN JEFFERSON COUNTY ON (056B00273N) I-264 EB ON RAMP AT P&L RAILWAY","056B00273N","2022","2026","D","FBP","1430900","2031","","",""
"District 05","Jefferson","05-10078.00","I","64","I-64","AM-BRIDGE (P)","0.131","0.171","BRIDGE PROJECT IN JEFFERSON COUNTY ON (056B00278N) I-64 WB RAMP AT I-64 EB","056B00278N","2022","2026","C","BRO","3087310","2032","","",""
"District 05","Jefferson","05-10078.00","I","64","I-64","AM-BRIDGE (P)","0.131","0.171","BRIDGE PROJECT IN JEFFERSON COUNTY ON (056B00278N) I-64 WB RAMP AT I-64 EB","056B00278N","2022","2026","D","BRO","463096","2032","","",""
"District 05","Jefferson","05-10082.00","I","65","I-65","AM-BRIDGE (P)","129.765","129.789","BRIDGE PROJECT IN JEFFERSON COUNTY ON (056B00389N) I-65 AT GRADE LN","056B00389N","2022","2026","C","FBP","5819814","2031","","",""
"District 05","Jefferson","05-10082.00","I","65","I-65","AM-BRIDGE (P)","129.765","129.789","BRIDGE PROJECT IN JEFFERSON COUNTY ON (056B00389N) I-65 AT GRADE LN","056B00389N","2022","2026","D","BRO","872972","2031","","",""
"District 05","Jefferson","05-10083.00","I","65","I-65","AM-BRIDGE (P)","130.023","130.037","BRIDGE PROJECT IN JEFFERSON COUNTY ON (056B00390N) I-65 AT STANDIFORD LN","056B00390N","2022","2026","C","FBP","6932898","2031","","",""
"District 05","Jefferson","05-10083.00","I","65","I-65","AM-BRIDGE (P)","130.023","130.037","BRIDGE PROJECT IN JEFFERSON COUNTY ON (056B00390N) I-65 AT STANDIFORD LN","056B00390N","2022","2026","D","FBP","1039935","2031","","",""
"District 05","Jefferson","05-10099.00","I","65","I-65","AM-BRIDGE (P)","135.55","135.61","BRIDGE PROJECT IN JEFFERSON COUNTY ON (056B00193N) I-65 AT BROOK/MUHAMMAD ALI. (POTENTIAL CMGC DELIVERY PROJECT)","056B00193N","2024","2026","C","FBP","76800410","2027","","",""
"District 05","Jefferson","05-10099.00","I","65","I-65","AM-BRIDGE (P)","135.55","135.61","BRIDGE PROJECT IN JEFFERSON COUNTY ON (056B00193N) I-65 AT BROOK/MUHAMMAD ALI. (POTENTIAL CMGC DELIVERY PROJECT)","056B00193N","2024","2026","D","FBP","10545062","2027","","",""
"District 05","Jefferson","05-10099.00","I","65","I-65","AM-BRIDGE (P)","135.55","135.61","BRIDGE PROJECT IN JEFFERSON COUNTY ON (056B00193N) I-65 AT BROOK/MUHAMMAD ALI. (POTENTIAL CMGC DELIVERY PROJECT)","056B00193N","2024","2026","R","FBP","100000","2027","","",""
"District 05","Jefferson","05-10099.00","I","65","I-65","AM-BRIDGE (P)","135.55","135.61","BRIDGE PROJECT IN JEFFERSON COUNTY ON (056B00193N) I-65 AT BROOK/MUHAMMAD ALI. (POTENTIAL CMGC DELIVERY PROJECT)","056B00193N","2024","2026","U","FBP","150000","2027","","",""
"District 05","Jefferson","05-10100.00","I","65","I-65","AM-BRIDGE (P)","0.094","0.106","BRIDGE PROJECT IN JEFFERSON COUNTY ON (056B00194N) I-65 AT MUHAMMAD ALI SB ON-RAMP. (POTENTIAL CMGC DELIVERY PROJECT)","056B00194N","2024","2026","D","FBP","154954","2028","","",""
"District 05","Jefferson","05-10100.00","I","65","I-65","AM-BRIDGE (P)","0.094","0.106","BRIDGE PROJECT IN JEFFERSON COUNTY ON (056B00194N) I-65 AT MUHAMMAD ALI SB ON-RAMP. (POTENTIAL CMGC DELIVERY PROJECT)","056B00194N","2024","2026","C","FBP","1033024","2028","","",""
"District 05","Jefferson","05-10100.00","I","65","I-65","AM-BRIDGE (P)","0.094","0.106","BRIDGE PROJECT IN JEFFERSON COUNTY ON (056B00194N) I-65 AT MUHAMMAD ALI SB ON-RAMP. (POTENTIAL CMGC DELIVERY PROJECT)","056B00194N","2024","2026","U","FBP","75000","2026","","",""
"District 05","Jefferson","05-10100.00","I","65","I-65","AM-BRIDGE (P)","0.094","0.106","BRIDGE PROJECT IN JEFFERSON COUNTY ON (056B00194N) I-65 AT MUHAMMAD ALI SB ON-RAMP. (POTENTIAL CMGC DELIVERY PROJECT)","056B00194N","2024","2026","R","FBP","50000","2026","","",""
"District 05","Jefferson","05-10101.00","I","65","I-65","AM-BRIDGE (P)","135.74","135.76","BRIDGE PROJECT IN JEFFERSON COUNTY ON (056B00195R) I-65 NB AT FLOYD STREET. (POTENTIAL CMGC DELIVERY PROJECT)","056B00195R","2024","2026","R","FBP","50000","2026","","",""
"District 05","Jefferson","05-10101.00","I","65","I-65","AM-BRIDGE (P)","135.74","135.76","BRIDGE PROJECT IN JEFFERSON COUNTY ON (056B00195R) I-65 NB AT FLOYD STREET. (POTENTIAL CMGC DELIVERY PROJECT)","056B00195R","2024","2026","D","BRX","611386","2027","","",""
"District 05","Jefferson","05-10101.00","I","65","I-65","AM-BRIDGE (P)","135.74","135.76","BRIDGE PROJECT IN JEFFERSON COUNTY ON (056B00195R) I-65 NB AT FLOYD STREET. (POTENTIAL CMGC DELIVERY PROJECT)","056B00195R","2024","2026","U","FBP","75000","2026","","",""
"District 05","Jefferson","05-10101.00","I","65","I-65","AM-BRIDGE (P)","135.74","135.76","BRIDGE PROJECT IN JEFFERSON COUNTY ON (056B00195R) I-65 NB AT FLOYD STREET. (POTENTIAL CMGC DELIVERY PROJECT)","056B00195R","2024","2026","C","BRX","4075906","2027","","",""
"District 05","Jefferson","05-10102.00","I","65","I-65","AM-BRIDGE (P)","135.8","135.82","BRIDGE PROJECT IN JEFFERSON COUNTY ON (056B00197R) I-65 NB AT E. LIBERTY STREET. (POTENTIAL CMGC DELIVERY PROJECT)","056B00197R","2024","2026","D","BRX","1408057","2027","","",""
"District 05","Jefferson","05-10102.00","I","65","I-65","AM-BRIDGE (P)","135.8","135.82","BRIDGE PROJECT IN JEFFERSON COUNTY ON (056B00197R) I-65 NB AT E. LIBERTY STREET. (POTENTIAL CMGC DELIVERY PROJECT)","056B00197R","2024","2026","C","BRX","9387049","2027","","",""
"District 05","Jefferson","05-10102.00","I","65","I-65","AM-BRIDGE (P)","135.8","135.82","BRIDGE PROJECT IN JEFFERSON COUNTY ON (056B00197R) I-65 NB AT E. LIBERTY STREET. (POTENTIAL CMGC DELIVERY PROJECT)","056B00197R","2024","2026","R","FBP","50000","2026","","",""
"District 05","Jefferson","05-10102.00","I","65","I-65","AM-BRIDGE (P)","135.8","135.82","BRIDGE PROJECT IN JEFFERSON COUNTY ON (056B00197R) I-65 NB AT E. LIBERTY STREET. (POTENTIAL CMGC DELIVERY PROJECT)","056B00197R","2024","2026","U","FBP","75000","2026","","",""
"District 05","Jefferson","05-10103.00","I","65","I-65","AM-BRIDGE (P)","134.42","134.45","BRIDGE PROJECT IN JEFFERSON COUNTY ON (056B00186N) I-65 AT OAK STREET. (POTENTIAL CMGC DELIVERY PROJECT)","056B00186N","2024","2026","C","BRO","5000000","2032","","",""
"District 05","Jefferson","05-10103.00","I","65","I-65","AM-BRIDGE (P)","134.42","134.45","BRIDGE PROJECT IN JEFFERSON COUNTY ON (056B00186N) I-65 AT OAK STREET. (POTENTIAL CMGC DELIVERY PROJECT)","056B00186N","2024","2026","R","FBP","50000","2026","","",""
"District 05","Jefferson","05-10103.00","I","65","I-65","AM-BRIDGE (P)","134.42","134.45","BRIDGE PROJECT IN JEFFERSON COUNTY ON (056B00186N) I-65 AT OAK STREET. (POTENTIAL CMGC DELIVERY PROJECT)","056B00186N","2024","2026","U","FBP","75000","2026","","",""
"District 05","Jefferson","05-10103.00","I","65","I-65","AM-BRIDGE (P)","134.42","134.45","BRIDGE PROJECT IN JEFFERSON COUNTY ON (056B00186N) I-65 AT OAK STREET. (POTENTIAL CMGC DELIVERY PROJECT)","056B00186N","2024","2026","D","FBP","750000","2032","","",""
"District 05","Jefferson","05-10104.00","I","65","I-65","AM-BRIDGE (P)","133.32","133.34","BRIDGE PROJECT IN JEFFERSON COUNTY ON (056B00182N) I-65 AT BRANDIES AVE. (POTENTIAL CMGC DELIVERY PROJECT)","056B00182N","2024","2026","R","FBP","50000","2028","","",""
"District 05","Jefferson","05-10104.00","I","65","I-65","AM-BRIDGE (P)","133.32","133.34","BRIDGE PROJECT IN JEFFERSON COUNTY ON (056B00182N) I-65 AT BRANDIES AVE. (POTENTIAL CMGC DELIVERY PROJECT)","056B00182N","2024","2026","C","FBP","15537793","2029","","",""
"District 05","Jefferson","05-10104.00","I","65","I-65","AM-BRIDGE (P)","133.32","133.34","BRIDGE PROJECT IN JEFFERSON COUNTY ON (056B00182N) I-65 AT BRANDIES AVE. (POTENTIAL CMGC DELIVERY PROJECT)","056B00182N","2024","2026","D","FBP","2330669","2028","","",""
"District 05","Jefferson","05-10104.00","I","65","I-65","AM-BRIDGE (P)","133.32","133.34","BRIDGE PROJECT IN JEFFERSON COUNTY ON (056B00182N) I-65 AT BRANDIES AVE. (POTENTIAL CMGC DELIVERY PROJECT)","056B00182N","2024","2026","U","FBP","75000","2028","","",""
"District 05","Jefferson","05-10105.00","I","65","I-65","AM-BRIDGE (P)","133.04","133.07","BRIDGE PROJECT IN JEFFERSON COUNTY ON (056B00181N) I-65 AT UNIVERSITY BLVD. (POTENTIAL CMGC DELIVERY PROJECT)","056B00181N","2024","2026","U","FBP","75000","2026","","",""
"District 05","Jefferson","05-10105.00","I","65","I-65","AM-BRIDGE (P)","133.04","133.07","BRIDGE PROJECT IN JEFFERSON COUNTY ON (056B00181N) I-65 AT UNIVERSITY BLVD. (POTENTIAL CMGC DELIVERY PROJECT)","056B00181N","2024","2026","R","FBP","50000","2026","","",""
"District 05","Jefferson","05-10105.00","I","65","I-65","AM-BRIDGE (P)","133.04","133.07","BRIDGE PROJECT IN JEFFERSON COUNTY ON (056B00181N) I-65 AT UNIVERSITY BLVD. (POTENTIAL CMGC DELIVERY PROJECT)","056B00181N","2024","2026","C","BRO","17497802","2029","","",""
"District 05","Jefferson","05-10105.00","I","65","I-65","AM-BRIDGE (P)","133.04","133.07","BRIDGE PROJECT IN JEFFERSON COUNTY ON (056B00181N) I-65 AT UNIVERSITY BLVD. (POTENTIAL CMGC DELIVERY PROJECT)","056B00181N","2024","2026","D","FBP","2624670","2028","","",""
"District 05","Jefferson","05-10106.00","I","65","I-65","AM-BRIDGE (P)","132.19","132.22","BRIDGE PROJECT IN JEFFERSON COUNTY ON (056B00212N) I-65 AT BRADLEY AVE. (POTENTIAL CMGC DELIVERY PROJECT)","056B00212N","2024","2026","U","FBP","75000","2026","","",""
"District 05","Jefferson","05-10106.00","I","65","I-65","AM-BRIDGE (P)","132.19","132.22","BRIDGE PROJECT IN JEFFERSON COUNTY ON (056B00212N) I-65 AT BRADLEY AVE. (POTENTIAL CMGC DELIVERY PROJECT)","056B00212N","2024","2026","R","FBP","50000","2026","","",""
"District 05","Jefferson","05-10106.00","I","65","I-65","AM-BRIDGE (P)","132.19","132.22","BRIDGE PROJECT IN JEFFERSON COUNTY ON (056B00212N) I-65 AT BRADLEY AVE. (POTENTIAL CMGC DELIVERY PROJECT)","056B00212N","2024","2026","C","FBP2","14287927","2026","","",""
"District 05","Jefferson","05-10112.00","KY","1703","KY-1703","AM-BRIDGE (P)","0.981","1.029","ADDRESS DEFICIENCIES OF BRIDGE ON CR 1002 OVER NS RAILROAD & HIKES LN (056B00122L)","056B00122L","2024","2026","D","BRX","1129560","2031","","",""
"District 05","Jefferson","05-10112.00","KY","1703","KY-1703","AM-BRIDGE (P)","0.981","1.029","ADDRESS DEFICIENCIES OF BRIDGE ON CR 1002 OVER NS RAILROAD & HIKES LN (056B00122L)","056B00122L","2024","2026","C","BRX","7530401","2031","","",""
"District 05","Jefferson","05-10113.00","KY","1703","KY-1703","AM-BRIDGE (P)","0.975","1.023","ADDRESS DEFICIENCIES OF BRIDGE ON CR 1002 OVER NS RAILROAD & HIKES LN (056B00122R)","056B00122R","2024","2026","C","BRX","7530401","2031","","",""
"District 05","Jefferson","05-10113.00","KY","1703","KY-1703","AM-BRIDGE (P)","0.975","1.023","ADDRESS DEFICIENCIES OF BRIDGE ON CR 1002 OVER NS RAILROAD & HIKES LN (056B00122R)","056B00122R","2024","2026","D","BRX","1129560","2031","","",""
"District 05","Jefferson","05-10115.00","US","31","US-31","AM-BRIDGE (P)","0.159","1.091","ADDRESS DEFICIENCIES OF BRIDGE ON US 31 OVER OHIO RIVER (056B00136N)","056B00136N","2024","2026","C","FBP","40546500","2026","","",""
"District 05","Jefferson","05-10115.00","US","31","US-31","AM-BRIDGE (P)","0.159","1.091","ADDRESS DEFICIENCIES OF BRIDGE ON US 31 OVER OHIO RIVER (056B00136N)","056B00136N","2024","2026","D","FBP","1050000","2026","","",""
"District 05","Jefferson","05-20016.00","I","264","I-264","AM-PAVEMENT (INT)(P)","12.7","18.41","ADDRESS CONDITION OF I-264 FROM MILEPOINT 12.7 TO MILEPOINT 18.41","","2018","2026","D","NHPM","2730000","2026","","",""
"District 05","Jefferson","05-20016.00","I","264","I-264","AM-PAVEMENT (INT)(P)","12.7","18.41","ADDRESS CONDITION OF I-264 FROM MILEPOINT 12.7 TO MILEPOINT 18.41","","2018","2026","C","NHPM","27270000","2026","","",""
"District 05","Jefferson","05-20022.00","KY","841","KY-841","AM-PAVEMENT (PRI)(P)","0.0","10.25","ADDRESS CONDITION OF KY-841 FROM MILEPOINT 0 TO MILEPOINT 10.25","","2018","2026","D","NHPM","1312000","2032","","",""
"District 05","Jefferson","05-20022.00","KY","841","KY-841","AM-PAVEMENT (PRI)(P)","0.0","10.25","ADDRESS CONDITION OF KY-841 FROM MILEPOINT 0 TO MILEPOINT 10.25","","2018","2026","C","NHPM","15088000","2032","","",""
"District 05","Jefferson","05-20024.00","KY","913","KY-913","AM-PAVEMENT (PRI)(P)","2.384","3.072","ADDRESS CONDITION OF KY-913 FROM MILEPOINT 2.38 TO MILEPOINT 3.07","","2018","2026","D","STP5","60000","2028","","",""
"District 05","Jefferson","05-20024.00","KY","913","KY-913","AM-PAVEMENT (PRI)(P)","2.384","3.072","ADDRESS CONDITION OF KY-913 FROM MILEPOINT 2.38 TO MILEPOINT 3.07","","2018","2026","C","STP5","690000","2028","","",""
"District 05","Jefferson","05-20025.00","KY","1020","KY-1020","AM-PAVEMENT (PRI)(P)","2.669","3.661","ADDRESS CONDITION OF KY-1020 FROM MILEPOINT 2.67 TO MILEPOINT 3.66","","2018","2026","C","STP5","920000","2028","","",""
"District 05","Jefferson","05-20025.00","KY","1020","KY-1020","AM-PAVEMENT (PRI)(P)","2.669","3.661","ADDRESS CONDITION OF KY-1020 FROM MILEPOINT 2.67 TO MILEPOINT 3.66","","2018","2026","D","STP5","80000","2028","","",""
"District 05","Jefferson","05-20027.00","KY","1932","KY-1932","AM-PAVEMENT (PRI)(P)","3.21","3.8","ADDRESS CONDITION OF KY-1932 FROM MILEPOINT 3.21 TO MILEPOINT 3.8","","2018","2026","C","STP5","920000","2028","","",""
"District 05","Jefferson","05-20027.00","KY","1932","KY-1932","AM-PAVEMENT (PRI)(P)","3.21","3.8","ADDRESS CONDITION OF KY-1932 FROM MILEPOINT 3.21 TO MILEPOINT 3.8","","2018","2026","D","STP5","80000","2028","","",""
"District 05","Jefferson","05-20028.00","KY","1934","KY-1934","AM-PAVEMENT (PRI)(P)","0.0","4.444","ADDRESS CONDITION OF KY-1934 FROM MILEPOINT 0 TO MILEPOINT 4.44","","2018","2026","D","NHPM","340000","2029","","",""
"District 05","Jefferson","05-20028.00","KY","1934","KY-1934","AM-PAVEMENT (PRI)(P)","0.0","4.444","ADDRESS CONDITION OF KY-1934 FROM MILEPOINT 0 TO MILEPOINT 4.44","","2018","2026","C","NHPM","3910000","2030","","",""
"District 05","Jefferson","05-20029.00","KY","1934","KY-1934","AM-PAVEMENT (PRI)(P)","4.444","9.742","ADDRESS CONDITION OF KY-1934 FROM MILEPOINT 4.44 TO MILEPOINT 9.74","","2018","2026","C","STP3","5520000","2028","","",""
"District 05","Jefferson","05-20029.00","KY","1934","KY-1934","AM-PAVEMENT (PRI)(P)","4.444","9.742","ADDRESS CONDITION OF KY-1934 FROM MILEPOINT 4.44 TO MILEPOINT 9.74","","2018","2026","D","STP3","480000","2028","","",""
"District 05","Jefferson","05-20030.00","KY","2048","KY-2048","AM-PAVEMENT (PRI)(P)","0.0","1.13","ADDRESS CONDITION OF KY-2048 FROM MILEPOINT 0 TO MILEPOINT 1.13","","2018","2026","C","STP5","1012000","2029","","",""
"District 05","Jefferson","05-20030.00","KY","2048","KY-2048","AM-PAVEMENT (PRI)(P)","0.0","1.13","ADDRESS CONDITION OF KY-2048 FROM MILEPOINT 0 TO MILEPOINT 1.13","","2018","2026","D","STP5","88000","2029","","",""
"District 05","Jefferson","05-20031.00","KY","2052","KY-2052","AM-PAVEMENT (PRI)(P)","0.0","4.205","ADDRESS CONDITION OF KY-2052 FROM MILEPOINT 0 TO MILEPOINT 4.205","","2018","2026","C","STP3","3864000","2029","","",""
"District 05","Jefferson","05-20031.00","KY","2052","KY-2052","AM-PAVEMENT (PRI)(P)","0.0","4.205","ADDRESS CONDITION OF KY-2052 FROM MILEPOINT 0 TO MILEPOINT 4.205","","2018","2026","D","STP3","336000","2029","","",""
"District 05","Jefferson","05-20065.00","I","64","I-64","AM-PAVEMENT (INT)(P)","0.795","5.217","ADDRESS CONDITION OF I-064 FROM MILEPOINT 0.795 (0.828 CARDINAL) TO MILEPOINT 5.217 (4.935 NON-CARDINAL)","","2024","2026","C","NHPM","5455000","2031","","",""
"District 05","Jefferson","05-20065.00","I","64","I-64","AM-PAVEMENT (INT)(P)","0.795","5.217","ADDRESS CONDITION OF I-064 FROM MILEPOINT 0.795 (0.828 CARDINAL) TO MILEPOINT 5.217 (4.935 NON-CARDINAL)","","2024","2026","D","NHPM","550000","2031","","",""
"District 05","Jefferson","05-20067.00","I","65","I-65","AM-PAVEMENT (INT)(P)","127.57","131.24","ADDRESS CONDITION OF I-065 FROM MILEPOINT 127.57 TO MILEPOINT 131.24","","2024","2026","C","NHPM","7910000","2029","","",""
"District 05","Jefferson","05-20067.00","I","65","I-65","AM-PAVEMENT (INT)(P)","127.57","131.24","ADDRESS CONDITION OF I-065 FROM MILEPOINT 127.57 TO MILEPOINT 131.24","","2024","2026","D","NHPM","790000","2029","","",""
"District 05","Jefferson","05-20069.00","I","265","I-265","AM-PAVEMENT (INT)(P)","18.8","23.364","ADDRESS CONDITION OF I-265 FROM MILEPOINT 18.8 TO MILEPOINT 23.364","","2024","2026","D","NHPM","770000","2026","","",""
"District 05","Jefferson","05-20069.00","I","265","I-265","AM-PAVEMENT (INT)(P)","18.8","23.364","ADDRESS CONDITION OF I-265 FROM MILEPOINT 18.8 TO MILEPOINT 23.364","","2024","2026","C","NHPM","7680738","2026","","",""
"District 05","Jefferson","05-22023.00","I","64","I-64","AM-PAVEMENT (INT)(P)","11.574","13.206","ADDRESS CONDITION OF I-064 FROM MILEPOINT 11.574 TO MILEPOINT 13.206 (13.124 CARDINAL)","","2022","2026","D","NHPM","2500000","2032","","",""
"District 05","Jefferson","05-22023.00","I","64","I-64","AM-PAVEMENT (INT)(P)","11.574","13.206","ADDRESS CONDITION OF I-064 FROM MILEPOINT 11.574 TO MILEPOINT 13.206 (13.124 CARDINAL)","","2022","2026","C","STP5","11000000","2032","","",""
"District 05","Jefferson","05-22024.00","I","64","I-64","AM-PAVEMENT (INT)(P)","13.124","19.146","ADDRESS CONDITION OF I-064 FROM MILEPOINT 13.124 (13.206 NON-CARDINAL) TO MILEPOINT 19.44","","2022","2026","C","NHPM","18180000","2028","","",""
"District 05","Jefferson","05-22024.00","I","64","I-64","AM-PAVEMENT (INT)(P)","13.124","19.146","ADDRESS CONDITION OF I-064 FROM MILEPOINT 13.124 (13.206 NON-CARDINAL) TO MILEPOINT 19.44","","2022","2026","D","NHPM","1820000","2028","","",""
"District 05","Jefferson","05-22069.00","I","65","I-65","AM-PAVEMENT (INT)(P)","123.18","127.57","ADDRESS CONDITION OF I-065 FROM MILEPOINT 123.18 TO MILEPOINT 127.57","","2022","2026","C","NHPM","76000000","2029","","",""
"District 05","Jefferson","05-22069.00","I","65","I-65","AM-PAVEMENT (INT)(P)","123.18","127.57","ADDRESS CONDITION OF I-065 FROM MILEPOINT 123.18 TO MILEPOINT 127.57","","2022","2026","D","NHPM","3600000","2028","","",""
"District 05","Jefferson","05-22070.00","I","65","I-65","AM-PAVEMENT (INT)(P)","131.24","136.338","ADDRESS CONDITION OF I-065 FROM MILEPOINT 131.24 TO MILEPOINT 136.338","","2022","2026","C","NHPM","14000000","2026","","",""
"District 05","Jefferson","05-22070.00","I","65","I-65","AM-PAVEMENT (INT)(P)","131.24","136.338","ADDRESS CONDITION OF I-065 FROM MILEPOINT 131.24 TO MILEPOINT 136.338","","2022","2026","D","NHPM","1400000","2026","","",""
"District 05","Jefferson","05-22096.00","I","71","I-71","AM-PAVEMENT (INT)(P)","0.0","3.706","ADDRESS CONDITION OF I-071 FROM MILEPOINT 0 TO MILEPOINT 3.66","","2022","2026","D","STP5","200000","2030","","",""
"District 05","Jefferson","05-22096.00","I","71","I-71","AM-PAVEMENT (INT)(P)","0.0","3.706","ADDRESS CONDITION OF I-071 FROM MILEPOINT 0 TO MILEPOINT 3.66","","2022","2026","C","STP5","2000000","2030","","",""
"District 05","Jefferson","05-22140.00","I","264","I-264","AM-PAVEMENT (INT)(P)","18.41","20.7","ADDRESS CONDITION OF I-264 FROM MILEPOINT 18.41 TO MILEPOINT 20.7","","2022","2026","C","NHPM","5449257","2030","","",""
"District 05","Jefferson","05-22140.00","I","264","I-264","AM-PAVEMENT (INT)(P)","18.41","20.7","ADDRESS CONDITION OF I-264 FROM MILEPOINT 18.41 TO MILEPOINT 20.7","","2022","2026","D","NHPM","540000","2030","","",""
"District 05","Jefferson","05-80000.00","KY","1531","KY-1531","SPOT IMPROVEMENTS","5.62","9.2","EASTWOOD FISHERSVILLE CONNECTOR TO I-64 (2026CCN)","","2018","2026","R","NH","8000000","2030","","",""
"District 05","Jefferson","05-80000.00","KY","1531","KY-1531","SPOT IMPROVEMENTS","5.62","9.2","EASTWOOD FISHERSVILLE CONNECTOR TO I-64 (2026CCN)","","2018","2026","C","NH","45000000","2032","","",""
"District 05","Jefferson","05-80000.00","KY","1531","KY-1531","SPOT IMPROVEMENTS","5.62","9.2","EASTWOOD FISHERSVILLE CONNECTOR TO I-64 (2026CCN)","","2018","2026","U","NH","2000000","2031","","",""
"District 05","Jefferson","05-80000.00","KY","1531","KY-1531","SPOT IMPROVEMENTS","5.62","9.2","EASTWOOD FISHERSVILLE CONNECTOR TO I-64 (2026CCN)","","2018","2026","P","SPP","0","2022","","",""
"District 05","Jefferson","05-80000.00","KY","1531","KY-1531","SPOT IMPROVEMENTS","5.62","9.2","EASTWOOD FISHERSVILLE CONNECTOR TO I-64 (2026CCN)","","2018","2026","D","NH","5000000","2027","","",""
"District 05","Jefferson","05-80001.00","US","60","US-60","AM-ASSET MGT(P)","11.093","11.684","IMPROVE OPERATIONS ALONG US-60 FROM OLD SHELBYVILLE ROAD TO NORTH ENGLISH STATION ROAD. (18CCN)  (2020CCR) (2024CCR)","","2018","2026","P","SPP","0","0","","",""
"District 05","Jefferson","05-80001.00","US","60","US-60","AM-ASSET MGT(P)","11.093","11.684","IMPROVE OPERATIONS ALONG US-60 FROM OLD SHELBYVILLE ROAD TO NORTH ENGLISH STATION ROAD. (18CCN)  (2020CCR) (2024CCR)","","2018","2026","D","NH","0","2022","","",""
"District 05","Jefferson","05-80001.00","US","60","US-60","AM-ASSET MGT(P)","11.093","11.684","IMPROVE OPERATIONS ALONG US-60 FROM OLD SHELBYVILLE ROAD TO NORTH ENGLISH STATION ROAD. (18CCN)  (2020CCR) (2024CCR)","","2018","2026","C","NH","4680000","2030","","",""
"District 05","Jefferson","05-80001.00","US","60","US-60","AM-ASSET MGT(P)","11.093","11.684","IMPROVE OPERATIONS ALONG US-60 FROM OLD SHELBYVILLE ROAD TO NORTH ENGLISH STATION ROAD. (18CCN)  (2020CCR) (2024CCR)","","2018","2026","U","NH","700000","2027","","",""
"District 05","Jefferson","05-80001.00","US","60","US-60","AM-ASSET MGT(P)","11.093","11.684","IMPROVE OPERATIONS ALONG US-60 FROM OLD SHELBYVILLE ROAD TO NORTH ENGLISH STATION ROAD. (18CCN)  (2020CCR) (2024CCR)","","2018","2026","R","NH","650000","2026","","",""
"District 05","Jefferson","05-80003.00","PF","9999","PF-9999","NEW ROUTE(O)","","","EXTEND PLANTSIDE DRIVE FROM REHL ROAD TO TAYLORSVILLE ROAD. (18CCN)(2020CCR) (2022CCR) (2024CCR). To be completed through an MOA with the city of Louisville. (2026CCR)","","2018","2026","C","CRP","13000000","2028","","",""
"District 05","Jefferson","05-80003.00","PF","9999","PF-9999","NEW ROUTE(O)","","","EXTEND PLANTSIDE DRIVE FROM REHL ROAD TO TAYLORSVILLE ROAD. (18CCN)(2020CCR) (2022CCR) (2024CCR). To be completed through an MOA with the city of Louisville. (2026CCR)","","2018","2026","R","SPP","200000","2026","","",""
"District 05","Jefferson","05-80003.00","PF","9999","PF-9999","NEW ROUTE(O)","","","EXTEND PLANTSIDE DRIVE FROM REHL ROAD TO TAYLORSVILLE ROAD. (18CCN)(2020CCR) (2022CCR) (2024CCR). To be completed through an MOA with the city of Louisville. (2026CCR)","","2018","2026","D","STPF","1790000","2026","","",""
"District 05","Jefferson","05-80003.00","PF","9999","PF-9999","NEW ROUTE(O)","","","EXTEND PLANTSIDE DRIVE FROM REHL ROAD TO TAYLORSVILLE ROAD. (18CCN)(2020CCR) (2022CCR) (2024CCR). To be completed through an MOA with the city of Louisville. (2026CCR)","","2018","2026","U","SPP","800000","2026","","",""
"District 05","Jefferson","05-80006.00","I","65","I-65","NEW INTERCHANGE","125.557","126.209","CONSTRUCT NEW INTERCHANGE ON KY-841 AT THE RENAISSANCE SOUTH BUSINESS PARK(18CCN) (FUNDED WITH LOCAL FUNDS) (2024CCN)","","2018","2026","C","NH","16330000","2029","","",""
"District 05","Jefferson","05-80108.00","CR","1015","CR-1015","MINOR WIDENING(O)","0.0","1.229","WIDEN AND IMPROVE RANGELAND RD FROM POLAR LEVEL RD TO SHEPHERDSVILLE RD (2020CCN) (2022CCR) (2024CCR)","","2020","2026","R","SPP","1380000","2029","","",""
"District 05","Jefferson","05-80108.00","CR","1015","CR-1015","MINOR WIDENING(O)","0.0","1.229","WIDEN AND IMPROVE RANGELAND RD FROM POLAR LEVEL RD TO SHEPHERDSVILLE RD (2020CCN) (2022CCR) (2024CCR)","","2020","2026","U","SPP","1150000","2030","","",""
"District 05","Jefferson","05-80108.00","CR","1015","CR-1015","MINOR WIDENING(O)","0.0","1.229","WIDEN AND IMPROVE RANGELAND RD FROM POLAR LEVEL RD TO SHEPHERDSVILLE RD (2020CCN) (2022CCR) (2024CCR)","","2020","2026","C","SPP","3500000","2031","","",""
"District 05","Jefferson","05-80110.00","KY","2055","KY-2055","TRANSP ENHANCEMENT(P)","0.295","0.763","CONSTRUCT A SIDEWALK ALONG MT HOLLY RD FROM CHARLENE DR TO FOX AVE FOR CORAL RIDGE ELEMENTARY (2020CCN)","","2020","2026","C","SPP","330000","2031","","",""
"District 05","Jefferson","05-80110.00","KY","2055","KY-2055","TRANSP ENHANCEMENT(P)","0.295","0.763","CONSTRUCT A SIDEWALK ALONG MT HOLLY RD FROM CHARLENE DR TO FOX AVE FOR CORAL RIDGE ELEMENTARY (2020CCN)","","2020","2026","U","SPP","40000","2030","","",""
"District 05","Jefferson","05-80110.00","KY","2055","KY-2055","TRANSP ENHANCEMENT(P)","0.295","0.763","CONSTRUCT A SIDEWALK ALONG MT HOLLY RD FROM CHARLENE DR TO FOX AVE FOR CORAL RIDGE ELEMENTARY (2020CCN)","","2020","2026","R","SPP","40000","2029","","",""
"District 05","Jefferson","05-80110.00","KY","2055","KY-2055","TRANSP ENHANCEMENT(P)","0.295","0.763","CONSTRUCT A SIDEWALK ALONG MT HOLLY RD FROM CHARLENE DR TO FOX AVE FOR CORAL RIDGE ELEMENTARY (2020CCN)","","2020","2026","D","SPP","0","2022","","",""
"District 05","Jefferson","05-80200.00","KY","2050","KY-2050","CONGESTION MITIGTN(O)","0.95","1.5","Reduce congestion, improve safety, and enhance mobility on KY 2050 (Herr Lane) from Prince Valiant Drive/Westmar Terrace to Bedford Lane. (2022CCN) (2024CCR)","","2022","2026","U","SPP","2030000","2029","","",""
"District 05","Jefferson","05-80200.00","KY","2050","KY-2050","CONGESTION MITIGTN(O)","0.95","1.5","Reduce congestion, improve safety, and enhance mobility on KY 2050 (Herr Lane) from Prince Valiant Drive/Westmar Terrace to Bedford Lane. (2022CCN) (2024CCR)","","2022","2026","R","SPP","580000","2027","","",""
"District 05","Jefferson","05-80200.00","KY","2050","KY-2050","CONGESTION MITIGTN(O)","0.95","1.5","Reduce congestion, improve safety, and enhance mobility on KY 2050 (Herr Lane) from Prince Valiant Drive/Westmar Terrace to Bedford Lane. (2022CCN) (2024CCR)","","2022","2026","D","SPP","0","2024","","",""
"District 05","Jefferson","05-80200.00","KY","2050","KY-2050","CONGESTION MITIGTN(O)","0.95","1.5","Reduce congestion, improve safety, and enhance mobility on KY 2050 (Herr Lane) from Prince Valiant Drive/Westmar Terrace to Bedford Lane. (2022CCN) (2024CCR)","","2022","2026","C","SPP","2860000","2030","","",""
"District 05","Jefferson","05-80203.00","KY","1065","KY-1065","SAFETY(P)","4.93","7.66","Improve safety and reduce congestion on KY 1065 (Outer Loop) from I-65 to KY 2052 (Shepherdsville Road). Project will evaluate the addition of one travel lane in each direction and consider accommodations for bicyclists and pedestrians (2022CCN) (2024CCR)","","2022","2026","C","STPF","27250000","2032","","",""
"District 05","Jefferson","05-80203.00","KY","1065","KY-1065","SAFETY(P)","4.93","7.66","Improve safety and reduce congestion on KY 1065 (Outer Loop) from I-65 to KY 2052 (Shepherdsville Road). Project will evaluate the addition of one travel lane in each direction and consider accommodations for bicyclists and pedestrians (2022CCN) (2024CCR)","","2022","2026","R","STPF","3440000","2030","","",""
"District 05","Jefferson","05-80203.00","KY","1065","KY-1065","SAFETY(P)","4.93","7.66","Improve safety and reduce congestion on KY 1065 (Outer Loop) from I-65 to KY 2052 (Shepherdsville Road). Project will evaluate the addition of one travel lane in each direction and consider accommodations for bicyclists and pedestrians (2022CCN) (2024CCR)","","2022","2026","U","STPF","2730000","2031","","",""
"District 05","Jefferson","05-80203.00","KY","1065","KY-1065","SAFETY(P)","4.93","7.66","Improve safety and reduce congestion on KY 1065 (Outer Loop) from I-65 to KY 2052 (Shepherdsville Road). Project will evaluate the addition of one travel lane in each direction and consider accommodations for bicyclists and pedestrians (2022CCN) (2024CCR)","","2022","2026","D","STPF","2450000","2029","","",""
"District 05","Jefferson","05-80204.00","KY","1931","KY-1931","CONGESTION MITIGTN(O)","5.48","7.7","Improve safety and reduce congestion on KY 1931 (Manslick Road) from KY 1931 (St. Andrews Church Road) to I-264 (Henry Watterson Expressway). Project will evaluate 3-lane widening and consider accommodations for bicyclists and pedestrians. (2022CCN) (2024","","2022","2026","R","SPP","6650000","2029","","",""
"District 05","Jefferson","05-80204.00","KY","1931","KY-1931","CONGESTION MITIGTN(O)","5.48","7.7","Improve safety and reduce congestion on KY 1931 (Manslick Road) from KY 1931 (St. Andrews Church Road) to I-264 (Henry Watterson Expressway). Project will evaluate 3-lane widening and consider accommodations for bicyclists and pedestrians. (2022CCN) (2024","","2022","2026","D","SPP","0","2024","","",""
"District 05","Jefferson","05-80204.00","KY","1931","KY-1931","CONGESTION MITIGTN(O)","5.48","7.7","Improve safety and reduce congestion on KY 1931 (Manslick Road) from KY 1931 (St. Andrews Church Road) to I-264 (Henry Watterson Expressway). Project will evaluate 3-lane widening and consider accommodations for bicyclists and pedestrians. (2022CCN) (2024","","2022","2026","U","SPP","12030000","2030","","",""
"District 05","Jefferson","05-80204.00","KY","1931","KY-1931","CONGESTION MITIGTN(O)","5.48","7.7","Improve safety and reduce congestion on KY 1931 (Manslick Road) from KY 1931 (St. Andrews Church Road) to I-264 (Henry Watterson Expressway). Project will evaluate 3-lane widening and consider accommodations for bicyclists and pedestrians. (2022CCN) (2024","","2022","2026","C","SPP","10270000","2031","","",""
"District 05","Jefferson","05-80205.00","KY","61","KY-61","RECONSTRUCTION(O)","1.395","8.4","Improve safety, reduce congestion, and improve multi-modal transportation options along KY 61 from Commerce Crossings Dr (BMP 1.395) to Briden Avenue (EMP 8.400) including the I-264 (Watterson Expressway) and I-265 (Gene Snyder Freeway) interchanges. (202","","2022","2026","D","NH","6570000","2029","","",""
"District 05","Jefferson","05-80205.00","KY","61","KY-61","RECONSTRUCTION(O)","1.395","8.4","Improve safety, reduce congestion, and improve multi-modal transportation options along KY 61 from Commerce Crossings Dr (BMP 1.395) to Briden Avenue (EMP 8.400) including the I-264 (Watterson Expressway) and I-265 (Gene Snyder Freeway) interchanges. (202","","2022","2026","R","NH","10510000","2030","","",""
"District 05","Jefferson","05-80205.00","KY","61","KY-61","RECONSTRUCTION(O)","1.395","8.4","Improve safety, reduce congestion, and improve multi-modal transportation options along KY 61 from Commerce Crossings Dr (BMP 1.395) to Briden Avenue (EMP 8.400) including the I-264 (Watterson Expressway) and I-265 (Gene Snyder Freeway) interchanges. (202","","2022","2026","P","STPF","0","2024","","",""
"District 05","Jefferson","05-80205.00","KY","61","KY-61","RECONSTRUCTION(O)","1.395","8.4","Improve safety, reduce congestion, and improve multi-modal transportation options along KY 61 from Commerce Crossings Dr (BMP 1.395) to Briden Avenue (EMP 8.400) including the I-264 (Watterson Expressway) and I-265 (Gene Snyder Freeway) interchanges. (202","","2022","2026","U","NH","10570000","2031","","",""
"District 05","Jefferson","05-80205.00","KY","61","KY-61","RECONSTRUCTION(O)","1.395","8.4","Improve safety, reduce congestion, and improve multi-modal transportation options along KY 61 from Commerce Crossings Dr (BMP 1.395) to Briden Avenue (EMP 8.400) including the I-264 (Watterson Expressway) and I-265 (Gene Snyder Freeway) interchanges. (202","","2022","2026","C","NH","58850000","2032","","",""
"District 05","Jefferson","05-80250.00","CR","1006","CR-1006","AIR QUALITY(P)","0.0","0.009","DESIGN AND CONSTRUCTION OF A REALIGNED OLD BARDSTOWN ROAD TO ALIGN WITH THE ENTRANCE TO WALGREENS AT HILLOCK. (MILEPOINT 0.0 TO MILEPOINT 0.01) WITH A MEMORANDUM OF AGREEMENT WITH THE LOUISVILLE METRO GOVERNMENT.  (2022CCN)","","2022","2026","C","SPP","440000","2026","","",""
"District 05","Jefferson","05-80250.00","CR","1006","CR-1006","AIR QUALITY(P)","0.0","0.009","DESIGN AND CONSTRUCTION OF A REALIGNED OLD BARDSTOWN ROAD TO ALIGN WITH THE ENTRANCE TO WALGREENS AT HILLOCK. (MILEPOINT 0.0 TO MILEPOINT 0.01) WITH A MEMORANDUM OF AGREEMENT WITH THE LOUISVILLE METRO GOVERNMENT.  (2022CCN)","","2022","2026","U","SPP","40000","2026","","",""
"District 05","Jefferson","05-80250.00","CR","1006","CR-1006","AIR QUALITY(P)","0.0","0.009","DESIGN AND CONSTRUCTION OF A REALIGNED OLD BARDSTOWN ROAD TO ALIGN WITH THE ENTRANCE TO WALGREENS AT HILLOCK. (MILEPOINT 0.0 TO MILEPOINT 0.01) WITH A MEMORANDUM OF AGREEMENT WITH THE LOUISVILLE METRO GOVERNMENT.  (2022CCN)","","2022","2026","D","SPP","70000","2026","","",""
"District 05","Jefferson","05-80258.00","KY","1819","KY-1819","AIR QUALITY(P)","11.76","12.81","REDUCE CONGESTION, IMPROVE SAFETY, AND ENHANCE MOBILITY ON KY 1819 (WATTERSON TRAIL) FROM BLUEGRASS PARKWAY TO BLANKENBAKER PARKWAY (KY 913) (2022CCN) (2024CCR)","","2022","2026","U","SPP","1600000","2028","","",""
"District 05","Jefferson","05-80258.00","KY","1819","KY-1819","AIR QUALITY(P)","11.76","12.81","REDUCE CONGESTION, IMPROVE SAFETY, AND ENHANCE MOBILITY ON KY 1819 (WATTERSON TRAIL) FROM BLUEGRASS PARKWAY TO BLANKENBAKER PARKWAY (KY 913) (2022CCN) (2024CCR)","","2022","2026","D","SPP","575000","2026","","",""
"District 05","Jefferson","05-80258.00","KY","1819","KY-1819","AIR QUALITY(P)","11.76","12.81","REDUCE CONGESTION, IMPROVE SAFETY, AND ENHANCE MOBILITY ON KY 1819 (WATTERSON TRAIL) FROM BLUEGRASS PARKWAY TO BLANKENBAKER PARKWAY (KY 913) (2022CCN) (2024CCR)","","2022","2026","C","SPP","12480000","2029","","",""
"District 05","Jefferson","05-80258.00","KY","1819","KY-1819","AIR QUALITY(P)","11.76","12.81","REDUCE CONGESTION, IMPROVE SAFETY, AND ENHANCE MOBILITY ON KY 1819 (WATTERSON TRAIL) FROM BLUEGRASS PARKWAY TO BLANKENBAKER PARKWAY (KY 913) (2022CCN) (2024CCR)","","2022","2026","R","SPP","530000","2027","","",""
"District 05","Jefferson","05-80259.00","US","31","US-31","AIR QUALITY(P)","13.129","14.63","RIGHT SIZING AND PEDESTRIAN ACCESS IMPROVEMENTS ON US 31E FROM MILEPOINT 14.625 TO MILEPOINT 13.125 (2022CCN)","","2022","2026","C","NH","2240000","2026","","",""
"District 05","Jefferson","05-80259.00","US","31","US-31","AIR QUALITY(P)","13.129","14.63","RIGHT SIZING AND PEDESTRIAN ACCESS IMPROVEMENTS ON US 31E FROM MILEPOINT 14.625 TO MILEPOINT 13.125 (2022CCN)","","2022","2026","D","SPP","0","2025","","",""
"District 05","Jefferson","05-80261.00","US","31","US-31","PLANNING-OKI(O)","0.0","5.6","Reduce congestion, improve safety and enhance mobility along the US 31E (Bardstown Road) corridor from the Bullitt/Jefferson County line to KY 1065 (Beulah Church/Seatonville Road). (MP 0.0 – MP 5.6) (2022CCN) (2024CCR)","","2022","2026","P","SPP","0","2023","","",""
"District 05","Jefferson","05-80261.00","US","31","US-31","PLANNING-OKI(O)","0.0","5.6","Reduce congestion, improve safety and enhance mobility along the US 31E (Bardstown Road) corridor from the Bullitt/Jefferson County line to KY 1065 (Beulah Church/Seatonville Road). (MP 0.0 – MP 5.6) (2022CCN) (2024CCR)","","2022","2026","C","NH","138800000","2032","","",""
"District 05","Jefferson","05-80261.00","US","31","US-31","PLANNING-OKI(O)","0.0","5.6","Reduce congestion, improve safety and enhance mobility along the US 31E (Bardstown Road) corridor from the Bullitt/Jefferson County line to KY 1065 (Beulah Church/Seatonville Road). (MP 0.0 – MP 5.6) (2022CCN) (2024CCR)","","2022","2026","D","NH","5830000","2029","","",""
"District 05","Jefferson","05-80261.00","US","31","US-31","PLANNING-OKI(O)","0.0","5.6","Reduce congestion, improve safety and enhance mobility along the US 31E (Bardstown Road) corridor from the Bullitt/Jefferson County line to KY 1065 (Beulah Church/Seatonville Road). (MP 0.0 – MP 5.6) (2022CCN) (2024CCR)","","2022","2026","R","NH","3360000","2030","","",""
"District 05","Jefferson","05-80261.00","US","31","US-31","PLANNING-OKI(O)","0.0","5.6","Reduce congestion, improve safety and enhance mobility along the US 31E (Bardstown Road) corridor from the Bullitt/Jefferson County line to KY 1065 (Beulah Church/Seatonville Road). (MP 0.0 – MP 5.6) (2022CCN) (2024CCR)","","2022","2026","U","NH","2800000","2031","","",""
"District 05","Jefferson","05-80261.10","US","31","US-31","SAFETY(P)","7.1","7.18","Add dedicated eastbound left and right turn lanes from Thixton Lane (KY 2053) onto Bardstown Rd (US 31E) (MP 1.946) (2026CCN)","","2026","2026","C","STPF","2000000","2027","","",""
"District 05","Jefferson","05-80261.10","US","31","US-31","SAFETY(P)","7.1","7.18","Add dedicated eastbound left and right turn lanes from Thixton Lane (KY 2053) onto Bardstown Rd (US 31E) (MP 1.946) (2026CCN)","","2026","2026","R","STPF","50000","2027","","",""
"District 05","Jefferson","05-80261.10","US","31","US-31","SAFETY(P)","7.1","7.18","Add dedicated eastbound left and right turn lanes from Thixton Lane (KY 2053) onto Bardstown Rd (US 31E) (MP 1.946) (2026CCN)","","2026","2026","D","STPF","150000","2026","","",""
"District 05","Jefferson","05-80261.10","US","31","US-31","SAFETY(P)","7.1","7.18","Add dedicated eastbound left and right turn lanes from Thixton Lane (KY 2053) onto Bardstown Rd (US 31E) (MP 1.946) (2026CCN)","","2026","2026","U","STPF","50000","2027","","",""
"District 05","Jefferson","05-80261.20","US","31","US-31","SAFETY(P)","4.088","4.09","Provide offset left turns on Bardstown Rd (US 31E) at Hillock Drive/ Colonel Hancock Drive Intersection (MP 4.089) (2026CCN)","","2026","2026","C","STPF","2000000","2027","","",""
"District 05","Jefferson","05-80261.20","US","31","US-31","SAFETY(P)","4.088","4.09","Provide offset left turns on Bardstown Rd (US 31E) at Hillock Drive/ Colonel Hancock Drive Intersection (MP 4.089) (2026CCN)","","2026","2026","D","STPF","150000","2026","","",""
"District 05","Jefferson","05-80261.20","US","31","US-31","SAFETY(P)","4.088","4.09","Provide offset left turns on Bardstown Rd (US 31E) at Hillock Drive/ Colonel Hancock Drive Intersection (MP 4.089) (2026CCN)","","2026","2026","U","STPF","50000","2027","","",""
"District 05","Jefferson","05-80261.20","US","31","US-31","SAFETY(P)","4.088","4.09","Provide offset left turns on Bardstown Rd (US 31E) at Hillock Drive/ Colonel Hancock Drive Intersection (MP 4.089) (2026CCN)","","2026","2026","R","STPF","50000","2027","","",""
"District 05","Jefferson","05-80261.30","US","31","US-31","SAFETY(P)","4.368","4.37","Add dedicated turn lanes from Cedar Creek Rd to Bardstown Rd (US 31E). (2nd EB left turn and EB right turn lanes) (MP 4.369) (2026CCN)","","2026","2026","C","STPF","2000000","2029","","",""
"District 05","Jefferson","05-80261.30","US","31","US-31","SAFETY(P)","4.368","4.37","Add dedicated turn lanes from Cedar Creek Rd to Bardstown Rd (US 31E). (2nd EB left turn and EB right turn lanes) (MP 4.369) (2026CCN)","","2026","2026","U","STPF","50000","2027","","",""
"District 05","Jefferson","05-80261.30","US","31","US-31","SAFETY(P)","4.368","4.37","Add dedicated turn lanes from Cedar Creek Rd to Bardstown Rd (US 31E). (2nd EB left turn and EB right turn lanes) (MP 4.369) (2026CCN)","","2026","2026","R","STPF","50000","2027","","",""
"District 05","Jefferson","05-80261.30","US","31","US-31","SAFETY(P)","4.368","4.37","Add dedicated turn lanes from Cedar Creek Rd to Bardstown Rd (US 31E). (2nd EB left turn and EB right turn lanes) (MP 4.369) (2026CCN)","","2026","2026","D","STPF","150000","2026","","",""
"District 05","Jefferson","05-80300.00","US","31","US-31","DESIGN ENGINEERING(O)","10.967","13.585","TRANSPORTATION SYSTEM MANAGEMENT & TRANSPORTATION DEMAND MANAGEMENT ACTIVITIES ON US 31E (BARDSTOWN ROAD) BETWEEN DOUGLASS BOULEVARD & HIKES LANE. TRANSPORTATION SYSTEM MANAGEMENT (TSMO) PROJECTS ARE INTENDED TO IMPROVE THE OPERATION CAPACITY OF EXISTING.","","2024","2026","P","SPP","200000","2026","","",""
"District 05","Jefferson","05-80300.00","US","31","US-31","DESIGN ENGINEERING(O)","10.967","13.585","TRANSPORTATION SYSTEM MANAGEMENT & TRANSPORTATION DEMAND MANAGEMENT ACTIVITIES ON US 31E (BARDSTOWN ROAD) BETWEEN DOUGLASS BOULEVARD & HIKES LANE. TRANSPORTATION SYSTEM MANAGEMENT (TSMO) PROJECTS ARE INTENDED TO IMPROVE THE OPERATION CAPACITY OF EXISTING.","","2024","2026","R","SPP","500000","2030","","",""
"District 05","Jefferson","05-80300.00","US","31","US-31","DESIGN ENGINEERING(O)","10.967","13.585","TRANSPORTATION SYSTEM MANAGEMENT & TRANSPORTATION DEMAND MANAGEMENT ACTIVITIES ON US 31E (BARDSTOWN ROAD) BETWEEN DOUGLASS BOULEVARD & HIKES LANE. TRANSPORTATION SYSTEM MANAGEMENT (TSMO) PROJECTS ARE INTENDED TO IMPROVE THE OPERATION CAPACITY OF EXISTING.","","2024","2026","C","SPP","5000000","2032","","",""
"District 05","Jefferson","05-80300.00","US","31","US-31","DESIGN ENGINEERING(O)","10.967","13.585","TRANSPORTATION SYSTEM MANAGEMENT & TRANSPORTATION DEMAND MANAGEMENT ACTIVITIES ON US 31E (BARDSTOWN ROAD) BETWEEN DOUGLASS BOULEVARD & HIKES LANE. TRANSPORTATION SYSTEM MANAGEMENT (TSMO) PROJECTS ARE INTENDED TO IMPROVE THE OPERATION CAPACITY OF EXISTING.","","2024","2026","D","SPP","500000","2029","","",""
"District 05","Jefferson","05-80300.00","US","31","US-31","DESIGN ENGINEERING(O)","10.967","13.585","TRANSPORTATION SYSTEM MANAGEMENT & TRANSPORTATION DEMAND MANAGEMENT ACTIVITIES ON US 31E (BARDSTOWN ROAD) BETWEEN DOUGLASS BOULEVARD & HIKES LANE. TRANSPORTATION SYSTEM MANAGEMENT (TSMO) PROJECTS ARE INTENDED TO IMPROVE THE OPERATION CAPACITY OF EXISTING.","","2024","2026","U","SPP","500000","2031","","",""
"District 05","Jefferson","05-80302.00","US","31","US-31","SAFETY(P)","1.8","7.7","TRANSPORTATION SYSTEM MANAGEMENT IMPROVEMENTS ON US 31W FROM KY 841 TO KY 44 IN SOUTHERN JEFFERSON COUNTY; TO INCLUDE THE CONSIDERATION OF ACCESS MANAGEMENT AND SAFETY IMPROVEMENTS. (2024CCN)","","2024","2026","U","SPP","8690000","2031","","",""
"District 05","Jefferson","05-80302.00","US","31","US-31","SAFETY(P)","1.8","7.7","TRANSPORTATION SYSTEM MANAGEMENT IMPROVEMENTS ON US 31W FROM KY 841 TO KY 44 IN SOUTHERN JEFFERSON COUNTY; TO INCLUDE THE CONSIDERATION OF ACCESS MANAGEMENT AND SAFETY IMPROVEMENTS. (2024CCN)","","2024","2026","P","SPP","0","2025","","",""
"District 05","Jefferson","05-80302.00","US","31","US-31","SAFETY(P)","1.8","7.7","TRANSPORTATION SYSTEM MANAGEMENT IMPROVEMENTS ON US 31W FROM KY 841 TO KY 44 IN SOUTHERN JEFFERSON COUNTY; TO INCLUDE THE CONSIDERATION OF ACCESS MANAGEMENT AND SAFETY IMPROVEMENTS. (2024CCN)","","2024","2026","C","SPP","3330000","2032","","",""
"District 05","Jefferson","05-80302.00","US","31","US-31","SAFETY(P)","1.8","7.7","TRANSPORTATION SYSTEM MANAGEMENT IMPROVEMENTS ON US 31W FROM KY 841 TO KY 44 IN SOUTHERN JEFFERSON COUNTY; TO INCLUDE THE CONSIDERATION OF ACCESS MANAGEMENT AND SAFETY IMPROVEMENTS. (2024CCN)","","2024","2026","D","NH","3710000","2027","","",""
"District 05","Jefferson","05-80302.00","US","31","US-31","SAFETY(P)","1.8","7.7","TRANSPORTATION SYSTEM MANAGEMENT IMPROVEMENTS ON US 31W FROM KY 841 TO KY 44 IN SOUTHERN JEFFERSON COUNTY; TO INCLUDE THE CONSIDERATION OF ACCESS MANAGEMENT AND SAFETY IMPROVEMENTS. (2024CCN)","","2024","2026","R","SPP","8350000","2030","","",""
"District 05","Jefferson","05-80303.00","KY","1065","KY-1065","CONGESTION MITIGTN(O)","6.055","6.155","IMPROVE SAFETY AND REDUCE CONGESTION AT THE KY 1065 AND KY 61 INTERSECTION. PROJECT WILL CONSIDER ADDING A RIGHT TURN LANE ON WESTBOUND KY 1065 (OUTER LOOP) AT KY 61 (PRESTON HIGHWAY). (2024CCN)","","2024","2026","U","SPP","240000","2031","","",""
"District 05","Jefferson","05-80303.00","KY","1065","KY-1065","CONGESTION MITIGTN(O)","6.055","6.155","IMPROVE SAFETY AND REDUCE CONGESTION AT THE KY 1065 AND KY 61 INTERSECTION. PROJECT WILL CONSIDER ADDING A RIGHT TURN LANE ON WESTBOUND KY 1065 (OUTER LOOP) AT KY 61 (PRESTON HIGHWAY). (2024CCN)","","2024","2026","R","SPP","240000","2030","","",""
"District 05","Jefferson","05-80303.00","KY","1065","KY-1065","CONGESTION MITIGTN(O)","6.055","6.155","IMPROVE SAFETY AND REDUCE CONGESTION AT THE KY 1065 AND KY 61 INTERSECTION. PROJECT WILL CONSIDER ADDING A RIGHT TURN LANE ON WESTBOUND KY 1065 (OUTER LOOP) AT KY 61 (PRESTON HIGHWAY). (2024CCN)","","2024","2026","C","SPP","2400000","2032","","",""
"District 05","Jefferson","05-80303.00","KY","1065","KY-1065","CONGESTION MITIGTN(O)","6.055","6.155","IMPROVE SAFETY AND REDUCE CONGESTION AT THE KY 1065 AND KY 61 INTERSECTION. PROJECT WILL CONSIDER ADDING A RIGHT TURN LANE ON WESTBOUND KY 1065 (OUTER LOOP) AT KY 61 (PRESTON HIGHWAY). (2024CCN)","","2024","2026","D","SPP","200000","2029","","",""
"District 05","Jefferson","05-80304.00","KY","1531","KY-1531","RELOCATION(O)","9.799","11.888","RELOCATE & RECONSTRUCT KY 1531 (JOHNSON ROAD) WITH IMPROVED GEOMETRY FROM US 60 (SHELBYVILLE ROAD) TO AIKEN ROAD. PROJECT WILL CONSIDER A 2 LANE ROAD (NO ADDITIONAL LANES) AND A 4 TO 6 FOOT SHOULDER. (2024CCN)","","2024","2026","U","SPP","240000","2031","","",""
"District 05","Jefferson","05-80304.00","KY","1531","KY-1531","RELOCATION(O)","9.799","11.888","RELOCATE & RECONSTRUCT KY 1531 (JOHNSON ROAD) WITH IMPROVED GEOMETRY FROM US 60 (SHELBYVILLE ROAD) TO AIKEN ROAD. PROJECT WILL CONSIDER A 2 LANE ROAD (NO ADDITIONAL LANES) AND A 4 TO 6 FOOT SHOULDER. (2024CCN)","","2024","2026","D","SPP","970000","2029","","",""
"District 05","Jefferson","05-80304.00","KY","1531","KY-1531","RELOCATION(O)","9.799","11.888","RELOCATE & RECONSTRUCT KY 1531 (JOHNSON ROAD) WITH IMPROVED GEOMETRY FROM US 60 (SHELBYVILLE ROAD) TO AIKEN ROAD. PROJECT WILL CONSIDER A 2 LANE ROAD (NO ADDITIONAL LANES) AND A 4 TO 6 FOOT SHOULDER. (2024CCN)","","2024","2026","R","SPP","470000","2030","","",""
"District 05","Jefferson","05-80304.00","KY","1531","KY-1531","RELOCATION(O)","9.799","11.888","RELOCATE & RECONSTRUCT KY 1531 (JOHNSON ROAD) WITH IMPROVED GEOMETRY FROM US 60 (SHELBYVILLE ROAD) TO AIKEN ROAD. PROJECT WILL CONSIDER A 2 LANE ROAD (NO ADDITIONAL LANES) AND A 4 TO 6 FOOT SHOULDER. (2024CCN)","","2024","2026","C","SPP","10190000","2032","","",""
"District 05","Jefferson","05-80306.00","CR","1001","CR-1001","CONGESTION MITIGTN(O)","2.106","4.058","IMPROVE SAFETY AND REDUCE CONGESTION ON GRADE LANE FROM KY 1065 (OUTER LOOP) TO KY 1631 (FERN VALLEY ROAD). PROJECT DESIGN WILL EVALUATE 3-LANE WIDENING WITH TWO-WAY CENTER TURN LANE AND CONSIDER BICYCLE AND PEDESTRIAN FACILITIES. (2024CCN)","","2024","2026","U","SPP","300000","2031","","",""
"District 05","Jefferson","05-80306.00","CR","1001","CR-1001","CONGESTION MITIGTN(O)","2.106","4.058","IMPROVE SAFETY AND REDUCE CONGESTION ON GRADE LANE FROM KY 1065 (OUTER LOOP) TO KY 1631 (FERN VALLEY ROAD). PROJECT DESIGN WILL EVALUATE 3-LANE WIDENING WITH TWO-WAY CENTER TURN LANE AND CONSIDER BICYCLE AND PEDESTRIAN FACILITIES. (2024CCN)","","2024","2026","C","SPP","13500000","2032","","",""
"District 05","Jefferson","05-80306.00","CR","1001","CR-1001","CONGESTION MITIGTN(O)","2.106","4.058","IMPROVE SAFETY AND REDUCE CONGESTION ON GRADE LANE FROM KY 1065 (OUTER LOOP) TO KY 1631 (FERN VALLEY ROAD). PROJECT DESIGN WILL EVALUATE 3-LANE WIDENING WITH TWO-WAY CENTER TURN LANE AND CONSIDER BICYCLE AND PEDESTRIAN FACILITIES. (2024CCN)","","2024","2026","R","SPP","700000","2031","","",""
"District 05","Jefferson","05-80306.00","CR","1001","CR-1001","CONGESTION MITIGTN(O)","2.106","4.058","IMPROVE SAFETY AND REDUCE CONGESTION ON GRADE LANE FROM KY 1065 (OUTER LOOP) TO KY 1631 (FERN VALLEY ROAD). PROJECT DESIGN WILL EVALUATE 3-LANE WIDENING WITH TWO-WAY CENTER TURN LANE AND CONSIDER BICYCLE AND PEDESTRIAN FACILITIES. (2024CCN)","","2024","2026","D","SPP","1200000","2030","","",""
"District 05","Jefferson","05-80306.00","CR","1001","CR-1001","CONGESTION MITIGTN(O)","2.106","4.058","IMPROVE SAFETY AND REDUCE CONGESTION ON GRADE LANE FROM KY 1065 (OUTER LOOP) TO KY 1631 (FERN VALLEY ROAD). PROJECT DESIGN WILL EVALUATE 3-LANE WIDENING WITH TWO-WAY CENTER TURN LANE AND CONSIDER BICYCLE AND PEDESTRIAN FACILITIES. (2024CCN)","","2024","2026","P","SPP","185000","2029","","",""
"District 05","Jefferson","05-80310.00","KY","22","KY-22","CONGESTION MITIGTN(O)","6.05","6.725","IMPROVE TRAFFIC OPERATIONS ON KY 22 FROM JUST EAST OF MURPHY LANE TO HAUNZ LANE. PROJECT DESIGN WILL EVALUATE 3-LANE WIDENING WITH TWOWAY CENTER TURN LANE. (2024CCN) (2026CCR)","","2024","2026","D","SPP","650000","2029","","",""
"District 05","Jefferson","05-80310.00","KY","22","KY-22","CONGESTION MITIGTN(O)","6.05","6.725","IMPROVE TRAFFIC OPERATIONS ON KY 22 FROM JUST EAST OF MURPHY LANE TO HAUNZ LANE. PROJECT DESIGN WILL EVALUATE 3-LANE WIDENING WITH TWOWAY CENTER TURN LANE. (2024CCN) (2026CCR)","","2024","2026","C","SPP","4000000","2031","","",""
"District 05","Jefferson","05-80310.00","KY","22","KY-22","CONGESTION MITIGTN(O)","6.05","6.725","IMPROVE TRAFFIC OPERATIONS ON KY 22 FROM JUST EAST OF MURPHY LANE TO HAUNZ LANE. PROJECT DESIGN WILL EVALUATE 3-LANE WIDENING WITH TWOWAY CENTER TURN LANE. (2024CCN) (2026CCR)","","2024","2026","R","SPP","420000","2029","","",""
"District 05","Jefferson","05-80310.00","KY","22","KY-22","CONGESTION MITIGTN(O)","6.05","6.725","IMPROVE TRAFFIC OPERATIONS ON KY 22 FROM JUST EAST OF MURPHY LANE TO HAUNZ LANE. PROJECT DESIGN WILL EVALUATE 3-LANE WIDENING WITH TWOWAY CENTER TURN LANE. (2024CCN) (2026CCR)","","2024","2026","U","SPP","630000","2030","","",""
"District 05","Jefferson","05-80311.00","CS","1005","CS-1005","BIKE/PED FACIL(O)","2.151","2.541","WEST KENTUCKY STREET (CS 1005) MASTER PLAN PROJECT FROM 18TH STREET TO 4TH STREET. PROJECT WILL CONSIDER SIDEWALK IMPROVEMENTS, BICYCLE FACILITIES, IMPROVEMENTS TO THE RAIL CROSSING AT 15TH STREET, AND THE ADDITION OF STREET TREES. (2024CCN)","","2024","2026","C","SPP","6600000","2031","","",""
"District 05","Jefferson","05-80311.00","CS","1005","CS-1005","BIKE/PED FACIL(O)","2.151","2.541","WEST KENTUCKY STREET (CS 1005) MASTER PLAN PROJECT FROM 18TH STREET TO 4TH STREET. PROJECT WILL CONSIDER SIDEWALK IMPROVEMENTS, BICYCLE FACILITIES, IMPROVEMENTS TO THE RAIL CROSSING AT 15TH STREET, AND THE ADDITION OF STREET TREES. (2024CCN)","","2024","2026","D","SPP","520000","2029","","",""
"District 05","Jefferson","05-80311.00","CS","1005","CS-1005","BIKE/PED FACIL(O)","2.151","2.541","WEST KENTUCKY STREET (CS 1005) MASTER PLAN PROJECT FROM 18TH STREET TO 4TH STREET. PROJECT WILL CONSIDER SIDEWALK IMPROVEMENTS, BICYCLE FACILITIES, IMPROVEMENTS TO THE RAIL CROSSING AT 15TH STREET, AND THE ADDITION OF STREET TREES. (2024CCN)","","2024","2026","U","SPP","300000","2030","","",""
"District 05","Jefferson","05-80311.00","CS","1005","CS-1005","BIKE/PED FACIL(O)","2.151","2.541","WEST KENTUCKY STREET (CS 1005) MASTER PLAN PROJECT FROM 18TH STREET TO 4TH STREET. PROJECT WILL CONSIDER SIDEWALK IMPROVEMENTS, BICYCLE FACILITIES, IMPROVEMENTS TO THE RAIL CROSSING AT 15TH STREET, AND THE ADDITION OF STREET TREES. (2024CCN)","","2024","2026","R","SPP","300000","2030","","",""
"District 05","Jefferson","05-80321.00","KY","1932","KY-1932","CONGESTION MITIGTN(O)","3.6","3.9","ADDRESS CONGESTION AND SAFETY ISSUES IN THE VICINITY OF THE BRECKENRIDGE LANE (KY 1932) AND DUTCHMANS LANE INTERSECTION. (2024CCN)","","2024","2026","D","NH","500000","2029","","",""
"District 05","Jefferson","05-80321.00","KY","1932","KY-1932","CONGESTION MITIGTN(O)","3.6","3.9","ADDRESS CONGESTION AND SAFETY ISSUES IN THE VICINITY OF THE BRECKENRIDGE LANE (KY 1932) AND DUTCHMANS LANE INTERSECTION. (2024CCN)","","2024","2026","U","NH","400000","2031","","",""
"District 05","Jefferson","05-80321.00","KY","1932","KY-1932","CONGESTION MITIGTN(O)","3.6","3.9","ADDRESS CONGESTION AND SAFETY ISSUES IN THE VICINITY OF THE BRECKENRIDGE LANE (KY 1932) AND DUTCHMANS LANE INTERSECTION. (2024CCN)","","2024","2026","R","NH","300000","2030","","",""
"District 05","Jefferson","05-80321.00","KY","1932","KY-1932","CONGESTION MITIGTN(O)","3.6","3.9","ADDRESS CONGESTION AND SAFETY ISSUES IN THE VICINITY OF THE BRECKENRIDGE LANE (KY 1932) AND DUTCHMANS LANE INTERSECTION. (2024CCN)","","2024","2026","C","NH","2500000","2032","","",""
"District 05","Jefferson","05-80324.00","CS","1046","CS-1046","RECONSTRUCTION(O)","0.0","0.097","THIS PROJECT IS A MAJOR COMPLETE STREET RE-DESIGN OF 9TH STREET JUST WEST OF THE CENTRAL BUSINESS DISTRICT OF LOUISVILLE FROM THE OHIO RIVER SOUTH TO ITS INTERSECTION WITH BROADWAY. NINTH STREET WAS ORIGINALLY DESIGNED TO SERVE AS A FREIGHT ROUTE WITH (20","","2024","2026","R","SPP","220000","2030","","",""
"District 05","Jefferson","05-80324.00","CS","1046","CS-1046","RECONSTRUCTION(O)","0.0","0.097","THIS PROJECT IS A MAJOR COMPLETE STREET RE-DESIGN OF 9TH STREET JUST WEST OF THE CENTRAL BUSINESS DISTRICT OF LOUISVILLE FROM THE OHIO RIVER SOUTH TO ITS INTERSECTION WITH BROADWAY. NINTH STREET WAS ORIGINALLY DESIGNED TO SERVE AS A FREIGHT ROUTE WITH (20","","2024","2026","D","SPP","2990000","2029","","",""
"District 05","Jefferson","05-80324.00","CS","1046","CS-1046","RECONSTRUCTION(O)","0.0","0.097","THIS PROJECT IS A MAJOR COMPLETE STREET RE-DESIGN OF 9TH STREET JUST WEST OF THE CENTRAL BUSINESS DISTRICT OF LOUISVILLE FROM THE OHIO RIVER SOUTH TO ITS INTERSECTION WITH BROADWAY. NINTH STREET WAS ORIGINALLY DESIGNED TO SERVE AS A FREIGHT ROUTE WITH (20","","2024","2026","U","SPP","390000","2031","","",""
"District 05","Jefferson","05-80324.00","CS","1046","CS-1046","RECONSTRUCTION(O)","0.0","0.097","THIS PROJECT IS A MAJOR COMPLETE STREET RE-DESIGN OF 9TH STREET JUST WEST OF THE CENTRAL BUSINESS DISTRICT OF LOUISVILLE FROM THE OHIO RIVER SOUTH TO ITS INTERSECTION WITH BROADWAY. NINTH STREET WAS ORIGINALLY DESIGNED TO SERVE AS A FREIGHT ROUTE WITH (20","","2024","2026","C","SPP","17460000","2032","","",""
"District 05","Jefferson","05-80330.00","KY","3222","KY-3222","SAFETY(P)","0.0","1.057","SAFETY ANALYSIS OF THE KY 3222 (ROSE ISLAND ROAD) BEGINNING IN JEFFERSON COUNTY MILE POINT 0.0-1.0 AND OLDHAM COUNTY FROM 0.0 TO 3.1 (INTERSECTION OF KY 1793). (2024CCN)","","2024","2026","P","SPP","220000","2027","","",""
"District 05","Jefferson","05-80331.00","CR","1003","CR-1003","SAFETY(P)","0.0","2.317","IMPROVE SAFETY AND OPERATIONS ON ARNOLDTOWN ROAD FROM KY 1931 TO KY 907. PROJECT DESIGN WILL EVALUATE 2 LANE ROAD (NO ADDED LANES).KIPDA ID# 249 (2024CCN)","","2024","2026","D","SPP","2170000","2030","","",""
"District 05","Jefferson","05-80331.00","CR","1003","CR-1003","SAFETY(P)","0.0","2.317","IMPROVE SAFETY AND OPERATIONS ON ARNOLDTOWN ROAD FROM KY 1931 TO KY 907. PROJECT DESIGN WILL EVALUATE 2 LANE ROAD (NO ADDED LANES).KIPDA ID# 249 (2024CCN)","","2024","2026","R","SPP","520000","2031","","",""
"District 05","Jefferson","05-80331.00","CR","1003","CR-1003","SAFETY(P)","0.0","2.317","IMPROVE SAFETY AND OPERATIONS ON ARNOLDTOWN ROAD FROM KY 1931 TO KY 907. PROJECT DESIGN WILL EVALUATE 2 LANE ROAD (NO ADDED LANES).KIPDA ID# 249 (2024CCN)","","2024","2026","P","SPP","250000","2029","","",""
"District 05","Jefferson","05-80331.00","CR","1003","CR-1003","SAFETY(P)","0.0","2.317","IMPROVE SAFETY AND OPERATIONS ON ARNOLDTOWN ROAD FROM KY 1931 TO KY 907. PROJECT DESIGN WILL EVALUATE 2 LANE ROAD (NO ADDED LANES).KIPDA ID# 249 (2024CCN)","","2024","2026","C","SPP","13640000","2032","","",""
"District 05","Jefferson","05-80331.00","CR","1003","CR-1003","SAFETY(P)","0.0","2.317","IMPROVE SAFETY AND OPERATIONS ON ARNOLDTOWN ROAD FROM KY 1931 TO KY 907. PROJECT DESIGN WILL EVALUATE 2 LANE ROAD (NO ADDED LANES).KIPDA ID# 249 (2024CCN)","","2024","2026","U","SPP","190000","2031","","",""
"District 05","Jefferson","05-80334.00","I","64","I-64","CONGESTION MITIGTN(O)","6.348","12.078","IMPROVEMENTS WITHIN THE I-64 CORRIDOR FROM THE KENNEDY INTERCHANGE TO I-264 (WATTERSON EXPRESSWAY) ADDRESSING SAFETY AND CONGESTION ISSUES. THE IMPROVEMENTS MAY INCLUDE BUT ARE NOT LIMITED TO: CONSIDERATION OF ALTERNATIVE TRANSPORTATION MODES, DEPLOYMENT","","2024","2026","R","NH","1490000","2031","","",""
"District 05","Jefferson","05-80334.00","I","64","I-64","CONGESTION MITIGTN(O)","6.348","12.078","IMPROVEMENTS WITHIN THE I-64 CORRIDOR FROM THE KENNEDY INTERCHANGE TO I-264 (WATTERSON EXPRESSWAY) ADDRESSING SAFETY AND CONGESTION ISSUES. THE IMPROVEMENTS MAY INCLUDE BUT ARE NOT LIMITED TO: CONSIDERATION OF ALTERNATIVE TRANSPORTATION MODES, DEPLOYMENT","","2024","2026","U","NH","530000","2031","","",""
"District 05","Jefferson","05-80334.00","I","64","I-64","CONGESTION MITIGTN(O)","6.348","12.078","IMPROVEMENTS WITHIN THE I-64 CORRIDOR FROM THE KENNEDY INTERCHANGE TO I-264 (WATTERSON EXPRESSWAY) ADDRESSING SAFETY AND CONGESTION ISSUES. THE IMPROVEMENTS MAY INCLUDE BUT ARE NOT LIMITED TO: CONSIDERATION OF ALTERNATIVE TRANSPORTATION MODES, DEPLOYMENT","","2024","2026","D","NH","2550000","2029","","",""
"District 05","Jefferson","05-80334.00","I","64","I-64","CONGESTION MITIGTN(O)","6.348","12.078","IMPROVEMENTS WITHIN THE I-64 CORRIDOR FROM THE KENNEDY INTERCHANGE TO I-264 (WATTERSON EXPRESSWAY) ADDRESSING SAFETY AND CONGESTION ISSUES. THE IMPROVEMENTS MAY INCLUDE BUT ARE NOT LIMITED TO: CONSIDERATION OF ALTERNATIVE TRANSPORTATION MODES, DEPLOYMENT","","2024","2026","C","NH","31980000","2032","","",""
"District 05","Jefferson","05-80340.00","KY","1819","KY-1819","SAFETY(P)","10.43","10.79","ENHANCE MOBILITY AND PROVIDE SAFE ACCESS TO COMMUNITY FACILITIES ALONG KY 1819 (WATTERSON TRAIL) FROM SKYVIEW PARK (MP 10.43) TO PLANTSIDE DRIVE (MP 10.79). (2024CCN)","","2024","2026","C","SPP","840000","2032","","",""
"District 05","Jefferson","05-80340.00","KY","1819","KY-1819","SAFETY(P)","10.43","10.79","ENHANCE MOBILITY AND PROVIDE SAFE ACCESS TO COMMUNITY FACILITIES ALONG KY 1819 (WATTERSON TRAIL) FROM SKYVIEW PARK (MP 10.43) TO PLANTSIDE DRIVE (MP 10.79). (2024CCN)","","2024","2026","D","SPP","470000","2029","","",""
"District 05","Jefferson","05-80340.00","KY","1819","KY-1819","SAFETY(P)","10.43","10.79","ENHANCE MOBILITY AND PROVIDE SAFE ACCESS TO COMMUNITY FACILITIES ALONG KY 1819 (WATTERSON TRAIL) FROM SKYVIEW PARK (MP 10.43) TO PLANTSIDE DRIVE (MP 10.79). (2024CCN)","","2024","2026","R","SPP","40000","2030","","",""
"District 05","Jefferson","05-80340.00","KY","1819","KY-1819","SAFETY(P)","10.43","10.79","ENHANCE MOBILITY AND PROVIDE SAFE ACCESS TO COMMUNITY FACILITIES ALONG KY 1819 (WATTERSON TRAIL) FROM SKYVIEW PARK (MP 10.43) TO PLANTSIDE DRIVE (MP 10.79). (2024CCN)","","2024","2026","U","SPP","50000","2031","","",""
"District 05","Jefferson","05-80341.00","KY","1934","KY-1934","SAFETY(P)","0.0","10.08","IMPROVE SAFETY, REDUCE CONGESTION AND ENHANCE MOBILITY ALONG THE KY 1934 (GREENBELT HWY/ CANE RUN RD) CORRIDOR FROM THE KY 841/KY 1934 INTERCHANGE TO RALPH AVE (MP 0.0- MP 10.081). (2024CCN) (2026CCN)","","2024","2026","D","NH","3000000","2029","","",""
"District 05","Jefferson","05-80341.00","KY","1934","KY-1934","SAFETY(P)","0.0","10.08","IMPROVE SAFETY, REDUCE CONGESTION AND ENHANCE MOBILITY ALONG THE KY 1934 (GREENBELT HWY/ CANE RUN RD) CORRIDOR FROM THE KY 841/KY 1934 INTERCHANGE TO RALPH AVE (MP 0.0- MP 10.081). (2024CCN) (2026CCN)","","2024","2026","C","NH","29000000","2032","","",""
"District 05","Jefferson","05-80341.00","KY","1934","KY-1934","SAFETY(P)","0.0","10.08","IMPROVE SAFETY, REDUCE CONGESTION AND ENHANCE MOBILITY ALONG THE KY 1934 (GREENBELT HWY/ CANE RUN RD) CORRIDOR FROM THE KY 841/KY 1934 INTERCHANGE TO RALPH AVE (MP 0.0- MP 10.081). (2024CCN) (2026CCN)","","2024","2026","P","SPP","400000","2029","","",""
"District 05","Jefferson","05-80341.00","KY","1934","KY-1934","SAFETY(P)","0.0","10.08","IMPROVE SAFETY, REDUCE CONGESTION AND ENHANCE MOBILITY ALONG THE KY 1934 (GREENBELT HWY/ CANE RUN RD) CORRIDOR FROM THE KY 841/KY 1934 INTERCHANGE TO RALPH AVE (MP 0.0- MP 10.081). (2024CCN) (2026CCN)","","2024","2026","R","NH","1000000","2030","","",""
"District 05","Jefferson","05-80341.00","KY","1934","KY-1934","SAFETY(P)","0.0","10.08","IMPROVE SAFETY, REDUCE CONGESTION AND ENHANCE MOBILITY ALONG THE KY 1934 (GREENBELT HWY/ CANE RUN RD) CORRIDOR FROM THE KY 841/KY 1934 INTERCHANGE TO RALPH AVE (MP 0.0- MP 10.081). (2024CCN) (2026CCN)","","2024","2026","U","NH","2000000","2031","","",""
"District 05","Jefferson","05-80342.00","US","42","US-42","DESIGN ENGINEERING(O)","0.06","1.02","ROADWAY RECONFIGURATION, ONE-WAY TO TWO-WAY CONVERSION. (2024CCN) (POSSIBLE SLO FUNDING)","","2024","2026","U","SPP","2200000","2030","","",""
"District 05","Jefferson","05-80342.00","US","42","US-42","DESIGN ENGINEERING(O)","0.06","1.02","ROADWAY RECONFIGURATION, ONE-WAY TO TWO-WAY CONVERSION. (2024CCN) (POSSIBLE SLO FUNDING)","","2024","2026","D","SPP","500000","2027","","",""
"District 05","Jefferson","05-80342.00","US","42","US-42","DESIGN ENGINEERING(O)","0.06","1.02","ROADWAY RECONFIGURATION, ONE-WAY TO TWO-WAY CONVERSION. (2024CCN) (POSSIBLE SLO FUNDING)","","2024","2026","C","SPP","2950000","2031","","",""
"District 05","Jefferson","05-80352.00","KY","1865","KY-1865","SAFETY(P)","0.5","5.77","Safety improvements on KY 1865 (New Cut Road)/Taylor Boulevard from MP 0.5 (just south of Old New Cut Road) to MP 5.766 (just north of the I-264 ramp). (2024CCN)","","2024","2026","D","NH","4000000","2029","","",""
"District 05","Jefferson","05-80352.00","KY","1865","KY-1865","SAFETY(P)","0.5","5.77","Safety improvements on KY 1865 (New Cut Road)/Taylor Boulevard from MP 0.5 (just south of Old New Cut Road) to MP 5.766 (just north of the I-264 ramp). (2024CCN)","","2024","2026","U","NH","8000000","2031","","",""
"District 05","Jefferson","05-80352.00","KY","1865","KY-1865","SAFETY(P)","0.5","5.77","Safety improvements on KY 1865 (New Cut Road)/Taylor Boulevard from MP 0.5 (just south of Old New Cut Road) to MP 5.766 (just north of the I-264 ramp). (2024CCN)","","2024","2026","R","NH","9000000","2030","","",""
"District 05","Jefferson","05-80352.00","KY","1865","KY-1865","SAFETY(P)","0.5","5.77","Safety improvements on KY 1865 (New Cut Road)/Taylor Boulevard from MP 0.5 (just south of Old New Cut Road) to MP 5.766 (just north of the I-264 ramp). (2024CCN)","","2024","2026","C","NH","60000000","2032","","",""
"District 05","Jefferson","05-80355.00","US","60","US-60","DESIGN ENGINEERING(O)","6.82","7.32","Improvements from Eastern Parkway Transportation Study between Bardstown Road to Cherokee Park entrance (MP 6.82 -0.322) with a Memorandum of Agreement with the Louisville Metro Government. (2024CCN)","","2024","2026","U","SPP","450000","2030","","",""
"District 05","Jefferson","05-80355.00","US","60","US-60","DESIGN ENGINEERING(O)","6.82","7.32","Improvements from Eastern Parkway Transportation Study between Bardstown Road to Cherokee Park entrance (MP 6.82 -0.322) with a Memorandum of Agreement with the Louisville Metro Government. (2024CCN)","","2024","2026","D","SPP","1130000","2029","","",""
"District 05","Jefferson","05-80355.00","US","60","US-60","DESIGN ENGINEERING(O)","6.82","7.32","Improvements from Eastern Parkway Transportation Study between Bardstown Road to Cherokee Park entrance (MP 6.82 -0.322) with a Memorandum of Agreement with the Louisville Metro Government. (2024CCN)","","2024","2026","C","SPP","6780000","2031","","",""
"District 05","Jefferson","05-80356.00","US","60","US-60","DESIGN ENGINEERING(O)","3.84","4.15","Improvements from Eastern Parkway Transportation Study between Hahn Street to Concord Drive (MP 3.84-4.15) with a Memorandum of Agreement with the Louisville Metro Government. (2024CCN)","","2024","2026","D","SPP","990000","2029","","",""
"District 05","Jefferson","05-80356.00","US","60","US-60","DESIGN ENGINEERING(O)","3.84","4.15","Improvements from Eastern Parkway Transportation Study between Hahn Street to Concord Drive (MP 3.84-4.15) with a Memorandum of Agreement with the Louisville Metro Government. (2024CCN)","","2024","2026","R","SPP","130000","2030","","",""
"District 05","Jefferson","05-80356.00","US","60","US-60","DESIGN ENGINEERING(O)","3.84","4.15","Improvements from Eastern Parkway Transportation Study between Hahn Street to Concord Drive (MP 3.84-4.15) with a Memorandum of Agreement with the Louisville Metro Government. (2024CCN)","","2024","2026","C","SPP","6100000","2031","","",""
"District 05","Jefferson","05-80356.00","US","60","US-60","DESIGN ENGINEERING(O)","3.84","4.15","Improvements from Eastern Parkway Transportation Study between Hahn Street to Concord Drive (MP 3.84-4.15) with a Memorandum of Agreement with the Louisville Metro Government. (2024CCN)","","2024","2026","U","SPP","410000","2030","","",""
"District 05","Jefferson","05-80402.00","US","60","US-60","CONGESTION MITIGATION","3.4","7.9","Reduce congestion using ITS strategies on the following corridors: US 60 (Shelbyville Road) from US 60A (Lexington Road) to KY 1747 (Hurstbourne Parkway), US 150/US 31E (Baxter/Bardstown Road) from US 150 (Broadway) to KY 1747 (Hurstbourne Parkway), KY 15","","2026","2026","U","SPP","300000","2031","","",""
"District 05","Jefferson","05-80402.00","US","60","US-60","CONGESTION MITIGATION","3.4","7.9","Reduce congestion using ITS strategies on the following corridors: US 60 (Shelbyville Road) from US 60A (Lexington Road) to KY 1747 (Hurstbourne Parkway), US 150/US 31E (Baxter/Bardstown Road) from US 150 (Broadway) to KY 1747 (Hurstbourne Parkway), KY 15","","2026","2026","D","SPP","3750000","2029","","",""
"District 05","Jefferson","05-80402.00","US","60","US-60","CONGESTION MITIGATION","3.4","7.9","Reduce congestion using ITS strategies on the following corridors: US 60 (Shelbyville Road) from US 60A (Lexington Road) to KY 1747 (Hurstbourne Parkway), US 150/US 31E (Baxter/Bardstown Road) from US 150 (Broadway) to KY 1747 (Hurstbourne Parkway), KY 15","","2026","2026","C","SPP","17020000","2032","","",""
"District 05","Jefferson","05-80402.00","US","60","US-60","CONGESTION MITIGATION","3.4","7.9","Reduce congestion using ITS strategies on the following corridors: US 60 (Shelbyville Road) from US 60A (Lexington Road) to KY 1747 (Hurstbourne Parkway), US 150/US 31E (Baxter/Bardstown Road) from US 150 (Broadway) to KY 1747 (Hurstbourne Parkway), KY 15","","2026","2026","R","SPP","300000","2030","","",""
"District 05","Jefferson","05-80403.00","KY","155","KY-155","SAFETY(P)","6.88","8.25","Imrpove safety and reduce congestion on KY-155 from Tucker Station Road (MP 6.88) to KY 913/Blankenbaker Pkwy (MP 8.25). (2026CCN)","","2026","2026","C","SPP","16500000","2032","","",""
"District 05","Jefferson","05-80403.00","KY","155","KY-155","SAFETY(P)","6.88","8.25","Imrpove safety and reduce congestion on KY-155 from Tucker Station Road (MP 6.88) to KY 913/Blankenbaker Pkwy (MP 8.25). (2026CCN)","","2026","2026","R","SPP","1500000","2030","","",""
"District 05","Jefferson","05-80403.00","KY","155","KY-155","SAFETY(P)","6.88","8.25","Imrpove safety and reduce congestion on KY-155 from Tucker Station Road (MP 6.88) to KY 913/Blankenbaker Pkwy (MP 8.25). (2026CCN)","","2026","2026","U","SPP","1500000","2031","","",""
"District 05","Jefferson","05-80403.00","KY","155","KY-155","SAFETY(P)","6.88","8.25","Imrpove safety and reduce congestion on KY-155 from Tucker Station Road (MP 6.88) to KY 913/Blankenbaker Pkwy (MP 8.25). (2026CCN)","","2026","2026","D","SPP","1800000","2029","","",""
"District 05","Jefferson","05-80404.00","KY","155","KY-155","SAFETY(P)","4.0","4.4","Improve Traffic Operations and Safety on KY 155 from the Floyds Fork Bridge (MP 4.000) to KY 148 (MP 4.400). (2026CCN)","","2026","2026","R","SPP","500000","2030","","",""
"District 05","Jefferson","05-80404.00","KY","155","KY-155","SAFETY(P)","4.0","4.4","Improve Traffic Operations and Safety on KY 155 from the Floyds Fork Bridge (MP 4.000) to KY 148 (MP 4.400). (2026CCN)","","2026","2026","C","SPP","7000000","2032","","",""
"District 05","Jefferson","05-80404.00","KY","155","KY-155","SAFETY(P)","4.0","4.4","Improve Traffic Operations and Safety on KY 155 from the Floyds Fork Bridge (MP 4.000) to KY 148 (MP 4.400). (2026CCN)","","2026","2026","D","SPP","500000","2028","","",""
"District 05","Jefferson","05-80404.00","KY","155","KY-155","SAFETY(P)","4.0","4.4","Improve Traffic Operations and Safety on KY 155 from the Floyds Fork Bridge (MP 4.000) to KY 148 (MP 4.400). (2026CCN)","","2026","2026","U","SPP","150000","2031","","",""
"District 05","Jefferson","05-80405.00","KY","2049","KY-2049","SAFETY(P)","0.46","1.71","Reduce congestion and improve safety on KY 2049 (Crums Lane) from I-264 underpass to US 31W. Includes consideration of pedestrian facilities, consider bike lane, provide access management and safety improvements from I-264 underpass to US 31W. KIPDA # 20","","2026","2026","U","SPP","1200000","2031","","",""
"District 05","Jefferson","05-80405.00","KY","2049","KY-2049","SAFETY(P)","0.46","1.71","Reduce congestion and improve safety on KY 2049 (Crums Lane) from I-264 underpass to US 31W. Includes consideration of pedestrian facilities, consider bike lane, provide access management and safety improvements from I-264 underpass to US 31W. KIPDA # 20","","2026","2026","R","SPP","1000000","2031","","",""
"District 05","Jefferson","05-80405.00","KY","2049","KY-2049","SAFETY(P)","0.46","1.71","Reduce congestion and improve safety on KY 2049 (Crums Lane) from I-264 underpass to US 31W. Includes consideration of pedestrian facilities, consider bike lane, provide access management and safety improvements from I-264 underpass to US 31W. KIPDA # 20","","2026","2026","P","SPP","200000","2029","","",""
"District 05","Jefferson","05-80405.00","KY","2049","KY-2049","SAFETY(P)","0.46","1.71","Reduce congestion and improve safety on KY 2049 (Crums Lane) from I-264 underpass to US 31W. Includes consideration of pedestrian facilities, consider bike lane, provide access management and safety improvements from I-264 underpass to US 31W. KIPDA # 20","","2026","2026","D","SPP","750000","2030","","",""
"District 05","Jefferson","05-80405.00","KY","2049","KY-2049","SAFETY(P)","0.46","1.71","Reduce congestion and improve safety on KY 2049 (Crums Lane) from I-264 underpass to US 31W. Includes consideration of pedestrian facilities, consider bike lane, provide access management and safety improvements from I-264 underpass to US 31W. KIPDA # 20","","2026","2026","C","SPP","6020000","2032","","",""
"District 05","Jefferson","05-80406.00","US","42","US-42","SPOT IMPROVEMENTS","7.5","7.9","Operational improvements along US 42 from Falls Creek Road (MP 7.5) to Woodstone Way (MP 7.9) (2026CCN)","","2026","2026","D","NH","470000","2026","","",""
"District 05","Jefferson","05-80406.00","US","42","US-42","SPOT IMPROVEMENTS","7.5","7.9","Operational improvements along US 42 from Falls Creek Road (MP 7.5) to Woodstone Way (MP 7.9) (2026CCN)","","2026","2026","U","NH","1320000","2029","","",""
"District 05","Jefferson","05-80406.00","US","42","US-42","SPOT IMPROVEMENTS","7.5","7.9","Operational improvements along US 42 from Falls Creek Road (MP 7.5) to Woodstone Way (MP 7.9) (2026CCN)","","2026","2026","C","NH","7090000","2030","","",""
"District 05","Jefferson","05-80406.00","US","42","US-42","SPOT IMPROVEMENTS","7.5","7.9","Operational improvements along US 42 from Falls Creek Road (MP 7.5) to Woodstone Way (MP 7.9) (2026CCN)","","2026","2026","R","NH","800000","2029","","",""
"District 05","Jefferson","05-80407.00","KY","841","KY-841","UNKNOWN","35.3","35.9","Design and construct a sound barrier wall on the northbound side of I-265 from MP 35.3 to 35.9 (approx. 3,200 feet) (2026CCN)","","2026","2026","D","SPP","250000","2029","","",""
"District 05","Jefferson","05-80407.00","KY","841","KY-841","UNKNOWN","35.3","35.9","Design and construct a sound barrier wall on the northbound side of I-265 from MP 35.3 to 35.9 (approx. 3,200 feet) (2026CCN)","","2026","2026","C","SPP","4350000","2029","","",""
"District 05","Jefferson","05-80408.00","PF","9999","PF-9999","SPOT IMPROVEMENTS","","","Extend Urton Lane from north of I-64 to Seatonville Road. Includes consideration of facilities for all modes (pedestrian, bicycle, SOV, and transit). (2026CCN)","","2026","2026","D","SPP","4000000","2029","","",""
"District 05","Jefferson","05-80408.00","PF","9999","PF-9999","SPOT IMPROVEMENTS","","","Extend Urton Lane from north of I-64 to Seatonville Road. Includes consideration of facilities for all modes (pedestrian, bicycle, SOV, and transit). (2026CCN)","","2026","2026","C","SPP","52000000","2032","","",""
"District 05","Jefferson","05-80408.00","PF","9999","PF-9999","SPOT IMPROVEMENTS","","","Extend Urton Lane from north of I-64 to Seatonville Road. Includes consideration of facilities for all modes (pedestrian, bicycle, SOV, and transit). (2026CCN)","","2026","2026","R","SPP","3000000","2030","","",""
"District 05","Jefferson","05-80408.00","PF","9999","PF-9999","SPOT IMPROVEMENTS","","","Extend Urton Lane from north of I-64 to Seatonville Road. Includes consideration of facilities for all modes (pedestrian, bicycle, SOV, and transit). (2026CCN)","","2026","2026","U","SPP","2500000","2031","","",""
"District 05","Jefferson","05-80418.00","KY","2050","KY-2050","SPOT IMPROVEMENTS(O)","1.48","1.84","Reduce congestion and enhance mobility on KY 2050 (Herr Lane) from Bedford Lane to Wesboro Road. (2026CCN)","","2026","2026","C","SPP","1800000","2031","","",""
"District 05","Jefferson","05-80418.00","KY","2050","KY-2050","SPOT IMPROVEMENTS(O)","1.48","1.84","Reduce congestion and enhance mobility on KY 2050 (Herr Lane) from Bedford Lane to Wesboro Road. (2026CCN)","","2026","2026","R","SPP","300000","2030","","",""
"District 05","Jefferson","05-80418.00","KY","2050","KY-2050","SPOT IMPROVEMENTS(O)","1.48","1.84","Reduce congestion and enhance mobility on KY 2050 (Herr Lane) from Bedford Lane to Wesboro Road. (2026CCN)","","2026","2026","D","SPP","300000","2029","","",""
"District 05","Jefferson","05-80418.00","KY","2050","KY-2050","SPOT IMPROVEMENTS(O)","1.48","1.84","Reduce congestion and enhance mobility on KY 2050 (Herr Lane) from Bedford Lane to Wesboro Road. (2026CCN)","","2026","2026","U","SPP","700000","2030","","",""
"District 05","Jefferson","05-80420.00","CR","1008","CR-1008","SAFETY(P)","0.3","1.51","Improve safety and reduce congestion on Shepherdsville Road (CR-1008G) from KY 2845 (Manslick Road) to Applegate Lane. Project design will evaluate a 3 lane road (third lane will be Two Way Left Turn Lane)  and consider bicycle and pedestrian facilities.","","2026","2026","C","SPP","20471000","2032","","",""
"District 05","Jefferson","05-80420.00","CR","1008","CR-1008","SAFETY(P)","0.3","1.51","Improve safety and reduce congestion on Shepherdsville Road (CR-1008G) from KY 2845 (Manslick Road) to Applegate Lane. Project design will evaluate a 3 lane road (third lane will be Two Way Left Turn Lane)  and consider bicycle and pedestrian facilities.","","2026","2026","R","SPP","882000","2030","","",""
"District 05","Jefferson","05-80420.00","CR","1008","CR-1008","SAFETY(P)","0.3","1.51","Improve safety and reduce congestion on Shepherdsville Road (CR-1008G) from KY 2845 (Manslick Road) to Applegate Lane. Project design will evaluate a 3 lane road (third lane will be Two Way Left Turn Lane)  and consider bicycle and pedestrian facilities.","","2026","2026","U","SPP","882000","2031","","",""
"District 05","Jefferson","05-80420.00","CR","1008","CR-1008","SAFETY(P)","0.3","1.51","Improve safety and reduce congestion on Shepherdsville Road (CR-1008G) from KY 2845 (Manslick Road) to Applegate Lane. Project design will evaluate a 3 lane road (third lane will be Two Way Left Turn Lane)  and consider bicycle and pedestrian facilities.","","2026","2026","D","SPP","1765000","2029","","",""
"District 05","Jefferson","05-80421.00","CR","1003","CR-1003","SAFETY(P)","0.73","2.05","Improve safety and reduce congestion on Mud Lane from KY 1450 (Blue Lick Road) to Brookley Drive. Project design will evaluate a 3 lane road and consider bicycle and pedestrian facilities. (2026CCN)","","2026","2026","U","SPP","404400","2031","","",""
"District 05","Jefferson","05-80421.00","CR","1003","CR-1003","SAFETY(P)","0.73","2.05","Improve safety and reduce congestion on Mud Lane from KY 1450 (Blue Lick Road) to Brookley Drive. Project design will evaluate a 3 lane road and consider bicycle and pedestrian facilities. (2026CCN)","","2026","2026","D","SPP","809900","2029","","",""
"District 05","Jefferson","05-80421.00","CR","1003","CR-1003","SAFETY(P)","0.73","2.05","Improve safety and reduce congestion on Mud Lane from KY 1450 (Blue Lick Road) to Brookley Drive. Project design will evaluate a 3 lane road and consider bicycle and pedestrian facilities. (2026CCN)","","2026","2026","C","SPP","9382200","2032","","",""
"District 05","Jefferson","05-80421.00","CR","1003","CR-1003","SAFETY(P)","0.73","2.05","Improve safety and reduce congestion on Mud Lane from KY 1450 (Blue Lick Road) to Brookley Drive. Project design will evaluate a 3 lane road and consider bicycle and pedestrian facilities. (2026CCN)","","2026","2026","R","SPP","404400","2030","","",""
"District 05","Jefferson","05-80423.00","I","264","I-264","SPOT IMPROVEMENTS(O)","11.7","12.7","Improve safety, improve traffic flow, and reduce driver confusion along I-264 WB by modifying/reconstructing the I-264 WB to I-65 SB loop ramp. (Portion of 5-559.00) (2026CCN)","","2026","2026","D","NH","3000000","2029","","",""
"District 05","Jefferson","05-80423.00","I","264","I-264","SPOT IMPROVEMENTS(O)","11.7","12.7","Improve safety, improve traffic flow, and reduce driver confusion along I-264 WB by modifying/reconstructing the I-264 WB to I-65 SB loop ramp. (Portion of 5-559.00) (2026CCN)","","2026","2026","C","NH","100000000","2031","","",""
"District 05","Jefferson","05-80423.00","I","264","I-264","SPOT IMPROVEMENTS(O)","11.7","12.7","Improve safety, improve traffic flow, and reduce driver confusion along I-264 WB by modifying/reconstructing the I-264 WB to I-65 SB loop ramp. (Portion of 5-559.00) (2026CCN)","","2026","2026","R","NH","2000000","2030","","",""
"District 05","Jefferson","05-80423.00","I","264","I-264","SPOT IMPROVEMENTS(O)","11.7","12.7","Improve safety, improve traffic flow, and reduce driver confusion along I-264 WB by modifying/reconstructing the I-264 WB to I-65 SB loop ramp. (Portion of 5-559.00) (2026CCN)","","2026","2026","U","NH","2000000","2030","","",""
"District 05","Jefferson","05-80424.00","I","65","I-65","SAFETY(P)","0.0","0.596","Improve safety and reduce congestion on I-264 EB and on both ramps from I-65 to I-264 EB. (Portion of 5-559.00) (2026CCN)","","2026","2026","C","NH","100000000","2031","","",""
"District 05","Jefferson","05-80424.00","I","65","I-65","SAFETY(P)","0.0","0.596","Improve safety and reduce congestion on I-264 EB and on both ramps from I-65 to I-264 EB. (Portion of 5-559.00) (2026CCN)","","2026","2026","U","NH","2000000","2030","","",""
"District 05","Jefferson","05-80424.00","I","65","I-65","SAFETY(P)","0.0","0.596","Improve safety and reduce congestion on I-264 EB and on both ramps from I-65 to I-264 EB. (Portion of 5-559.00) (2026CCN)","","2026","2026","R","NH","2000000","2030","","",""
"District 05","Jefferson","05-80424.00","I","65","I-65","SAFETY(P)","0.0","0.596","Improve safety and reduce congestion on I-264 EB and on both ramps from I-65 to I-264 EB. (Portion of 5-559.00) (2026CCN)","","2026","2026","D","NH","3000000","2029","","",""
"District 05","Jefferson","05-80432.00","I","65","I-65","REALIGNMENT","133.3","133.8","Reconfigure I-65 SB ramps to Arthur Street to improve safety and to improve ingress/egress to/from the University of Louisville campus and adjoining neighborhoods. (MP 133.3 - 133.8) (2026CCN)","","2026","2026","C","NH","2330000","2029","","",""
"District 05","Jefferson","05-80432.00","I","65","I-65","REALIGNMENT","133.3","133.8","Reconfigure I-65 SB ramps to Arthur Street to improve safety and to improve ingress/egress to/from the University of Louisville campus and adjoining neighborhoods. (MP 133.3 - 133.8) (2026CCN)","","2026","2026","R","NH","15000","2026","","",""
"District 05","Jefferson","05-80432.00","I","65","I-65","REALIGNMENT","133.3","133.8","Reconfigure I-65 SB ramps to Arthur Street to improve safety and to improve ingress/egress to/from the University of Louisville campus and adjoining neighborhoods. (MP 133.3 - 133.8) (2026CCN)","","2026","2026","D","NH","120000","2026","","",""
"District 05","Jefferson","05-80432.00","I","65","I-65","REALIGNMENT","133.3","133.8","Reconfigure I-65 SB ramps to Arthur Street to improve safety and to improve ingress/egress to/from the University of Louisville campus and adjoining neighborhoods. (MP 133.3 - 133.8) (2026CCN)","","2026","2026","U","NH","55000","2027","","",""
"District 05","Jefferson","05-80433.00","PF","9999","PF-9999","PLANNING-OKI(O)","","","Planning study to extend Blankenbaker Parkway to the Gene Snyder (2026CCN)","","2026","2026","P","SPP","1200000","2026","","",""
"District 05","Jefferson","05-80433.00","PF","9999","PF-9999","PLANNING-OKI(O)","","","Planning study to extend Blankenbaker Parkway to the Gene Snyder (2026CCN)","","2026","2026","U","SPP","12760000","2031","","",""
"District 05","Jefferson","05-80433.00","PF","9999","PF-9999","PLANNING-OKI(O)","","","Planning study to extend Blankenbaker Parkway to the Gene Snyder (2026CCN)","","2026","2026","R","SPP","12430000","2030","","",""
"District 05","Jefferson","05-80433.00","PF","9999","PF-9999","PLANNING-OKI(O)","","","Planning study to extend Blankenbaker Parkway to the Gene Snyder (2026CCN)","","2026","2026","D","SPP","7050000","2029","","",""
"District 05","Jefferson","05-80433.00","PF","9999","PF-9999","PLANNING-OKI(O)","","","Planning study to extend Blankenbaker Parkway to the Gene Snyder (2026CCN)","","2026","2026","C","SPP","80940000","2032","","",""
"District 05","Jefferson","05-80436.00","CS","1524","CS-1524","BRIDGE REPLACEMENT(P)","0.13","0.21","Improve mobility over the CSX Railroad, construct a new multi-modal structure to replace existing pedestrian bridge (ID #056B00343N) on South Preston Street (CS 1524F) MP 0.13-0.21) (City to consider a Transportation Alternative Grant) (2026CCN)","056B00343N","2026","2026","C","SPP","6000000","2032","","",""
"District 05","Jefferson","05-80436.00","CS","1524","CS-1524","BRIDGE REPLACEMENT(P)","0.13","0.21","Improve mobility over the CSX Railroad, construct a new multi-modal structure to replace existing pedestrian bridge (ID #056B00343N) on South Preston Street (CS 1524F) MP 0.13-0.21) (City to consider a Transportation Alternative Grant) (2026CCN)","056B00343N","2026","2026","U","SPP","200000","2031","","",""
"District 05","Jefferson","05-80436.00","CS","1524","CS-1524","BRIDGE REPLACEMENT(P)","0.13","0.21","Improve mobility over the CSX Railroad, construct a new multi-modal structure to replace existing pedestrian bridge (ID #056B00343N) on South Preston Street (CS 1524F) MP 0.13-0.21) (City to consider a Transportation Alternative Grant) (2026CCN)","056B00343N","2026","2026","R","SPP","200000","2031","","",""
"District 05","Jefferson","05-80436.00","CS","1524","CS-1524","BRIDGE REPLACEMENT(P)","0.13","0.21","Improve mobility over the CSX Railroad, construct a new multi-modal structure to replace existing pedestrian bridge (ID #056B00343N) on South Preston Street (CS 1524F) MP 0.13-0.21) (City to consider a Transportation Alternative Grant) (2026CCN)","056B00343N","2026","2026","D","SPP","600000","2030","","",""
"District 05","Oldham","05-00234.00","KY","146","KY-146","MAJOR WIDENING","7.419","7.64","KY-393 RECONSTRUCT FROM 140FEET SOUTH OF RAILROAD CROSSING (CSX) EXTENDING NORTHWEST TOWARDS KY 146 ENDING AT STATION 12+00 (DESIGN UNDER 5-230.00). (CONSTRUCTION SEQ.#2) (2020CCN) (2022CCR) (2024CCR)","","2000","2026","C","STPF","32200000","2028","2026-03-26","Awarded","1"
"District 05","Oldham","05-00234.00","KY","146","KY-146","MAJOR WIDENING","7.419","7.64","KY-393 RECONSTRUCT FROM 140FEET SOUTH OF RAILROAD CROSSING (CSX) EXTENDING NORTHWEST TOWARDS KY 146 ENDING AT STATION 12+00 (DESIGN UNDER 5-230.00). (CONSTRUCTION SEQ.#2) (2020CCN) (2022CCR) (2024CCR)","","2000","2026","U","STPF","0","0","2026-03-26","Awarded","1"
"District 05","Oldham","05-00234.00","KY","146","KY-146","MAJOR WIDENING","7.419","7.64","KY-393 RECONSTRUCT FROM 140FEET SOUTH OF RAILROAD CROSSING (CSX) EXTENDING NORTHWEST TOWARDS KY 146 ENDING AT STATION 12+00 (DESIGN UNDER 5-230.00). (CONSTRUCTION SEQ.#2) (2020CCN) (2022CCR) (2024CCR)","","2000","2026","R","STPF","0","0","2026-03-26","Awarded","1"
"District 05","Oldham","05-00304.10","KY","22","KY-22","MAJOR WIDENING(O)","3.25","5.32","Reconstruct KY 22 from KY 329 to Abbott Lane, Including Rail Crossing Improvement in the vicinity of KY 329 (Railroad Ave) and CSX Railroad to improve safety and freight mobility through Crestwood (KY 329 – MP 8.840-8.935 and KY 1408 – MP 2.900-3.132) (20","","2006","2026","C","SPP","12130000","2030","","",""
"District 05","Oldham","05-00304.10","KY","22","KY-22","MAJOR WIDENING(O)","3.25","5.32","Reconstruct KY 22 from KY 329 to Abbott Lane, Including Rail Crossing Improvement in the vicinity of KY 329 (Railroad Ave) and CSX Railroad to improve safety and freight mobility through Crestwood (KY 329 – MP 8.840-8.935 and KY 1408 – MP 2.900-3.132) (20","","2006","2026","U","SPP","2875000","2029","","",""
"District 05","Oldham","05-00304.10","KY","22","KY-22","MAJOR WIDENING(O)","3.25","5.32","Reconstruct KY 22 from KY 329 to Abbott Lane, Including Rail Crossing Improvement in the vicinity of KY 329 (Railroad Ave) and CSX Railroad to improve safety and freight mobility through Crestwood (KY 329 – MP 8.840-8.935 and KY 1408 – MP 2.900-3.132) (20","","2006","2026","D","SPP","2260000","2027","","",""
"District 05","Oldham","05-00304.10","KY","22","KY-22","MAJOR WIDENING(O)","3.25","5.32","Reconstruct KY 22 from KY 329 to Abbott Lane, Including Rail Crossing Improvement in the vicinity of KY 329 (Railroad Ave) and CSX Railroad to improve safety and freight mobility through Crestwood (KY 329 – MP 8.840-8.935 and KY 1408 – MP 2.900-3.132) (20","","2006","2026","R","SPP","4335000","2029","","",""
"District 05","Oldham","05-00483.10","I","71","I-71","MAJOR WIDENING","14.1","18.0","WIDEN I-71 FROM FOUR TO SIX LANES FROM KY-329 (MP 14.1) TO KY-393 (MP 18.0). (2022CCR) (2024CCR) (2026CCR)","","2016","2026","D","NH","0","2022","","",""
"District 05","Oldham","05-00483.10","I","71","I-71","MAJOR WIDENING","14.1","18.0","WIDEN I-71 FROM FOUR TO SIX LANES FROM KY-329 (MP 14.1) TO KY-393 (MP 18.0). (2022CCR) (2024CCR) (2026CCR)","","2016","2026","R","NH","1900000","2026","","",""
"District 05","Oldham","05-00483.10","I","71","I-71","MAJOR WIDENING","14.1","18.0","WIDEN I-71 FROM FOUR TO SIX LANES FROM KY-329 (MP 14.1) TO KY-393 (MP 18.0). (2022CCR) (2024CCR) (2026CCR)","","2016","2026","C","NH","77000000","2028","","",""
"District 05","Oldham","05-00483.10","I","71","I-71","MAJOR WIDENING","14.1","18.0","WIDEN I-71 FROM FOUR TO SIX LANES FROM KY-329 (MP 14.1) TO KY-393 (MP 18.0). (2022CCR) (2024CCR) (2026CCR)","","2016","2026","U","NH","2500000","2027","","",""
"District 05","Oldham","05-00483.20","I","71","I-71","MAJOR WIDENING(O)","18.0","22.4","WIDEN I-71 FROM FOUR TO SIX LANES FROM KY-393 (MP 18.0) TO KY-53 (MP 22.4). (16CCN) (2024CCR) (2026CCR)","","2016","2026","U","NH","1040000","2029","","",""
"District 05","Oldham","05-00483.20","I","71","I-71","MAJOR WIDENING(O)","18.0","22.4","WIDEN I-71 FROM FOUR TO SIX LANES FROM KY-393 (MP 18.0) TO KY-53 (MP 22.4). (16CCN) (2024CCR) (2026CCR)","","2016","2026","D","NH","6160000","2027","","",""
"District 05","Oldham","05-00483.20","I","71","I-71","MAJOR WIDENING(O)","18.0","22.4","WIDEN I-71 FROM FOUR TO SIX LANES FROM KY-393 (MP 18.0) TO KY-53 (MP 22.4). (16CCN) (2024CCR) (2026CCR)","","2016","2026","R","NH","2420000","2029","","",""
"District 05","Oldham","05-00483.20","I","71","I-71","MAJOR WIDENING(O)","18.0","22.4","WIDEN I-71 FROM FOUR TO SIX LANES FROM KY-393 (MP 18.0) TO KY-53 (MP 22.4). (16CCN) (2024CCR) (2026CCR)","","2016","2026","C","NH","40000000","2030","","",""
"District 05","Oldham","05-00483.40","I","71","I-71","SPOT IMPROVEMENTS(O)","16.7","17.4","Addition of soundwall on I-71 SB along Darby Pointe Neighborhood (MP 16.7-17.4) (To be let with 5-483.1 I-71 Widening). (2024CCN)","","2024","2026","D","SPP","220000","2026","","",""
"District 05","Oldham","05-00483.40","I","71","I-71","SPOT IMPROVEMENTS(O)","16.7","17.4","Addition of soundwall on I-71 SB along Darby Pointe Neighborhood (MP 16.7-17.4) (To be let with 5-483.1 I-71 Widening). (2024CCN)","","2024","2026","C","SPP","6225000","2027","","",""
"District 05","Oldham","05-08852.00","KY","53","KY-53","DESIGN ENGINEERING(O)","3.068","5.685","DESIGN FOR IMPROVING KY-53 FROM ZHALE SMITH ROAD TO KY-22 (TOTAL 3.2 MILES). (14CCN)(18CCN) (2022CCR) (2024CCR)","","2014","2026","R","SPP","1790000","2026","","",""
"District 05","Oldham","05-08852.00","KY","53","KY-53","DESIGN ENGINEERING(O)","3.068","5.685","DESIGN FOR IMPROVING KY-53 FROM ZHALE SMITH ROAD TO KY-22 (TOTAL 3.2 MILES). (14CCN)(18CCN) (2022CCR) (2024CCR)","","2014","2026","D","STPF","0","2024","","",""
"District 05","Oldham","05-08852.00","KY","53","KY-53","DESIGN ENGINEERING(O)","3.068","5.685","DESIGN FOR IMPROVING KY-53 FROM ZHALE SMITH ROAD TO KY-22 (TOTAL 3.2 MILES). (14CCN)(18CCN) (2022CCR) (2024CCR)","","2014","2026","U","SPP","730000","2027","","",""
"District 05","Oldham","05-08852.00","KY","53","KY-53","DESIGN ENGINEERING(O)","3.068","5.685","DESIGN FOR IMPROVING KY-53 FROM ZHALE SMITH ROAD TO KY-22 (TOTAL 3.2 MILES). (14CCN)(18CCN) (2022CCR) (2024CCR)","","2014","2026","C","SPP","36400000","2028","","",""
"District 05","Oldham","05-10126.00","KY","1694","KY-1694","AM-BRIDGE (P)","4.967","5.007","ADDRESS DEFICIENCIES OF BRIDGE ON KY 1694 OVER HARRODS CREEK (093B00025N)","093B00025N","2024","2026","C","FBP2","4969553","2030","","",""
"District 05","Oldham","05-10126.00","KY","1694","KY-1694","AM-BRIDGE (P)","4.967","5.007","ADDRESS DEFICIENCIES OF BRIDGE ON KY 1694 OVER HARRODS CREEK (093B00025N)","093B00025N","2024","2026","D","FBP2","745433","2030","","",""
"District 05","Oldham","05-22098.00","I","71","I-71","AM-PAVEMENT (INT)(P)","14.49","22.3","ADDRESS CONDITION OF I-071 CARDINAL DIRECTION FROM MILEPOINT 14.38 TO MILEPOINT 18.07","","2022","2026","C","NHPM","7550000","2027","2023-12-14","Awarded","1"
"District 05","Oldham","05-22098.00","I","71","I-71","AM-PAVEMENT (INT)(P)","14.49","22.3","ADDRESS CONDITION OF I-071 CARDINAL DIRECTION FROM MILEPOINT 14.38 TO MILEPOINT 18.07","","2022","2026","D","NHPM","750000","2027","2023-12-14","Awarded","1"
"District 05","Oldham","05-80005.00","I","71","I-71","SAFETY","14.0","14.8","IMPROVE THE INTERCHANGE OF I 71 AND KY 329. (18CCN) (2020CCR) (DESIGNED UNDER 5-483.10) (2022CCR) (2024CCR)","","2018","2026","C","NH","8200000","2029","","",""
"District 05","Oldham","05-80005.00","I","71","I-71","SAFETY","14.0","14.8","IMPROVE THE INTERCHANGE OF I 71 AND KY 329. (18CCN) (2020CCR) (DESIGNED UNDER 5-483.10) (2022CCR) (2024CCR)","","2018","2026","D","NH","430000","2026","","",""
"District 05","Oldham","05-80005.00","I","71","I-71","SAFETY","14.0","14.8","IMPROVE THE INTERCHANGE OF I 71 AND KY 329. (18CCN) (2020CCR) (DESIGNED UNDER 5-483.10) (2022CCR) (2024CCR)","","2018","2026","R","NH","1160000","2027","","",""
"District 05","Oldham","05-80005.00","I","71","I-71","SAFETY","14.0","14.8","IMPROVE THE INTERCHANGE OF I 71 AND KY 329. (18CCN) (2020CCR) (DESIGNED UNDER 5-483.10) (2022CCR) (2024CCR)","","2018","2026","U","NH","1050000","2028","","",""
"District 05","Oldham","05-80050.00","KY","329","KY-329","NEW INTERCHANGE(O)","0.4","0.5","Construct a turn lane on KY-329 bypass at Dovefield Drive (2026CCN)","","2018","2026","C","SPP","600000","2028","","",""
"District 05","Oldham","05-80050.00","KY","329","KY-329","NEW INTERCHANGE(O)","0.4","0.5","Construct a turn lane on KY-329 bypass at Dovefield Drive (2026CCN)","","2018","2026","D","SPP","200000","2026","","",""
"District 05","Oldham","05-80209.00","KY","53","KY-53","SAFETY(P)","5.69","6.27","Improve safety and reduce congestion on KY 53 from I-71 to Zhale Smith Road. Includes consideration of a five lane widening and bike/ ped accommodations. (2022CCN) (2024CCR) (2026CCN)","","2022","2026","D","STPF","1600000","2026","","",""
"District 05","Oldham","05-80209.00","KY","53","KY-53","SAFETY(P)","5.69","6.27","Improve safety and reduce congestion on KY 53 from I-71 to Zhale Smith Road. Includes consideration of a five lane widening and bike/ ped accommodations. (2022CCN) (2024CCR) (2026CCN)","","2022","2026","C","STPF","17400000","2030","","",""
"District 05","Oldham","05-80209.00","KY","53","KY-53","SAFETY(P)","5.69","6.27","Improve safety and reduce congestion on KY 53 from I-71 to Zhale Smith Road. Includes consideration of a five lane widening and bike/ ped accommodations. (2022CCN) (2024CCR) (2026CCN)","","2022","2026","R","STPF","820000","2029","","",""
"District 05","Oldham","05-80209.00","KY","53","KY-53","SAFETY(P)","5.69","6.27","Improve safety and reduce congestion on KY 53 from I-71 to Zhale Smith Road. Includes consideration of a five lane widening and bike/ ped accommodations. (2022CCN) (2024CCR) (2026CCN)","","2022","2026","U","STPF","350000","2029","","",""
"District 05","Oldham","05-80210.00","KY","146","KY-146","SAFETY(P)","2.64","7.67","Improve safety and reduce congestion on KY 146 (LaGrange Road) from KY 329B (KY 329 Bypass) to KY 393. Includes consideration of a four lane widening and bike/ped accommodations. (2022CCN) (2026CCN)","","2022","2026","U","SPP","6925000","2030","","",""
"District 05","Oldham","05-80210.00","KY","146","KY-146","SAFETY(P)","2.64","7.67","Improve safety and reduce congestion on KY 146 (LaGrange Road) from KY 329B (KY 329 Bypass) to KY 393. Includes consideration of a four lane widening and bike/ped accommodations. (2022CCN) (2026CCN)","","2022","2026","P","SPP","0","2024","","",""
"District 05","Oldham","05-80210.00","KY","146","KY-146","SAFETY(P)","2.64","7.67","Improve safety and reduce congestion on KY 146 (LaGrange Road) from KY 329B (KY 329 Bypass) to KY 393. Includes consideration of a four lane widening and bike/ped accommodations. (2022CCN) (2026CCN)","","2022","2026","C","SPP","40600000","2031","","",""
"District 05","Oldham","05-80210.00","KY","146","KY-146","SAFETY(P)","2.64","7.67","Improve safety and reduce congestion on KY 146 (LaGrange Road) from KY 329B (KY 329 Bypass) to KY 393. Includes consideration of a four lane widening and bike/ped accommodations. (2022CCN) (2026CCN)","","2022","2026","D","SPP","3300000","2027","","",""
"District 05","Oldham","05-80210.00","KY","146","KY-146","SAFETY(P)","2.64","7.67","Improve safety and reduce congestion on KY 146 (LaGrange Road) from KY 329B (KY 329 Bypass) to KY 393. Includes consideration of a four lane widening and bike/ped accommodations. (2022CCN) (2026CCN)","","2022","2026","R","SPP","9425000","2029","","",""
"District 05","Oldham","05-80211.00","KY","524","KY-524","LANDSLIDE REPAIR(P)","0.0","1.0","Landslide repair on Westport Road (KY-524) from JCT. US-42 West, north 1.0 mile. (2002BOPC)(NOT REQUIRED) (2022CCN)","","2022","2026","U","SPP","500000","2027","","",""
"District 05","Oldham","05-80211.00","KY","524","KY-524","LANDSLIDE REPAIR(P)","0.0","1.0","Landslide repair on Westport Road (KY-524) from JCT. US-42 West, north 1.0 mile. (2002BOPC)(NOT REQUIRED) (2022CCN)","","2022","2026","D","SPP","650000","2026","","",""
"District 05","Oldham","05-80211.00","KY","524","KY-524","LANDSLIDE REPAIR(P)","0.0","1.0","Landslide repair on Westport Road (KY-524) from JCT. US-42 West, north 1.0 mile. (2002BOPC)(NOT REQUIRED) (2022CCN)","","2022","2026","R","SPP","530000","2027","","",""
"District 05","Oldham","05-80211.00","KY","524","KY-524","LANDSLIDE REPAIR(P)","0.0","1.0","Landslide repair on Westport Road (KY-524) from JCT. US-42 West, north 1.0 mile. (2002BOPC)(NOT REQUIRED) (2022CCN)","","2022","2026","C","SPP","4000000","2029","","",""
"District 05","Oldham","05-80307.00","US","42","US-42","CONGESTION MITIGTN(O)","0.942","6.034","IMPROVE TRAFFIC FLOW, MINIMIZE CONGESTION, AND ADDRESS SAFETY ISSUES ON US 42 BETWEEN RIDGMOOR DRIVE AND KY 1694 (GUM STREET). INCLUDES CONSIDERATION OF A THREE LANE WIDENING AND BIKE/PED ACCOMMODATIONS. (2024CCN)","","2024","2026","D","NH","3500000","2027","","",""
"District 05","Oldham","05-80307.00","US","42","US-42","CONGESTION MITIGTN(O)","0.942","6.034","IMPROVE TRAFFIC FLOW, MINIMIZE CONGESTION, AND ADDRESS SAFETY ISSUES ON US 42 BETWEEN RIDGMOOR DRIVE AND KY 1694 (GUM STREET). INCLUDES CONSIDERATION OF A THREE LANE WIDENING AND BIKE/PED ACCOMMODATIONS. (2024CCN)","","2024","2026","R","NH","7500000","2029","","",""
"District 05","Oldham","05-80307.00","US","42","US-42","CONGESTION MITIGTN(O)","0.942","6.034","IMPROVE TRAFFIC FLOW, MINIMIZE CONGESTION, AND ADDRESS SAFETY ISSUES ON US 42 BETWEEN RIDGMOOR DRIVE AND KY 1694 (GUM STREET). INCLUDES CONSIDERATION OF A THREE LANE WIDENING AND BIKE/PED ACCOMMODATIONS. (2024CCN)","","2024","2026","C","NH","30000000","2030","","",""
"District 05","Oldham","05-80307.00","US","42","US-42","CONGESTION MITIGTN(O)","0.942","6.034","IMPROVE TRAFFIC FLOW, MINIMIZE CONGESTION, AND ADDRESS SAFETY ISSUES ON US 42 BETWEEN RIDGMOOR DRIVE AND KY 1694 (GUM STREET). INCLUDES CONSIDERATION OF A THREE LANE WIDENING AND BIKE/PED ACCOMMODATIONS. (2024CCN)","","2024","2026","U","NH","5000000","2029","","",""
"District 05","Oldham","05-80313.00","KY","53","KY-53","SAFETY(P)","6.2","6.5","IMPROVE SAFETY AND REDUCE CONGESTION AT THE I-71/KY 53 (NORTH/SOUTH FIRST AVENUE) INTERCHANGE. INCLUDES CONSIDERATION OF AN ADDITIONAL LEFT-TURN LANE ON NB KY 53 TO THE SB I-71 ON-RAMP. REQUIRES MINOR WIDENING OF KY 53 BRIDGE (093B0002N) AND RAMP. (2024CC","","2024","2026","R","NH","200000","2027","","",""
"District 05","Oldham","05-80313.00","KY","53","KY-53","SAFETY(P)","6.2","6.5","IMPROVE SAFETY AND REDUCE CONGESTION AT THE I-71/KY 53 (NORTH/SOUTH FIRST AVENUE) INTERCHANGE. INCLUDES CONSIDERATION OF AN ADDITIONAL LEFT-TURN LANE ON NB KY 53 TO THE SB I-71 ON-RAMP. REQUIRES MINOR WIDENING OF KY 53 BRIDGE (093B0002N) AND RAMP. (2024CC","","2024","2026","D","NH","800000","2026","","",""
"District 05","Oldham","05-80313.00","KY","53","KY-53","SAFETY(P)","6.2","6.5","IMPROVE SAFETY AND REDUCE CONGESTION AT THE I-71/KY 53 (NORTH/SOUTH FIRST AVENUE) INTERCHANGE. INCLUDES CONSIDERATION OF AN ADDITIONAL LEFT-TURN LANE ON NB KY 53 TO THE SB I-71 ON-RAMP. REQUIRES MINOR WIDENING OF KY 53 BRIDGE (093B0002N) AND RAMP. (2024CC","","2024","2026","C","NH","6500000","2029","","",""
"District 05","Oldham","05-80313.00","KY","53","KY-53","SAFETY(P)","6.2","6.5","IMPROVE SAFETY AND REDUCE CONGESTION AT THE I-71/KY 53 (NORTH/SOUTH FIRST AVENUE) INTERCHANGE. INCLUDES CONSIDERATION OF AN ADDITIONAL LEFT-TURN LANE ON NB KY 53 TO THE SB I-71 ON-RAMP. REQUIRES MINOR WIDENING OF KY 53 BRIDGE (093B0002N) AND RAMP. (2024CC","","2024","2026","U","NH","200000","2027","","",""
"District 05","Oldham","05-80314.00","KY","362","KY-362","DESIGN ENGINEERING(O)","0.975","3.039","IMPROVE SAFETY, ACCESS, AND ADDRESS GEOMETRIC DEFICIENCIES ALONG KY 362 FROM THE OLDHAM/SHELBY COUNTY LINE TO KY 146 (IN AND SOUTH OF PEWEE VALLEY). INCLUDES CONSIDERATION OF A 3 LANE WIDENING WITH A TWO WAY LEFT TURN LANE AND BIKE/PED ACCOMMODATIONS. (20","","2024","2026","P","SPP","210000","2027","","",""
"District 05","Oldham","05-80314.00","KY","362","KY-362","DESIGN ENGINEERING(O)","0.975","3.039","IMPROVE SAFETY, ACCESS, AND ADDRESS GEOMETRIC DEFICIENCIES ALONG KY 362 FROM THE OLDHAM/SHELBY COUNTY LINE TO KY 146 (IN AND SOUTH OF PEWEE VALLEY). INCLUDES CONSIDERATION OF A 3 LANE WIDENING WITH A TWO WAY LEFT TURN LANE AND BIKE/PED ACCOMMODATIONS. (20","","2024","2026","C","SPP","22420000","2032","","",""
"District 05","Oldham","05-80314.00","KY","362","KY-362","DESIGN ENGINEERING(O)","0.975","3.039","IMPROVE SAFETY, ACCESS, AND ADDRESS GEOMETRIC DEFICIENCIES ALONG KY 362 FROM THE OLDHAM/SHELBY COUNTY LINE TO KY 146 (IN AND SOUTH OF PEWEE VALLEY). INCLUDES CONSIDERATION OF A 3 LANE WIDENING WITH A TWO WAY LEFT TURN LANE AND BIKE/PED ACCOMMODATIONS. (20","","2024","2026","U","SPP","1500000","2030","","",""
"District 05","Oldham","05-80314.00","KY","362","KY-362","DESIGN ENGINEERING(O)","0.975","3.039","IMPROVE SAFETY, ACCESS, AND ADDRESS GEOMETRIC DEFICIENCIES ALONG KY 362 FROM THE OLDHAM/SHELBY COUNTY LINE TO KY 146 (IN AND SOUTH OF PEWEE VALLEY). INCLUDES CONSIDERATION OF A 3 LANE WIDENING WITH A TWO WAY LEFT TURN LANE AND BIKE/PED ACCOMMODATIONS. (20","","2024","2026","R","SPP","1820000","2030","","",""
"District 05","Oldham","05-80314.00","KY","362","KY-362","DESIGN ENGINEERING(O)","0.975","3.039","IMPROVE SAFETY, ACCESS, AND ADDRESS GEOMETRIC DEFICIENCIES ALONG KY 362 FROM THE OLDHAM/SHELBY COUNTY LINE TO KY 146 (IN AND SOUTH OF PEWEE VALLEY). INCLUDES CONSIDERATION OF A 3 LANE WIDENING WITH A TWO WAY LEFT TURN LANE AND BIKE/PED ACCOMMODATIONS. (20","","2024","2026","D","SPP","1960000","2028","","",""
"District 05","Oldham","05-80325.00","KY","146","KY-146","CONGESTION MITIGTN(O)","6.81","7.42","REDUCE CONGESTION, IMPROVE SAFETY AND ENHANCE MOBILITY ON KY 146 IN BUCKNER FROM KY 1817 (NEW CUT ROAD) (MP 6.81) TO KY 393 (MP 7.42). (2024CCN)","","2024","2026","R","SPP","1140000","2029","","",""
"District 05","Oldham","05-80325.00","KY","146","KY-146","CONGESTION MITIGTN(O)","6.81","7.42","REDUCE CONGESTION, IMPROVE SAFETY AND ENHANCE MOBILITY ON KY 146 IN BUCKNER FROM KY 1817 (NEW CUT ROAD) (MP 6.81) TO KY 393 (MP 7.42). (2024CCN)","","2024","2026","D","SPP","510000","2027","","",""
"District 05","Oldham","05-80325.00","KY","146","KY-146","CONGESTION MITIGTN(O)","6.81","7.42","REDUCE CONGESTION, IMPROVE SAFETY AND ENHANCE MOBILITY ON KY 146 IN BUCKNER FROM KY 1817 (NEW CUT ROAD) (MP 6.81) TO KY 393 (MP 7.42). (2024CCN)","","2024","2026","U","SPP","1130000","2029","","",""
"District 05","Oldham","05-80325.00","KY","146","KY-146","CONGESTION MITIGTN(O)","6.81","7.42","REDUCE CONGESTION, IMPROVE SAFETY AND ENHANCE MOBILITY ON KY 146 IN BUCKNER FROM KY 1817 (NEW CUT ROAD) (MP 6.81) TO KY 393 (MP 7.42). (2024CCN)","","2024","2026","P","SPP","175000","2025","","",""
"District 05","Oldham","05-80325.00","KY","146","KY-146","CONGESTION MITIGTN(O)","6.81","7.42","REDUCE CONGESTION, IMPROVE SAFETY AND ENHANCE MOBILITY ON KY 146 IN BUCKNER FROM KY 1817 (NEW CUT ROAD) (MP 6.81) TO KY 393 (MP 7.42). (2024CCN)","","2024","2026","C","SPP","5580000","2030","","",""
"District 05","Oldham","05-80344.00","I","71","I-71","SPOT IMPROVEMENTS(O)","13.55","13.9","ADDITION OF SOUNDWALL ON I 71 NB ALONG SPRING HILL SUBDIVISION. (As a part of the I-MOVE Expansion Project on I 71). (NOTE: Does not meet required noise wall environmental noise analysis abatement eligibility requirements for federal funding.) (2024CCN)","","2024","2026","C","SPP","3400000","2027","","",""
"District 05","Oldham","05-80344.00","I","71","I-71","SPOT IMPROVEMENTS(O)","13.55","13.9","ADDITION OF SOUNDWALL ON I 71 NB ALONG SPRING HILL SUBDIVISION. (As a part of the I-MOVE Expansion Project on I 71). (NOTE: Does not meet required noise wall environmental noise analysis abatement eligibility requirements for federal funding.) (2024CCN)","","2024","2026","D","SPP","210000","2026","","",""
"District 05","Oldham","05-80345.00","KY","22","KY-22","SCOPING STUDY(O)","1.4","2.1","IMPROVE SAFETY AND REDUCE CONGESTION, ALONG US 22 FROM HAUNZ LANE TO KY 329.  (2024CCN)","","2024","2026","R","SPP","840000","2027","","",""
"District 05","Oldham","05-80345.00","KY","22","KY-22","SCOPING STUDY(O)","1.4","2.1","IMPROVE SAFETY AND REDUCE CONGESTION, ALONG US 22 FROM HAUNZ LANE TO KY 329.  (2024CCN)","","2024","2026","C","SPP","4600000","2030","","",""
"District 05","Oldham","05-80345.00","KY","22","KY-22","SCOPING STUDY(O)","1.4","2.1","IMPROVE SAFETY AND REDUCE CONGESTION, ALONG US 22 FROM HAUNZ LANE TO KY 329.  (2024CCN)","","2024","2026","U","SPP","1040000","2029","","",""
"District 05","Oldham","05-80345.00","KY","22","KY-22","SCOPING STUDY(O)","1.4","2.1","IMPROVE SAFETY AND REDUCE CONGESTION, ALONG US 22 FROM HAUNZ LANE TO KY 329.  (2024CCN)","","2024","2026","D","SPP","330000","2026","","",""
"District 05","Oldham","05-80427.00","KY","146","KY-146","PLANNING","7.64","10.67","Examine congestion, safety and mobility on KY 146 from KY 393 (mp 7.64) to Fifth Avenue (CS 1044) (mp 10.67) (2026CCN)","","2026","2026","P","SPP","250000","2026","","",""
"District 05","Oldham","05-80428.00","I","71","I-71","FEASIBILITY STUDY(O)","21.8","24.7","Feasibility study for an additional connection on I-71 in northeast Oldham County (2026CCN)","","2026","2026","P","NH","500000","2027","","",""
"District 05","Shelby","05-00579.00","I","64","I-64","REST AREA REHAB(P)","28.2","28.9","EXPAND TRUCK PARKING AT I-64 EB WELCOME CENTER.","","2022","2026","C","NH","1160000","2026","","",""
"District 05","Shelby","05-08713.00","US","60","US-60","RECONSTRUCTION(O)","11.5","12.88","CONSTRUCT A THIRD LANE ON US-60 FROM THE MASONIC HOME TO ROCKET LANE. (12CCN)(14CCR)(2020CCR) (2022CCR) (2024CCR)","","2012","2026","U","SPP","0","0","","",""
"District 05","Shelby","05-08713.00","US","60","US-60","RECONSTRUCTION(O)","11.5","12.88","CONSTRUCT A THIRD LANE ON US-60 FROM THE MASONIC HOME TO ROCKET LANE. (12CCN)(14CCR)(2020CCR) (2022CCR) (2024CCR)","","2012","2026","R","SPP","0","0","","",""
"District 05","Shelby","05-08713.00","US","60","US-60","RECONSTRUCTION(O)","11.5","12.88","CONSTRUCT A THIRD LANE ON US-60 FROM THE MASONIC HOME TO ROCKET LANE. (12CCN)(14CCR)(2020CCR) (2022CCR) (2024CCR)","","2012","2026","C","STP1","3220000","2026","","",""
"District 05","Shelby","05-08713.00","US","60","US-60","RECONSTRUCTION(O)","11.5","12.88","CONSTRUCT A THIRD LANE ON US-60 FROM THE MASONIC HOME TO ROCKET LANE. (12CCN)(14CCR)(2020CCR) (2022CCR) (2024CCR)","","2012","2026","D","SPP","0","0","","",""
"District 05","Shelby","05-08958.00","KY","55","KY-55","RECONSTRUCTION(O)","0.0","1.35","WIDEN KY 55X FROM TWO TO FIVE LANES FROM US 60 (MP 0.0) NORTH TO KY 43 (MP 1.354).(16CCN) (2024CCN)","","2016","2026","U","SPP","920000","2031","","",""
"District 05","Shelby","05-08958.00","KY","55","KY-55","RECONSTRUCTION(O)","0.0","1.35","WIDEN KY 55X FROM TWO TO FIVE LANES FROM US 60 (MP 0.0) NORTH TO KY 43 (MP 1.354).(16CCN) (2024CCN)","","2016","2026","R","SPP","220000","2030","","",""
"District 05","Shelby","05-08958.00","KY","55","KY-55","RECONSTRUCTION(O)","0.0","1.35","WIDEN KY 55X FROM TWO TO FIVE LANES FROM US 60 (MP 0.0) NORTH TO KY 43 (MP 1.354).(16CCN) (2024CCN)","","2016","2026","D","SPP","1650000","2029","","",""
"District 05","Shelby","05-08958.00","KY","55","KY-55","RECONSTRUCTION(O)","0.0","1.35","WIDEN KY 55X FROM TWO TO FIVE LANES FROM US 60 (MP 0.0) NORTH TO KY 43 (MP 1.354).(16CCN) (2024CCN)","","2016","2026","C","SPP","12440000","2032","","",""
"District 05","Shelby","05-10025.00","CR","1009","CR-1009","AM-BRIDGE (P)","2.738","2.75","BRIDGE PROJECT IN SHELBY COUNTY ON (106C00007N) CLORE JACKSON RD AT FOX RUN","106C00007N","2018","2026","C","BRZ","1038473","2029","","",""
"District 05","Shelby","05-10025.00","CR","1009","CR-1009","AM-BRIDGE (P)","2.738","2.75","BRIDGE PROJECT IN SHELBY COUNTY ON (106C00007N) CLORE JACKSON RD AT FOX RUN","106C00007N","2018","2026","R","BRZ","40000","2026","","",""
"District 05","Shelby","05-10025.00","CR","1009","CR-1009","AM-BRIDGE (P)","2.738","2.75","BRIDGE PROJECT IN SHELBY COUNTY ON (106C00007N) CLORE JACKSON RD AT FOX RUN","106C00007N","2018","2026","U","BRZ","200000","2026","","",""
"District 05","Shelby","05-10025.00","CR","1009","CR-1009","AM-BRIDGE (P)","2.738","2.75","BRIDGE PROJECT IN SHELBY COUNTY ON (106C00007N) CLORE JACKSON RD AT FOX RUN","106C00007N","2018","2026","D","BRZ","155771","2029","","",""
"District 05","Shelby","05-10089.00","KY","148","KY-148","AM-BRIDGE (P)","10.948","10.98","BRIDGE PROJECT IN SHELBY COUNTY ON (106B00017N) KY 148 AT GUIST CREEK (2026CCR)","106B00017N","2022","2026","C","BRX","3764812","2032","","",""
"District 05","Shelby","05-10089.00","KY","148","KY-148","AM-BRIDGE (P)","10.948","10.98","BRIDGE PROJECT IN SHELBY COUNTY ON (106B00017N) KY 148 AT GUIST CREEK (2026CCR)","106B00017N","2022","2026","D","BRX","564722","2032","","",""
"District 05","Shelby","05-22029.00","I","64","I-64","AM-PAVEMENT (INT)(P)","43.892","46.303","ADDRESS CONDITION OF I-064 FROM MILEPOINT 43.77 TO MILEPOINT 46.303","","2022","2026","D","NHPM","490000","2028","","",""
"District 05","Shelby","05-22029.00","I","64","I-64","AM-PAVEMENT (INT)(P)","43.892","46.303","ADDRESS CONDITION OF I-064 FROM MILEPOINT 43.77 TO MILEPOINT 46.303","","2022","2026","C","NHPM","4910000","2028","","",""
"District 05","Shelby","05-80308.00","KY","55","KY-55","SAFETY(P)","1.354","2.076","ADDRESS ACCESS MANAGEMENT AND SAFETY ISSUES ALONG KY 55X FROM KY 43 TO THE ENTRANCE OF THE SHELBYVILLE BYPASS (KY 55). (2024CCN)","","2024","2026","R","SPP","200000","2030","","",""
"District 05","Shelby","05-80308.00","KY","55","KY-55","SAFETY(P)","1.354","2.076","ADDRESS ACCESS MANAGEMENT AND SAFETY ISSUES ALONG KY 55X FROM KY 43 TO THE ENTRANCE OF THE SHELBYVILLE BYPASS (KY 55). (2024CCN)","","2024","2026","P","SPP","250000","2029","","",""
"District 05","Shelby","05-80308.00","KY","55","KY-55","SAFETY(P)","1.354","2.076","ADDRESS ACCESS MANAGEMENT AND SAFETY ISSUES ALONG KY 55X FROM KY 43 TO THE ENTRANCE OF THE SHELBYVILLE BYPASS (KY 55). (2024CCN)","","2024","2026","U","SPP","816000","2031","","",""
"District 05","Shelby","05-80308.00","KY","55","KY-55","SAFETY(P)","1.354","2.076","ADDRESS ACCESS MANAGEMENT AND SAFETY ISSUES ALONG KY 55X FROM KY 43 TO THE ENTRANCE OF THE SHELBYVILLE BYPASS (KY 55). (2024CCN)","","2024","2026","C","SPP","16020000","2032","","",""
"District 05","Shelby","05-80308.00","KY","55","KY-55","SAFETY(P)","1.354","2.076","ADDRESS ACCESS MANAGEMENT AND SAFETY ISSUES ALONG KY 55X FROM KY 43 TO THE ENTRANCE OF THE SHELBYVILLE BYPASS (KY 55). (2024CCN)","","2024","2026","D","SPP","2090000","2029","","",""
"District 05","Shelby","05-80312.00","PF","9999","PF-9999","CONGESTION MITIGTN(O)","","","IMPROVE CONNECTIVITY FROM KY 53 AT THE OLD SEVEN MILE PIKE INTERSECTION TO US 60/ROCKET LANE INTERSECTION. (2024CCN)","","2024","2026","D","SPP","1800000","2028","","",""
"District 05","Shelby","05-80312.00","PF","9999","PF-9999","CONGESTION MITIGTN(O)","","","IMPROVE CONNECTIVITY FROM KY 53 AT THE OLD SEVEN MILE PIKE INTERSECTION TO US 60/ROCKET LANE INTERSECTION. (2024CCN)","","2024","2026","U","SPP","1400000","2031","","",""
"District 05","Shelby","05-80312.00","PF","9999","PF-9999","CONGESTION MITIGTN(O)","","","IMPROVE CONNECTIVITY FROM KY 53 AT THE OLD SEVEN MILE PIKE INTERSECTION TO US 60/ROCKET LANE INTERSECTION. (2024CCN)","","2024","2026","R","SPP","2000000","2030","","",""
"District 05","Shelby","05-80312.00","PF","9999","PF-9999","CONGESTION MITIGTN(O)","","","IMPROVE CONNECTIVITY FROM KY 53 AT THE OLD SEVEN MILE PIKE INTERSECTION TO US 60/ROCKET LANE INTERSECTION. (2024CCN)","","2024","2026","C","SPP","13690000","2032","","",""
"District 05","Shelby","05-80318.00","KY","55","KY-55","CONGESTION MITIGTN(O)","6.6","6.7","ADDRESS SAFETY AND IMPROVE TRAFFIC FLOW WITH OPERATIONAL IMPROVEMENTS ON KY 55 AT OLD BRUNERSTOWN ROAD. THIS PROJECT WILL CONSIDER A RIGHT-TURN LANE ON SB KY 55. (2024CCN)","","2024","2026","C","SPP","830000","2030","","",""
"District 05","Shelby","05-80318.00","KY","55","KY-55","CONGESTION MITIGTN(O)","6.6","6.7","ADDRESS SAFETY AND IMPROVE TRAFFIC FLOW WITH OPERATIONAL IMPROVEMENTS ON KY 55 AT OLD BRUNERSTOWN ROAD. THIS PROJECT WILL CONSIDER A RIGHT-TURN LANE ON SB KY 55. (2024CCN)","","2024","2026","D","SPP","270000","2027","","",""
"District 05","Shelby","05-80318.00","KY","55","KY-55","CONGESTION MITIGTN(O)","6.6","6.7","ADDRESS SAFETY AND IMPROVE TRAFFIC FLOW WITH OPERATIONAL IMPROVEMENTS ON KY 55 AT OLD BRUNERSTOWN ROAD. THIS PROJECT WILL CONSIDER A RIGHT-TURN LANE ON SB KY 55. (2024CCN)","","2024","2026","U","SPP","110000","2029","","",""
"District 05","Shelby","05-80318.00","KY","55","KY-55","CONGESTION MITIGTN(O)","6.6","6.7","ADDRESS SAFETY AND IMPROVE TRAFFIC FLOW WITH OPERATIONAL IMPROVEMENTS ON KY 55 AT OLD BRUNERSTOWN ROAD. THIS PROJECT WILL CONSIDER A RIGHT-TURN LANE ON SB KY 55. (2024CCN)","","2024","2026","R","SPP","60000","2028","","",""
"District 05","Shelby","05-80319.00","KY","55","KY-55","CONGESTION MITIGTN(O)","7.8","8.0","ADDRESS SAFETY AND IMPROVE TRAFFIC FLOW AT THE KY 55/US 60 INTERSECTION IN SHELBYVILLE. PROJECT WILL CONSIDER THE ADDITION OF A RIGHT-TURN LANE SOUTHBOUND ON KY 55. (2024CCN)","","2024","2026","D","SPP","270000","2029","","",""
"District 05","Shelby","05-80319.00","KY","55","KY-55","CONGESTION MITIGTN(O)","7.8","8.0","ADDRESS SAFETY AND IMPROVE TRAFFIC FLOW AT THE KY 55/US 60 INTERSECTION IN SHELBYVILLE. PROJECT WILL CONSIDER THE ADDITION OF A RIGHT-TURN LANE SOUTHBOUND ON KY 55. (2024CCN)","","2024","2026","R","SPP","110000","2029","","",""
"District 05","Shelby","05-80319.00","KY","55","KY-55","CONGESTION MITIGTN(O)","7.8","8.0","ADDRESS SAFETY AND IMPROVE TRAFFIC FLOW AT THE KY 55/US 60 INTERSECTION IN SHELBYVILLE. PROJECT WILL CONSIDER THE ADDITION OF A RIGHT-TURN LANE SOUTHBOUND ON KY 55. (2024CCN)","","2024","2026","C","SPP","670000","2029","","",""
"District 05","Shelby","05-80319.00","KY","55","KY-55","CONGESTION MITIGTN(O)","7.8","8.0","ADDRESS SAFETY AND IMPROVE TRAFFIC FLOW AT THE KY 55/US 60 INTERSECTION IN SHELBYVILLE. PROJECT WILL CONSIDER THE ADDITION OF A RIGHT-TURN LANE SOUTHBOUND ON KY 55. (2024CCN)","","2024","2026","U","SPP","170000","2029","","",""
"District 05","Shelby","05-80326.00","US","60","US-60","BIKE/PED FACIL(O)","11.97","12.878","CONSTRUCT PEDESTRIAN FACILITIES ON THE NORTH SIDE OF US 60 FROM THE MASONIC HOME TO ROCKET LANE. (2024CCN)","","2024","2026","D","STP1","470000","2026","","",""
"District 05","Shelby","05-80326.00","US","60","US-60","BIKE/PED FACIL(O)","11.97","12.878","CONSTRUCT PEDESTRIAN FACILITIES ON THE NORTH SIDE OF US 60 FROM THE MASONIC HOME TO ROCKET LANE. (2024CCN)","","2024","2026","U","STP1","20000","2027","","",""
"District 05","Shelby","05-80326.00","US","60","US-60","BIKE/PED FACIL(O)","11.97","12.878","CONSTRUCT PEDESTRIAN FACILITIES ON THE NORTH SIDE OF US 60 FROM THE MASONIC HOME TO ROCKET LANE. (2024CCN)","","2024","2026","C","STP1","1140000","2029","","",""
"District 05","Shelby","05-80326.00","US","60","US-60","BIKE/PED FACIL(O)","11.97","12.878","CONSTRUCT PEDESTRIAN FACILITIES ON THE NORTH SIDE OF US 60 FROM THE MASONIC HOME TO ROCKET LANE. (2024CCN)","","2024","2026","R","STP1","50000","2027","","",""
"District 05","Shelby","05-80409.00","KY","55","KY-55","SAFETY(P)","5.24","6.03","Address safety, improve roadway geometrics, improve traffic operations, and consider access management on KY 55 from south of Logan Station Road (MP 5.24) to the I-64 interchange (MP 6.03). (2026CCN)","","2026","2026","U","SPP","305000","2031","","",""
"District 05","Shelby","05-80409.00","KY","55","KY-55","SAFETY(P)","5.24","6.03","Address safety, improve roadway geometrics, improve traffic operations, and consider access management on KY 55 from south of Logan Station Road (MP 5.24) to the I-64 interchange (MP 6.03). (2026CCN)","","2026","2026","D","SPP","610000","2028","","",""
"District 05","Shelby","05-80409.00","KY","55","KY-55","SAFETY(P)","5.24","6.03","Address safety, improve roadway geometrics, improve traffic operations, and consider access management on KY 55 from south of Logan Station Road (MP 5.24) to the I-64 interchange (MP 6.03). (2026CCN)","","2026","2026","R","SPP","305000","2030","","",""
"District 05","Shelby","05-80409.00","KY","55","KY-55","SAFETY(P)","5.24","6.03","Address safety, improve roadway geometrics, improve traffic operations, and consider access management on KY 55 from south of Logan Station Road (MP 5.24) to the I-64 interchange (MP 6.03). (2026CCN)","","2026","2026","C","SPP","6840000","2032","","",""
"District 05","Shelby","05-80410.00","KY","1399","KY-1399","SAFETY(P)","0.0","2.56","Improve safety, reliability, geometric deficiencies along KY 1399/Veechdale Road (CR 1231) from KY 1848 to KY 148. (2026CCN)","","2026","2026","P","SPP","350000","2029","","",""
"District 05","Shelby","05-80410.00","KY","1399","KY-1399","SAFETY(P)","0.0","2.56","Improve safety, reliability, geometric deficiencies along KY 1399/Veechdale Road (CR 1231) from KY 1848 to KY 148. (2026CCN)","","2026","2026","U","SPP","2100000","2031","","",""
"District 05","Shelby","05-80410.00","KY","1399","KY-1399","SAFETY(P)","0.0","2.56","Improve safety, reliability, geometric deficiencies along KY 1399/Veechdale Road (CR 1231) from KY 1848 to KY 148. (2026CCN)","","2026","2026","R","SPP","3000000","2031","","",""
"District 05","Shelby","05-80410.00","KY","1399","KY-1399","SAFETY(P)","0.0","2.56","Improve safety, reliability, geometric deficiencies along KY 1399/Veechdale Road (CR 1231) from KY 1848 to KY 148. (2026CCN)","","2026","2026","C","SPP","22050000","2032","","",""
"District 05","Shelby","05-80410.00","KY","1399","KY-1399","SAFETY(P)","0.0","2.56","Improve safety, reliability, geometric deficiencies along KY 1399/Veechdale Road (CR 1231) from KY 1848 to KY 148. (2026CCN)","","2026","2026","D","SPP","3000000","2030","","",""
"District 05","Shelby","05-80411.00","US","60","US-60","SAFETY(P)","7.54","8.32","Reduce Congestion and Improve Safety along US 60 from Discovery Boulevard (MP 7.537) to KY 55 (Freedoms Way) (MP 8.324). (2026CCN)","","2026","2026","U","NH","620000","2030","","",""
"District 05","Shelby","05-80411.00","US","60","US-60","SAFETY(P)","7.54","8.32","Reduce Congestion and Improve Safety along US 60 from Discovery Boulevard (MP 7.537) to KY 55 (Freedoms Way) (MP 8.324). (2026CCN)","","2026","2026","D","NH","1240000","2029","","",""
"District 05","Shelby","05-80411.00","US","60","US-60","SAFETY(P)","7.54","8.32","Reduce Congestion and Improve Safety along US 60 from Discovery Boulevard (MP 7.537) to KY 55 (Freedoms Way) (MP 8.324). (2026CCN)","","2026","2026","C","NH","13880000","2032","","",""
"District 05","Shelby","05-80411.00","US","60","US-60","SAFETY(P)","7.54","8.32","Reduce Congestion and Improve Safety along US 60 from Discovery Boulevard (MP 7.537) to KY 55 (Freedoms Way) (MP 8.324). (2026CCN)","","2026","2026","R","NH","620000","2030","","",""
"District 05","Shelby","05-80425.00","KY","362","KY-362","SPOT IMPROVEMENTS","1.5","1.7","Improve the intersection of KY 1531 (Aiken Road) and KY 362 (Ash Avenue/Aiken Road) (2026CCN)","","2026","2026","C","SPP","2330000","2029","","",""
"District 05","Shelby","05-80425.00","KY","362","KY-362","SPOT IMPROVEMENTS","1.5","1.7","Improve the intersection of KY 1531 (Aiken Road) and KY 362 (Ash Avenue/Aiken Road) (2026CCN)","","2026","2026","R","SPP","110000","2027","","",""
"District 05","Shelby","05-80425.00","KY","362","KY-362","SPOT IMPROVEMENTS","1.5","1.7","Improve the intersection of KY 1531 (Aiken Road) and KY 362 (Ash Avenue/Aiken Road) (2026CCN)","","2026","2026","U","SPP","120000","2027","","",""
"District 05","Shelby","05-80425.00","KY","362","KY-362","SPOT IMPROVEMENTS","1.5","1.7","Improve the intersection of KY 1531 (Aiken Road) and KY 362 (Ash Avenue/Aiken Road) (2026CCN)","","2026","2026","D","SPP","400000","2026","","",""
"District 05","Shelby","05-80426.00","KY","362","KY-362","SAFETY(P)","2.35","2.45","Address safety and traffic operations on KY 362 (Aiken Road) at Persimmon Ridge Drive (CR 1339) (2026CCN)","","2026","2026","R","SPP","40000","2027","","",""
"District 05","Shelby","05-80426.00","KY","362","KY-362","SAFETY(P)","2.35","2.45","Address safety and traffic operations on KY 362 (Aiken Road) at Persimmon Ridge Drive (CR 1339) (2026CCN)","","2026","2026","C","SPP","590000","2029","","",""
"District 05","Shelby","05-80426.00","KY","362","KY-362","SAFETY(P)","2.35","2.45","Address safety and traffic operations on KY 362 (Aiken Road) at Persimmon Ridge Drive (CR 1339) (2026CCN)","","2026","2026","U","SPP","50000","2027","","",""
"District 05","Shelby","05-80426.00","KY","362","KY-362","SAFETY(P)","2.35","2.45","Address safety and traffic operations on KY 362 (Aiken Road) at Persimmon Ridge Drive (CR 1339) (2026CCN)","","2026","2026","D","SPP","210000","2026","","",""
"District 05","Spencer","05-08954.20","KY","55","KY-55","SAFETY(P)","10.56","11.27","Improve safety and traffic operations on KY 55 from KY 1169 to KY 155 and on KY 155 from KY 55 to MP 2.0 (total length 2.71 miles)(Portion of 5-8954.0). (2024CCN)","","2024","2026","C","SPP","20720000","2031","","",""
"District 05","Spencer","05-08954.20","KY","55","KY-55","SAFETY(P)","10.56","11.27","Improve safety and traffic operations on KY 55 from KY 1169 to KY 155 and on KY 155 from KY 55 to MP 2.0 (total length 2.71 miles)(Portion of 5-8954.0). (2024CCN)","","2024","2026","R","SPP","1080000","2030","","",""
"District 05","Spencer","05-08954.20","KY","55","KY-55","SAFETY(P)","10.56","11.27","Improve safety and traffic operations on KY 55 from KY 1169 to KY 155 and on KY 155 from KY 55 to MP 2.0 (total length 2.71 miles)(Portion of 5-8954.0). (2024CCN)","","2024","2026","D","SPP","780000","2029","","",""
"District 05","Spencer","05-08954.20","KY","55","KY-55","SAFETY(P)","10.56","11.27","Improve safety and traffic operations on KY 55 from KY 1169 to KY 155 and on KY 155 from KY 55 to MP 2.0 (total length 2.71 miles)(Portion of 5-8954.0). (2024CCN)","","2024","2026","U","SPP","5070000","2030","","",""
"District 05","Spencer","05-08954.30","KY","55","KY-55","CONGESTION MITIGTN(O)","10.5","11.3","Improve traffic operations on KY 55 from KY 1169 to KY 155 (MP 10.5 - 11.3) (Portion of 5-8954.0). (2024CCN)","","2024","2026","U","SPP","150000","2031","","",""
"District 05","Spencer","05-08954.30","KY","55","KY-55","CONGESTION MITIGTN(O)","10.5","11.3","Improve traffic operations on KY 55 from KY 1169 to KY 155 (MP 10.5 - 11.3) (Portion of 5-8954.0). (2024CCN)","","2024","2026","R","SPP","210000","2030","","",""
"District 05","Spencer","05-08954.30","KY","55","KY-55","CONGESTION MITIGTN(O)","10.5","11.3","Improve traffic operations on KY 55 from KY 1169 to KY 155 (MP 10.5 - 11.3) (Portion of 5-8954.0). (2024CCN)","","2024","2026","C","SPP","2800000","2032","","",""
"District 05","Spencer","05-08954.30","KY","55","KY-55","CONGESTION MITIGTN(O)","10.5","11.3","Improve traffic operations on KY 55 from KY 1169 to KY 155 (MP 10.5 - 11.3) (Portion of 5-8954.0). (2024CCN)","","2024","2026","D","SPP","440000","2029","","",""
"District 05","Spencer","05-08955.00","KY","44","KY-44","SAFETY","0.28","0.44","IMPROVE SAFETY AND ADDRESS GEOMETRIC DEFICIENCIES ALONG KY-44 NEAR DUTCHMAN CREEK ROAD.  (16CCN) (2020CCR) (2024CCR)","","2016","2026","D","FED","0","2021","","",""
"District 05","Spencer","05-08955.00","KY","44","KY-44","SAFETY","0.28","0.44","IMPROVE SAFETY AND ADDRESS GEOMETRIC DEFICIENCIES ALONG KY-44 NEAR DUTCHMAN CREEK ROAD.  (16CCN) (2020CCR) (2024CCR)","","2016","2026","C","CRP","3260000","2028","","",""
"District 05","Spencer","05-08955.00","KY","44","KY-44","SAFETY","0.28","0.44","IMPROVE SAFETY AND ADDRESS GEOMETRIC DEFICIENCIES ALONG KY-44 NEAR DUTCHMAN CREEK ROAD.  (16CCN) (2020CCR) (2024CCR)","","2016","2026","R","CRP","220000","2028","","",""
"District 05","Spencer","05-08955.00","KY","44","KY-44","SAFETY","0.28","0.44","IMPROVE SAFETY AND ADDRESS GEOMETRIC DEFICIENCIES ALONG KY-44 NEAR DUTCHMAN CREEK ROAD.  (16CCN) (2020CCR) (2024CCR)","","2016","2026","U","CRP","300000","2028","","",""
"District 05","Spencer","05-10094.00","KY","44","KY-44","AM-BRIDGE (P)","3.542","3.566","BRIDGE PROJECT IN SPENCER COUNTY ON (108B00008N) KY 44 AT PLUM CREEK","108B00008N","2022","2026","D","BRX","330450","2027","","",""
"District 05","Spencer","05-10094.00","KY","44","KY-44","AM-BRIDGE (P)","3.542","3.566","BRIDGE PROJECT IN SPENCER COUNTY ON (108B00008N) KY 44 AT PLUM CREEK","108B00008N","2022","2026","C","BRX","2202998","2027","","",""
"District 05","Spencer","05-10162.00","KY","1795","KY-1795","AM-BRIDGE (P)","1.584","1.62","ADDRESS DEFICIENCIES OF BRIDGE ON KY 1795 OVER BEECH CREEK (108B00024N) (2026CCR)","108B00024N","2026","2026","D","BRZ","668118","2032","","",""
"District 05","Spencer","05-10162.00","KY","1795","KY-1795","AM-BRIDGE (P)","1.584","1.62","ADDRESS DEFICIENCIES OF BRIDGE ON KY 1795 OVER BEECH CREEK (108B00024N) (2026CCR)","108B00024N","2026","2026","C","BRZ","4454122","2032","","",""
"District 05","Spencer","05-80213.00","KY","55","KY-55","SAFETY(P)","6.61","6.84","REDUCE CONGESTION, IMPROVE SAFETY, AND ENHANCE MOBILITY ON KY 55 FROM KY 44 TO INDUSTRIAL DR. (MP 6.610 TO MP 6.838) (2022CCN)","","2022","2026","D","SPP","250000","2029","","",""
"District 05","Spencer","05-80213.00","KY","55","KY-55","SAFETY(P)","6.61","6.84","REDUCE CONGESTION, IMPROVE SAFETY, AND ENHANCE MOBILITY ON KY 55 FROM KY 44 TO INDUSTRIAL DR. (MP 6.610 TO MP 6.838) (2022CCN)","","2022","2026","C","SPP","620000","2031","","",""
"District 05","Spencer","05-80213.00","KY","55","KY-55","SAFETY(P)","6.61","6.84","REDUCE CONGESTION, IMPROVE SAFETY, AND ENHANCE MOBILITY ON KY 55 FROM KY 44 TO INDUSTRIAL DR. (MP 6.610 TO MP 6.838) (2022CCN)","","2022","2026","U","SPP","40000","2030","","",""
"District 05","Spencer","05-80254.00","KY","44","KY-44","AIR QUALITY(P)","1.2","7.54","IMPROVE CAPACITY, RELIEVE CONGESTION, AND IMPROVE SAFETY ALONG KY 44 FROM GOOSE CREEK ROAD (CR 1121) TO OAK TREE WAY (CS 1053) (MILEPOINT 1.202 TO MILEPOINT 7.542) (2022CCN) (2024CCR)","","2022","2026","U","SPP","5720000","2031","","",""
"District 05","Spencer","05-80254.00","KY","44","KY-44","AIR QUALITY(P)","1.2","7.54","IMPROVE CAPACITY, RELIEVE CONGESTION, AND IMPROVE SAFETY ALONG KY 44 FROM GOOSE CREEK ROAD (CR 1121) TO OAK TREE WAY (CS 1053) (MILEPOINT 1.202 TO MILEPOINT 7.542) (2022CCN) (2024CCR)","","2022","2026","R","SPP","6750000","2030","","",""
"District 05","Spencer","05-80254.00","KY","44","KY-44","AIR QUALITY(P)","1.2","7.54","IMPROVE CAPACITY, RELIEVE CONGESTION, AND IMPROVE SAFETY ALONG KY 44 FROM GOOSE CREEK ROAD (CR 1121) TO OAK TREE WAY (CS 1053) (MILEPOINT 1.202 TO MILEPOINT 7.542) (2022CCN) (2024CCR)","","2022","2026","D","SPP","8630000","2029","","",""
"District 05","Spencer","05-80254.00","KY","44","KY-44","AIR QUALITY(P)","1.2","7.54","IMPROVE CAPACITY, RELIEVE CONGESTION, AND IMPROVE SAFETY ALONG KY 44 FROM GOOSE CREEK ROAD (CR 1121) TO OAK TREE WAY (CS 1053) (MILEPOINT 1.202 TO MILEPOINT 7.542) (2022CCN) (2024CCR)","","2022","2026","C","SPP","36810000","2032","","",""
"District 05","Spencer","05-80255.00","KY","44","KY-44","AIR QUALITY(P)","0.0","1.2","IMPROVE CAPACITY, RELIEVE CONGESTION, AND IMPROVE SAFETY ALONG KY 44 FROM COXS LANE (CR 1087) NEAR THE BULLITT/SPENCER CO LINE TO GOOSE CREEK ROAD (CR 1121) (MILEPOINT 0 TO MILEPOINT 1.202). (2022CCN) (2024CCR)","","2022","2026","C","SPP","6980000","2032","","",""
"District 05","Spencer","05-80255.00","KY","44","KY-44","AIR QUALITY(P)","0.0","1.2","IMPROVE CAPACITY, RELIEVE CONGESTION, AND IMPROVE SAFETY ALONG KY 44 FROM COXS LANE (CR 1087) NEAR THE BULLITT/SPENCER CO LINE TO GOOSE CREEK ROAD (CR 1121) (MILEPOINT 0 TO MILEPOINT 1.202). (2022CCN) (2024CCR)","","2022","2026","U","SPP","1140000","2031","","",""
"District 05","Spencer","05-80255.00","KY","44","KY-44","AIR QUALITY(P)","0.0","1.2","IMPROVE CAPACITY, RELIEVE CONGESTION, AND IMPROVE SAFETY ALONG KY 44 FROM COXS LANE (CR 1087) NEAR THE BULLITT/SPENCER CO LINE TO GOOSE CREEK ROAD (CR 1121) (MILEPOINT 0 TO MILEPOINT 1.202). (2022CCN) (2024CCR)","","2022","2026","D","SPP","1770000","2029","","",""
"District 05","Spencer","05-80255.00","KY","44","KY-44","AIR QUALITY(P)","0.0","1.2","IMPROVE CAPACITY, RELIEVE CONGESTION, AND IMPROVE SAFETY ALONG KY 44 FROM COXS LANE (CR 1087) NEAR THE BULLITT/SPENCER CO LINE TO GOOSE CREEK ROAD (CR 1121) (MILEPOINT 0 TO MILEPOINT 1.202). (2022CCN) (2024CCR)","","2022","2026","R","SPP","1350000","2030","","",""
"District 05","Spencer","05-80256.00","KY","55","KY-55","AIR QUALITY(P)","6.6","10.56","IMPROVE SAFETY AND TRAFFIC OPERATIONS ON KY 55 FROM KY 44 IN TAYLORSVILLE TO KY 1169 (NORMANDY ROAD) BY PROVIDING ADDITIONAL TURNING AND PASSING OPPORTUNITIES (2+1 ROAD BY ADDING A TURN LANE THAT CAN SERVE AS AN ALTERNATING PASSING LANE). (2022CCN) (2024C","","2022","2026","D","SPP","1720000","2029","","",""
"District 05","Spencer","05-80256.00","KY","55","KY-55","AIR QUALITY(P)","6.6","10.56","IMPROVE SAFETY AND TRAFFIC OPERATIONS ON KY 55 FROM KY 44 IN TAYLORSVILLE TO KY 1169 (NORMANDY ROAD) BY PROVIDING ADDITIONAL TURNING AND PASSING OPPORTUNITIES (2+1 ROAD BY ADDING A TURN LANE THAT CAN SERVE AS AN ALTERNATING PASSING LANE). (2022CCN) (2024C","","2022","2026","R","SPP","40000","2030","","",""
"District 05","Spencer","05-80256.00","KY","55","KY-55","AIR QUALITY(P)","6.6","10.56","IMPROVE SAFETY AND TRAFFIC OPERATIONS ON KY 55 FROM KY 44 IN TAYLORSVILLE TO KY 1169 (NORMANDY ROAD) BY PROVIDING ADDITIONAL TURNING AND PASSING OPPORTUNITIES (2+1 ROAD BY ADDING A TURN LANE THAT CAN SERVE AS AN ALTERNATING PASSING LANE). (2022CCN) (2024C","","2022","2026","C","SPP","6020000","2031","","",""
"District 05","Spencer","05-80256.00","KY","55","KY-55","AIR QUALITY(P)","6.6","10.56","IMPROVE SAFETY AND TRAFFIC OPERATIONS ON KY 55 FROM KY 44 IN TAYLORSVILLE TO KY 1169 (NORMANDY ROAD) BY PROVIDING ADDITIONAL TURNING AND PASSING OPPORTUNITIES (2+1 ROAD BY ADDING A TURN LANE THAT CAN SERVE AS AN ALTERNATING PASSING LANE). (2022CCN) (2024C","","2022","2026","U","SPP","440000","2030","","",""
"District 05","Spencer","05-80257.00","KY","55","KY-55","AIR QUALITY(P)","11.27","13.566","IMPROVE SAFETY AND TRAFFIC OPERATIONS ON KY 55 FROM KY 155 NEAR ELK CREEK TO KY 148 AT FINCHVILLE.  PROJECT LIMITS ARE ON KY 55 IN SPENCER COUNTY FROM KY 155 (TAYLORSVILLE ROAD) AT MP 11.270 TO THE SPENCER/SHELBY COUNTY LINE AT MP 13.566 AND IN SPENCER CO","","2022","2026","U","SPP","1590000","2031","","",""
"District 05","Spencer","05-80257.00","KY","55","KY-55","AIR QUALITY(P)","11.27","13.566","IMPROVE SAFETY AND TRAFFIC OPERATIONS ON KY 55 FROM KY 155 NEAR ELK CREEK TO KY 148 AT FINCHVILLE.  PROJECT LIMITS ARE ON KY 55 IN SPENCER COUNTY FROM KY 155 (TAYLORSVILLE ROAD) AT MP 11.270 TO THE SPENCER/SHELBY COUNTY LINE AT MP 13.566 AND IN SPENCER CO","","2022","2026","C","SPP","24830000","2032","","",""
"District 05","Spencer","05-80257.00","KY","55","KY-55","AIR QUALITY(P)","11.27","13.566","IMPROVE SAFETY AND TRAFFIC OPERATIONS ON KY 55 FROM KY 155 NEAR ELK CREEK TO KY 148 AT FINCHVILLE.  PROJECT LIMITS ARE ON KY 55 IN SPENCER COUNTY FROM KY 155 (TAYLORSVILLE ROAD) AT MP 11.270 TO THE SPENCER/SHELBY COUNTY LINE AT MP 13.566 AND IN SPENCER CO","","2022","2026","D","SPP","3270000","2029","","",""
"District 05","Spencer","05-80257.00","KY","55","KY-55","AIR QUALITY(P)","11.27","13.566","IMPROVE SAFETY AND TRAFFIC OPERATIONS ON KY 55 FROM KY 155 NEAR ELK CREEK TO KY 148 AT FINCHVILLE.  PROJECT LIMITS ARE ON KY 55 IN SPENCER COUNTY FROM KY 155 (TAYLORSVILLE ROAD) AT MP 11.270 TO THE SPENCER/SHELBY COUNTY LINE AT MP 13.566 AND IN SPENCER CO","","2022","2026","R","SPP","2280000","2030","","",""
"District 05","Spencer","05-80315.00","KY","44","KY-44","DESIGN ENGINEERING(O)","5.6","6.2","ADDRESS SAFETY AND GEOMETRIC ISSUES ON KY 44 AT JUNCTION KY 1251 TO CURVE AFTER HUNTER'S TRACE ROAD. (2024CCN)","","2024","2026","U","SPP","820000","2031","","",""
"District 05","Spencer","05-80315.00","KY","44","KY-44","DESIGN ENGINEERING(O)","5.6","6.2","ADDRESS SAFETY AND GEOMETRIC ISSUES ON KY 44 AT JUNCTION KY 1251 TO CURVE AFTER HUNTER'S TRACE ROAD. (2024CCN)","","2024","2026","C","SPP","5760000","2032","","",""
"District 05","Spencer","05-80315.00","KY","44","KY-44","DESIGN ENGINEERING(O)","5.6","6.2","ADDRESS SAFETY AND GEOMETRIC ISSUES ON KY 44 AT JUNCTION KY 1251 TO CURVE AFTER HUNTER'S TRACE ROAD. (2024CCN)","","2024","2026","D","SPP","1020000","2029","","",""
"District 05","Spencer","05-80315.00","KY","44","KY-44","DESIGN ENGINEERING(O)","5.6","6.2","ADDRESS SAFETY AND GEOMETRIC ISSUES ON KY 44 AT JUNCTION KY 1251 TO CURVE AFTER HUNTER'S TRACE ROAD. (2024CCN)","","2024","2026","R","SPP","920000","2030","","",""
"District 05","Spencer","05-80316.00","KY","155","KY-155","SAFETY(P)","2.4","2.6","Improve safety at the intersection of KY 155 and KY 3192/Hochstrasser Road (MP 2.4-2.6) (2024CCN). Consider design/build. (2026CCR)","","2024","2026","U","SPP","110000","2027","","",""
"District 05","Spencer","05-80316.00","KY","155","KY-155","SAFETY(P)","2.4","2.6","Improve safety at the intersection of KY 155 and KY 3192/Hochstrasser Road (MP 2.4-2.6) (2024CCN). Consider design/build. (2026CCR)","","2024","2026","R","SPP","210000","2027","","",""
"District 05","Spencer","05-80316.00","KY","155","KY-155","SAFETY(P)","2.4","2.6","Improve safety at the intersection of KY 155 and KY 3192/Hochstrasser Road (MP 2.4-2.6) (2024CCN). Consider design/build. (2026CCR)","","2024","2026","D","SPP","540000","2026","","",""
"District 05","Spencer","05-80316.00","KY","155","KY-155","SAFETY(P)","2.4","2.6","Improve safety at the intersection of KY 155 and KY 3192/Hochstrasser Road (MP 2.4-2.6) (2024CCN). Consider design/build. (2026CCR)","","2024","2026","C","SPP","5000000","2027","","",""
"District 05","Spencer","05-80327.00","US","31","US-31","SAFETY(P)","1.502","1.796","IMPROVE SAFETY AT THE US 31E/KY 523 INTERSECTION. (2024CCN)","","2024","2026","D","STPF","400000","2029","","",""
"District 05","Spencer","05-80327.00","US","31","US-31","SAFETY(P)","1.502","1.796","IMPROVE SAFETY AT THE US 31E/KY 523 INTERSECTION. (2024CCN)","","2024","2026","U","STPF","450000","2030","","",""
"District 05","Spencer","05-80327.00","US","31","US-31","SAFETY(P)","1.502","1.796","IMPROVE SAFETY AT THE US 31E/KY 523 INTERSECTION. (2024CCN)","","2024","2026","C","STPF","1020000","2031","","",""
"District 05","Spencer","05-80327.00","US","31","US-31","SAFETY(P)","1.502","1.796","IMPROVE SAFETY AT THE US 31E/KY 523 INTERSECTION. (2024CCN)","","2024","2026","R","STPF","400000","2030","","",""
"District 05","Spencer","05-80351.00","KY","155","KY-155","DESIGN ENGINEERING(O)","0.65","0.85","Improve intersection of KY 155 and Goebel Road/Hochstrasser Road (MP 0.65 - 0.85). (2024CCN). Consider design/build. (2026CCR)","","2024","2026","D","SPP","330000","2026","","",""
"District 05","Spencer","05-80351.00","KY","155","KY-155","DESIGN ENGINEERING(O)","0.65","0.85","Improve intersection of KY 155 and Goebel Road/Hochstrasser Road (MP 0.65 - 0.85). (2024CCN). Consider design/build. (2026CCR)","","2024","2026","R","SPP","160000","2027","","",""
"District 05","Spencer","05-80351.00","KY","155","KY-155","DESIGN ENGINEERING(O)","0.65","0.85","Improve intersection of KY 155 and Goebel Road/Hochstrasser Road (MP 0.65 - 0.85). (2024CCN). Consider design/build. (2026CCR)","","2024","2026","C","SPP","1250000","2027","","",""
"District 05","Spencer","05-80351.00","KY","155","KY-155","DESIGN ENGINEERING(O)","0.65","0.85","Improve intersection of KY 155 and Goebel Road/Hochstrasser Road (MP 0.65 - 0.85). (2024CCN). Consider design/build. (2026CCR)","","2024","2026","U","SPP","110000","2027","","",""
"District 05","Trimble","05-00905.00","US","421","US-421","SAFETY(P)","11.278","11.678","ADDRESS SAFETY ISSUES AND ACCESS AT THE INTERSECTION OF US-421/KY-1226 AT MP 11.5. (12CCR) (2020CCR) (2024CCR)","","2010","2026","R","STP2","830000","2030","","",""
"District 05","Trimble","05-00905.00","US","421","US-421","SAFETY(P)","11.278","11.678","ADDRESS SAFETY ISSUES AND ACCESS AT THE INTERSECTION OF US-421/KY-1226 AT MP 11.5. (12CCR) (2020CCR) (2024CCR)","","2010","2026","D","STP2","350000","2029","","",""
"District 05","Trimble","05-00905.00","US","421","US-421","SAFETY(P)","11.278","11.678","ADDRESS SAFETY ISSUES AND ACCESS AT THE INTERSECTION OF US-421/KY-1226 AT MP 11.5. (12CCR) (2020CCR) (2024CCR)","","2010","2026","U","STP2","640000","2030","","",""
"District 05","Trimble","05-00905.00","US","421","US-421","SAFETY(P)","11.278","11.678","ADDRESS SAFETY ISSUES AND ACCESS AT THE INTERSECTION OF US-421/KY-1226 AT MP 11.5. (12CCR) (2020CCR) (2024CCR)","","2010","2026","C","STP2","1250000","2031","","",""
"District 05","Trimble","05-10164.00","CR","1301","CR-1301","AM-BRIDGE (P)","1.748","1.754","ADDRESS DEFICIENCIES OF BRIDGE ON JOYCE MILLS RD OVER TRIB TO CORN CREEK (112C00034N)","112C00034N","2026","2026","C","BRZ","711000","2032","","",""
"District 05","Trimble","05-10164.00","CR","1301","CR-1301","AM-BRIDGE (P)","1.748","1.754","ADDRESS DEFICIENCIES OF BRIDGE ON JOYCE MILLS RD OVER TRIB TO CORN CREEK (112C00034N)","112C00034N","2026","2026","D","BRZ","107000","2032","","",""
"District 05","Trimble","05-22100.00","I","71","I-71","AM-PAVEMENT (INT)(P)","38.086","38.808","ADDRESS CONDITION OF I-071 FROM MILEPOINT 38.086 TO MILEPOINT 38.808","","2022","2026","C","NHPM","3780000","2026","","",""
"District 05","Trimble","05-22100.00","I","71","I-71","AM-PAVEMENT (INT)(P)","38.086","38.808","ADDRESS CONDITION OF I-071 FROM MILEPOINT 38.086 TO MILEPOINT 38.808","","2022","2026","D","NHPM","380000","2026","","",""
"District 05","Trimble","05-80309.00","KY","36","KY-36","SAFETY(P)","0.0","2.211","IMPROVE SAFETY, TRUCK MOBILITY, AND ADDRESS GEOMETRIC DEFICIENCIES ALONG KY 36 FROM US 421 TO 250 FEET EAST OF SCHOOL HOLLOW ROAD IN MILTON. (2024CCN)","","2024","2026","C","SPP","1875000","2032","","",""
"District 05","Trimble","05-80309.00","KY","36","KY-36","SAFETY(P)","0.0","2.211","IMPROVE SAFETY, TRUCK MOBILITY, AND ADDRESS GEOMETRIC DEFICIENCIES ALONG KY 36 FROM US 421 TO 250 FEET EAST OF SCHOOL HOLLOW ROAD IN MILTON. (2024CCN)","","2024","2026","R","SPP","1000000","2030","","",""
"District 05","Trimble","05-80309.00","KY","36","KY-36","SAFETY(P)","0.0","2.211","IMPROVE SAFETY, TRUCK MOBILITY, AND ADDRESS GEOMETRIC DEFICIENCIES ALONG KY 36 FROM US 421 TO 250 FEET EAST OF SCHOOL HOLLOW ROAD IN MILTON. (2024CCN)","","2024","2026","D","SPP","500000","2029","","",""
"District 05","Trimble","05-80309.00","KY","36","KY-36","SAFETY(P)","0.0","2.211","IMPROVE SAFETY, TRUCK MOBILITY, AND ADDRESS GEOMETRIC DEFICIENCIES ALONG KY 36 FROM US 421 TO 250 FEET EAST OF SCHOOL HOLLOW ROAD IN MILTON. (2024CCN)","","2024","2026","U","SPP","250000","2031","","",""
"District 05","Trimble","05-80337.00","US","421","US-421","BIKE/PED FACIL(O)","7.027","7.78","CONSTRUCT PEDESTRIAN FACILITIES ALONG US 421 FROM CUTSHAW LANE TO TRIMBLE COUNTY HIGH SCHOOL/KY 625 AND ALONG KY 625 TO BEDFORD ELEMENTARY SCHOOL (TOTAL 0.983 MI.) (2024CCN)","","2024","2026","U","SPP","70000","2031","","",""
"District 05","Trimble","05-80337.00","US","421","US-421","BIKE/PED FACIL(O)","7.027","7.78","CONSTRUCT PEDESTRIAN FACILITIES ALONG US 421 FROM CUTSHAW LANE TO TRIMBLE COUNTY HIGH SCHOOL/KY 625 AND ALONG KY 625 TO BEDFORD ELEMENTARY SCHOOL (TOTAL 0.983 MI.) (2024CCN)","","2024","2026","C","SPP","1440000","2032","","",""
"District 05","Trimble","05-80337.00","US","421","US-421","BIKE/PED FACIL(O)","7.027","7.78","CONSTRUCT PEDESTRIAN FACILITIES ALONG US 421 FROM CUTSHAW LANE TO TRIMBLE COUNTY HIGH SCHOOL/KY 625 AND ALONG KY 625 TO BEDFORD ELEMENTARY SCHOOL (TOTAL 0.983 MI.) (2024CCN)","","2024","2026","D","SPP","430000","2027","","",""
"District 05","Trimble","05-80337.00","US","421","US-421","BIKE/PED FACIL(O)","7.027","7.78","CONSTRUCT PEDESTRIAN FACILITIES ALONG US 421 FROM CUTSHAW LANE TO TRIMBLE COUNTY HIGH SCHOOL/KY 625 AND ALONG KY 625 TO BEDFORD ELEMENTARY SCHOOL (TOTAL 0.983 MI.) (2024CCN)","","2024","2026","R","SPP","110000","2030","","",""
"District 05","Trimble","05-80414.00","I","71","I-71","SAFETY(P)","38.086","38.808","Improve safety and reduce congestion on I-71 from the Henry/Trimble County line to the Trimble/Carroll County line. (2026CCN)","","2026","2026","D","NH","700000","2026","","",""
"District 05","Trimble","05-80414.00","I","71","I-71","SAFETY(P)","38.086","38.808","Improve safety and reduce congestion on I-71 from the Henry/Trimble County line to the Trimble/Carroll County line. (2026CCN)","","2026","2026","C","NH","7200000","2030","","",""
"District 05","Trimble","05-80414.00","I","71","I-71","SAFETY(P)","38.086","38.808","Improve safety and reduce congestion on I-71 from the Henry/Trimble County line to the Trimble/Carroll County line. (2026CCN)","","2026","2026","R","NH","100000","2029","","",""
"District 05","Trimble","05-80414.00","I","71","I-71","SAFETY(P)","38.086","38.808","Improve safety and reduce congestion on I-71 from the Henry/Trimble County line to the Trimble/Carroll County line. (2026CCN)","","2026","2026","U","NH","100000","2029","","",""
"District 05","Trimble","05-80415.00","US","421","US-421","SPOT IMPROVEMENTS(O)","15.45","18.78","Construct a realignment of US 421 through Milton between the Milton-Madison Bridge (MP 18.78) and extending south to reconnect to the existing US 421 near MP 15.45. (2026CCN)","","2026","2026","R","SPP","10604000","2030","","",""
"District 05","Trimble","05-80415.00","US","421","US-421","SPOT IMPROVEMENTS(O)","15.45","18.78","Construct a realignment of US 421 through Milton between the Milton-Madison Bridge (MP 18.78) and extending south to reconnect to the existing US 421 near MP 15.45. (2026CCN)","","2026","2026","P","SPP","500000","2027","","",""
"District 05","Trimble","05-80415.00","US","421","US-421","SPOT IMPROVEMENTS(O)","15.45","18.78","Construct a realignment of US 421 through Milton between the Milton-Madison Bridge (MP 18.78) and extending south to reconnect to the existing US 421 near MP 15.45. (2026CCN)","","2026","2026","D","SPP","2388000","2029","","",""
"District 05","Trimble","05-80415.00","US","421","US-421","SPOT IMPROVEMENTS(O)","15.45","18.78","Construct a realignment of US 421 through Milton between the Milton-Madison Bridge (MP 18.78) and extending south to reconnect to the existing US 421 near MP 15.45. (2026CCN)","","2026","2026","C","SPP","46815000","2032","","",""
"District 05","Trimble","05-80415.00","US","421","US-421","SPOT IMPROVEMENTS(O)","15.45","18.78","Construct a realignment of US 421 through Milton between the Milton-Madison Bridge (MP 18.78) and extending south to reconnect to the existing US 421 near MP 15.45. (2026CCN)","","2026","2026","U","SPP","1903000","2031","","",""
"District 05","Trimble","05-80434.00","KY","1838","KY-1838","BRIDGE REPLACEMENT(P)","2.14","2.2","Replace bridge (112B00017N) on KY 1838 at MP 2.18 (2026CCN)","112B00017N","2026","2026","C","BRX","3500000","2028","","",""
"District 05","Trimble","05-80434.00","KY","1838","KY-1838","BRIDGE REPLACEMENT(P)","2.14","2.2","Replace bridge (112B00017N) on KY 1838 at MP 2.18 (2026CCN)","112B00017N","2026","2026","D","BRX","500000","2027","","",""
"District 05","Trimble","05-80435.00","KY","316","KY-316","BRIDGE REPLACEMENT(P)","1.53","1.57","Replace bridge (112B00009N) at MP 1.554 (2026CCN)","112B00009N","2026","2026","C","BRX","2000000","2028","","",""
"District 05","Trimble","05-80435.00","KY","316","KY-316","BRIDGE REPLACEMENT(P)","1.53","1.57","Replace bridge (112B00009N) at MP 1.554 (2026CCN)","112B00009N","2026","2026","D","BRX","300000","2027","","",""
