"DISTRICT","COUNTY","LATITUDE","LONGITUDE","OWNERSHIP","LOAD_RATING_AGENCY","BRIDGE_ID","OWNER","ADMINAREA","RATINGDATE","DECK_AREA","GFP","NHS","STATE_LOCAL","DECADE","SS_CODE","DECK_RATING","SUB_RATING","SUPER_RATING","ADT","FACILITY_CARRIED","FEATURE_INTERSECT","BRIDGE_DESCRIPTION","POSTED","GROSS_POSTING","SERVICE_ON","SERVICE_UNDER"
"District 01","McCracken","37.064722222","-88.621666667","City","KYTC","073C00086N","04","3","2021-07-23","848.0","Good","No","Local","2020s","","8","8","8","805.0","SOUTH 24TH ST.","BR. OF ISLAND CREEK","1-32' SPREAD BOX BEAM SPAN","PO","0","H01","W01"
"District 01","Graves","36.689049682","-88.486635182","KYTC","CONTRACT","042B00302N","01","3","2021-07-30","2025.0","Good","No","State","2020s","5","N","N","N","100.0","KY 1124","Watson Creek","ALBC 53, 21'-2"" span x 8' - 10"" rise","PO","0","H01","W01"
"District 01","Trigg","36.799764","-87.976713","KYTC","CONTRACT","111B00068N","01","3","2019-07-30","286517.0","Good","Yes","State","2010s","3","8","8","8","4908.0","US-68","CUMBERLAND RIVER","","PO","0","H01","W01"
"District 01","Marshall","36.824444444","-88.440277778","County","KYTC","079C00103N","02","3","2020-12-02","1680.0","Good","No","Local","2020s","","8","8","8","117.0","Houser Rd CR-1286","Smith Creek","1-70' PRE CAST PRESTRESSED CONC BOX BEAMS SIDE BY SIDE","PO","0","H01","W01"
"District 01","Crittenden","37.448055556","-88.058055556","County","CONTRACT","028C00079N","02","3","2021-04-26","1120.0","Good","No","Local","2020s","","8","8","8","126.0","Cotton Patch Rd","Hughes Branch","56'-0"" Single Span, CB21x48 Box Beams","PO","0","H01","W01"
"District 01","Calloway","36.569444444","-88.171944444","KYTC","CONTRACT","018B00143N","01","3","2022-12-29","1632.0","Fair","No","State","2020s","5","7","6","8","249.0","KY-280","Panther Creek","68'-0"" CB27x48 PPC Box Beams - Simple Span","PO","0","H01","W01"
"District 01","McCracken","37.077513889","-88.717716667","County","CONTRACT","073C00084N","02","3","2020-11-30","2374.4","Good","No","Local","2010s","6","N","N","N","805.0","MAXON RD (CR1302)","UNNAMED STREAM","1-45 ALUMINUM BOX CULVERT W/ CONC. H-WALLS & W-WALLS","PO","0","H01","W01"
"District 01","Trigg","36.802777778","-87.936666667","KYTC","KYTC","111B00072L","01","3","2023-09-25","8064.0","Good","Yes","State","2010s","3","7","9","7","2290.0","US 68","HOPSON CREEK","","PO","0","H01","W01"
"District 01","Ballard","37.043626","-89.021286","County","CONTRACT","004C00083N","02","3","2020-09-21","1150.0","Good","No","Local","2020s","","8","8","8","104.0","Johnson Road","Shawnee Creek","57'-6"" Box Beam - CB27-48 - Single Span","PO","0","H01","W01"
"District 01","Hickman","36.677777778","-88.818888889","County","CONTRACT","053C00073N","02","3","2021-11-23","3348.0","Good","No","Local","2020s","","8","8","8","25.0","Baltimore Church","IC (NOR) RAILROAD","1-186' Single Span 87"" WSP Girder","PO","0","H01","R01"
"District 01","Hickman","36.653255","-88.931466","KYTC","KYTC","053B00113N","01","3","2020-11-17","0.0","Good","No","State","2020s","5","N","N","N","72.0","KY 2208","Unknown","","PO","0","H01","W01"
"District 01","Carlisle","36.84","-88.960277778","KYTC","CONTRACT","020B00071N","01","3","2023-11-15","1344.0","Good","No","State","2020s","5","7","8","8","720.0","KY 1377","Horn Creek","54'-6"" CB21x48 PPC Box Beam - Simple Span","PO","0","H01","W01"
"District 01","Calloway","36.608333333","-88.478611111","County","CONTRACT","018C00162N","02","3","2020-12-22","703.2","Good","No","Local","2020s","","8","8","8","273.0","Watson Road","Mayfield Creek","29'-3"" CB17x48 PPC Box Beam - Simple Span","PO","0","H01","W01"
"District 01","Calloway","36.695","-88.351944444","County","CONTRACT","018C00161N","02","3","2020-12-14","760.0","Good","No","Local","2020s","","8","8","8","32.0","Spring Road","West Fork Rockhouse CRK","47'-6"" CB17x48 PPC Box Beam - Simple Span","PO","0","H01","W01"
"District 01","Trigg","36.823329","-87.706408","KYTC","KYTC","111B00067N","01","3","2023-06-30","3597.0","Good","No","State","2010s","5","8","8","8","242.0","KY-1585","SINKING FORK","106' - 0"" PPC I-BEAM, TYPE 4, SIMPLE SPAN","PO","0","H01","W01"
"District 01","Calloway","36.730694","-88.210361","County","CONTRACT","018C00157N","02","3","2021-01-04","799.0","Good","No","Local","2010s","","N","N","N","123.0","McCELRATH RD","HOPKINS BRANCH","30' X 6.75' X 27' METAL CULVERT","PP","0","H01","W01"
"District 01","Ballard","37.174166667","-88.986944444","County","CONTRACT","004C00084N","02","3","2020-12-22","504.0","Good","No","Local","2020s","","8","8","8","58.0","Palmore Road","Branch of Clanton Creek","30'-0"" PPC Box Beam - CB12X48 - Single Span","PO","0","H01","W01"
"District 01","Calloway","36.505277778","-88.208611111","County","CONTRACT","018C00163N","02","3","2020-12-22","768.0","Fair","No","Local","2020s","","8","5","8","84.0","State Line Road E","Bullfrog Branch","30'-6"" CB17X48 PPC Box Beams - Simple Span","PO","0","H01","W01"
"District 01","Trigg","36.951439925","-87.796720739","KYTC","KYTC","111B00002N","01","3","2022-06-20","3432.0","Fair","No","State","1950s","5","6","6","6","500.0","KY-276","MUDDY FORK CREEK","4-30 FT RCDG SPANS-0 DEG SKEW","PP","0","H01","W01"
"District 01","Trigg","36.950786643","-87.724497357","KYTC","KYTC","111B00003N","01","3","2025-08-07","1452.0","Fair","No","State","Over 75","5","6","6","6","467.0","KY-124","HORSE CREEK","2-30 FT RCDG SPANS","PP","0","H01","W01"
"District 01","Trigg","36.965900425","-87.708767141","KYTC","CONTRACT","111B00004N","01","3","2017-11-20","1145.0","Fair","No","State","Over 75","5","N","N","N","529.0","KY-124","CERULEAN CREEK","DBL 10X10X54 RC CLVT -7 FT FILL","PO","0","H01","W01"
"District 01","Trigg","36.94605882","-87.786957344","KYTC","KYTC","111B00005N","01","3","2018-09-20","3770.0","Fair","No","State","Over 75","5","6","5","5","436.0","KY-128","MUDDY Fork Little River","3-45 FT RCDG SPANS","PO","0","H01","W01"
"District 01","Trigg","36.697662979","-87.875977788","KYTC","KYTC","111B00016N","01","3","2022-08-03","1007.0","Fair","No","State","Over 75","5","N","N","N","307.0","KY-164","TRIBUTARY OF DRY CREEK","TRPL 12X6X26 RC CLVT -1.5 FT FILL","PP","0","H01","W01"
"District 01","Trigg","36.772475037","-87.895801493","KYTC","KYTC","111B00032N","01","3","2019-10-30","1189.0","Fair","No","State","Over 75","5","6","6","6","185.0","KY-1062","BEECHY FORK CREEK","TRPL 14X7.5X27 RC CLVT-30 DEG SKW -NO FILL","PO","0","H01","W01"
"District 01","Trigg","36.960227908","-87.691990562","KYTC","KYTC","111B00035N","01","3","2019-10-30","546.0","Fair","No","State","Over 75","5","N","N","N","255.0","KY-624","UNNAMED STREAM","DBL 10X6X25 RC CLVT -1.6 FT FILL","PO","0","H01","W01"
"District 01","Trigg","36.978094104","-87.710131529","KYTC","KYTC","111B00036N","01","3","2022-06-20","3952.0","Fair","No","State","1950s","5","6","5","6","529.0","KY-124","MUDDY FORK CREEK","4-35 FT RCDG SPANS-45 DEG SKEW","PP","0","H01","W01"
"District 01","Trigg","36.833869787","-87.851857812","KYTC","KYTC","111B00038N","01","3","2022-01-26","898.0","Fair","No","State","1950s","6","N","N","N","600.0","KY-1175","BRANCH OF LITTLE RIVER","DBL 14X10X31 RC CLVT-30 DEG SKW -5 FT FILL","PP","0","H01","W01"
"District 01","Trigg","36.832437857","-87.927089002","KYTC","KYTC","111B00039N","01","3","2016-09-02","2620.0","Fair","No","State","1960s","5","N","N","N","1330.0","KY-1489","BLUE SPRINGS CREEK","DBL 16X7X64 RC CLVT-45 DEG SKW -6.5 FT FILL","PO","0","H01","W01"
"District 01","Trigg","36.761191981","-87.914688674","KYTC","KYTC","111B00040N","01","3","2022-06-27","2762.0","Fair","No","State","1960s","5","6","6","6","282.0","KY-164","BEECHY CREEK","3-30 FT RCDG SPANS-0 DEG SKEW","PP","0","H01","W01"
"District 01","Trigg","36.749579807","-87.904014824","KYTC","KYTC","111B00041N","01","3","2022-06-27","4436.0","Fair","No","State","1960s","5","6","7","6","170.0","KY-164","DONALDSON CREEK","3-50 FT RCDG SPANS-0 DEG SKEW","PP","0","H01","W01"
"District 01","Trigg","36.966883511","-87.711095969","KYTC","KYTC","111B00007N","01","3","2022-06-16","3838.0","Fair","No","State","Over 75","5","6","5","6","237.0","KY-126","MUD CREEK","4-40 FT RCDG SPANS 30 DEG SKEW","PP","0","H01","W01"
"District 01","Trigg","36.974644002","-87.74780802","KYTC","KYTC","111B00008N","01","3","2022-06-10","1168.0","Fair","No","State","Over 75","5","6","5","6","237.0","KY-126","Brushy Grove Creek","1-50 FT RCDG SPAN","PO","0","H01","W01"
"District 01","Trigg","36.820256482","-87.701092143","KYTC","KYTC","111B00010N","01","3","2019-10-30","1132.0","Fair","No","State","Over 75","5","N","N","N","878.0","KY-272","UNNAMED STREAM","DBL 10X8X38RC CULV-45 DEG SKEW-1 FT FILL","PO","0","H01","W01"
"District 01","Trigg","36.6547164","-87.81594873","KYTC","KYTC","111B00013N","01","3","2019-10-31","1110.0","Fair","No","State","Over 75","4","N","N","N","693.0","KY-139","SCOTT BRANCH","TRPL 8X6X36.7 RC CLVT-30 DEG SKW -1.5 FT FILL","PO","0","H01","W01"
"District 01","Trigg","36.858846902","-87.837973887","KYTC","KYTC","111B00014N","01","3","2018-10-17","12659.0","Fair","No","State","1950s","4","5","6","5","734.0","KY-139","LITTLE RIVER","1-70FT-105FT-105FT-70FT CONT I-BEAM SPANS CONC FLOOR PI","PO","0","H01","W01"
"District 01","Trigg","36.706764574","-87.836358179","KYTC","KYTC","111B00015N","01","3","2019-10-30","1110.0","Fair","No","State","Over 75","5","N","N","N","307.0","KY-164","TRIBUTARY OF DRY CREEK","TRPL 10X4X30 RC CLVT-30 DEG SKW -1.3 FT FILL","PO","0","H01","W01"
"District 01","Ballard","37.07609838","-88.960958884","KYTC","KYTC","004B00057N","01","3","2023-11-14","3969.0","Fair","Yes","State","1980s","3","6","7","7","5514.0","US-60","FORK OF HUMPHREY CR","30-30-30 PPC DECK UNITS","PO","0","H01","W01"
"District 01","Ballard","37.067015801","-88.962532402","KYTC","KYTC","004B00067N","01","3","2023-11-29","2212.0","Good","No","State","2000s","5","7","8","7","263.0","KY-358","FORK OF HUMPHREY CREEK","1-90 PRECAST PRESTRESSED CONC. BOX BEAM(SIDE BY SIDE)","PO","0","H01","W01"
"District 01","Graves","36.855160216","-88.725451533","KYTC","KYTC","042B00124N","01","3","2019-10-30","567.0","Fair","No","State","Over 75","5","N","N","N","824.0","KY-408","WILSON CREEK","DBL 10X6X27 RC CLVRT -1.0 FT FILL","PO","0","H01","W01"
"District 01","Graves","36.692356569","-88.721899034","KYTC","KYTC","042B00128N","01","3","2024-11-26","6622.0","Fair","No","State","1960s","5","5","6","5","682.0","KY 1748","I-69","1-18.5FT RCDG ABUTMENT 2-83FT CONT RC BOX GIRDER 1-30.5","PO","0","H01","H02, H03"
"District 01","Graves","36.930108431","-88.611132027","KYTC","KYTC","042B00119N","01","3","2019-10-30","649.0","Fair","No","State","1950s","6","N","N","N","374.0","KY-994","BR OF S FRK CAMP CREEK","DBL 10X4X31 RC CLVT-30 DEG SKW -2.5 FT FILL","PO","0","H01","W01"
"District 01","Graves","36.941515511","-88.608278618","KYTC","KYTC","042B00120N","01","3","2019-10-30","1254.0","Fair","No","State","1950s","6","N","N","N","374.0","KY-994","OLD CAMP CREEK","TRPL 12X6X33 RC CLVRT -3.0 FT FILL","PO","0","H01","W01"
"District 01","Graves","36.524018023","-88.602373285","KYTC","KYTC","042B00130N","01","3","2023-09-12","667.0","Fair","No","State","1950s","6","8","6","6","71.0","KY-1382","POWELL CREEK","1-30 FT PRECAST NOT PRESTRESSED  SPANS- 0  DEG","PP","0","H01","W01"
"District 01","Graves","36.806881212","-88.788279117","KYTC","KYTC","042B00131N","01","3","2022-06-14","11088.0","Poor","No","State","Over 75","5","5","5","4","1886.0","KY-339","WEST MAYFIELD CREEK","14-30 FT RCDG SPANS","PP","0","H01","W01"
"District 01","Graves","36.852343916","-88.778683621","KYTC","KYTC","042B00132N","01","3","2022-06-08","2987.0","Fair","No","State","1950s","5","6","5","6","910.0","KY-339","GOOSE CREEK","3-35 FT RCDG SPANS-NO SKEW","PP","0","H01","W01"
"District 01","Graves","36.8776664","-88.773531793","KYTC","KYTC","042B00133N","01","3","2022-06-08","3458.0","Fair","No","State","1950s","5","6","6","6","184.0","KY 339","Wilson Creek","4-30 FT RCDG SPANS-0 DEG SKEW","PP","0","H01","W01"
"District 01","Graves","36.694174497","-88.723336217","KYTC","KYTC","042B00129N","01","3","2022-06-21","3215.0","Fair","No","State","1950s","5","6","6","6","682.0","KY-1748","OPOSSUM CREEK","3-35 FT RCDG SPANS-30 DEG SKEW","PP-T","0","H01","W01"
"District 01","Ballard","36.960014646","-88.9051298","KYTC","KYTC","004B00050N","01","3","2022-04-12","2792.0","Fair","No","State","1960s","5","6","6","6","213.0","KY-1837","BUCKLER CREEK","3-30 FT RCDG SPANS-15 DEG SKEW","PP","0","H01","W01"
"District 01","Graves","36.88595","-88.770556","KYTC","CONTRACT","042B00296N","01","3","2020-10-29","648.0","Fair","No","State","2010s","5","N","N","N","386.0","KY 849","Branch-Bush Creek","24'x10' ALBC 81","PO","0","H01","W01"
"District 01","Graves","36.840248","-88.688438","KYTC","CONTRACT","042B00298N","01","3","2020-10-29","0.0","Good","No","State","2010s","5","N","N","N","170.0","KY 2194","UNNAMED STREAM","","PO","0","H01","W01"
"District 01","McCracken","37.014722222","-88.693888889","KYTC","CONTRACT","073B00180N","01","3","2023-11-14","3391.2","Good","No","State","2010s","5","7","8","8","1587.0","KY-339","Massac Creek","3 Spans 23'3""-46'1""-23'3"" PPC Box Beam CB12-CB17-CB12","PO","0","H01","W01"
"District 01","Carlisle","36.793888889","-88.933055556","County","KYTC","020C00057N","02","3","2020-12-02","768.0","Good","No","Local","2020s","","8","7","8","48.0","Tom O'Neal RD","Guess Creek","1-30' STEEL I-BEAM SPAN W/GRID DECK","PO","0","H01","W01"
"District 01","Hickman","36.693888889","-88.986944444","KYTC","CONTRACT","053B00111N","01","3","2022-12-31","2532.0","Good","No","State","2010s","5","8","8","8","114.0","KY-2206","Cane Crd Fk - Obion Crk","","PO","0","H01","W01"
"District 01","Graves","36.931536111","-88.8101","County","KYTC","042C00335N","02","3","2019-10-15","1827.0","Fair","No","Local","2010s","","6","8","6","123.0","Bethel Ch. Rd","OVER BRUSH CREEK","1-90' PRECAST PRESTRESSED CONC. BOX BEAM SPAN","PO","0","H01","W01"
"District 01","Fulton","36.5894061","-89.0735251","KYTC","KYTC","038B00096N","01","3","2025-08-21","1016.0","Good","No","State","2020s","5","8","8","8","174.0","KY-1129","SAMSON BRANCH","1-42 FT Precast Prestressed Box Beam","PO","0","H01","W01"
"District 01","Fulton","36.5894214","-89.0694481","KYTC","KYTC","038B00097N","01","3","2025-08-21","1452.0","Good","No","State","2020s","5","8","7","8","174.0","KY-1129","RUSH CREEK","1-60 FT Precast Prestressed Box Beam","PO","0","H01","W01"
"District 01","Marshall","37.012103","-88.411436","County","KYTC","079C00101N","02","3","2019-01-07","1416.0","Good","No","Local","2010s","","8","8","8","273.0","Calvert City Rd","HOWARD BRANCH","1 - 59' PRECAST PRESTRESSED CONCRETE BOX BEAM SPAN","PO","0","H01","W01"
"District 01","Graves","36.793184009","-88.749554241","County","KYTC","042C00306N","02","3","2025-09-04","918.0","Poor","No","Local","2000s","","5","4","4","273.0","HOBBS ROAD","West Fork Mayfield Creek","13' - 7' - 20' - 20' FT PRECAST ONLY CHANNEL SPANS","PA","0","H01","W01"
"District 01","Graves","36.601571106","-88.55059875","County","KYTC","042C00307N","02","3","2023-09-06","1082.0","Fair","No","Local","2000s","","6","5","5","21.0","VEALSBURG ROAD","LEECH CREEK","2 -- 22 FT. PRECAST CONCRETE CHANNEL BEAM SPANS.","PP","0","H01","W01"
"District 01","Graves","36.589968542","-88.602855953","County","KYTC","042C00308N","02","3","2023-09-12","792.0","Poor","No","Local","2000s","","5","5","4","112.0","DARNELL ROAD","BACON CREEK","1 -- 32 FT. PRECAST CONCRETE CHANNEL BEAM SPAN.","PP","0","H01","W01"
"District 01","Graves","36.886599887","-88.565853147","County","KYTC","042C00309N","02","3","2016-03-24","514.0","Fair","No","Local","2000s","","6","6","6","131.0","WATKINS ROAD","BRANCH OF W. FORK CREEK","1 -- 31 FT. SIMPLE SPAN W/STEEL GRID DECK/STEEL BEAMS.","PA","0","H01","W01"
"District 01","Graves","36.919277116","-88.775721727","County","KYTC","042C00310N","02","3","2018-05-02","790.0","Fair","No","Local","2000s","","6","5","6","67.0","PENNY CORNER ROAD","OVER BRUSH CREEK","1 - 40 FT. SIMPLE STEEL BM . SPAN W/ DGA ON CORR. DECK.","PO","0","H01","W01"
"District 01","Graves","36.780773774","-88.594315051","County","KYTC","042C00311N","02","3","2018-05-02","920.0","Fair","No","Local","2000s","","6","5","6","297.0","SPENCE CHAPEL ROAD","OVERLY CROWLEY BRANCH","1 - 40 FT. SIMPLE BM. ; W/DGA ON STEEL PLATE DECK","PO","0","H01","W01"
"District 01","Graves","36.668105891","-88.77468792","County","KYTC","042C00313N","02","3","1901-01-01","609.0","Fair","No","Local","2000s","","6","6","6","114.0","MCNUTT ROAD","OVER BR. CANE CREEK","1 --- 33 FT. SIMPLE STEEL BM. SPAN W/ASPH / CORR. METAL","PO","0","H01","W01"
"District 01","Graves","36.705570404","-88.495839017","County","KYTC","042C00314N","02","3","2013-11-13","401.0","Fair","No","Local","2000s","","6","6","6","31.0","THEDA ROAD","GUIER BRANCH","1-24 FT STEEL BEAM SPAN CORREGATED METAL DECK","PO","0","H01","W01"
"District 01","Carlisle","36.907777778","-88.847777778","County","KYTC","020C00056N","02","3","2019-08-29","720.0","Good","No","Local","2010s","","8","7","8","87.0","CARL JONES-ZOAR CH","BARN BRANCH","1 - 30 STEEL I-BEAM SPAN W/ STEEL GRID DECK","PO","0","H01","W01"
"District 01","Ballard","36.994164334","-88.915632254","County","KYTC","004C00023N","02","3","2023-09-12","787.0","Poor","No","Local","1960s","","5","5","4","29.0","STAHL ROAD","BR OF HUMPHREY CREEK","1-30.0 FT. SPAN PRECAST CONC. CHANNEL SECTIONS TYPE 2","PP","0","H01","W01"
"District 01","Ballard","37.079378334","-88.99476366","County","KYTC","004C00041N","02","3","2023-05-11","1045.0","Fair","No","Local","1960s","","7","7","6","430.0","HAZELWOOD ROAD","BR OF LTTL HUMPHREY CRK","1-41.0 FT. SPAN P. P. C. SLAB BEAM TYPE III","PP","0","H01","W01"
"District 01","Ballard","37.148728344","-88.999030377","County","KYTC","004C00045N","02","3","2023-09-12","792.0","Fair","No","Local","1960s","","6","5","6","80.0","SMOKEY ROAD","BR OF BONE BRANCH","1-30.0 FT SPAN PRECAST CONCRETE CHANNEL SECTIONS TYPE 2","PP","0","H01","W01"
"District 01","Trigg","36.841748","-87.832619","KYTC","KYTC","111B00069N","01","3","2023-06-27","14543.0","Good","Yes","State","2010s","3","7","7","7","6753.0","US 68","Caney Creek","86'8"":88'6"":88' 6"":86'8"" 4 Span HN 54 49 Hybrid Cont.","PP","0","H01","W01"
"District 01","Marshall","37.017937552","-88.281386072","County","KYTC","079C00069N","02","3","2014-12-11","1625.0","Fair","No","Local","1990s","","6","5","6","273.0","CIRRITO LN","TAYLOR CREEK","3 - 24 FT  CREOSOTE TIMBER SPAN","PP","0","H01","W01"
"District 01","Marshall","36.906893403","-88.254722509","County","KYTC","079C00070N","02","3","2013-11-13","473.0","Fair","No","Local","1990s","","6","6","6","273.0","DUSTY TRL RD","MALCOLM CREEK","1- 24 FT. CREOSOTE TIMBER SPAN","PP","0","H01","W01"
"District 01","Marshall","36.921939686","-88.369986001","County","KYTC","079C00071N","02","3","2021-11-04","663.0","Fair","No","Local","1990s","","6","7","6","96.0","OAK VALLEY RD","CHESTNUT CREEK","1- 26 TREATED TIMBER SPAN","PP","0","H01","W01"
"District 01","Marshall","37.016559803","-88.323366432","City","KYTC","079C00072N","04","3","2019-10-30","1663.0","Fair","No","Local","1950s","","N","N","N","273.0","5TH AVE SE","LONE VALLEY BRANCH","DBL 14 X 6X 54 RC CLVT W/HNDRLS -2.3 FT FILL","PO","0","H01","W01"
"District 01","Marshall","36.815501806","-88.296253207","County","KYTC","079C00073N","02","3","2018-02-08","611.0","Good","No","Local","2000s","","7","7","7","153.0","DOGTOWN RD","BEAVER DAM SCOUCH","I-26 FT SIMPLE CREOSOTE TIMBER SPAN C-C BEARING","PP","0","H01","W01"
"District 01","Marshall","37.036532451","-88.349505016","City","KYTC","079C00074N","04","3","2021-11-16","2798.0","Fair","No","Local","2000s","","7","6","7","273.0","JOHNSON-RILEY RD.","CYPRESS CREEK","3 -- 40 FT. --  SIMPLE CREOSOTE TREATED TIMBER SPANS.","PP","0","H01","W01"
"District 01","Marshall","36.816151","-88.298119","County","KYTC","079C00076N","02","3","2018-02-08","736.0","Good","No","Local","2000s","","7","7","7","153.0","DOGTOWN RD","BEAVER DAM SLOUGH","1 -- 30 FT.  SIMPLE CREOSOTE TREATED  TIMBER SPAN.","PP","0","H01","W01"
"District 01","Marshall","36.811577128","-88.288675248","County","KYTC","079C00068N","02","3","2024-02-13","1823.0","Fair","No","Local","1990s","","6","7","6","153.0","DOGTOWN RD","EAST FORK CLARKS RIVER","1- 99 FT PRESTRESSED CONC  BOX BEAM SPAN","PP","0","H01","W01"
"District 01","Trigg","36.818055556","-87.815","KYTC","CONTRACT","111B00071N","01","3","2019-12-02","5026.0","Fair","No","State","2010s","4","8","6","8","2194.0","KY-139","Burge Creek","196' 4 Span - Continuous Steel Plate Girder","PO","0","H01","W01"
"District 01","Graves","36.599397","-88.787317","KYTC","CONTRACT","042B00299N","01","3","2020-10-29","874.8","Fair","No","State","2010s","4","N","N","N","1425.0","US-45","TRIBUTARY TO JACKSON CRK","ALBC 24'3"" Span x 7'4"" Rise","PO","0","H01","W01"
"District 01","Graves","36.699722222","-88.533888889","KYTC","KYTC","042B00301N","01","3","2021-01-05","0.0","Good","No","State","2020s","6","N","N","N","456.0","KY 1124","Vulton Creek","","PO","0","H01","W01"
"District 01","Calloway","36.570982","-88.485256","County","KYTC","018C00159N","02","3","2019-08-08","696.0","Fair","No","Local","1980s","","6","5","6","273.0","SWAN RD","EAST FORK TERRAPIN CREEK","1 - 30' STEEL GRID DECK","PP","0","H01","W01"
"District 01","Hickman","36.66938","-88.834966","KYTC","CONTRACT","053B00112N","01","3","2020-11-09","450.0","Fair","No","State","1960s","5","N","N","N","125.0","KY 3061","","","PO","0","H01","W01"
"District 01","McCracken","36.975965","-88.599895","KYTC","KYTC","073B00178N","01","3","2023-09-20","2112.0","Good","No","State","2010s","4","8","8","8","1471.0","KY 1954","Bottom Ditch","63' PPC Box Beam, SB27, Simple Span","PO","0","H01","W01"
"District 01","Fulton","36.595628185","-89.033831572","KYTC","KYTC","038B00011N","01","3","2022-06-07","9207.0","Fair","No","State","Over 75","4","6","6","5","923.0","KY-239","LITTLE BAYOU DE CHIEN","10-30 FT CONCRETE DECK GIRDER SPANS","PP","0","H01","W01"
"District 01","Graves","36.815230599","-88.486528098","KYTC","KYTC","042B00168R","01","3","2020-09-16","5530.0","Fair","Yes","State","1960s","1","8","7","6","4580.0","I-69 NB","CR-1081","TWIN BRIDGES (40.63FT-46.25FT-40.63FT CONT PRESTRESSED","PP","0","H01","H02"
"District 01","Trigg","36.852722","-87.817084","KYTC","KYTC","111B00070N","01","3","2023-01-11","26498.0","Good","Yes","State","2010s","3","8","7","7","6920.0","US 68","Little river","5 Span-143'9""x143'9""x143'9""x143'9""x65'8""","PO","0","H01","W01"
"District 01","Fulton","36.528611111","-88.925833333","KYTC","CONTRACT","038B00090N","01","3","2024-10-15","1248.0","Good","No","State","2010s","6","8","8","8","110.0","KY-1909","Little Bayou De Chien Cr","1 (52') PPC BOX BEAM SPAN","PO","0","H01","W01"
"District 01","Graves","36.580277778","-88.505","County","KYTC","042C00334N","02","3","2018-03-07","1502.2","Fair","No","Local","2010s","","5","8","5","66.0","BEECH GROVE RD.","BR. OF TERRAPIN CREEK","1-74' PRECAST PRESTRESSED CONC. BOX BEAM SPAN","PO","0","H01","W01"
"District 01","Trigg","36.85602682","-87.842085897","KYTC","KYTC","111B00019N","01","3","2025-08-07","9158.0","Fair","No","State","1960s","6","7","6","6","4399.0","US-68X","LITTLE RIVER","30FT-50FT-50FT-50FT-50FT-30FT RCDG SPANS-0 DEG SKEW","PA","0","H01","W01"
"District 01","Trigg","36.881651244","-87.933319328","KYTC","CONTRACT","111B00022N","01","3","2017-11-21","706.0","Poor","No","State","1960s","5","N","N","N","1405.0","KY-274","DRYERS CREEK","DBL 10X9X91RC CULV - 15 FT FILL","PO","0","H01","W01"
"District 01","Trigg","36.86914151","-87.890251487","KYTC","KYTC","111B00023N","01","3","2019-02-25","8158.0","Fair","No","State","1960s","5","6","5","5","1405.0","KY-274","LITTLE RIVER","80FT-115FT-80FT CONT WELDED STEEL PLATE GIRDER SPANS-0","PP","0","H01","W01"
"District 01","Trigg","36.919220363","-87.962416437","KYTC","KYTC","111B00025N","01","3","2019-10-30","1405.0","Fair","No","State","Over 75","5","N","N","N","442.0","KY-276","GILLISPIE BRANCH","TRPL 12X8X32 RC CLVT -1.5 FT FILL","PO","0","H01","W01"
"District 01","Trigg","36.87183672","-87.71786373","KYTC","KYTC","111B00027R","01","3","2021-02-24","6464.0","Good","Yes","State","1970s","1","7","7","7","13976.0","I-24","TRW RAILROAD","TWIN(45-61-41 FT CONT COMP STEEL BEAM SPANS-13 DEG 46 M","PO","0","H01","R01"
"District 01","Trigg","36.734172082","-87.912469268","KYTC","KYTC","111B00042N","01","3","2022-08-03","1500.0","Fair","No","State","1960s","5","N","N","N","170.0","KY-164","CRAIG CREEK","DBL 10X6X62 RC CLVT-30 DEG SKW -8 FT FILL","PP","0","H01","W01"
"District 01","Trigg","36.866149425","-87.71099177","KYTC","KYTC","111B00043N","01","3","2024-11-27","8291.0","Good","No","State","1970s","6","7","7","7","146.0","KY-6058","I 24","2-105 FT CONT RC BOX GIRDER SPANS-25 D 45 M 26 S SKEW","PO","0","H01","H02, H03"
"District 01","Trigg","36.894363988","-87.755639708","KYTC","KYTC","111B00045N","01","3","2021-03-04","10077.0","Fair","No","State","1970s","5","6","7","7","983.0","KY-276","I-24 @.MP. 063.951","2-120.25 FT CONT WELDED PLATE GIRDER SPANS-40 D 20 M 50","PO","0","H01","H02, H03"
"District 01","Trigg","36.936006377","-87.822459614","KYTC","KYTC","111B00047N","01","3","2016-03-30","10645.0","Fair","No","State","1970s","6","6","7","7","101.0","KY-6049","I-24 @ M.P.59.247","97-121-97 CONT WPG SPANS - 1-29,31 CONC CELL. ABUTMENTS","PO","0","H01","H02, H03"
"District 01","Trigg","36.926519974","-87.807189864","KYTC","KYTC","111B00048L","01","3","2019-08-09","13359.0","Fair","Yes","State","1970s","1","6","6","5","12621.0","I-24-10 NC","MUDDY FORK CREEK","60-90-90-60 STEEL WELDED PLATE GIRDER SPAN - 45 DEG","PO","0","H01","W01"
"District 01","Trigg","36.926400065","-87.807483571","KYTC","KYTC","111B00048R","01","3","2019-08-09","13359.0","Fair","Yes","State","1970s","1","6","5","6","12621.0","I-24","MUDDY FORK CREEK","60-90-90-60 CONT WPG SPANS - 45 DEG SKEW","PO","0","H01","W01"
"District 01","Trigg","36.924791293","-87.804625099","KYTC","KYTC","111B00049N","01","3","2018-10-17","8611.0","Good","No","State","1970s","6","7","7","7","265.0","KY-6051","I-24 @.MP. 060.499","2-99 FT CONT WPG SPANS & 31-34 CONC. CELLUAR ABUTMENTS","PP","0","H01","H02, H03"
"District 01","Trigg","36.910923569","-87.781289025","KYTC","KYTC","111B00050N","01","3","2018-10-17","7303.0","Fair","No","State","1970s","5","6","5","6","762.0","KY-124","I-24 @ MP  062.110","2-93 FT CONT. W.P.G. SPANS & 22-15 FT CONC. CELL. ABUT","PP","0","H01","H02, H03"
"District 01","Trigg","36.793782605","-87.845014753","County","KYTC","111C00015N","02","3","2023-09-11","782.0","Poor","No","Local","1970s","","7","4","6","295.0","OLD DOVER ROAD","BURGE CREEK","1-30 FT. SPAN: PRECAST CONCRETE TYPE 2 C-BEAMS","PP","0","H01","W01"
"District 01","Trigg","36.802475498","-87.94767137","County","KYTC","111C00019N","02","3","2022-10-21","2795.0","Fair","No","Local","1960s","","5","5","5","582.0","CANTON BLUE SPG RD","HOPSON CREEK","3-33 FT RCDG SPANS","PO","0","H01","W01"
"District 01","Trigg","36.905149248","-87.879766573","County","KYTC","111C00020N","02","3","2024-09-13","1306.0","Fair","No","Local","1980s","","5","5","5","209.0","ALEXANDER RD","SHELLY CREEK","1-50 CLR SPAN -PRECAST PREST. CONC. BOX BEAM","PO","0","H01","W01"
"District 01","Trigg","36.843637485","-87.785146277","County","KYTC","111C00022N","02","3","2024-08-23","3984.0","Good","No","Local","1980s","","7","7","7","331.0","GLENWOOD MILL RD","LITTLE RIVER","2-83 FT TYPE III BOX BEAM SPANS","PO","0","H01","W01"
"District 01","Trigg","36.925478684","-87.810225559","County","KYTC","111C00023N","02","3","2024-08-23","2909.0","Fair","No","Local","1980s","","5","7","5","110.0","ADAMS MILL ROAD","MUDDY FORK of LITTLE RVR","30 - 60 - 30 FT PREST CONC. BOX BEAMS","PO","0","H01","W01"
"District 01","Trigg","36.797266457","-87.838561394","County","KYTC","111C00013N","02","3","2025-04-21","782.0","Poor","No","Local","1970s","","6","4","4","86.0","PLEASANT HILL CRCH","BURGE CREEK","1-30 FT. SPAN: PRECAST CONCRETE TYPE 2 C-BEAMS","PP","0","H01","W01"
"District 01","Carlisle","36.828882122","-88.91779656","KYTC","KYTC","020B00037N","01","3","2019-10-30","921.0","Fair","No","State","1950s","5","N","N","N","567.0","KY-1377","UNNAME STREAM","TRIPL 10X6X27RC CULVERT FILL=1.65","PO","0","H01","W01"
"District 01","Calloway","36.718602347","-88.459177686","KYTC","KYTC","018B00015N","01","3","2024-04-11","984.0","Good","No","State","1970s","5","9","7","9","81.0","KY-1836","DAMON CREEK","1-40 FT CONCRETE AND STEEL SPAN- 0 DEG SKEW","PO","0","H01","W01"
"District 01","Calloway","36.624385222","-88.235044903","KYTC","KYTC","018B00016N","01","3","2019-10-30","569.32","Good","No","State","1950s","5","N","N","N","1323.0","KY-280","EAST FORK CLAYTON CREEK","DBL 10X4X33 RC CLVT-30 DEG SKW -2 FT FILL","PO","0","H01","W01"
"District 01","Calloway","36.64796237","-88.437712397","KYTC","KYTC","018B00038N","01","3","2016-06-17","528.22","Fair","No","State","Over 75","4","N","N","N","1817.0","KY-121","BRANCH","DBL 10X5X32 RC CLVT -2 FT FILL","PO","0","H01","W01"
"District 01","Calloway","36.658020573","-88.395883506","KYTC","KYTC","018B00039N","01","3","2016-06-17","433.07","Fair","No","State","Over 75","4","N","N","N","1501.0","KY-299","WEST FORK ROCKHOUSE CRK","DBL 10X6X28 RC CLVT -2.5 FT FILL","PO","0","H01","W01"
"District 01","Calloway","36.710707438","-88.360803043","KYTC","KYTC","018B00042N","01","3","2019-10-30","555.77","Fair","No","State","1950s","6","N","N","N","460.0","KY-783","WADES CREEK","DBL 14X8X34 RC CLVT-15 DEG SKW -3 FT FILL","PO","0","H01","W01"
"District 01","Calloway","36.691652305","-88.273422669","KYTC","KYTC","018B00043N","01","3","2025-06-05","9311.0","Fair","No","State","1950s","5","6","5","6","736.0","KY-464","CLARKS RIVER","5-35 FT 2-40 FT 1-50 FT RCDG SPAN-30 DEG SKEW","PO","0","H01","W01"
"District 01","Calloway","36.502730097","-88.310987429","KYTC","KYTC","018B00048N","01","3","2022-04-14","3416.0","Fair","No","State","Over 75","5","6","6","6","647.0","KY-893","East Fork Clarks River","4-30 FT RCDG SPANS-30 DEG SKEW","PP","0","H01","W01"
"District 01","Calloway","36.554196537","-88.139572124","KYTC","KYTC","018B00049N","01","3","2022-04-14","2376.0","Fair","No","State","Over 75","5","7","5","6","627.0","KY-444","BEECHY CREEK","3-33 FT RCDG SPANS","PP","0","H01","W01"
"District 01","Calloway","36.564382956","-88.128418206","KYTC","KYTC","018B00050N","01","3","2016-06-17","415.03","Fair","No","State","Over 75","5","N","N","N","627.0","KY-444","TAN BRANCH","DBL 10X8X26 CONC CLVT -1 FT FILL","PO","0","H01","W01"
"District 01","Calloway","36.651539551","-88.150044652","KYTC","KYTC","018B00052N","01","3","2016-06-01","1550.0","Poor","No","State","Over 75","5","6","4","6","867.0","KY-732","SUGAR CREEK","1-48.4 FT CONCRETE ARCH","PP","0","H01","W01"
"District 01","Calloway","36.747011","-88.39520101","KYTC","KYTC","018B00040N","01","3","2016-09-09","1078.7","Fair","No","State","Over 75","4","N","N","N","903.0","KY-299","SOLDIER CREEK","TRPL 10X9X37 RC CLVT-45 DEG SKW -3.5 FT FILL","PO","0","H01","W01"
"District 01","Calloway","36.58378302","-88.38202161","KYTC","KYTC","018B00075N","01","3","2019-10-30","1338.0","Fair","No","State","1950s","4","N","N","N","1319.0","KY-1550","Fork of Middle Fork","TRPL 14X6X31 RC CLVT-30 DEG SKW -2 FT FILL","PO","0","H01","W01"
"District 01","Calloway","36.581395511","-88.395025798","KYTC","KYTC","018B00076N","01","3","2019-10-30","964.0","Good","No","State","1950s","5","N","N","N","300.0","KY-1550","UNNAME STREAM","TRPL 12X6X27 RC CLVT -1 FT FILL","PO","0","H01","W01"
"District 01","Calloway","36.705633963","-88.462180011","KYTC","KYTC","018B00081N","01","3","2023-06-04","4393.0","Poor","No","State","1960s","5","5","5","4","275.0","KY-464","WEST FORK CLARKS RIVER","3-50 FT PRESTRESSED CONCRETE SPANS - 0 DEG SKEW","PP","0","H01","W01"
"District 01","Calloway","36.552412643","-88.354744245","KYTC","KYTC","018B00082N","01","3","2022-04-14","3722.0","Fair","No","State","1960s","5","6","5","6","376.0","KY-1828","PLEASANT GROVE CREEK","4-30 FT RCDG SPANS-15 DEG SKEW","PP","0","H01","W01"
"District 01","Carlisle","36.832844573","-89.008814989","KYTC","KYTC","020B00004N","01","3","2022-04-19","642.0","Fair","No","State","Over 100","3","5","5","5","1874.0","US-51","LITTLE MAYFIELD CREEK","1-20 FT R.C.D.GWIDENED W/ PREST BEAMS","PP","0","H01","W01"
"District 01","Carlisle","36.887582126","-89.020137535","KYTC","KYTC","020B00006N","01","3","2016-07-25","543.0","Poor","No","State","Over 100","3","N","N","N","2349.0","US-51","FORK OF MAYFIELD CREEK","DBL 10X12X26 RC CLVRT -3 FT FILL","PO","0","H01","W01"
"District 01","Carlisle","36.884125696","-88.997563466","KYTC","KYTC","020B00010N","01","3","2016-09-09","1004.0","Fair","No","State","Over 75","4","N","N","N","2302.0","US-62","FORK OF LITTLE MAYFIELD","TRPL 12X8X30 RC CLVT-30 DG SKW-2.5 FT FILL","PO","0","H01","W01"
"District 01","Carlisle","36.893237377","-88.984573875","KYTC","KYTC","020B00011N","01","3","2016-07-25","819.0","Fair","No","State","Over 75","4","N","N","N","2220.0","US-62","FORK OF LITTLE MAYFIELD","TRPL 10X9X26 RC CLVT -2 FT FILL","PO","0","H01","W01"
"District 01","Calloway","36.63499123","-88.441811363","KYTC","KYTC","018B00085N","01","3","2022-04-14","2184.0","Fair","No","State","1960s","5","6","6","6","380.0","KY-1836","DARNELL CREEK","3-25 FT RCDG SPANS-0 DEG SKEW","PP","0","H01","W01"
"District 01","Calloway","36.67940654","-88.4599724","KYTC","KYTC","018B00088N","01","3","2019-10-30","669.46","Fair","No","State","1960s","5","N","N","N","582.0","KY-1836","SAND LICK BRANCH","DBL 12X6X43 RC CLVT-45 DEG SKW -2 FT FILL","PO","0","H01","W01"
"District 01","Calloway","36.611558005","-88.291592835","KYTC","KYTC","018B00101N","01","3","2023-03-14","11612.0","Fair","No","State","1980s","4","6","7","7","8804.0","KY-94","CLARKS RIVER OVERFLOW","60-60-60-60 FT CONT PREST CONC I-BEAM SPANS","PO","0","H01","W01"
"District 01","Calloway","36.53785277","-88.406221098","KYTC","KYTC","018B00083N","01","3","2019-10-30","1479.0","Fair","No","State","1960s","5","N","N","N","180.0","KY-1828","BR OF MID FK CLARKS RVR","DOUBLE 10FTX6FTX38FT RC CULVERT-30 DEG SKEW","PO","0","H01","W01"
"District 01","Calloway","36.61315595","-88.285299898","KYTC","KYTC","018B00103N","01","3","2024-11-19","10483.0","Good","No","State","1980s","4","7","7","7","8804.0","KY-94","CLAYTON CREEK","50-58-58-50 FT CONT. PREST CONC I-BEAM SPAN","PO","0","H01","W01"
"District 01","Carlisle","36.897197477","-88.956742099","KYTC","KYTC","020B00012N","01","3","2016-09-09","831.0","Fair","No","State","Over 75","4","N","N","N","2220.0","US-62","FORK OF LITTLE MAYFIELD","TRPL 10X9X26 RC CLVT -1.5 FT FILL","PO","0","H01","W01"
"District 01","Carlisle","36.898613399","-88.953935374","KYTC","KYTC","020B00013N","01","3","2016-07-25","2000.0","Fair","No","State","Over 75","4","N","N","N","2220.0","US-62","FORK OF LITTLE MAYFIELD","QNTPL 12X12X26 RC CLVT -1.5 FT FILL","PO","0","H01","W01"
"District 01","Carlisle","36.861518908","-88.834971733","KYTC","KYTC","020B00033N","01","3","2019-10-30","550.0","Fair","No","State","Over 75","6","N","N","N","67.0","KY 545","Fork of Lick Creek","DBL 12X9X22 RC CLVRT -2 FT FILL","PO","0","H01","W01"
"District 01","Carlisle","36.867571309","-89.041359997","KYTC","KYTC","020B00034N","01","3","2019-10-30","575.0","Fair","No","State","Over 75","5","N","N","N","183.0","KY-1022","BRANCH OF TRUMANS CREEK","DBL 12X4X23 RC CLVRT -1.5 FT FILL","PO","0","H01","W01"
"District 01","Carlisle","36.834017692","-88.938561865","KYTC","KYTC","020B00036N","01","3","2019-10-30","770.0","Fair","No","State","1950s","5","N","N","N","720.0","KY-1377","UNNAME STREAM","DBL 12X10X31RC C16VT-1.4 FILL","PO","0","H01","W01"
"District 01","Calloway","36.745234258","-88.452849169","KYTC","KYTC","018B00104N","01","3","2023-03-24","689.0","Fair","No","State","1980s","5","5","5","5","81.0","KY-1836","CANEY BRANCH","1-29 FT PREST -PRECAST CONC BOX BEAM","PO","0","H01","W01"
"District 01","Calloway","36.6288967","-88.405440749","KYTC","KYTC","018B00110N","01","3","2023-06-28","1008.0","Fair","No","State","1960s","5","6","5","6","500.0","KY-299","WEST FORK CLARKS RIVER","1-41 FT P.C. DECK UNIT","PA","0","H01","W01"
"District 01","Carlisle","36.867266593","-88.92678781","KYTC","KYTC","020B00041N","01","3","2022-04-19","6430.0","Fair","No","State","1960s","5","6","6","6","264.0","KY-1371","WEST FORK OF MAYFIELD CR","6-35 FT R.C.D.G. SPANS -15 DEG SKEW","PP","0","H01","W01"
"District 01","Carlisle","36.801400606","-89.027235802","KYTC","KYTC","020B00043N","01","3","2019-10-30","769.0","Good","No","State","1950s","5","N","N","N","302.0","KY-877","UNNAME STREAM","DOUBLE 12 FT X 6 FT X 27 FT R.C. CULVERT - 0 DEG SKEW","PO","0","H01","W01"
"District 01","Carlisle","36.795422467","-89.015663136","KYTC","KYTC","020B00044N","01","3","2025-06-06","3215.0","Fair","No","State","1950s","5","6","7","6","302.0","KY 877","Unnamed Stream","3-35 FT R.C.D.G. SPANS - 0 DEG SKEW","PO","0","H01","W01"
"District 01","Carlisle","36.827365918","-88.903988603","KYTC","KYTC","020B00064N","01","3","2024-02-08","1320.0","Good","No","State","2000s","5","8","8","8","518.0","KY-1173","OVER FR. OF MAYFIELD CR.","1-53 6 PRECAST PRESTRESSED CONC. BOX BEAM SPAN","PO","0","H01","W01"
"District 01","Carlisle","36.826861599","-88.888984046","KYTC","KYTC","020B00065N","01","3","2024-02-08","1243.0","Good","No","State","2000s","5","8","8","7","518.0","KY-1173","FORK OF MAYFIELD CREEK","1-56.5 PRECAST PRESTRESSED CONC. BOX BEAM","PO","0","H01","W01"
"District 01","Carlisle","36.907828862","-88.917404347","KYTC","KYTC","020B00066N","01","3","2024-12-19","5402.0","Good","No","State","2000s","4","7","8","8","2332.0","US-62","OVER HURRICANE CREEK","66 - 0 PPC I-BEAM TY. 3 30 DEG. SK. LT.","PO","0","H01","W01"
"District 01","Carlisle","36.868641165","-88.9678261","KYTC","KYTC","020B00039N","01","3","2022-08-03","1102.0","Good","No","State","1950s","6","N","N","N","236.0","KY-1372","UNNAME STREAM","DBL 14X9X39 RC CLVRT -4.5 FT FILL","PA","0","H01","W01"
"District 01","Calloway","36.656726844","-88.173406125","County","KYTC","018C00005N","02","3","2019-01-29","689.0","Fair","No","Local","Over 75","","5","5","6","71.0","Old Newburg Rd","Branch of Sugar Creek","1-30 FT. SPAN STEEL I-BEAMS","PP","0","H01","W01"
"District 01","Calloway","36.700299577","-88.183540729","County","KYTC","018C00011N","02","3","2017-05-17","558.0","Poor","No","Local","1950s","","6","4","5","44.0","OLD SHILOH RD","BR.OF LITTLE JONATHAN CK","1-26.5 FT. SPAN STEEL I-BEAMS","PP","0","H01","W01"
"District 01","Calloway","36.726092066","-88.156567638","County","KYTC","018C00013N","02","3","2023-06-28","1946.0","Fair","No","Local","1960s","","5","7","5","102.0","PALESTINE CHURCH R","LEDBETTER CREEK","2-40 FT. SPANS P.P.C. SLAB BMS. TYPE 3","PO","0","H01","W01"
"District 01","Calloway","36.726267468","-88.209761993","County","KYTC","018C00014N","02","3","2025-07-11","1306.0","Poor","No","Local","1970s","","6","2","4","123.0","MCELRATH RD","LITTLE JONATHAN CREEK","1-51 FT. SPAN P.P.C. BOX BMS.","C","0","H01","W01"
"District 01","Calloway","36.695718543","-88.265176279","County","KYTC","018C00016N","02","3","2025-03-13","782.0","Poor","No","Local","1960s","","6","5","4","216.0","BROOKS CHAPEL RD","BR.E.FK. OF CLARKS RIVER","1-31 FT. SPAN PRECAST CONC. CHANNEL SECTION","PP","0","H01","W01"
"District 01","Carlisle","36.933810093","-88.885718613","KYTC","KYTC","020B00067N","01","3","2023-11-29","1968.0","Good","No","State","2000s","5","7","7","8","132.0","KY-1820","OVER WILSON CREEK","1-80.5 PRECAST PRESTRESSED CONC. BOX BEAM SPAN","PO","0","H01","W01"
"District 01","Carlisle","36.852451681","-88.938203651","County","KYTC","020C00001N","02","3","2023-09-12","782.0","Fair","No","Local","1970s","","6","6","5","12.0","JIM YATES ROAD","HORN CREEK","1-30.5 FT. SPAN: PRECAST CONC CHANNEL BMS.(TYPE 2)","PP","0","H01","W01"
"District 01","Carlisle","36.812741813","-89.012947264","County","KYTC","020C00019N","02","4","2025-08-20","895.0","Poor","No","Local","1960s","","4","2","6","70.0","E.JENNINGS(CR-1235","BR OF OBION CREEK","1-40 FT. SPAN: PPC TYPE 3 SLAB BEAM","C","0","H01","W01"
"District 01","Carlisle","36.814086473","-89.000918751","County","KYTC","020C00031N","02","3","2022-12-13","827.0","Good","No","Local","1980s","","7","7","7","44.0","TREVATHAN ROAD","BRANCH OF CANEY CREEK","1-34 FT PRESTRESSED CONC SPAN","PO","0","H01","W01"
"District 01","Carlisle","36.774786928","-88.881423425","County","KYTC","020C00034N","02","3","2023-08-02","1951.0","Poor","No","Local","1980s","","5","2","5","91.0","BEULAH-MILBURN ROA","BRANCH LITTLE CREEK","3-30 SIMPLE PRECAST,NON-PRESTRESSED CONCRETE SPANS","C","0","H01","W01"
"District 01","Carlisle","36.922429137","-88.936705049","County","KYTC","020C00036N","02","3","2024-05-01","984.0","Fair","No","Local","1980s","","5","5","5","54.0","MAGEE SPRINGS ROAD","HURRICANE CREEK","1- 40 FT. PRESTRESSED CONCRETE BOX BEAM","PP","0","H01","W01"
"District 01","Calloway","36.581548647","-88.189183077","County","KYTC","018C00022N","02","3","2016-06-17","510.0","Fair","No","Local","1970s","","6","6","6","28.0","CARTY RD","CULPEPPER HOLLOW","DBL 10 X 6 X 24 RC BOX CLVT -NO FILL","PO","0","H01","W01"
"District 01","Calloway","36.504727474","-88.181245254","County","KYTC","018C00028N","02","3","2022-04-15","4032.0","Fair","No","Local","1950s","","6","6","6","126.0","Osborne Rd","Br. of McCullough Fork","4-38 FT. SIMPLE SPANS REINF. CONC. T-BEAMS","PP","0","H01","W01"
"District 01","Calloway","36.507116296","-88.181473925","County","KYTC","018C00029N","02","3","2017-05-16","682.0","Poor","No","Local","Over 75","","5","4","6","273.0","OSBORNE RD","MC CULLOUGH FORK","1 SPAN 32 FT. STEEL I-BEAMS","PP","0","H01","W01"
"District 01","Calloway","36.531146603","-88.18353735","County","KYTC","018C00030N","02","3","2022-01-11","742.0","Fair","No","Local","1950s","","5","5","5","273.0","OSBORNE RD","LAX CREEK","2 SPANS - 18 FT. STEEL I-BEAMS","PA","0","H01","W01"
"District 01","Calloway","36.531054692","-88.318583301","County","KYTC","018C00031N","02","3","2016-06-17","691.0","Fair","No","Local","1970s","","5","6","5","118.0","GREEN PLAINS ROAD","E FORK CLARKS RIVER","DBL 14X9X24 RC BOX CLVT -NO FILL","PO","0","H01","W01"
"District 01","Calloway","36.545849044","-88.173035077","County","KYTC","018C00034N","02","3","2022-04-15","2623.0","Fair","No","Local","1950s","","5","6","5","273.0","Shoemaker Road","Dog Creek","3-33 FT. SPANS REINF. CONC. T-BEAMS","PP","0","H01","W01"
"District 01","Carlisle","36.898475224","-89.065648409","County","KYTC","020C00042N","02","3","2023-09-12","782.0","Poor","No","Local","1980s","","5","7","4","65.0","IDA IRELAND ROAD","GRAY CREEK SPRINGS","1-32 FT PRECAST (NOT PREST) CONC BOX BEAM CHANNEL BEAM","PP","0","H01","W01"
"District 01","Carlisle","36.894157268","-89.052794014","County","KYTC","020C00043N","02","3","2024-04-26","546.0","Fair","No","Local","1980s","","7","6","7","65.0","IDA IRELAND ROAD","GRAY CREEK SPRINGS","1-26 FT PRESTRESS CONC BOX BEAM SPAN","PO","0","H01","W01"
"District 01","Graves","36.756425","-88.703447222","County","KYTC","042C00339N","02","3","2021-11-10","655.0","Good","No","Local","2020s","","N","N","N","273.0","Shelton Rd(CR1475)","UNNAMED STREAM","24.67' X 10.5' X 27.3' ALUMINUM BOX CULVERT","PO","0","H01","W01"
"District 01","Calloway","36.558609173","-88.256408507","County","KYTC","018C00037N","02","3","2025-06-03","782.0","Fair","No","Local","1950s","","6","6","6","158.0","DODD RD","CLAYTON CREEK","1-32 FT.SPAN PRECAST CONC. CHANNEL SECTIONS","PP","0","H01","W01"
"District 01","Calloway","36.564968101","-88.344430802","County","KYTC","018C00041N","02","3","2024-01-11","1300.0","Poor","No","Local","1970s","","4","6","4","184.0","Tom Taylor Trl","Pleasant Grove Creek","1-51 FT. SPAN P.P.C. BOX BM.","PP","0","H01","W01"
"District 01","Calloway","36.531934843","-88.360951725","County","KYTC","018C00045N","02","3","2022-08-03","706.0","Fair","No","Local","1970s","","6","5","6","237.0","BAKERS CROSSROAD D","PLEASANT GROVE CREEK","2 SIMPLE SPANS-14 FT.;15.5 FT. CONC. SLAB","PP","0","H01","W01"
"District 01","Calloway","36.517898373","-88.314263178","County","KYTC","018C00047N","02","3","2016-06-17","682.0","Fair","No","Local","1970s","","5","5","5","85.0","Meyers Road","East Fork Clarks River","DBL 12.5 X 8 X 24  RC BOX CLVT -NO FILL","PP","0","H01","W01"
"District 01","Calloway","36.52491883","-88.37593157","County","KYTC","018C00049N","02","3","2017-04-28","693.0","Fair","No","Local","1970s","","6","6","5","96.0","Paschall Road","Pleasant Grove Creek","1 30 FT. SIMPLE SPAN STEEL I-BEAMS","PP","0","H01","W01"
"District 01","Calloway","36.578105563","-88.397008102","County","KYTC","018C00050N","02","3","2022-01-10","1243.0","Fair","No","Local","1970s","","5","5","5","77.0","ERWIN RD","MIDDLE FK CLARKS RIVER","2-26 FT. SPANS STEEL I-BEAMS","PP","0","H01","W01"
"District 01","Calloway","36.505091536","-88.15540285","County","KYTC","018C00102N","02","4","2025-03-13","596.0","Poor","No","Local","1980s","","6","2","6","13.0","GRUBBS RD","BEECHY CREEK","1-40 FT. STEEL STRINGER SPAN/CONC. DECK.","PA","0","H01","W01"
"District 01","Calloway","36.659877507","-88.262645336","County","KYTC","018C00104N","02","3","2019-03-29","613.0","Fair","No","Local","1970s","","5","6","8","21.0","ROWLAND RD","BR.E.FK.-CLARKS RIVER","1-27 FT STEEL STRINGER SPAN-  CONC  DECK","PP","0","H01","W01"
"District 01","Calloway","36.572551097","-88.343866725","County","KYTC","018C00106N","02","3","2018-03-20","905.0","Fair","No","Local","1980s","","6","6","6","424.0","GIBBS STORE RD","MIDDLE FK CLARKS RIVER","2-20.5 FT CONT STEEL I-BEAM SPANS","PP","0","H01","W01"
"District 01","Calloway","36.675461511","-88.446069926","County","KYTC","018C00108N","02","3","2017-05-16","640.0","Poor","No","Local","1980s","","5","4","6","33.0","COOK STORE TRL","CLEAR CREEK","1-40 FT STEEL I-BEAM SPAN  -  61/2 IN CONC. DECK","PP","0","H01","W01"
"District 01","Calloway","36.551817486","-88.316616668","County","KYTC","018C00109N","02","3","2017-04-28","998.0","Poor","No","Local","1980s","","4","6","6","233.0","Tobacco Road","E Fk Clarks River","25 FT.& 23.6 FT. STEEL BEAM SPANS  -  6 IN CONC DECK","PP","0","H01","W01"
"District 01","Calloway","36.721030225","-88.201462572","County","KYTC","018C00112N","02","3","2019-03-29","641.0","Fair","No","Local","Over 75","","5","5","5","107.0","REDBUD RD","LITTLE JONATHAN CREEK","1-36 FT. STEEL I-BEAM  SPAN  -W/CONC DECK","PP","0","H01","W01"
"District 01","Calloway","36.743802686","-88.322158518","County","KYTC","018C00116N","02","3","2019-04-17","1110.0","Poor","No","Local","1980s","","6","4","6","83.0","JACKSON RD","WADES CREEK","1-29.4 FT. , 1-30 FT. STEEL BEAM SPANS W /CONC. DECK","PP","0","H01","W01"
"District 01","Calloway","36.512786454","-88.333694176","County","KYTC","018C00117N","02","3","2022-04-04","662.0","Fair","No","Local","1980s","","6","6","6","35.0","E W MILLER RD","BRUSHY CREEK","1-30 FT STEEL BEAM SPAN W / CONC DECK","PP","0","H01","W01"
"District 01","Calloway","36.50292976","-88.169181187","County","KYTC","018C00118N","02","3","2022-04-04","702.0","Fair","No","Local","1980s","","6","6","6","13.0","GRUBBS RD","BLOOD RIVER","1-40 SIMPLE STEEL I-BEAM SPAN W/CONC DECK","PP","0","H01","W01"
"District 01","Calloway","36.606989826","-88.304412789","City","KYTC","018C00122N","04","3","2024-04-26","728.0","Fair","No","Local","1990s","","6","7","7","688.0","SOUTH 6TH ST","BRANCH-CLARKS RIVER","1-26 FT PREST CONC BOX DECK UNIT","PO","0","H01","W01"
"District 01","Calloway","36.524431122","-88.153543611","County","KYTC","018C00123N","02","3","2025-06-18","782.0","Fair","No","Local","1990s","","9","6","9","29.0","Beechy Road","Beechy Fork","1-32 FT STEEL WF      BEAM W/ CONC DECK","PO","0","H01","W01"
"District 01","Calloway","36.657797394","-88.157761352","County","KYTC","018C00125N","02","3","2022-02-17","800.0","Fair","No","Local","1990s","","6","5","6","71.0","Old Newburg Road","Sugar Creek","1-40 FT STEEL W-FLANCE BEAM  W/ CONC DECK","PP","0","H01","W01"
"District 01","Calloway","36.575810228","-88.205141528","County","KYTC","018C00126N","02","3","2018-03-08","713.0","Poor","No","Local","1990s","","4","6","5","190.0","Cherry Corner Rd","Culpepper Hollow","1-35 FT STEEL BEAM SPAN W/CONC DECK","PP","0","H01","W01"
"District 01","Calloway","36.52955359","-88.293986309","County","KYTC","018C00127N","02","3","2022-02-17","880.0","Fair","No","Local","1990s","","5","6","6","97.0","Green Plains Rd","Branch White Oak Creek","1-40 FT STEEL BEAM SPAN W/CONC DECK","PP","0","H01","W01"
"District 01","Calloway","36.681914812","-88.453920027","County","KYTC","018C00128N","02","3","2018-02-19","772.0","Fair","No","Local","1990s","","5","6","6","21.0","ASBURY CEMETERY LN","WEST FORK CLARKS RIVER","1 - 40 FT STEEL BEAM SPAN W/ CONC DECK","PP","0","H01","W01"
"District 01","Calloway","36.653874842","-88.279347039","County","KYTC","018C00124N","02","3","2024-02-13","2516.0","Fair","No","Local","1990s","","6","5","7","19.0","SQUIRE HOLLAND RD","EAST FORK CLARKS RIVER","1-118 PRESTRESSED CONC BOX BEAM SPAN (HYDROCONDUIT)","PP","0","H01","W01"
"District 01","Ballard","37.15889314","-89.010034653","KYTC","KYTC","004B00032N","01","3","2023-08-02","4620.0","Fair","No","State","1950s","5","6","6","5","81.0","KY-473","CLANTON CREEK","5-30 FT RCDG SPANS-30 DEG SKEW","PP","0","H01","W01"
"District 01","Ballard","37.032957766","-89.006701935","KYTC","KYTC","004B00046N","01","3","2019-10-30","567.0","Fair","No","State","1950s","6","N","N","N","117.0","KY-1368","BRANCH OF SHAWNEE CREEK","DBL 10X8X27 RC CLVT -1.3 FT FILL","PO","0","H01","W01"
"District 01","Crittenden","37.451335775","-88.057826156","County","KYTC","028C00055N","02","3","2024-09-06","1083.0","Fair","No","Local","1980s","","6","6","6","139.0","WESTON RD","CAMP CREEK","1-50 PRESTRESSED CONCRETE BOX BEAM SPAN","PO","0","H01","W01"
"District 01","Crittenden","37.234599238","-88.102487383","County","KYTC","028C00058N","02","3","2024-03-26","852.0","Fair","No","Local","1980s","","5","6","5","195.0","MEXICO ROAD","DRY FORK","1-30 FT  PRECAST PREST CONC BOX BEAM SPAN","PP","0","H01","W01"
"District 01","Crittenden","37.388683036","-88.013722276","County","KYTC","028C00059N","02","3","2024-09-06","525.0","Fair","No","Local","1990s","","5","5","5","273.0","FISHTRAP RD","MATTOON CREEK","1-26 FT PREST CONC BOX BEAM","PP","0","H01","W01"
"District 01","Ballard","36.985702933","-88.985382578","KYTC","KYTC","004B00014N","01","3","2016-09-08","552.09","Fair","No","State","Over 75","5","N","N","N","191.0","KY-1345","STOVALL CREEK","DBL 8X4X51 RC CLVT-45 DEG SKW -1.8 FT FILL","PO","0","H01","W01"
"District 01","Ballard","37.154559912","-88.946621131","KYTC","KYTC","004B00033N","01","3","2022-04-12","3175.0","Fair","No","State","1960s","5","5","6","6","313.0","KY-473","CLANTON CREEK","3-35 FT RCDG SPANS-45 DEG SKEW","PP","0","H01","W01"
"District 01","Ballard","37.036465708","-88.985993769","KYTC","KYTC","004B00047N","01","3","2022-04-12","2987.0","Fair","No","State","1950s","5","6","6","6","748.0","KY-1290","SHAWNEE CREEK","3-35 FT RCDG SPANS-30 DEG SKEW","PP","0","H01","W01"
"District 01","Crittenden","37.333066246","-88.270679439","County","KYTC","028C00064N","02","3","2024-09-06","816.0","Good","No","Local","1990s","","7","7","7","29.0","WATSON CEMETERY RD","FLATLICK CREEK","1- 40 FT PRESTRESSED CONCRETE BOX BEAM SPAN (KYLER CO)","PO","0","H01","W01"
"District 01","Crittenden","37.309262318","-87.952831424","County","KYTC","028C00056N","02","3","2025-03-25","1706.0","Poor","No","Local","1980s","","5","7","4","24.0","BLACKBURN CHURCH R","PINEY CREEK","1-80 PRESTRESSED CONCRETE BOX BEAM SPAN","PP-T","0","H01","W01"
"District 01","Crittenden","37.313574942","-87.978652255","County","KYTC","028C00066N","02","3","2024-09-06","1512.0","Good","No","Local","1990s","","7","7","7","20.0","TRAVIS CEMETERY RD","PINEY CREEK","1- 63 FT PRESTRESSED CONCRETE BOX BEAM SPAN (HYDRO)","PO","0","H01","W01"
"District 01","Crittenden","37.229989556","-88.194262382","County","KYTC","028C00067N","02","3","2024-09-06","1630.0","Good","No","Local","1990s","","7","7","7","38.0","CLAYLICK CREEK RD","CLAYLICK CREEK","1- 68 FT PRESTRESSED CONCRETE BOX BEAM SPAN","PO","0","H01","W01"
"District 01","Crittenden","37.332779072","-87.908076721","County","KYTC","028C00069N","02","3","2024-09-06","1243.0","Good","No","Local","1990s","","7","7","7","3.0","GUM CREEK RD","GUM CREEK","1- 52        FT PRESTRESSED CONC  BOX BEAM SPAN","PO","0","H01","W01"
"District 01","Crittenden","37.332626287","-88.177916391","County","KYTC","028C00070N","02","3","2024-09-06","972.0","Fair","No","Local","1990s","","7","6","7","143.0","LEVIAS RD","COGFIELD CREEK","1-40 FT. PRESTRESSED CONC BOX BEAM SPAN -HYDROCON","PO","0","H01","W01"
"District 01","Crittenden","37.191452","-88.134468","County","KYTC","028C00072N","02","3","2024-09-06","1536.0","Fair","No","Local","2000s","","7","5","7","48.0","CALDWELL SPRINGS","CALDWELL SPRING CREEK","1 --- 64 FT.  PRESTRESSED CONCRETE BOX BEAM SPAN.","PO","0","H01","W01"
"District 01","Ballard","37.129962475","-88.89853788","KYTC","KYTC","004B00017N","01","3","2023-02-27","918.0","Poor","No","State","1960s","6","6","5","4","178.0","KY 1563","Clanton Creek","1-40 FT PRESTRESSED CONCRETE SPAN 0 DEG SKEW","PP","0","H01","W01"
"District 01","Ballard","36.96184265","-88.859810083","KYTC","KYTC","004B00051N","01","3","2022-04-12","2744.0","Fair","No","State","1960s","5","6","6","6","213.0","KY-1837","BILLINGTON CREEK","3-30 FT RCDG SPANS-0 DEG SKEW","PP","0","H01","W01"
"District 01","Ballard","36.967998868","-88.826535039","KYTC","KYTC","004B00018N","01","3","2025-07-14","1320.0","Poor","No","State","1970s","5","6","6","4","101.0","KY-1837","SUGAR CREEK","1-50 FT PRECAST PRESTRESSED CONCRETE SPAN - 0 DEG","PP-T","0","H01","W01"
"District 01","Ballard","36.994752373","-89.144800281","KYTC","KYTC","004B00021N","01","3","2024-10-02","140765.0","Fair","Yes","State","Over 75","3","5","5","5","5344.0","US-51","OHIO RIVER & IC RR","365-800-650-650-365STL TRUSS MAINSPANS(INSP 10-93)","PP","0","H01","R01, W01"
"District 01","Ballard","36.965979578","-88.965361972","KYTC","KYTC","004B00035N","01","3","2025-05-02","1574.0","Poor","No","State","1960s","5","4","6","4","120.0","KY-802","STOVALL CREEK","1-60 FT PRESTRESSED CONCRETE SPAN 0 DEG SKEW","PP","0","H01","W01"
"District 01","Ballard","36.985843866","-89.044205914","KYTC","KYTC","004B00054N","01","3","2022-08-03","749.0","Fair","No","State","1960s","5","N","N","N","270.0","KY-1290","BRANCH OF CANE CREEK","DBL 10X6 RC CLVT -4 FT FILL","PP","0","H01","W01"
"District 01","Ballard","37.086776274","-88.975332315","KYTC","KYTC","004B00022N","01","3","2022-04-12","2574.0","Fair","No","State","Over 75","5","6","6","6","1094.0","KY-358","HUMPHREYS SLOUGH","3-30 FT CONCRETE DECK GIRDER SPANS","PP","0","H01","W01"
"District 01","Ballard","37.150117323","-88.999334319","KYTC","KYTC","004B00036N","01","3","2019-10-30","750.0","Fair","No","State","Over 75","5","N","N","N","183.0","KY-1105","BONE BRANCH","DBL 12X9X30 RC CLVT -2.5 FT FILL","PO","0","H01","W01"
"District 01","Ballard","37.092264682","-88.975087424","KYTC","KYTC","004B00023N","01","3","2022-04-12","4659.0","Fair","No","State","Over 75","5","6","5","6","1094.0","KY-358","HUMPHREYS CREEK","5-30 FT CONCRETE DECK GIRDER SPANS (30 DEG SKEW)","PP","0","H01","W01"
"District 01","Ballard","37.14708239","-88.958658111","KYTC","KYTC","004B00037N","01","3","2019-10-30","567.0","Fair","No","State","Over 75","5","N","N","N","183.0","KY-1105","UNNAME STREAM","DBL 10X8X27 RC CLVT -1.5 FT FILL","PO","0","H01","W01"
"District 01","Ballard","37.13128228","-88.947783926","KYTC","KYTC","004B00024N","01","3","2019-10-30","668.0","Fair","No","State","Over 75","5","N","N","N","757.0","KY 358","Bradley Creek","DBL 10X7X32 CONC CLVT-30 DEG SKW -1.3 FT FILL","PO","0","H01","W01"
"District 01","Ballard","37.137590649","-88.944706117","KYTC","KYTC","004B00025N","01","3","2019-10-30","619.0","Fair","No","State","Over 75","5","N","N","N","757.0","KY 358","Henley Creek","DBL 10X10X27 CONC CLVT -1.3 FT FILL","PO","0","H01","W01"
"District 01","Ballard","37.146850634","-88.955714653","KYTC","KYTC","004B00038N","01","3","2019-10-30","1025.0","Fair","No","State","Over 75","5","N","N","N","183.0","KY 1105","Hanley Creek","TRPL 10X10X32 RC CLVT-30 DEG SKW -1.5 FT FILL","PO","0","H01","W01"
"District 01","Crittenden","37.396949309","-87.84746045","KYTC","KYTC","028B00009N","01","3","2023-09-12","1555.0","Poor","No","State","1950s","4","6","3","3","443.0","KY-120","SLOUGH OF TRADEWATER RVR","2-30 FT PRECAST NOT PRESTRESSED  SPANS- 45 DEG","PP","0","H01","W01"
"District 01","Crittenden","37.348261525","-87.99042775","KYTC","KYTC","028B00011N","01","3","2024-10-18","933.0","Fair","No","State","Over 75","4","5","5","5","507.0","KY-120","TRIBUNE CREEK","1-40 FT R.C.D.G. SPAN (30 DEG SKEW)","PP","0","H01","W01"
"District 01","Crittenden","37.360692854","-87.925767575","KYTC","KYTC","028B00012N","01","3","2022-05-09","2099.0","Fair","No","State","Over 75","4","6","5","5","599.0","KY-120","SUGAR CREEK","2-45 FT R.C.D.G.SPANS","PP","0","H01","W01"
"District 01","Crittenden","37.358890012","-87.924425872","KYTC","KYTC","028B00013N","01","3","2022-05-09","4708.0","Fair","No","State","Over 75","4","5","5","5","599.0","KY-120","TRADEWTR RVR | PINEY CRK","4-50 FT R.C.D.G. SPANS","PO","0","H01","W01"
"District 01","Crittenden","37.213961843","-88.117104509","KYTC","KYTC","028B00017N","01","3","2020-04-27","534.6","Fair","No","State","Over 75","4","N","N","N","748.0","KY-70","BRANCH OF DRY FORK","DBL 10 X 5 X 40 RC CLVT-45 DEG SKW -2.2 FT FILL","PO","0","H01","W01"
"District 01","Ballard","36.9410416","-89.038123894","KYTC","KYTC","004B00026N","01","3","2022-04-12","2792.0","Good","No","State","Over 75","4","7","7","7","1303.0","KY-121","SHELTON CREEK","3-30 FT RCDG SPANS","PP","0","H01","W01"
"District 01","Crittenden","37.344978488","-88.105138608","KYTC","KYTC","028B00022N","01","3","2022-05-09","872.0","Fair","No","State","Over 75","4","5","5","5","860.0","KY-91","CROOKED CREEK","1-36 FT R.C.D.G. SPAN","PP","0","H01","W01"
"District 01","Crittenden","37.455440629","-88.164155442","KYTC","KYTC","028B00023N","01","3","2019-10-30","729.0","Fair","No","State","1960s","4","N","N","N","389.0","KY-91","HURRICANE CREEK","DOUBLE 12 FT X 12 FT X 27 FT R.C. CULVERT     2.3 FILL","PO","0","H01","W01"
"District 01","Crittenden","37.433004289","-88.164435409","KYTC","KYTC","028B00024N","01","3","2022-05-09","3564.0","Fair","No","State","Over 75","5","6","5","6","201.0","KY-135","HURRICANE CREEK","6-30 FT R.C.D.G. SPANS - 30 DEG SKEW","PP","0","H01","W01"
"District 01","Crittenden","37.426655178","-88.281678323","KYTC","KYTC","028B00025N","01","3","2022-08-03","1132.0","Good","No","State","1950s","5","N","N","N","109.0","KY-135","SPRING BRANCH","DBL 14X5X39 RC CLVT-30 DEG SKW -4.5 FT FILL","PP","0","H01","W01"
"District 01","Crittenden","37.427716523","-88.262039537","KYTC","KYTC","028B00026N","01","3","2017-04-27","1216.0","Fair","No","State","1950s","5","N","N","N","109.0","KY-135","Franklin Branch","TRIPLE 12 FT X 5 FT X 32 FT R.C. CULVERT - 0FILL=4.52","PA","0","H01","W01"
"District 01","Crittenden","37.433020966","-88.240393579","KYTC","KYTC","028B00027N","01","3","2022-05-09","3122.0","Fair","No","State","1950s","5","5","6","5","201.0","KY-135","CANEY CREEK","3-40 FT R.C.D.G. SPANS - 0 DEG SKEW","PP","0","H01","W01"
"District 01","Crittenden","37.290304083","-88.026236679","KYTC","KYTC","028B00029N","01","3","2022-05-09","2154.0","Fair","No","State","Over 75","5","6","6","6","93.0","KY-506","BUTLER CREEK","2-25 FT & 1-30 FT R.C.D.G. SPANS - 30 DEG SKEW","PP","0","H01","W01"
"District 01","Ballard","36.934614954","-89.001330237","KYTC","KYTC","004B00027N","01","3","2022-04-12","8212.0","Fair","No","State","Over 75","4","6","6","6","1303.0","KY-121","STOVALL CREEK","9-30 FT RCDG SPANS","PP","0","H01","W01"
"District 01","Ballard","37.116775709","-89.04511236","KYTC","KYTC","004B00040N","01","3","2022-04-12","5358.0","Fair","No","State","1950s","5","6","6","7","224.0","KY-1105","HUMPHREY CREEK","5-35FT RCDG SPANS-0 DEG SKEW","PP","0","H01","W01"
"District 01","Crittenden","37.268638415","-88.205286916","KYTC","KYTC","028B00033N","01","3","2022-08-03","1760.0","Fair","No","State","1950s","5","N","N","N","412.0","KY-855","DRY CREEK","TRPL 14X11X40 RC CLVT -5.5 FT FILL","PP","0","H01","W01"
"District 01","Crittenden","37.246293597","-88.176893468","KYTC","KYTC","028B00034N","01","3","2022-05-10","3860.0","Fair","No","State","1950s","5","6","6","6","412.0","KY-855","CLAY LICK CREEK","3-50 FT R.C.D.G. SPANS-0 DEG SKEW 2 R.C. PIERS & 2 END","PP","0","H01","W01"
"District 01","Crittenden","37.358619966","-88.153313507","KYTC","KYTC","028B00035N","01","3","2017-04-28","1452.0","Fair","No","State","1950s","5","N","N","N","776.0","KY-1668","HURRICANE CREEK","TRIPLE 14X 10X 33RC CULVT FILL=3.32","PP","0","H01","W01"
"District 01","Crittenden","37.287123374","-88.030877736","KYTC","KYTC","028B00036N","01","3","2019-10-30","1030.0","Fair","No","State","Over 75","6","N","N","N","163.0","KY-1077","PINEY CREEK","TRPL 14X7X23 RC CLVT-20 DEG SKW -NO FILL","PO","0","H01","W01"
"District 01","Crittenden","37.349181447","-87.992215581","KYTC","KYTC","028B00038N","01","3","2023-03-23","1008.0","Fair","No","State","1960s","5","6","6","6","188.0","KY-654","TRIBUNE CREEK","1-40 FT PRESTRESSED CONCRETE SPAN","PO","0","H01","W01"
"District 01","Crittenden","37.228592904","-88.150068992","KYTC","KYTC","028B00031N","01","3","2019-10-30","435.6","Fair","No","State","Over 75","5","N","N","N","412.0","KY-855","UNNAMED STREAM","DBL 10X4X28 RC CLVT-30 DEG SKW -1.5 FT FILL","PO","0","H01","W01"
"District 01","Crittenden","37.41693121","-88.303657117","KYTC","KYTC","028B00040N","01","3","2017-04-27","578.0","Fair","No","State","1950s","5","N","N","N","109.0","KY-135","UNNAMED STREAM","DBL 12X6X40 RC CLVT-30 DEG SKW -3.5 FT FILL","PP","0","H01","W01"
"District 01","Crittenden","37.396498261","-88.345158746","KYTC","KYTC","028B00041N","01","3","2022-10-31","7181.0","Fair","No","State","1950s","5","7","6","6","87.0","KY-135","DEER CREEK","70-100-70 FT CONT RCDG SPANS","PO","0","H01","W01"
"District 01","Crittenden","37.161782428","-88.150385997","KYTC","KYTC","028B00042N","01","3","2022-08-03","420.0","Fair","No","State","1950s","5","N","N","N","139.0","KY-902","LARPIN BRANCH","DOUBLE 10 FT X 6 FT X 37 FT R.C. CULVERT - 0FILL=5.51","PP","0","H01","W01"
"District 01","Crittenden","37.170841781","-88.123519687","KYTC","KYTC","028B00044N","01","3","2019-10-30","920.0","Good","No","State","1950s","5","N","N","N","139.0","KY-902","CALDWELL SPRING CREEK","TRPL 12X10X23 RC CLVT -2 FT FILL","PO","0","H01","W01"
"District 01","Crittenden","37.181820742","-88.099998722","KYTC","KYTC","028B00045N","01","3","2022-05-10","2378.0","Fair","No","State","1950s","5","7","6","7","265.0","KY-902","DRY FORK","3-30 FT R.C.D.G. SPANS - 0 DEG SKEW","PP","0","H01","W01"
"District 01","Crittenden","37.192724799","-88.084801533","KYTC","KYTC","028B00046N","01","3","2022-05-10","3678.0","Fair","No","State","1950s","5","6","6","6","265.0","KY-902","LIVINGSTON CREEK","4-35 FT RCDG SPANS-0 DEG SKEW","PP","0","H01","W01"
"District 01","Crittenden","37.342000175","-88.286219344","KYTC","KYTC","028B00048N","01","3","2022-05-10","2765.0","Fair","No","State","1960s","5","7","6","7","67.0","KY-838","FLATLICK CREEK","3-30 FT R.C.D.G. SPANS - O DEG SKEW","PP","0","H01","W01"
"District 01","Ballard","36.933244309","-88.946949473","KYTC","KYTC","004B00028N","01","3","2018-06-11","19543.0","Fair","No","State","Over 75","4","6","6","6","1508.0","KY 121","Mayfield Creek","21-30 FT RCDG SPANS","PP","0","H01","W01"
"District 01","Crittenden","37.351121854","-88.238860206","KYTC","KYTC","028B00049N","01","3","2025-07-17","3215.0","Fair","No","State","1960s","5","5","6","5","288.0","KY-723","COEFIELD CREEK","3-35 FT R.C.D.G. SPANS -0 DEG SKEW","PA","0","H01","W01"
"District 01","Crittenden","37.302483593","-88.233462002","KYTC","KYTC","028B00050N","01","3","2017-04-27","770.0","Fair","No","State","1960s","5","N","N","N","288.0","KY-723","SANDY CREEK","DOUBLE 10 FT X 7 FT X 37 FT R.C. CULVERT - 0FILL=4.87","PP","0","H01","W01"
"District 01","Crittenden","37.529487858","-87.998711504","KYTC","KYTC","028B00055N","01","3","2022-08-01","8921.0","Good","No","State","1980s","5","7","7","7","869.0","KY-365","TRADEWATER RIVER","94 - 94 - 94 FT. PREST CONC. I-BEAM  (CONT.)","PO","0","H01","W01"
"District 01","Crittenden","37.329457734","-88.097030855","KYTC","KYTC","028B00057N","01","3","2023-06-27","1819.0","Fair","No","State","1980s","3","7","6","8","5019.0","US-60","CROOKED CREEK","1-40 PPC I-BEAM SPAN","PO","0","H01","W01"
"District 01","Crittenden","37.344826506","-88.066660569","KYTC","KYTC","028B00058N","01","3","2023-06-27","1563.0","Good","No","State","1980s","3","7","7","8","3967.0","US-60","RUSH CREEK","1 - 34 PPC I-BEAM SPAN","PO","0","H01","W01"
"District 01","Crittenden","37.371768444","-87.871939101","KYTC","KYTC","028B00059N","01","3","2025-04-03","676.0","Poor","No","State","1960s","6","4","4","3","33.0","KY-1917","BRANCH OF WOLF CREEK","1 SIMPLE SPAN AT 31 PRECAST CONC. CHANNEL BEAMS","PP","0","H01","W01"
"District 01","Crittenden","37.374216011","-87.871217159","KYTC","KYTC","028B00060N","01","3","2025-04-03","682.0","Poor","No","State","1960s","6","5","5","3","33.0","KY-1917","WOLF CREEK","1 SIMPLE SPAN AT 31 PRECAST CONC. CHANNEL BEAMS","PP","0","H01","W01"
"District 01","Crittenden","37.299541525","-88.078807081","KYTC","KYTC","028B00061N","01","3","2025-01-10","3861.0","Good","No","State","1990s","3","7","7","8","1313.0","KY 91","CROOKED CREEK","1-77 FT TY 3 PCIB SPAN","PO","0","H01","W01"
"District 01","Crittenden","37.360746943","-88.044689281","KYTC","KYTC","028B00062N","01","3","2023-11-29","1847.0","Fair","No","State","1980s","3","7","7","6","2755.0","US-60","WINLOW CREEK","1-36  PREST CONC DECK UNIT SPAN              REPL B2","PO","0","H01","W01"
"District 01","Crittenden","37.389242387","-88.025219539","KYTC","KYTC","028B00063N","01","3","2022-10-05","3562.0","Fair","No","State","1980s","3","6","7","6","2755.0","US-60","REPTON CREEK","1- 73 FT PREST CONC DECK UNIT                    REP B3","PO","0","H01","W01"
"District 01","Crittenden","37.417169592","-87.961347199","County","KYTC","028C00008N","02","3","2023-09-12","768.0","Poor","No","Local","1970s","","6","6","4","273.0","NUNN SWITCH RD","CANEY FORK","1 SIMPLE SPAN AT 31 FT. PRECAST CONC. CHANNEL BEAMS","PP","0","H01","W01"
"District 01","Crittenden","37.427161022","-87.969926474","County","KYTC","028C00009N","02","3","2025-03-11","772.0","Poor","No","Local","1970s","","5","3","5","273.0","NUNN SWITCH RD","HOODS CREEK","1 SIMPLE SPAN AT 31 FT. PRECAST CONC. CHANNEL BEAMS","PP","0","H01","W01"
"District 01","Ballard","37.109517151","-88.901408397","KYTC","KYTC","004B00030N","01","3","2016-04-28","699.0","Fair","No","State","Over 75","5","N","N","N","565.0","KY-473","Clanton Creek","DBL 10X7X30 RC CLVT-30 DEG SKW -1.5 FT FILL    NO PLANS","PO","0","H01","W01"
"District 01","Crittenden","37.303813971","-88.00634351","County","KYTC","028C00017N","02","3","2024-08-26","1103.0","Poor","No","Local","1970s","","6","3","6","67.0","COPPERAS SPRINGS R","BUTLER CREEK","1 SIMPLE SPAN AT 52 FT. PRESTR. CONC. BOX BEAMS","PP","0","H01","W01"
"District 01","Crittenden","37.321077366","-87.999669476","County","KYTC","028C00018N","02","3","2024-09-19","937.0","Fair","No","Local","1970s","","6","5","6","112.0","COPPERAS SPRINGS","PINEY CREEK","1 SIMPLE SPAN AT 44 FT. PRESTR. CONC. BOX BEAMS","PO","0","H01","W01"
"District 01","Crittenden","37.323080413","-87.980094144","County","KYTC","028C00019N","02","3","2018-05-02","644.0","Fair","No","Local","1970s","","7","6","7","24.0","BLACKBURN CHURCH","TRIBUNE CREEK","1 SIMPLE SPAN AT 39 FT CORR. METAL / CONC ON STL. BMS.","PP","0","H01","W01"
"District 01","Crittenden","37.312108542","-88.09409475","County","KYTC","028C00025N","02","3","2022-11-29","782.0","Poor","No","Local","1970s","","5","6","3","271.0","CHAPEL HILL ROAD","CROOKED CREEK","1-30 FT. PRECAST ONLY SPANS","PP","0","H01","W01"
"District 01","Crittenden","37.252132664","-88.128863324","County","KYTC","028C00026N","02","4","2025-05-22","686.0","Poor","No","Local","1970s","","6","2","6","116.0","MEXICO ROAD","CLEMENT CREEK","1 SIMPLE SPAN AT 31 FT. PRECAST CONCRETE CHANNEL BEAMS","C","0","H01","W01"
"District 01","Ballard","37.021137862","-89.046060635","KYTC","KYTC","004B00045N","01","3","2019-10-30","675.0","Fair","No","State","1950s","6","N","N","N","117.0","KY-1368","LITTLE SHAWNEE CREEK","DOUBLE 12FTX10FTX27FT RC CULVERT-0 DEG SKEW","PO","0","H01","W01"
"District 01","Crittenden","37.204525022","-88.106458483","County","KYTC","028C00030N","02","3","2025-04-28","686.0","Poor","No","Local","1970s","","6","3","4","33.0","JACKSON SCHOOL RD","DRY FK-LIVINGSTON CRK","1 SIMPLE SPAN AT 28 FT. PRECAST CONC. CHANNEL BMS.","PP","0","H01","W01"
"District 01","Ballard","37.079415544","-88.943432765","KYTC","KYTC","004B00012N","01","3","2016-09-19","588.0","Fair","Yes","State","Over 75","3","N","N","N","5514.0","US-60","BRANCH FRAZIER CREEK","DBL 10X10X28 RC CLVT -1.8 FT FILL","PP","0","H01","W01"
"District 01","Ballard","37.183865119","-88.974586194","KYTC","KYTC","004B00031N","01","3","2019-10-30","648.0","Good","No","State","1950s","5","N","N","N","81.0","KY-473","UNNAMED STREAM","DBL 12X4X27 RC CLVT -2 FT FILL","PO","0","H01","W01"
"District 01","Crittenden","37.185812033","-88.131738496","County","KYTC","028C00033N","02","3","2024-10-30","880.0","Fair","No","Local","1970s","","6","8","5","111.0","MAIN LAKE ROAD","CALDWELL SPRING CREEK","1 SIMPLE SPAN AT 40 CONC. ON CORR. METAL DECK/STEEL BM","PP","0","H01","W01"
"District 01","Crittenden","37.269666935","-88.147424884","County","KYTC","028C00036N","02","3","2022-09-27","1823.0","Poor","No","Local","1960s","","6","4","4","127.0","MEXICO RD","CLAYLICK CREEK","3 SIMPLE SPANS AT 21 ; 42 ; 22 PRESTR. CONC. SLAB BM","PP","0","H01","W01"
"District 01","Crittenden","37.361406902","-88.07621167","County","KYTC","028C00040N","02","3","2017-09-14","2503.0","Poor","No","Local","1960s","","4","6","4","412.0","FORDS FERRY RD","CROOKED CREEK","1-SIMPLE SPAN ? 103 PPC BOX BMS.","PP","0","H01","W01"
"District 01","Crittenden","37.453318995","-87.946711844","County","KYTC","028C00048N","02","3","2024-09-11","460.0","Fair","No","Local","1980s","","6","6","7","273.0","BLACKFORD CHURCH R","MEADOW CREEK","1-27 FT PRECAST PREST. CONC. BOX BEAM","PA","0","H01","W01"
"District 01","Crittenden","37.328225805","-87.90813821","County","KYTC","028C00049N","02","3","2022-12-13","955.0","Good","No","Local","1980s","","7","7","7","25.0","BLACKBURN CHURCH R","PINEY CREEK","1-39 FT CLR SPAN PREST CONC. BOX BEAM","PO","0","H01","W01"
"District 01","Crittenden","37.380249294","-88.195023072","County","KYTC","028C00050N","02","3","2021-12-10","402.0","Poor","No","Local","1980s","","5","4","5","4.0","HURRICANE CHURCH R","CANEY FORK CREEK","1- 28 FT  STEEL STRINGER  SPAN","PO","0","H01","W01"
"District 01","Ballard","37.149302216","-88.914905444","County","KYTC","004C00077N","02","3","2024-03-26","895.0","Good","No","Local","1990s","","7","7","7","62.0","GIBSON ROAD","CLANTON CREEK","1-40 FT. PRESTRESSED CONC BOX BEAM SPAN (HYDRO)","PP","0","H01","W01"
"District 01","Marshall","36.987244","-88.345115","KYTC","KYTC","079B00157N","01","3","2023-09-25","4562.9","Good","Yes","State","2010s","1","7","8","8","14993.0","I-69 NB","Little John Creek","99'-6"" PPC I-Beam, Type 4 Simple Span","PP","0","H01","W01"
"District 01","Ballard","37.076370825","-88.982019442","County","KYTC","004C00080N","02","3","2024-04-18","1205.0","Fair","No","Local","1990s","","6","6","6","434.0","HAZELWOOD ROAD","BRANCH LITTLE HUMPHREY C","1- 50 FT. PRESTRESSED CONC BOX BEAM  SPANS  HYDRO","PP","0","H01","W01"
"District 01","Ballard","37.164867714","-88.987401357","County","CONTRACT","004C00078N","02","3","2017-12-22","1876.0","Poor","No","Local","1990s","","4","7","6","58.0","PALMORE ROAD","CLANTON CREEK","1-90 FT RAILROAD CAR STEEL BOX BEAM SPAN","PP","0","H01","W01"
"District 01","Calloway","36.676128","-88.380016","County","KYTC","018C00156N","02","3","2017-07-17","1104.0","Good","No","Local","2010s","","9","9","9","25.0","Carlton Rd","West Fork Rockhouse CRK","1-46' PPC BOX BEAMS W/5"" CONC. DECK","PO","0","H01","W01"
"District 01","Ballard","37.065788302","-88.904481553","County","KYTC","004C00079N","02","3","2024-03-26","1013.0","Fair","No","Local","1990s","","7","6","7","222.0","BROOKING ROAD","BRANCH HUMPHREY CREEK","1- 48 FT. PRESTRESSED CONC BOX BEAM SPAN","PP","0","H01","W01"
"District 01","Ballard","36.94524962","-88.996515541","County","KYTC","004C00067N","02","3","2024-04-18","1265.0","Fair","No","Local","1980s","","6","6","6","117.0","BETHLEHEM CHURCH R","STOVALL CREEK","1-60 FT PRESTRESSED CONC BOX BEAM SPAN","PP","0","H01","W01"
"District 01","Ballard","37.07755636","-88.955813351","KYTC","KYTC","004B00058N","01","3","2022-07-19","6569.0","Good","Yes","State","1980s","3","7","7","7","5514.0","US-60","HUMPHREY CREEK","40-70-40 PCIB CONT","PO","0","H01","W01"
"District 01","Ballard","37.144265349","-89.037085865","County","KYTC","004C00068N","02","3","2024-04-18","1768.0","Fair","No","Local","1980s","","5","8","5","125.0","TURNER LANDING ROA","CLANTON CREEK","1-83 FT. PRESTRESSED CONC BOX BEAM SPAN","PP","0","H01","W01"
"District 01","Ballard","37.042749258","-89.050531691","KYTC","KYTC","004B00059N","01","3","2023-06-26","4243.0","Good","Yes","State","1990s","3","7","7","7","2923.0","US-60","Shawnee Creek","1-86.5 PREST CONC BOX BEAM","PO","0","H01","W01"
"District 01","Ballard","37.014118618","-88.902123969","County","KYTC","004C00069N","02","4","2025-08-18","1505.0","Poor","No","Local","1990s","","6","2","6","100.0","MOSSTOWN ROAD","HUMPHREY CREEK","1-70 FT. PREST CONC BOX BEAM","C","0","H01","W01"
"District 01","Ballard","36.962590528","-89.089771672","KYTC","KYTC","004B00060N","01","3","2022-10-18","17761.0","Fair","No","State","1990s","3","6","7","7","2534.0","US-51","IC Railway and Beech Cr.","54 - 88- 88 -88 - 54 CONT PCIB SPANS","PO","0","H01","R01, W01"
"District 01","Ballard","37.08720892","-88.932792724","County","KYTC","004C00070N","02","3","2024-03-06","521.0","Fair","No","Local","1990s","","7","6","7","40.0","PACE LANE","BR OF HUMPHREY CREEK","1-24 PRECAST ONLY CHANNELS SPAN","PP","0","H01","W01"
"District 01","Ballard","37.045615387","-88.920887081","County","KYTC","004C00013N","02","3","2023-05-15","1291.0","Poor","No","Local","1970s","","4","5","5","97.0","CEREDO ROAD","HUMPHREY CREEK","1-51.5 FT. SPAN PPC.BOX BEAM TYPE I","PO","0","H01","W01"
"District 01","Ballard","36.992756718","-89.05227334","County","KYTC","004C00071N","02","3","2024-04-18","1470.0","Fair","No","Local","1990s","","6","6","6","41.0","BORDEN ROAD","CANE CREEK","1-70 FT.PREST CONC BOX BEAM","PO","0","H01","W01"
"District 01","Ballard","37.014604908","-88.896269388","County","KYTC","004C00072N","02","3","2024-04-16","1531.0","Good","No","Local","1990s","","7","7","7","65.0","BUCHANAN RD(1107 )","BR OF HUMPHREY CREEK","1-63 FT PREST CONC BOX BEAM SPANS","PO","0","H01","W01"
"District 01","Ballard","36.998345302","-89.126320137","KYTC","KYTC","004B00063N","01","3","2022-07-19","17562.0","Good","Yes","State","1990s","3","7","7","7","5344.0","US-51","Flood Plain","3-121 FT       PRESTRESSED CONCRETE I-    BEAM SPANS","PO","0","H01","W01"
"District 01","Ballard","37.014599363","-88.976389455","County","KYTC","004C00074N","02","3","2024-04-18","930.0","Fair","No","Local","1990s","","7","6","7","54.0","KNIGHT ROAD","SHAWNEE CREEK","1- 44 FT PRESTRESSED CONCRETE BOX BEAM SPAN  HYDRO","PO","0","H01","W01"
"District 01","Ballard","36.951299441","-89.03457509","County","KYTC","004C00058N","02","3","2023-09-06","652.0","Fair","No","Local","1980s","","5","5","5","228.0","BETHLEHEM CHRCH RD","SHELTON CREEK","1-30 PRECAST NOT PRESTRESSED CONCRETE SPAN","PP","0","H01","W01"
"District 01","Ballard","37.028051208","-88.979391316","County","KYTC","004C00075N","02","3","2024-05-07","687.0","Good","No","Local","1990s","","7","7","7","30.0","STEWART ROAD","SHAWNEE  CREEK","1-34  FT.PRESTRESSED CONC BOX BEAM SPAN (HYDRO)","PP","0","H01","W01"
"District 01","Ballard","37.140411718","-88.908543509","County","KYTC","004C00061N","02","3","2024-03-15","1302.0","Fair","No","Local","1980s","","7","6","7","273.0","REID ROAD","CLANTON CREEK","1-60 PRESTRESSED CONCRETE BOX BEAM SPAN","PP","0","H01","W01"
"District 01","Ballard","37.148878509","-89.019804269","County","CONTRACT","004C00076N","02","3","2017-12-11","1562.0","Fair","No","Local","1990s","","6","7","6","55.0","GOOSE HAVEN LANE","CLANTON CREEK","1-90 FT. STEEL RAILROAD CAR","PP","0","H01","W01"
"District 01","Ballard","36.998393249","-89.066304456","KYTC","KYTC","004B00061N","01","3","2025-01-10","4678.0","Good","Yes","State","1990s","3","7","8","8","2923.0","US-60","Big Cane Creek","1-96   FT PRECAST PRESTRESSED CONC I   BEAM SPAN","PO","0","H01","W01"
"District 01","Ballard","37.036613363","-89.05213897","KYTC","KYTC","004B00062N","01","3","2023-11-28","2664.0","Good","Yes","State","1990s","3","7","7","7","2923.0","US-60","Little Shawnee Creek","1-52.5 FT PRECAST PRESTRESSED CONC BOX BEAM SPAN","PO","0","H01","W01"
"District 01","Fulton","36.577118301","-89.058354947","County","KYTC","038C00006N","02","3","2024-09-11","1016.0","Poor","No","Local","1970s","","6","4","4","19.0","ROPER SCHOOL RD","RUSH CREEK","1-40 SPAN PPC TYPE 3 SLAB BEAMS","PP","0","H01","W01"
"District 01","Fulton","36.504845666","-88.876157158","City","KYTC","038C00017N","04","3","2024-09-11","937.0","Fair","No","Local","1970s","","6","7","5","628.0","Banker Pl","HARRIS FORK CREEK","1-42 SPAN: TYPE 3 PPC Box BEAMS","PA","0","H01","W01"
"District 01","Fulton","36.504370726","-88.876634264","City","KYTC","038C00018N","04","3","2016-07-26","1548.0","Fair","No","Local","1960s","","N","N","N","410.0","Commercial Street","HARRIS FORK CREEK","3-BARREL RCBC: TRIPLE 12X 11: NO FILL","PO","0","H01","W01"
"District 01","Fulton","36.620474697","-89.150812981","County","KYTC","038C00021N","02","3","2022-02-07","2907.0","Fair","No","Local","1950s","","6","6","5","28.0","Tom Kesterson Rd","OBION CREEK","3-57.7 FT STEEL WF SPANS -CONC. FLOOR & SUBST. - 0 DEG","PP","0","H01","W01"
"District 01","Fulton","36.529356183","-89.254903875","County","KYTC","038C00024N","02","3","2024-04-26","986.0","Fair","No","Local","1980s","","6","7","5","37.0","JOE PARKER RD","OWENS SLOUGH","1-36 PRESTRESSED CONCRETE BOX BEAM SPAN","PO","0","H01","W01"
"District 01","Fulton","36.509419437","-88.879031211","City","CONTRACT","038C00020N","04","3","2022-06-30","360.0","Poor","No","Local","1970s","","N","N","N","233.0","FAIRVIEW AVE","BR OF HARRIS FORK CREEK","DOUBLE 8' X 5' X 15' CMP PIPE CULVERT","PP","0","H01","W01"
"District 01","Marshall","37.026246","-88.370713","County","KYTC","079C00102N","02","3","2019-11-08","1440.0","Good","No","Local","2010s","","8","8","8","273.0","Calvert City Rd.","CAMP CREEK","1 - 60' PRECAST PRESTRESSED CONCRETE BOX BEAM SPAN","PO","0","H01","W01"
"District 01","Fulton","36.549506171","-88.97183406","KYTC","KYTC","038B00004N","01","3","2022-10-10","552.0","Fair","No","State","Over 100","4","6","5","6","469.0","KY-94","LITTLE BAYOU DE CHIEN","1-20 FT R.C.D.G. SPAN - 45 DEG SKEW","PP","0","H01","W01"
"District 01","Fulton","36.548566403","-88.970648743","KYTC","KYTC","038B00006N","01","3","2016-07-26","890.4","Good","No","State","Over 100","4","N","N","N","469.0","KY-94","DRAINAGE DITCH","DBL 8X4X37 RC CLVT-45 DEG SKW -1.6 FT FILL","PO","0","H01","W01"
"District 01","Fulton","36.553914946","-88.997422359","KYTC","KYTC","038B00007N","01","3","2023-03-23","2020.0","Fair","No","State","1960s","4","6","6","6","469.0","KY-94","WEST FORK BAYOU DE CHIEN","1-71 FT PRESTRESSED CONC. SPAN, 0 DEG SKEW","PO","0","H01","W01"
"District 01","Fulton","36.553798288","-88.994243806","KYTC","KYTC","038B00008N","01","3","2023-03-24","1741.0","Fair","No","State","1960s","4","6","6","6","469.0","KY-94","LITTLE BAYOU DE CHIEN","1-62 FT PRESTRESSED CONCRETE CLEAR SPAN, 0 DEG SKEW","PO","0","H01","W01"
"District 01","Fulton","36.517765573","-88.890187567","KYTC","KYTC","038B00012N","01","3","2024-11-27","15966.0","Fair","Yes","State","1960s","3","6","6","5","3120.0","US-51","JACKSON PURCHASE PARKWAY","2-21 FT RCDG & 2-80 FT.CONT.RC BOX GIRDERS","PO","0","H01","H02, H04"
"District 01","Fulton","36.512778503","-88.884499995","KYTC","KYTC","038B00013N","01","3","2022-06-07","13227.0","Poor","No","State","Over 75","4","5","4","5","4984.0","US-45","IC (NOR) RAILROAD","6-57 FT R.C.D.G. SPANS & 1-63 FT R.C.D.G. SPANS -20 DEG","PO","0","H01","H02, R01"
"District 01","Fulton","36.502404652","-88.888639909","KYTC","KYTC","038B00018N","01","3","2022-06-07","6202.0","Fair","No","State","Over 75","5","5","5","5","5001.0","KY-116","IC (NOR) RAILROAD","3-52 FT & 1-41 FT RCDG SPANS - 15 DEG SKEW","PP","0","H01","R01"
"District 01","Fulton","36.502274384","-88.925126152","KYTC","KYTC","038B00019N","01","3","2019-10-30","673.0","Fair","No","State","1950s","5","N","N","N","1204.0","KY-116","LITTLE BAYOU DE CHIEN","DOUBLE 10 FT X 7 FT X 31 FT R.C. CULVERT - 30 DEG SKEW","PO","0","H01","W01"
"District 01","Fulton","36.503294441","-89.081622137","KYTC","KYTC","038B00020N","01","3","2019-10-30","675.0","Fair","No","State","1950s","5","N","N","N","353.0","KY-116","BRANCH OF LITTLE MUD CRE","DBL 12X9X27 RC CLVT -2 FT FILL","PO","0","H01","W01"
"District 01","Fulton","36.51716434","-88.936084457","KYTC","KYTC","038B00021N","01","3","2019-10-30","693.0","Fair","No","State","Over 75","4","N","N","N","1099.0","KY-166","BROWDER CREEK","DBL 10X7X33 RC CLVT -2 FT FILL","PO","0","H01","W01"
"District 01","Fulton","36.519318481","-89.100071674","KYTC","KYTC","038B00024N","01","3","2019-10-30","1141.0","Fair","No","State","Over 75","4","N","N","N","1002.0","KY-166","MUD CREEK","TRPL 10X5X34 RC CLVT -2 FT FILL","PO","0","H01","W01"
"District 01","Fulton","36.560354285","-89.178696039","KYTC","KYTC","038B00026N","01","3","2019-10-31","1189.67","Fair","No","State","Over 75","4","N","N","N","2529.0","KY-125","BRADLEY CREEK","TRPL 12X4X37 RC CLVT-30 DEG SKW -1 FT FILL","PO","0","H01","W01"
"District 01","Fulton","36.544221325","-89.151025163","KYTC","KYTC","038B00027N","01","3","2021-12-09","505.25","Fair","No","State","Over 75","4","N","N","N","2529.0","KY-125","BONDURANT CREEK","DOUBLE 8 FT X 7 FT X 45 FT R.C. CULVERT - 45 DEG SKEW","PO","0","H01","W01"
"District 01","Fulton","36.543795173","-89.150163993","KYTC","KYTC","038B00028N","01","3","2021-12-09","1024.0","Fair","No","State","Over 75","4","N","N","N","2529.0","KY-125","BONDURANT CREEK","TRIPLE 10 FT X 9 FT X 32 FT R.C. CULVERT","PO","0","H01","W01"
"District 01","Fulton","36.559006485","-89.199065239","KYTC","KYTC","038B00029N","01","3","2019-10-30","816.7","Fair","No","State","Over 75","5","N","N","N","606.0","KY-309","RUNNING SLOUGH","TRPL 10X7X26 RC CLVT -6 INCH FILL & PVMNT","PO","0","H01","W01"
"District 01","Fulton","36.556357795","-89.199989286","KYTC","KYTC","038B00030N","01","3","2019-10-30","699.0","Fair","No","State","Over 75","5","N","N","N","606.0","KY-309","SCOTT BRANCH","DBL 8X6X37RC CULV-45 DEG SKW-.8FILL & PAVEMNT","PO","0","H01","W01"
"District 01","Fulton","36.512006521","-89.347592386","KYTC","KYTC","038B00032N","01","3","2016-07-26","723.13","Fair","No","State","Over 100","4","N","N","N","465.0","KY-94","Willow Slough","TRIPLE 8 FT X 5 FT X 26 FT R.C. CULVERT","PO","0","H01","W01"
"District 01","Fulton","36.522304402","-89.277737561","KYTC","KYTC","038B00033N","01","3","2025-02-25","1028.0","Poor","No","State","1960s","5","6","8","4","213.0","KY-311","GUNNER SLOUGH","1-40 FT PRESTRESSED CONCRETE SLAB - 0 DEG SKEW","PP-T","0","H01","W01"
"District 01","Fulton","36.51524446","-89.279947341","KYTC","KYTC","038B00034N","01","3","2025-02-25","1029.0","Poor","No","State","1960s","5","5","8","4","213.0","KY-311","OWENS SLOUGH","1-40 FT PRESTRESSED CONCRETE SPAN","PP-T","0","H01","W01"
"District 01","Fulton","36.558883067","-89.204124908","KYTC","KYTC","038B00035N","01","3","2019-10-30","1624.0","Fair","No","State","Over 75","4","N","N","N","699.0","KY-1099","UNNAME STREAM","TRPL 10X7X51 RC CLVT-57 DEG SKW -2.2 FT FILL","PO","0","H01","W01"
"District 01","Fulton","36.560319325","-89.17909614","KYTC","KYTC","038B00036N","01","3","2019-10-30","1006.73","Good","No","State","Over 75","4","N","N","N","3223.0","KY-1099","UNNAME STREAM","DBL 14 X 4 X 39 FT RC CULVT-30 SKEW-2.2 FT FILL      W","PO","0","H01","W01"
"District 01","Fulton","36.576893515","-88.942655339","KYTC","KYTC","038B00037N","01","3","2023-03-23","1290.0","Poor","No","State","1960s","5","6","4","6","65.0","KY-924","PUNCHION CREEK","1-53 FT PRESTRESSED CONCRETE SPAN, 0 DEG SKEW","PP","0","H01","W01"
"District 01","Fulton","36.512877264","-88.879191695","KYTC","KYTC","038B00038N","01","3","2022-10-31","6984.0","Fair","No","State","1950s","4","6","6","6","4984.0","US-45","IC (SOU) RAILROAD","60 FT- 85 FT- 60 FT CONTINUOUS R.C.D.G. UNIT","PP","0","H01","H02"
"District 01","Fulton","36.538500407","-89.073773986","KYTC","KYTC","038B00041N","01","3","2019-10-30","619.0","Good","No","State","Over 75","5","N","N","N","80.0","KY-1127","UNNAMED STREAM","DOUBLE 12 FT X 12 FT X 23 FT R.C. CULVERT - 0 DEG SKEW","PO","0","H01","W01"
"District 01","Fulton","36.535827671","-88.962544275","KYTC","KYTC","038B00048N","01","3","2024-09-06","3818.0","Fair","No","State","1970s","5","6","8","6","44.0","KY-1125","LITTLE BAYOU DE CHIEN","3050 FT PRECAST-PRESTRESSED CONCRETE SPANS - 30 DEG SKE","PO","0","H01","W01"
"District 01","Fulton","36.502350234","-88.899343714","KYTC","KYTC","038B00053L","01","3","2023-09-20","6327.0","Good","Yes","State","1960s","2","7","7","7","5497.0","STATE MAINTAINED R","KY 116","46.6' -60' -46.6' PRECAS PREST CONT. BOX BM. SPREAD","PO","0","H01","H02"
"District 01","Fulton","36.502353735","-88.899120551","KYTC","KYTC","038B00053R","01","3","2020-09-16","6404.0","Fair","Yes","State","1960s","2","6","6","6","5497.0","JC-9003","KY 116","TWIN BRIDGES (50.96 FT- 51.25 FT- 50.96 FT CONT. PRESTR","PP","0","H01","H02"
"District 01","Fulton","36.515277972","-88.898344383","KYTC","KYTC","038B00054R","01","3","2020-09-16","6090.0","Fair","Yes","State","1960s","2","7","6","5","3047.0","JC-9003","KY 166","TWIN BRIDGES (47.21 FT- 51.25 FT- 47.21 FT CONT. PRESTR","PP","0","H01","H02"
"District 01","Fulton","36.518323181","-88.882903866","KYTC","KYTC","038B00055L","01","3","2019-07-23","18542.0","Fair","Yes","State","1960s","1","7","6","6","5079.0","STATE MAINTAINED R","IC (NOR) & (SOU) RAILROA","69-92-71-47-47-70-77-62 FT CONT PCIB SPANS","PP","0","H01","R01"
"District 01","Fulton","36.518135673","-88.88287342","KYTC","KYTC","038B00055R","01","3","2019-07-23","16892.0","Fair","Yes","State","1960s","1","6","5","6","5079.0","JC-9003","IC (NOR) & (SOU) RAILROA","66-92-71-41-70-77-60 CONT P.C.I.B. SPANS","PP","0","H01","R01"
"District 01","Fulton","36.519500052","-88.867488386","KYTC","CONTRACT","038B00056N","01","3","2024-11-14","4791.0","Fair","Yes","State","1960s","1","N","N","N","7290.0","JC-9003","HARRIS FORK","16 FT X 12 FT X 300 FT R.C. CULVERT - 45FILL=8.05","PO","0","H01","W01"
"District 01","Fulton","36.543253762","-89.055948735","KYTC","KYTC","038B00057N","01","3","2022-01-03","584.0","Poor","No","State","Over 75","5","6","5","4","40.0","KY-1212","FORK OF MUD CREEK","1-25 FT STEEL I-BEAM SPAN - CONC. FLOOR","PP","0","H01","W01"
"District 01","McCracken","37.05923","-88.686842","KYTC","KYTC","073B00167N","01","3","2023-06-27","2722.0","Good","No","State","2000s","4","7","8","8","7773.0","KY. 1286","OVER PERKINS CREEK","1-60' PRECAST PRESTRESSED CONC. BOX BEAM (SPREAD)","PO","0","H01","W01"
"District 01","Fulton","36.553045393","-89.008315869","KYTC","KYTC","038B00060N","01","3","2016-10-07","567.0","Fair","No","State","1950s","5","N","N","N","136.0","KY-781","Verhine Creek","DBL 10X9X27 RC CLVT -1 FT FILL","PO","0","H01","W01"
"District 01","Fulton","36.530643445","-89.008426941","KYTC","KYTC","038B00062N","01","3","2019-10-30","675.0","Fair","No","State","1950s","5","N","N","N","136.0","KY-781","UNNAME STREAM","DBL 12X7X27 RC CLVT -1.5 FT FILL","PO","0","H01","W01"
"District 01","Fulton","36.539893783","-88.944513046","KYTC","CONTRACT","038B00063N","01","3","2021-09-30","693.0","Fair","No","State","1950s","5","N","N","N","119.0","KY-1706","LITTLE BAYOU DE CHEIN","DOUBLE 10 FT X 6 FT X 33 FT R.C. CULVERT -FILL=3.45","PO","0","H01","W01"
"District 01","Fulton","36.527839819","-88.944117365","KYTC","KYTC","038B00064N","01","3","2022-06-07","2802.0","Poor","No","State","1950s","5","4","6","4","119.0","KY-1706","LITTLE BAYOU DE CHEIN","3-33 FT R.C.D.G. SPANS - 30 DEG SKEW","PP","0","H01","W01"
"District 01","Fulton","36.56312992","-89.101470758","KYTC","KYTC","038B00065N","01","3","2022-06-07","2743.0","Fair","No","State","1950s","6","6","6","6","120.0","KY-1129","MUD CREEK","3-30 FT R.C.D.G. SPANS - 0 DEG SKEW","PP","0","H01","W01"
"District 01","Fulton","36.540945933","-89.131876122","KYTC","KYTC","038B00067N","01","3","2022-08-03","939.0","Fair","No","State","1950s","6","N","N","N","120.0","KY-1129","UNNAMED STREAM","DOUBLE 10 FT X 7 FT X 44 FT R.C. CULVERT - 45 DEG SKEW","PP","0","H01","W01"
"District 01","Fulton","36.514093916","-89.100443235","KYTC","KYTC","038B00068N","01","3","2022-08-03","672.0","Fair","No","State","1950s","5","N","N","N","21.0","KY-116","MUD CREEK","DOUBLE 10 FT X 6 FT X 32 FT R.C. CULVERT -FILL=4.26","PP","0","H01","W01"
"District 01","Graves","36.621735","-88.571299","KYTC","KYTC","042B00276N","01","3","2024-02-15","5267.0","Good","No","State","2000s","4","7","8","7","1681.0","KY-97","OVER LEECH CREEK","37.31' - 70.125' -37.31' PPC BOX BEAM SPANS","PO","0","H01","W01"
"District 01","Fulton","36.502685273","-88.877696479","KYTC","KYTC","038B00070N","01","3","2022-01-31","3184.0","Poor","No","State","Over 75","5","N","N","N","5809.0","KY-116","HARRIS FORK CREEK","TRPL 12X11X66 RC CLVT -NO FILL","PP","0","H01","W01"
"District 01","Fulton","36.578229218","-89.017168449","KYTC","KYTC","038B00071N","01","4","2024-02-07","1125.0","Poor","No","State","1970s","6","0","0","0","73.0","KY-1907","LITTLE BAYOU DE CHIEN","1-37STEEL BEAM SPAN-CONC CAPS ON TIMBER PILING","C","0","H01","W01"
"District 01","Fulton","36.50585949","-88.875144938","KYTC","KYTC","038B00073N","01","3","2013-02-12","1785.0","Poor","No","State","Over 75","6","4","4","4","311.0","KY-1718","FORK OF HARRIS CREEK","1-40 FT RCDG SPAN; CONC. WING TYPE ABUTMENT","PA","0","H01","W01"
"District 01","Fulton","36.523674221","-89.319112242","KYTC","KYTC","038B00077N","01","3","2023-11-29","727.0","Fair","No","State","1980s","5","6","6","6","108.0","KY-1282","RITTENHOUSE SLOUGH","1-26 FT PRECAST PRESTRESSED CONC BOX BEAM","PO","0","H01","W01"
"District 01","Fulton","36.514732417","-89.225635799","KYTC","KYTC","038B00080N","01","3","2024-02-06","722.0","Poor","No","State","1980s","5","6","3","6","126.0","KY-2139","BR OF TULL CREEK","1-35 FT PREST CONC. BOX BEAM SPAN","PP","0","H01","W01"
"District 01","Fulton","36.565717405","-89.106533693","KYTC","KYTC","038B00082N","01","3","2024-12-16","12984.0","Good","No","State","1980s","4","7","8","7","2439.0","KY-94","BIG MUD CREEK","64-71-61-64 CONT PCIB BEAM SPAN (AASHTO TYPE3)","PO","0","H01","W01"
"District 01","Fulton","36.564833937","-89.118028332","KYTC","KYTC","038B00083N","01","3","2025-09-03","3500.0","Fair","No","State","1980s","4","7","6","6","2439.0","KY-94","BLUE LINE CREEK","1.71 FT COMPOSITE PCIB SPAN TY3","PO","0","H01","W01"
"District 01","Fulton","36.53328358","-89.125889463","KYTC","KYTC","038B00087N","01","3","2023-11-29","1752.0","Good","No","State","2000s","5","8","8","8","44.0","KY-1128","OVER MUD CREEK","1-72 PPC BOX BEAM SPAN","PO","0","H01","W01"
"District 01","Graves","36.671748866","-88.771741447","KYTC","KYTC","042B00097N","01","3","2022-06-09","1909.0","Fair","No","State","Over 75","4","5","6","5","1317.0","KY 58","Cane Creek","2-40 FT RCDG SPANS","PP","0","H01","W01"
"District 01","Graves","36.657583484","-88.806502013","KYTC","KYTC","042B00098N","01","3","2016-09-09","832.0","Fair","No","State","Over 75","4","N","N","N","1342.0","KY 58","Brush Creek","TRPL 10X5X26 RC CLVT -2 FT FILL","PO","0","H01","W01"
"District 01","Graves","36.657036958","-88.80817987","KYTC","KYTC","042B00099N","01","3","2022-07-08","3219.0","Fair","No","State","Over 75","4","5","5","5","1342.0","KY 58","Brush Creek","3-45 FT RCDG SPANS (15 DEG SKEW)","PO","0","H01","W01"
"District 01","Graves","36.77697423","-88.794233957","KYTC","KYTC","042B00105N","01","3","2023-03-24","1606.0","Fair","No","State","1960s","5","5","6","5","511.0","KY-339","FELTS CREEK","1-38, 1-25  PRECAST PREST CONC SPANS - 0  DEG SKW","PP","0","H01","W01"
"District 01","Graves","36.802687776","-88.801031462","KYTC","KYTC","042B00108N","01","3","2016-07-27","529.0","Good","No","State","Over 100","4","N","N","N","1170.0","KY-80","THOMAS CREEK","DBL 10X7X26 RC CLVT -1.5 FT FILL","PO","0","H01","W01"
"District 01","Graves","36.685066458","-88.726662586","KYTC","KYTC","042B00095N","01","3","2022-07-01","4542.0","Fair","No","State","1950s","4","6","6","6","3554.0","US-45","OBION CREEK","4-35 FT RCDG SPANS-30 DEG 30 MIN SKEW","PO","0","H01","W01"
"District 01","Graves","36.789624668","-88.526665779","KYTC","KYTC","042B00162L","01","3","2020-09-16","7883.48","Fair","Yes","State","1960s","1","6","6","6","4580.0","I-69 SB","Panther Creek","TWIN BRIDGES (45.63FT-46.25FT-46.25FT-45.63FT CONT PRES","PP","0","H01","W01"
"District 01","Graves","36.78943775","-88.526683364","KYTC","KYTC","042B00162R","01","3","2020-09-16","7883.48","Fair","Yes","State","1960s","1","6","6","6","4580.0","I-69 NB","Panther Creek","45.63 - 46.25 - 46.25 - 45.63 FT CONT PCIB SPANS     ES","PP","0","H01","W01"
"District 01","Graves","36.790090032","-88.523864325","KYTC","KYTC","042B00163L","01","3","2020-09-16","3888.0","Fair","Yes","State","1960s","1","7","6","6","4580.0","I-69 SB","Panther Creek Overflow","30.62 - 31.25 - 30.63 FT CONT PCIB SPANS             D","PP","0","H01","F01"
"District 01","Graves","36.789917644","-88.523806136","KYTC","KYTC","042B00163R","01","3","2020-09-16","4063.0","Fair","Yes","State","1960s","1","7","6","6","4580.0","JC-9003","Panther Creek Overflow","30.62- 31.25- 30.63CONT PCIB SPANS                D","PP","0","H01","F01"
"District 01","Graves","36.770594135","-88.610630042","KYTC","KYTC","042B00160N","01","3","2023-09-21","6921.0","Good","No","State","1960s","","7","7","7","444.0","Hopewell Road","I-69","2-88FT CONT RC BOX GIRDER SPANS 25 DEG 21 MIN 40 SEC SK","PP","0","H01","H02, H03"
"District 01","Graves","36.679325054","-88.794448378","County","KYTC","042C00082N","02","3","2022-08-03","432.0","Poor","No","Local","1970s","","6","4","6","26.0","FRANKLIN ROAD","BR OF OBION CREEK","1-24 FT. SPAN STEEL I-BEAMS","PP","0","H01","W01"
"District 01","Graves","36.614031331","-88.735004765","County","KYTC","042C00102N","02","3","2023-09-12","1574.0","Poor","No","Local","1970s","","6","4","4","259.0","WINGO ROAD","BARN CREEK","2 SIMPLE SPANS AT 30.5;30.5 PRECAST CONC. CHANNEL BMS","PP","0","H01","W01"
"District 01","Graves","36.619160478","-88.66419733","County","KYTC","042C00108N","02","3","2024-09-12","955.0","Fair","No","Local","1960s","","6","5","6","59.0","POYNERS CHAPEL ROA","LITTLE CYPRESS CREEK","1 SIMPLE SPAN AT 41 FT. PRESTR. CONC. SLAB BMS.","PO","0","H01","W01"
"District 01","Graves","36.560781129","-88.705797644","County","KYTC","042C00116N","02","3","2023-09-12","885.0","Poor","No","Local","1960s","","6","5","4","100.0","ALMUS ROAD","BRUSH CREEK","1 SIMPLE SPAN AT 31 PRESTR. CONC. CHANNEL BMS.","PP","0","H01","W01"
"District 01","Graves","36.73457712","-88.641015874","City","KYTC","042C00199N","04","3","2022-08-03","831.0","Fair","No","Local","Over 75","","N","N","N","1698.0","SOUTH 10TH STREET","RED DUCK CREEK","DBL. 10 X 6.5 X 38  R.C. BOX CULVERT","PP","0","H01","W01"
"District 01","Graves","36.718710054","-88.642348403","City","KYTC","042C00200N","04","3","2023-09-12","1616.0","Poor","No","Local","1960s","","5","7","4","1875.0","10th Street","KESS CREEK","3 SPANS - 20.5 FT. EACH PRECAST CONCRETE CHANNEL BEAMS","PP","0","H01","W01"
"District 01","Graves","36.666050239","-88.532750189","County","KYTC","042C00205N","02","3","2023-09-06","868.0","Fair","No","Local","1970s","","5","5","5","345.0","DOVE ROAD","LITTLE MAYFIELD CREEK","16.5 & 17 PRECAST ONLY CHANNEL SPANS","PP","0","H01","W01"
"District 01","Graves","36.518613599","-88.606949862","County","KYTC","042C00209N","02","3","2023-09-12","880.0","Fair","No","Local","1970s","","5","5","5","57.0","WARREN ROAD","POWELL CREEK","18& 17 PRECAST ONLY CHANNEL SPAN","PP","0","H01","W01"
"District 01","Graves","36.7086733","-88.690187899","County","KYTC","042C00212N","02","3","2023-09-06","914.0","Fair","No","Local","1980s","","5","5","5","273.0","PRITCHETT ROAD","RICHARD CREEK","2-17.1 FT PRECAST ONLY CHANNEL SPANS","PP","0","H01","W01"
"District 01","Graves","36.918320644","-88.794136155","County","KYTC","042C00220N","02","3","2023-09-06","872.0","Poor","No","Local","1980s","","5","6","4","384.0","OWENS CHAPEL ROAD","BRUSH CREEK","2-17 FT. PRECAST ONLY CHANNEL SPANS","PP","0","H01","W01"
"District 01","Graves","36.805155844","-88.494518608","KYTC","KYTC","042B00165R","01","3","2023-08-09","4062.96","Fair","Yes","State","1960s","1","6","7","6","4580.0","I-69 NB","Clarks River Overflow","30.63 - 31.25 - 30.63 FT. P.C.I.B. SPANS             G","PO","0","H01","F01"
"District 01","Graves","36.807399541","-88.493011901","KYTC","KYTC","042B00166L","01","3","2020-09-16","8711.0","Fair","Yes","State","1960s","1","6","6","6","4580.0","I-69 SB","West Fork Clarks River","48.63 -53.25- 53.25 - 48.63 CONT PCIB SPANS","PP","0","H01","W01"
"District 01","Graves","36.811194345","-88.490004665","KYTC","KYTC","042B00167L","01","3","2020-09-16","4502.0","Fair","Yes","State","1960s","1","6","6","6","4580.0","I-69 SB (JC-9003)","Clarks River Overflow","30.63 - 41.25 - 30.63 FT CONT PCIB SPANS             D","PP","0","H01","F01"
"District 01","Graves","36.811172749","-88.489751089","KYTC","KYTC","042B00167R","01","3","2020-09-16","4502.0","Fair","Yes","State","1960s","1","6","6","6","4580.0","I-69 NB","Clarks River Overflow","30.63- 41.25- 30.63CONT P.C.I.B. SPANS            D","PP","0","H01","F01"
"District 01","Graves","36.584400461","-88.790338702","County","KYTC","042C00122N","02","3","2024-09-18","773.0","Fair","No","Local","1960s","","6","6","6","84.0","BARD ROAD","JACKSON CREEK","1 SIMPLE SPAN - 31 FT. PRESTR. CONC. SLAB BEAMS","PO","0","H01","W01"
"District 01","Graves","36.507015241","-88.765155995","County","KYTC","042C00127N","02","4","2023-04-04","432.0","Poor","No","Local","1970s","","5","2","4","10.0","LOWERY ROAD","S FK BAYOU DU CHIEN","1 SIMPLE SPAN 23  ASPHALT-CORR. METL DECK/STEEL BMS.","C","0","H01","W01"
"District 01","Graves","36.517879082","-88.698445464","County","KYTC","042C00132N","02","3","2022-08-03","2369.0","Good","No","Local","1960s","","7","7","7","40.0","FINLEY ROAD","BLACKAMORE CREEK","3 SIMPLE SPANS  25.6;26.9;26.3 R.C.D.G.","PP","0","H01","W01"
"District 01","Graves","36.783819658","-88.721273684","County","KYTC","042C00137N","02","3","2017-05-01","481.0","Fair","No","Local","1960s","","5","5","5","273.0","KING ROAD","BR OF W FK MAYFIELD CRK","1 SIMPLE SPAN - 29 FT. STEEL GRID DECK/STEEL GDRS.","PP","0","H01","W01"
"District 01","Graves","36.584535685","-88.735295159","County","KYTC","042C00229N","02","3","2023-09-12","858.0","Poor","No","Local","1980s","","6","2","6","148.0","WINGO ROAD","BRUSH CREEK","2-18 FT PRECAST-NOT PRESTRESSED CONC. SPANS","C","0","H01","W01"
"District 01","Graves","36.78165444","-88.662716863","County","KYTC","042C00241N","02","3","2023-09-06","868.0","Fair","No","Local","1980s","","6","6","6","88.0","SANDERSON ROAD","BR OF KEY CREEK","2-20 FT. PRECAST ONLY CHANNEL SPANS","PP-T","0","H01","W01"
"District 01","Graves","36.604438874","-88.670512666","County","KYTC","042C00226N","02","3","2023-09-06","1342.0","Fair","No","Local","1980s","","6","5","5","105.0","WAGGONER BOTTOM RD","OBION CREEK","17-18-18 PRECAST (NON-PREST) CONC. SPANS","PP","0","H01","W01"
"District 01","Graves","36.596129075","-88.806752053","KYTC","CONTRACT","042B00170L","01","3","2025-02-05","10798.0","Fair","Yes","State","1960s","1","6","6","6","3645.0","JULIAN M CAROLL PA","BAYOU DE CHIEN","TWIN BRIDGES(1-46.17 FT,4-53.25 FT,1-46.17 FT CONT PRES","PO","0","H01","W01"
"District 01","Graves","36.607082654","-88.793202369","KYTC","KYTC","042B00171N","01","3","2019-07-24","6474.0","Fair","No","State","1960s","","6","5","6","79.0","Route 1763","JACKSON PURCHASE PARKWAY","1-21.01FT RCDG 2-84FT CONT RC BOX GIRDER 1-21.01FT RCDG","PO","0","H01","H02, H03"
"District 01","Graves","36.621059505","-88.779142444","KYTC","KYTC","042B00172N","01","3","2024-11-26","7423.0","Fair","No","State","1960s","","7","6","7","142.0","GRISSOM ROAD","JACKSON PURCHASE PARKWAY","1-24.5FT RCDG 2-96FT RC BOX GIRDERS 1-24.5FT RCDG SPAN","PP","0","H01","H02, H03"
"District 01","Graves","36.651357579","-88.747590231","KYTC","CONTRACT","042B00174N","01","3","2024-11-14","4983.0","Fair","Yes","State","1960s","1","N","N","N","11524.0","JC-9003","CANE CREEK","DOUBLE 16FTX10FTX151FT RC BOX CULVERT-0 DEG SKEW","PO","0","H01","W01"
"District 01","Graves","36.835525243","-88.759060213","County","KYTC","042C00147N","02","3","2010-06-09","756.0","Fair","No","Local","1960s","","5","5","5","65.0","WESTBROOK ROAD","GOOSE CREEK","1-18.25' & 1-24.33' SIMPLE STEEL BM (MILITARY)","PP","0","H01","W01"
"District 01","Graves","36.94422237","-88.7939832","County","CONTRACT","042C00174N","02","3","2022-08-03","786.0","Fair","No","Local","1960s","","5","5","5","376.0","OWENS CHAPEL ROAD","BR OFF MAYFIELD CREEK","1-30 PRECAST CONCRETE CHANNEL BEAM","PP","0","H01","W01"
"District 01","Graves","36.757036488","-88.541338181","County","KYTC","042C00247N","02","3","2023-09-06","677.0","Poor","No","Local","1980s","","6","3","6","345.0","MILLERS CHAPLE RD.","RILEY BRANCH","1-30 FT. PRECAST ONLY CHANNEL SPAN","PP","0","H01","W01"
"District 01","Graves","36.542785741","-88.567435345","County","KYTC","042C00251N","02","3","2023-09-06","663.0","Fair","No","Local","1980s","","6","5","6","83.0","SEAY GRAVE YARD RD","BRANCH-CALDWELL CREEK","1-30 FT. PRECAST NOT PREST. CONC. SPAN","PP","0","H01","W01"
"District 01","Graves","36.82530029","-88.687971281","County","KYTC","042C00254N","02","3","2023-09-06","1333.0","Fair","No","Local","1980s","","5","5","5","151.0","HICKORY ROAD","GILBERT CREEK","2-30 FT PRECAST NOT PREST CONC. SPANS","PP","0","H01","W01"
"District 01","Graves","36.686165321","-88.729160474","KYTC","KYTC","042B00176L","01","3","2025-03-12","8707.0","Fair","Yes","State","1960s","1","6","7","6","5762.0","JULIAN M CAROLL PA","OBION CREEK","TWIN BRIDGES (4-50FT CONT PRESTRESSED RCDG SPANS 0 DEG","PO","0","H01","W01"
"District 01","Graves","36.69684358","-88.716479816","KYTC","CONTRACT","042B00177L","01","3","2025-02-05","8824.0","Fair","Yes","State","1960s","1","6","6","6","5762.0","JULIAN M CAROLL PA","OPOSSUM CREEK","TWIN BRIDGES (54.3'-51.25'-51.25'-54.3' FT P/S CONC","PO","0","H01","W01"
"District 01","Graves","36.767816841","-88.810450015","KYTC","KYTC","042B00179N","01","3","2019-10-30","667.0","Fair","No","State","1950s","5","N","N","N","178.0","KY 1686","Branch of McCLane Creek","DBL 14X6X23 RC CLVRT -2.5 FT FILL","PO","0","H01","W01"
"District 01","Graves","36.634427237","-88.76570344","KYTC","KYTC","042B00180N","01","3","2018-04-18","6976.0","Fair","No","State","1960s","5","7","6","7","160.0","KY-944","JACKSON PURCHASE PARKWAY","1-25.3' RCDG - 2-88' CONT RC BOX - 1-25.3' RCDG","PP","0","H01","H02, H03"
"District 01","Graves","36.879858079","-88.510640688","KYTC","KYTC","042B00185N","01","3","2022-06-08","2710.0","Fair","No","State","1950s","6","6","6","6","377.0","KY-534","BRANCH OF CLARK RIVER","4-25 FT RCDG SPANS","PP","0","H01","W01"
"District 01","Graves","36.738270948","-88.630598654","City","KYTC","042C00191N","04","3","2022-08-03","942.0","Poor","No","Local","Over 75","","4","5","4","973.0","SOUTH 2ND STREET","RED DUCK CREEK","1 SPAN: 25.5 FT. R.C.D.G.","PP","0","H01","W01"
"District 01","Graves","36.738697808","-88.628324883","City","KYTC","042C00192N","04","3","2022-08-03","718.0","Fair","No","Local","Over 75","","5","5","5","503.0","PRYOR STREET","RED DUCK CREEK","1 SPAN:  25 FT. R.C.D.G.","PP","0","H01","W01"
"District 01","Graves","36.738268995","-88.631833609","City","KYTC","042C00193N","04","3","2022-08-03","902.0","Poor","No","Local","1960s","","4","5","4","246.0","SOUTH 3RD STREET","RED DUCK CREEK","2 CONT. SPANS: 20.7; 19.8 CONCRETE SLAB","PP","0","H01","W01"
"District 01","Graves","36.73800894","-88.633364627","City","KYTC","042C00194N","04","3","2022-08-03","2025.0","Fair","No","Local","1960s","","5","5","5","237.0","5TH ST. (MAYFIELD)","RED DUCK CREEK","TRPL 8 X 10 X 31.8 RC CLVT -NO FILL","PP","0","H01","W01"
"District 01","Graves","36.735875944","-88.638514359","City","KYTC","042C00196N","04","3","2022-08-03","939.0","Fair","No","Local","Over 75","","5","5","5","395.0","OAK ST. (CS-1107)","RED DUCK CREEK","1 SPAN - 26 FT. R.C. DECK GIRDER","PP","0","H01","W01"
"District 01","Graves","36.734727242","-88.638719393","City","KYTC","042C00197N","04","3","2022-08-03","1012.0","Poor","No","Local","Over 100","","4","5","4","6394.0","SOUTH 9TH STREET","RED DUCK CREEK","1 SPAN - 22 FT. R.C. SLAB","PP","0","H01","W01"
"District 01","Graves","36.73462101","-88.639861255","City","KYTC","042C00198N","04","3","2022-08-03","831.0","Fair","No","Local","Over 75","","5","6","5","468.0","WILFORD STREET","RED DUCK CREEK","DBL. 8 X 10 X 38 R.C. BOX CULVERT","PP","0","H01","W01"
"District 01","Graves","36.843824984","-88.586010299","County","KYTC","042C00260N","02","3","2023-10-31","856.0","Fair","No","Local","1970s","","6","5","5","93.0","TOBACCO ROAD","HASKELL BRANCH","2-19 FT PRECAST ONLY SPANS","PP","0","H01","W01"
"District 01","Graves","36.927859743","-88.610499704","County","KYTC","042C00261N","02","3","2022-07-11","2795.0","Fair","No","Local","1960s","","6","6","6","382.0","HOPEWELL ROAD","SOUTH FORK CREEK","3-30 FT RCDG SPANS-30 DEG SKEW","PP","0","H01","W01"
"District 01","Graves","36.935537518","-88.607041485","County","KYTC","042C00262N","02","3","2023-09-12","864.0","Poor","No","Local","1980s","","6","2","6","93.0","DUNAWAY LANE","SOUTH FK CAMP CREEK","2-20 PRECAST NOT PRESTRESSED CONCRETE SPANS","PP","0","H01","W01"
"District 01","Graves","36.748191216","-88.703455143","County","KYTC","042C00263N","02","4","2025-09-04","1333.0","Poor","No","Local","1980s","","6","2","6","273.0","SHELTON ROAD","WEST FK MAYFIELD CREEK","3-20 PRECAST NOT PRESTRESSED CONCRETE SPANS","C","0","H01","W01"
"District 01","Graves","36.837882364","-88.527227807","County","KYTC","042C00266N","02","3","2025-08-27","2860.0","Poor","No","Local","1950s","","5","5","4","267.0","TIM ROAD","WEST FORK CLARKS RIVER","1-53 & 2-32 PREST CONC BOX BEAM SPANS","PP","0","H01","W01"
"District 01","Graves","36.614559008","-88.744201119","County","KYTC","042C00267N","02","3","2023-09-12","1278.0","Fair","No","Local","1980s","","6","5","6","273.0","BOYD ROAD","BARN CREEK","2-30 PRECAST, NON-PRESTRESSED CONCRETE SPANS","PP","0","H01","W01"
"District 01","Graves","36.613800517","-88.744352948","County","KYTC","042C00268N","02","3","2024-03-07","1385.0","Fair","No","Local","1980s","","6","5","6","273.0","BOYD ROAD","BRUSH CREEK","1-65 PRECAST-PRESTRESSED CONCRETE BOX BEAM","PO","0","H01","W01"
"District 01","Graves","36.908924261","-88.787815985","County","KYTC","042C00269N","02","3","2024-03-07","775.0","Fair","No","Local","1980s","","7","5","6","384.0","SHAW ROAD","BRUSH CREEK","1-37 FT PREST. CONC BOX BEAM SPAN","PO","0","H01","W01"
"District 01","Graves","36.744138663","-88.607201547","KYTC","KYTC","042B00192N","01","3","2022-08-03","818.0","Fair","No","State","1950s","6","N","N","N","684.0","KY-1710","BRANCH OF DUCK CREEK","DBL 10X6X43 RC CLVT-30 DEG SKW -3 FT FILL","PP","0","H01","W01"
"District 01","Graves","36.736980119","-88.578703916","KYTC","KYTC","042B00193N","01","3","2019-10-30","769.0","Good","No","State","1950s","6","N","N","N","684.0","KY-1710","UNNAME STREAM","DBL 12X8X30 FT RC CULVT-30 DEG SKEW -2 FT FILL","PO","0","H01","W01"
"District 01","Graves","36.566911654","-88.805184151","KYTC","KYTC","042B00194N","01","3","2022-06-21","2564.0","Fair","No","State","1960s","5","6","7","6","285.0","KY-2422","Br S Fork Bayou De Chien","3-30 FT RCDG SPANS 15 DEG SKEW","PP","0","H01","W01"
"District 01","Graves","36.566764198","-88.797748255","KYTC","KYTC","042B00195N","01","3","2022-06-21","2564.0","Good","No","State","1960s","5","7","7","7","285.0","KY-2422","SOUTH FORK BAYOU DE CHIE","3-30 FT RCDG SPANS 15 DEG SKEW","PP","0","H01","W01"
"District 01","Graves","36.895330154","-88.538209643","County","KYTC","042C00270N","02","4","2023-10-03","1035.0","Good","No","Local","1980s","","7","7","7","145.0","KAHLER-MILL ROAD","HURRICANE CREEK","1-48 FT PREST CONC BOX BEAM SPAN","C","0","H01","W01"
"District 01","Graves","36.818896665","-88.630453719","County","KYTC","042C00295N","02","3","2024-04-26","2363.0","Good","No","Local","1990s","","7","7","7","150.0","WESTPLAINS ROAD","MAYFIELD CREEK","1-20-PRECAST NON-PRESTR.1-70-1-27PRESTR. CONC. BOX B","PP","0","H01","W01"
"District 01","Graves","36.845702131","-88.521581975","County","KYTC","042C00296N","02","3","2024-04-26","1240.0","Good","No","Local","1990s","","7","7","7","267.0","TIM ROAD","BR.WEST FK CLARKS RIVER","1- 62 FT PRESTRESSED CONC  BOX BEAM SPAN","PO","0","H01","W01"
"District 01","Graves","36.645210887","-88.734293505","County","KYTC","042C00297N","02","3","2023-08-06","733.0","Fair","No","Local","1990s","","6","6","6","197.0","N. ST. PAUL ST.","CANE CREEK","1- 36 FT  PREST CONC BOX BEAM","PP","0","H01","W01"
"District 01","Graves","36.873157295","-88.794759944","County","KYTC","042C00299N","02","3","2024-10-17","1144.0","Fair","No","Local","1990s","","7","5","7","36.0","DAVIE ROAD","BRANCH-WILSON CREEK","1-55 FT PREST CONC BOX BEAM SPAN","PO","0","H01","W01"
"District 01","Graves","36.780238742","-88.712849416","County","KYTC","042C00300N","02","3","2024-04-26","1228.0","Good","No","Local","1990s","","7","7","7","50.0","ROGERS LOOP","BR-WEST FK MAYFIELD CK","1-50 FT PREST CONC BOX BEAM SPAN","PO","0","H01","W01"
"District 01","Graves","36.536779773","-88.769058139","County","KYTC","042C00301N","02","3","2024-03-07","1056.0","Fair","No","Local","1990s","","5","8","5","25.0","OLD BETHEL CHURCH","PIRTLE CREEK","1-52 FT PREST CONC BOX BEAM SPAN","PP","0","H01","W01"
"District 01","Graves","36.783439289","-88.667114067","County","KYTC","042C00302N","02","3","2024-04-26","1065.0","Fair","No","Local","1990s","","6","5","6","88.0","SANDERSON ROAD","KEY CREEK","2- 22 FT. PRESTRESSED CONC SLAB BEAM SPANS (TYPE1)","PO","0","H01","W01"
"District 01","Graves","36.82676981","-88.776594047","KYTC","KYTC","042B00112N","01","3","2022-10-10","5071.0","Fair","No","State","Over 75","4","5","5","6","2485.0","KY-121","P&L RAILWAY","2-33FT 1-48FT 2-29FT RCDG SPANS-19 DEG 20 MIN SKEW","PP","0","H01","R01"
"District 01","Graves","36.903967492","-88.580442183","KYTC","KYTC","042B00114N","01","3","2019-10-30","659.0","Fair","No","State","1950s","5","N","N","N","736.0","KY 1684","Unnamed Stream","DBL 10X8X31 RC CLVRT -30 DEG SKEW -2 FT FILL","PO","0","H01","W01"
"District 01","Graves","36.922203421","-88.583602073","KYTC","KYTC","042B00115N","01","3","2022-08-03","471.2","Fair","No","State","1950s","5","N","N","N","736.0","KY 1684","Unnamed Stream","DBL 12X6X32 RC CLVRT -4 FT FILL","PP","0","H01","W01"
"District 01","Graves","36.812036538","-88.709356489","KYTC","KYTC","042B00116N","01","3","2019-10-30","1184.0","Fair","No","State","Over 75","5","N","N","N","630.0","KY-440","FORK OF GILBERT CREEK","TRPL 10X7X37 RC CLVRT -30 DEG SKEW -1.5 FT FILL","PO","0","H01","W01"
"District 01","Graves","36.815416139","-88.712583153","KYTC","KYTC","042B00117N","01","3","2019-10-31","1196.0","Fair","No","State","Over 75","5","N","N","N","630.0","KY-440","FORK OF GILBERT CREEK","TRPL 8X8X46 RC CLVRT -45 DEG SKEW -.75 FT FILL","PO","0","H01","W01"
"District 01","Graves","36.561830787","-88.519887016","KYTC","KYTC","042B00053N","01","3","2025-06-17","2990.0","Fair","No","State","1950s","4","6","6","7","695.0","KY-97","FORK OF TERRAPIN CREEK","3-30 FT RCDG SPANS-0 DEG SKEW","PO","0","H01","W01"
"District 01","Graves","36.546210783","-88.512788386","KYTC","KYTC","042B00054N","01","3","2025-06-17","2537.0","Fair","No","State","1950s","4","5","7","5","695.0","KY 97","Cooter Creek","3-25 FT RCDG SPANS-0 DEG SKEW","PO","0","H01","W01"
"District 01","Graves","36.945985831","-88.812397942","KYTC","KYTC","042B00196N","01","3","2022-06-21","2976.0","Fair","No","State","1960s","5","6","6","6","527.0","KY-1820","BRUSH CREEK","3-35 FT RCDG SPANS-30 DEG SKEW","PP","0","H01","W01"
"District 01","Graves","36.735677635","-88.647549876","KYTC","KYTC","042B00199N","01","3","2018-07-20","10297.0","Fair","No","State","Over 75","4","5","5","5","1992.0","US 45","P&L RAILWAY","4-48 FT 1-24 FT 1-31.79 FT RCDG & 1-71.83 FT I-BEAM SPA","PP","0","H01","R01"
"District 01","Graves","36.886016614","-88.785483609","KYTC","KYTC","042B00201N","01","3","2022-11-28","3821.0","Fair","No","State","1970s","5","5","6","5","250.0","KY-849","WILSON CREEK","3-50 FT PPC TP I BOX BEAM SPANS-30 DEG SKEW","PO","0","H01","W01"
"District 01","Graves","36.934575051","-88.724862009","KYTC","KYTC","042B00207N","01","3","2023-09-07","733.0","Poor","No","State","Over 75","5","5","5","4","207.0","KY-945","BRANCH OF MAYFIELD CREEK","2-17 STEEL BEAM SPANS, CONC. FLOOR & SUBSTRUCTURE","PD","0","H01","W01"
"District 01","Graves","36.825416143","-88.678760223","County","KYTC","042C00304N","02","3","2024-03-07","733.0","Good","No","Local","1990s","","7","7","7","151.0","HICKORY ROAD","BRANCH-GILBERT CREEK","1-36 FT. PRESTRESSED CONC BOX BEAM SPANS","PO","0","H01","W01"
"District 01","Graves","36.517374201","-88.491297232","KYTC","KYTC","042B00055N","01","3","2019-10-30","1688.0","Fair","No","State","1950s","4","N","N","N","695.0","KY-97","SAND CREEK","DBL 12X5X68 RC CLVT -3 FT FILL","PO","0","H01","W01"
"District 01","Graves","36.516297628","-88.491570732","KYTC","KYTC","042B00056N","01","3","2025-06-17","2537.0","Fair","No","State","1950s","4","5","7","5","695.0","KY 97","Sand Fork Creek","3-28 FT RCDG SPANS-0 DEG SKEW","PO","0","H01","W01"
"District 01","Graves","36.51439076","-88.492171382","KYTC","KYTC","042B00057N","01","3","2025-06-23","2537.0","Fair","No","State","1950s","4","6","6","7","695.0","KY-97","Fork of Sand Creek","3-28 FT RCDG SPANS-0 DEG SKEW","PO","0","H01","W01"
"District 01","Graves","36.683416996","-88.614374533","KYTC","KYTC","042B00058N","01","3","2023-11-13","1008.0","Fair","No","State","1960s","4","7","5","5","3182.0","KY 97","Perry Creek","1-40 FT CLEAR SPAN PRESTRESSED CONCRETE SPAN 0 DEG SKEW","PO","0","H01","W01"
"District 01","Graves","36.667586826","-88.614540882","KYTC","KYTC","042B00059N","01","3","2023-03-23","1818.0","Fair","No","State","1960s","4","7","6","6","1893.0","KY 97","Ford Creek","1-70 FT CLEAR SPAN PRESTRESSED CONCRETE SPAN 0 DEG SKEW","PP","0","H01","W01"
"District 01","Graves","36.737033767","-88.610928008","KYTC","KYTC","042B00062N","01","3","2022-06-20","6065.0","Fair","No","State","1950s","5","5","6","5","1127.0","KY-464","MAYFIELD CREEK","6-35 FT RCDG SPANS","PP","0","H01","W01"
"District 01","Graves","36.736578054","-88.606196492","KYTC","KYTC","042B00063N","01","3","2022-08-03","1159.0","Fair","No","State","1950s","5","N","N","N","1127.0","KY-464","TRIB TO VULTON CREEK","DBL 14X8X39 RC CLVT -3 FT FILL","PP","0","H01","W01"
"District 01","Graves","36.767820786","-88.812893553","KYTC","KYTC","042B00220N","01","3","2023-03-23","1874.0","Poor","No","State","1980s","5","6","7","4","178.0","KY-1686","MCCLANE CREEK","1-75 PRECAST CONCRETE BOX BEAM SPAN","PO","0","H01","W01"
"District 01","Graves","36.884807602","-88.550379813","KYTC","KYTC","042B00223N","01","3","2023-11-29","4326.0","Fair","No","State","1980s","4","6","5","7","2189.0","KY-131","CLARKS RIVER OVERFLOW","3-45 PPC DECK UNITS","PO","0","H01","W01"
"District 01","Graves","36.885280932","-88.548014001","KYTC","KYTC","042B00224N","01","3","2023-11-29","4326.0","Fair","No","State","1980s","4","7","6","6","2189.0","KY-131","CLARKS RIVER OVERFLOW","3-45 PPC DECK UNITS","PO","0","H01","W01"
"District 01","Graves","36.911674909","-88.691140097","KYTC","KYTC","042B00225N","01","3","2023-09-12","792.0","Poor","No","State","1960s","5","6","5","4","302.0","KY-2192","MORRIS CREEK","1 SPAN ? 30 PRECAST CONCRETE CHANNEL BEAMS","PP","0","H01","W01"
"District 01","Graves","36.920315907","-88.697575706","KYTC","KYTC","042B00226N","01","3","2023-03-23","782.0","Fair","No","State","1960s","5","7","5","7","302.0","KY-2192","BR OF MAYFIELD CREEK","1 SPAN ? 31 PPC SLAB BEAMS","PP-T","0","H01","W01"
"District 01","Graves","36.936612603","-88.723139686","KYTC","KYTC","042B00227N","01","3","2023-09-06","686.0","Poor","No","State","1970s","5","7","5","4","302.0","KY-2192","Branch of Mayfield Creek","1 SPAN ? 30 PRECAST CONCRETE CHANNEL BEAMS","PP","0","H01","W01"
"District 01","Graves","36.840581233","-88.66559156","KYTC","KYTC","042B00228N","01","3","2022-12-13","2254.0","Fair","No","State","1970s","5","6","7","5","187.0","KY 2194","Gilbert Creek","2-44 FT PRECAST PREST. CONC SLAB SPANS","PO","0","H01","W01"
"District 01","Graves","36.636999288","-88.680988145","KYTC","KYTC","042B00219N","01","3","2025-05-13","2558.0","Good","No","State","1980s","4","7","7","7","1175.0","KY-339","OBION CREEK","1-79 PCI BEAM SPAN","PO","0","H01","W01"
"District 01","Graves","36.553283406","-88.696714595","KYTC","KYTC","042B00065N","01","3","2019-10-30","814.0","Fair","No","State","Over 75","4","N","N","N","1396.0","KY-94","BRUSH CREEK","TRIPLE 10FTX7FTX30FT RC CULVERT (30 DEG SKEW)","PO","0","H01","W01"
"District 01","Graves","36.560922745","-88.813155226","KYTC","KYTC","042B00069N","01","3","2019-10-30","825.0","Fair","No","State","1950s","4","N","N","N","974.0","KY 94","Unnamed Stream","DOUBLE 12FTX10.42FTX33FT RC CULVERT-0 DEG SKEW","PO","0","H01","W01"
"District 01","Graves","36.561069743","-88.81340661","KYTC","KYTC","042B00070N","01","3","2019-10-30","825.0","Fair","No","State","1950s","4","N","N","N","974.0","KY-94","UNNAMED STREAM","DOUBLE 12FTX6FTX33FT RC CULVERT-0 DEG SKEW","PO","0","H01","W01"
"District 01","Graves","36.62941537","-88.523843835","KYTC","KYTC","042B00075N","01","3","2019-10-30","795.0","Fair","No","State","1950s","5","N","N","N","513.0","KY-564","TRIB TO MAYFIELD CREEK","DBL 12X6X32 RC CLVT-30 DEG SKW -2 FT FILL","PO","0","H01","W01"
"District 01","Graves","36.708615115","-88.632203048","KYTC","KYTC","042B00080N","01","3","2019-10-31","826.0","Fair","No","State","Over 75","4","N","N","N","5533.0","KY-303","BRANCH OF KESS CR","TRPL 10X8X26 RC CLVRT -6.0 FT FILL","PO","0","H01","W01"
"District 01","Graves","36.58968934","-88.518418144","KYTC","KYTC","042B00064N","01","3","2016-07-27","546.0","Fair","No","State","Over 75","4","N","N","N","1934.0","KY-94","TERRAPIN CREEK","DBL 10X6X26 RC CLVT -2 FT FILL","PO","0","H01","W01"
"District 01","Graves","36.582396679","-88.654770915","KYTC","KYTC","042B00232N","01","3","2023-08-24","1574.0","Poor","No","State","1970s","5","5","4","4","86.0","KY 2422","Branch of Obion Creek","2 SIMPLE SPANS ? 30.5;31.0 PREC. CONC. CHANNEL BMS.","PP","0","H01","W01"
"District 01","Graves","36.659660357","-88.687125556","KYTC","KYTC","042B00246N","01","3","2023-11-29","1274.0","Fair","No","State","1990s","5","6","6","7","327.0","KY-1748","TRAVIS BRANCH","1-52  FT PREST CONC  BOX BEAM  SPAN","PO","0","H01","W01"
"District 01","Graves","36.90994761","-88.522542662","KYTC","KYTC","042B00247N","01","3","2023-11-29","1320.0","Fair","No","State","1990s","4","6","7","6","2189.0","KY-131","BEAR CREEK OVERFLOW","1- 30 FT.PRESTRESSED CONC BOX BEAM SPAN","PO","0","H01","W01"
"District 01","Graves","36.855237766","-88.676286641","KYTC","KYTC","042B00250N","01","3","2025-05-08","1887.0","Good","No","State","1990s","5","7","8","8","1197.0","KY-408","FORK-CARNEY CREEK","1-48.3     FT PRESTRESSED CONCRETE I     BEAM SPANS","PO","0","H01","W01"
"District 01","Graves","36.577176659","-88.633957808","KYTC","KYTC","042B00082N","01","3","2019-10-31","1151.0","Fair","No","State","Over 75","4","N","N","N","1039.0","KY-303","OBION CREEK","TRPL 10X10X31 RC CLVRT -30 DEG SKEW -1.5 FT FILL","PO","0","H01","W01"
"District 01","Graves","36.825201268","-88.574629109","KYTC","KYTC","042B00040N","01","3","2019-10-30","567.0","Fair","No","State","1950s","6","N","N","N","323.0","KY 483","Branch of Dry Creek","DBL 10X6X27 RC CLVT -3 FT FILL","PO","0","H01","W01"
"District 01","Graves","36.824417944","-88.550896716","KYTC","KYTC","042B00041N","01","3","2025-06-16","3215.0","Fair","No","State","1950s","6","7","5","7","323.0","KY 483","Trace Creek","3-35 FT RCDG SPANS","PO","0","H01","W01"
"District 01","Graves","36.679180413","-88.632637494","KYTC","KYTC","042B00081N","01","3","2019-10-31","749.59","Fair","No","State","Over 75","4","N","N","N","5533.0","KY-303","FORK OF MAYFIELD CREEK","TRPL 10X8X26 RC CLVT -1.8 FT FILL","PO","0","H01","W01"
"District 01","Graves","36.641627342","-88.615553877","KYTC","KYTC","042B00252N","01","3","2023-06-27","2299.0","Good","No","State","1990s","4","7","8","8","1175.0","KY-339","BASTIC CREEK","1- 50       FT PRESTRESSED CONC-     -BOX BEAM SPANS","PO","0","H01","W01"
"District 01","Graves","36.634525546","-88.594432553","KYTC","KYTC","042B00253N","01","3","2022-11-29","5654.0","Good","No","State","1990s","4","7","7","7","1681.0","KY-97","BACON CREEK","41-68-41 CONT PRESTRESSED CONC-BOX       BEAM SPANS","PO","0","H01","W01"
"District 01","Graves","36.855183389","-88.726589882","KYTC","KYTC","042B00254N","01","3","2023-06-27","2023.0","Good","No","State","1990s","5","7","7","8","824.0","KY-408","WILSON CREEK","1- 70 FT        PRESTRESSED  CONC      I  BEAM SPANS","PO","0","H01","W01"
"District 01","Graves","36.58301528","-88.64026539","KYTC","KYTC","042B00251N","01","3","2024-02-06","1872.0","Fair","No","State","1990s","5","6","8","6","86.0","KY-2422","OBION CREEK","1-78 FT     FT PRESTRESSED CONC-    -BOX BEAM SPANS","PP","0","H01","W01"
"District 01","Graves","36.757479214","-88.640838122","KYTC","KYTC","042B00258N","01","3","2025-01-07","6704.0","Good","Yes","State","1990s","3","7","8","7","13256.0","PADUCAH ROAD","OAK GROVE CREEK","1-77 FT PRESTRESSED CONC I- BEAM SPANS","PO","0","H01","W01"
"District 01","Graves","36.650697729","-88.607768817","KYTC","KYTC","042B00047N","01","3","2018-07-19","814.0","Fair","No","State","Over 100","4","5","5","5","1893.0","KY-97","BR OF KURK CREEK","1-30 FT RCDG SPAN","PP","0","H01","W01"
"District 01","Graves","36.751764202","-88.797855217","KYTC","KYTC","042B00261N","01","3","2023-09-21","2348.0","Good","No","State","1990s","5","7","7","8","511.0","KY-339","TRI B-MCCLANE CREEK","1-68.9 FT PRESTRESSED CONC BOX BEAM SPANS","PO","0","H01","W01"
"District 01","Graves","36.716703542","-88.621502568","KYTC","KYTC","042B00262N","01","3","2025-01-03","7165.0","Good","Yes","State","1990s","3","7","7","8","10079.0","KY-121","KESS CREEK","1-81 FT PRESTRESSED CONC I-BEAM SPANS","PO","0","H01","W01"
"District 01","Graves","36.739610748","-88.621225555","KYTC","KYTC","042B00263N","01","3","2025-01-02","4104.0","Good","Yes","State","1990s","3","7","7","8","13901.0","KY-121","RED DUCK CREEK","1-77 FT PRESTRESSED CONC I BEAM SPANS","PO","0","H01","W01"
"District 01","Graves","36.535147432","-88.807155868","KYTC","KYTC","042B00265N","01","3","2025-08-18","1850.0","Poor","No","State","1990s","6","7","8","4","83.0","KY-943","TR S FK BAYOU DE CHIEN","1-75 PRECAST PRESTRESSED CONC. BOX BEAMS(SIDE-BY-SIDE)","PO","0","H01","W01"
"District 01","Graves","36.871946434","-88.667710967","KYTC","KYTC","042B00003N","01","3","2022-07-11","711.0","Fair","No","State","Over 100","5","5","5","5","2646.0","KY-1241","CARNEY CREEK","1-30 FT R.C.D.G. SPAN","PP","0","H01","W01"
"District 01","Graves","36.888740958","-88.67795846","KYTC","KYTC","042B00004N","01","3","2016-09-09","704.0","Fair","No","State","Over 100","5","N","N","N","763.0","KY 1241","Fork of Mayfield Creek","TRPL 10X5X38 RC CLVT -5 FT FILL","PO","0","H01","W01"
"District 01","Graves","36.912240055","-88.682801474","KYTC","KYTC","042B00005N","01","3","2016-09-09","546.0","Fair","No","State","Over 75","5","N","N","N","763.0","KY 1241","Morris Creek","DOUBLE 10 FT X 10 FT X 26 FT R.C. CULVERT","PO","0","H01","W01"
"District 01","Graves","36.940320064","-88.682616335","KYTC","KYTC","042B00007N","01","3","2022-07-11","955.0","Poor","No","State","Over 100","5","4","5","4","763.0","KY 1241","Old Mayfield Creek","1-40 FT R.C.D.G. SPAN","PP","0","H01","W01"
"District 01","Graves","36.784191167","-88.645170793","KYTC","KYTC","042B00008N","01","3","2022-10-21","9547.0","Fair","Yes","State","1960s","3","6","6","6","16933.0","US-45","KEY CREEK","33 FT- 38 FT- 33 FT SIMPLE R.C.D.G. SPANS, 0 DEG SKEW","PO","0","H01","W01"
"District 01","Graves","36.812571722","-88.783273787","KYTC","KYTC","042B00267N","01","3","2024-02-15","1200.0","Fair","No","State","2000s","6","6","8","6","286.0","KY-1213","BRANCH OF MAYFIELD CREEK","1-50 PRECAST PRESTRESSED CONC. DECK UNIT","PO","0","H01","W01"
"District 01","Graves","36.946667588","-88.745584651","KYTC","KYTC","042B00269N","01","3","2024-08-09","910.0","Poor","No","State","1960s","5","5","4","4","527.0","KY-1820","BRANCH OF MAYFIELD CREEK","1-40 FT PRESTRESSED CONCRETE SPAN - 45 DEG SKEW","PP","0","H01","W01"
"District 01","Graves","36.946084023","-88.711289091","KYTC","KYTC","042B00270N","01","3","2022-01-18","886.0","Fair","No","State","1960s","5","5","6","5","574.0","KY-1820","BRANCH OF MAYFIELD CREEK","1-40 FT PRESTRESSED CONCRETE SPAN","PM","0","H01","W01"
"District 01","Graves","36.946485138","-88.72206606","KYTC","KYTC","042B00271N","01","3","2024-08-09","1582.0","Poor","No","State","1960s","5","4","3","4","574.0","KY-1820","BRANCH OF MAYFEILD CREEK","3-20   PRECAST NOT PRESTRESSED CONCRETE SPAN - 0 DEG","PD","0","H01","W01"
"District 01","Graves","36.946709151","-88.765024242","KYTC","KYTC","042B00273N","01","3","2023-03-23","654.0","Fair","No","State","1980s","5","7","6","7","527.0","KY-1820","MAYFIELD CREEK","1-27 PPC BOX BEAM SPAN","PO","0","H01","W01"
"District 01","Graves","36.581954423","-88.778471607","KYTC","KYTC","042B00266N","01","3","2023-11-29","2580.0","Good","No","State","2000s","5","7","8","7","73.0","KY-2422","BAYOU DU CHIEN","1-87 PRECAST PRESTRESSED CONC, BOX BEAMS SPAN","PO","0","H01","W01"
"District 01","Graves","36.752547","-88.644615","KYTC","KYTC","042B00264N","01","3","2016-10-07","2468.4","Fair","Yes","State","1990s","4","N","N","N","8031.0","KY-121 & W HOUSMAN","OAK GROVE CREEK","SINGLE 20 X 9 X 400 FT RC BOX CULVERT","PO","0","H01","W01"
"District 01","Graves","36.799916192","-88.493835471","County","KYTC","042C00008N","02","3","2024-09-18","818.0","Fair","No","Local","1970s","","5","5","5","186.0","WADESBORO ROAD","BR OFF W FK CLARKS RIVER","1-30.0 FT. SPAN P. P. C. BOX BEAMS TYPE II","PO","0","H01","W01"
"District 01","Graves","36.8038096","-88.488316063","County","KYTC","042C00009N","02","3","2023-10-10","3938.0","Poor","No","Local","1970s","","6","6","4","186.0","WADESBORO ROAD","W FK CLARKS RIVER","3-53.0 FT. SIMPLE SPANS P. P. C. BOX BEAMS TYPE I","PP","0","H01","W01"
"District 01","Graves","36.791968235","-88.612597917","County","KYTC","042C00014N","02","3","2023-10-03","1021.0","Fair","No","Local","1960s","","6","6","6","331.0","HOPEWELL ROAD","CROWLEY BR OF MAYFIELD C","1-40.0 FT. SPAN P. P. C. SLAB BEAM TYPE III","PO","0","H01","W01"
"District 01","Graves","36.531561419","-88.508451677","KYTC","KYTC","042B00137N","01","3","2022-10-27","1555.0","Poor","No","State","1950s","5","6","4","4","195.0","KY 1485","Terrapin Creek","3 - 20' PRECAST RC CHANNEL BEAM SPANS","PP","0","H01","W01"
"District 01","Graves","36.808389818","-88.567518808","County","KYTC","042C00016N","02","3","2023-09-06","792.0","Fair","No","Local","1970s","","6","7","6","297.0","SPENCE CHAPEL RD.","NEELEY BR OF TRACE CREEK","1-31.0 FT. SPAN PRECAST CONCRETE CHANNEL SECTION","PP","0","H01","W01"
"District 01","Graves","36.870186513","-88.520178269","County","KYTC","042C00018N","02","3","2022-10-21","1258.0","Fair","No","Local","1960s","","6","6","6","193.0","TIM ROAD","TUCKER BR-W FK CLARKS RI","1-46.0 FT. SPAN REINFORCED CONCRETE T-BEAMS","PO","0","H01","W01"
"District 01","Graves","36.831646841","-88.491482631","County","KYTC","042C00019N","02","3","2022-08-03","727.0","Fair","No","Local","1950s","","6","6","6","250.0","WAYNE FREEMAN ROAD","HOMINY BR-W FK CLARKS RI","1-28.5 FT. SPAN REINFORCED CONCRETE T-BEAMS","PP","0","H01","W01"
"District 01","Graves","36.910571593","-88.536770132","County","KYTC","042C00023N","02","3","2024-09-18","782.0","Fair","No","Local","1970s","","6","5","5","145.0","KAHLER-MILL ROAD","BEAR CREEK","1-31.0 FT. SPAN P. P. C. SLAB BEAMS TYPE II","PO","0","H01","W01"
"District 01","Graves","36.76925059","-88.627386928","KYTC","KYTC","042B00158R","01","3","2020-09-16","4063.0","Fair","Yes","State","1960s","1","6","7","6","4758.0","I-69 NB (JC-9003)","Mayfield Creek Overflow","30.63--31.25--30.63 CONT P.C.I.B. SPANS","PP","0","H01","F01"
"District 01","Graves","36.634329425","-88.530859713","KYTC","KYTC","042B00141N","01","3","2022-06-21","4274.0","Fair","No","State","1950s","5","7","6","7","239.0","KY-339","MAYFIELD CREEK","5-30 FT RCDG SPANS-45 DEG SKEW","PP","0","H01","W01"
"District 01","Graves","36.735022377","-88.510677971","KYTC","KYTC","042B00142N","01","3","2019-10-30","895.0","Fair","No","State","Over 75","5","N","N","N","457.0","KY-564","PANTHER CREEK","TRPL 10X7X28 RC BX CLVT-30 DEG SKW -1.5 FT FILL","PO","0","H01","W01"
"District 01","Graves","36.645873516","-88.753412986","KYTC","KYTC","042B00143N","01","3","2023-09-21","12861.0","Fair","No","State","1960s","4","7","5","6","1255.0","KY 339","I-69 (JP Parkway)","1-18RCDG,2-97.5 FT CONT.BOX GIRDER & 1-22RCDG","PO","0","H01","H02, H04"
"District 01","Graves","36.696987111","-88.790537543","KYTC","KYTC","042B00144N","01","3","2022-06-08","2396.0","Fair","No","State","Over 75","5","6","5","6","319.0","KY-339","OBION CREEK","3-30 FT RCDG SPANS-30 DEG SKEW","PP","0","H01","W01"
"District 01","Graves","36.728562234","-88.577250077","KYTC","KYTC","042B00146N","01","3","2022-06-21","4653.0","Fair","No","State","1950s","5","6","6","6","588.0","KY-464","VULTON CREEK","5-30 FT RCDG SPANS-45 DEG SKEW","PP","0","H01","W01"
"District 01","Graves","36.575259001","-88.593962568","KYTC","CONTRACT","042B00148N","01","3","2021-01-04","835.0","Poor","No","State","Over 75","6","N","N","N","208.0","KY-83","BACON CREEK","3-12 MULTIPLATE ARCHES-30 DEG SKW -1 FT FILL","PP","0","H01","W01"
"District 01","Graves","36.641462957","-88.587693","KYTC","KYTC","042B00140N","01","3","2022-06-21","5358.0","Good","No","State","1950s","5","7","7","7","239.0","KY-339","LEECH CREEK","5-35 FT RCDG SPANS-15 DEG SKEW","PP","0","H01","W01"
"District 01","Graves","36.880367501","-88.60996941","County","KYTC","042C00027N","02","3","2023-09-06","776.0","Fair","No","Local","1960s","","6","8","6","326.0","HOPEWELL ROAD","TURKEY CREEK","1-31.0 FT. SPAN PRECAST CONCRETE CHANNEL SECTIONS","PP","0","H01","W01"
"District 01","Graves","36.869867691","-88.595934962","County","KYTC","042C00028N","02","3","2024-09-19","782.0","Fair","No","Local","1960s","","6","5","6","95.0","VASTINE GREEN ROAD","TURKEY CREEK","1-31.0 FT. SPAN P. P. C. SLAB BEAMS TYPE II","PO","0","H01","W01"
"District 01","Graves","36.684816388","-88.512391731","County","KYTC","042C00039N","02","3","2015-10-29","483.0","Poor","No","Local","1960s","","5","1","5","63.0","CLAYTON ROAD","BR OFF MINNOW BRANCH","1-29.0 FT. SPAN STEEL I-BEAMS","C","0","H01","W01"
"District 01","Graves","36.64396922","-88.589718816","County","KYTC","042C00042N","02","3","2019-04-16","1922.0","Poor","No","Local","1970s","","5","6","4","80.0","DOVE ROAD","MAYFIELD CREEK","3-SIMPLE SPANS 20.0 30.0 30.0 STEEL I-BEAMS","PP","0","H01","W01"
"District 01","Graves","36.659045296","-88.587864176","County","KYTC","042C00044N","02","3","2017-05-01","744.0","Fair","No","Local","1970s","","6","6","6","40.0","MCCLAIN ROAD","BR OFF MAYFIELD CREEK","1-29.0 FT. SPAN STEEL I-BEAMS","PP","0","H01","W01"
"District 01","Graves","36.621299439","-88.687040595","KYTC","KYTC","042B00149N","01","3","2019-10-30","783.0","Fair","No","State","1950s","5","N","N","N","546.0","KY-129","UNNAME STREAM","DBL 14X7X27 RC CLVRT -2.3 FT FILL","PO","0","H01","W01"
"District 01","Graves","36.57134658","-88.719886912","KYTC","KYTC","042B00151N","01","3","2025-06-17","2792.0","Fair","No","State","1950s","5","6","7","7","546.0","KY-129","CANE CREEK","3-30 FT RCDG SPANS-15 DEG SKEW","PO","0","H01","W01"
"District 01","Graves","36.932429593","-88.54390033","KYTC","KYTC","042B00152N","01","3","2022-07-01","12381.0","Fair","No","State","1950s","4","6","5","6","2177.0","KY-348","WEST FORK CLARKS RIVER","8-50 FT RCDG SPANS CONCRETE FLOOR & PIERS","PP","0","H01","W01"
"District 01","Graves","36.722414948","-88.6843646","KYTC","KYTC","042B00153N","01","3","2023-09-21","8840.0","Fair","No","State","1960s","","6","6","6","273.0","CARDINAL ROAD","JACKSON PURCHASE PARKWAY","2-29 FT RCDGS & 2-114.5 FT CONT BOX GIRDERS","PO","0","H01","H02, H03"
"District 01","Graves","36.767260498","-88.643092255","KYTC","KYTC","042B00155L","01","3","2025-03-12","9948.0","Fair","Yes","State","1960s","1","6","6","6","6762.0","I-69 SB","US-45","60.75 - 58.25- 58.25- 60.75 FT CONT PCIB SPANS       ST","PO","0","H01","H02, H03"
"District 01","Graves","36.643695554","-88.61485538","County","KYTC","042C00046N","02","3","2017-05-18","1029.0","Fair","No","Local","1970s","","5","5","5","531.0","SCOTT ROAD","BRANCH OF KURK CREEK","1-48.0 FT. SPAN STEEL I-BEAMS","PA","0","H01","W01"
"District 01","McCracken","36.974444444","-88.614166667","KYTC","CONTRACT","073B00179N","01","3","2023-11-14","1732.8","Good","No","State","2010s","4","8","8","8","1151.0","KY-994","Branch of Bottom Ditch","3 Span - CB12X48 Box Beams","PO","0","H01","W01"
"District 01","Graves","36.769337451","-88.63142553","KYTC","KYTC","042B00157L","01","3","2020-09-16","8711.0","Fair","Yes","State","1960s","1","6","7","6","4758.0","I-69 SB","Mayfield Creek","48.62 -53.25- 53.25 - 48.63 CONT PCIB SPANS          ST","PP","0","H01","W01"
"District 01","Graves","36.769144805","-88.631411838","KYTC","KYTC","042B00157R","01","3","2020-09-16","8711.0","Fair","Yes","State","1960s","1","6","7","6","4758.0","I-69","Mayfield Creek","48.62-53.25-53.25- 48.63 CONT PCIB SPANS","PP","0","H01","W01"
"District 01","Graves","36.769552295","-88.623320102","KYTC","KYTC","042B00159L","01","3","2020-09-16","4063.0","Fair","Yes","State","1960s","1","6","7","6","4758.0","Julian M Caroll Pa","Mayfield Creek Overflow","30.63 - 31.25 - 30.63 FT CONT P.C.I.B. SPANS","PP","0","H01","W01"
"District 01","Graves","36.769358678","-88.623289507","KYTC","KYTC","042B00159R","01","3","2020-09-16","4063.0","Fair","Yes","State","1960s","1","6","7","6","4758.0","JC-9003","Mayfield Creek Overflow","30.63 - 31.25 - 30.63 FT CONT P.C.I.B SPANS","PP","0","H01","W01"
"District 01","Graves","36.620255454","-88.569625633","County","KYTC","042C00054N","02","3","2024-09-18","899.0","Poor","No","Local","1950s","","6","4","6","90.0","DR MELVIN ROAD","LEECH CREEK","1-41.0 SPAN P. P. C. SLAB BEAM TYPE III","PP","0","H01","W01"
"District 01","Graves","36.564037868","-88.516778204","County","KYTC","042C00062N","02","3","2019-01-29","974.0","Fair","No","Local","1970s","","5","7","5","79.0","SWAN ROAD","BR OF TERRAPIN CREEK","2-CONTINUOUS SPANS-22 & 36 STEEL BEAMS","PP","0","H01","W01"
"District 01","Graves","36.530261465","-88.519883258","County","KYTC","042C00073N","02","3","2022-02-17","961.0","Fair","No","Local","1970s","","6","6","6","69.0","BELL CITY ROAD","BR OF TERRAPIN CREEK","1-CONTINOUS SPAN-45 FT.STEEL I-BEAMS","PP","0","H01","W01"
"District 01","Graves","36.508677712","-88.498889466","County","KYTC","042C00076N","02","4","2021-07-07","1476.0","Poor","No","Local","1970s","","5","2","5","19.0","ALDERDICE ROAD","TERRAPIN CREEK","3-SIMPLE SPANS-20, 30, 30 STEEL I-BEAMS","C","0","H01","W01"
"District 01","Hickman","36.780833333","-89.073055556","KYTC","KYTC","053B00114N","01","3","2022-03-14","1680.0","Good","No","State","2020s","4","8","8","8","297.0","KY 80","Bowles Creek","68'-6"" Simple Span CB27 PPC Box Beam","PO","0","H01","W01"
"District 01","Graves","36.524858092","-88.719618911","KYTC","KYTC","042B00085N","01","3","2017-11-07","864.0","Fair","No","State","Over 75","5","N","N","N","643.0","KY 129","Blackamoor Creek","TRIPLE 10FTX9FTX27FT RC CULVERT","PP","0","H01","W01"
"District 01","Graves","36.580753374","-88.803068824","KYTC","KYTC","042B00091N","01","3","2018-07-19","3530.0","Fair","No","State","Over 75","4","5","5","5","1425.0","US-45","Bayou De Chien","3-50 FT RCDG SPANS (30 DEG SKEW)","PO","0","H01","W01"
"District 01","Graves","36.730624418","-88.654341933","KYTC","KYTC","042B00092N","01","3","2019-10-30","1526.0","Fair","No","State","1950s","4","N","N","N","1530.0","FULTON ROAD","RED DUCK CREEK","DBL 12X7X61 RC CLVT-45 DEG SKW -2 FT FILL","PO","0","H01","W01"
"District 01","Graves","36.706282942","-88.690932613","KYTC","KYTC","042B00093N","01","3","2025-06-18","1224.0","Fair","No","State","1950s","4","7","6","7","5475.0","US-45","RICHARD CREEK","1-35 FT RCDG SPAN-45 DEG SKEW","PO","0","H01","W01"
"District 01","Graves","36.698687416","-88.703109366","KYTC","KYTC","042B00094N","01","3","2016-04-20","2819.0","Fair","No","State","1950s","4","6","6","6","5475.0","US-45","Opossum Creek","3-29 FT. R.C. SLAB SPANS","PP","0","H01","W01"
"District 01","Graves","36.884886023","-88.648247962","KYTC","KYTC","042B00083N","01","3","2019-10-30","952.0","Fair","No","State","1950s","5","N","N","N","763.0","KY 849","Branch of Mayfield Creek","DOUBLE 12FTX10FTX38FT RC CULVERT-45 DEG SKEW","PO","0","H01","W01"
"District 01","Hickman","36.628564434","-88.964446454","KYTC","KYTC","053B00085N","01","3","2025-05-06","5456.0","Good","No","State","1980s","3","7","7","8","2209.0","US-51","BAYOU DE CHIEN CREEK","36 - 53.6 - 36 FT CONT P.C.I.B. SPAN","PO","0","H01","W01"
"District 01","Hickman","36.628915347","-88.964790868","KYTC","KYTC","053B00086N","01","3","2017-08-04","644.26","Good","No","State","1980s","3","N","N","N","2209.0","US-51","BAYOU DE CHIEN OVERFLOW","DBL 12X 10X 60RC BOXCULVRT -FILL=4.36","PO","0","H01","W01"
"District 01","Hickman","36.708048154","-88.88818188","KYTC","KYTC","053B00087N","01","3","2023-11-29","1894.0","Fair","No","State","1980s","5","6","7","8","532.0","KY-703","BRANCH OF BUGG CREEK","1-59 FT PRECAST PREST CONC.- 5 CONC. SLAB DECK","PO","0","H01","W01"
"District 01","Hickman","36.708082291","-88.886327724","KYTC","KYTC","053B00088N","01","3","2023-02-27","1972.0","Fair","No","State","1980s","5","6","7","8","532.0","KY-703","BUGG CREEK","1-59 FT PRECAST PREST CONC.- 5 IN. CONC. FLOOR","PO","0","H01","W01"
"District 01","Hickman","36.591272182","-88.890479346","County","KYTC","053C00041N","02","3","2022-08-03","415.0","Poor","No","Local","1980s","","7","5","4","273.0","BOCKMAN ROAD","POND BR OF CANE CRK","1-25.0  TIMBER & STEEL STRINGERS","PP","0","H01","W01"
"District 01","Hickman","36.769270684","-89.068511273","County","KYTC","053C00042N","02","3","2024-05-16","852.0","Fair","No","Local","1980s","","6","6","6","273.0","MOUNTJOY ROAD","BOWLES CREEK","1-41 PRESTRESSED CONCRETE BOX BEAM SPAN","PO","0","H01","W01"
"District 01","Hickman","36.626022029","-88.913668516","County","KYTC","053C00044N","02","3","2024-05-16","1131.0","Fair","No","Local","1980s","","5","6","5","273.0","MOULTRIE ROAD","BAYOU DV CHIEN","1-52.7 PRESTRESSED CONCRETE BOX BEAM SPAN","PO","0","H01","W01"
"District 01","Hickman","36.755316262","-89.052613799","County","KYTC","053C00045N","02","3","2023-09-11","651.0","Poor","No","Local","1980s","","5","2","5","273.0","RESIN ROAD","BOWLES CREEK","1-30 PRECAST NOT PRESTRESSED CONCRETE SPAN","C","0","H01","W01"
"District 01","Hickman","36.601905683","-88.927654015","County","KYTC","053C00046N","02","3","2024-05-16","852.0","Poor","No","Local","1980s","","5","2","5","32.0","HOWELL ROAD","CANE CREEK","1-40 PRESTRESSED CONCRETE BOX BEAM SPAN","C","0","H01","W01"
"District 01","Hickman","36.547588497","-88.822663056","County","KYTC","053C00047N","02","3","2024-05-16","956.0","Poor","No","Local","1980s","","6","4","5","25.0","LATTA ROAD","BR.S.FK.BAYOU DE CHIEN","1-45 FT PREST CONC BOX BEAM SPAN","PO","0","H01","W01"
"District 01","Hickman","36.542099605","-88.816784821","County","KYTC","053C00048N","02","3","2024-05-16","552.0","Poor","No","Local","1980s","","7","4","7","9.0","REED ROAD","BR.S.FK.-BAYOU DE CHIEN","1-26 FT PREST CONC BOX BEAM SPANS","PO","0","H01","W01"
"District 01","Hickman","36.649305357","-89.122659671","County","KYTC","053C00064N","02","3","2024-07-11","2941.0","Good","No","Local","1990s","","7","7","7","3.0","BLUFF ROAD","OBION CREEK","1- 118  FT. PRESTRESSED CONC BOX BEAM  SPANS","PO","0","H01","W01"
"District 01","Hickman","36.649008896","-89.063170021","County","KYTC","053C00067N","02","3","2024-05-16","1259.0","Fair","No","Local","2000s","","7","7","6","243.0","HICKMAN ROAD","OVER  WHAYNE BRANCH","1 -- 52 FT. PRESTRESSED CONCRETE BOX BEAM SPAN.","PO","0","H01","W01"
"District 01","Hickman","36.502775237","-88.817108861","KYTC","KYTC","053B00025N","01","3","2016-08-04","888.0","Fair","No","State","Over 75","5","N","N","N","1130.0","KY-129","CROFT CREEK","DOUBLE 10 FT X 10 FT X 45 FT RC CULVERT 45 DEG SKEW","PO","0","H01","W01"
"District 01","Hickman","36.502817398","-88.822875579","KYTC","KYTC","053B00026N","01","3","2016-08-04","744.0","Fair","No","State","Over 75","5","N","N","N","1130.0","KY-129","UNNAMED STREAM","DBL 8X5X45 RC CLVT-45 DEG SKW -2.5 FT FILL","PO","0","H01","W01"
"District 01","Hickman","36.60359434","-88.942888094","KYTC","KYTC","053B00029N","01","3","2022-06-09","1471.0","Fair","No","State","Over 100","3","5","6","5","2233.0","US-51","CANE CREEK","1-50FT SPAN WIDEND W/W -2-BOX BEAMS","PO","0","H01","W01"
"District 01","Hickman","36.654692554","-89.058206289","KYTC","KYTC","053B00031N","01","3","2019-10-30","542.0","Good","No","State","Over 75","5","N","N","N","391.0","KY-123","LASTER BRANCH","DBL 10X7X26 RC CLVT -2.2 FT FILL","PO","0","H01","W01"
"District 01","Hickman","36.669590617","-89.095078453","KYTC","KYTC","053B00032N","01","3","2023-11-13","2394.0","Fair","No","State","1960s","5","5","5","5","149.0","KY-123","OBION CREEK","1-50 FT & 2-20 FT CLEAR PRESTRESSED CONCRETE SPANS 0 DE","PO","0","H01","W01"
"District 01","Hickman","36.679712094","-89.103994045","KYTC","KYTC","053B00034N","01","3","2019-10-30","650.0","Fair","No","State","Over 75","5","N","N","N","149.0","KY-123","UNNAMED STREAM","DBL 8X3X40 RC CLVT-45 DEG SKW -1.5 FT FILL","PO","0","H01","W01"
"District 01","Hickman","36.685953079","-89.09973196","KYTC","KYTC","053B00035N","01","3","2019-10-30","585.6","Fair","No","State","Over 75","5","N","N","N","149.0","KY-123","ABLE CREEK","TRPL 10X7X28 RC CLVT -1.5 FT FILL","PO","0","H01","W01"
"District 01","Hickman","36.703096013","-89.08890574","KYTC","KYTC","053B00036N","01","3","2025-08-07","1984.0","Fair","No","State","Over 75","5","5","6","5","138.0","KY-123","FORK OF OBION CREEK","3-26 FT RCDG SPANS","PP","0","H01","W01"
"District 01","Hickman","36.650283807","-89.023889949","KYTC","KYTC","053B00030N","01","3","2019-10-30","401.1","Fair","No","State","Over 75","4","N","N","N","1045.0","KY-123","BRYARS BRANCH","DBL 10X8X26 RC CLVT -2.5 FT FILL","PO","0","H01","W01"
"District 01","Hickman","36.708335616","-89.085629399","KYTC","CONTRACT","053B00037N","01","3","2021-09-23","363.6","Good","No","State","Over 75","5","N","N","N","138.0","KY-123","CONNER BRANCH","DBL 8X7X39 RC CLVT-35 DEG 45 MIN SKW -4 FT FILL","PO","0","H01","W01"
"District 01","Hickman","36.547028449","-88.841762081","KYTC","KYTC","053B00050N","01","3","2024-11-27","7298.0","Good","No","State","1960s","4","7","7","7","252.0","KY-94","JACKSON PURCHASE PARKWAY","2-23 FT RCDG S & 2-88CONT RC BOX GIRDERS","PO","0","H01","H02, H03"
"District 01","Hickman","36.638892886","-88.964750999","KYTC","KYTC","053B00054N","01","3","2019-10-30","492.0","Fair","No","State","Over 75","5","N","N","N","60.0","KY-780","UNNAME STREAM","DBL 10X6X22 RC CLVT -1 FT FILL","PO","0","H01","W01"
"District 01","Hickman","36.710851533","-89.104012616","KYTC","KYTC","053B00055N","01","3","2019-10-30","538.0","Fair","No","State","Over 75","6","N","N","N","49.0","KY-808","Hollingsworth Creek","DBL 10X8X25 RC CLVT-30 DEG SKW -3 FT FILL","PO","0","H01","W01"
"District 01","Hickman","36.611722186","-88.973273901","KYTC","KYTC","053B00057N","01","3","2019-10-30","820.0","Fair","No","State","1950s","5","N","N","N","262.0","KY 1529","Drainage Ditch","DBL 14X6X38 RC CLVT-45 DEG SKW -1.8 FT FILL","PO","0","H01","W01"
"District 01","Hickman","36.612025773","-88.967319735","KYTC","KYTC","053B00058N","01","3","2019-10-30","1241.0","Fair","No","State","1950s","5","N","N","N","262.0","KY 1529","Drainage Ditch","DBL 14 X 9 X 35RC CULV-30 DEG SKEW- NO FILL","PP","0","H01","W01"
"District 01","Hickman","36.575111687","-88.88579609","KYTC","KYTC","053B00061N","01","3","2025-08-07","2396.0","Fair","No","State","1960s","5","7","6","7","145.0","KY-924","CANE CREEK","3-30 FT RC DECK GIRDER SPANS 45 DEG SKEW","PP","0","H01","W01"
"District 01","Hickman","36.602005464","-88.816763261","KYTC","KYTC","053B00062N","01","3","2025-07-23","2567.0","Fair","No","State","1950s","5","7","6","7","202.0","KY 1283","Unnamed Stream","3-30 FT RCDG SPANS 0 DEG SKEW-CONC FLOOR 14 INCH RC PIL","PO","0","H01","W01"
"District 01","Hickman","36.604394305","-88.816761291","KYTC","KYTC","053B00063N","01","3","2025-07-23","5128.0","Fair","No","State","1950s","5","7","6","7","202.0","KY 1283","Bayou de Chien","6-30 FT RCDG SPANS 0 DEG SKEW CONC FLOOR 14 INCH RC PIL","PO","0","H01","W01"
"District 01","Hickman","36.727733419","-89.080544316","KYTC","KYTC","053B00064N","01","3","2019-10-30","1026.0","Fair","No","State","1950s","6","N","N","N","43.0","KY-1300","TRIBUTARY OF OBION CREEK","TRIPLE 12 FT X 7 FT X 27 FT RC CULVERT 0 DEG SKEW","PO","0","H01","W01"
"District 01","Calloway","36.69467171","-88.361015818","KYTC","KYTC","018B00041N","01","3","2022-04-14","2804.0","Fair","No","State","1950s","5","5","5","5","906.0","KY-783","WEST FORK ROCKHOUSE CRK","3-30 FT RCDG SPANS-30 DEG SKEW","PP","0","H01","W01"
"District 01","Graves","36.718366667","-88.559616667","County","KYTC","042C00336N","02","3","2019-11-08","1280.0","Fair","No","Local","2010s","","6","8","7","273.0","DEWARD RD/CR-1154","VULTON CREEK","1 - 64' PRECAST PRESTRESSED CONCRETE BOX BEAM SPAN","PO","0","H01","W01"
"District 01","Calloway","36.712777778","-88.348888889","County","KYTC","018C00164N","02","3","2020-11-30","960.0","Good","No","Local","2020s","","8","7","8","102.0","Hickory Grv Church","Wades Creek","38'-0"" Single Span B21 PPCS Box Beam","PO","0","H01","W01"
"District 01","Graves","36.533611111","-88.505277778","KYTC","CONTRACT","042B00300N","01","3","2022-12-30","3456.0","Good","No","State","2020s","5","8","8","8","195.0","KY 1485","Terrapin Creek","3 Spans 47'-3"" ~48'-0"" ~ 47'-3"" PPC Box Beam CB 17x48","PO","0","H01","W01"
"District 01","Hickman","36.669833959","-88.99363643","KYTC","KYTC","053B00075N","01","3","2016-08-04","1562.0","Fair","No","State","Over 75","3","N","N","N","4209.0","US-51","TOWN BRANCH","DBL 12X7.5X58 RC CLVT-10 DEG SKW -1 FT FILL","PO","0","H01","W01"
"District 01","Livingston","37.19226138","-88.417854591","KYTC","KYTC","070B00001N","01","3","2013-02-14","3016.0","Fair","No","State","Over 75","5","6","6","6","312.0","KY 137","Dyers Hill Creek","4-30 FT R.C.D.G. SPANS","PP","0","H01","W01"
"District 01","Livingston","37.341699033","-88.464078444","KYTC","KYTC","070B00004N","01","3","2022-06-15","2378.0","Good","No","State","Over 75","5","7","7","7","83.0","KY-137","LONG BRANCH","3-30 FT R.C.D.G. SPANS - 0 DEG SKEW","PP","0","H01","W01"
"District 01","Livingston","37.25422197","-88.362548122","KYTC","KYTC","070B00007N","01","3","2025-07-17","1265.0","Fair","No","State","Over 75","5","5","5","5","533.0","KY 135","Bayou Creek","2-26 FT R.C.D.G. SPANS","PP","0","H01","W01"
"District 01","Livingston","37.396599673","-88.367958938","KYTC","KYTC","070B00009N","01","3","2022-10-31","6581.0","Fair","No","State","1950s","5","6","7","7","101.0","KY-135","BUCK CREEK","70 FT- 100 FT- 70 FT R.C.D.G. SPAN - 0 DEG SKEW","PO","0","H01","W01"
"District 01","Livingston","37.081528556","-88.265610361","KYTC","KYTC","070B00034N","01","3","2019-10-30","944.0","Fair","No","State","Over 75","5","N","N","N","264.0","KY 93","Ross Creek","DBL 10X8X45 RC CLVT-45 DEG SKW -1.8 FT FILL","PO","0","H01","W01"
"District 01","Livingston","37.080803063","-88.235981559","KYTC","CONTRACT","070B00035N","01","3","2020-11-05","3732.0","Poor","No","State","1970s","5","N","N","N","264.0","KY-93","CREVASSE CREEK","20.58X13.17 MULTI-PLATE ARCH -6 FT FILL","PO","0","H01","W01"
"District 01","Livingston","37.249533208","-88.223898078","KYTC","KYTC","070B00036N","01","3","2019-10-30","485.4","Fair","No","State","Over 75","5","N","N","N","254.0","KY-133","TRIB. OF COX SPRING BRAN","DOUBLE 8 FT X 5 FT X 40 FT CONCRETE CULVERT - 45 DEG SK","PO","0","H01","W01"
"District 01","Livingston","37.251774288","-88.228037361","KYTC","KYTC","070B00037N","01","3","2019-10-31","1226.0","Fair","No","State","Over 75","5","N","N","N","254.0","KY-133","COX SPRING BRANCH","TRPL 10X6X38 CONC CLVT-45 DEG SKW -2.5 FT FILL","PO","0","H01","W01"
"District 01","Livingston","37.24568037","-88.215148931","KYTC","KYTC","070B00038N","01","3","2022-06-15","2792.0","Fair","No","State","Over 75","5","6","5","6","254.0","KY 133","Dry Creek","3-30 FT CONCRETE DECK GIRDER SPANS","PP","0","H01","W01"
"District 01","Livingston","37.21239597","-88.303033269","KYTC","KYTC","070B00053N","01","3","2023-03-23","1293.0","Fair","No","State","1960s","5","7","5","6","127.0","KY 1433","Dry Fork of Sandy Creek","1-50 FT PRESTRESSED CONC BOX BEAM","PO","0","H01","W01"
"District 01","Livingston","37.293347382","-88.447246524","KYTC","KYTC","070B00055N","01","3","2022-06-21","2792.0","Fair","No","State","1960s","5","6","6","6","15.0","KY 1608","Bayou Creek","3-30 FT R.C.D.G. SPANS - 0 DEG SKEW","PP","0","H01","W01"
"District 01","Livingston","37.290900788","-88.449492952","KYTC","KYTC","070B00057N","01","3","2022-06-21","2792.0","Fair","No","State","1960s","5","6","6","6","15.0","KY 1608","Bayou Overflow","3-30 FT R.C.D.G. SPANS - 0 DEG SKEW","PP","0","H01","W01"
"District 01","Livingston","37.324036572","-88.298229567","KYTC","KYTC","070B00058N","01","3","2022-06-21","3215.0","Good","No","State","1960s","5","8","7","7","125.0","KY 838","Deer Creek","3-35 FT R.C.D.G. SPANS - 0 DEG SKEW","PP","0","H01","W01"
"District 01","Livingston","37.248263781","-88.481174599","KYTC","KYTC","070B00059N","01","3","2022-05-31","3577.0","Fair","No","State","1970s","5","6","7","6","165.0","KY 137","Bayou Creek","32 FT SLAB BEAM 83 FT BOX BEAM 32 FT SLAB BEAM","PP","0","H01","W01"
"District 01","Livingston","37.05036219","-88.245566453","KYTC","CONTRACT","070B00061N","01","3","2017-10-04","920.6","Good","Yes","State","1970s","1","N","N","N","30774.0","I-24","CREVASSEE CREEK","20X7X193 RC CLVT -7 FT FILL","PO","0","H01","W01"
"District 01","Livingston","37.056471796","-88.234013186","KYTC","KYTC","070B00062L","01","3","2019-08-13","5229.0","Fair","Yes","State","1970s","1","6","5","7","15387.0","I-24 WB","KY 917","35.5 - 45.5 - 35.5 CONT NON-COMP. STEEL W- BEAM SPANS","PO","0","H01","H02"
"District 01","Livingston","37.026469294","-88.259104355","KYTC","KYTC","070B00042L","01","3","2011-06-28","9905.0","Fair","No","State","1960s","4","7","6","7","1537.0","KY-453-10 NC","REEDS' HAUL ROAD AND RAI","TWIN BRIDGES (75 FT- 121.33 FT- 75 FT CONT. WELDED STEE","PO","0","H01","H02, R01"
"District 01","Livingston","37.026490338","-88.258922358","KYTC","KYTC","070B00042R","01","3","2011-06-28","11667.0","Fair","No","State","1960s","4","7","6","7","1537.0","KY-453","REEDS' HAUL ROAD AND RAI","TWIN BRIDGES (75 FT- 121.33 FT- 75 FT CONT. WELDED STEE","PO","0","H01","H02, R01"
"District 01","Livingston","37.023642047","-88.255264282","KYTC","KYTC","070B00043R","01","3","2021-02-15","7673.0","Fair","No","State","1960s","4","7","6","7","1537.0","KY-453","US 62, US 641","TWIN BRIDGES (60.5 FT- 95 FT--60.5 FT CONT. COMP. STEEL","PO","0","H01","H02, H03"
"District 01","Livingston","37.012491338","-88.242859871","KYTC","KYTC","070B00044N","01","3","2013-02-14","3197.0","Fair","No","State","Over 75","6","6","6","6","1505.0","KY 952","P&L Railway","3-36 FT R.C.D.G. SPANS - CONCRETE FLOOR - 11 DEG SKEW","PP","0","H01","R01"
"District 01","Livingston","37.059890716","-88.218797681","KYTC","KYTC","070B00063L","01","3","2019-07-30","73568.0","Fair","Yes","State","1970s","1","5","6","6","15387.0","I-24-10 NC","CUMBERLAND RIVER","216-216-216-300-420-300 NON-COMP PG SPANS -2-29 BOX ABT","PO","0","H01","W01"
"District 01","Livingston","37.040516521","-88.268490667","KYTC","KYTC","070B00064L","01","3","2019-02-12","11214.0","Fair","No","State","1970s","4","6","5","7","1537.0","KY 453","I-24 @ MP. 030.721","2-95.5 FT CONT. COMP. WPG SPANS -2-35 FT CONC BX GIRDER","PO","0","H01","H02, H03"
"District 01","Livingston","37.030353566","-88.226894772","KYTC","KYTC","070B00065N","01","3","2023-08-14","42833.0","Fair","No","State","1950s","3","7","5","6","5721.0","US-62","CUMBERLAND RIVER","175-350-175 FT CANTILEVER TRUSS SPANS(MAIN) WITH","PP","0","H01","W01"
"District 01","Livingston","37.232348628","-88.456184922","KYTC","KYTC","070B00066N","01","3","2023-03-23","3737.0","Fair","No","State","1980s","5","7","6","5","312.0","KY-137","PHELPS CREEK","37-64-35 PRECAST PRESTRESSED CONC.BOX BEAMS","PO","0","H01","W01"
"District 01","Livingston","37.056209063","-88.233983888","KYTC","KYTC","070B00062R","01","3","2019-08-13","5229.0","Fair","Yes","State","1970s","1","6","6","7","15387.0","I-24 EB","KY 917","35.5 - 45.5 - 35.5 CONT NON-COMP. STEEL W- BEAM SPANS","PO","0","H01","H02"
"District 01","Livingston","36.995617178","-88.228318818","KYTC","KYTC","070B00045N","01","3","2018-10-15","16928.0","Fair","No","State","1960s","4","6","7","8","2684.0","KY-453","P&L RAILWAY","100 FT- 150 FT- 150 FT- 100 FT CONT. WELDED GIRDER SPAN","PO","0","H01","H02, R01"
"District 01","Livingston","37.013241937","-88.246800144","KYTC","KYTC","070B00046N","01","3","2018-11-02","7313.0","Fair","No","State","1960s","4","6","7","7","2684.0","KY-453","P&L RAILWAY","61 FT- 89 FT- 61 FT CONT. STEEL WELDED GIRDER SPANS - 3","PO","0","H01","R01"
"District 01","Livingston","37.100230304","-88.237677149","KYTC","KYTC","070B00051N","01","3","2022-08-03","836.0","Fair","No","State","1950s","5","N","N","N","68.0","KY 917","Ross Creek","TRPL 14X11X38 RC CLVRT -10 FT FILL","PP","0","H01","W01"
"District 01","Livingston","37.118373008","-88.231413327","KYTC","KYTC","070B00052N","01","3","2017-10-17","1088.0","Fair","No","State","1950s","5","N","N","N","68.0","KY-917","HAZEL CREEK","TRPL 10X10X34 RC CLVT -5.5 FT FILL","PO","0","H01","W01"
"District 01","Livingston","37.141282837","-88.359231799","KYTC","KYTC","070B00068N","01","3","2023-09-21","2590.0","Fair","No","State","1980s","5","6","7","6","472.0","KY-70","FURGUSON CREEK","1-83 FT. SPREAD TYPE 3 BOX BEAMS(PREST)","PO","0","H01","W01"
"District 01","Livingston","37.130817063","-88.283194804","KYTC","KYTC","070B00070N","01","3","2023-03-23","1309.0","Poor","No","State","1970s","5","6","4","6","149.0","KY 2232","Sugar Creek","1-50 SPAN: PPC BOX BEAM TYPE 1","PO","0","H01","W01"
"District 01","Livingston","37.316113717","-88.3119053","KYTC","KYTC","070B00072N","01","3","2019-10-30","609.0","Fair","No","State","Over 75","5","N","N","N","123.0","KY-838","BR OF FOREMAN CREEK","DOUBLE 14 FT X 8 FT X 20 FT R.C. CULVERT -FILL=1.12","PO","0","H01","W01"
"District 01","Livingston","37.153507309","-88.300125822","KYTC","KYTC","070B00073N","01","3","2023-11-29","1872.0","Fair","No","State","1990s","5","6","8","6","472.0","KY-70","ANGLIN CREEK","1-78 FT PREST CONC  BOX BEAM  SPAN","PO","0","H01","W01"
"District 01","Livingston","37.246083116","-88.345384625","KYTC","CONTRACT","070B00074N","01","3","2017-10-04","1071.0","Good","No","State","1990s","3","N","N","N","2388.0","US-60","MITCHELL'S BRANCH","1- 20 X 5 X 51 FT RC BOX CULVERT","PO","0","H01","W01"
"District 01","Livingston","37.262108003","-88.270210946","KYTC","KYTC","070B00075N","01","3","2023-06-27","3346.0","Good","No","State","1990s","3","7","7","7","3394.0","US-60","SANDY CREEK","1- 68 FT.PRESTRESSED CONC I   BEAM SPAN","PO","0","H01","W01"
"District 01","Lyon","37.128359286","-88.069506809","KYTC","KYTC","072B00002N","01","3","2022-06-16","1118.0","Fair","No","State","Over 75","3","5","6","5","3046.0","US-641","BRANCH OF SKINFRAME CRK","1-40 FT R.C.D.G. SPAN","PO","0","H01","W01"
"District 01","Lyon","37.134541894","-88.067917057","KYTC","KYTC","072B00003N","01","3","2024-04-29","2065.0","Fair","No","State","Over 75","3","5","5","5","3046.0","US-641","SKINFRAME CREEK","2-36 FT R.C.D.G. SPANS - 30 DEG SKEW","PP","0","H01","W01"
"District 01","Livingston","37.208642522","-88.290183327","County","KYTC","070C00001N","02","3","2023-08-06","755.0","Poor","No","Local","Over 75","","5","4","4","273.0","Cobb Road","Sandy Creek","1-22 & 1-22.5 FT CONT.W-F BMS/CONC.DECK.","PP","0","H01","W01"
"District 01","Livingston","37.38858409","-88.313559943","County","KYTC","070C00004N","02","3","2022-08-03","1357.0","Fair","No","Local","1970s","","6","6","6","17.0","Barnett Chapel Rd","Deer Creek","1-87 FT. SPAN - PPC TYPE 3 BOX BEAMS","PP","0","H01","W01"
"District 01","Livingston","37.172059131","-88.342446259","County","KYTC","070C00018N","02","3","2025-05-16","586.0","Poor","No","Local","1960s","","6","3","4","71.0","Vicksburg Road","Smith Creek","1-26.5 FT. SPAN: PPC TYPE 2 SLAB BEAM","PP","0","H01","W01"
"District 01","Livingston","37.147398845","-88.342776614","KYTC","KYTC","070B00077N","01","3","2024-11-22","2110.0","Good","No","State","1990s","5","7","7","7","472.0","KY 70","Dunn Creek","1-54SPREAD - PRESTRESSED CONC BOX BEAM SPANS","PO","0","H01","W01"
"District 01","Livingston","37.170720608","-88.351513885","County","KYTC","070C00019N","02","3","2018-03-26","671.0","Fair","No","Local","1970s","","6","6","6","29.0","BID SOUTHERN RD","SMITH CREEK","1-28 FT. SPAN: STEEL I-BEAMS","PP-T","0","H01","W01"
"District 01","Livingston","37.250357463","-88.408435136","County","KYTC","070C00031N","02","3","2022-01-10","1141.0","Fair","No","Local","1980s","","5","6","5","16.0","Duley Road","Bayou Creek","1-60 FT STEEL STRINGER SPAN W/ CONC. FLOOR","PP","0","H01","W01"
"District 01","Livingston","37.20882278","-88.201433701","County","KYTC","070C00038N","02","3","2024-06-27","4706.0","Poor","No","Local","1960s","","4","4","3","440.0","Shelby Road","Claylick Creek","42-105-42  PRESTRESSED CONC BOX BEAM SPANS","PP","0","H01","W01"
"District 01","Livingston","37.026223782","-88.231608081","County","KYTC","070C00039N","02","3","2024-04-12","637.0","Fair","No","Local","1980s","","6","6","6","366.0","DEPOT RD","BR-CUMBERLAND RIVER","1-30 FT PRESTSSED CONC BOX BEAM SPAN","PO","0","H01","W01"
"District 01","Livingston","37.342774633","-88.304148137","County","KYTC","070C00040N","02","3","2022-09-27","466.0","Fair","No","Local","1980s","","6","5","6","33.0","Slocum Road","Turkey Creek","1-26 FT.      RCDG SPAN","PO","0","H01","W01"
"District 01","Livingston","37.154103896","-88.305209585","County","KYTC","070C00042N","02","3","2024-07-09","1228.0","Good","No","Local","1990s","","7","7","7","109.0","VAUGHN RD","HICKORY CREEK","1-50 FT PREST CONC DECK UNIT                  REPL C12","PO","0","H01","W01"
"District 01","Livingston","37.246481461","-88.406943505","County","KYTC","070C00043N","02","3","2024-07-09","871.0","Fair","No","Local","1990s","","7","7","6","16.0","Duley Road","Branch of Bayou Creek","1- 54 FT PRESTRESSED CONCRETE BOX BEAM SPAN (HYDRO)","PO","0","H01","W01"
"District 01","Livingston","37.243373633","-88.319081276","County","KYTC","070C00045N","02","3","2016-05-18","815.0","Good","No","Local","1990s","","7","7","7","62.0","Klondike Mine Road","Dry Fork - Sandy Creek","12 - 18 - 12 FT TREATED TIMBER SPANS","PP","0","H01","W01"
"District 01","Livingston","37.261921522","-88.280609902","County","KYTC","070C00047N","02","3","2024-07-09","613.0","Good","No","Local","1990s","","7","7","7","61.0","HODGE RD","LIVINGSTON CREEK","1- 38 FT PRESTRESSED CONCRETE BOX BEAM SPAN(HYDRO-WILKN","PO","0","H01","W01"
"District 01","Livingston","37.136409759","-88.316899166","County","KYTC","070C00048N","02","3","2025-05-14","1056.0","Poor","No","Local","1990s","","7","7","4","20.0","LINLEY RD","HICKORY CREEK","1- 44 FT PRESTESSED CONCRETE BOX BEAM SPAN","PP","0","H01","W01"
"District 01","Livingston","37.250438774","-88.278557436","County","KYTC","070C00049N","02","3","2022-05-16","1298.0","Fair","No","Local","1990s","","7","6","7","61.0","HODGE RD","SANDY CREEK","1- 54 FT PRESTRESSED CONCRETE BOX BEAM SPAN","PO","0","H01","W01"
"District 01","Livingston","37.266739655","-88.384545675","County","KYTC","070C00050N","02","3","2018-02-08","634.0","Fair","No","Local","1990s","","5","5","5","7.0","Bayou Creek Road","Bayou Creek","1-32 FT TIMBER CREOSOTE BEAM SPAN","PP","0","H01","W01"
"District 01","Livingston","37.092207646","-88.319458119","County","KYTC","070C00051N","02","3","2025-05-14","377.0","Poor","No","Local","1990s","","4","5","3","70.0","Rednour Road","Gum Springs Branch","1-28 SIMPLE SPAN-CONC.DECK-STEEL STRINGERS REPL.C23","PP","0","H01","W01"
"District 01","Livingston","37.100525289","-88.245330576","County","KYTC","070C00052N","02","3","2024-07-09","871.0","Good","No","Local","1990s","","7","7","7","31.0","VANHOOSER RD","RICHLAND CREEK","1 - 54 PPCDU HYDRO CONDUIT REPL. NO.C14","PO","0","H01","W01"
"District 01","Livingston","37.009379473","-88.230854747","County","KYTC","070C00053N","02","3","2023-06-27","6129.0","Good","No","Local","1990s","","7","8","8","447.0","BARKLEY DR","P&L RAILROAD","14-20-15 FT. PRESTRESSED CONC BOX BEAM SPANS-CONT.","PO","0","H01","R01"
"District 01","Livingston","37.307985045","-88.320284618","County","KYTC","070C00054N","02","3","2018-02-08","776.0","Fair","No","Local","2000s","","7","6","7","17.0","Bonanza Road","Foreman Creek","2- 20 FT CREOSOTE TREATED TIMBER SPANS","PP","0","H01","W01"
"District 01","Livingston","37.366265496","-88.318022796","County","KYTC","070C00055N","02","3","2018-02-08","611.0","Fair","No","Local","2000s","","6","6","6","37.0","Slocum Road","Branch-Deer Creek","1-26 FT SIMPLE CREOSOTE TREATED TIMBER SPAN","PP","0","H01","W01"
"District 01","Livingston","37.273403431","-88.378332564","County","KYTC","070C00056N","02","3","2023-09-11","792.0","Fair","No","Local","2000s","","6","6","6","12.0","Bayou Creek Road","Branch of Bayou Creek","1 -- 32 FT. PRECAST CONCRETE CHANNEL BEAM SPAN.","PP","0","H01","W01"
"District 01","Livingston","37.225123","-88.310605","County","KYTC","070C00057N","02","3","2018-02-08","751.0","Fair","No","Local","2000s","","5","6","5","29.0","Parker Road","Dry Fork of Sandy Creek","1 -- 38 FT. SIMPLE CREOSOTE TREATED TIMBER SPAN.","PP","0","H01","W01"
"District 01","Calloway","36.500693","-88.38786","County","CONTRACT","018C00152N","02","3","2021-01-04","414.0","Fair","No","Local","1970s","","N","N","N","273.0","STATE LINE RD WEST","PLESANT GROVE CREEK","DBL 11' X 7.5' X 57' CORR. METAL PIPES","PP","0","H01","W01"
"District 01","Calloway","36.735512","-88.38628","County","KYTC","018C00153N","02","3","2019-07-09","705.0","Fair","No","Local","1970s","","5","5","5","273.0","MT. CARMEL RD","N. FORK OF DUNCAN CREEK","1 - 30' STEEL I-BEAM SPAN 30 DEG SK","PP","0","H01","W01"
"District 01","Graves","36.716114","-88.62374","KYTC","KYTC","042B00286N","01","3","2025-03-12","7697.0","Good","No","State","2010s","3","7","8","8","3242.0","KY 80","Kess Creek","82'-81/4"" PPC I Beam, Type 4","PO","0","H01","W01"
"District 01","Marshall","36.920195005","-88.271103419","KYTC","KYTC","079B00078N","01","3","2016-08-04","1010.5","Fair","No","State","Over 75","5","N","N","N","750.0","KY-1422","LITTLE BEAR CREEK","TRPL 12X5X22 RC CLVT -1.5 FT FILL","PO","0","H01","W01"
"District 01","Lyon","37.128962","-88.086713","County","KYTC","072C00028N","02","3","2016-05-12","2107.0","Good","No","Local","2010s","","8","8","8","68.0","Bennett Jones Rd","Skinframe Creek","1- 86' PRECAST PRESTRESSED CONC BOX BEAMS","PO","0","H01","W01"
"District 01","Graves","36.693141","-88.614389","KYTC","KYTC","042B00288N","01","3","2023-09-21","3268.0","Good","No","State","2010s","4","7","7","8","3182.0","KY 97","Torian Creek","76' long 20 deg skew","PO","0","H01","W01"
"District 01","McCracken","37.033929","-88.524084","KYTC","CONTRACT","073B00173N","01","3","2017-06-09","257562.0","Fair","No","State","2010s","3","8","5","8","6423.0","US-60","Tennessee RVR/P&L RR","Through truss with concrete PPC I-beam approach","PO","0","H01","R01, W01"
"District 01","Crittenden","37.416831","-88.066459","County","KYTC","028C00075N","02","3","2020-01-13","2333.0","Fair","No","Local","2010s","","7","8","6","273.0","TURKEY KNOB(CR1086","CROOKED CREEK","1-96' PRECAST PRESTRESSED CONC. BOX BEAM SPAN","PO","0","H01","W01"
"District 01","Calloway","36.670793","-88.168845","County","CONTRACT","018C00151N","02","3","2020-10-29","608.0","Good","No","Local","2010s","","N","N","N","301.0","Faxon Rd(CR-1021)","SUGAR CREEK","32.3  X 10.4 X 40.9' SINGLE BARREL ALUMINUM CULVERT","PO","0","H01","W01"
"District 01","Marshall","36.878626874","-88.359255258","KYTC","KYTC","079B00075L","01","3","2024-09-26","9108.0","Fair","Yes","State","1960s","1","5","7","6","7632.0","I-69 NC","CLARKS RIVER RELIEF","TWIN BRIDGES (6-48 FT CONT. PRESTRESSED CONC SPANS, 0 D","PP","0","H01","W01"
"District 01","Crittenden","37.413692","-88.095871","County","KYTC","028C00076N","02","3","2022-08-03","410.85","Fair","No","Local","1950s","","N","N","N","273.0","FORDS FERRY ROAD","UNNAMED STREAM","DBL. 12' X 6' X 45'  CONCRETE CULVERT","PP","0","H01","W01"
"District 01","Hickman","36.65442","-88.998906","KYTC","KYTC","053B00107N","01","3","2025-05-05","5452.0","Good","No","State","2010s","5","7","7","8","633.0","KY 1037","C&N RAILWAY","188' 3 SPAN PCIB TYPE 3 HL-93 LIVE LOAD","PO","0","H01","R01"
"District 01","Marshall","36.990902","-88.340161","KYTC","KYTC","079B00160N","01","3","2023-09-25","19856.0","Good","Yes","State","2010s","1","7","7","8","29678.0","I-24 EB","I-69 SB","130' PPC I-Beam, Type 6,Simple Span","PO","0","H01","H02"
"District 01","Calloway","36.742805","-88.468004","County","KYTC","018C00154N","02","3","2017-07-27","861.0","Good","No","Local","2010s","","N","N","N","21.0","SMITH RD","SMITH BRANCH","DBL 10' X 6' X 41'  CONCRETE BOX CULVERT","PO","0","H01","W01"
"District 01","Marshall","36.770933","-88.132633","KYTC","CONTRACT","079B00153N","01","3","2021-01-19","37376.0","Good","Yes","State","2010s","3","7","7","8","2646.0","U.S 68/80_","KY LAKE","180', 220', 180' CONTINUOUS WELDED STEEL PLATE GIRDER","PO","0","H01","W01"
"District 01","Graves","36.75567","-88.787046","OTHER","KYTC","042C00328N","27","3","2016-11-30","4032.0","Good","No","Local","2010s","","7","8","8","273.0","LEWIS RD (CR-1381)","IC RAILROAD","49.5' - 90' - 49.5' TYPE 3 PCI BEAM BRIDGE CONTINUOUS","PO","0","H01","R01"
"District 01","Calloway","36.506927778","-88.248427778","County","KYTC","018C00158N","02","3","2017-12-06","465.0","Fair","No","Local","1970s","","6","6","6","273.0","Mooney Lane","McCullough Fork","1 - 30' STEEL BEAM SPAN WITH GRID DECK","PP","0","H01","W01"
"District 01","McCracken","37.088126","-88.729854","KYTC","KYTC","073B00174N","01","3","2015-03-03","3795.0","Good","No","State","2010s","4","8","8","8","3367.0","KY-305_","MASSAC CREEK_","110' PCIB TYPE HN 42-49 SIMPLE SPAN","PO","0","H01","W01"
"District 01","Graves","36.900833333","-88.584444444","County","CONTRACT","042C00332N","02","3","2020-10-29","603.2","Good","No","Local","2010s","","N","N","N","32.0","Duffy Rd.(CR-1046)","Br. W. Fk. Clarks River","23.2' X 6.9' X 28.5' ALUMINUM BOX CULVERT","PO","0","H01","W01"
"District 01","Graves","36.938983","-88.687525","KYTC","CONTRACT","042B00294N","01","3","2020-10-29","450.0","Good","No","State","2010s","5","N","N","N","574.0","KY 1820_","BRANCH OF MAYFIELD CREEK","20' 3"" SPAN X 8' 5"" RISE ALUMINUM BOX CULVERT","PO","0","H01","W01"
"District 01","Marshall","36.871683","-88.363864","KYTC","KYTC","079B00154N","01","3","2017-02-15","3519.0","Good","Yes","State","2010s","1","7","8","8","2773.0","INTERSTATE 69","UNNAMED GRAVEL ACCESS","103' PCI BEAM TYPE 4,SINGLE SPAN","PO","0","H01","X01"
"District 01","Marshall","37.030430556","-88.3558","City","CONTRACT","079C00098N","04","3","2021-01-04","619.65","Good","No","Local","2010s","","N","N","N","273.0","W 2ND AVE(CS-2086)","UNNAMED STREAM","20.9' X 6' X 27.25' METAL CULVERT","PP","0","H01","W01"
"District 01","Graves","36.606291","-88.542162","KYTC","KYTC","042B00293N","01","3","2023-09-20","1752.0","Good","No","State","2010s","4","8","8","8","1681.0","KY-97","LEACH CREEK_","53' ~ 54' PPC BOX BEAM 45 DEGREE SK.RT.","PO","0","H01","W01"
"District 01","Graves","36.782242","-88.730074","County","KYTC","042C00331N","02","3","2018-10-11","1949.0","Good","No","Local","2010s","","8","8","8","147.0","SULLIVAN RD.","W. FK MAYFIELD CREEK","1 - 96' CONCRETE BOX BEAM SPAN","PO","0","H01","W01"
"District 01","McCracken","36.946066","-88.582571","KYTC","KYTC","073B00175N","01","3","2023-09-21","2838.0","Good","No","State","2010s","4","8","7","8","1238.0","KY 348_","Camp Creek_","26'-6"" - 33'-0"" - 26'-6"" SB 12 Continuous for Live Load","PP","0","H01","W01"
"District 01","Fulton","36.531534356","-88.866673879","County","KYTC","038C00028N","02","3","2017-04-19","940.0","Good","No","Local","2010s","","8","7","8","85.0","Holland Lane","Br ofHarris Fk Creek","37.5' PRECAST PREST CONC BOX BEAM (SPREAD)","PO","0","H01","W01"
"District 01","McCracken","36.985345","-88.817164","KYTC","KYTC","073B00177N","01","3","2023-09-21","1742.0","Good","No","State","2010s","4","7","7","8","3743.0","US 62","SUGG CREEK","48' 6"" SIMPLE SPAN ~ SB17 PPC BOX BEAM","PO","0","H01","W01"
"District 01","Graves","36.860169","-88.729133","KYTC","KYTC","042B00289N","01","3","2023-09-21","4318.0","Good","No","State","2010s","5","8","8","8","490.0","KY-945","Wilson Creek","Bridge over Wilson Creek","PO","0","H01","W01"
"District 01","Crittenden","37.510408","-88.019972","County","KYTC","028C00077N","02","3","2022-02-11","800.0","Fair","No","Local","2010s","","8","6","8","77.0","BELLS MINE ROAD","CANEY BRANCH","1 - 40' STEEL I-BEAM SPAN","PP","0","H01","W01"
"District 01","Calloway","36.61989","-88.255103","KYTC","KYTC","018B00140N","01","3","2023-09-20","2077.0","Good","No","State","2010s","5","8","7","8","742.0","KY 1536","E Fk of Clayton Creek","","PO","0","H01","W01"
"District 01","Livingston","37.123705","-88.388151","KYTC","KYTC","070B00083N","01","3","2016-09-27","1904.4","Good","No","State","2010s","4","N","N","N","1335.0","KY 453_","ECHO SPRING BRANCH_","SINGLE 24' X 5' X 151' CULVERT 63 DEGREE 2'16"" LT. SKEW","PO","0","H01","W01"
"District 01","Graves","36.550856","-88.542758","County","KYTC","042C00329N","02","3","2016-11-28","1536.0","Good","No","Local","2010s","","8","8","7","18.0","CANTER PIT RD","CALDWELL CREEK","1-62.5' PRECAST PRESTRESSED CONC. BOX BEAM SPAN","PO","0","H01","W01"
"District 01","Hickman","36.76488","-89.091939","County","KYTC","053C00071N","02","3","2020-01-08","576.0","Fair","No","Local","2010s","","8","6","8","273.0","COSBY RD.","BR OF BOWLES CREEK","1 - 24' PRECAST PRESTRESSED CONCRETE BOX BEAM SPAN","PO","0","H01","W01"
"District 01","Graves","36.739162","-88.667556","KYTC","KYTC","042B00292N","01","3","2023-09-25","10574.0","Good","No","State","2010s","3","7","8","7","4989.0","KY 80","I-69","2-106' PPC I-BEAMS CONT. 23"" 25' 47"" SK. RT.","PO","0","H01","H02, H03"
"District 01","Livingston","37.081305","-88.396866","KYTC","KYTC","070B00085N","01","3","2023-01-06","2600.0","Good","No","State","2010s","4","8","8","8","1223.0","KY-937","LEE CREEK","90' 6"" PPC I-BEAM HN 36 - 49, SIMPLE SPAN","PO","0","H01","W01"
"District 01","Ballard","37.15253","-88.937419","KYTC","KYTC","004B00068N","01","3","2024-11-20","2727.0","Good","No","State","2010s","5","7","8","8","203.0","KY 358","Clanton Creek","32', 34', 32' 3~PCCB TYPE  CONTINUOUS 0 DEGREE SK.","PP","0","H01","W01"
"District 01","Graves","36.779360517","-88.536431363","County","CONTRACT","042C00330N","02","3","2020-10-29","328.9","Good","No","Local","2010s","","N","N","N","273.0","BITTERSWEET ROAD","PRYOR BR. OF PANTHER CR.","1-25.3' STEEL CULVERT","PO","0","H01","W01"
"District 01","Graves","36.684046","-88.708939","KYTC","KYTC","042B00290N","01","3","2023-09-21","2175.0","Good","No","State","2010s","5","7","7","7","327.0","KY-1748","BRANCH OF OBION CREEK_","1- 20' 1- 35' 1- 20' PRECAST CONCRETE BOX BEAM (SPREAD)","PP","0","H01","W01"
"District 01","Marshall","37.001311","-88.471728","County","KYTC","079C00096N","02","3","2015-07-21","932.0","Good","No","Local","2010s","","8","8","8","199.0","OLD CALVERT CITY","WHITE OAK CREEK","1 - 40' TIMBER SLAB PANEL-LAM BRIDGE","PP","0","H01","W01"
"District 01","Crittenden","37.41192318","-87.973955083","County","KYTC","028C00078N","02","3","2022-02-17","640.0","Fair","No","Local","2010s","","6","7","8","273.0","WHITES RD. CR-1048","CANEY FORK CREEK","1 - 30' STEEL I-BEAM SPAN","PP-T","0","H01","W01"
"District 01","Calloway","36.502957","-88.254615","KYTC","KYTC","018B00141N","01","3","2017-07-27","1472.0","Fair","No","State","2010s","5","N","N","N","504.0","KY-893","McCullough Fork","SINGLE 20' X 8' X 52' R.C.B.C. 45 DEGREE RIGHT SKEW","PO","0","H01","W01"
"District 01","Hickman","36.690836905","-89.02385604","KYTC","KYTC","053B00038N","01","3","2022-09-22","1951.0","Fair","No","State","Over 75","4","7","6","6","627.0","KY-58","CANE CREEK","2-45 FT RCDG SPANS","PO","0","H01","W01"
"District 01","Marshall","36.772653","-88.120271","KYTC","CONTRACT","079B00152N","01","3","2021-01-21","271908.0","Good","Yes","State","2010s","3","8","8","8","2646.0","U.S. 68/80","TENN.RIVER/KY LAKE","550' Network Tied Arch w/steel plate girder approaches","PO","0","H01","W01"
"District 01","Hickman","36.610641","-88.871454","KYTC","KYTC","053B00109N","01","3","2023-09-21","6672.0","Good","No","State","2010s","4","7","8","8","726.0","KY-307_","OVERFLOW BAYOU DU CHIEN_","1-55' 1-60' 1-55' CONCRETE BOX BEAM (SPREAD)","PO","0","H01","W01"
"District 01","Hickman","36.612539","-88.871401","KYTC","KYTC","053B00110N","01","3","2023-09-21","4466.0","Good","No","State","2010s","4","8","7","8","726.0","KY-307_","BAYOU DU CHIEN CREEK_","1-25' 1-60' 1-25' CONCRETE BOX BEAM(SPREAD)","PA","0","H01","W01"
"District 01","McCracken","36.98894","-88.75544","KYTC","CONTRACT","073B00169N","01","3","2017-10-04","668.82","Good","No","State","2000s","5","N","N","N","191.0","KY 1438","UNNAMED STREAM","16' X 7' X 140' RC BOX CULVERT","PO","0","H01","W01"
"District 01","Graves","36.704815","-88.53303","County","KYTC","042C00320N","02","3","2019-04-12","845.0","Fair","No","Local","2000s","","6","6","6","34.0","USHER ROAD","VULTON CREEK","1-36.5' STEEL I-BEAM SPAN","PP","0","H01","W01"
"District 01","Graves","36.697194","-88.58756","County","KYTC","042C00321N","02","3","2024-04-26","2377.0","Good","No","Local","2000s","","8","8","8","204.0","HAYES SCHOOL RD.","OVER LITTLE MAYFIELD CR.","1-97' PRECAST PRESTRESSED CONC. BOX BEAMS","PO","0","H01","W01"
"District 01","McCracken","37.093111","-88.737236","KYTC","KYTC","073B00170N","01","3","2023-09-21","3085.0","Good","No","State","2000s","6","8","7","8","163.0","KY. 1565","OVER MASSAC CREEK","96.5' PRECAST PREST. CONC. BOX BEAMS SPREAD","PO","0","H01","W01"
"District 01","Graves","36.713727","-88.615846","KYTC","KYTC","042B00277L","01","3","2025-03-21","10935.0","Good","Yes","State","2000s","3","7","8","7","6030.0","KY-80","MAYFIELD CREEK OVERFLOW","80'-80'-80' PPCI BEAM TY3 CONT","PO","0","H01","W01"
"District 01","Graves","36.712799","-88.613517","KYTC","KYTC","042B00278R","01","3","2025-03-21","8652.0","Good","Yes","State","2000s","3","7","7","7","6030.0","KY-80","MAYFIELD CREEK OVERFLOW","94' - 94' PPCI-BEAM TY. 4  CONT.","PO","0","H01","W01"
"District 01","Graves","36.713562","-88.615909","KYTC","KYTC","042B00277R","01","3","2025-03-21","10935.0","Fair","Yes","State","2000s","3","7","6","7","6030.0","KY-80","MAYFIELD CREEK OVERFLOW","80'-80'-80' PPCI BEAM TY3 CONT","PO","0","H01","W01"
"District 01","Graves","36.711825","-88.610789","KYTC","KYTC","042B00279R","01","3","2022-09-06","12023.0","Fair","Yes","State","2000s","3","7","6","7","6030.0","KY-80","MAYFIELD CREEK","67' - 125' - 67' PPCI-BEAM SPAN TY. 5 CONT.","PO","0","H01","W01"
"District 01","Calloway","36.500568","-88.341138","KYTC","KYTC","018B00135N","01","3","2023-09-20","2702.0","Good","No","State","2000s","5","7","8","8","480.0","KY-893","Over Dry Creek","72' 6 1/2"" PPC Box Beam","PO","0","H01","W01"
"District 01","Trigg","36.840559","-87.777787","KYTC","KYTC","111B00060N","01","3","2024-10-14","18698.0","Good","No","State","2000s","5","7","7","7","933.0","KY-272","Over Little River","","PO","0","H01","W01"
"District 01","Calloway","36.722951","-88.472609","County","CONTRACT","018C00140N","02","3","2021-01-04","476.7","Fair","No","Local","2000s","","N","N","N","27.0","DOORES TRAIL","EDWARDS BRANCH","21' X 12' X 78' CORR. STEEL CULVERT","PP","0","H01","W01"
"District 01","Graves","36.668652","-88.495527","KYTC","KYTC","042B00280L","01","3","2025-03-24","5040.0","Good","Yes","State","2000s","3","7","7","7","3117.0","KY-80","MINNOW BRANCH","1-107' PPCI-BEAM SPAN TY. 5","PO","0","H01","W01"
"District 01","Graves","36.701278","-88.590323","KYTC","CONTRACT","042B00281N","01","3","2017-10-18","10795.0","Good","Yes","State","2000s","3","N","N","N","12060.0","KY-80","BR OF LITTLE MAYFLD CRK","DBL 12' X 5' X 312' RC CULVERT","PO","0","H01","W01"
"District 01","Calloway","36.660523","-88.470228","KYTC","KYTC","018B00134R","01","3","2025-01-29","9180.0","Good","Yes","State","2000s","3","7","8","7","3317.0","KY-80","SAND LICK BRANCH","91' - 91' PPCI-BEAM TY. 5 CONT.","PO","0","H01","W01"
"District 01","Hickman","36.588623","-88.816721","KYTC","KYTC","053B00102N","01","3","2023-09-21","7690.0","Fair","No","State","1960s","5","7","7","6","202.0","KY-1283","JACKSON PURCHASE PARKWAY","266.08 Foot-2 Span Prestressed Concrete Cont. Box Beam","PO","0","H01","H02, H03"
"District 01","McCracken","37.11499004","-88.629047393","KYTC","KYTC","073B00001N","01","3","2022-08-03","108402.0","Poor","No","State","Over 75","4","5","4","5","4520.0","US-45","OHIO RIVER","1-226,3-396,1-514,4-396,1-716STEEL TRUSSPANS","PP","0","H01","W01"
"District 01","McCracken","36.979144","-88.810321","County","KYTC","073C00083N","02","3","2024-07-09","1104.0","Good","No","Local","1980s","","8","7","8","69.0","WOMBEL ROAD","BRANCH OF SUGAR CREEK","1-48' PRECAST PRESTRESSED CONC. BOX BEAMS","PO","0","H01","W01"
"District 01","Calloway","36.514941","-88.328592","County","KYTC","018C00143N","02","3","2009-08-11","662.0","Fair","No","Local","1980s","","6","6","6","273.0","BRANDON ROAD","BRUSHY CREEK","1 - 30' STEEL BEAM SPAN","PO","0","H01","W01"
"District 01","Carlisle","36.787144422","-89.020667836","KYTC","KYTC","020B00068N","01","3","2025-01-21","672.0","Poor","No","State","2000s","4","6","4","4","491.0","KY-80","LONG CREEK","1-28 ft. steel I beam-girder","PP","0","H01","W01"
"District 01","Graves","36.7675","-88.786944444","County","KYTC","042C00333N","02","3","2018-01-04","4625.0","Good","No","Local","2010s","","8","8","8","273.0","RULE SHACK RD.","IC RAILROAD","45' - 92' - 45' PCI BEAM SPAN CONTINUOUS","PO","0","H01","R01"
"District 01","McCracken","37.141498566","-88.833396912","KYTC","KYTC","073B00171N","01","3","2023-06-27","1581.0","Good","No","State","2010s","6","8","8","8","82.0","KY-1321","BRUSHY CREEK","49.5' PPC Box Beam","PO","0","H01","W01"
"District 01","Marshall","36.848251783","-88.379231245","KYTC","KYTC","079B00144R","01","3","2021-02-03","7397.0","Good","Yes","State","1990s","3","7","7","7","3946.0","US-641S","I-69 (Purchase PKWY)","2-114 CONT - PRESTRESSED CONC I BEAM SPANS","PO","0","H01","H02, H03, H04"
"District 01","Calloway","36.544736","-88.353008","County","KYTC","018C00141N","02","3","2018-01-19","632.0","Fair","No","Local","1970s","","6","5","6","88.0","PHILLIPS ROAD","PLEASANT GROVE CREEK","1 - 24' SIMPLE STEEL I-BEAM SPAN","PP","0","H01","W01"
"District 01","McCracken","37.007962","-88.752731","County","KYTC","073C00079N","02","3","2022-08-03","1584.0","Good","No","Local","2000s","","7","8","8","142.0","NEW HOPE CH. RD.","Br. Mid. Fork Massac Ck.","1-54 FT. SPAN: PRECAST PRESTRESSED CONC. BOX BEAMS","PP","0","H01","W01"
"District 01","McCracken","37.060088","-88.665484","City","KYTC","073C00080N","04","3","2016-10-07","857.99","Good","No","Local","2000s","","N","N","N","7587.0","PECAN DR. (1487)","CROOKED CREEK","22 FT.X 11 FT.X 88 FT. - RC CLVRT - 3 FT. FILL OVER","PO","0","H01","W01"
"District 01","McCracken","37.06785","-88.677646","City","KYTC","073C00081N","04","3","2025-04-30","5639.0","Good","No","Local","2000s","","7","8","8","10952.0","PECAN DR. (1487)","CROOKED CREEK","1 - 133 FT. PCIB SPAN","PO","0","H01","W01"
"District 01","Calloway","36.7275","-88.34","County","CONTRACT","018C00165N","02","3","2020-12-22","960.0","Good","No","Local","2020s","","8","7","8","21.0","Kelly Road","Wades Creek","38'-6"" B21x48 Box Beam - Simple Span","PO","0","H01","W01"
"District 01","Graves","36.909067","-88.773149","County","KYTC","042C00319N","02","3","2008-04-10","841.0","Fair","No","Local","2000s","","5","6","6","80.0","LAWRENCE","Fork of Bayou duChien Cr","1 - 41 FT. SIMPLE STEEL BM. SPAN W/DGA/CORR. METAL DECK","PO","0","H01","W01"
"District 01","Carlisle","36.83898","-88.902525","County","KYTC","020C00050N","02","3","2024-02-13","2119.0","Fair","No","Local","1980s","","6","5","6","44.0","LOWER BOTTOM ROAD","WEST FORK MAYFIELD CREEK","1-60' & 1-39'  PRECAST PRESTR. CONC. BOX BEAMS","PP","0","H01","W01"
"District 01","Lyon","37.079643","-88.036846","County","KYTC","072C00025N","02","3","2015-05-28","634.0","Fair","No","Local","1990s","","6","6","6","124.0","LADD ROAD","LICK CREEK","1-31' TIMBER SLAB BEAM SPAN W/AC OVERLAY","PP","0","H01","W01"
"District 01","Carlisle","36.872801","-89.013009","City","KYTC","020C00055N","04","3","2021-07-21","1278.0","Fair","No","Local","2010s","","6","7","6","218.0","JENNINGS ST.","TOWN BRANCH","10' - 40' - 10'  PANEL-LAM TIMBER SPANS","PP","0","H01","W01"
"District 01","Hickman","36.715057","-88.981547","KYTC","KYTC","053B00105N","01","3","2025-04-08","2472.0","Good","No","State","2000s","5","8","8","7","114.0","KY 2206","Brush Creek","84' PPC I-Beam Type 4~Simple Span","PO","0","H01","W01"
"District 01","Hickman","36.715653","-88.98153","KYTC","KYTC","053B00106N","01","3","2025-05-08","1269.0","Good","No","State","2000s","5","7","8","8","114.0","KY 2206","Branch of Brush Creek","42' PPC I Beam Type 3~Simple Span","PO","0","H01","W01"
"District 01","Carlisle","36.884336658","-88.86750984","County","KYTC","020C00045N","02","3","2024-03-26","1069.0","Good","No","Local","1990s","","8","8","8","143.0","MAYFIELD CHURCH RD","LICK CREEK","1- 44 FT PRESTRESSED CONCRETE BOX BEAM SPAN","PP","0","H01","W01"
"District 01","Carlisle","36.891970745","-88.865045728","County","KYTC","020C00046N","02","3","2024-04-26","1098.0","Good","No","Local","1990s","","7","7","7","81.0","HARRISON ROAD","LICK CREEK","1 - 54 FT. PRESTRESSED CONC BOX BEAM  SPANS  HYDRO","PO","0","H01","W01"
"District 01","Carlisle","36.814207934","-89.019362176","County","KYTC","020C00047N","02","3","2018-02-06","852.0","Fair","No","Local","1990s","","6","6","6","37.0","JENNINGS ROAD","BRANCH OF CANEY CREEK","2-18 CREOSOTE TREATED TIMBER SPANS","PP","0","H01","W01"
"District 01","Carlisle","36.841979441","-88.905334762","County","KYTC","020C00049N","02","3","2024-04-26","1872.0","Fair","No","Local","2000s","","5","8","5","67.0","LARRY REDDICK RD.","OVER W. FK. MAYFIELD CR.","1 -- 76-0 PRESTRESSED CONCRETE BOX BEAM SPAN.","PO","0","H01","W01"
"District 01","Trigg","36.778123446","-87.721947836","KYTC","KYTC","111B00052N","01","3","2025-06-18","2700.0","Poor","No","State","1980s","5","6","6","4","213.0","KY-1253","LITTLE RIVER","1-100 FT. PREST. PRECAST CONC. BOX BEAM- TYPE 3","PP","0","H01","W01"
"District 01","Trigg","36.79439622","-87.771055206","KYTC","KYTC","111B00053N","01","3","2023-02-27","1066.0","Fair","No","State","1980s","5","6","6","6","402.0","KY-525","GRISBY CREEK","1- 44 FT. PRESTRESSED CONC. BOX BEAM","PO","0","H01","W01"
"District 01","Trigg","36.904808984","-87.864258897","KYTC","CONTRACT","111B00055N","01","3","2025-02-11","6612.0","Fair","No","State","1960s","5","6","6","6","612.0","KY-778","MUDDY FORK LITTLE RIVER","70FT-100FT-70FT CONT RCDG SPANS 0 DEG SKEW","PP","0","H01","W01"
"District 01","Trigg","36.725157744","-87.733521487","KYTC","KYTC","111B00056N","01","3","2023-11-29","2464.0","Poor","No","State","1980s","4","7","6","4","767.0","KY-164","CASEY CREEK","1-88 FT PREST CONC BOX BEAMS","PO","0","H01","W01"
"District 01","Lyon","37.0795","-88.04293","County","KYTC","072C00023N","02","3","2021-07-20","700.0","Fair","No","Local","1990s","","6","6","6","217.0","TITUS ROAD","LICK CREEK","2 - 18 TIMBER BEAM SPANS","PP","0","H01","W01"
"District 01","McCracken","37.10301611","-88.632757319","KYTC","KYTC","073B00002N","01","3","2022-07-08","18348.0","Fair","No","State","Over 75","4","6","6","5","4520.0","U.S. 45/8th Street","OHIO RIVER OVERFLOW","2-31.8,6-31.1, & 12-33 FT. RCDG SPANS","PP","0","H01","W01"
"District 01","Trigg","36.852887","-87.817258","KYTC","KYTC","111B00058N","01","3","2024-12-26","30650.0","Good","Yes","State","1990s","3","7","7","7","6920.0","US-68","LITTLE RIVER","105-107-107-107-107-105 CONT PCIB SPANS TY-4 MODD.66","PO","0","H01","W01"
"District 01","Trigg","36.91405584","-87.844382375","KYTC","KYTC","111B00059N","01","3","2016-06-13","13631.0","Good","No","State","2000s","4","7","7","7","2041.0","KY-139","OVER MUDDY FORK BRANCH","2-48 & 2-109 PC I-BEAM TY.4 CONT.","PO","0","H01","W01"
"District 01","Trigg","36.863663711","-87.688106372","County","KYTC","111C00005N","02","3","2022-04-25","782.0","Poor","No","Local","1970s","","7","2","7","95.0","OLD HOPKINSVILLE","STEELE BRANCH","1-29.8 FT. SPAN: TYPE 2 PPC DECK SLAB BEAMS","C","0","H01","W01"
"District 01","Trigg","36.981647405","-87.739033312","County","KYTC","111C00007N","02","3","2024-08-28","686.0","Fair","No","Local","1970s","","6","7","5","112.0","ED MITCHELL ROAD","BRUSHY GROVE CREEK","1-30 FT. SPAN: TYPE 2 PRECAST CONC. C-BEAMS","PP","0","H01","W01"
"District 01","Trigg","36.775118773","-87.735011923","County","KYTC","111C00025N","02","3","2023-11-29","960.0","Good","No","Local","1990s","","7","7","7","10.0","H C FUTRELL RD","POTTS CREEK","1-40 FT PREST CONC BOX BEAM SPAN  (HYDRO)     REPL C11","PO","0","H01","W01"
"District 01","Trigg","36.841901051","-87.83277393","KYTC","KYTC","111B00057N","01","3","2021-03-02","16900.0","Good","Yes","State","1990s","3","7","7","7","6753.0","US-68","CANEY CREEK","86-88-88-86 FT CONT PCIB SPANS","PO","0","H01","W01"
"District 01","McCracken","37.043478","-88.547421","KYTC","KYTC","073B00005L","01","3","2018-06-11","18476.0","Fair","Yes","State","1960s","3","6","6","6","8938.0","US-60","CLARKS RIVER","1-75 FT I-BEAM APPROACH SPAN,1-170 FT, 1-70 FT & 1-120","PO","0","H01","W01"
"District 01","McCracken","37.022563128","-88.530705011","KYTC","KYTC","073B00008N","01","3","2019-03-08","6824.0","Fair","No","State","1960s","4","6","5","5","6563.0","KY-131 NB","US-62 EB","57.5 FT- 80 FT- 57.5 FT CONT. R.C.D.G. UNIT - 0 DEG SKE","PO","0","H01","H02"
"District 01","McCracken","36.994251245","-88.512948202","KYTC","KYTC","073B00009N","01","3","2019-08-09","13201.0","Good","No","State","1970s","4","7","7","7","6563.0","JEFF DAVIS HIGHWAY","I 24","2-118 FT CONT WELDED PLATE GIRDER SPANS-39 DEK 12 MIN S","PO","0","H01","H02, H03"
"District 01","McCracken","36.971731206","-88.515126276","KYTC","KYTC","073B00010N","01","3","2018-01-29","13260.0","Fair","No","State","1960s","4","6","6","6","1992.0","KY-131","EAST FORK OF CLARKS RIVE","2-71.83 FT SIMPLE, 2-74.17 FT & 1.90 FT CONT SPANS - 0","PO","0","H01","W01"
"District 01","McCracken","36.972431173","-88.635066701","KYTC","KYTC","073B00011N","01","3","2022-07-06","2594.0","Fair","No","State","1950s","6","6","6","6","797.0","KY-1014","UNNAMED STREAM","3-30 FT R.C.D.G. SPANS - 0 DEG SKEW","PA","0","H01","W01"
"District 01","Trigg","36.750169496","-87.856646798","County","KYTC","111C00028N","02","3","2023-11-29","1512.0","Good","No","Local","1990s","","7","7","7","7.0","OLD DOVER RD","DONALDSON CREEK","1- 63 FT PRESTRESSED CONCRETE BOX BEAM SPAN ( KYLER)","PO","0","H01","W01"
"District 01","Trigg","36.81583057","-87.6775248","County","KYTC","111C00029N","02","4","2025-04-14","598.0","Fair","No","Local","1990s","","5","6","7","56.0","EAST LAKE ROAD","BOYD LAKE BRANCH","1-30 FT PRESTRESSED CONC BOX BEAM SPAN","PO","0","H01","W01"
"District 01","Trigg","36.697856741","-87.846106645","County","KYTC","111C00030N","02","3","2024-08-23","1784.0","Fair","No","Local","1990s","","5","7","5","7.0","OLD DOVER RD","DRY CREEK","1-88 PRESTRESSED CONC. BOX BEAMS","PO","0","H01","W01"
"District 01","Trigg","36.840617559","-87.740823122","County","KYTC","111C00031N","02","3","2022-08-03","2413.0","Poor","No","Local","2000s","","5","7","4","372.0","KINGS CHAPEL RD","SINKING FORK","1-98 PRE-STRESSED CONC. BOX BEAM SPAN (B42-48)","PP","0","H01","W01"
"District 01","Trigg","36.929069852","-87.845624121","County","KYTC","111C00032N","02","3","2023-11-29","2364.0","Fair","No","Local","2000s","","7","6","7","273.0","ADAMS MILL RD","LONG POND BRANCH","1 --- 96 FT. PRECAST CONCRETE BOX BEAM SPAN.    (CSR)","PO","0","H01","W01"
"District 01","Trigg","36.832472235","-87.928909318","KYTC","CONTRACT","111X00001N","01","3","2017-11-21","2797.0","Fair","No","State","1960s","","N","N","N","273.0","STATE PARK RD","BLUE SPRINGS CREEK","DBL 16X8X85 RC CLVT-30 DEG SKW -6 FT FILL","PO","0","H01","W01"
"District 01","Trigg","36.848960066","-87.93231674","OTHER","KYTC","111X00002N","11","3","2024-11-08","10985.0","Fair","No","State","1960s","","5","6","5","252.0","IC-8036N","SERVICE ROAD","10--20 FT  & 2- 84 R.C. SLAB SPANS","PP","0","H01","B01, H02, H03"
"District 01","Hickman","36.730454102","-88.928549333","KYTC","KYTC","053B00007N","01","3","2019-10-31","576.0","Poor","No","State","Over 75","5","N","N","N","252.0","KY-288","UNNAME STREAM","TRPL 10X10X26 RC CLVT -1.3 FT FILL","PO","0","H01","W01"
"District 01","Hickman","36.570333455","-88.871752077","KYTC","KYTC","053B00013N","01","3","2025-08-07","790.0","Fair","No","State","Over 100","4","5","6","5","793.0","KY 307","Cane Creek","1-35 FT RCDG SPAN","PP","0","H01","W01"
"District 01","Hickman","36.732365026","-88.954199204","KYTC","KYTC","053B00006N","01","3","2019-10-30","475.0","Fair","No","State","Over 75","5","N","N","N","252.0","KY-288","RUSSELL CREEK","DBL 12X8X26 RC CLVT -1.5 FT FILL","PO","0","H01","W01"
"District 01","Graves","36.537843853","-88.555818792","KYTC","KYTC","042B00238N","01","3","2023-11-28","2673.0","Fair","No","State","1980s","5","6","8","8","639.0","KY-381","CALDWELL CREEK","1-81.5 PPC BOX BEAM SPAN","PO","0","H01","W01"
"District 01","Graves","36.548844292","-88.783301283","KYTC","KYTC","042B00239N","01","3","2023-06-27","2499.0","Good","No","State","1980s","4","7","8","8","974.0","KY-94","S FK BAYOU DE CHIEN","1-80 FT PCIB SPAN","PO","0","H01","W01"
"District 01","Graves","36.635068904","-88.761772832","KYTC","KYTC","042B00242N","01","3","2022-10-13","2511.0","Poor","No","State","1990s","5","7","8","4","160.0","KY-944","BRUSH CREEK","1-98 FT PREST CONC BOX BEAM","PO","0","H01","W01"
"District 01","Graves","36.89155639","-88.533675747","KYTC","KYTC","042B00243N","01","3","2023-11-29","2451.0","Good","No","State","1980s","4","7","7","7","2189.0","KY-131","SUGAR CREEK","1-68 PREST CONC DECK UNIT","PO","0","H01","W01"
"District 01","Graves","36.684417836","-88.48666481","KYTC","KYTC","042B00234N","01","3","2025-02-13","1033.0","Poor","No","State","1970s","5","6","6","4","100.0","KY-1124","MINNOW BRANCH","1-41.0 SPAN P. P. C. SLAB BEAM TYPE III","PP","0","H01","W01"
"District 01","Carlisle","36.898999605","-88.953131467","KYTC","KYTC","020B00014N","01","3","2022-04-19","3216.0","Fair","No","State","Over 75","4","6","5","5","2220.0","US-62","LITTLE MAYFIELD CREEK","3-40 FT R.C.D.G.","PO","0","H01","W01"
"District 01","Lyon","37.094039304","-88.101494382","KYTC","KYTC","072B00015N","01","3","2019-10-30","729.0","Fair","No","State","Over 75","5","N","N","N","546.0","KY-373","CRAB CREEK","DOUBLE 10 FT X 10 FT X 30 FT R.C. CULVERT","PO","0","H01","W01"
"District 01","Lyon","37.033232733","-88.207407592","KYTC","KYTC","072B00018N","01","3","2017-10-05","3059.0","Fair","No","State","Over 75","3","N","N","N","3711.0","US-62","FLAT CREEK","TRPL 10X10X92 RC CLVT -15 FT FILL","PP","0","H01","W01"
"District 01","Lyon","36.989803778","-88.220944142","KYTC","KYTC","072B00020N","01","3","2023-10-09","25132.0","Fair","No","State","1960s","4","7","5","5","725.0","KY-453","BARKLEY CANAL","2-220 FT & 1-360 FT STEEL GIRDER SPANS, 0 DEG SKEW","PP","0","H01","W01"
"District 01","Lyon","37.059353704","-87.997243474","KYTC","KYTC","072B00022N","01","3","2019-10-30","1018.0","Fair","No","State","1950s","5","N","N","N","194.0","KY-730","PILFER CREEK","TRPL 12X7X29 RC CLVT -2.8 FT FILL","PO","0","H01","W01"
"District 01","Lyon","37.106294045","-88.064029236","KYTC","KYTC","072B00001N","01","3","2022-07-06","5168.0","Fair","No","State","1960s","3","5","5","5","3046.0","US-641","P&L RAILWAY","152.89'-3 Span Concrete Tee Beam","PP","0","H01","R01"
"District 01","Carlisle","36.906300738","-88.869597729","KYTC","KYTC","020B00018N","01","3","2022-04-19","853.0","Fair","No","State","Over 75","4","6","6","6","2242.0","US-62","LICK CREEK","1-34 FT R.C.D.G.","PP","0","H01","W01"
"District 01","Carlisle","36.913951784","-88.855031124","KYTC","KYTC","020B00020N","01","3","2022-04-19","4620.0","Fair","No","State","Over 75","4","6","5","6","3295.0","US-62","WILSON CREEK","5-30 FT R.C.D.G. SPANS","PP","0","H01","W01"
"District 01","Carlisle","36.87886833","-88.862228437","KYTC","KYTC","020B00021N","01","3","2022-08-03","1139.0","Fair","No","State","Over 75","4","N","N","N","1771.0","KY-307","LICK CREEK","TRPL 12X10X30 RC CLVT-30 DEG SKW -1.5 FT FILL","PP-T","0","H01","W01"
"District 01","Carlisle","36.780513021","-88.864457916","KYTC","KYTC","020B00024N","01","3","2022-04-19","5188.0","Fair","No","State","Over 75","4","7","6","5","1009.0","KY-307","OVERFLOW STRUCTURE","6-30 FT R.C.D.G. SPANS ON 18 INCH RC PILE BENTS (0 DEG","PP","0","H01","W01"
"District 01","Carlisle","36.788647874","-88.969125385","KYTC","KYTC","020B00026N","01","3","2022-04-19","946.0","Fair","No","State","Over 75","4","5","5","5","908.0","KY-80","FORK OF OBION CREEK","1-40 FT RCDG 30 DEG SKEW","PP","0","H01","W01"
"District 01","Lyon","36.973659653","-87.993867966","KYTC","KYTC","072B00024N","01","3","2022-06-08","3982.0","Fair","No","State","1960s","5","7","6","7","703.0","KY-274","MCNABB CREEK","4-35 FT RCDG SPANS-CONCRETE FLOOR-30 DEG SKEW","PO","0","H01","W01"
"District 01","Lyon","37.073508496","-88.055837527","KYTC","CONTRACT","072B00025N","01","3","2017-10-04","2916.0","Fair","No","State","1960s","4","N","N","N","4101.0","KY-93","LICK CREEK","DBL 16X7X63 RC CLVT-15 DEG SKW -5.5 FT FILL","PO","0","H01","W01"
"District 01","Lyon","37.037680738","-87.999487887","KYTC","KYTC","072B00023N","01","3","2022-06-08","5129.0","Fair","No","State","1960s","5","6","6","6","142.0","KY-730","EDDY CREEK","1-35 FT & 4-45 FT R.C.D.G. SPANS, 0 DEG SKEW","PP","0","H01","W01"
"District 01","Carlisle","36.871815012","-88.865547664","KYTC","KYTC","020B00030N","01","3","2019-10-30","1560.0","Fair","No","State","1950s","4","N","N","N","1918.0","KY-121","BR WILSON LICK CREEK","TRPL 10X10X48 RC CLVRT-30 DEG SKW -3 FT FILL","PO","0","H01","W01"
"District 01","Livingston","37.162862531","-88.269763971","KYTC","KYTC","070B00079N","01","3","2024-12-04","5443.0","Fair","No","State","1990s","5","7","7","5","164.0","KY 70","Sugar Creek","37-68-37 SPRED PRESTRESSED CONC CONT BOX BEAM SPANS","PO","0","H01","W01"
"District 01","Graves","36.716976","-88.632082","KYTC","KYTC","042B00283N","01","3","2025-03-12","6380.0","Good","No","State","2010s","4","7","8","8","5533.0","KY-303","Kess Creek","107'-6"" PPC I-Beam, Type 4, Simple Span","PO","0","H01","W01"
"District 01","Graves","36.939093","-88.684149","KYTC","KYTC","042B00284N","01","3","2024-11-20","4860.0","Good","No","State","2010s","5","8","8","8","763.0","KY-1241","Mayfield Creek","88'-6"" - 88'-6"" SB42~2 span","PO","0","H01","W01"
"District 01","Graves","36.715164","-88.622177","KYTC","KYTC","042B00285N","01","3","2025-05-08","2964.0","Good","No","State","2010s","4","7","7","8","3182.0","KY 97","Kess Creek Overflow","49'-0"" Single Span, PPC I Beam Type 2","PO","0","H01","W01"
"District 01","Graves","36.750250615","-88.798923869","KYTC","KYTC","042B00260N","01","3","2023-06-27","2883.0","Good","No","State","1990s","5","7","7","8","511.0","KY 339","McClane Creek","1- 85 FT PRESTRESSED CONC BOX BEAM SPANS","PO","0","H01","W01"
"District 01","Livingston","37.021759856","-88.257544186","KYTC","KYTC","070B00040N","01","3","2019-07-02","15872.0","Fair","No","State","1960s","3","7","6","6","6331.0","US-62","P&L RR & Reed Haul","TWIN BRIDGES (66 FT- 100 FT- 66 FT CONT. COMP. STEEL BE","PO","0","H01","H03, R01"
"District 01","Carlisle","36.885141","-88.900166","County","KYTC","020C00054N","02","3","2014-08-29","852.0","Good","No","Local","2010s","","8","8","8","161.0","MAYFIELD CHURCH RD","HURRICANE CREEK","1 - 40' TIMBER PANEL-LAM BRIDGE","PP","0","H01","W01"
"District 01","Livingston","36.997207793","-88.225827188","City","KYTC","070C00062N","04","3","2023-06-27","10908.0","Good","No","Local","2000s","","7","7","8","129.0","J H OBRYAN AVE","OVER P & L RAILROAD","65.7 - 54.2 - 82.4  - 65.7 PPC I-BEAMS TY 3","PO","0","H01","R01"
"District 01","Graves","36.74944571","-88.616483661","KYTC","KYTC","042B00036N","01","3","2016-07-27","1404.0","Fair","No","State","Over 75","4","N","N","N","6064.0","KY-58","MAYFIELD CREEK OVERFLOW","QUNTPL 10X10X26 RC CLVT -2.5 FT FILL","PO","0","H01","W01"
"District 01","Graves","36.658962606","-88.523727692","KYTC","KYTC","042B00074N","01","3","2019-10-30","1026.0","Fair","No","State","1950s","5","N","N","N","513.0","KY-564","MAYFIELD CREEK","TRPL 12X8X27 RC CLVRT -2.0 FT FILL","PO","0","H01","W01"
"District 01","Livingston","37.170325","-88.413026","County","CONTRACT","070C00061N","02","3","2017-10-04","2448.0","Good","No","Local","2010s","","N","N","N","59.0","SMITHLAND DAM RD","DYER HILL CREEK","TRIPLE 10' X 10' X 68' RC CULVERT","PO","0","H01","W01"
"District 01","Carlisle","36.927786367","-89.062753078","KYTC","KYTC","020B00058N","01","3","2023-02-16","29561.0","Fair","No","State","1980s","3","6","6","7","1613.0","US-51","Mayfield Creek","60-80-80-80-80-80-80-80-60 PCI BEAMS","PO","0","H01","W01"
"District 01","Graves","36.855632942","-88.633436976","KYTC","KYTC","042B00126N","01","3","2025-04-17","7473.0","Fair","No","State","1950s","5","7","6","6","606.0","KY-408","MAYFIELD CREEK","5-50 FT RCDG SPANS-0 DEG SKEW","C","0","H01","W01"
"District 01","Hickman","36.575806","-88.864009","KYTC","KYTC","053B00099N","01","3","2025-09-03","5417.0","Good","No","State","1990s","5","7","7","8","145.0","KY-924","CANADIAN NATIONAL RR","45-55-45CONC- PRESTRESSED CONT I- BEAM SPANS","PO","0","H01","R01"
"District 01","Carlisle","36.842379","-89.012066","County","KYTC","020C00052N","02","3","2025-04-30","7976.0","Good","No","Local","2010s","","8","8","8","72.0","OVERHEAD BRIDGE RD","ILLINOIS CENTRAL RR","70' - 91' - 70'  PCIB CONT. 33DEG SK RT","PO","0","H01","R01"
"District 01","Marshall","36.829645","-88.202032","County","KYTC","079C00091N","02","3","2018-02-08","1524.0","Good","No","Local","2010s","","8","7","8","273.0","VILLAGE ROAD","MAPLE SPRINGS BR.","2 - 30' TIMBER SLABS W/AC OVERLAY","PP","0","H01","W01"
"District 01","Trigg","36.785958","-88.022107","KYTC","KYTC","111B00064N","01","3","2016-10-07","1292.8","Fair","Yes","State","2010s","3","N","N","N","4908.0","US 68","GILBERT CREEK","Triple Barrel 10X11X77 concrete culvert","PO","0","H01","W01"
"District 01","Livingston","37.301348229","-88.283404247","County","KYTC","070C00058N","02","3","2024-07-09","2315.0","Good","No","Local","2000s","","8","8","8","4.0","DANIEL CEMETERY RD","BRANCH DEER CREEK","1 -- 72 FT. -- PPC BOX BEAM SPAN (CB 27)","PO","0","H01","W01"
"District 01","Marshall","36.757463","-88.431109","County","KYTC","079C00093N","02","3","2014-08-29","1398.0","Good","No","Local","2010s","","8","7","8","273.0","CHESTER RD.","FREE BRANCH","16' - 28' - 16' TIMBER PANEL-LAM BRIDGE","PP","0","H01","W01"
"District 01","Livingston","37.058022","-88.240452","County","KYTC","070C00059N","02","3","2018-04-17","630.0","Fair","No","Local","2010s","","6","8","6","273.0","REED RD","BR OF BIG CREVASSE CREEK","1 - 30' STEEL I-BEAM SPAN W/STEEL GRID DECK","PP","0","H01","W01"
"District 01","Livingston","37.059662742","-88.218689665","KYTC","KYTC","070B00063R","01","3","2019-07-30","73568.0","Fair","Yes","State","1970s","1","5","6","6","15387.0","I-24","CUMBERLAND RIVER","216-216-216-300-420-300 NON-COMP PG SPANS -2-29 BOX ABT","PO","0","H01","W01"
"District 01","Livingston","37.177646","-88.299573","County","KYTC","070C00060N","02","3","2024-07-11","2034.0","Fair","No","Local","2010s","","6","7","5","29.0","VAUGHN RD","HICKORY CREEK","1 - 83' PRECAST PRESTRESSED CONC. BOX BEAM SPAN","PO","0","H01","W01"
"District 01","Marshall","36.865708","-88.42279","County","KYTC","079C00092N","02","3","2018-02-08","1518.0","Fair","No","Local","2010s","","7","5","7","91.0","BREEZEEL SCHOOL RD","MIDDLE FORK CREEK","2 - 30' TIMBER SLABS W / AC OVERLAY","PP","0","H01","W01"
"District 01","Calloway","36.597487","-88.320949","City","KYTC","018C00146N","04","3","2022-08-03","543.0","Good","No","Local","2000s","","N","N","N","805.0","MEADOW LANE","TRIB OF COLBURN BRANCH","DBL 8' X 4' X 24.7' RC CULVERT 45DEG SK","PP","0","H01","W01"
"District 01","Calloway","36.594833","-88.341567","City","KYTC","018C00148N","04","3","2022-08-03","708.0","Fair","No","Local","1980s","","6","6","6","805.0","EDINBUROUGH DRIVE","BR OF MID FRK CLARKS RVR","12' X 3.3' X 30' & 8' X 3.3' X 30' RC CULVERT","PP","0","H01","W01"
"District 01","Calloway","36.596058","-88.341455","City","KYTC","018C00147N","04","3","2022-08-03","578.0","Fair","No","Local","1980s","","6","5","6","805.0","BROOKHAVEN DRIVE","BR OF MID FRK CLARKS RVR","DBL 9' X 4' X 28' RC CULVERT  30DEG SKEW","PP","0","H01","W01"
"District 01","Crittenden","37.38502409","-88.296054952","County","KYTC","028C00063N","02","3","2024-09-06","1134.0","Good","No","Local","1990s","","7","8","7","22.0","PHIN CROFT RD","SUSAN CREEK","1- 46 FT PRESTRESSED CONCRETE BOX BEAM SPAN","PO","0","H01","W01"
"District 01","Marshall","37.005431194","-88.410806974","KYTC","KYTC","079B00059N","01","3","2011-04-04","2068.0","Fair","No","State","1950s","4","N","N","N","6030.0","US-62","HOWARD BRANCH","TRPL 14X9X47 RC CLVT -4 FT FILL","PO","0","H01","W01"
"District 01","Graves","36.716472","-88.630312","KYTC","KYTC","042B00287N","01","3","2025-01-03","25425.0","Fair","No","State","2010s","3","7","6","7","3242.0","KY 80","Kess Creek","86'x98'x86' PPC I-Beam Type 4","PO","0","H01","W01"
"District 01","Trigg","36.804026","-87.916572","County","KYTC","111C00036N","02","3","2023-11-29","1299.0","Fair","No","Local","1980s","","6","5","6","273.0","SAM DOWNS ROAD","HOPSON CREEK","1 - 53' PRECAST PRESTRESSED CONC. BOX BEAM SPAN","PO","0","H01","W01"
"District 01","Trigg","36.91952","-87.843281","County","KYTC","111C00037N","02","3","2022-04-10","1968.0","Good","No","Local","2010s","","7","8","7","78.0","BUSH ROAD","OVER LONG POND BRANCH","1 - 78.5' PRECAST PRESTRESSED CONC. BOX BEAM SPAN","PO","0","H01","W01"
"District 01","Ballard","36.959393","-88.987962","County","KYTC","004C00082N","02","3","2020-03-17","2712.0","Good","No","Local","2010s","","8","8","8","273.0","HERCHELL JONES RD.","STOVALL CREEK","1 - 110' PPC I-BEAM SPAN TYPE 4","PO","0","H01","W01"
"District 01","Livingston","37.163515","-88.362652","County","KYTC","070C00063N","02","3","2024-07-09","960.0","Good","No","Local","2010s","","8","8","8","69.0","SCOTTS CHAPEL","SMITH CREEK","1 - 40' PRECAST PRESTRESSED CONC. BOX BEAMS","PO","0","H01","W01"
"District 01","McCracken","36.961525297","-88.588654716","KYTC","KYTC","073B00091N","01","3","2023-03-23","1069.0","Poor","No","State","1960s","4","5","5","4","1238.0","KY-348","ARNOLD BRANCH","1-40 FT PRESTRESSED CONCRETE SPAN 0 DEG SKEW","PP","0","H01","W01"
"District 01","McCracken","37.067984027","-88.608741251","KYTC","KYTC","073B00093N","01","3","2022-07-06","14256.0","Fair","Yes","State","Over 75","3","6","5","6","14276.0","US-60","P&L RAILWAY & CLEVELND S","42 FT- 42 FT-55 FT-42 FT-42 FT R.C.D.G. SPANS","PO","0","H01","H02, R01"
"District 01","McCracken","37.068298062","-88.602574938","KYTC","KYTC","073B00094N","01","3","2022-01-13","28165.0","Poor","Yes","State","1950s","3","6","6","4","14276.0","US-60","P&L RAILWAY & CALDWELL A","85 FT- 100 FT-125 FT- 101.25 FT CONT. I-BEAM,42 DEG 13","PA","0","H01","H02, P02, R01"
"District 01","McCracken","37.150565286","-88.86195858","KYTC","KYTC","073B00087N","01","3","2022-09-01","773.0","Poor","No","State","1960s","5","5","6","4","623.0","KY-358","NASTY CREEK","1-30 FT PRESTRESSED CONCRETE SPAN","PP","0","H01","W01"
"District 01","McCracken","37.052782169","-88.822099695","County","KYTC","073C00029N","02","3","2023-09-25","1356.0","Poor","No","Local","1960s","","5","4","4","273.0","BIGGS RD","W FORK MASSAC CREEK","20-30-20 FT CONT. STEEL I-BEAM SPANS- 26 DEG.","PP","0","H01","W01"
"District 01","McCracken","37.088624401","-88.663824047","City","KYTC","073C00048N","04","3","2024-09-12","1195.0","Poor","No","Local","1950s","","5","4","4","805.0","COUNTY PARK RD","PERKINS CREEK","1-48.5 SPAN STEEL I-BEAMS","PP","0","H01","W01"
"District 01","McCracken","37.018033606","-88.679997239","County","KYTC","073C00051N","02","3","2024-04-12","1086.0","Good","No","Local","1980s","","7","7","7","1177.0","CONTEST ROAD","BRANCH MASSAC CREEK","1-44 FT PRECAST PREST CONC BOX BEAM- TY 3","PO","0","H01","W01"
"District 01","McCracken","37.060362605","-88.593897247","KYTC","KYTC","073B00095N","01","3","2018-10-17","20856.0","Fair","Yes","State","1950s","3","6","5","6","14276.0","US-60","ISLAND CREEK","8-47.17 FT I-BEAM SPANS - R.C. FLOOR AND SUBSTRUCTURE","PA","0","H01","W01"
"District 01","McCracken","37.132792972","-88.687342509","KYTC","CONTRACT","073B00100N","01","8","1901-01-01","367894.0","Fair","Yes","State","1970s","1","5","5","5","33107.0","I-24","OHIO RIVER","SEE DRAWING NO 17247 & 17471","PO","0","H01","W01"
"District 01","McCracken","36.979483084","-88.696503197","County","KYTC","073C00052N","02","3","2024-04-12","1057.0","Good","No","Local","1980s","6","7","7","7","819.0","LOVELACEVILLE FLOR","MASSAC CREEK","1-44 FT PRECAST PREST CONC. BOX BEAM","PO","0","H01","W01"
"District 01","McCracken","37.171718881","-88.90700885","County","KYTC","073C00053N","02","3","2024-07-09","1166.0","Fair","No","Local","1980s","6","8","8","6","273.0","OLD OGDEN LNDG RD","BRANCH OF CLANTON CREEK","1-48 FT.PRECAST PREST CONC. BOX BEAM","PO","0","H01","W01"
"District 01","McCracken","37.094505854","-88.741106657","County","KYTC","073C00054N","02","3","2024-07-09","2044.0","Fair","No","Local","1980s","","8","6","8","60.0","WILMINGTON RD","BRANCH OF MASSAC CREEK","1-73 FT  PRECAST PREST CONC BOX BEAM SPAN","PP","0","H01","W01"
"District 01","McCracken","37.057618","-88.799648","County","KYTC","073C00058N","02","3","2024-07-09","1512.0","Fair","No","Local","1990s","","6","7","6","273.0","OLD HINKLEVILLE W","BR W.FK.MASSAC CREEK","1-63 FT PRECAST PREST CONC BOX  BEAM","PO","0","H01","W01"
"District 01","McCracken","37.016374955","-88.744760786","County","KYTC","073C00060N","02","3","2024-04-12","1715.0","Fair","No","Local","1990s","","5","6","5","273.0","HINES RD","MIDDLE FORK MASSAC CK","1-70 FT PREST CONC BOX BEAM SPAN (HYDRO) BY KYLER","PO","0","H01","W01"
"District 01","McCracken","37.005657557","-88.762823892","County","KYTC","073C00061N","02","3","2024-07-09","1392.0","Good","No","Local","1990s","","7","7","7","111.0","HOCKER ROAD","BR MIDDLE FK MASSAL CRK","1.58 FT PREST CONC BOX BEAM  (BY H&G CONST)    REPL C24","PO","0","H01","W01"
"District 01","McCracken","37.123307664","-88.884542672","County","KYTC","073C00062N","02","3","2022-01-25","794.0","Good","No","Local","1990s","","N","N","N","32.0","HELM RD","BR-NEWTONS CREEK","DBL 15 X 7 X 24 RC CLVT -NO FILL","PO","0","H01","W01"
"District 01","McCracken","37.148861165","-88.880057084","County","KYTC","073C00065N","02","3","2024-04-10","1170.0","Fair","No","Local","1990s","","7","6","7","273.0","MATLOCK RD","NEWTONS CREEK","1- 52 FT PRESTRESSED CONCRETE BOX BEAM SPAN","PO","0","H01","W01"
"District 01","McCracken","37.17931912","-88.859335968","County","KYTC","073C00066N","02","3","2024-07-09","1392.0","Good","No","Local","1990s","","7","7","7","13.0","METCALFE RD","NASTY CREEK","1- 53 FT PRESTRESSED CONCRETE BOX BEAM SPAN","PO","0","H01","W01"
"District 01","McCracken","37.17858333","-88.872825826","County","KYTC","073C00067N","02","3","2024-07-09","1320.0","Good","No","Local","1990s","","7","7","7","32.0","GRIEF RD","NEWTON'S CREEK","1- 55 FT PRESTRESSED CONCRETE BOX BEAM SPAN (GILBERT)","PO","0","H01","W01"
"District 01","McCracken","36.991757362","-88.590312981","County","KYTC","073C00068N","02","3","2025-03-19","1296.0","Fair","No","Local","1990s","","7","7","6","10.0","JONES RD","ISLAND CREEK","1-54  FT PRESTRESSED CONC BOX BEAM SPAN (HYDRO)","PP","0","H01","W01"
"District 01","McCracken","37.175770283","-88.85907359","County","KYTC","073C00069N","02","3","2024-07-09","1272.0","Good","No","Local","1990s","","7","7","7","47.0","JOPPA LANDING ROAD","NASTY CREEK","1-58  FT PRESTRESSED CONC BOX BEAM SPAN-HYDRO-M.GILBRT","PP","0","H01","W01"
"District 01","McCracken","37.020349025","-88.634988107","County","KYTC","073C00070N","02","3","2024-07-09","1243.0","Fair","No","Local","1990s","","6","5","5","184.0","SCHMIDT RD","BRANCH-CHAMPION CREEK","1-52 FT PRESTRESSED CONC BOX BEAM SPAN","PO","0","H01","W01"
"District 01","McCracken","37.047263762","-88.727670628","City","KYTC","073C00073N","04","3","2024-04-10","9585.0","Good","No","Local","1990s","","7","7","7","3079.0","MCCRACKEN BLVD","MIDDLE FK MASSIC CK","1-100 & 2-50 PREST CONC BOX BEAMS","PO","0","H01","W01"
"District 01","McCracken","37.11002275","-88.750125628","County","KYTC","073C00074N","02","3","2024-07-09","1224.0","Good","No","Local","1990s","","7","7","7","273.0","MAYFIELD METROPOLI","BRANCH MASSAC CREEK","1- 50 FT PRESTRESSED CONC  BOX BEAM SPAN","PO","0","H01","W01"
"District 01","McCracken","37.065028937","-88.588553584","City","KYTC","073C00077N","04","3","2020-12-16","13638.0","Good","No","Local","1980s","","7","7","7","3742.0","BRIDGE ST","ISLAND CREEK","80-100-60 FT CONT PCIB SPAN","PO","0","H01","W01"
"District 01","McCracken","37.081770443","-88.678843194","City","KYTC","073C00071N","04","3","2023-09-21","3077.0","Fair","No","Local","1990s","","6","7","7","4325.0","COLEMAN RD","TRIB-PERKINS CREEK","1-78  FT PRESTRESSED CONC BOX BEAM SPAN-(SPREAD)","PO","0","H01","W01"
"District 01","Lyon","36.971715479","-87.907832948","KYTC","KYTC","072B00005N","01","3","2025-07-17","1364.0","Fair","No","State","Over 75","4","5","6","5","472.0","KY-93","DRY CREEK","2-28 FT R.C.D.G. SPANS","PP","0","H01","W01"
"District 01","Lyon","36.969421918","-87.904793117","KYTC","KYTC","072B00006N","01","3","2019-10-30","832.0","Fair","No","State","Over 75","4","N","N","N","472.0","KY-93","FORK OF DRY CREEK","TRPL 8X6X32 RC CLVT -1.5 FT FILL","PO","0","H01","W01"
"District 01","Lyon","37.010686572","-88.014892951","KYTC","KYTC","072B00008N","01","3","2022-10-31","7669.0","Fair","No","State","1960s","4","6","5","6","1520.0","KY-93","EDDY CREEK","70 FT. 100 FT- 70 FT CONT. R.C.D.G. SPAN - 0 DEG SKEW","PP","0","H01","W01"
"District 01","Lyon","37.080527789","-88.169932309","KYTC","CONTRACT","072B00010N","01","3","2017-10-04","1334.0","Fair","No","State","Over 75","5","N","N","N","364.0","KY-93","PANTHER CREEK","DBL 8X6X56 RC CLVT-45 DEG SKW -4 FT FILL","PO","0","H01","W01"
"District 01","Lyon","37.086050558","-88.183323783","KYTC","KYTC","072B00011N","01","3","2025-07-22","1092.0","Fair","No","State","Over 75","5","5","6","5","364.0","KY-93","PANTHER CREEK","1-38 FT R.C.D.G. SPANS - 30 DEG SKEW","PO","0","H01","W01"
"District 01","McCracken","37.107892774","-88.69172483","KYTC","KYTC","073B00101L","01","3","2019-08-09","5547.0","Fair","Yes","State","1970s","1","7","6","7","17735.0","I 24 NC","KY 1420","37-54-37 FT COMP WF GIRDER SPANS-16 D 19 M 58.5 S SKEW","PO","0","H01","H02"
"District 01","McCracken","37.097520297","-88.687999333","KYTC","KYTC","073B00102L","01","3","2022-01-11","6115.0","Fair","Yes","State","1970s","1","7","6","7","18140.0","I 24 NC","KY 305","110 FT COMP STEEL GIRDER SPAN-2 D 5 M SKEW","PO","0","H01","H02, H03"
"District 01","McCracken","37.097451231","-88.688239479","KYTC","KYTC","073B00102R","01","3","2022-01-11","6115.0","Fair","Yes","State","1970s","1","7","6","7","18140.0","I-24","KY 305","110 FT COMP STEEL GIRDER SPAN-2 D 5 M SKEW","PO","0","H01","H02, H03"
"District 01","McCracken","37.087023277","-88.684236166","KYTC","KYTC","073B00104L","01","3","2021-02-17","7114.0","Fair","Yes","State","1970s","1","6","6","6","18140.0","I 24 NC","P&L RAILWAY","48-69-48 FT COMP WF GIRDER SPANS-30 D 6 M 31.17 S SKEW","PO","0","H01","R01"
"District 01","Lyon","37.14597427","-88.114259441","KYTC","KYTC","072B00028N","01","3","2023-03-23","1317.0","Fair","No","State","1960s","5","5","5","5","145.0","KY-1943","SKIN FRAME CREEK","1-50 FT PRECAST-PRESTRESSED CONCRETE SPAN-0 DEG SKEW","PP","0","H01","W01"
"District 01","Lyon","37.10844615","-88.001187817","KYTC","KYTC","072B00029N","01","3","2019-03-05","6516.0","Fair","No","State","1960s","6","7","6","7","119.0","KY-2611","I-69","50 FT-60 FT-60 FT-50 FT CONT. R.C.D.G. SPANS, 2 DEG 31","PP","0","H01","H02, H03"
"District 01","Lyon","37.104881134","-88.033325687","KYTC","KYTC","072B00030L","01","3","2022-07-06","8995.0","Fair","Yes","State","1960s","1","6","6","5","4868.0","I-69 WB","US-62","TWIN BRIDGES (4-56.5 FT R.C. SIMPLE SPANS, 43 DEG 59 MI","PO","0","H01","H02, H03"
"District 01","Lyon","37.063326205","-88.193294117","KYTC","KYTC","072B00032N","01","3","2019-06-26","7132.0","Fair","No","State","1970s","6","6","6","6","21.0","KY-6008","I-24 @ MP. 035.289","2-112 FT CONT COMP.WPG SPANS - 1-12&1-15 FT BX GRDR ABU","PO","0","H01","H02, H03"
"District 01","McCracken","37.078461224","-88.680842371","KYTC","KYTC","073B00105L","01","3","2019-08-09","8976.0","Fair","Yes","State","1970s","1","6","6","6","17267.0","I 24 NC","US 60","2-80 FT COMP WELDED GIRDER SPANS-5 D 19 M 51 S SKEW","PO","0","H01","H02, H03"
"District 01","McCracken","37.078384744","-88.681080154","KYTC","KYTC","073B00105R","01","3","2019-08-09","8976.0","Fair","Yes","State","1970s","1","7","6","7","17267.0","I-24","US 60","2-80 FT COMP WELDED GIRDER SPANS-5 D 19 M 51 S SKEW","PO","0","H01","H02, H03"
"District 01","McCracken","37.075271792","-88.678632034","KYTC","KYTC","073B00107R","01","3","2025-09-11","6119.0","Fair","Yes","State","1970s","1","6","7","6","17267.0","I-24","PERKINS CREEK","30-50-30 FT CONT RCDG SPANS-15 DEG SKEW","PO","0","H01","W01"
"District 01","McCracken","37.064682706","-88.66595071","KYTC","KYTC","073B00111L","01","3","2025-04-15","5259.0","Fair","Yes","State","1970s","1","7","6","6","17267.0","I 24 NC","BUCHNER LANE","31 - 51 - 31 FT CONT PCIB SPANS","PO","0","H01","H02"
"District 01","Lyon","37.07020309","-88.147637793","KYTC","KYTC","072B00035L","01","3","2020-06-17","8935.0","Fair","Yes","State","1970s","1","6","6","7","15387.0","I-24","P&L RAILWAY","62 - 74 - 62 FT. CONT.COMP. ROLLED BEAM SPANS","PO","0","H01","R01"
"District 01","Lyon","37.072340014","-88.141188698","KYTC","KYTC","072B00036R","01","3","2021-02-23","8478.0","Fair","Yes","State","1970s","1","7","6","6","15387.0","I-24","KY 93","55 - 80 - 55  CONT. ROLLED BEAM SPANS","PO","0","H01","H02"
"District 01","Lyon","37.073891723","-88.121861078","KYTC","KYTC","072B00037R","01","3","2021-02-15","13281.0","Fair","Yes","State","1970s","1","6","6","7","16251.0","I-24","US 62","58 - 91 - 91 - 58 CONT COMP WF DECK GIRDER SPANS - 34 D","PO","0","H01","H02, H03"
"District 01","Lyon","37.071594011","-88.100966437","KYTC","KYTC","072B00038N","01","3","2018-01-29","7441.0","Fair","No","State","1970s","5","7","6","5","604.0","KY-295","I-24 @ MP 40.720","2-93 FT CONT COMP WPG SPANS & 2-21 CON BOX GRDR END BNT","PO","0","H01","H02, H03"
"District 01","Lyon","37.069074098","-88.077836063","KYTC","KYTC","072B00040N","01","3","2018-01-29","7632.0","Fair","No","State","1970s","","7","7","6","273.0","GREGORY ROAD","I-24 @ MP 42.048","2-93 FT. CONT.COMP. WPG SPANS & 2-27 FT BOX GRDR END BN","PO","0","H01","H02, H03"
"District 01","McCracken","37.064526255","-88.666160917","KYTC","KYTC","073B00111R","01","3","2025-04-15","5259.0","Fair","Yes","State","1970s","1","7","6","6","17267.0","I-24","BUCKNER LANE","31 - 51 - 31 FT PCIB SPANS (CONT)","PO","0","H01","H02"
"District 01","McCracken","37.051438683","-88.65074434","KYTC","KYTC","073B00112L","01","3","2021-08-18","8428.0","Fair","Yes","State","1970s","1","6","5","7","24079.0","I 24 NC","U.S. 45","85-85 CONT COMP P.G. SPANS & 2-12 FT CONC CELULAR.ABUT.","PO","0","H01","H02, H03"
"District 01","McCracken","37.051295666","-88.650984553","KYTC","KYTC","073B00112R","01","3","2021-08-18","8428.0","Fair","Yes","State","1970s","1","8","6","7","24079.0","I-24","U.S. 45","85-85 CONT COMP P.G. SPANS & 2-12 FT CONC CELULAR.ABUT.","PO","0","H01","H02, H03"
"District 01","McCracken","37.024940951","-88.610538491","KYTC","KYTC","073B00114L","01","3","2021-08-19","19910.0","Fair","Yes","State","1970s","1","7","6","7","24079.0","I 24 NC","P&L RR-POOL RD-SHDMN R","77-98-98-98-77 CONT. STEEL PLATE GIRDER SPANS","PO","0","H01","H02, H03, R01"
"District 01","McCracken","37.02459984","-88.61048993","KYTC","KYTC","073B00114R","01","3","2021-08-19","19910.0","Fair","Yes","State","1970s","1","6","5","5","24079.0","I-24","P&L RR-POOL RD- SHDMN R","77-98-98-98-77 CONT. STEEL PLATE GIRDER SPANS","PO","0","H01","H02, H03, R01"
"District 01","Lyon","37.066625587","-88.066525914","KYTC","KYTC","072B00041L","01","3","2018-05-03","12471.0","Fair","Yes","State","1970s","1","6","6","6","11718.0","I-24 WB","PORT AUTHORITY ROAD","70-84-70-56 CONT NON-COMPOSITE STEEL BEAM SPANS","PO","0","H01","H02"
"District 01","Lyon","37.066417303","-88.066859143","KYTC","KYTC","072B00041R","01","3","2018-05-03","12471.0","Fair","Yes","State","1970s","1","7","7","6","11718.0","I-24 EB","PORT AUTHORITY ROAD","70-84-70-56 CONT NON-COMPOSITE STEEL BEAM SPANS","PO","0","H01","H02"
"District 01","Lyon","37.05682326","-88.033720071","KYTC","KYTC","072B00043N","01","3","2018-01-29","18509.0","Fair","Yes","State","1970s","4","6","6","5","2738.0","KY-293","I-24 @ MP. 044.693","2-107 FT CONT COMP WPG SPANS & 2-28 FT BOX GDR END BENT","PO","0","H01","H02, H04"
"District 01","Lyon","37.037066227","-88.007932184","KYTC","KYTC","072B00044R","01","3","2021-02-16","16980.0","Fair","Yes","State","1970s","1","6","5","7","12155.0","I-24","EDDY CREEK","5-80 FT CONT. W.P.G. SPANS - 45 DEG SKEW","PO","0","H01","W01"
"District 01","McCracken","37.014423322","-88.592090719","KYTC","KYTC","073B00116L","01","3","2021-08-19","8548.0","Fair","Yes","State","1970s","1","6","6","6","19910.0","I 24 NC","KY 1954 (HUSBAND RD)","96 - 96 FT. CONT. WELDED STEEL GIRDER SPANS","PO","0","H01","H02, H03"
"District 01","McCracken","37.012666952","-88.585685657","KYTC","KYTC","073B00117N","01","3","2016-05-05","2830.48","Fair","Yes","State","1970s","1","N","N","N","39819.0","I-24","BEE BR OF ISLAND CRK.","DBL 14 X 6 X 230 FT RC BOX CULVERT - 25 DEG SKEW","PO","0","H01","W01"
"District 01","McCracken","37.01084419","-88.575807067","KYTC","KYTC","073B00118L","01","3","2021-08-23","8266.0","Fair","Yes","State","1970s","1","6","6","7","19910.0","I 24 NC","OLD L & N RR BED","57.-71 - 57 FT CONT. WELDED STEEL PLATE GIRDER SPANS","PO","0","H01","P01"
"District 01","McCracken","37.008066988","-88.564779825","KYTC","KYTC","073B00119L","01","3","2021-08-19","7564.0","Fair","Yes","State","1970s","1","7","6","7","19910.0","I 24 NC","KY  450  ( OAKS ROAD )","1-101 FT WPG SPAN & 1-33.5 & 1-37.5 CONC BOX GIRDER BNT","PO","0","H01","H02"
"District 01","Lyon","36.997146189","-87.955777012","KYTC","KYTC","072B00046N","01","3","2018-09-25","4764.0","Fair","No","State","1970s","6","6","6","7","46.0","KY-6020","I-24 @ MP. 050.701","1-103 FT STEEL PLATE GIRDER & 2-20 FT CONC CELLUAR ABUT","PO","0","H01","H02"
"District 01","Lyon","36.990899391","-87.939023243","KYTC","KYTC","072B00047N","01","3","2018-01-29","8911.0","Fair","No","State","1970s","5","6","6","6","315.0","KY-903","I-24 @ MP 51.718","2-105 CONT. WSPG SPANS & 1-30;25 FT CONC CELLULAR ABUT","PO","0","H01","H02, H03"
"District 01","Lyon","36.980197328","-87.910830445","KYTC","KYTC","072B00048R","01","3","2025-03-17","6078.0","Fair","Yes","State","1970s","1","6","6","6","12155.0","I-24","DRY FORK CREEK","3-45 FT CONT PCIB SPANS","PO","0","H01","W01"
"District 01","Lyon","37.079849725","-88.074268022","KYTC","KYTC","072B00050N","01","3","2025-08-07","8291.0","Fair","No","State","1970s","4","6","5","6","4101.0","KY-93","I-69","50-70-70-50 CONT. RCDG SPANS - 24 DEG SKEW","PP","0","H01","H02, H03"
"District 01","McCracken","37.00305479","-88.553494687","KYTC","KYTC","073B00120L","01","3","2021-06-07","20408.0","Fair","Yes","State","1970s","1","7","6","7","19910.0","I 24 NC","CLARKS RIVER","140-200-140 FT CONT. WELDED STEEL PLATE GIRDER SPANS","PO","0","H01","W01"
"District 01","McCracken","37.019913304","-88.603069912","KYTC","KYTC","073B00115L","01","3","2021-08-18","6171.0","Fair","Yes","State","1970s","1","7","6","7","24079.0","I 24 NC","ISLAND CREEK","43- 53- 43 CONT. WELDED STEEL","PO","0","H01","W01"
"District 01","McCracken","37.057505993","-88.654917902","KYTC","KYTC","073B00121N","01","3","2018-10-17","23868.0","Fair","No","State","1970s","4","7","6","7","10918.0","US 62","I-24","105-105 CONT. COMP.W.P.G. SPANS & 1-20&1-30 FT CONC BOX","PO","0","H01","H02, H04"
"District 01","McCracken","37.035192416","-88.627684269","KYTC","KYTC","073B00122N","01","3","2018-10-17","12365.0","Fair","No","State","1970s","4","7","5","7","3858.0","KY-994","I-24","108-108 CONT COMP W.P.G. SPANS & 2-20 FT CONC CELL.ABUT","PO","0","H01","H02, H03"
"District 01","McCracken","37.043342","-88.54754","KYTC","KYTC","073B00128R","01","3","2006-07-03","21317.0","Fair","Yes","State","1980s","3","6","6","7","8938.0","US 60-NC","CLARKS RIVER","75 FT WPG,127,162,120 FT CONT WPG SPANS","PO","0","H01","W01"
"District 01","Lyon","37.087486488","-88.061051198","KYTC","KYTC","072B00051N","01","3","2021-10-19","975.0","Fair","Yes","State","1970s","1","5","5","5","9735.0","WK-9001","RILEY ROAD","SNGL 24X14X137 RC UNDRPSS-25 DEG SKW -4.5 FT FILL","PO","0","H01","H02"
"District 01","Lyon","37.101704411","-88.0365448","KYTC","KYTC","072B00052R","01","3","2017-10-11","8218.0","Fair","Yes","State","1970s","1","6","6","6","4868.0","I-69 EB","P&L RR | ELKHORN TAVERN","47-61-61-47 FT. CONT. W.F. DECK GIRDER SPANS - 30 DEG","PO","0","H01","H02, R01"
"District 01","Lyon","37.156994283","-88.116305145","KYTC","KYTC","072B00055N","01","3","2023-11-28","1848.0","Fair","No","State","1980s","6","7","6","5","169.0","KY-1113","LIVINGSTON CREEK","1-88 PPC BOX BEAM","PO","0","H01","W01"
"District 01","Lyon","37.067328069","-87.975303198","KYTC","KYTC","072B00057N","01","3","2024-04-29","706.0","Fair","No","State","Over 75","4","6","6","6","866.0","KY-293","WEST FORK OF EDDY CREEK","Single Span Concrete Tee Beam","PP","0","H01","W01"
"District 01","Lyon","36.998684455","-87.955541268","KYTC","KYTC","072B00058N","01","3","2018-09-25","5023.0","Fair","No","State","1970s","6","6","7","7","46.0","KY-6020","I-24 @ MP. 050.701","1-103 FT W.S.P.G. &1-28;20 FT. CONC. CELLULAR ABUTMENTS","PO","0","H01","H02"
"District 01","Lyon","37.048118296","-87.985045986","County","KYTC","072C00001N","02","3","2015-05-28","3087.0","Fair","No","Local","1970s","","7","6","7","74.0","GRAY FARM ROAD","PILFER CREEK","3 SPAN CONT.:51;51;51 : STEEL I-BEAMS / CONC. DECK","PP-T","0","H01","W01"
"District 01","McCracken","37.056131246","-88.812252453","KYTC","KYTC","073B00132N","01","3","2024-11-14","2365.0","Good","No","State","1980s","5","7","7","7","1387.0","KY-726","WEST FK OF MASSAC CREEK","1-72 FT. PREST CONC I-BEAM SPAN","PO","0","H01","W01"
"District 01","McCracken","37.057002829","-88.812246697","KYTC","KYTC","073B00133N","01","3","2021-10-20","825.0","Good","No","State","1980s","5","N","N","N","1387.0","KY-726","FORK OF MASSAC CREEK","20 X 5 X 37.5 R.C. BOX CULVERT - 2 FT FILL ON CUL.","PO","0","H01","W01"
"District 01","McCracken","37.119316728","-88.723928542","KYTC","KYTC","073B00134N","01","3","2020-12-16","6427.0","Good","No","State","1980s","5","7","7","7","589.0","KY-1420","MASSAC CREEK","60-80-60 FT TYPE 3  CONT. PREST CONC. I-BEAM SPAN","PO","0","H01","W01"
"District 01","McCracken","37.083645982","-88.645936675","KYTC","KYTC","073B00135N","01","3","2016-08-19","1580.71","Fair","Yes","State","1980s","3","N","N","N","19491.0","US-60","Perkins Creek","TRIPLE 6 X 5 X 128 FT R.C. CULVERT     7 FT FILL","PO","0","H01","W01"
"District 01","McCracken","37.048442315","-88.753466317","KYTC","KYTC","073B00136N","01","3","2023-11-28","4371.0","Fair","No","State","1980s","5","6","7","7","396.0","KY-786","P&L RAILWAY","46 - 48 - 46 FT PRECAST PREST CONC. DECK UNITS","PO","0","H01","R01"
"District 01","Lyon","37.10295091","-88.08022671","County","KYTC","072C00005N","02","3","2017-05-11","3624.0","Fair","No","Local","1970s","","6","6","8","90.0","JENKINS ROAD","P&L RAILWAY","3 SPAN CONT.: 37;49.5;40: STEEL I-BEAMS / CONCRETE DECK","PO","0","H01","R01"
"District 01","Lyon","37.101734243","-88.036804729","KYTC","KYTC","072B00052L","01","3","2017-10-11","11479.0","Fair","Yes","State","1970s","1","6","5","6","4868.0","I-69 NC","P&L RR | ELKHORN TAVERN","47-61-61-47 FT. CONT. W.F. DECK GIRDER SPANS - 30 DEG","PO","0","H01","H02, R01"
"District 01","Lyon","37.035582924","-87.973687839","County","KYTC","072C00006N","02","3","2024-06-27","1566.0","Fair","No","Local","1970s","","6","6","6","59.0","EDDY CREEK ROAD","EDDY CREEK","1 SPAN AT 85: PPC BOX BEAMS (TYPE 3)","PP","0","H01","W01"
"District 01","Lyon","37.036610996","-88.205717766","County","KYTC","072C00007N","02","3","2024-09-27","852.0","Poor","No","Local","1960s","","4","4","4","157.0","Hopewell Road","Flat Creek","1 SPAN: 40 TYPE 3 PPC SLAB BEAM","PP","0","H01","W01"
"District 01","Lyon","37.114692887","-88.157634147","County","KYTC","072C00015N","02","3","2024-09-19","1555.0","Good","No","Local","1980s","","7","7","7","26.0","BILL THOMPSON ROAD","SPRING CREEK","1-60 FT PRESTRESSED CONC. BOX BEAM - 15 DEG","PO","0","H01","W01"
"District 01","Lyon","37.05947979","-88.148353599","County","KYTC","072C00017N","02","3","2024-04-12","637.0","Fair","No","Local","1980s","","5","6","5","27.0","Poplar Creek Road","Poplar Creek","1-30 PRESTRESSED CONCRETE BOX BEAM SPAN","PO","0","H01","W01"
"District 01","Lyon","37.114254166","-88.116444369","County","KYTC","072C00019N","02","3","2024-07-09","1069.0","Fair","No","Local","1990s","","7","6","6","89.0","Glen Chapel Road","Crab Creek","1-42 FT PREST CONC DECK UNIT (HYDRO)       REPL C11","PO","0","H01","W01"
"District 01","McCracken","37.087466","-88.731026","KYTC","KYTC","073B00137N","01","3","2020-12-16","3834.0","Good","No","State","1980s","4","7","7","8","3367.0","KY-305","MASSAC CREEK","40-40-40 PPC I-BEAM SPANS","PO","0","H01","W01"
"District 01","McCracken","37.056838281","-88.621019823","KYTC","KYTC","073B00138N","01","3","2023-11-29","4851.0","Fair","No","State","1980s","4","6","7","8","6542.0","KY-994","P&L RAILWAY","46-48-44 FT. PREST CONC BOX BEAMS","PO","0","H01","R01"
"District 01","McCracken","36.961267621","-88.493204418","KYTC","KYTC","073B00140N","01","3","2022-09-01","3687.0","Poor","No","State","1980s","6","3","6","0","264.0","KY-787","E.FK. CLARKS RIVER","30 - 109 - 30 FT.SIMPLE PRESTRESSED CONC. BOX BEAM SPAN","C","0","H01","W01"
"District 01","Lyon","37.104154602","-88.153779534","County","KYTC","072C00020N","02","3","2023-09-12","792.0","Poor","No","Local","1990s","","5","5","4","273.0","Jack Thomason Road","Spring Creek","1-32 FT PRECAST ONLY CONCRETE SPAN (HYDRO)   REPL C14","PP","0","H01","W01"
"District 01","Lyon","37.084050798","-88.040137396","County","KYTC","072C00021N","02","3","2017-05-10","473.0","Fair","No","Local","1990s","","6","6","6","76.0","HEATH ROAD","LICK CREEK","1-24 FT.TIMBER BEAM SPAN","PP","0","H01","W01"
"District 01","Lyon","36.959026601","-87.989685623","County","KYTC","072C00022N","02","4","2025-05-02","651.0","Fair","No","Local","1990s","","5","6","5","273.0","Elmo Road","North Fork Dryden Creek","1-30 FT PRECAST ONLY CHANNEL SPAN (D&R BRIDGE)CASTEMAN","C","0","H01","W01"
"District 01","McCracken","36.944103743","-88.67861634","KYTC","KYTC","073B00013N","01","3","2016-08-19","1346.4","Fair","No","State","Over 75","5","N","N","N","1077.0","KY-1241","CAMP CREEK OVERFLOW","5 10X8X34 RC CLVT -2 FT FILL","PO","0","H01","W01"
"District 01","McCracken","36.943900079","-88.678835237","KYTC","KYTC","073B00014N","01","3","2016-08-19","1346.4","Fair","No","State","Over 75","5","N","N","N","1077.0","KY-1241","CAMP CREEK OVERFLOW","5 SPAN 10X8X34 RC CLVT -2 FT FILL","PO","0","H01","W01"
"District 01","McCracken","37.054515442","-88.82153102","KYTC","CONTRACT","073B00145N","01","3","2021-01-04","378.94","Fair","No","State","1990s","6","N","N","N","107.0","KY-996","BR-W.FK.MASSAC CR","2-40 LF. (810 X 6 STEEL PLATE PIPE ARCHES  30 DEG","PP","0","H01","W01"
"District 01","McCracken","37.048355104","-88.685764266","KYTC","KYTC","073B00146N","01","3","2024-12-17","6720.0","Fair","No","State","1990s","4","6","7","8","10076.0","U.S. 62","PERKINS CREEK","1-75 FT PCIB  SPANS","PO","0","H01","W01"
"District 01","McCracken","37.083027887","-88.752627286","KYTC","KYTC","073B00147N","01","3","2023-06-27","1643.0","Good","No","State","1990s","5","7","7","7","765.0","KY-725","DRY RUN CREEK","1-49.5 PREST CONC SPREAD  BOX BEAM","PO","0","H01","W01"
"District 01","McCracken","37.065734547","-88.723456321","KYTC","KYTC","073B00150N","01","3","2025-01-10","8656.0","Good","No","State","1990s","6","7","7","8","3642.0","KY-3520(old US 60)","MASSAC CREEK","50 - 80 - 50 PREST CONC I BEAM","PO","0","H01","W01"
"District 01","McCracken","37.047318943","-88.566665273","KYTC","KYTC","073B00152N","01","3","2023-03-11","108502.0","Fair","No","State","1990s","4","6","6","6","10418.0","John Puryear Drive","KY 284,P&L RR,COOK & BUL","1-42,1-78,1-82CONT PREST CONC BOX BEAMS","PO","0","H01","H02, H03, H04, H05, R01"
"District 01","McCracken","37.09849935","-88.722034966","KYTC","KYTC","073B00153N","01","3","2023-06-27","7026.0","Good","No","State","1990s","6","7","7","8","279.0","KY-2411","P&L RAILROAD","3-70.5 FT CONT PRESTRESSED CONC BOX SPRED BEAM SPANS","PO","0","H01","R01"
"District 01","McCracken","37.040796724","-88.713530902","KYTC","KYTC","073B00028N","01","3","2019-10-30","2596.0","Fair","No","State","1950s","4","N","N","N","8304.0","US-62","MASSAC CREEK OVERFLOW","DBL 10X5X30 RC CLVT - 2.5 F","PO","0","H01","W01"
"District 01","McCracken","37.066868845","-88.752356803","KYTC","KYTC","073B00030N","01","3","2022-08-03","3917.0","Poor","No","State","Over 75","6","3","4","3","1483.0","KY-3520","P&L RAILWAY","3-45 FT R.C.D.G. SPANS","PP","0","H01","R01"
"District 01","McCracken","37.066048465","-88.747360197","KYTC","KYTC","073B00033N","01","3","2022-03-04","1295.7","Fair","No","State","Over 75","6","N","N","N","1483.0","KY-3520","BLACK BRANCH","TRPL 12X6X54 RC CLVRT-45 DEG SKW -2 FT FILL","PO","0","H01","W01"
"District 01","McCracken","37.062272646","-88.794517091","KYTC","KYTC","073B00036N","01","3","2022-08-03","1194.23","Fair","No","State","Over 75","6","N","N","N","787.0","KY-3520","MASSAC CREEK OVERFLOW","TRIPLE 13 X 9 X 32 RC CULVT.","PA","0","H01","W01"
"District 01","McCracken","37.0728507","-88.751948024","KYTC","KYTC","073B00154R","01","3","2025-03-18","7062.0","Good","Yes","State","1990s","3","7","7","8","5111.0","US-60","IC RAILROAD","3-56 FT CONT PRESTRESSED CONC I BEAM SPANS","PO","0","H01","R01"
"District 01","McCracken","37.073039991","-88.733790541","KYTC","KYTC","073B00155N","01","3","2016-10-07","1292.29","Good","Yes","State","1990s","3","N","N","N","14646.0","US-60","BLACKS BRANCH","DOUBLE 15 X 10 X 189 FT RC BOX CULVERT","PO","0","H01","W01"
"District 01","McCracken","37.071671717","-88.727458295","KYTC","KYTC","073B00156R","01","3","2025-09-08","15991.0","Good","Yes","State","1990s","3","7","7","7","7323.0","US-60","W.Fork Massac overflow","5-70 FT CONT PCIB SPANS","PO","0","H01","W01"
"District 01","McCracken","37.057879666","-88.804922934","KYTC","KYTC","073B00158N","01","3","2024-02-14","1536.0","Fair","No","State","2000s","6","6","7","6","65.0","KY-996","WEST FK MASSAC CREEK","1-64 FT PRESTRESSED CONC DECK UNITS SPANS","PO","0","H01","W01"
"District 01","McCracken","37.062492383","-88.798630065","KYTC","KYTC","073B00038N","01","3","2022-08-03","626.97","Fair","No","State","Over 75","6","N","N","N","787.0","KY-3520","MASSAC CREEK OVERFLOW","DBL 10 X 9 X 32 CONC. CULV","PA","0","H01","W01"
"District 01","McCracken","37.094391802","-88.70349672","KYTC","KYTC","073B00040N","01","3","2022-07-06","6620.0","Fair","No","State","1950s","4","6","5","6","5880.0","CAIRO ROAD","P&L RAILWAY","3-56 FT R.C.D.G. SPANS - 50 DEG 43 MIN SKEW","PP-T","0","H01","R01"
"District 01","McCracken","37.094380136","-88.63805217","KYTC","KYTC","073B00043N","01","3","2023-02-06","5082.0","Fair","No","State","Over 75","4","6","5","6","7619.0","KY-305(Cairo Road)","PERKINS CREEK","5-30 FT R.C.D.G. SPANS","PP","0","H01","W01"
"District 01","McCracken","37.094349161","-88.731409097","KYTC","KYTC","073B00045N","01","3","2022-10-21","11802.0","Fair","No","State","1950s","4","6","5","5","3095.0","KY-358","MASSAC CREEK","8-30 FT AND 3-50 FT R.C.D.G. SPANS - 0 DEG SKEW","PP","0","H01","W01"
"District 01","McCracken","37.062408036","-88.797200017","KYTC","KYTC","073B00037N","01","3","2022-07-08","1552.0","Fair","No","State","Over 75","6","5","5","5","787.0","KY-3520","WEST FORK MASSAC CREEK","1-40 FT R.C.D.G. SPAN","PA","0","H01","W01"
"District 01","Marshall","36.842381","-88.392906","KYTC","CONTRACT","079B00156N","01","3","2020-10-29","0.0","Good","No","State","2010s","5","N","N","N","1042.0","KY-2606","GIBSON CREEK","SINGLE 28.5' X 31.75' ALUMINUM BOX CULVERT WITH 6' RISE","PO","0","H01","W01"
"District 01","McCracken","37.071749951","-88.724140582","KYTC","KYTC","073B00164L","01","3","2025-03-26","22908.0","Good","Yes","State","2000s","3","7","8","7","7323.0","US-60","OVER W. FORK  MASSAC CR","125 - 125 - 125 - 125  PCIB TY. 4 SPANS","PO","0","H01","W01"
"District 01","McCracken","37.071555673","-88.724138688","KYTC","KYTC","073B00164R","01","3","2025-03-26","22908.0","Good","Yes","State","2000s","3","7","8","7","7323.0","US-60","OVER  MASSAC CREEK","125 - 125 - 125 - 125 PCIB SPANS TY. 4","PO","0","H01","W01"
"District 01","McCracken","37.071521914","-88.722159245","KYTC","KYTC","073B00165R","01","3","2025-03-28","16444.0","Good","Yes","State","2000s","3","7","7","8","7323.0","US-60","OVER MASSAC CR. OVERFLOW","90 - 90 - 90 - 90 PCIB SPANS CONT. TY.4","PO","0","H01","W01"
"District 01","McCracken","37.091696441","-88.691493855","KYTC","KYTC","073B00166N","01","3","2013-12-05","9461.0","Fair","No","State","2000s","4","7","6","8","4977.0","KY-998","OVER P & I RAILROAD","1-108 PRECAST PRESTRESSED CONC. I-BEAM","PO","0","H01","R01"
"District 01","McCracken","37.082384804","-88.777926937","KYTC","KYTC","073B00049N","01","3","2025-06-16","3944.0","Fair","No","State","1960s","5","7","6","7","1915.0","KY-724","WEST FORK OF MASSAC CREE","4-30 FT R.C.D.G. SPANS - 30 DEG SKEW","PO","0","H01","W01"
"District 01","McCracken","36.956648706","-88.54345776","KYTC","KYTC","073B00055N","01","3","2022-07-06","3982.0","Fair","No","State","Over 75","5","5","6","5","1545.0","KY-450","WEST FORK OF CLARKS RIVE","4-35 FT R.C.D.G. SPANS - 30 DEG SKEW","PP-T","0","H01","W01"
"District 01","McCracken","36.96086866","-88.721040955","KYTC","KYTC","073B00057N","01","3","2025-02-10","1629.0","Poor","No","State","1960s","5","4","5","3","783.0","KY-339","BRANCH OF MAYFIELD CREEK","3-20   PRECAST NOT PRESTRESSED CONCRETE SPAN -00 DEG","PA","0","H01","W01"
"District 01","McCracken","37.035733492","-88.534681111","KYTC","KYTC","073B00059N","01","3","2022-11-29","9715.0","Fair","Yes","State","1960s","3","6","5","6","6423.0","U.S. 60 Ramp","US 62/US 60","60 FT 80 FT 60 FT CONT RCDG UNIT 38 DEG 08 MIN SKEW","PO","0","H01","H02"
"District 01","McCracken","36.994744798","-88.505869398","KYTC","KYTC","073B00060L","01","3","2018-01-29","9852.0","Fair","No","State","1970s","3","7","7","6","4019.0","US 68 NC","I-24","TWIN(2-91.5 FT CONT STEEL COMP GIRDER SPANS, 0 DEG SKEW","PO","0","H01","H02, H03"
"District 01","McCracken","36.994740981","-88.506098766","KYTC","KYTC","073B00060R","01","3","2018-01-29","9852.0","Good","No","State","1970s","3","7","7","7","4019.0","US-68","I-24","TWIN(2-91.5 FT CONT STEEL COMP GIRDER SPANS, 0 DEG SKEW","PO","0","H01","H02, H03"
"District 01","McCracken","36.946634749","-88.644917264","County","KYTC","073C00010N","02","3","2023-09-18","643.0","Poor","No","Local","1970s","","5","4","3","127.0","THE OLD HOUSER RD","CAMP CREEK","1-29 FT. SPAN STEEL I-BEAMS","PP","0","H01","W01"
"District 01","McCracken","37.006621397","-88.752006016","County","KYTC","073C00021N","02","3","2013-01-11","660.0","Fair","No","Local","1970s","","5","6","5","142.0","NEW HOPE CHURCH RD","BR-MIDDLE FK MASSAC CREE","1-28.5 FT. SPAN STEEL I-BEAMS","PP","0","H01","W01"
"District 01","McCracken","37.034494827","-88.534183805","KYTC","KYTC","073B00061N","01","3","2022-10-10","7667.0","Fair","Yes","State","1960s","3","6","5","7","17876.0","US-62-10","P&L RAILWAY","2-35 FT 1-50 FT 2-35 FT RC DG SPANS 32 DEG 35 MIN 30 SE","PO","0","H01","R01"
"District 01","McCracken","37.035174837","-88.535824637","KYTC","KYTC","073B00062N","01","3","2018-10-17","6293.0","Poor","Yes","State","Over 75","3","5","4","4","17876.0","US-60","P&L RAILWAY","4-38 FT RCDG SPANS & 1-71 FT STEEL I BEAM SPAN","PP","0","H01","R01"
"District 01","McCracken","37.023752153","-88.702366029","KYTC","KYTC","073B00079N","01","3","2022-06-16","3696.0","Fair","No","State","1950s","5","7","6","6","3091.0","KY-1322","DRAINAGE DITCH","4-30 FT RCDG SPANS 0 DEG SKEW","PA","0","H01","W01"
"District 01","McCracken","37.008594504","-88.765759648","KYTC","KYTC","073B00082N","01","3","2019-10-30","795.0","Fair","No","State","1950s","5","N","N","N","540.0","KY-1322","UNNAMED STREAM","DBL 10X4X33 RC CLVT-30 DEG SKW -2 FT FILL","PO","0","H01","W01"
"District 01","McCracken","37.114025768","-88.78643115","KYTC","CONTRACT","073B00084N","01","3","2017-10-04","1131.0","Fair","No","State","1950s","4","N","N","N","730.0","KY-358","LITTLE BAYOU CREEK","DBL 14X10X39 RC CLVT -3.5 FT FILL","PO","0","H01","W01"
"District 01","McCracken","37.144739589","-88.827088752","KYTC","KYTC","073B00085N","01","3","2025-06-17","4637.0","Fair","No","State","1950s","4","7","6","7","730.0","KY-358","BAYOU CREEK","3-45 FT RCDG SPANS 0 DEG SKEW","PO","0","H01","W01"
"District 01","McCracken","37.15969676","-88.878395531","KYTC","KYTC","073B00086N","01","3","2023-08-01","1033.0","Poor","No","State","1960s","5","6","5","4","623.0","KY-358","NEWTONS CREEK","1-40 FT PRESTRESSED CONCRETE SPAN","PA","0","H01","W01"
"District 01","Graves","36.726041812","-88.794611994","KYTC","KYTC","042B00217N","01","3","2025-05-12","7669.0","Fair","No","State","1980s","5","6","7","7","534.0","KY-339","P&L RAILWAY","80-80-80 FT. CONT. PREST. CONC. I-BEAM SPANS","PO","0","H01","R01"
"District 01","Hickman","36.534470261","-88.84964241","KYTC","KYTC","053B00068N","01","3","2024-11-27","7293.0","Fair","No","State","1960s","5","6","7","6","18.0","KY-2569","JACKSON PURCHASE PARKWAY","2-27.4RCDG& 2-91 FT CONT.RC BOX GIRDERS","PO","0","H01","H02, H03"
"District 01","Hickman","36.561352169","-88.859705453","KYTC","KYTC","053B00069N","01","3","2019-10-30","1158.0","Fair","No","State","1950s","6","N","N","N","17.0","KY-1698","CANE CREEK","DBL 10X9X39 RC CLVT-45 DEG SKW -10 INCH FILL INCL PVMNT","PO","0","H01","W01"
"District 01","Hickman","36.558255254","-88.852089706","KYTC","KYTC","053B00070N","01","3","2022-08-03","324.48","Fair","No","State","1950s","6","N","N","N","17.0","KY 1698","Came Creel","DBL 10X6X34 RC CLVT -3.5 FT FILL","PP","0","H01","W01"
"District 01","Hickman","36.669825845","-88.953776471","KYTC","KYTC","053B00072N","01","3","2018-08-07","3329.0","Fair","No","State","1960s","5","6","5","6","371.0","KY-123","CANE CREEK","3-35 FT RCDG SPANS-30 DEG SKEW","PD","0","H01","W01"
"District 01","Hickman","36.671070834","-88.883547595","KYTC","KYTC","053B00074N","01","3","2020-04-07","337.6","Fair","No","State","1950s","5","N","N","N","137.0","KY-1708","LITTLE BUGGS CREEK","DBL 10X6X36 RC CLVT -5 FT FILL","PO","0","H01","W01"
"District 01","Hickman","36.699970924","-88.960073536","KYTC","KYTC","053B00066N","01","3","2025-08-07","3074.0","Fair","No","State","1950s","5","6","6","6","532.0","KY-703","BRUSH CREEK","2-25 FT & 1-50 FT RCDG SPANS 45 DEG SKEW","PP","0","H01","W01"
"District 01","Hickman","36.67105775","-88.997282689","KYTC","KYTC","053B00079N","01","3","2022-08-03","722.0","Poor","No","State","1970s","6","6","4","6","441.0","KY-1826","TOWN CREEK (IN CLINTON)","1-27 FT STEEL WF BEAM SPAN -STEEL OPEN GRD DK-CONC CAPS","PP","0","H01","W01"
"District 01","Hickman","36.719761607","-89.03839501","KYTC","KYTC","053B00039N","01","3","2025-08-07","2535.0","Fair","No","State","Over 75","4","6","5","6","627.0","KY-58","FORK OF OBION CREEK APPR","3-30 FT RCDG SPANS","PP","0","H01","W01"
"District 01","Hickman","36.721130212","-89.039606956","KYTC","KYTC","053B00040N","01","3","2016-08-04","1220.4","Fair","No","State","Over 75","4","N","N","N","627.0","KY-58","UNNAME STREAM","QNTPL 10X8X35 RC CLVT -4 FT FILL","PO","0","H01","W01"
"District 01","Hickman","36.667051698","-88.997209871","KYTC","KYTC","053B00076N","01","3","2019-10-30","2101.12","Fair","No","State","1960s","4","5","7","5","2366.0","KY-58","IC (SOU) RAILROAD","1-14X3X134 & 1-10X3X55 RC CLVT -NO FILL-COMMON OUTLET","PO","0","H01","W01"
"District 01","Hickman","36.72724643","-89.044489195","KYTC","KYTC","053B00043N","01","3","2025-08-07","1684.0","Fair","No","State","Over 75","4","6","6","6","627.0","KY-58","FORK OF OBION CREEK","2-30 FT RCDG SPANS","PP","0","H01","W01"
"District 01","Hickman","36.646730739","-89.02568392","KYTC","KYTC","053B00045N","01","3","2019-10-30","1012.0","Fair","No","State","Over 75","4","N","N","N","1014.0","KY-239","UNNAMED STREAM","DBL 10X8X44 RC CLVT -2.5 FT FILL","PO","0","H01","W01"
"District 01","Hickman","36.616628515","-89.030038023","KYTC","KYTC","053B00046N","01","3","2025-02-05","2564.0","Fair","No","State","Over 75","4","6","6","6","1014.0","KY 239","Bayou De Chien Overflow","3-30 FT CONCRETE DECK GIRDER SPANS","PP","0","H01","F01"
"District 01","Hickman","36.615331417","-89.030167996","KYTC","KYTC","053B00047N","01","3","2025-08-07","4530.0","Fair","No","State","Over 75","4","6","6","6","1014.0","KY 239","Bayou de Chien Dredge D","4-30 FT & 1-40 FT CONCRETE DECK GIRDER SPANS 45 DEG SKE","PP","0","H01","W01"
"District 01","Hickman","36.620428864","-88.871329638","KYTC","KYTC","053B00017N","01","3","2025-07-23","2576.0","Poor","No","State","Over 75","4","6","5","4","726.0","KY 307","North Fork Bayou de Chie","2-25 FT & 1-50 FT RCDG SPANS 45 DEG SKEW","PO","0","H01","W01"
"District 01","Hickman","36.680063552","-88.871084859","KYTC","KYTC","053B00018N","01","3","2016-05-05","460.3","Fair","No","State","Over 75","4","N","N","N","693.0","KY-307","BURGESS CREEK","DBL 10X8X28 RC CLVT -2.5 FT FILL","PO","0","H01","W01"
"District 01","Hickman","36.74142901","-88.868661056","KYTC","KYTC","053B00021N","01","3","2022-09-22","4757.0","Fair","No","State","Over 75","4","6","5","6","1009.0","KY-307","OBION CREEK OVERFLOW","6-30 FT RCDG SPANS ON 18 INCH RC PILE BENTS 0 DEG SKEW","PA","0","H01","W01"
"District 01","Hickman","36.655325668","-88.81908465","KYTC","KYTC","053B00023N","01","3","2016-08-04","573.0","Fair","No","State","Over 75","4","N","N","N","1342.0","KY-58","JACKSON CREEK","DBL 10X5X26 RC CLVT -1.8 FT FILL","PO","0","H01","W01"
"District 01","Hickman","36.560026561","-88.817026389","KYTC","KYTC","053B00024N","01","3","2016-09-09","588.0","Fair","No","State","Over 75","4","N","N","N","1457.0","US-45","Zion Branch","DBL 10X4X28 RC CLVT -2 FT FILL","PO","0","H01","W01"
"District 01","Hickman","36.73197418","-88.868712616","KYTC","KYTC","053B00019N","01","3","2022-09-22","8710.0","Fair","No","State","Over 75","4","6","5","6","1009.0","KY-307","CYPRESS CREEK","11-30 FT RCDG SPANS ON 18 INCH RC PILE BENTS 0 DEG SKEW","PP-T","0","H01","W01"
"District 01","Calloway","36.651774","-88.287944","KYTC","KYTC","018B00129R","01","3","2014-04-15","10240.0","Good","Yes","State","2000s","3","7","8","7","2462.0","KY-80","BRIDGE OVER UNNAM CREEK","73.8'-78.7'-73.8' PPC I Beam Span 23 DEG SK. RT","PO","0","H01","W01"
"District 01","Calloway","36.651964","-88.287862","KYTC","KYTC","018B00129L","01","3","2014-04-15","10240.0","Good","Yes","State","2000s","3","8","8","8","2462.0","KY-80","UNNAMED STREAM","73.8'-78.7'-73.8' PPC I-Beam Span","PO","0","H01","W01"
"District 01","Calloway","36.651606","-88.28172","KYTC","KYTC","018B00130R","01","3","2014-04-15","33628.0","Poor","Yes","State","2000s","3","7","7","4","2462.0","KY-80","CLARKS RVR & CLAYTON CRK","2-59' & 6-105'  PPC I-BEAM SPANS","PO","0","H01","W01, W02"
"District 01","Calloway","36.711283","-88.18386","KYTC","KYTC","018B00131R","01","3","2023-06-27","12176.0","Fair","Yes","State","2000s","3","7","6","6","2293.0","KY-80","LITTLE JONATHAN CREEK","3-90' PRECAST CONC. I-BEAM TY. 4 28 DEGREE SK RT","PO","0","H01","W01"
"District 01","Calloway","36.666729","-88.206147","KYTC","KYTC","018B00133L","01","3","2023-03-14","6868.0","Fair","Yes","State","2000s","3","6","8","8","2462.0","KY-80","JONATHAN CREEK","39.4'-72.2'-39.4' PCIB CONT. TY. III 11 DEGREE SK. LT","PO","0","H01","W01"
"District 01","Hickman","36.639056832","-88.862038757","County","KYTC","053C00054N","02","3","2024-02-12","651.0","Fair","No","Local","1990s","","6","6","6","25.0","HUMPHREY ROAD","BRANCH SAND CREEK","1-30 FT PRECAST ONLY CHANNEL SPAN","PP","0","H01","W01"
"District 01","Hickman","36.725047352","-89.019448074","County","KYTC","053C00055N","02","3","2015-06-08","700.0","Fair","No","Local","1990s","","6","6","6","273.0","HARPER ROAD","BR OBION CR","1-36 FT TIMBER BEAM SPAN","PP","0","H01","W01"
"District 01","Hickman","36.611090115","-89.03930803","County","KYTC","053C00056N","02","3","2024-05-16","1606.0","Fair","No","Local","1990s","","6","7","6","29.0","DEWEESE ROAD","BAYOU DE CHIEN CREEK","1-74 FT PREST CONC BOX BEAM SPAN  (HYDROCONDUIT)REP C24","PO","0","H01","W01"
"District 01","Calloway","36.711445","-88.184026","KYTC","KYTC","018B00131L","01","3","2023-06-27","12176.0","Fair","Yes","State","2000s","3","7","6","6","2293.0","KY-80","JONATHAN CREEK","3-90' PRECAST CONCRETE I-BEAM CONT. TY. 4","PO","0","H01","W01"
"District 01","Hickman","36.656007399","-88.941502757","County","KYTC","053C00058N","02","3","2024-02-13","893.0","Fair","No","Local","1990s","","6","6","6","10.0","HATCH ROAD","CANE CK FK-OBION CREEK","1- 44 FT PRESTRESSED CONCRETE BOX BEAM SPAN","PP","0","H01","W01"
"District 01","Hickman","36.599117982","-88.909060986","County","KYTC","053C00059N","02","3","2024-05-16","1052.0","Fair","No","Local","1990s","","6","7","6","6.0","COOLEY ROAD","CANE CREEK","1-52  FT PRESTRESSED CONC BOX BEAM SPAN (HYDRO)","PO","0","H01","W01"
"District 01","Hickman","36.560555072","-88.87008342","KYTC","KYTC","053B00103N","01","3","2023-11-29","4018.0","Good","No","State","2000s","6","7","8","8","17.0","KY-1698","OVER IC RAILROAD (NOR.)","43.29 - 56.08 - 43.29 PPC BOX BEAMS 21 DEG SK. RT","PO","0","H01","R01"
"District 01","Hickman","36.635439141","-88.976202697","KYTC","KYTC","053B00104N","01","4","2024-01-23","899.0","Poor","No","State","1960s","5","5","4","2","140.0","KY-780","OVER BAYOU DE CHIEN","1-32 STEEL BEAM SPAN","C","0","H01","W01"
"District 01","Hickman","36.62744674","-88.844156308","County","CONTRACT","053C00009N","02","3","2020-11-05","384.0","Fair","No","Local","1970s","","N","N","N","30.0","JACKSON CHAPEL ROA","SAND CREEK","CLVT-3 6 FT PIPES -3 FT FILL OVER","PP","0","H01","W01"
"District 01","Hickman","36.691544788","-88.940120289","County","KYTC","053C00061N","02","3","2025-02-28","733.0","Good","No","Local","1990s","","7","7","7","13.0","SWEEZY ROAD","BRUSH CREEK","1- 36  FT. PRESTRESSED CONC BOX BEAM SPAN","PP-T","0","H01","W01"
"District 01","Hickman","36.597448026","-88.840789915","County","KYTC","053C00010N","02","3","2023-09-11","873.0","Fair","No","Local","1970s","","6","5","6","273.0","ROSE ROAD","BR OF BAYOU DU CHIEN","1-31.5 FT. SPAN: PRECAST CONCRETE T-BEAM TYPE 2","PO","0","H01","W01"
"District 01","Hickman","36.669975379","-88.994595061","City","KYTC","053C00038N","04","3","2022-08-03","690.0","Fair","No","Local","Over 75","","7","6","6","273.0","JEFFERSON STREET","BR OF CANE CREEK","1-22 FT. SPAN: STEEL I-BEAMS","PP","0","H01","W01"
"District 01","Hickman","36.656345057","-88.835029544","KYTC","CONTRACT","053B00093N","01","3","2022-08-03","782.0","Poor","No","State","1970s","5","5","4","5","125.0","KY 3061","Br of Brush Creek (East)","1-31 SPAN PRECAST TYPE 2 CONCRETE T-BEAM","PP","0","H01","W01"
"District 01","Hickman","36.667108724","-88.990189518","KYTC","KYTC","053B00095N","01","3","2023-11-29","751.0","Good","No","State","1980s","5","7","7","7","789.0","KY-123","BRANCH OF SPRING CREEK","1-28 FT. PREST CONC DECK UNIT","PO","0","H01","W01"
"District 01","Hickman","36.753836575","-89.003089047","KYTC","KYTC","053B00096N","01","3","2023-06-27","7000.0","Fair","No","State","1990s","3","6","6","8","1611.0","US-51","OBION CREEK","45 - 55 - 45 FT CONT PCIB SPAN","PO","0","H01","W01"
"District 01","Hickman","36.649582228","-88.99795791","KYTC","KYTC","053B00100N","01","3","2025-03-17","6545.0","Good","No","State","1990s","5","7","8","8","140.0","KY-780","CANADIAN NATIONAL RAIL","59-95-54 CONT PRESTRESSED CONC TYPE4 I-BEAM SPANS","PO","0","H01","R01"
"District 01","Graves","36.860586017","-88.572199924","KYTC","KYTC","042B00208N","01","3","2023-09-21","2317.0","Good","No","State","1980s","4","7","7","7","2122.0","KY-131","SPRING CREEK OVERFLOW","1-53.5 PREST CONC SPREAD BOX BEAM SPAN","PO","0","H01","W01"
"District 01","Graves","36.862400954","-88.572617946","KYTC","KYTC","042B00209N","01","3","2023-02-06","4741.0","Good","No","State","1980s","4","7","7","7","2122.0","KY 131","Spring Creek","28-53-28 CONT PRES SPREAD CONC BOX BEAMS","PO","0","H01","W01"
"District 01","Graves","36.86384852","-88.57294222","KYTC","KYTC","042B00210N","01","3","2023-09-21","2317.0","Good","No","State","1980s","4","7","7","7","2122.0","KY 131","Spring Creek Overflow","1-53.5 PREST CONC SPREAD BOX BEAM SPAN","PO","0","H01","F01"
"District 01","Graves","36.930114368","-88.673380118","KYTC","KYTC","042B00212L","01","3","2021-03-26","14327.0","Fair","Yes","State","1980s","3","7","7","6","6500.0","US-45","Mayfield Creek","90 - 140 - 90 FT. CONT. W.S.P. GIRDER SPANS","PO","0","H01","W01"
"District 01","Graves","36.841895474","-88.661072347","KYTC","KYTC","042B00214L","01","3","2024-11-12","4879.0","Fair","Yes","State","1970s","3","6","7","8","6826.0","US-45","STAFFORDS CREEK","1-107 FT. PREST CONC. I-BEAM SPAN","PO","0","H01","W01"
"District 01","Graves","36.84196689","-88.660766021","KYTC","KYTC","042B00214R","01","3","2024-11-12","4879.0","Fair","Yes","State","1970s","3","6","8","8","6826.0","US-45","STAFFORDS CREEK","1-107 FT. PREST CONC. I-BEAM SPAN","PO","0","H01","W01"
"District 01","Trigg","36.731691","-87.775632","County","KYTC","111C00039N","02","3","2024-10-16","1200.0","Good","No","Local","2010s","","7","8","7","273.0","DELMONT CHURCH RD","SKINNER CREEK","1-50' PRECAST PRESTRESSED CON. BOX BEAM","PO","0","H01","W01"
"District 01","Graves","36.924131","-88.77","County","KYTC","042C00326N","02","3","2025-09-10","4862.0","Good","No","Local","2010s","","8","8","8","19.0","White Mountian Rd.","IC RAILROAD","44' - 96' - 44' PRESTRESSED CONCRETE I-BEAM SPANS","PO","0","H01","R01"
"District 01","Lyon","37.048566","-88.159732","County","KYTC","072C00027N","02","3","2025-05-01","468.0","Good","No","Local","2000s","","7","7","7","19.0","Parrish Road","Unnamed Stream","1 - 24' TIMBER SLAB BEAM SPAN","PP","0","H01","W01"
"District 01","Marshall","36.933568842","-88.48341339","County","KYTC","079C00038N","02","3","2015-11-24","902.0","Fair","No","Local","1980s","","6","6","6","225.0","OAK LEVEL ELVA RD","LICK CREEK","2-20.5 FT. TIMBER STRINGER SPANS","PP","0","H01","W01"
"District 01","Marshall","36.755318896","-88.431254045","County","KYTC","079C00039N","02","3","2017-02-07","1542.0","Fair","No","Local","1980s","","7","6","7","61.0","CHESTER RD","DUNCAN CREEK","2-28.5 FT.TIMBER STRINGER SPANS","PP","0","H01","W01"
"District 01","Marshall","36.780209157","-88.408754058","County","KYTC","079C00040N","02","3","2022-12-13","686.0","Good","No","Local","1970s","","7","7","7","101.0","WILKINS RD","PATTY CREEK","1-32 FT PREST. CONC. DECK UNIT","PO","0","H01","W01"
"District 01","Marshall","36.946610997","-88.463591222","County","KYTC","079C00041N","02","3","2023-03-02","3118.0","Fair","No","Local","1980s","","7","6","7","226.0","SHARPE /ELVA RD","EAST FORK CLARKS RIVER","28-34SLAB SPANS & 1-68 PREST CONC. BOX BEAMS","PO","0","H01","W01"
"District 01","Marshall","36.7760358","-88.195922451","County","KYTC","079C00042N","02","3","2018-12-03","1152.0","Fair","No","Local","1980s","","8","5","8","273.0","UNITY CHURCH RD E","CLEAR CREEK","1-21.5 & 1-25.7 TIMBER STRINGER SPAN","PP","0","H01","W01"
"District 01","Marshall","36.983379765","-88.436031583","County","KYTC","079C00029N","02","3","2023-12-01","853.0","Poor","No","Local","1970s","","6","4","4","273.0","MOUNT MORIAH RD","BR. LITTLE CYPRESS CREEK","1-31 FT PREST  CONC BOX BEAM SPAN","PP","0","H01","W01"
"District 01","Marshall","36.914658221","-88.286557633","County","KYTC","079C00036N","02","3","2017-11-21","720.0","Fair","No","Local","1970s","","6","7","6","273.0","COLDWATER LN","LITTLE BEAR CREEK","1-30 FT. SIMPLE CLEAR SPAN - STEEL WF BEAMS","PO","0","H01","W01"
"District 01","Marshall","37.016422222","-88.460541667","County","KYTC","079C00104N","02","3","2021-11-04","1080.0","Good","No","Local","2020s","","N","N","N","273.0","Little Cypress Rd","LITTLE WHITE OAK CREEK","24.67' X 10.5' X 36' ALUM. BOX CULVERT","PO","0","H01","W01"
"District 01","Marshall","36.808217789","-88.337230404","County","KYTC","079C00046N","02","3","2022-11-29","1278.0","Fair","No","Local","1980s","","6","5","5","83.0","HUNTER RD","SOUTH FORK","3-20 PRECAST NOT PRESTRESSED CONCRETE SPANS","PP","0","H01","W01"
"District 01","Marshall","36.79254961","-88.413563368","County","KYTC","079C00049N","02","3","2024-11-15","1278.0","Poor","No","Local","1980s","","6","4","4","92.0","LELA GREEN RD","SOLDIER CREEK","1-60 PRESTRESSED CONCRETE BOX BEAM","PP","0","H01","W01"
"District 01","Marshall","36.965371328","-88.313349031","County","KYTC","079C00050N","02","3","2018-02-07","776.0","Fair","No","Local","1980s","","6","6","6","273.0","ENGLISH RD","CYPRESS CREEK","2-20 FT TIMBER STRINGER SPANS","PA","0","H01","W01"
"District 01","Marshall","36.822282929","-88.30422998","County","KYTC","079C00051N","02","3","2018-02-07","1182.0","Fair","No","Local","1980s","","7","5","7","153.0","DOGTOWN RD","BEAVER DAM CREEK","18 FT - 24 - 18 TIMBER STRINGER SPANS","PP","0","H01","W01"
"District 01","Marshall","36.940512499","-88.466452672","County","KYTC","079C00052N","02","3","2018-02-07","1515.0","Fair","No","Local","1990s","","6","6","6","226.0","SHARPE ELVA RD","BR E FK CLARKS RIVER","3-26 FT TIMBER STRINGER SPANS","PP","0","H01","W01"
"District 01","Marshall","36.909423313","-88.444702432","County","KYTC","079C00053N","02","3","2023-11-27","914.0","Good","No","Local","1990s","","7","7","7","35.0","NEW HARMONY RD","HARRISON CREEK","1-38 FT PREST CONC BOX BEAM SPAN             REPL C35","PO","0","H01","W01"
"District 01","Marshall","36.775963333","-88.381089161","County","KYTC","079C00055N","02","3","2024-08-20","1296.0","Good","No","Local","1990s","","7","7","7","20.0","GORE CEMETERY LN","SOUTH FORK SOLDIER CREEK","1-54 FT PREST CONC BOX BEAM SPANS             REPL C14","PO","0","H01","W01"
"District 01","Graves","36.507343978","-88.610109599","County","KYTC","042C00283N","02","3","2024-11-27","622.0","Fair","No","Local","1990s","","5","6","6","57.0","WARREN ROAD","BRANCH - POWELL CREEK","1- 34 FT STEEL BEAM SPAN W/ STEEL DECK","PA","0","H01","W01"
"District 01","Graves","36.598712927","-88.743813648","County","KYTC","042C00284N","02","3","2024-02-13","1550.0","Fair","No","Local","1990s","","6","5","6","273.0","WRAY ROAD","BRUSH CREEK","1- 63 FT PRESTRESSED CONCRETE BOX BEAM SPAN","PP","0","H01","W01"
"District 01","Graves","36.836283174","-88.594731443","County","KYTC","042C00285N","02","3","2023-10-31","1430.0","Good","No","Local","1990s","","7","7","7","65.0","HERMAN ROAD","HASKELL CREEK","1- 58 FT PRESTRESSED CONCRETE BOX BEAM SPAN","PO","0","H01","W01"
"District 01","Marshall","36.76456218","-88.300665896","City","KYTC","079C00056N","04","3","2024-11-22","418.0","Poor","No","Local","1990s","","6","4","6","154.0","4TH ST IN HARDIN","MARTINS CREEK","1-24 FT TIMBER BEAM SPAN                       REPL C12","PP","0","H01","W01"
"District 01","Marshall","36.759221914","-88.295312775","County","KYTC","079C00057N","02","3","2024-08-20","1088.0","Fair","No","Local","1990s","","6","7","6","273.0","TROUT RD","WADES CREEK","1-68 FT PREST CONC BOX BEAM SPAN (HYDRO) (BY OAKLEY )","PO","0","H01","W01"
"District 01","Marshall","37.028537819","-88.44867777","County","KYTC","079C00059N","02","3","2013-11-13","3276.0","Fair","No","Local","1990s","","6","5","6","424.0","SHAR-CAL RD","LITTLE CYPRESS CREEK","7-24 FT TIMBER  BEAM SPANS","PP","0","H01","W01"
"District 01","Marshall","36.942144676","-88.402470452","County","KYTC","079C00061N","02","3","2022-08-03","385.83","Fair","No","Local","1990s","","N","N","N","195.0","NEW HOPE RD","SALYER CREEK","TRPL 7.5X7.5X24 TREATD TMBR CLVT-2 FT FILL(GRVL)","PP","0","H01","W01"
"District 01","Marshall","37.034595032","-88.345310031","County","KYTC","079C00062N","02","3","2021-11-16","968.0","Fair","No","Local","1990s","","6","6","6","273.0","DR SMITH LN","CYPRESS CREEK","12-26-12 TREATED TIMBER SPANS","PP","0","H01","W01"
"District 01","Marshall","37.009062698","-88.434007078","County","KYTC","079C00063N","02","3","2024-08-20","1512.0","Good","No","Local","1990s","","7","7","7","408.0","LITTLE CYPRESS RD","LITTLE CYPRESS CREEK","1- 63 FT PRESTRESSED CONCRETE BOX BEAM SPAN","PO","0","H01","W01"
"District 01","Marshall","37.01383853","-88.422971206","County","KYTC","079C00065N","02","3","2024-08-20","1198.0","Good","No","Local","1990s","","7","7","7","273.0","WALKER HARRIS RD","ANGLE CREEK","1-50  FT PRESTRESSED CONC BOX BEAM SPAN","PO","0","H01","W01"
"District 01","Graves","36.508097309","-88.5084905","County","KYTC","042C00289N","02","3","2024-11-26","1032.0","Good","No","Local","1990s","","7","7","7","19.0","ALDERDICE ROAD","BR-TERRAPIN CREEK","1-43  FT PRESTRESSED CONC BOX BEAM SPAN","PO","0","H01","W01"
"District 01","Graves","36.502151932","-88.554415708","County","KYTC","042C00290N","02","3","2024-04-26","1320.0","Good","No","Local","1990s","","7","7","7","73.0","EMERSON ROAD","BR-TERRAPIN CREEK","1-55  FT PRESTRESSED CONC BOX BEAM SPAN","PO","0","H01","W01"
"District 01","Graves","36.562925575","-88.532517416","County","KYTC","042C00291N","02","3","2024-04-26","1179.0","Good","No","Local","1990s","","7","7","7","213.0","SWAN ROAD","TERRAPIN CREEK","1-58  FT PRESTRESSED CONC BOX BEAM SPAN (M-GILBERT)","PO","0","H01","W01"
"District 01","Graves","36.605425045","-88.712305244","County","KYTC","042C00286N","02","3","2024-04-26","1296.0","Fair","No","Local","1990s","","6","5","6","79.0","WAGGONER BOTTOM RD","BARN CREEK","1- 54 FT PRESTRESSED CONCRETE BOX BEAM SPAN","PO","0","H01","W01"
"District 01","Graves","36.709726244","-88.541822227","County","KYTC","042C00287N","02","3","2024-03-07","1380.0","Good","No","Local","1990s","","7","7","7","273.0","STOKES ROAD","VULTON CREEK","1-63 FT. PRESTRESSED CONC BOX BEAM SPAN (KYLER)","PO","0","H01","W01"
"District 01","Marshall","36.786434625","-88.414297514","County","KYTC","079C00067N","02","3","2024-11-15","466.0","Poor","No","Local","1990s","","6","4","6","20.0","TREAS CEMETERY RD","PATTY CREEK","1-24 FT  TIMBER SPAN","PP","0","H01","W01"
"District 01","Marshall","37.029527247","-88.413054953","County","KYTC","079C00066N","02","3","2018-02-07","1377.0","Fair","No","Local","1990s","","6","6","6","273.0","MCFARLAN RD","CYPRESS CREEK","22 - 24 - 24 FT TIMBER SPANS","PP","0","H01","W01"
"District 01","Fulton","36.515283","-89.182147","County","CONTRACT","038C00027N","02","3","2021-01-04","654.0","Good","No","Local","2010s","","N","N","N","273.0","MANGOLD RD.","UNNAMED STREAM","SINGLE 27' X 4.9' X 30.3' ALUMINUM BOX CULVERT","PP","0","H01","W01"
"District 01","Ballard","37.081931445","-88.886254468","KYTC","KYTC","004B00013N","01","3","2016-06-16","582.92","Fair","Yes","State","Over 75","3","N","N","N","7187.0","US-60","PAGE BRANCH","DBL 8X5X39.58 RC CLVT -45 DEG SKW -2 FT FILL","PO","0","H01","W01"
"District 01","Ballard","36.966441987","-89.085223705","KYTC","KYTC","004B00052N","01","3","2023-02-27","586.0","Fair","No","State","1960s","5","6","6","6","270.0","KY-1290","UNNAMED STREAM","1-22 FT PRESTRESSED CONCRETE SPAN","PP","0","H01","W01"
"District 01","Calloway","36.523032853","-88.380699224","KYTC","KYTC","018B00122N","01","3","2023-11-29","1298.0","Good","No","State","1990s","5","8","8","8","298.0","KY-783","FARLEY BRANCH","1-54        FT PRESTRESSED CONC-BOX       BEAM SPANS","PO","0","H01","W01"
"District 01","Calloway","36.579416796","-88.388406379","KYTC","KYTC","018B00123N","01","3","2023-11-29","1571.0","Fair","No","State","1990s","5","7","8","6","833.0","KY-783","Stoney Creek","1. 56       FT PRESTRESSED CONC-BOX       BEAM SPANS","PP","0","H01","W01"
"District 01","Calloway","36.55457","-88.424177","KYTC","KYTC","018B00124N","01","3","2023-11-29","1394.0","Good","No","State","1990s","5","8","8","7","110.0","KY 893","MID FK CLARKS R.","1-54        FT PRESTRESSED CONC-BOX       BEAM SPANS","PO","0","H01","W01"
"District 01","Calloway","36.590903863","-88.300013016","KYTC","KYTC","018B00125N","01","3","2023-09-20","5690.0","Fair","No","State","1950s","4","6","5","8","6438.0","KY-121","CLARKS RIVER OVERFLOW","6-27 PPC BOX BEAMS (SPREAD)","PO","0","H01","W01"
"District 01","Calloway","36.726663049","-88.294593845","KYTC","KYTC","018B00127N","01","3","2023-06-26","6311.0","Good","No","State","2000s","5","7","8","8","834.0","KY-1824","FR.OF ROCK HOUSE CR.","40 - 60 - 40 PRECAST PRESTRESSED CONC. BOX BEAM SPAN","PO","0","H01","W01"
"District 01","Calloway","36.71283713","-88.185339725","KYTC","KYTC","018B00132N","01","3","2014-10-31","3229.0","Good","No","State","2000s","5","7","7","7","510.0","KY-1346","OVER LITTLE JONATHAN CR.","20-4 - 49-3 -20-4 PPC BOX BEAM CONT.","PP","0","H01","W01"
"District 01","Calloway","36.651898546","-88.24595228","County","KYTC","018C00004N","02","3","2025-07-16","1033.0","Poor","No","Local","1960s","","6","6","4","478.0","VAN CLEAVE RD","BR OF E FK CLARKS RIVER","1-41 FT. SPAN P.P.C. SLAB BEAM TYPE 3","PP","0","H01","W01"
"District 01","Calloway","36.68173932","-88.269278314","County","KYTC","018C00003N","02","3","2019-01-29","676.0","Fair","No","Local","1970s","","6","5","6","263.0","ELM GROVE RD","BR OF E FK CLARKS RVR","1-28 FT. SIMPLE SPAN STEEL W/ STEEL GRID DECK","PP","0","H01","W01"
"District 01","Carlisle","36.907442098","-89.053967527","KYTC","KYTC","020B00046N","01","3","2023-03-24","1008.0","Poor","No","State","1960s","5","6","5","4","76.0","KY-1203","GRAY CREEK","1-40 FT PRECAST PRESTRESSED CONCRETE SPAN - 0 DEG","PP","0","H01","W01"
"District 01","Carlisle","36.870238547","-89.011426215","KYTC","CONTRACT","020B00052N","01","3","2021-09-21","437.67","Fair","No","State","Over 75","4","N","N","N","1372.0","KY-123","TOWN BRANCH","DBL 10X10X43 RC CLVRT -4.5 FT FILL","PO","0","H01","W01"
"District 01","Ballard","37.07940423","-88.944162789","KYTC","KYTC","004B00011N","01","3","2016-04-22","592.0","Fair","Yes","State","Over 75","3","N","N","N","5514.0","US-60","FRAZIER CREEK","DBL 10X10X28 RC CLVT -1.8 FT FILL","PO","0","H01","W01"
"District 01","Calloway","36.584088907","-88.406326531","County","KYTC","018C00052N","02","3","2023-11-29","794.0","Fair","No","Local","1960s","","6","5","6","75.0","Furches Trl","Br of Mid Fk Clarks Rive","1-29.5 FT. SPAN P.P.C. SLAB BEAMS","PO","0","H01","W01"
"District 01","Calloway","36.539391857","-88.443029179","County","KYTC","018C00055N","02","3","2025-06-12","782.0","Poor","No","Local","1950s","","6","3","6","152.0","RAYBURN RD","BR.OF MID FK CLARKS RIVE","1-31 FT. SPAN PREC. CONC. CHANNEL SECTION","PP","0","H01","W01"
"District 01","Calloway","36.566468519","-88.479279346","County","KYTC","018C00057N","02","3","2025-06-12","598.0","Poor","No","Local","1970s","","6","3","6","340.0","HOWARD RD","EAST FORK TERRAPIN CREEK","DBL 12 X 6 X 25' RC CLVT -NO FILL","PP","0","H01","W01"
"District 01","Calloway","36.584147678","-88.479057999","County","KYTC","018C00058N","02","3","2024-01-11","1033.0","Fair","No","Local","1970s","","7","6","7","384.0","Howard Road","Br. of E.Fk. Terrapin Cr","1-41 FT. SPAN P.P.C. SLAB BMS.","PO","0","H01","W01"
"District 01","Carlisle","36.951766547","-88.826722742","KYTC","KYTC","020B00054N","01","3","2024-11-19","31696.0","Fair","No","State","1980s","4","6","7","6","3701.0","US-62","Mayfield Creek","100-106-101-CONT.TYP 4-& 66-71-71-71-71-65 CONT P.C.IB","PO","0","H01","W01"
"District 01","Carlisle","36.788845893","-89.014307388","KYTC","KYTC","020B00055N","01","3","2023-03-14","3838.0","Good","No","State","1980s","4","7","7","8","1158.0","KY-80","HURRICANE CREEK","30-40-30 FT CONT P.C.I.B. SPANS","PO","0","H01","W01"
"District 01","Carlisle","36.880681212","-89.016304682","KYTC","KYTC","020B00061N","01","3","2024-12-18","4507.0","Good","No","State","1980s","3","7","7","7","2365.0","US-51","TRUMANS CREEK","1.96 FT. P.C.I.B. SPAN","PO","0","H01","W01"
"District 01","Graves","36.866944444","-88.803888889","County","CONTRACT","042C00337N","02","3","2020-09-21","1680.0","Good","No","Local","2020s","","7","8","7","61.0","Alben Barkley Road","Branch - Wilson Creek","70' CB27x48 Box Beams, Single Span","PO","0","H01","W01"
"District 01","Carlisle","36.838304074","-88.864394736","KYTC","KYTC","020B00053N","01","3","2025-01-21","12929.0","Poor","No","State","1970s","4","6","5","4","1433.0","KY-307","WEST FORK MAYFIELD CREEK","31.7 & 8-30.9 & 31.7 PRECAST PREST CONC BOX BEAMS","PP","0","H01","W01"
"District 01","Calloway","36.614270866","-88.43168894","County","KYTC","018C00061N","02","3","2024-01-11","782.0","Fair","No","Local","1960s","","6","6","6","51.0","Old Lynn Grove Rd","Br. of W.Fk.Clarks River","1-31 FT. SPAN P.P.C. SLAB BM.","PO","0","H01","W01"
"District 01","Calloway","36.629856709","-88.333488056","County","KYTC","018C00066N","02","3","2025-06-18","981.0","Fair","No","Local","1970s","","6","5","5","1467.0","BAILEY RD","BEE CREEK","2-20.5 FT CONT. STEEL SPANS W/OPEN GRID DECK","PP","0","H01","W01"
"District 01","Calloway","36.646928322","-88.343792725","County","KYTC","018C00067N","02","3","2024-01-11","829.0","Fair","No","Local","1970s","","5","5","5","634.0","POOR FARM RD","EAST FRK ROCKHOUSE CREEK","1-32 FT. SPAN P.P.C. SLAB BEAMS","PO","0","H01","W01"
"District 01","Calloway","36.686876954","-88.354769166","County","KYTC","018C00074N","02","3","2025-06-05","782.0","Poor","No","Local","1960s","","6","1","6","253.0","WRATHER RD","BR.OF W.FK.ROCKHOUSE CK.","1-31 FT. SPAN P.P.C. SLAB BMS.","C","0","H01","W01"
"District 01","Calloway","36.688364981","-88.318926139","County","KYTC","018C00075N","02","3","2023-11-29","2041.0","Fair","No","Local","1950s","","6","8","6","341.0","WRATHER RD","EAST FORK ROCKHOUSE CK.","2-41.5 FT. SPANS P.P.C. SLAB BMS.","PO","0","H01","W01"
"District 01","Calloway","36.707373772","-88.312030114","County","KYTC","018C00078N","02","3","2022-08-03","2608.0","Poor","No","Local","1970s","","4","4","4","276.0","HOPKINS RD","ROCKHOUSE CREEK","2 SIMPLE SPANS - 52 FT. EACH PRESTR. CONC. BOX BMS.","PP","0","H01","W01"
"District 01","Calloway","36.59774817","-88.460177589","County","KYTC","018C00060N","02","3","2023-09-06","792.0","Poor","No","Local","1960s","","6","4","6","112.0","SCOTT RD","MAYFIELD CREEK","1-31 FT. SPAN PREC. CONC. CHANNEL SECTIONS","PP","0","H01","W01"
"District 01","Calloway","36.64989984","-88.430915329","County","KYTC","018C00091N","02","3","2025-06-10","792.0","Poor","No","Local","1970s","","5","4","5","52.0","COOK STORE TRL","COOK BRANCH","1 SIMPLE SPAN  30 FT. PREC. CONC. CHANNEL BMS.","PP","0","H01","W01"
"District 01","Calloway","36.683620573","-88.374672174","County","KYTC","018C00093N","02","3","2014-12-23","1779.0","Fair","No","Local","1960s","","5","6","5","135.0","PALMER RD","WEST FRK ROCKHOUSE CREEK","1 SPAN - 71 FT. PRESTR. CONC. BOX BMS.","PP","0","H01","W01"
"District 01","Calloway","36.659011506","-88.396027867","County","KYTC","018C00094N","02","3","2023-09-06","792.0","Fair","No","Local","1970s","","6","5","6","123.0","ALEX FORKS RD","WEST FRK ROCKHOUSE CREEK","1 SPAN  31 FT. PRECAST CONCRETE CHANNEL BEAMS","PP","0","H01","W01"
"District 01","Calloway","36.627390419","-88.396309965","County","KYTC","018C00096N","02","3","2016-06-17","646.0","Fair","No","Local","1970s","","5","6","5","92.0","Lawson Road","W Fk Clarks River","DBL 12' X 8' X 27' RC CLVT -NO FILL","PO","0","H01","W01"
"District 01","Calloway","36.653921806","-88.336511795","County","KYTC","018C00100N","02","3","2025-02-03","727.0","Fair","No","Local","1970s","","6","6","6","273.0","GRANT RD","BRANCH-E.FK.ROCKHOUSE CR","1-28 FT. STEEL BEAM SPAN/ CONC.DECK","PP","0","H01","W01"
"District 01","Calloway","36.625227769","-88.432390687","County","KYTC","018C00130N","02","3","2018-02-19","772.0","Fair","No","Local","1990s","","6","6","6","51.0","Adams Drive","Br. W. Fk. Clarks River","1-35 FT STEEL BEAM SPAN W/CONC DECK","PP","0","H01","W01"
"District 01","Calloway","36.551829898","-88.312841387","County","KYTC","018C00131N","02","3","2010-03-01","1463.0","Fair","No","Local","1990s","","6","6","6","233.0","Tobacco Road","White Oak Creek","18- 26 - 18 FT TREATED TIMBER SPANS","PP","0","H01","W01"
"District 01","Ballard","37.039974296","-89.051243028","KYTC","KYTC","004B00005N","01","3","2016-06-16","907.0","Fair","Yes","State","Over 75","3","N","N","N","2923.0","US-60","DRAINAGE DITCH","TRPL 10X9X26 RC CLVT-45 DEG SKW -2 FT FILL","PO","0","H01","W01"
"District 01","Ballard","36.971629923","-88.826513185","KYTC","KYTC","004B00015N","01","3","2022-04-12","986.0","Poor","No","State","Over 75","4","5","6","4","3743.0","US-62","SUGAR CREEK","1-40 FT RCDG","PP","0","H01","W01"
"District 01","Calloway","36.632338676","-88.454853716","County","KYTC","018C00133N","02","3","2018-02-18","880.0","Poor","No","Local","1990s","","4","6","6","42.0","Workman Road","Darnell Creek","1-40 STEEL WIDE FLANGE BEAM SPAN","PP","0","H01","W01"
"District 01","Calloway","36.704085857","-88.477047906","County","KYTC","018C00134N","02","3","2017-08-23","894.0","Fair","No","Local","1990s","","6","6","6","40.0","SAMUEL DR","GUIER BRANCH","1- 40 WIDE FLANGE STEEL BEAM SPAN","PP","0","H01","W01"
"District 01","Calloway","36.626824658","-88.396311436","County","KYTC","018C00135N","02","3","2018-03-05","960.0","Fair","No","Local","1990s","","5","6","7","92.0","Lawson Road","West Fork Clarks River","1-40 STEEL STRINGER SPAN W\CON DECK","PP","0","H01","W01"
"District 01","Calloway","36.584903642","-88.351755311","County","KYTC","018C00136N","02","3","2022-08-04","765.0","Fair","No","Local","2000s","","6","7","6","1231.0","Robertson South","Br. E. Fork Clarks River","1-30 FT SIMPLE CREOSOTE TREATED TIMBER SPAN","PP","0","H01","W01"
"District 01","Calloway","36.661240404","-88.342964212","County","KYTC","018C00137N","02","3","2018-02-06","648.0","Fair","No","Local","2000s","","7","6","7","49.0","HALE RD","BR OF E FK ROCKHOUSE CRK","1-30 FT SIMPLE CREOSOTE TREATED TIMBER SPAN","PP","0","H01","W01"
"District 01","Calloway","36.632462853","-88.324303944","City","KYTC","018C00138N","04","3","2024-04-26","2370.0","Fair","No","Local","2000s","","6","7","7","4779.0","N. 16TH ST.","BEE CREEK","1 -- 82 FT. -- PRESTRESSED CONCRETE BOX BEAM SPAN.","PO","0","H01","W01"
"District 01","Calloway","36.728248361","-88.412766629","County","KYTC","018C00132N","02","3","2017-10-03","658.0","Fair","No","Local","1990s","","6","6","6","47.0","SWIFT RD","SOUTH FORK DUNCAN CREEK","1-30 FT  STEEL W-FLANGE BEAM SPAN  W CONC  DECK","PO","0","H01","W01"
"District 01","Calloway","36.74529381","-88.317195253","County","KYTC","018C00129N","02","3","2018-02-15","1675.0","Fair","No","Local","1990s","","6","5","6","94.0","Wadesboro RD","BRANCH WADES CREEK","1-30 FT. & 1-40 FT STEEL SPANS W/ CONC DECK","PP","0","H01","W01"
"District 01","Trigg","36.722686111","-87.782027778","KYTC","KYTC","111B00073N","01","3","2021-11-04","475.0","Good","No","State","2020s","4","N","N","N","767.0","KY 164","Skinner Creek","ALBC 25' Span X 10' Rise","PO","0","H01","W01"
"District 01","Calloway","36.549043567","-88.172217566","KYTC","KYTC","018B00055N","01","3","2016-06-17","651.0","Fair","No","State","Over 75","5","N","N","N","249.0","KY-280","GOOSE CREEK","DBL 10X5X33 RC CLVT -3.5 FT FILL","PO","0","H01","W01"
"District 01","Calloway","36.64021374","-88.487357333","KYTC","KYTC","018B00059N","01","3","2019-10-30","525.0","Fair","No","State","Over 75","5","N","N","N","244.0","KY-893","BR OF LTL MAYFIELD CRK","DBL 10X4X25 RC BX CLVT -2 FT FILL","PO","0","H01","W01"
"District 01","Calloway","36.723256599","-88.22793763","KYTC","KYTC","018B00067N","01","3","2022-04-14","2376.0","Fair","No","State","1950s","5","6","5","6","510.0","KY-1346","JONATHAN CREEK","3-30 FT RCDG SPANS-45 DEG SKEW","PP","0","H01","W01"
"District 01","McCracken","36.979952","-88.626771","KYTC","KYTC","073B00176N","01","3","2024-02-05","1176.0","Good","No","State","2010s","6","7","8","7","171.0","KY-1288","BILIZZARD PONDS DRAINGE","57' CB21-48 PPC BOX BEAM-SIMPLE SPAN 50 DEGREE LT. SK.","PO","0","H01","W01"
"District 01","Calloway","36.519170173","-88.38202355","KYTC","KYTC","018B00061N","01","3","2023-03-23","1519.0","Poor","No","State","1950s","5","5","3","4","91.0","KY-893","PLEASANT GROVE CREEK","2-30 FT PRESTRESSED CONCRETE SPANS,TIMBER PILING-45 DEG","PP","0","H01","W01"
"District 01","Calloway","36.721606038","-88.20628287","KYTC","KYTC","018B00068N","01","3","2019-11-05","483.0","Fair","No","State","1950s","5","N","N","N","510.0","KY-1346","CRISP CREEK","DBL 10X5X23 RC CLVT W/HNDRL -1.8 FT FILL","PO","0","H01","W01"
"District 01","Calloway","36.716563405","-88.197805307","KYTC","KYTC","018B00069N","01","3","2019-10-30","605.0","Fair","No","State","1950s","5","N","N","N","510.0","KY-1346","BURR BRANCH","DBL 12X6X24 RC CLVT W/HNDRL -1.8 FT FILL","PO","0","H01","W01"
"District 01","Calloway","36.712815","-88.186689","KYTC","KYTC","018B00070N","01","3","2019-10-30","576.0","Fair","No","State","1950s","5","N","N","N","510.0","KY-1346","BR OF LITTLE JONATHAN","DBL 12X5X23 RC CLVT W/HNDRL -2.2 FT FILL","PO","0","H01","W01"
"District 01","Calloway","36.68607395","-88.460015477","KYTC","CONTRACT","018B00089N","01","3","2017-06-15","415.03","Fair","No","State","1960s","5","N","N","N","582.0","KY-1836","HARGROVE BRANCH","DBL 10X4X32 RC CLVT -4 FT FILL","PO","0","H01","W01"
"District 01","Livingston","37.166036217","-88.217750661","KYTC","KYTC","070B00028N","01","3","2022-08-03","1131.0","Fair","No","State","1950s","5","N","N","N","101.0","KY 70","Cypress Creek","DOUBLE 14 FT X 10 FT X 39 FT R.C. CULVERT- FILL=4.52","PP","0","H01","W01"
"District 01","Livingston","37.088484525","-88.355694204","KYTC","KYTC","070B00030N","01","3","2023-02-07","851.0","Fair","No","State","Over 100","4","5","6","5","2096.0","KY 453","Dry Branch","1-34 FT R.C.D.G. SPAN","PP","0","H01","W01"
"District 01","Livingston","37.086003689","-88.349301804","KYTC","KYTC","070B00031N","01","3","2022-07-06","851.0","Fair","No","State","Over 100","4","6","6","5","2096.0","KY 453","Guess Creek","1-34 FT R.C.D.G. SPAN","PP","0","H01","W01"
"District 01","Livingston","37.079290406","-88.309059772","KYTC","KYTC","070B00032N","01","3","2022-06-09","1284.0","Fair","No","State","Over 75","5","5","6","5","264.0","KY 93","Jones Creek","1-45 FT R.C.D.G. SPAN - 30 DEG SKEW","PO","0","H01","W01"
"District 01","Calloway","36.704578247","-88.468514587","KYTC","KYTC","018B00091N","01","3","2019-10-30","546.0","Fair","No","State","1960s","5","N","N","N","582.0","KY-1836","GUIER BRANCH","DBL 10X5X26 RC CLVT -2.5 FT FILL","PO","0","H01","W01"
"District 01","Calloway","36.648007121","-88.434262982","KYTC","KYTC","018B00094N","01","3","2022-11-28","11957.0","Poor","No","State","1970s","4","6","6","4","1817.0","KY-121","WEST FORK CLARKS RIVER","1-31.8 & 6-30.9 & 1-31.8 FT PREC.PREST.CONC. BOX  BEAMS","PO","0","H01","W01"
"District 01","Calloway","36.724146319","-88.299549082","KYTC","KYTC","018B00095L","01","3","2024-11-04","10154.0","Fair","Yes","State","1970s","3","6","6","6","5076.0","US-641 NC","ROCKHOUSE CREEK","75-80-75 CONT. P.C.I.B. SPANS - 40 DEG.","PO","0","H01","W01"
"District 01","Calloway","36.726523812","-88.299523708","KYTC","KYTC","018B00096L","01","3","2023-02-16","4622.0","Good","Yes","State","1970s","3","7","7","7","5076.0","US-641 NC","ROCKHOUSE CREEK OVERFLOW","32-40-20 CONT. P.C.I.B. SPANS - 15 DEG LT. SKEW","PO","0","H01","W01"
"District 01","Calloway","36.699029693","-88.468703281","KYTC","KYTC","018B00090N","01","3","2022-04-14","2775.0","Poor","No","State","1960s","5","5","4","5","582.0","KY-1836","WATSON CREEK","3-30 FT RCDG SPANS - 45 DEG SKEW","PP","0","H01","W01"
"District 01","Calloway","36.726575539","-88.299215861","KYTC","KYTC","018B00096R","01","3","2023-02-16","4622.0","Good","Yes","State","1970s","3","7","7","7","5076.0","US-641","ROCKHOUSE CREEK OVERFLOW","32-40-20 CONT. P.C.I.B. SPANS - 15 DEG LT. SKEW","PO","0","H01","W01"
"District 01","Graves","36.882405791","-88.655748376","County","KYTC","042C00271N","02","4","2024-10-03","972.0","Poor","No","Local","1980s","","1","2","5","21.0","WHITTEMORE ROAD","CARNEY CREEK","1-33.7 & 1-25.7 CONT W.F. STEEL BEAM SPANS","C","0","H01","W01"
"District 01","Graves","36.663054916","-88.695366754","County","KYTC","042C00272N","02","3","2024-03-07","1946.0","Fair","No","Local","1980s","","6","6","6","265.0","ALTON ROAD","OBION CREEK","1-80 FT PRESTRESSED CONC BOX BEAM SPAN","PO","0","H01","W01"
"District 01","Calloway","36.742420055","-88.274139794","KYTC","KYTC","018B00099N","01","3","2025-08-01","5415.0","Good","No","State","1980s","5","7","7","7","714.0","KY-1346","EAST FORK OF CLARKS RVR","50 - 70 - 50 FT CONT. PREST. CONC. I-BEAM SPANS","PA","0","H01","W01"
"District 01","Calloway","36.742387337","-88.273166442","KYTC","KYTC","018B00100N","01","3","2024-10-28","7270.0","Good","No","State","1980s","5","7","7","7","714.0","KY-1346","EAST FORK OF CLARKS RIVE","70-80-75 PREST. CONC. I-BEAMS(CONT)","PO","0","H01","W01"
"District 01","Calloway","36.742432168","-88.278306913","KYTC","KYTC","018B00114N","01","3","2023-06-27","2855.0","Good","No","State","1980s","5","7","8","8","714.0","KY-1346","E.FRK.CLARKS R-OVRFLO","1-88 FT P.C.I.B. SPAN","PO","0","H01","W01"
"District 01","Calloway","36.652299527","-88.210003877","KYTC","KYTC","018B00115N","01","3","2025-05-16","4460.0","Good","No","State","1990s","4","7","7","8","3007.0","KY-94","FORK-JONATHAN CREEK","1-90 FT P.C.IB  SPAN","PO","0","H01","W01"
"District 01","Calloway","36.659230624","-88.203226409","KYTC","KYTC","018B00116N","01","3","2025-05-15","4423.0","Fair","No","State","1990s","4","6","7","8","3007.0","KY-94","FK-JONATHAN CREEK","1-90 FT  PCIB SPAN","PO","0","H01","W01"
"District 01","Livingston","37.278012746","-88.257562527","KYTC","KYTC","070B00011N","01","3","2025-07-17","821.0","Fair","No","State","Over 75","5","5","7","5","670.0","KY 133","Sandy Creek","1-34 FT R.C.D.G. SPAN","PP","0","H01","W01"
"District 01","Livingston","37.304374275","-88.290292567","KYTC","KYTC","070B00012N","01","3","2025-07-17","2483.0","Fair","No","State","Over 75","5","6","5","5","670.0","KY 133","Deer Creek","4-26 FT R.C.D.G. SPANS","PP","0","H01","W01"
"District 01","Livingston","37.35241296","-88.377563981","KYTC","KYTC","070B00014N","01","3","2022-06-10","1551.0","Fair","No","State","Over 75","5","5","5","5","229.0","KY 133","Buck Creek","2-30 FT R.C.D.G. SPANS","PO","0","H01","W01"
"District 01","Livingston","37.368701842","-88.38527365","KYTC","CONTRACT","070B00015N","01","3","2021-10-01","415.03","Fair","No","State","Over 75","5","N","N","N","101.0","KY-133","LONG BRANCH","DBL 10X6X37 RC CLVT -5 FT FILL","PO","0","H01","W01"
"District 01","Graves","36.611085317","-88.803793725","County","KYTC","042C00273N","02","3","2024-03-07","1699.0","Fair","No","Local","1980s","","7","5","7","273.0","ST. RT. 1763","BR.BAYOU DE CHEIN","1-70 FT PRESTRESSED CONC. BOX BEAM SPAN","PO","0","H01","W01"
"District 01","Graves","36.502475286","-88.679474388","County","KYTC","042C00274N","02","3","2017-05-24","1302.0","Fair","No","Local","1990s","","6","5","6","158.0","STATE LINE ROAD","BLACKMORE CREEK","18 - 24 - 28  FT  TIMBER BEAM SPANS","PP","0","H01","W01"
"District 01","Graves","36.524842002","-88.780027337","County","KYTC","042C00275N","02","3","2024-04-26","895.0","Fair","No","Local","1990s","","6","6","6","89.0","HUDSON ROAD","S.FK.BAYOU DE CHIEN","1-42 FT PREST CONC BOX BEAM","PO","0","H01","W01"
"District 01","Graves","36.619718023","-88.687449097","County","KYTC","042C00276N","02","3","2024-04-26","1392.0","Fair","No","Local","1990s","","5","7","5","62.0","WOODSON ROAD","BR OF OBION CREEK","1-58 FT PREST CONC DECK UNIT","PO","0","H01","W01"
"District 01","Graves","36.822589778","-88.691853167","County","KYTC","042C00277N","02","3","2024-03-07","1049.0","Fair","No","Local","1990s","","6","5","6","125.0","CARTER ROAD","GILBERT CREEK","1-50 FT PREST CONC BOX BEAM                 REPL C155","PO","0","H01","W01"
"District 01","Graves","36.552656858","-88.53385108","County","KYTC","042C00278N","02","3","2024-03-07","1152.0","Fair","No","Local","1990s","","6","7","6","62.0","LESTER ROAD","CALDWELL CREEK","1-54 FT PREST CONC BOX BEAM SPAN           REPL C210","PO","0","H01","W01"
"District 01","Graves","36.74442876","-88.783533546","County","KYTC","042C00279N","02","3","2024-03-07","932.0","Fair","No","Local","1990s","","6","7","6","273.0","RUDY ROAD","BRANCH-MCCLANE CREEK","1-46 FT PREST CONC BOX BEAMS              REPL C237","PO","0","H01","W01"
"District 01","Graves","36.745007601","-88.783573578","County","KYTC","042C00280N","02","3","2025-08-27","1103.0","Good","No","Local","1990s","","7","7","7","273.0","RUDY ROAD","MCCLANE CREEK","1-52 FT PREST CONC BOX BEAM   (CD1)           REPL C238","PP","0","H01","W01"
"District 01","Calloway","36.731800069","-88.151480565","KYTC","KYTC","018B00118N","01","3","2025-05-08","3490.0","Good","No","State","1990s","6","7","7","8","743.0","KY-94","LEDBETTER CREEK","1-69 FT PCIB SPAN","PO","0","H01","W01"
"District 01","Calloway","36.563611028","-88.424730524","KYTC","KYTC","018B00121N","01","3","2023-11-29","1010.0","Fair","No","State","1990s","5","7","6","6","110.0","KY-893","BR OF MID FK CLARKS RVR","1-39        FT PRESTRESSED CONC-     -BOX BEAM SPANS","PO","0","H01","W01"
"District 01","Calloway","36.700423904","-88.169577792","KYTC","CONTRACT","018B00117N","01","3","2021-09-21","596.13","Fair","No","State","1990s","6","N","N","N","864.0","KY-94","MORRIS BRANCH","1-20 X 7 X 56 RC BOX CULVERT","PO","0","H01","W01"
"District 01","Graves","36.775589417","-88.595864356","KYTC","KYTC","042B00009N","01","3","2023-09-21","9176.0","Fair","No","State","1960s","4","7","6","6","2968.0","KY-131","I-69 (JC-9003)","2-85.5 FT CONTINUOUS R.C. BOX GIRDER SPANS - 20 DEG 56","PO","0","H01","H02, H03"
"District 01","Graves","36.912143006","-88.490963703","KYTC","KYTC","042B00027N","01","3","2021-11-19","675.0","Fair","No","State","Over 75","4","N","N","N","1189.0","KY-348","LICK CREEK","DBL 12X7X27 RC CLVRT -1.5 FT FILL","PO","0","H01","W01"
"District 01","Marshall","36.98682","-88.34598","KYTC","KYTC","079B00159N","01","3","2023-09-25","4932.4","Good","Yes","State","2010s","1","7","8","8","14993.0","I-69 SB","Little John Creek","108'6"" PPC I-Beam, Type 4, Simple Span","PO","0","H01","W01"
"District 01","Graves","36.788738546","-88.531863377","KYTC","KYTC","042B00028N","01","3","2024-11-27","6402.0","Fair","No","State","1960s","5","6","7","6","342.0","KY-301","I-69 (JP PKWY)","2-80 FT CONT RC BOX GIRDER SPANS 15 DEG 25 MIN 22 SEC S","PO","0","H01","H02, H03"
"District 01","Graves","36.814975922","-88.529857497","KYTC","KYTC","042B00030N","01","3","2016-07-27","415.04","Fair","No","State","Over 75","5","N","N","N","342.0","KY-301","Cockes Branch","DOUBLE 10FTX5FTX28FT RC CULVERT","PO","0","H01","W01"
"District 01","Graves","36.830264808","-88.539118254","KYTC","KYTC","042B00031N","01","3","2022-06-21","2856.0","Fair","No","State","1960s","5","6","6","6","342.0","KY-301","TRACE CREEK","3-25 FT RCDG SPANS 0 DEG SKEW","PP","0","H01","W01"
"District 01","Graves","36.853642386","-88.564498234","KYTC","KYTC","042B00032N","01","3","2022-08-03","1590.0","Fair","No","State","1960s","5","N","N","N","342.0","KY 301","Dry Creek","DOUBLE 12FTX8FTX55FT RC BOX CULVERT 30 DEG SKEW","PP","0","H01","W01"
"District 01","Graves","36.767625158","-88.565983857","KYTC","KYTC","042B00037N","01","3","2016-07-27","756.0","Fair","No","State","Over 75","4","N","N","N","1838.0","KY-58","RAY BRANCH","DBL 10X5X26 RC CLVRT -2 FT FILL","PO","0","H01","W01"
"District 01","Graves","36.781728592","-88.529188023","KYTC","KYTC","042B00038N","01","3","2025-07-17","2663.0","Fair","No","State","Over 75","4","6","5","5","1838.0","KY-58","PANTHER CREEK","3-34 FT RCDG SPANS","PP","0","H01","W01"
"District 01","Graves","36.78182807","-88.525908758","KYTC","KYTC","042B00039N","01","3","2022-06-08","825.0","Fair","No","State","Over 75","4","7","6","6","1838.0","KY-58","FORK OF PANTHER CREEK","1-34 FT RCDG SPAN","PP-T","0","H01","W01"
"District 01","McCracken","36.994943434","-88.493044049","KYTC","KYTC","073B00064N","01","3","2018-01-30","6954.0","Fair","No","State","1970s","6","6","7","5","287.0","KY-787","I-24","2-94 FT CONT STEEL COMP PLATE GIRDER SPANS,1 DEG 56 MIN","PP-T","0","H01","H02, H03"
"District 01","McCracken","36.997741561","-88.541846451","KYTC","KYTC","073B00065N","01","3","2018-10-17","7559.0","Fair","No","State","1970s","5","6","7","6","1164.0","KY-3075","I-24 @ 14.09","2-94 FT CONT COMP WELDED PLATE GIRDER SPANS-14 DEG SKEW","PO","0","H01","H02, H03"
"District 01","McCracken","37.051054646","-88.765113154","KYTC","KYTC","073B00068N","01","3","2016-10-07","1259.0","Fair","No","State","1950s","5","N","N","N","396.0","KY-786","UNNAMED STREAM","DBL 12X6X49 RC CLVT-15 DEG SKW -4 FT FILL","PO","0","H01","W01"
"District 01","McCracken","36.965053756","-88.62075332","KYTC","KYTC","073B00070N","01","3","2019-10-30","499.0","Fair","No","State","1950s","5","N","N","N","746.0","KY-348","TR BLZZRD PNDS DRN CANAL","DBL 10X8X27 RC CLVT -2.5 FT FILL","PO","0","H01","W01"
"District 01","McCracken","37.080062241","-88.809590744","KYTC","KYTC","073B00073N","01","3","2019-10-30","467.36","Fair","No","State","1950s","6","N","N","N","159.0","KY-726","UNNAME STREAM","DBL 10X5X31 RC CLVT-30 DEG SKW -2 FT FILL","PO","0","H01","W01"
"District 01","McCracken","36.992218982","-88.736541878","KYTC","KYTC","073B00075N","01","3","2019-10-30","492.0","Fair","No","State","Over 75","5","N","N","N","191.0","KY-1438","MIDDLE FORK OF MASSAC CR","DBL 10X8X23 RC CLVT -1.3 FT FILL","PO","0","H01","W01"
"District 01","McCracken","37.023887295","-88.701621153","KYTC","KYTC","073B00078N","01","3","2019-10-30","992.0","Fair","No","State","1950s","5","N","N","N","3091.0","LOVELACEVILLE RD","MASSAC CREEK","TRPL 10X9X31 RC CLVT -3.2 FT FILL","PO","0","H01","W01"
"District 01","McCracken","37.012221973","-88.519920686","KYTC","KYTC","073B00063N","01","3","2017-10-05","2127.83","Fair","Yes","State","1950s","3","N","N","N","10449.0","US-62","GARRISON CRK","SINGLE-10X10X112.5 RC CLVT-30 DEG SKW -5 FT FILL","PP","0","H01","W01"
"District 01","Calloway","36.580047533","-88.238570046","KYTC","KYTC","018B00021N","01","3","2016-06-17","569.32","Good","No","State","Over 75","4","N","N","N","3080.0","KY-121","GROGAN BRANCH","DBL 8X6X49.5 RC CLVT-45 DEG SKW -2 FT FILL","PO","0","H01","W01"
"District 01","Calloway","36.548390036","-88.16742102","KYTC","KYTC","018B00022N","01","3","2022-04-13","3432.0","Fair","No","State","Over 75","4","6","5","6","3080.0","KY-121","DOG CREEK","4-30 FT RCDG SPANS","PO","0","H01","W01"
"District 01","Calloway","36.548532627","-88.164187822","KYTC","KYTC","018B00023N","01","3","2022-04-13","7722.0","Poor","No","State","Over 75","4","6","4","5","3080.0","KY-121","BLOOD RIVER","9-30 FT RCDG SPANS","PO","0","H01","W01"
"District 01","Calloway","36.548590364","-88.162858555","KYTC","KYTC","018B00024N","01","3","2022-04-13","2251.0","Fair","No","State","Over 75","4","5","5","5","3080.0","KY-121","OVERFLOW STRUCTURE","3-26 FT RCDG SPANS","PP","0","H01","W01"
"District 01","Calloway","36.591439554","-88.300972798","KYTC","KYTC","018B00025N","01","3","2019-01-03","15739.0","Poor","No","State","1950s","4","5","4","5","6438.0","KY-121 S","CLARKS RIVER","60-80-60 FT RC DECK UNIT & 9-27 FT RCDG SPANS","PP","0","H01","W01"
"District 01","Calloway","36.531682781","-88.324739695","KYTC","KYTC","018B00031N","01","3","2016-04-22","528.22","Fair","No","State","Over 75","4","N","N","N","6234.0","KY 2547","MORRIS BRANCH","DBL 10X5X26 RC CLVT -2 FT FILL","PO","0","H01","W01"
"District 01","Calloway","36.602463329","-88.374260777","KYTC","KYTC","018B00033N","01","3","2025-09-11","627.0","Good","No","State","Over 75","4","9","7","9","3978.0","KY-94","BUTTERWORTH CREEK","1-22 FT RCDG SPAN (30 DEG SKEW)","PO","0","H01","W01"
"District 01","Calloway","36.598460448","-88.396996012","KYTC","KYTC","018B00034N","01","3","2025-09-11","979.0","Fair","No","State","Over 75","4","5","6","5","3158.0","KY-94","JACKSONS CREEK","1-36 FT RCDG SPAN","PA","0","H01","W01"
"District 01","Calloway","36.588800529","-88.456255394","KYTC","KYTC","018B00035N","01","3","2025-09-11","675.0","Poor","No","State","Over 75","4","4","6","4","1934.0","KY-94","FORD CREEK","1-24 FT RCDG SPAN","PP","0","H01","W01"
"District 01","Calloway","36.533084293","-88.139936475","KYTC","KYTC","018B00020N","01","3","2022-04-13","2567.0","Fair","No","State","Over 75","4","5","5","5","1633.0","KY-121","BREECHY CREEK","3-30 FT RCDG SPANS","PO","0","H01","W01"
"District 01","Carlisle","36.864489","-89.030104","KYTC","KYTC","020B00069N","01","3","2025-01-10","4235.0","Good","No","State","2010s","4","7","8","8","780.0","KY-123","Truman Creek","117'-0"" PPC I-Beam--30 Degree Skew Rt.","PO","0","H01","W01"
"District 01","Trigg","36.92861","-87.890882","County","KYTC","111C00033N","02","3","2016-10-07","888.0","Good","No","Local","2000s","","N","N","N","70.0","REDDICK POND ROAD","DRY CREEK","1-28' (CLEAR) CONSPAN 8' RISE 31.7' LONG","PO","0","H01","W01"
"District 01","Trigg","36.833422501","-87.802240129","KYTC","KYTC","111B00009N","01","3","2025-04-07","2317.0","Poor","No","State","Over 75","5","4","5","4","933.0","KY-272","BURGE CREEK","3-30 FT RCDG SPANS","PP","0","H01","W01"
"District 01","Graves","36.752194","-88.652097","City","KYTC","042C00323N","04","3","2022-08-03","785.0","Fair","No","Local","Over 75","","N","N","N","805.0","RED BIRD LANE","OAK GROVE CREEK","DBL 10' X 10' X 36' RC BOX CULVERT 15 DEG SK.","PP","0","H01","W01"
"District 01","Trigg","36.865529","-87.733189","County","KYTC","111C00034N","02","3","2016-06-16","637.0","Good","No","Local","2000s","","N","N","N","273.0","OLD HOPKINSVILLE","TRIB. OF STILLHOUSE BR.","DBL 12' X 6' X 24.5' RC BOX CULVERT","PO","0","H01","W01"
"District 01","Marshall","36.773791","-88.455739","County","KYTC","079C00079N","02","3","2015-11-17","639.0","Fair","No","Local","2000s","","7","6","7","67.0","HALE SPRINGS ROAD","UNNAMED STREAM","1 - 30' TIMBER SLAB WITH AC OVERLAY","PP","0","H01","W01"
"District 01","Marshall","36.7722","-88.396252","County","KYTC","079C00080N","02","3","2015-11-17","772.0","Fair","No","Local","2000s","","6","6","6","18.0","YORK CEMETERY ROAD","PATTY CREEK","10' - 20' - 10' TIMBER SLAB WITH AC OVERLAY","PP","0","H01","W01"
"District 01","Marshall","36.783215","-88.318667","County","KYTC","079C00081N","02","3","2015-11-30","564.0","Good","No","Local","2000s","","7","7","7","273.0","WALNUT GROVE ROAD","MYERS CREEK","1 - 24' TIMBER SLAB WITH AC OVERLAY","PP","0","H01","W01"
"District 01","Marshall","36.777782","-88.30552","County","KYTC","079C00082N","02","3","2015-11-30","645.0","Poor","No","Local","2000s","","7","3","7","273.0","STARK CEMETERY RD.","MYERS CREEK","1 - 30' TIMBER SLAB WITH AC OVERLAY","PP","0","H01","W01"
"District 01","Marshall","36.769071","-88.295943","County","KYTC","079C00083N","02","3","2015-11-30","564.0","Fair","No","Local","2000s","","5","6","5","40.0","OLD LIBERTY SHC RD","MARTINS CREEK","1 - 24' TIMBER SLAB ( BARE)","PP","0","H01","W01"
"District 01","Marshall","36.818276","-88.4118","County","KYTC","079C00078N","02","3","2015-11-17","606.0","Fair","No","Local","2000s","","6","6","6","50.0","COLE LANE","SMITH CREEK","1 - 26' TIMBER SLAB WITH AC OVERLAY","PP","0","H01","W01"
"District 01","Trigg","36.78442","-88.021618","KYTC","KYTC","111B00062N","01","3","2025-05-02","6171.0","Good","Yes","State","2000s","3","7","8","8","4908.0","U.S. 68","ELBOW CREEK","103.225' span---Precast PCI Beam Type 3","PO","0","H01","W01"
"District 01","Trigg","36.787107","-88.013867","KYTC","KYTC","111B00063N","01","3","2025-01-30","12567.0","Good","Yes","State","2000s","3","7","7","7","4908.0","U.S. 68","ELBOW CREEK","70'--70'--70'--Precast PCI-Beam Type 3","PO","0","H01","W01"
"District 01","Graves","36.756931784","-88.656648389","KYTC","KYTC","042B00274N","01","3","2023-09-21","10672.0","Fair","Yes","State","2000s","4","6","7","8","8031.0","KY-121","I-69","2 - 66  PRECAST PRESTRESSED CONC. BOX BEAM CONT.","PO","0","H01","H02, H03"
"District 01","Lyon","36.986574533","-87.93265226","KYTC","KYTC","072B00007N","01","3","2019-10-30","799.0","Fair","No","State","Over 75","4","N","N","N","472.0","KY-93","LEVI JONES BRANCH","DBL 9X5X37 RC CLVT-30 DEG SKW -1.5 FT FILL","PO","0","H01","W01"
"District 01","Marshall","36.892563","-88.352741","County","KYTC","079C00084N","02","3","2015-11-24","750.0","Good","No","Local","2000s","","7","7","7","273.0","HAPPY HOLLOW ROAD","UNNAMED STREAM","1 - 30' TIMBER SLAB WITH AC OVERLAY","PP","0","H01","W01"
"District 01","Marshall","36.914588","-88.315244","County","KYTC","079C00085N","02","3","2015-11-20","750.0","Good","No","Local","2000s","","8","7","8","273.0","CYPRESS ROAD","CYPRESS CREEK","1 - 30' TIMBER SLAB WITH AC OVERLAY","PP","0","H01","W01"
"District 01","Marshall","36.911726","-88.294251","County","KYTC","079C00086N","02","3","2015-11-20","720.0","Good","No","Local","2000s","","7","7","7","273.0","NOLES LANE","LITTLE BEAR CREEK","1 - 30' TIMBER SLAB WITH AC OVERLAY","PP","0","H01","W01"
"District 01","Marshall","36.889951","-88.238154","County","KYTC","079C00087N","02","3","2015-11-17","1524.0","Good","No","Local","1990s","","7","7","7","273.0","KING CREEK ROAD","KING CREEK","3 - 20' TIMBER SLABS WITH AC OVERLAY","PP","0","H01","W01"
"District 01","Calloway","36.661668","-88.268373","KYTC","CONTRACT","018B00142N","01","3","2021-01-04","1021.0","Good","No","State","2010s","6","N","N","N","332.0","KY 1483","BRANCH E FK CLARKS RIVER","32' SPAN x 9' 8"" RISE ALUMINUM BOX CULVERT","PP","0","H01","W01"
"District 01","Ballard","37.012551571","-88.900463334","KYTC","KYTC","004B00043N","01","3","2019-10-30","661.0","Fair","No","State","1950s","5","N","N","N","121.0","KY-473","UNNAMED STREAM","DBL 10X10X27 RC CLVT-30 DEG SKW -1.5 FT FILL","PO","0","H01","W01"
"District 01","Marshall","36.871521","-88.236698","County","KYTC","079C00089N","02","3","2017-11-16","468.0","Good","No","Local","1990s","","7","7","7","273.0","VICTOR DARNELL RD.","CAP SPRING CREEK","1 - 24' TIMBER SLAB WITH AC OVERLAY","PP","0","H01","W01"
"District 01","Marshall","36.764225","-88.187629","County","KYTC","079C00090N","02","3","2024-04-15","670.0","Good","No","Local","2000s","","7","7","7","273.0","MATHIA ROAD","CLEAR CREEK","1 - 33' PRECAST PRESTRESSED CONC. BOX BEAMS SPAN","PO","0","H01","W01"
"District 01","Marshall","36.861441","-88.282512","County","KYTC","079C00088N","02","3","2023-11-27","600.0","Fair","No","Local","2000s","","7","6","7","273.0","DUNN CEM ROAD","BR. OF ELIZABETH CREEK","1 - 25' TIMBER SLAB WITH AC OVERLAY","PP","0","H01","W01"
"District 01","Graves","36.522264217","-88.706389219","County","KYTC","042C00131N","02","4","2025-09-02","756.0","Poor","No","Local","1970s","","5","2","5","23.0","WORKS ROAD","BLACKAMORE CREEK","3 SIMPLE SPANS  12.8;19;13.4 ASPHALT/5+1. MBS.","C","0","H01","W01"
"District 01","Calloway","36.565519","-88.416174","County","KYTC","018C00144N","02","3","2018-01-23","880.0","Fair","No","Local","1980s","","6","5","6","273.0","Taylors Store Road","Middle Fork Clarks River","1-40' STEEL I-BEAM SPAN","PP","0","H01","W01"
"District 01","Graves","36.726959","-88.667672","KYTC","KYTC","042B00295N","01","3","2018-09-29","13614.15","Good","Yes","State","2010s","1","8","7","8","6207.0","KY-80/US-45 Ramp","I-69","2 span - 103'x138'6"" HN 66-49 PPC I-Beams Continuous","PO","0","H01","H02, H04"
"District 01","Fulton","36.511881293","-88.871348529","KYTC","KYTC","038B00088N","01","3","2023-06-27","2283.0","Good","No","State","2000s","4","7","7","8","1867.0","US-45","OVER HARRIS CREEK","1-50 PRECAST PRESTRESSED CONC. BOX BEAMS (SPREAD)","PO","0","H01","W01"
"District 01","Fulton","36.530084097","-89.302473451","County","KYTC","038C00022N","02","3","2024-02-29","1632.0","Fair","No","Local","1970s","","7","7","5","6.0","HELMS ROAD(CR1221)","RUNNING SLOUGH","1-63 FT. CLEAR SPAN PRESTRESSED CONC. BOX BEAMS -15 DEG","PO","0","H01","W01"
"District 01","McCracken","37.062545264","-88.7995238","KYTC","KYTC","073B00039N","01","3","2016-08-19","919.55","Fair","No","State","Over 75","6","N","N","N","787.0","KY-3520","MASSAC CREEK OVERFLOW","DBL 10 X 4 X 55 CONC. BOX CULV.","PO","0","H01","W01"
"District 01","Hickman","36.656857342","-88.829388175","KYTC","KYTC","053B00022N","01","3","2025-08-07","5207.0","Fair","No","State","Over 75","4","6","5","6","1342.0","KY 58","C/N Railway","4-30 FT & 1-50 FT RCDG SPANS","PA","0","H01","R01"
"District 01","Marshall","37.026054991","-88.286045501","KYTC","CONTRACT","079B00118L","01","3","2017-12-12","89164.0","Fair","Yes","State","1970s","1","6","6","5","15734.0","I 24 NON CARDINAL","TENNESSEE RIVER","8-195 FT CONT W.P.G. & 1-534.2 FT SIMPLE WELD TIED ARCH","PA","0","H01","W01"
"District 01","Marshall","37.02588294","-88.285818058","KYTC","CONTRACT","079B00118R","01","3","2017-12-12","89164.0","Fair","Yes","State","1970s","1","6","6","5","15734.0","I-24 EB","Tennessee River","8-195 FT CONT W.P.G. & 1-534.2 FT SIMPLE WELD TIED ARCH","PP","0","H01","W01"
"District 01","McCracken","37.090341066","-88.685420878","KYTC","KYTC","073B00103L","01","3","2021-02-17","7578.0","Fair","Yes","State","1970s","1","6","6","6","18140.0","I 24 NC","P&L RAILWAY","51-74-51 FT COMP WF GIRDER SPANS-31 D 39 M 44.6 S SKEW","PO","0","H01","R01"
"District 01","Ballard","37.058603531","-89.094991087","County","KYTC","004C00051N","02","3","2023-08-03","789.0","Fair","No","Local","1960s","","7","6","6","273.0","HOLLOWAY LANDING R","FISH LAKE","1 - 30 FT. PRECAST ONLY SPAN","PP","0","H01","W01"
"District 01","Crittenden","37.42392","-88.087223","County","KYTC","028C00074N","02","3","2023-09-21","2633.0","Good","No","Local","2000s","","8","8","8","165.0","VALLEY VIEW RD.","CROOKED CREEK","1-97.5' PRECAST PRESTRESSED CONC. BOX BEAMS","PO","0","H01","W01"
"District 01","Carlisle","36.866531372","-89.041702271","KYTC","KYTC","020B00070N","01","3","2021-07-23","864.0","Good","No","State","2010s","5","8","7","8","127.0","KY-1741","Branch of Trumans Creek","33'-0"" Slab Bridge-Simple Span","PO","0","H01","W01"
"District 01","Hickman","36.737975","-88.818817","County","KYTC","053C00070N","02","3","2019-10-30","617.0","Good","No","Local","2010s","","N","N","N","58.0","ROSCOE RD(CR-1015)","LITTLE JOE CREEK","1 - 25' X 8' X 24' CON SPAN","PO","0","H01","W01"
"District 01","McCracken","37.033399385","-88.552542075","KYTC","KYTC","073B00007N","01","3","2019-08-09","16885.0","Fair","No","State","1960s","5","6","6","7","3733.0","KY-284","CLARKS RIVER","100 FT- 180 FT- 100 FT- 100 FT-WELDED PLATE GIRDER SPAN","PO","0","H01","W01"
"District 01","Fulton","36.561432766","-89.211359914","KYTC","KYTC","038B00031N","01","3","2016-07-26","1119.0","Fair","No","State","Over 100","4","N","N","N","762.0","KY-94","DRAINAGE DITCH","DBL 8X6X32 & DBL 8X5X32 RC CLVTS -1.3 FT FILL","PO","0","H01","W01"
"District 01","McCracken","36.984407","-88.63454","KYTC","KYTC","073B00172N","01","3","2023-06-27","2775.0","Good","No","State","2010s","6","7","7","8","1016.0","KY-1014","Blizzard Bottom Ditch","71'-0"" PPC Box Beam SB33~Simple Span","PO","0","H01","W01"
"District 01","Carlisle","36.803462","-88.933838","County","KYTC","020C00051N","02","3","2018-02-06","617.0","Fair","No","Local","2000s","","7","6","7","119.0","HALSTEAD RD","BRANCH OF GUESS CREEK","1 - 24' TIMBER SLAB WITH ASPHALT OVERLAY","PP","0","H01","W01"
"District 01","Calloway","36.666607","-88.20595","KYTC","KYTC","018B00133R","01","3","2023-03-14","6868.0","Fair","Yes","State","2000s","3","6","7","8","2462.0","KY-80","JONATHAN CREEK","39.4'-72.2'-39.4' PCIB CONT. TY III 11 DEGREE SK. LT.","PO","0","H01","W01"
"District 01","Livingston","37.019633","-88.261612","KYTC","KYTC","070B00082N","01","3","2024-11-26","19643.0","Fair","No","State","2000s","3","6","7","8","6331.0","US-62","P&L RAILWAY","3-100' PRESTRESSED BOX BEAM SPANS","PO","0","H01","R01"
"District 01","Graves","36.683312563","-88.73134101","KYTC","KYTC","042B00096N","01","3","2023-06-27","7544.0","Fair","No","State","1960s","4","7","6","6","1317.0","KY-58","I-69 (JC-9003)","2-23FT RCDG ABUTMENTS 2-92FT CONT RC BOX GIRDER SPANS","PO","0","H01","H02, H03"
"District 01","Marshall","37.014529","-88.273401","KYTC","KYTC","079B00151N","01","3","2019-02-11","155850.0","Good","No","State","2000s","3","7","8","8","6617.0","US-62","TENNESSEE RIVER","6-304'-1-306'-1-303'-1-505'-1-170' WTH STL GIRDER SPANS","PO","0","H01","W01"
"District 01","Marshall","36.904424","-88.412918","County","KYTC","079C00077N","02","3","2015-11-17","2323.0","Good","No","Local","2000s","","7","7","7","273.0","MILLIKEN LANE","CLARKS RIVER","3-24' TIMBER SPANS","PP","0","H01","W01"
"District 01","Calloway","36.657086","-88.442856","KYTC","KYTC","018B00137R","01","3","2023-06-27","15525.0","Good","Yes","State","2000s","3","7","7","7","2930.0","KY-80","W FK CLARKS RVR OVERFLOW","3-SPAN, 115-115-115-TYPE 5 PCIB SPANS","PO","0","H01","W01"
"District 01","Hickman","36.721912101","-89.040290884","KYTC","KYTC","053B00041N","01","3","2025-08-07","5067.0","Fair","No","State","Over 75","4","7","5","5","627.0","KY-58","OBION CREEK","6-30 FT RCDG SPAN","PP","0","H01","W01"
"District 01","Hickman","36.677281613","-88.925409182","KYTC","KYTC","053B00073N","01","3","2022-08-03","457.9","Fair","No","State","1960s","5","N","N","N","371.0","KY-123","BRUSH CREEK","DBL 10X7X40 RC CLVT-30 DEG SKW -2 FT FILL","PP","0","H01","W01"
"District 01","Graves","36.654641186","-88.614654127","County","KYTC","042C00206N","02","3","2019-04-16","718.0","Poor","No","Local","1980s","","4","4","4","531.0","SCOTT ROAD","KURK CREEK","1-27 FT STEEL I-BEAM SPAN","PP","0","H01","W01"
"District 01","Calloway","36.657167","-88.440634","KYTC","KYTC","018B00138L","01","3","2025-03-20","6642.0","Good","Yes","State","2000s","3","7","8","8","2930.0","KY-80","W FORK OF CLARKS RIVER","3-SPAN, 31-85.6-31-TYPE 4 PCIB SPANS","PO","0","H01","W01"
"District 01","Calloway","36.654944","-88.336709","KYTC","KYTC","018B00139R","01","3","2023-06-27","8640.0","Good","Yes","State","2000s","3","7","7","7","3254.0","KY-80","ROCKHOUSE CREEK","3-SPAN, 57.6-77-57.6- TYPE 3 PCIB SPANS, 20 DEG. SKW","PO","0","H01","W01"
"District 01","Calloway","36.657219","-88.442831","KYTC","KYTC","018B00137L","01","3","2023-06-27","15525.0","Fair","Yes","State","2000s","3","7","7","6","2930.0","KY-80","W FK CLARKS RVR OVERFLOW","3 SPAN, 115-115-115-TYPE 5 PCIB SPANS","PO","0","H01","W01"
"District 01","Marshall","36.910794703","-88.340189214","KYTC","KYTC","079B00005N","01","3","2016-09-09","617.0","Fair","No","State","Over 75","3","N","N","N","6011.0","US-641","CHESTNUT CREEK","TRPL 8X7X26 RC CLVT -2 FT FILL","PO","0","H01","W01"
"District 01","Marshall","37.036210755","-88.350728677","KYTC","KYTC","079B00011N","01","3","2022-06-09","5715.0","Fair","No","State","1960s","4","6","6","7","2974.0","KY-95","CYPRESS CREEK","4-35 FT R.C.D.G. SPAN - 0 DEG SKEW","PP","0","H01","W01"
"District 01","Marshall","36.901505548","-88.347351995","KYTC","KYTC","079B00012N","01","3","2024-11-27","7472.0","Fair","No","State","1960s","5","5","6","6","355.0","KY-795","I-69","2-92 FT CONT.RC BOX GIRDERS W/2-18 FT CELLR ABUTS","PO","0","H01","H02, H03"
"District 01","Marshall","36.939637995","-88.430121803","KYTC","KYTC","079B00013N","01","3","2022-06-21","2369.0","Fair","No","State","1960s","5","6","7","6","582.0","KY-795","ELENDER CREEK","25 FT- 25 FT- 25 FT R.C.D.G. SPANS, 15 DEG SKEW","PP","0","H01","W01"
"District 01","Marshall","36.913655112","-88.391581244","KYTC","KYTC","079B00014N","01","3","2025-06-04","1416.0","Poor","No","State","1960s","5","6","3","4","355.0","KY-795","CHESTNUT CREEK","3-20 FT PRECAST PRESTRESSED CONCRETE SPAN - 30 DEG","PP","0","H01","W01"
"District 01","Marshall","36.852047947","-88.350482702","KYTC","KYTC","079B00148N","01","3","2023-06-27","2716.0","Fair","Yes","State","1990s","3","6","8","8","3448.0","MAIN STREET","TOWN CREEK","1-68 FT PRECAST-PRESTRESSED SPREAD BOX BEAM","PO","0","H01","W01"
"District 01","Marshall","36.994314463","-88.466972703","KYTC","KYTC","079B00149N","01","3","2018-09-26","4033.0","Fair","No","State","1970s","6","6","7","7","838.0","KY-1042","I 24 WB","1-94 FT WELDED STEEL PLATE GIRDER OVER WBL - 6 DEG","PO","0","H01","H02"
"District 01","Marshall","36.857914011","-88.233322011","County","KYTC","079C00006N","02","3","2022-08-03","464.6","Fair","No","Local","Over 75","","N","N","N","273.0","CAPP SPGS RD","BEAR CREEK","DBL 12X5 RC CLVT -2' FT FILL","PP","0","H01","W01"
"District 01","Marshall","36.796783847","-88.178457285","County","KYTC","079C00008N","02","3","2022-08-03","1300.0","Fair","No","Local","Over 75","","6","5","6","273.0","GARDNER RD","WOLF BRANCH","2-27.6 SPANS; CONTINUOUS CONCRETE T-BEAMS (C.I.P.)","PP","0","H01","W01"
"District 01","Marshall","36.857843576","-88.314880723","KYTC","KYTC","079B00020N","01","3","2022-06-15","20694.0","Good","No","State","Over 75","5","9","7","9","2776.0","KY-408","CLARKS RIVER","4 Sets (Variable Spans) of Continuous W-Beam Spans","PP","0","H01","W01"
"District 01","Marshall","36.854716757","-88.296643386","KYTC","KYTC","079B00021N","01","3","2022-06-20","1054.0","Fair","No","State","Over 75","5","5","6","5","2776.0","KY-408","ELIZABETH CREEK","1-45 FT R.C.D.G. SPAN (30 DEG SKEW)","PP","0","H01","W01"
"District 01","Marshall","36.851420339","-88.246693931","KYTC","KYTC","079B00024N","01","3","2016-08-19","1138.0","Fair","No","State","Over 75","3","N","N","N","4773.0","US-68","BEAR CREEK","DBL 8X5X67 RC CLVT-45 DEG SKW -2.5 FT FILL","PO","0","H01","W01"
"District 01","Marshall","36.757464906","-88.147307937","KYTC","KYTC","079B00025N","01","3","2016-05-05","420.0","Fair","No","State","Over 75","6","N","N","N","743.0","KY-94","COOL CREEK","DBL 10X8X110 RC CLVT -17 FT FILL","PO","0","H01","W01"
"District 01","Marshall","36.823172545","-88.350604628","KYTC","CONTRACT","079B00026N","01","3","2017-09-18","869.5","Fair","Yes","State","Over 75","3","N","N","N","4778.0","US-641","Gain Branch Creek","TRPL 10X10X51 RC CLVT-30 DEG SKW -7 FT FILL","PO","0","H01","W01"
"District 01","Marshall","36.804979003","-88.338270773","KYTC","KYTC","079B00027N","01","3","2017-10-05","915.0","Poor","No","State","Over 75","5","N","N","N","1942.0","KY 1824","South Fork Watch Creek","DBL 10X8X46 RC CLVT-45 DEG SKW -4 FT FILL","PP","0","H01","W01"
"District 01","Marshall","36.763291817","-88.301385686","KYTC","KYTC","079B00030N","01","3","2019-10-30","538.35","Fair","No","State","Over 75","5","N","N","N","1054.0","KY-1824","IRVIN BRANCH","DBL 10X7X30 RC CLVT-30 DEG SKW -2 FT FILL","PO","0","H01","W01"
"District 01","Marshall","36.757726219","-88.29790218","KYTC","KYTC","079B00032N","01","3","2022-07-12","1760.0","Fair","No","State","Over 75","5","5","5","5","1054.0","KY 1824","Rockhouse Creek","2-40 FT R.C.D.G. SPANS (30 DEG SKEW)","PP","0","H01","W01"
"District 01","Marshall","36.754969056","-88.297654506","KYTC","KYTC","079B00033N","01","3","2022-06-15","2122.0","Fair","No","State","Over 75","5","5","6","5","1054.0","KY-1824","ROCKHOUSE CREEK","2-45 FT R.C.D.G. SPANS","PP","0","H01","W01"
"District 01","Marshall","36.774473644","-88.482579481","KYTC","KYTC","079B00034N","01","3","2023-06-27","986.0","Poor","No","State","Over 75","4","N","N","N","1278.0","KY-58","BRANCH OF CLARKS RIVER","DBL 10X6X47 RC CLVT-45 DEG SKW -2.5 FT FILL","PP","0","H01","W01"
"District 01","Marshall","36.780003364","-88.467454039","KYTC","KYTC","079B00035N","01","3","2025-05-20","3109.0","Poor","No","State","Over 75","4","4","4","4","1278.0","KY 58","West Fork Clarks River","3-40 FT R.C.D.G. SPANS","PP","0","H01","W01"
"District 01","Marshall","36.783252639","-88.319332502","KYTC","KYTC","079B00028N","01","3","2019-10-30","927.0","Fair","No","State","Over 75","5","N","N","N","1942.0","KY-1824","JACK MORRIS CREEK","DBL 12X6X37 RC CLVT-45 DEG SKW -2 FT FILL","PO","0","H01","W01"
"District 01","Marshall","36.764835655","-88.363793386","KYTC","KYTC","079B00036N","01","3","2016-05-05","582.75","Fair","No","State","Over 75","4","N","N","N","995.0","KY-402","SO FK OF SOLDIERS CREEK","DBL 10X6X43 RC CLVT-30 DEG SKW -1.5 FT FILL","PO","0","H01","W01"
"District 01","Marshall","36.768559703","-88.286587682","KYTC","KYTC","079B00038N","01","3","2019-10-30","704.0","Fair","No","State","Over 75","4","N","N","N","2149.0","KY-402","UNNAMED STREAM","TRPL 10X5X32 RC CLVT -1.5 FT FILL","PO","0","H01","W01"
"District 01","Marshall","36.768757094","-88.282100979","KYTC","KYTC","079B00039N","01","3","2022-06-10","9030.0","Fair","No","State","Over 75","4","6","5","5","2149.0","KY-402","UNNAMED STREAM","10-30 FT R.C.D.G. SPANS","PO","0","H01","W01"
"District 01","Marshall","36.764699484","-88.331547476","KYTC","KYTC","079B00042N","01","3","2017-10-05","824.0","Fair","No","State","Over 75","4","N","N","N","1536.0","KY-402","MARTIN CREEK","DBL 8X6X45 RC CLVT -2 FT FILL","PP","0","H01","W01"
"District 01","Marshall","36.764664814","-88.232528721","KYTC","KYTC","079B00043N","01","3","2018-08-21","6514.0","Fair","No","State","Over 75","4","6","5","5","1436.0","KY-402","JONATHAN CREEK","7-33 FT R.C.D.G. SPANS","PP","0","H01","W01"
"District 01","Marshall","36.758089781","-88.448884281","KYTC","KYTC","079B00044N","01","4","2025-06-05","1512.0","Poor","No","State","1970s","5","5","5","4","81.0","KY-1836","DUNCAN CREEK","1-50 FT PRECAST-PRESTRESSED CONCRETE SPAN-0 DEG SKEW","PP","0","H01","W01"
"District 01","McCracken","37.069183","-88.788272","KYTC","KYTC","073B00161L","01","3","2023-01-30","16489.0","Fair","Yes","State","2000s","3","7","6","8","4815.0","US-60","W. FR. MASSAC CR OV. FLO","363.98'-4 Span Prestressed Concrete","PO","0","H01","W01"
"District 01","Marshall","36.794337326","-88.433722405","KYTC","KYTC","079B00047N","01","3","2022-06-08","3784.0","Fair","No","State","Over 75","4","6","5","5","1343.0","KY-58","SOLDIERS CREEK","4-40 FT R.C.D.G. SPANS","PO","0","H01","W01"
"District 01","Marshall","36.785790371","-88.440819967","KYTC","KYTC","079B00048N","01","3","2019-10-30","469.16","Fair","No","State","Over 75","4","N","N","N","1343.0","KY-58","JACKSON BRANCH","TRPL 8X6X32 RC CLVT -2 FT FILL","PO","0","H01","W01"
"District 01","Marshall","36.783828366","-88.443052635","KYTC","CONTRACT","079B00049N","01","3","2017-09-18","1028.0","Fair","No","State","Over 75","4","N","N","N","1343.0","KY-58","DRY BRANCH","DBL 10X5X57 RC CLVT -4 FT FILL","PO","0","H01","W01"
"District 01","Marshall","36.820136985","-88.402848342","KYTC","KYTC","079B00046N","01","3","2019-10-30","861.0","Fair","No","State","Over 75","4","N","N","N","1983.0","KY-58","CHESTNUT CREEK","DBL 10X6X41 RC CLVT -1 FT FILL","PO","0","H01","W01"
"District 01","Marshall","36.955734522","-88.349523489","KYTC","KYTC","079B00050N","01","3","2024-11-27","7201.0","Fair","No","State","1960s","5","6","7","7","739.0","KY-1422","JACKSON PURCHASE PARKWAY","162-92 FT CONT.RC BOX GIRDERS W/2-18CELLULAR ABUTS.","PO","0","H01","H02, H03"
"District 01","Marshall","36.947242951","-88.322456079","KYTC","KYTC","079B00052N","01","3","2017-10-17","1160.0","Fair","No","State","1960s","5","N","N","N","739.0","KY-1422","CYPRESS CREEK","DBL 14X4X40 RC CLVT-45 DEG SKW -2 FT FILL","PO","0","H01","W01"
"District 01","Marshall","36.939283154","-88.323769838","KYTC","KYTC","079B00053N","01","3","2016-05-05","550.85","Good","No","State","Over 75","3","N","N","N","5045.0","US-641","BRANCH CYPRESS CREEK","DBL 10X4X47 RC CLVT -2 FT FILL","PO","0","H01","W01"
"District 01","McCracken","37.009759","-88.639637","County","KYTC","073C00078N","02","3","2022-04-09","1344.0","Good","No","Local","2000s","6","7","7","8","925.0","CLARK LINE RD.","CHAMPION CREEK","1 - 48 FT.- 0"" PRECAST CONCRETE BOX BM. (CB17) SPAN.","PO","0","H01","W01"
"District 01","Marshall","36.78814","-88.375635","KYTC","KYTC","079B00145N","01","3","2025-04-15","968.0","Fair","No","State","2000s","5","7","6","7","327.0","KY-1949","OVER N. FK OF SOLDIER CR","40' PPCDU Box Beam with RC Deck with 30° Skew RT","PO","0","H01","W01"
"District 01","Marshall","36.757041","-88.151533","KYTC","KYTC","079B00147N","01","3","2017-10-17","3410.4","Fair","Yes","State","2000s","3","N","N","N","4585.0","KY-0080","OVER COOL CREEK","","PO","0","H01","W01"
"District 01","McCracken","37.070184","-88.78354","KYTC","KYTC","073B00162N","01","3","2016-10-07","1286.98","Fair","Yes","State","2000s","3","N","N","N","9630.0","US-60","UNNAMED STREAM","2 Barrel Concrete Culvert","PO","0","H01","W01"
"District 01","Marshall","36.950398577","-88.306971332","KYTC","KYTC","079B00055N","01","3","2016-08-04","714.0","Fair","No","State","Over 75","3","N","N","N","3888.0","US-641","STICE CREEK","DBL 10X9X34 RC CLVT -3 FT FILL","PO","0","H01","W01"
"District 01","Marshall","37.001788778","-88.287492816","KYTC","KYTC","079B00056N","01","3","2022-07-07","5083.0","Fair","No","State","1950s","3","6","5","6","8204.0","US-62","KY 282","3-45 FT R.C.D.G. SPANS (0 DEG SKEW)","PO","0","H01","H02"
"District 01","Marshall","37.005003763","-88.392017876","KYTC","KYTC","079B00058N","01","3","2017-10-20","1786.0","Fair","No","State","1950s","4","N","N","N","6030.0","US-62","BRANCH CYPRESS CREEK","TRPL 12X4X47 RC CLVT -4 FT FILL","PO","0","H01","W01"
"District 01","Marshall","37.006376661","-88.439195172","KYTC","KYTC","079B00060N","01","3","2022-10-10","5504.0","Fair","No","State","1950s","4","5","5","5","6507.0","US-62","LITTLE CYPRESS CREEK","4-40 FT R.C.D.G. SPANS (30 DEG SKEW)","PO","0","H01","W01"
"District 01","Marshall","37.007526997","-88.48286634","KYTC","KYTC","079B00061N","01","3","2017-10-20","1175.0","Fair","No","State","1950s","4","N","N","N","6507.0","US-62","BRANCH OF CYPRESS CREEK","DBL 12X4X47 RC CLVT -3 FT FILL","PO","0","H01","W01"
"District 01","Calloway","36.593338","-88.315292","KYTC","KYTC","018B00144N","01","3","2021-11-10","1782.0","Fair","Yes","State","2010s","3","N","N","N","20358.0","US-641","Colburn Branch","Double 12' x 6' x 94' RCBC Extension","PO","0","H01","W01"
"District 01","Graves","36.720596","-88.649062","City","KYTC","042C00315N","04","3","2016-03-29","900.0","Poor","No","Local","1970s","","4","5","5","805.0","BELLMEADE DR.","OVER KESS CREEK","1 - 27.7' SIMPLE CONC. DECK W/STEEL I-BEAMS","PP","0","H01","W01"
"District 01","Marshall","37.007553696","-88.483579394","KYTC","KYTC","079B00062N","01","3","2017-10-20","1363.0","Fair","No","State","1950s","4","N","N","N","6507.0","US-62","Branch Cypress Creek","DBL 14X4X47 RC CLVT -3.5 FT FILL","PO","0","H01","W01"
"District 01","Marshall","36.886493384","-88.354336935","KYTC","KYTC","079B00064L","01","3","2024-09-27","12116.0","Good","Yes","State","1960s","1","7","7","7","7632.0","JULIAN M CARROLL P","CLARKS RIVER RELIEF","TWIN BRIDGES (8-48 FT CONT. PRESTRESSED CONCRETE SPANS,","PP","0","H01","W01"
"District 01","Marshall","36.967983285","-88.347244738","KYTC","KYTC","079B00066N","01","3","2023-09-20","8316.0","Good","No","State","1960s","5","7","7","7","119.0","KY-2595","JACKSON PURCHASE PARKWAY","2-108 FT CONT. R.C. BOX GIRDER SPANS, 42 DEG 24 MIN 15","PO","0","H01","H02, H03"
"District 01","Marshall","36.986826028","-88.346620741","KYTC","KYTC","079B00067N","01","3","2016-10-07","9331.0","Fair","Yes","State","1960s","1","N","N","N","3174.0","JC-9003","LITTLE JOHN CREEK","DOUBLE 20 FT X 8 FT X 217 FT R.C. BOX CULVERT, FILL=3.4","PO","0","H01","W01"
"District 01","Marshall","36.827630609","-88.457389044","KYTC","KYTC","079B00068N","01","3","2023-06-27","6724.0","Good","No","State","1960s","5","7","7","7","463.0","KY-2603","JACKSON PURCHASE PARKWAY","2-88 FT CONT. R.C. BOX GIRDER SPANS (23 DEG 15 MIN 29 S","PP","0","H01","H02, H03"
"District 01","Graves","36.825279","-88.60335","County","KYTC","042C00316N","02","3","2015-10-29","840.0","Fair","No","Local","2000s","","6","6","6","164.0","WESTPLAINS RD.","HASKELL BRANCH","1-35' STEEL BEAM SPAN","PO","0","H01","W01"
"District 01","Graves","36.889931","-88.777222","County","KYTC","042C00317N","02","3","2023-06-27","5762.0","Good","No","Local","2000s","","8","8","8","514.0","LOWES ROAD","OVER ICRR","51' - 69' - 51' - PRECAST PRESTR. CONC. I-BEAMS TY. 3","PO","0","H01","R01"
"District 01","Marshall","36.836690881","-88.42924925","KYTC","KYTC","079B00071N","01","3","2023-06-27","6724.0","Fair","No","State","1960s","6","6","7","6","135.0","KY-2604","JACKSON PURCHASE PARKWAY","2-88 FT CONT. R.C. BOX GIRDER SPANS (24 DEG 01 MIN 15 S","PP","0","H01","H02, H03"
"District 01","Marshall","36.841460314","-88.416003251","KYTC","KYTC","079B00072N","01","3","2017-10-17","2047.51","Fair","Yes","State","1960s","1","N","N","N","9160.0","I-69","GIBSON CREEK","DBL 12X10X238 RC CLVT -20 FT FILL","PO","0","H01","W01"
"District 01","Marshall","36.847408056","-88.392773109","KYTC","KYTC","079B00073N","01","3","2023-09-20","6283.0","Fair","No","State","1960s","5","6","6","6","1042.0","KY-2606","JACKSON PURCHASE PARKWAY","2-80 FT CONT. R.C. BOX GIRDER SPANS (3 DEG 18 MIN 15 SE","PP","0","H01","H02, H03"
"District 01","Marshall","36.871614934","-88.363636455","KYTC","KYTC","079B00074L","01","3","2025-03-12","6530.0","Good","Yes","State","1960s","1","7","7","7","7632.0","I-69 NC","Abandoned RR","TWIN BRIDGES(3-50 FT PRECAST PRESTRESSED CONC. GIRDER S","PP","0","H01","X01"
"District 01","Marshall","36.883278288","-88.356343734","KYTC","KYTC","079B00076L","01","3","2017-10-23","16242.0","Fair","Yes","State","1960s","1","6","7","6","7632.0","JULIAN M CARROLL P","EAST FORK CLARKS RIVER","TWIN BRIDGES (3-48 FT, 68 FT, 90 FT, 68 FT, 3-48 FT CON","PP","0","H01","W01"
"District 01","Marshall","36.883222523","-88.356132979","KYTC","KYTC","079B00076R","01","3","2017-10-23","18061.0","Fair","Yes","State","1960s","1","7","6","6","7632.0","JC-9003","EAST FORK CLARKS RIVER","TWIN BRIDGES (3-48 FT, 68 FT, 90 FT, 68 FT, 3-48 FT CON","PP","0","H01","W01"
"District 01","Marshall","36.993636201","-88.466908885","KYTC","KYTC","079B00081N","01","3","2018-09-26","4398.0","Fair","No","State","1970s","6","6","7","5","838.0","KY-1042","I-24","94 FT WELDED STEEL PLATE GIRDER OVER EBL,6DEG30MIN SKEW","PO","0","H01","H02"
"District 01","Marshall","36.992517266","-88.442475142","KYTC","KYTC","079B00082R","01","3","2017-07-14","1538.0","Good","Yes","State","1970s","1","N","N","N","16727.0","I-24","LITTLE CYPRESS CREEK","24 X 9 X 62RC CULVRT-EB FILL=3.02","PO","0","H01","W01"
"District 01","Marshall","36.861410953","-88.382750202","KYTC","KYTC","079B00083N","01","3","2019-10-30","725.0","Fair","No","State","1950s","5","N","N","N","1137.0","KY-408","BEE CREEK","DBL 12X5X28 RC CLVT -1 FT FILL","PO","0","H01","W01"
"District 01","Marshall","36.853026446","-88.434610821","KYTC","KYTC","079B00084N","01","3","2022-06-14","5128.0","Fair","No","State","1950s","5","5","6","5","1104.0","KY-408","MIDDLE FORK CREEK","6-30 FT R.C.D.G. SPANS - 0 DEG SKEW","PP","0","H01","W01"
"District 01","Marshall","36.769422529","-88.369104022","KYTC","KYTC","079B00085N","01","3","2022-08-03","2958.0","Fair","No","State","1950s","5","N","N","N","303.0","KY-1311","SOUTH FORK SOLDIER CREEK","DBL 15X6.13X91 MTL PLTE ARCHS-45 DEG SKW -1.5 FT FILL","PP","0","H01","W01"
"District 01","Marshall","36.789357831","-88.369230922","KYTC","KYTC","079B00086N","01","3","2022-08-03","996.0","Fair","No","State","1950s","5","N","N","N","519.0","KY-1311","North Fork Solider Creek","DBL 12X4.08X38.33 MTL PLTE ARCH -2.5 FT FILL","PP","0","H01","W01"
"District 01","Marshall","36.832302178","-88.323010756","KYTC","KYTC","079B00089N","01","3","2025-06-17","3696.0","Fair","No","State","1950s","5","7","6","7","838.0","KY-1445","WATCH CREEK","4-30 FT R.C.D.G. SPANS","PO","0","H01","W01"
"District 01","Marshall","36.994110406","-88.441129361","KYTC","KYTC","079B00082L","01","3","2017-07-14","1538.0","Good","Yes","State","1970s","1","N","N","N","16727.0","I 24 NON CARDINAL","LITTLE CYPRESS CREEK","24X9X75-RC-CULVERT-ON WB-LANE             FILL=4.3","PO","0","H01","W01"
"District 01","Marshall","36.98126908","-88.429933597","KYTC","KYTC","079B00093N","01","3","2019-10-30","670.0","Fair","No","State","1950s","5","N","N","N","708.0","KY-1610","BRANCH OF LITTLE CYPRES","DBL.12 X L X 27 RCCULVERT  2.3 FILL","PO","0","H01","W01"
"District 01","Marshall","37.002943306","-88.429984419","KYTC","KYTC","079B00094N","01","3","2019-10-30","649.0","Fair","No","State","1950s","5","N","N","N","708.0","KY-1610","BRANCH OF LITTLE CYPRESS","DOUBLE 10 FT X 4 FT X 31 FT R.C. CULVERT 30 DEG SKEW","PO","0","H01","W01"
"District 01","Marshall","37.039379917","-88.385462738","KYTC","KYTC","079B00095N","01","3","2025-06-23","5313.0","Fair","No","State","1960s","4","6","6","7","1264.0","KY-1523","CYPRESS CREEK","5-30 FT. R.C.D.G. SPANS 0 DEG SKEW","PO","0","H01","W01"
"District 01","Marshall","37.026666667","-88.328611111","KYTC","KYTC","079B00098N","01","3","2025-06-17","2705.0","Fair","No","State","1960s","4","6","7","6","2323.0","KY-1523","CYPRESS CREEK","3-25 FT R.C.D.G. SPANS 30 DEG.SKEW","PO","0","H01","W01"
"District 01","Marshall","36.85242154","-88.349774898","KYTC","KYTC","079B00099N","01","3","2018-10-05","1666.0","Fair","Yes","State","1950s","3","6","6","5","3392.0","US-641","Town Creek","1-50.83 FT STEEL I BEAMS SPAN, CONC. FLOOR","PP","0","H01","W01"
"District 01","Marshall","36.857166025","-88.345496535","KYTC","KYTC","079B00100N","01","3","2022-07-11","946.0","Fair","No","State","Over 75","5","6","6","5","4813.0","KY-408","TOWNS BRANCH","1-40 FT R.C.D.G. SPAN - 30 DEG SKEW","PP","0","H01","W01"
"District 01","Marshall","36.861189458","-88.367156322","KYTC","CONTRACT","079B00103N","01","3","2025-02-11","6658.0","Fair","No","State","1960s","5","6","6","5","1137.0","KY-408","Purchase Parkway","2-80 FT CONT. R.C. BOX GIRDER SPANS, 3 DEG 21 MIN 40 SE","PO","0","H01","H02, H03"
"District 01","Marshall","36.845447696","-88.448809682","KYTC","KYTC","079B00104N","01","3","2019-01-02","984.0","Fair","No","State","1970s","5","6","6","5","387.0","KY 1949","Woodall Branch","1-40 FT STEEL WF BEAM SPAN-0 DEG SKEW","PP","0","H01","W01"
"District 01","Marshall","36.816438084","-88.236164772","KYTC","KYTC","079B00107N","01","3","2016-05-05","415.03","Fair","No","State","1970s","5","N","N","N","427.0","KY-1364","FORK OF OLIVE BRANCH","10X5X24 RC CLVT -2 FT FILL","PO","0","H01","W01"
"District 01","Marshall","36.820206757","-88.234460486","KYTC","KYTC","079B00108N","01","3","2016-05-05","415.03","Fair","No","State","1970s","5","N","N","N","427.0","KY-1364","WEST FORK RUFF CREEK","DBL 10X5X24 RC CLVT -2 FT FILL","PO","0","H01","W01"
"District 01","Marshall","36.991362463","-88.398367627","KYTC","KYTC","079B00111N","01","3","2018-10-17","7371.0","Fair","No","State","1970s","5","6","6","7","450.0","KY-1413","I-24 @ 22.112 MP","2-91.5 CONT NON-COMP W.P.G.& 1-19.5,1-29 FT BOX GIRDER","PO","0","H01","H02, H03"
"District 01","Marshall","36.822017004","-88.434576349","KYTC","KYTC","079B00105N","01","3","2022-09-27","1240.0","Poor","No","State","1970s","5","6","7","4","387.0","KY 1949","Smith Creek","1-50 FT PRESTRESSED CONC SPAN-45 DEG SKEW","PP","0","H01","W01"
"District 01","Marshall","36.811625524","-88.238789016","KYTC","KYTC","079B00106N","01","3","2016-08-04","504.0","Fair","No","State","1970s","5","N","N","N","427.0","KY-1364","OLIVE BRANCH","DBL 10X5X24 RC CLVT -1.7 FT FILL","PO","0","H01","W01"
"District 01","Livingston","37.321542","-88.390839","KYTC","CONTRACT","070B00080N","01","3","2021-01-04","1139.5","Good","No","State","2000s","5","N","N","N","84.0","KY-135","BRANCH OF PECK CREEK","21' 10""  X 5' 8"" CORR. METAL ARCH CULV","PP","0","H01","W01"
"District 01","Marshall","37.003018862","-88.324534083","KYTC","KYTC","079B00113R","01","3","2021-03-01","9353.0","Good","Yes","State","1970s","1","7","7","7","15734.0","I-24","US 62","2-859 CONT WPG SPANS & 2-23 FT BOX GIRDERS","PO","0","H01","H02"
"District 01","Marshall","36.990520334","-88.347221233","KYTC","KYTC","079B00114R","01","3","2025-03-12","9819.0","Fair","Yes","State","1970s","1","7","5","7","14839.0","I-24","I-69","2-80 FT PREST CONC.SPNS-1-14,1-20 FT I-Beams","PO","0","H01","H02, H03"
"District 01","Marshall","37.013546193","-88.312379709","KYTC","KYTC","079B00115L","01","3","2019-08-09","4945.0","Fair","Yes","State","1970s","1","6","6","6","15734.0","I-24 NC","CYPRESS CREEK CANAL","33-42-33 FT CONT. NON-COMP. STEEL BEAM SPANS - 27 DEG","PO","0","H01","W01"
"District 01","Marshall","37.013270084","-88.312386501","KYTC","KYTC","079B00115R","01","3","2019-08-09","4945.0","Fair","Yes","State","1970s","1","6","6","7","15734.0","I-24","CYPRESS CREEK CANAL","33-42-33 FT CONT. NON-COMP. STEEL BEAM SPANS - 27 DEG","PO","0","H01","W01"
"District 01","Marshall","36.990444389","-88.375360593","KYTC","KYTC","079B00112N","01","3","2018-10-17","7969.0","Fair","No","State","1970s","5","6","6","7","167.0","KY-3456","I-24 @ 23.393 MP","2-94 FT CONT NON-COMP WPGs & 1-27,1-30 FT BOX GIRDERS","PO","0","H01","H02, H03"
"District 01","Marshall","37.017547475","-88.296435518","KYTC","KYTC","079B00116L","01","3","2021-03-01","6717.0","Good","Yes","State","1970s","1","7","7","7","15734.0","I-24 NC","P&L RAILWAY","48 - 60 - 48 FT CONT NON-COMP  STEEL BEAM SPANS","PO","0","H01","R01"
"District 01","McCracken","37.068003","-88.792082","KYTC","KYTC","073B00159R","01","3","2023-01-30","9287.0","Good","Yes","State","2000s","3","7","7","7","4815.0","US-60","W. FORK MASSAC CREEK","204.99'-3 span Prestressed Concrete","PO","0","H01","W01"
"District 01","McCracken","37.068216","-88.792083","KYTC","KYTC","073B00159L","01","3","2023-01-30","9287.0","Good","Yes","State","2000s","3","7","7","7","4815.0","US-60","W. Fork Massac Creek","204.99' 3 span prestressed concrete","PO","0","H01","W01"
"District 01","Marshall","36.868428","-88.371964","County","KYTC","079C00100N","02","3","2018-03-08","765.0","Good","No","Local","2010s","","8","8","8","273.0","CONE DR. (CR1218)","TRIBUTARY TO BEE CREEK","1- 30' TIMBER SLAB BEAM SPAN","PP","0","H01","W01"
"District 01","Marshall","37.018976227","-88.294163434","KYTC","KYTC","079B00117L","01","3","2021-02-26","9641.0","Good","Yes","State","1970s","1","7","7","7","15734.0","I 24 NON CARDINAL","KY-282/GILBERTSVILLE HWY","60-96-60 CONT. NON-COMP. W.S. GIRDER SPANS","PO","0","H01","H02"
"District 01","Marshall","36.79221178","-88.384882631","KYTC","KYTC","079B00119N","01","3","2025-06-18","1186.0","Good","No","State","1980s","5","7","7","7","327.0","KY-1949","DRY BRANCH","1-47 FT.PRECAST PRESTRESSED CONC BOX BEAM","PO","0","H01","W01"
"District 01","Marshall","36.774627861","-88.318634415","KYTC","KYTC","079B00121N","01","3","2016-10-07","16614.0","Fair","Yes","State","1970s","3","N","N","N","11267.0","US-641","MYERS CREEK","16 X 7 X 472 FT RC BOX CULVERT C 63DEG SKEW","PO","0","H01","W01"
"District 01","Marshall","36.878124194","-88.411542196","KYTC","KYTC","079B00123N","01","3","2025-05-06","4928.0","Good","No","State","1980s","4","7","7","8","1953.0","KY-348","MIDDLE FORK CLARKS RIVER","38- 38- 38 FT CONT. P.C.I.B. SPANS  TYPE 2","PO","0","H01","W01"
"District 01","Marshall","37.017390195","-88.29617259","KYTC","KYTC","079B00116R","01","3","2021-03-01","6717.0","Good","Yes","State","1970s","1","7","7","7","15734.0","I-24","P&L RAILWAY","48 - 60 - 48 FT CONT NON-COMP  STEEL BEAM SPANS","PO","0","H01","R01"
"District 01","Marshall","36.894017727","-88.451374276","KYTC","KYTC","079B00124N","01","3","2016-05-05","867.0","Fair","No","State","1980s","4","N","N","N","1129.0","KY-348","HARRISON CREEK","12 X 6 X 65.5 FT  R.C. BOX CULVERT   55DEG SKEW  2FILL","PO","0","H01","W01"
"District 01","McCracken","37.068564","-88.790706","KYTC","KYTC","073B00160L","01","3","2023-01-30","9287.0","Fair","Yes","State","2000s","3","6","7","7","4815.0","US-60","W. FK. MASSAC CR OV. FLO","204.99'-3 Span Prestressed Concrete","PO","0","H01","W01"
"District 01","McCracken","37.068977","-88.788268","KYTC","KYTC","073B00161R","01","3","2023-01-30","16489.0","Good","Yes","State","2000s","3","7","7","8","4815.0","US-60","W. FK MASSAC CR. OV. FLO","363.98' 4 Span Prestressed Concrete","PO","0","H01","W01"
"District 01","McCracken","37.068344","-88.790752","KYTC","KYTC","073B00160R","01","3","2023-01-30","9287.0","Fair","Yes","State","2000s","3","6","7","7","4815.0","US-0060","W. FR. MASSAC CR OVER FL","204.99'-6 Span Prestressed Concrete","PO","0","H01","W01"
"District 01","Marshall","36.880485996","-88.343269711","KYTC","KYTC","079B00129N","01","3","2025-05-20","9634.0","Good","No","State","1980s","3","7","7","7","8045.0","US-641","MARSH-CLARKS R. OVERFLOW","52-58-58-52 FT CONT PCIB SPANS(T2)","PO","0","H01","W01"
"District 01","Marshall","36.866954773","-88.331278259","KYTC","KYTC","079B00132N","01","3","2025-04-17","2391.0","Poor","No","State","1970s","5","5","5","3","943.0","KY 1462","East Fork Clarks River","3 SPANS,SIMPLE:20.6;53.4;20.6 - PPC BEAMS","PP","0","H01","W01"
"District 01","Marshall","36.863267543","-88.333322091","KYTC","KYTC","079B00133N","01","3","2023-11-28","871.0","Good","No","State","1990s","5","7","7","7","943.0","KY-1462","JOHNS RIVER","1-37 FT PREST CONC DECK UNIT","PO","0","H01","W01"
"District 01","Marshall","36.766691343","-88.18811677","KYTC","KYTC","079B00125N","01","3","2023-09-25","2005.0","Good","No","State","1980s","4","7","7","8","1436.0","KY-402","CLEAR CREEK","1-44 FT. P.C.I.B. SPAN  TYPE 2","PO","0","H01","W01"
"District 01","Marshall","36.928012187","-88.346465047","KYTC","KYTC","079B00001R","01","3","2023-09-21","7078.0","Fair","No","State","1960s","3","7","7","6","6759.0","US-68","JACKSON PURCHASE PARKWAY","2-82 FT CONT RC BOX BEAM- 2-16 CELLUAR ABUTMENTS     D","PO","0","H01","H02, H03"
"District 01","Marshall","36.96135244","-88.401626846","KYTC","KYTC","079B00135N","01","3","2024-11-26","1588.0","Good","No","State","1990s","5","8","8","8","267.0","KY-1712","ELENDER CREEK","1-49   FT PRECAST PRESTRESSED CONC BOX BEAM SPAN(SPREAD","PO","0","H01","W01"
"District 01","Marshall","36.989736996","-88.357690348","KYTC","CONTRACT","079B00136N","01","3","2017-09-18","998.0","Good","Yes","State","1970s","1","N","N","N","33453.0","I-24","BR- LITTLE JOHN CK","DBL 12 X 4 X 203 RC BOX CULVERT","PO","0","H01","W01"
"District 01","Marshall","36.843570631","-88.457126309","KYTC","KYTC","079B00139N","01","3","2022-08-01","781.0","Poor","No","State","1960s","5","6","6","4","463.0","KY 2603","Woodall Branch","1-31 SPAN: PPC TYPE 2 SLAB BEAM","PP","0","H01","W01"
"District 01","Marshall","36.814720354","-88.475080456","KYTC","KYTC","079B00141N","01","3","2024-05-31","624.0","Fair","No","State","Over 75","6","9","5","9","218.0","KY 3526","West Fork Clarks River","1-24 SPAN: STEEL I-BEAMS","PO","0","H01","W01"
"District 01","Marshall","36.935497564","-88.377404805","KYTC","KYTC","079B00134N","01","3","2023-11-29","1228.0","Fair","No","State","1990s","5","7","6","7","721.0","KY-782","CHESTNUT CREEK","1-44 FT PREST CONC BOX BEAM SPAN","PO","0","H01","W01"
"District 01","Graves","36.910277778","-88.518888889","KYTC","KYTC","042B00304N","01","3","2021-10-20","983.0","Fair","No","State","2020s","6","N","N","N","377.0","KY 534","Fork of Mayfield Creek","","PO","0","H01","W01"
"District 01","Livingston","37.292620057","-88.447910361","KYTC","KYTC","070B00056N","01","3","2022-06-21","2792.0","Fair","No","State","1960s","5","6","6","6","15.0","KY 1608","Bayou Creek Overflow","3-30 FT R.C.D.G. SPANS - 0 DEG SKEW","PP","0","H01","F01"
"District 01","Graves","36.575258","-88.597682","KYTC","KYTC","042B00305N","01","3","2022-11-18","577.44","Good","No","State","2020s","6","N","N","N","208.0","KY-83_","BRANCH OF BACON CREEK","ALBC 25'2"" SPAN x 7' -0"" RISE","PO","0","H01","W01"
"District 01","McCracken","37.041666667","-88.710833333","KYTC","KYTC","073B00184N","01","3","2022-12-09","4824.0","Good","No","State","2020s","4","7","8","8","8304.0","US 62","Massac Creek","","PO","0","H01","W01"
"District 01","McCracken","37.041388889","-88.711944444","KYTC","KYTC","073B00183N","01","3","2022-12-09","10176.0","Good","No","State","2020s","4","7","8","8","8304.0","US 62","Massac Creek Overflow","","PO","0","H01","W01"
"District 01","Carlisle","36.786664343","-88.945800148","KYTC","KYTC","020B00027N","01","3","2022-04-19","946.0","Fair","No","State","Over 75","4","6","6","6","908.0","KY-80","Guess Creek","1-40 FT R.C.D.G.","PP","0","H01","W01"
"District 01","Carlisle","36.877154563","-88.958597925","KYTC","KYTC","020B00048N","01","3","2019-10-30","480.0","Fair","No","State","1960s","5","N","N","N","125.0","KY-1935","UNNAMED STREAM","DBL 10X10X23 RC CLVRT-15 DEG SKW -1.8 FT FILL","PO","0","H01","W01"
"District 01","Calloway","36.545434278","-88.305616282","KYTC","KYTC","018B00109N","01","3","2022-04-15","2987.0","Fair","No","State","1950s","5","5","6","5","623.0","KY-1497","WHITE OAK CREEK","3-38 SIMPLE SPANS REINF. CONC. T-BEAMS","PP","0","H01","W01"
"District 01","Crittenden","37.334528924","-88.269713651","County","KYTC","028C00060N","02","3","2016-05-04","486.0","Good","No","Local","1990s","","N","N","N","29.0","WATSON CEMETERY RD","FLATLICK CREEK","SNGL 23X8X18 RC CLVT -NO FILL                        37","PO","0","H01","W01"
"District 01","Crittenden","37.450351861","-88.054653958","County","KYTC","028C00068N","02","3","2024-09-06","1200.0","Fair","No","Local","1990s","","5","6","5","46.0","BAKER HOLLOW RD","CAMP CREEK","1- 50 FT PRESTRESSED CONCRETE BOX BEAM SPAN","PO","0","H01","W01"
"District 01","Graves","36.768980729","-88.637576007","KYTC","KYTC","042B00156R","01","3","2025-03-12","7198.0","Fair","Yes","State","1960s","1","6","6","6","4758.0","I-69","P&L RAILWAY","TWIN BRIDGES (3-55FT PRESTRESSED CONCRETE GIRDER SPANS","PO","0","H01","R01"
"District 01","Graves","36.805276605","-88.494698926","KYTC","KYTC","042B00165L","01","3","2023-08-09","4062.96","Fair","Yes","State","1960s","1","6","7","6","4580.0","I-69 SB","Clarks River Overflow","30.63 - 31.25 - 30.63 FT P.C.I.B SPANS               G","PO","0","H01","F01"
"District 01","Graves","36.677959977","-88.601187928","KYTC","KYTC","042B00190N","01","3","2022-06-16","5810.0","Fair","No","State","1950s","5","6","6","6","321.0","KY-1890","MAYFIELD CREEK","8-30FT RCDG SPANS-0 DEG SKEW-CONC FLOOR & SUBSTRUCTURE","PP","0","H01","W01"
"District 01","Graves","36.884281624","-88.553008458","KYTC","KYTC","042B00222N","01","3","2023-11-29","5799.0","Fair","No","State","1980s","4","7","6","7","2189.0","KY-131","WEST FORK CLARKS RIVER","3-40 & 1-60 PPC DECK UNITS","PO","0","H01","W01"
"District 01","Graves","36.843090774","-88.656767711","KYTC","KYTC","042B00257N","01","3","2020-07-23","2857.0","Fair","No","State","1990s","5","6","8","7","2646.0","KY-1241","GILBERT CREEK","1-67.3 FT - PRESTRESSED CONC SPRED BOX BEAM SPANS","PP","0","H01","W01"
"District 01","Graves","36.74714516","-88.620299055","KYTC","CONTRACT","042B00259N","01","3","2017-10-18","2797.64","Good","No","State","Over 75","4","N","N","N","6064.0","KY-58","MAYFIELD CREEK","5 - 10 X 8 X 84 FT RC BOX LULVERT","PO","0","H01","W01"
"District 01","Hickman","36.62704","-88.89974","County","KYTC","053C00068N","02","3","2024-04-11","864.0","Good","No","Local","2000s","","N","8","7","20.0","HODGE ROAD","BR. OF BAYOU DE CHIEN","1-36' PRECAST PRESTR. CONC BOX BEAMS SPAN 45 DEG. SK","PO","0","H01","W01"
"District 01","Fulton","36.561436956","-89.101415778","KYTC","KYTC","038B00066N","01","3","2022-06-07","2184.0","Fair","No","State","1950s","6","6","6","6","120.0","KY-1129","MUD CREEK","3-25 FT R.C.D.G. SPANS - 0 DEG SKEW","PP-T","0","H01","W01"
"District 01","Fulton","36.503369","-89.086759","KYTC","CONTRACT","038B00086N","01","3","2021-01-04","585.0","Good","No","State","2000s","5","N","N","N","353.0","KY-116","UNNAMED STREAM","22.5 X 5.5 X 23.5CORRUGATED METAL PIPE W/CONC DECK","PP","0","H01","W01"
"District 01","Marshall","36.871514705","-88.363446787","KYTC","KYTC","079B00074R","01","3","2025-03-12","6530.0","Good","Yes","State","1960s","1","8","7","7","7632.0","I-69","Abandoned RR","TWIN BRIDGES(3-50 FT PRECAST PRESTRESSED CONC. GIRDER S","PP","0","H01","X01"
"District 01","Marshall","36.933000589","-88.300354442","KYTC","KYTC","079B00090N","01","3","2019-10-30","683.0","Fair","No","State","1950s","5","N","N","N","1796.0","KY-1422","STICE CREEK","DBL 12X7X27 RC CLVT -2.7 FT FILL","PO","0","H01","W01"
"District 01","Marshall","37.029093","-88.327216","KYTC","KYTC","079B00097N","01","3","2025-06-17","3671.0","Fair","No","State","1960s","4","6","6","6","2323.0","KY-1523","CYPRESS CREEK","3-35 FT R.C.D.G. SPANS 30 DEG SKEW","PO","0","H01","W01"
"District 01","Marshall","36.753047479","-88.301636769","KYTC","KYTC","079B00120L","01","3","2024-11-04","6322.0","Good","Yes","State","1970s","3","7","7","8","4950.0","US-641 S","WADES CREEK","40-65-40 CONT. PREST. CONC. I-BEAMS","PO","0","H01","W01"
"District 01","McCracken","36.977401","-88.616468","KYTC","KYTC","073B00182N","01","3","2022-12-07","2100.0","Fair","No","State","2020s","4","8","8","6","1151.0","KY 994","BOTTOM DITCH","82'-0"" PPC BOX BEAM CB27 SINGLE SPAN","PO","0","H01","W01"
"District 01","Graves","36.90524","-88.56574","County","KYTC","042C00324N","02","3","2010-12-16","476.0","Fair","No","Local","2010s","","6","6","6","80.0","WATKINS RD(CR1047)","W.FK CLARKS RIVER","1 - 26' STEEL I-BEAM SPAN","PO","0","H01","W01"
"District 01","McCracken","37.069656","-88.68197","City","KYTC","073C00082N","04","3","2025-04-30","4537.0","Good","No","Local","2000s","","7","8","8","10952.0","PECAN DR (1487)","PERKINS CREEK","1-106' PCI-BEAMS TY","PO","0","H01","W01"
"District 01","Calloway","36.51378","-88.478416","KYTC","KYTC","018B00136N","01","3","2025-01-29","1985.0","Good","No","State","2000s","5","8","8","8","51.0","KY-1270","SAND FORK CREEK","70' PCI BEAM, TYPE III 30 DEG. SKEW RT.","PO","0","H01","W01"
"District 01","Calloway","36.655113","-88.33676","KYTC","KYTC","018B00139L","01","3","2023-06-27","8640.0","Good","Yes","State","2000s","3","7","7","8","3254.0","KY-80","ROCKHOUSE CREEK","3-SPAN, 57.6-77-57.6-TYPE 3 PCIB SPANS, 20 DEG. SK.","PO","0","H01","W01"
"District 01","Carlisle","36.782309643","-88.863772181","KYTC","KYTC","020B00025N","01","3","2022-04-19","2987.0","Fair","No","State","Over 75","4","6","6","6","1009.0","KY-307","Little Creek","3-35 FT R.C.D.G SPANS ON 18 INCH RC PILE BENTS (0 DEG S","PP","0","H01","W01"
"District 01","Trigg","36.779308","-88.066589","KYTC","KYTC","111B00061L","01","3","2025-06-18","7965.0","Fair","Yes","State","2000s","3","7","8","6","2288.0","U.S. 68","KY-453","45.5'--82.5'--45.5'--Precast PCI-Beam Type 3","PO","0","H01","H02"
"District 01","Graves","36.546943023","-88.76606603","KYTC","KYTC","042B00240N","01","3","2023-11-29","2179.0","Fair","No","State","1980s","4","7","8","6","974.0","KY-94","PIRTLE CREEK","1-78 FT PREST. CONC DECK UNIT","PO","0","H01","W01"
"District 01","Livingston","37.371106751","-88.45789716","KYTC","CONTRACT","070B00016N","01","3","2021-10-04","415.03","Good","No","State","Over 75","5","N","N","N","83.0","KY-137","LOVERS BRANCH","DBL 10X8X42 RC CLVT -6 FT FILL","PO","0","H01","W01"
"District 01","Calloway","36.678631619","-88.104406479","KYTC","KYTC","018B00097N","01","3","2016-06-17","918.47","Fair","No","State","Over 75","6","N","N","N","55.0","KY-972","SNIPE CREEK","DOUBLE 12X6X24 R.C. CULVERT","PO","0","H01","W01"
"District 01","Carlisle","36.921251301","-88.871210478","KYTC","KYTC","020B00062N","01","3","2023-11-29","2232.0","Fair","No","State","1990s","5","5","6","5","133.0","KY-1628","WILSON CREEK","1- 93 FT PREST CONC BOX BEAM SPAN","PO","0","H01","W01"
"District 01","Graves","36.513798","-88.647669","KYTC","KYTC","042B00306N","01","3","2022-11-22","410.52","Good","No","State","2020s","5","N","N","N","104.0","KY303","BRANCH OF OLD KNOB CREEK","ALBC 22-'9"" SPAN X 8'-10"" RISE","PO","0","H01","W01"
"District 01","Carlisle","36.80684","-89.054056","KYTC","KYTC","020B00042N","01","3","2019-10-30","1132.0","Fair","No","State","1950s","5","N","N","N","37.0","KY-877","UNNAME STREAM","DOUBLE 14 FT X 6 FT X 39 FT R.C. CULVERT - 30 DEG SKEW","PO","0","H01","W01"
"District 01","McCracken","37.065826415","-88.615898014","City","KYTC","073C00076N","04","3","2024-04-12","933.0","Fair","No","Local","2000s","","5","7","5","805.0","SOUTH 25TH ST","BR-SMITH CREEK","1-32 FT. PRESTRESSED CONC BOX BEAM SPAN-C/C BEARN","PO","0","H01","W01"
"District 01","Graves","36.712008","-88.610778","KYTC","KYTC","042B00279L","01","3","2022-09-06","12023.0","Good","Yes","State","2000s","3","7","7","7","6030.0","KY-80","MAYFIELD CREEK","67' - 125' - 67' PPCI-BEAM SPAN TY. 5 CONT","PO","0","H01","W01"
"District 01","Hickman","36.751335611","-88.937527119","County","KYTC","053C00049N","02","3","2023-09-11","800.0","Fair","No","Local","1960s","","5","5","5","8.0","SPRINGHILL ROAD","RUSSELL CREEK","1-32 FT PRECAST ONLY NOT PREST CHANNEL SPAN","PP","0","H01","W01"
"District 01","Graves","36.934881361","-88.673112947","KYTC","KYTC","042B00213L","01","3","2025-06-03","9500.0","Good","Yes","State","1980s","3","7","7","7","6500.0","US-45","MAYFIELD CREEK","70 - 70 - 70 FT. CONT. PREST. CONC. I-BEAM SPANS","PO","0","H01","W01"
"District 01","Fulton","36.584748688","-89.16931976","County","KYTC","038C00015N","02","3","2022-01-07","3478.0","Fair","No","Local","1950s","","5","5","5","207.0","UPPER BOTTOM RD","BAYOU DE CHIEN CREEK","3 -61' & 1 - 30' STEEL BEAM SPANS W/CONC. DECK","PP","0","H01","W01"
"District 01","Graves","36.587721015","-88.776460937","County","KYTC","042C00298N","02","3","2024-03-07","1264.0","Good","No","Local","1990s","","7","7","7","21.0","WILLARD ROAD","BR- JACKSON CREEK","1- 50 FT PRESTRESSED CONC  BOX BEAM SPAN","PP","0","H01","W01"
"District 01","Calloway","36.724350206","-88.299241753","KYTC","KYTC","018B00095R","01","3","2024-11-04","10154.0","Good","Yes","State","1970s","3","7","7","7","5076.0","US-641","ROCKHOUSE CREEK","75-80-75CONT. P.C.I.B. SPANS - 40 DEG.","PO","0","H01","W01"
"District 01","Hickman","36.649366415","-89.117732442","County","KYTC","053C00066N","02","3","2024-05-16","2017.0","Fair","No","Local","2000s","","6","7","6","28.0","HICKMAN ROAD","DRY LAKE","1 -- 82 FT. PRESTRESSED CONCRETE BOX BEAM SPAN.","PO","0","H01","W01"
"District 01","Hickman","36.53466","-88.816979","County","KYTC","053C00072N","02","3","2020-01-07","1008.0","Good","No","Local","2010s","","8","8","8","273.0","BRIDGE RD(CR1133)","UNKNOWN CREEK","1 - 42' PRECAST CONCRET BOX BEAMS","PO","0","H01","W01"
"District 01","Crittenden","37.396639127","-87.845058449","KYTC","KYTC","028B00052N","01","3","2023-08-09","8366.0","Fair","No","State","1970s","4","7","7","6","443.0","KY-120","TRADEWATER RIVER","2-60 & 1-100 FT CONT PCIB SPANS -TYPE IV","PO","0","H01","W01"
"District 01","Hickman","36.696294243","-89.000479927","KYTC","KYTC","053B00101N","01","3","2023-11-29","3483.0","Good","No","State","2000s","3","7","7","8","1709.0","US-51","CANE CREEK","1-77C/C BRNG PRESTRESSED CONC BOX BEAM SPANS","PO","0","H01","W01"
"District 01","Graves","36.666596888","-88.739465561","KYTC","KYTC","042B00175N","01","3","2023-09-21","6206.0","Fair","No","State","1960s","","6","7","6","273.0","TATER ROAD","JACKSON PURCHASE PARKWAY","1-24FT RCDG ABUT 2-80.5FT CONT RC BOX GIRDERS 1-16.5FT","PO","0","H01","H02, H03"
"District 01","Graves","36.737382182","-88.634614544","KYTC","CONTRACT","042B00215N","01","3","2017-10-18","1069.0","Fair","No","State","1980s","4","5","7","5","11705.0","KY-121X","RED DUCK CREEK","SNGL 20X9X53 RC CLVT-YIELDING FNDATN -NO FILL","PO","0","H01","W01"
"District 01","Hickman","36.669787","-88.995852","City","KYTC","053C00069N","04","3","2020-07-23","1275.0","Good","No","Local","2010s","","8","8","8","273.0","WATER ST. (CS-1035","CANE CREEK","1 - 48' PRECAST PRESTRESSED CONC. BOX BEAM (SPREAD)","PO","0","H01","W01"
"District 01","McCracken","37.018601313","-88.63038274","KYTC","KYTC","073B00016N","01","3","2023-02-16","2571.0","Poor","No","State","1960s","4","5","5","4","3427.0","KY-994","CLEAR CREEK","1-40, 2-20  PRECAST PREST CONC SPANS - 20 DEG SKW","PP-T","0","H01","W01"
"District 01","Fulton","36.517011207","-88.984175212","KYTC","KYTC","038B00025N","01","3","2019-10-30","945.0","Fair","No","State","Over 75","4","N","N","N","1099.0","KY-166","JONES BRANCH","DBL 9X7X47 RC CLVT-45 DEG SKW-2 FT FILL","PO","0","H01","W01"
"District 01","Fulton","36.515325602","-88.898582268","KYTC","KYTC","038B00054L","01","3","2020-09-16","6090.0","Fair","Yes","State","1960s","2","6","6","5","3047.0","PURCHASE PARKWAY","KY 166","TWIN BRIDGES (47.21 FT- 51.25 FT- 47.21 FT CONT. PRESTR","PP","0","H01","H02, P01"
"District 01","Fulton","36.53524802","-89.008405227","KYTC","KYTC","038B00061N","01","3","2022-01-27","837.0","Fair","No","State","1950s","5","N","N","N","136.0","KY-781","UNNAME STREAM","DBL 15X8X27 RC CLVT","PO","0","H01","W01"
"District 01","Fulton","36.563494059","-89.142021479","KYTC","KYTC","038B00081N","01","3","2023-06-27","3500.0","Good","No","State","1980s","4","7","8","8","2439.0","KY-94","LITTLE MUD CREEK","1-71 COMPOSITE PCIB SPAN TYPE 3","PO","0","H01","W01"
"District 01","Fulton","36.503606215","-88.877187239","City","KYTC","038C00026N","04","3","2022-02-10","1314.0","Fair","No","Local","1990s","","7","7","6","132.0","SECOND ST","HARRIS FORK CREEK","1-36 FT PREST CONC DECK UNIT  HYDROCONDUIT   REPL C19","PO","0","H01","W01"
"District 01","Livingston","37.382695626","-88.453424342","KYTC","CONTRACT","070B00006N","01","3","2020-10-29","378.0","Fair","No","State","1960s","5","N","N","N","126.0","KY-137","GIVENS CREEK","20.58X13.18X134 BCCM PIPE ARCH-30 DEG SKW -11 FT FILL","PO","0","H01","W01"
"District 01","Marshall","36.771944444","-88.307222222","KYTC","CONTRACT","079B00162N","01","3","2022-06-28","1020.0","Good","No","State","2020s","5","7","7","8","1942.0","KY 1824","Peggy Ann Creek","41'-0"" Single Span CB17 PPC Box Beam","PO","0","H01","W01"
"District 01","Hickman","36.686620994","-89.02712748","KYTC","KYTC","053B00078N","01","3","2017-07-23","648.0","Poor","No","State","1970s","6","4","6","6","154.0","KY-1475","HURRICANE BRANCH","1-27 FT STEEL BEAM SPAN","PP","0","H01","W01"
"District 01","McCracken","37.076058333","-88.716305556","County","KYTC","073C00085N","02","3","2020-08-20","831.0","Good","No","Local","2000s","","N","N","N","805.0","Brenna Dr.","UNNAMED STREAM","1-30' PRECAST CON SPAN","PO","0","H01","W01"
"District 01","Hickman","36.575246192","-88.890474468","KYTC","KYTC","053B00060N","01","3","2016-08-04","415.03","Fair","No","State","1960s","5","N","N","N","145.0","KY 924","Unnamed Stream","DBL 10X8X30 RC CLVT -3 FT FILL","PO","0","H01","W01"
"District 01","Hickman","36.708306288","-88.876734441","KYTC","KYTC","053B00089N","01","3","2022-07-29","2914.0","Fair","No","State","1980s","5","6","6","7","532.0","KY-703","LITTLE CYPRESS CREEK","30- 30 - 30 FT CONT. PREST CONC.  I-BEAM SPANS","PP-T","0","H01","W01"
"District 01","Graves","36.742073021","-88.750938194","KYTC","KYTC","042B00275N","01","3","2023-06-27","2690.0","Good","No","State","2000s","5","7","8","8","623.0","KY-384","OVER MC CLANE CR.","78 PPC BOX BEAM 45 DEG SK LT.","PO","0","H01","W01"
"District 01","Hickman","36.613517335","-88.834914494","County","KYTC","053C00063N","02","3","2024-03-14","722.0","Fair","No","Local","1990s","","5","7","5","273.0","STROUD ROAD","BRANCH BAYOU DE CHIEN","1- 36 FT PREST CONCRETE BOX BEAM SPAN","PO","0","H01","W01"
"District 01","McCracken","37.075467952","-88.678451831","KYTC","KYTC","073B00107L","01","3","2022-11-29","5051.0","Fair","Yes","State","1970s","1","6","7","6","17267.0","I 24 NC","PERKINS CREEK","30-50-30 FT CONT RCDG SPANS-15 DEG SKEW","PO","0","H01","W01"
"District 01","McCracken","37.06714339","-88.740800687","KYTC","KYTC","073B00110N","01","3","2023-03-23","1274.0","Poor","No","State","1970s","6","6","7","4","519.0","KY-1565","BLACK BRANCH","1-50PRESTRESSED CONC SPN CONC CAPS ON TIMBER PILING","PP","0","H01","W01"
"District 01","Livingston","37.080763","-88.3036","KYTC","KYTC","070B00084N","01","3","2023-09-21","2268.0","Good","No","State","2010s","5","8","8","8","542.0","KY-866","FORK OF GUM CREEK","","PO","0","H01","W01"
"District 01","McCracken","37.019718451","-88.603231708","KYTC","KYTC","073B00115R","01","3","2021-08-18","6171.0","Fair","Yes","State","1970s","1","7","6","7","24079.0","I-24","ISLAND CREEK","43- 53- 43 CONT. WELDED STEEL","PO","0","H01","W01"
"District 01","McCracken","37.010596134","-88.575765413","KYTC","KYTC","073B00118R","01","3","2021-08-23","8266.0","Fair","Yes","State","1970s","1","7","6","7","19910.0","I-24","OLD L & N RR BED","57.-71 - 57 FT CONT. WELDED STEEL PLATE GIRDER SPANS","PO","0","H01","P01"
"District 01","McCracken","37.007814002","-88.564790609","KYTC","KYTC","073B00119R","01","3","2021-08-19","7564.0","Good","Yes","State","1970s","1","7","7","7","19910.0","I-24","KY. 450  (OAKS ROAD)","1-101 W.P. GIRDER SPAN & 1-33.5;1-37.5 FT CONC BOX GRDR","PO","0","H01","H02"
"District 01","Trigg","36.802932","-87.936908","KYTC","KYTC","111B00072R","01","3","2023-09-25","6048.0","Good","Yes","State","2010s","3","7","7","7","2290.0","US 68","HOPSON CREEK","130'6"" PPC I Beam HN 60-49 Simple Span","PO","0","H01","W01"
"District 01","Graves","36.805555556","-88.522222222","County","CONTRACT","042C00338N","02","3","2020-09-21","1760.0","Good","No","Local","2020s","","7","8","8","144.0","McKendree Chrch Rd","Panther Creek","Two 43'-3.5"" CB17x48 Box Beam Continuous Spans","PO","0","H01","W01"
"District 01","Crittenden","37.343966515","-87.95298738","County","KYTC","028C00071N","02","3","2025-03-10","888.0","Poor","No","Local","2000s","","7","4","4","115.0","SUGAR GROVE CHURCH","OVER SUGAR CREEK","1-36 FT. PRESTRESSED CONCRETE BOX BEAM SPAN. (CSR)","PP-T","0","H01","W01"
"District 01","Fulton","36.532681032","-89.089952943","KYTC","KYTC","038B00043N","01","3","2023-03-24","1323.0","Good","No","State","1960s","5","7","7","7","52.0","KY-1128","MUD CREEK","1-60 FT CLR SPAN PRESTRESSED CONC BOX","PP","0","H01","W01"
"District 01","Crittenden","37.335277778","-88.093333333","KYTC","CONTRACT","028B00066N","01","3","2024-02-06","2016.0","Good","No","State","2020s","4","8","8","8","860.0","KY 91","Crooked Creek","82'-6"" Single Span CB33x48 Box Beams","PO","0","H01","W01"
"District 01","Ballard","36.993611111","-89.029722222","KYTC","CONTRACT","004B00069N","01","3","2022-12-19","1000.0","Good","No","State","2020s","5","8","8","8","270.0","KY-1290","Cane Creek","50' Simple Span CB 21x48 Box Beam","PO","0","H01","W01"
"District 01","McCracken","37.002878822","-88.553701629","KYTC","KYTC","073B00120R","01","3","2021-06-07","20408.0","Good","Yes","State","1970s","1","8","7","7","19910.0","I-24","CLARKS RIVER","140-200-140 FT CONT. WELDED STEEL PLATE GIRDER SPANS","PO","0","H01","W01"
"District 01","McCracken","37.083131854","-88.743179147","KYTC","KYTC","073B00148N","01","3","2024-03-01","6991.0","Fair","No","State","1990s","4","6","7","6","3367.0","KY-305","P&L RAILWAY","58-68-68 PRECAST PRESTRESSED CONC BOX BEAM SPANS","PO","0","H01","R01"
"District 01","McCracken","37.038828419","-88.754088415","KYTC","KYTC","073B00157N","01","3","2023-09-21","4103.0","Good","No","State","2000s","6","8","7","8","72.0","KY-1565","IC RAILROAD","35-60-35 SPRED PRESTRESSED CONC BOX BEAM SPANS","PO","0","H01","R01"
"District 01","Hickman","36.688968185","-88.978526944","KYTC","KYTC","053B00065N","01","3","2025-08-07","2369.0","Fair","No","State","1950s","5","6","6","6","532.0","KY-703","BRANCH OF CANE CREEK","3-25 FT RCDG SPANS","PP","0","H01","W01"
"District 01","Ballard","37.069841837","-88.982994013","KYTC","KYTC","004B00064N","01","3","2021-09-08","3775.0","Good","Yes","State","1990s","3","7","7","8","5181.0","US-60","W.Fk. Humphrey Creek","1 - 78  PRESTRESSED  CONC  I- BEAM SPANS","PO","0","H01","W01"
"District 01","Marshall","36.762612462","-88.300743054","KYTC","KYTC","079B00031N","01","3","2019-10-30","546.0","Fair","No","State","Over 75","5","N","N","N","1054.0","KY-1824","IRVIN BRANCH","DBL 10X6X26 RC CLVT -1 FT FILL","PO","0","H01","W01"
"District 01","Carlisle","36.810493345","-89.009550678","KYTC","KYTC","020B00063N","01","3","2025-05-08","3518.0","Good","No","State","1990s","3","7","7","8","1874.0","US-51","HURRICANE CREEK","1-72.16         PRESTRESSED  CONC      I- BEAM SPANS","PO","0","H01","W01"
"District 01","Graves","36.929869944","-88.673072238","KYTC","KYTC","042B00212R","01","3","2021-03-26","14327.0","Fair","Yes","State","1980s","3","7","7","6","6500.0","US-45","Mayfield Creek","90 - 140 - 90 FT. CONT. W.S.P. GIRDER SPANS","PO","0","H01","W01"
"District 01","Graves","36.951061111","-88.515016667","KYTC","CONTRACT","042B00305N","01","3","","","Good","No","State","2020s","6","N","N","N","208.0","KY-83_","BRANCH OF BACON CREEK","ALBC 25'2"" SPAN x 7' -0"" RISE","PO","0","H01","W01"
"District 01","Marshall","36.989309194","-88.356877263","KYTC","KYTC","079B00137N","01","3","2017-10-05","1055.12","Good","No","State","1970s","4","N","N","N","2008.0","KY-95","BR-LITTLE JOHN CREEK","DBL 12 X 5 X 153  RC BOX CULVERT","PO","0","H01","W01"
"District 01","Graves","36.909067","-88.773149","County","KYTC","042C00318N","02","3","2023-06-27","5891.0","Good","No","Local","2000s","","8","8","8","47.0","SHAW-BOAZ ROAD","OVER ICRR","51.5' - 72.5' - 51.5' PPC I-BEAMS CONT. TY. 3","PO","0","H01","R01"
"District 01","Livingston","37.285916111","-88.379879244","County","KYTC","070C00044N","02","3","2024-07-09","1102.0","Fair","No","Local","1990s","","7","5","5","36.0","Duley Road","Br-Whippoorwill Creek","1- 46 FT PRESTRESSED CONCRETE BOX BEAM SPAN","PO","0","H01","W01"
"District 01","Crittenden","37.278923793","-88.020547748","KYTC","KYTC","028B00037N","01","3","2019-10-30","504.0","Good","No","State","Over 75","6","N","N","N","163.0","KY-1077","Fork of Piney Creek","DBL 10X5X24 RC CLVT -2.2 FT FILL","PO","0","H01","W01"
"District 01","Graves","36.668463","-88.495496","KYTC","KYTC","042B00280R","01","3","2025-03-24","4950.0","Fair","Yes","State","2000s","3","7","6","7","3117.0","KY-80","MINNOW BRANCH","1- 107' PPCI-BEAM SPAN TY. 5","PO","0","H01","W01"
"District 01","Livingston","37.139728659","-88.385465616","KYTC","KYTC","070B00067N","01","3","2024-11-20","3838.0","Good","No","State","1980s","5","7","8","7","591.0","KY-70","McCORMICK CREEK","35 - 50 - 35 FT. CONT. P.C.I.B. SPANS","PO","0","H01","W01"
"District 01","Livingston","37.202850539","-88.399045292","KYTC","KYTC","070B00076N","01","3","2025-01-07","2661.0","Good","No","State","1990s","3","8","8","8","2782.0","US-60","DRYER CREEK","1-54 FT PRESTRESSED CONC I- BEAM SPANS","PO","0","H01","W01"
"District 01","Livingston","37.21035282","-88.386768809","County","KYTC","070C00041N","02","3","2024-04-12","1874.0","Poor","No","Local","1980s","","6","6","4","403.0","Three Rivers Rock","Hill Creek","1-68 FT PRESTRESSD CONC BOX BEAM SPAN","PO","0","H01","W01"
"District 01","Calloway","36.628090946","-88.313718433","KYTC","KYTC","018B00111N","01","3","2024-11-21","7762.0","Fair","Yes","State","1980s","3","6","7","7","19550.0","US-641","BEE CREEK","26-36-26 CONT PREST CB 17-36 BOX BEAMS","PO","0","H01","W01"
"District 01","Livingston","37.317051433","-88.477654943","KYTC","CONTRACT","070B00002N","01","3","2021-10-01","615.32","Fair","No","State","Over 75","5","N","N","N","83.0","KY-137","TRIBUTARY TO OHIO RIVER","TRPL 10X5X36 RC CLVT-30 DEG SKW -3.5 FT FILL","PO","0","H01","W01"
"District 01","Graves","36.769173304","-88.637599331","KYTC","KYTC","042B00156L","01","3","2025-03-12","7198.0","Good","Yes","State","1960s","1","7","7","7","4758.0","I-69","P&L RAILWAY","TWIN BRIDGES (3-55FT PRESTRESSED CONCRETE GIRDER SPANS","PO","0","H01","R01"
"District 01","Lyon","37.071340915","-88.084877228","KYTC","KYTC","072B00049R","01","3","2021-02-15","10429.0","Fair","Yes","State","1970s","1","7","6","6","4868.0","WK-9001","I-24 @ MP. 041.603","113-104 FT CONT COMP WPG SPAN &1-25;30 CONC BX GRD END","PO","0","H01","H02, H03"
"District 01","Lyon","37.062895124","-88.016631531","KYTC","KYTC","072B00053N","01","3","2024-12-10","2210.0","Fair","No","State","1980s","4","6","7","8","880.0","KY-293","GLASS CREEK","1-68 FT. PREST. CONC I-BEAM SPAN","PO","0","H01","W01"
"District 01","McCracken","37.087584638","-88.67734065","City","KYTC","073C00072N","04","3","2023-06-27","4216.0","Good","No","Local","1990s","","7","7","7","4325.0","COLEMAN RD","P&L RAILWAY","1-107 FT. PRESTRESSED CONC I BEAM SPAN (H&G)","PO","0","H01","R01"
"District 01","Crittenden","37.434958493","-87.95079818","County","KYTC","028C00065N","02","3","2024-09-06","588.0","Fair","No","Local","1990s","","6","5","6","273.0","BLACKFORD CHURCH R","HOODS CREEK","1- 30 FT PRESTRESSED CONCRETE BOX BEAM SPAN (HYDRO-BRAN","PO","0","H01","W01"
"District 01","Calloway","36.592222222","-88.255833333","County","KYTC","018C00166N","02","3","2022-07-25","2304.0","Good","No","Local","2020s","","7","7","7","412.0","OUTLAND SCHOOL RD","CLAYTON CREEK","1-96' PRECAST PRESTRESSED CONCRETE BOX BEAMS","PO","0","H01","W01"
"District 01","McCracken","36.970315779","-88.560820678","County","KYTC","073C00075N","02","3","2024-05-16","1919.0","Fair","No","Local","1990s","","6","7","6","84.0","SHEMWELL AIRPORT R","BLIZZARD'POND'S DRAIN CA","1 - 78 FT PRESTRESSED CONC  BOX BEAM SPAN","PP","0","H01","W01"
"District 01","Graves","36.712974","-88.613473","KYTC","KYTC","042B00278L","01","3","2025-03-21","8652.0","Good","Yes","State","2000s","3","7","7","7","6030.0","KY-80","MAYFIELD CREEK OVERFLOW","94' - 94' PPCI - BEAM TY. 4 CONT.","PO","0","H01","W01"
"District 01","Calloway","36.660677","-88.470145","KYTC","KYTC","018B00134L","01","3","2025-01-29","6525.0","Fair","Yes","State","2000s","3","6","6","8","3317.0","KY-80","SAND LICK BRANCH","71' - 71' PPCI-BEAM SPAN TY 3. CONT.","PO","0","H01","W01"
"District 01","Hickman","36.613664004","-88.96040158","KYTC","KYTC","053B00059N","01","3","2025-07-23","6514.0","Fair","No","State","1950s","5","6","6","6","262.0","KY 1529","Cane Creek","7-30 FT RCDG SPANS 45 DEG SKEW","PO","0","H01","W01"
"District 01","McCracken","36.951111111","-88.515","KYTC","KYTC","073B00181N","01","3","2022-09-21","902.0","Good","No","State","2020s","4","N","N","N","1992.0","KY-131","Unnamed stream","ALBC 21'6"" Span x 7'8"" Rise","PO","0","H01","W01"
"District 01","McCracken","37.014199692","-88.592174974","KYTC","KYTC","073B00116R","01","3","2021-08-19","8548.0","Fair","Yes","State","1970s","1","6","5","6","19910.0","I-24","KY 1954 (HUSBAND RD)","96 - 96 FT. CONT. WELDED STEEL GIRDER SPANS","PO","0","H01","H02, H03"
"District 01","McCracken","37.083171544","-88.665320368","KYTC","KYTC","073B00124N","01","3","2025-04-29","23995.0","Fair","Yes","State","1980s","3","6","6","6","19491.0","US-60","P&L RAILWAY","3- 85 FT. CONT. P.C.I.B. SPANS","PO","0","H01","R01"
"District 01","Fulton","36.548576332","-88.908722513","KYTC","KYTC","038B00078N","01","3","2025-05-06","10318.0","Fair","No","State","1980s","3","7","6","6","2605.0","US-51","IC (SOU) RAILROAD","75-80-75 TYPE 3 PCI BEAM SPANS","PO","0","H01","R01"
"District 01","Graves","36.748288323","-88.618406773","KYTC","KYTC","042B00211N","01","3","2023-06-27","6889.0","Fair","No","State","1980s","4","6","6","8","6064.0","KY-58","MAYFIELD CREEK","43.7 - 67  - 43 FT CONT P.C.I.B. TYPE 3 SPAN","PO","0","H01","W01"
"District 01","Graves","36.934649622","-88.672811586","KYTC","KYTC","042B00213R","01","3","2025-06-03","9500.0","Good","Yes","State","1980s","3","7","7","7","6500.0","US-45","MAYFIELD CREEK","70 - 70 - 70 FT. CONT. PREST. CONC. I-BEAM SPANS","PO","0","H01","W01"
"District 01","Graves","36.561111111","-88.788611111","County","KYTC","042C00340N","02","3","2022-06-06","1906.0","Good","No","Local","2020s","","7","9","7","63.0","Kingston CR1299","S. FK. BAYOU DU CHIEN","1-96' PRECAST PRESTRESSED CONCRETE BOX BEAMS","PO","0","H01","W01"
"District 01","Lyon","37.064734312","-88.048520386","KYTC","KYTC","072B00042N","01","3","2018-10-15","15601.0","Fair","Yes","State","1970s","4","6","6","7","4101.0","KY-93","I-24 @ MP. 043.711","2-129 FT CONT. COMP. PLATE GIRDER & 2-30 BOX GDR END BT","PO","0","H01","H02, H03"
"District 01","McCracken","37.129450548","-88.881712078","KYTC","KYTC","073B00129N","01","3","2022-12-13","1739.0","Fair","No","State","1980s","6","6","6","6","75.0","KY-1564","NEWTON'S CREEK","1-63 FT P.P.C. DECK UNIT,TYPE 2 BOX BEAMS","PO","0","H01","W01"
"District 01","McCracken","36.985031038","-88.598630947","KYTC","KYTC","073B00149N","01","3","2023-09-21","1172.0","Good","No","State","1990s","4","7","7","8","1471.0","KY-1954","BOTTOM DITCH","1- 33 FT.PRESTRESSED CONC BOX BEAM SPAN (SPREAD)","PO","0","H01","W01"
"District 01","Graves","36.74957814","-88.637450537","KYTC","KYTC","042B00272N","01","3","2023-09-21","7177.0","Good","No","State","2000s","3","7","8","8","8525.0","US-45","P & L RAILROAD","1-102   PRECAST PRESTRESSED CONC. BOX BEAM (SPREAD)","PO","0","H01","R01"
"District 01","Hickman","36.669254906","-88.992366422","KYTC","KYTC","053B00077N","01","3","2019-10-30","689.0","Fair","No","State","1950s","6","N","N","N","575.0","KY-1731","UNNAME STREAM","DBL 10X9X32 RC CLVT-30 DEG SKW -NO FILL","PO","0","H01","W01"
"District 01","Fulton","36.524253096","-88.961790741","KYTC","KYTC","038B00085N","01","3","2023-11-29","2282.0","Good","No","State","1990s","5","7","8","8","17.0","KY-1759","TRIB- BAYOU DE CHIEN","1- 95 FT        PRESTRESSED  CONC   BOX   BEAM SPANS","PO","0","H01","W01"
"District 01","Calloway","36.60867066","-88.170721208","KYTC","KYTC","018B00126N","01","3","2025-06-04","6051.0","Fair","No","State","2000s","5","6","8","8","1323.0","KY-280","WILDCAT CREEK","2 - 80 PRECAST PRESTRESSED CONC. I-BEAMS TY. 3 (CONT.)","PO","0","H01","W01"
"District 01","Crittenden","37.357932107","-88.276528227","KYTC","KYTC","028B00047N","01","3","2025-07-17","3209.0","Fair","No","State","1960s","5","6","6","6","67.0","KY-838","COEFIELD CREEK","3-35 FT R.C.D.G. SPANS - 0 DEG SKEW","PA","0","H01","W01"
"District 01","Graves","36.794399481","-88.498649968","County","KYTC","042C00312N","02","3","2023-06-27","1836.0","Good","No","Local","2000s","","8","8","8","87.0","DAVE MILLER ROAD","OVER RAY BRANCH","1 -- 65 -- 0 PPC -- BOX BEAM SB 27--SIMPLE SPAN.","PO","0","H01","W01"
"District 01","Lyon","37.123436589","-88.015249211","KYTC","KYTC","072B00056N","01","3","2023-11-29","1298.0","Good","No","State","1990s","6","7","7","7","143.0","KY-1199","BREWSTER CREEK","1- 54 PRESTRESSED CONC BOX BEAM SPANS","PO","0","H01","W01"
"District 01","Marshall","36.753214042","-88.301413025","KYTC","KYTC","079B00120R","01","3","2024-11-04","6322.0","Good","Yes","State","1970s","3","7","7","8","4950.0","US-641","WADES CREEK","40-65-40 CONT P.C.I.B. SPANS - 15 DEG LT.","PO","0","H01","W01"
"District 01","Marshall","37.035573602","-88.32324548","KYTC","KYTC","079B00091N","01","3","2017-10-17","1134.0","Fair","No","State","1950s","4","N","N","N","1274.0","KY-1523","SLOUGH","DBL 10X10X54 RC CLVT -6 FT FILL","PO","0","H01","W01"
"District 01","McCracken","37.07973868","-88.676675424","KYTC","KYTC","073B00106N","01","3","2022-11-29","10529.0","Fair","Yes","State","1970s","3","6","6","6","19491.0","US-60","PERKINS CREEK CHANNEL CH","30-50-30 FT RCDG SPANS-0 DEG SKEW","PO","0","H01","W01"
"District 01","Hickman","36.737861474","-88.868676165","KYTC","KYTC","053B00020N","01","3","2022-09-22","7126.0","Fair","No","State","Over 75","4","6","6","6","1009.0","KY-307","OBION CREEK","9-30 FT RCDG SPANS ON 18 INCH RC PILE BENTS 0 DEG SKEW","PA","0","H01","W01"
"District 01","Graves","36.63652619","-88.781491312","KYTC","KYTC","042B00241N","01","3","2023-11-29","2115.0","Fair","No","State","1990s","5","6","7","6","160.0","KY-944","BRANCH OF BRUSH CREEK","1-73 FT PRECAST PREST CONC BOX BEAM","PO","0","H01","W01"
"District 01","Carlisle","36.90377153","-89.035285231","KYTC","KYTC","020B00057N","01","3","2024-12-10","7885.0","Fair","No","State","1980s","3","7","7","6","2349.0","US-51","C/N (SOU) RAILROAD","58 - 61 - 56 FT CONT PREST CONC I-BEAMS","PO","0","H01","R01"
"District 01","Graves","36.647922218","-88.737687768","KYTC","KYTC","042B00256N","01","3","2025-01-09","4236.0","Good","No","State","1990s","4","7","7","7","2293.0","US-45","CANE CREEK","1-87 PRESTRESSED CONC I-BEAM SPANS","PO","0","H01","W01"
"District 01","Fulton","36.528051923","-89.299609085","KYTC","KYTC","038B00084N","01","3","2023-11-29","2184.0","Fair","No","State","1990s","5","6","7","6","105.0","KY-1282","RUNNING SLOUGH","1- 78 FT.PRESTRESSED CONC BOX BEAM SPAN","PO","0","H01","W01"
"District 01","Graves","36.797680599","-88.505355948","KYTC","KYTC","042B00164N","01","3","2021-09-14","6105.0","Fair","No","State","1960s","","7","7","6","90.0","YATES STORE ROAD","JACKSON PURCHASE PARKWAY","2-80 FT CONT RC BOX GIRDER SPANS 0 DEG SKEW","PO","0","H01","H02, H03"
"District 01","Marshall","36.838986","-88.384365","KYTC","CONTRACT","079B00150N","01","3","2017-09-18","3454.0","Good","No","State","2000s","4","N","N","N","3206.0","KY-58","GIBSON CREEK","Double Barrel Culvert 13x9x127","PO","0","H01","W01"
"District 01","Fulton","36.543642191","-89.073753413","KYTC","KYTC","038B00040N","01","3","2019-10-30","575.0","Fair","No","State","Over 75","5","N","N","N","80.0","KY-1127","UNNAMED STREAM","DOUBLE 12 FT X 12 FT X 23 FT R.C. CULVERT - 0 DEG SKEW","PO","0","H01","W01"
"District 01","Graves","36.807308116","-88.492810418","KYTC","KYTC","042B00166R","01","3","2020-09-16","8711.0","Fair","Yes","State","1960s","1","6","6","6","4580.0","JC-9003","West Fork Clarks River","48.63 - 53.25 - 53.25 - 48.63 FT CONT PCIB SPANS     ES","PP","0","H01","W01"
"District 01","Graves","36.596785482","-88.700948244","KYTC","KYTC","042B00150N","01","3","2019-10-30","523.31","Fair","No","State","1950s","5","N","N","N","546.0","KY-129","BARREN BRANCH","DBL 12X8X32 RC CLVRT -2.5 FT FILL","PO","0","H01","W01"
"District 01","Graves","36.630267676","-88.757403026","KYTC","KYTC","042B00216N","01","3","2023-06-27","3530.0","Fair","No","State","1980s","4","6","7","8","1425.0","US-45","BRUSH CREEK","32-40-32 FT CONT. PREST. CONC I-BEAM SPAN","PP-T","0","H01","W01"
"District 01","Livingston","37.363919258","-88.426442105","KYTC","CONTRACT","070B00008N","01","3","2021-10-01","615.32","Fair","No","State","Over 75","5","N","N","N","107.0","KY - 135","WEST FORK OF BUCK CREEK","TRPL 10X9X36 RC CLVRT -4 FT FILL","PO","0","H01","W01"
"District 01","Trigg","36.851203832","-87.757337555","County","KYTC","111C00026N","02","3","2023-11-29","1198.0","Good","No","Local","1990s","","7","7","7","20.0","HUMPHRIES RD","STILL HOUSE CREEK","1-50 FT PREST CONC DECK BOX BEAM  (HYDRO)   REPL C4","PO","0","H01","W01"
"District 01","Hickman","36.758115713","-89.003689541","KYTC","KYTC","053B00097N","01","3","2023-06-27","20395.0","Fair","No","State","1990s","3","7","6","7","1611.0","US-51","OBION CREEK","2-85 , 1-100, 2-80 FT CONT PCIB SPANS","PO","0","H01","W01"
"District 01","Calloway","36.57980527","-88.116822489","KYTC","KYTC","018B00051N","01","3","2016-06-17","846.29","Fair","No","State","Over 75","5","N","N","N","627.0","KY-444","BRANCH","DOUBLE 10FTX6FTX54FT CONCRETE CULVERT (15 DEG SKEW)","PO","0","H01","W01"
"District 01","Calloway","36.580757518","-88.400597916","KYTC","KYTC","018B00077N","01","3","2019-10-30","555.77","Good","No","State","1950s","5","N","N","N","300.0","KY-1550","UNNAME STREAM","DBL 14X8X32 RC CLVT -2.5 FT FILL","PO","0","H01","W01"
"District 01","Calloway","36.594967324","-88.143504488","KYTC","KYTC","018B00056N","01","3","2016-06-17","615.0","Fair","No","State","Over 75","5","N","N","N","249.0","KY-280","BRANCH OF PANTHER CREEK","DBL 10X5X23 RC CLVT -1.5 FT FILL","PO","0","H01","W01"
"District 01","Trigg","36.850821398","-87.746709984","County","KYTC","111C00024N","02","3","2023-11-29","1346.0","Good","No","Local","1990s","","7","7","7","393.0","KINGS CHAPEL RD","STILLHOUSE BRANCH","1-56 FT PREST CONC BOX BEAM SPAN (HYDRO)      REPL C3","PO","0","H01","W01"
"District 01","Livingston","37.102680013","-88.334436242","KYTC","KYTC","070B00071N","01","3","2023-05-04","1176.0","Fair","No","State","1970s","6","5","6","5","333.0","KY 1889","Guess Creek","1-46 SPAN: PPC TYPE 3 SLAB BEAM","PP","0","H01","W01"
"District 01","Crittenden","37.471700274","-87.990011811","County","KYTC","028C00062N","02","3","2024-09-06","1150.0","Fair","No","Local","1990s","","6","7","6","273.0","LONG BRANCH RD","LONG BRANCH","1-48 FT PREST CONC DECK UNIT                   REPL C12","PO","0","H01","W01"
"District 01","Calloway","36.535599375","-88.14532352","KYTC","KYTC","018B00019N","01","3","2022-04-13","2507.0","Fair","No","State","Over 75","4","7","6","6","1633.0","KY-121","BEECHY CREEK","3-30 FT RCDG SPANS","PO","0","H01","W01"
"District 01","Calloway","36.684969283","-88.221051662","KYTC","KYTC","018B00098N","01","3","2023-02-27","2975.0","Fair","No","State","1980s","5","7","7","6","254.0","KY-464","JONATHAN CREEK","32 - 46 - 32  PRECAST PREST CONC DECK UNITS","PO","0","H01","W01"
"District 01","Ballard","36.967709986","-88.930230436","County","KYTC","004C00017N","02","3","2023-04-24","782.0","Fair","No","Local","1970s","","6","6","6","96.0","FRAIZER ROAD","BRANCH OF BUCKLER CREEK","1-31.0 FT. SPAN P.P.C. SLAB BEAM TYPE II","PO","0","H01","W01"
"District 01","Hickman","36.609318947","-89.037544937","County","KYTC","053C00065N","02","3","2024-05-16","5197.0","Fair","No","Local","2000s","","6","7","6","29.0","DEWEESE ROAD","OVER BR.BAYOU DU CHIEN","1 -- 97 FT. & 1 -- 64 FT. PPC BOX BEAM SPANS","PO","0","H01","W01"
"District 01","Crittenden","37.404293937","-87.953612995","County","KYTC","028C00007N","02","3","2024-09-11","1020.0","Fair","No","Local","1970s","","6","6","6","273.0","NUNN SWITCH RD","PIGEON ROOST CREEK","1 SIMPLE SPAN AT 41 FT. PRESTR. CONCRETE SLAB BEAMS","PO","0","H01","W01"
"District 01","Carlisle","36.859846385","-88.926811423","KYTC","KYTC","020B00040N","01","3","2023-03-20","2772.0","Fair","No","State","1960s","5","6","6","7","264.0","KY-1371","UNNAME STREAM","3-30 FT R.C.D.G. SPANS -30 DEG SKEW","PP","0","H01","W01"
"District 01","Calloway","36.612577017","-88.287585121","KYTC","KYTC","018B00102N","01","3","2025-05-05","17228.0","Fair","No","State","1980s","4","7","5","6","8804.0","KY-94","CLARKS RIVER","40-80-80-80-80 CONT PREST CONC I-BEAM SPANS","PO","0","H01","W01"
"District 01","Crittenden","37.385159149","-88.069015395","County","KYTC","028C00041N","02","3","2016-07-25","792.0","Fair","No","Local","Over 75","","N","N","N","223.0","FORDS FERRY RD","BUTLER CREEK","TRIPPLE 10' X 10' X 24' RC CULVERT W/ 2' FILL","PO","0","H01","W01"
"District 01","McCracken","37.070288452","-88.58608139","KYTC","KYTC","073B00130N","01","3","2016-08-19","2490.8","Fair","Yes","State","1980s","4","N","N","N","11330.0","WAYNE SULLIVAN DRI","ISLAND CREEK","QUAD 10X10X304.5 RC CLVT -25+ FT FILL","PO","0","H01","W01"
"District 01","McCracken","36.967270142","-88.54475687","KYTC","KYTC","073B00054N","01","3","2022-07-06","3068.0","Fair","No","State","Over 75","5","5","5","5","1545.0","KY-450","WEST FORK OF CLARKS RIVE","3-35 FT R.C.D.G. SPANS - 15 DEG SKEW","PP","0","H01","W01"
"District 01","Ballard","37.127563642","-88.915200613","KYTC","KYTC","004B00029N","01","3","2016-06-16","567.0","Fair","No","State","Over 75","5","N","N","N","389.0","KY-473","UNNAME STREAM","DBL 10X9X27 RC CLVT -2.5 FT FILL               NO PLANS","PO","0","H01","W01"
"District 01","Trigg","36.822336111","-87.781063889","County","CONTRACT","111C00040N","02","3","2019-01-11","567.0","Poor","No","Local","1980s","","4","6","4","273.0","BRELSFORD LANE","BRANCH OF LITTLE RIVER","1-61' STEEL BEAM RAILROAD FLAT BED W/ STEEL DECK","PP","0","H01","W01"
"District 01","Ballard","37.114925325","-88.986718448","KYTC","KYTC","004B00048N","01","3","2019-10-30","724.0","Fair","No","State","1950s","5","N","N","N","313.0","KY-310","UNNAME STREAM","DBL 12X10X27 RC CLVT -1.5 FT FILL","PO","0","H01","W01"
"District 01","Hickman","36.675441008","-89.110754158","County","KYTC","053C00040N","02","3","2022-12-13","594.0","Fair","No","Local","1980s","","7","6","7","14.0","BLUMENBURG ROAD","BRANCH OBION CREEK","1-28 FT. PRECAST PRESTRESSED CONC. BOX SPAN","PO","0","H01","W01"
"District 01","McCracken","37.062315553","-88.793425833","KYTC","KYTC","073B00035N","01","3","2022-08-03","1194.23","Fair","No","State","Over 75","6","N","N","N","787.0","KY-3520","MASSAC CREEK OVERFLOW","3 Barrel 12' x 9' x 32' concrete culvert","PA","0","H01","W01"
"District 01","Livingston","37.315678317","-88.305868297","KYTC","KYTC","070B00013N","01","3","2022-10-10","2597.0","Fair","No","State","Over 75","5","5","5","5","670.0","KY 133","Foreman Creek","4-26 FT R.C.D.G. SPANS - 30 DEG SKEW","PP","0","H01","W01"
"District 01","Livingston","37.119038166","-88.385392718","KYTC","KYTC","070B00033N","01","3","2016-09-09","526.0","Fair","No","State","Over 100","4","N","N","N","1335.0","KY-453","McCormick Creek","DOUBLE 8 FT X 4 FT X 31 FT R.C. CULVERT - 45 DEG SKEW","PO","0","H01","W01"
"District 01","Trigg","36.914693","-87.864656","County","KYTC","111C00042N","02","3","2024-11-07","819.0","Fair","No","Local","Over 75","","7","5","6","273.0","Stone Road","Dry Creek","","PP","0","H01","W01"
"District 01","Livingston","37.23590354","-88.277293922","KYTC","KYTC","070B00054N","01","3","2022-06-20","3018.0","Fair","No","State","1950s","5","6","6","6","127.0","KY 1433","Sandy Creek","3-35 FT R.C.D.G. SPANS - 30 DEG SKEW","PP","0","H01","W01"
"District 01","Livingston","37.17316466","-88.24147228","KYTC","KYTC","070B00027N","01","3","2022-06-10","989.0","Fair","No","State","Over 75","5","7","6","7","101.0","KY-70","LICK CREEK","1-40 FT R.C.D.G. SPAN","PO","0","H01","W01"
"District 01","Hickman","36.613535413","-89.042555422","County","KYTC","053C00050N","02","3","2024-05-16","895.0","Fair","No","Local","1980s","","6","5","6","29.0","DEWEESE ROAD","BR.BAYOU DE CHIEN","1-42 FT PREST CONC BOX BEAM","PO","0","H01","W01"
"District 01","Lyon","37.071691318","-88.098638644","KYTC","KYTC","072B00039R","01","3","2024-03-12","8034.0","Fair","Yes","State","1970s","1","6","5","6","16251.0","I-24","KNOB CREEK","54.5 - 71 - 54.5 CONT PREST. I-BM SPAN","PO","0","H01","W01"
"District 01","Lyon","37.062876377","-88.174191476","KYTC","KYTC","072B00033N","01","3","2019-08-13","6885.0","Fair","No","State","1970s","5","6","7","6","142.0","KY-810","I-24 @ MP. 036.406","2-105 FT CONT COMP WPG SPANS & 2-17 FT BOX GIRDER ABUTS","PO","0","H01","H02, H03"
"District 01","McCracken","37.045769741","-88.646060734","KYTC","KYTC","073B00113N","01","3","2022-02-17","16113.0","Good","No","State","1970s","6","8","7","7","2191.0","KY-6027","I-24 @ ELMDALE ROAD","60-105-105-60 FT PREST.CONC. SPREAD BOX BEAMS    -CONT","PO","0","H01","H02, H03"
"District 01","McCracken","37.073051572","-88.751959727","KYTC","KYTC","073B00154L","01","3","2025-03-18","7062.0","Good","Yes","State","1990s","3","7","7","8","5111.0","US-60","IC RAILROAD","3-56 FT CONT PRESTRESSED CONC I BEAM SPANS","PO","0","H01","R01"
"District 01","McCracken","37.071859016","-88.727438442","KYTC","KYTC","073B00156L","01","3","2025-09-08","15991.0","Good","Yes","State","1990s","3","7","7","7","7323.0","US-60","WEST FK-MASSAC CK OVRFLO","5-70 FT CONT PCIB SPANS","PO","0","H01","W01"
"District 01","McCracken","37.034365642","-88.737662034","KYTC","KYTC","073B00163N","01","3","2025-03-18","6444.0","Good","No","State","2000s","4","7","8","8","8304.0","US-62","OVER MASSAC CREEK","30 - 80 - 30  PCIB SPANS","PO","0","H01","W01"
"District 01","Marshall","37.019280146","-88.309257411","County","KYTC","079C00002N","02","3","2024-09-19","1588.0","Fair","No","Local","1970s","","6","6","6","273.0","LONE VALLEY RD","CYPRESS CREEK","1-69 FT. SPAN: PPC BOX BEAM TYPE 3","PO","0","H01","W01"
"District 01","Carlisle","36.857269","-89.090454","County","KYTC","020C00060N","02","3","2024-03-27","720.0","Good","No","Local","2020s","","9","9","8","273.0","Laketon RD","Back Slough","30' single span steel beam with steel open grid deck","PO","0","H01","W01"
"District 01","Fulton","36.554064467","-89.007000562","KYTC","KYTC","038B00005N","01","3","2016-07-26","936.0","Fair","No","State","Over 100","4","N","N","N","469.0","KY-94","VERHINE CREEK","DBL 8X8X39 RC CLVT-45 DEG SKW -2 FT FILL","PO","0","H01","W01"
"District 01","Fulton","36.518964972","-88.871247788","KYTC","KYTC","038B00015N","01","3","2024-11-27","10752.0","Fair","No","State","1960s","4","7","6","7","1867.0","KY-307","JACKSON PURCHASE PARKWAY","1-15,1-21RCDG,2-80 FT CONT RC BOX GIRDER","PO","0","H01","H02, H04"
"District 01","Fulton","36.556151293","-88.953739089","KYTC","KYTC","038B00039N","01","3","2019-10-30","483.0","Fair","No","State","Over 75","5","N","N","N","62.0","KY-1125","UNNAME STREAM","DBL 10X8X23 RC CLVT -1.5 FT FILL","PO","0","H01","W01"
"District 01","Calloway","36.626780446","-88.301872705","KYTC","KYTC","018B00120N","01","3","2024-11-21","6764.0","Good","No","State","1990s","4","7","7","7","6416.0","OLD BENTON RD","BEE CREEK","44-52-44    FT PRESTRESSED CONCRETE  -BOX BEAM SPANS","PO","0","H01","W01"
"District 01","Hickman","36.691955193","-88.87616332","KYTC","KYTC","053B00081N","01","3","2023-03-23","779.0","Fair","No","State","1980s","5","6","5","5","199.0","KY-123","LITTLE CYPRESS CREEK","1-35 FT PRECAST PRESTRESSED CONC BOX BEAM SPAN","PP","0","H01","W01"
"District 01","Graves","36.891962","-88.728686","KYTC","KYTC","042B00291N","01","3","2023-09-21","1566.0","Good","No","State","2010s","5","8","8","8","207.0","KY-945_","Branch of Brush Creek","","PO","0","H01","W01"
"District 01","Marshall","36.990759817","-88.347265932","KYTC","KYTC","079B00114L","01","3","2025-03-12","9843.0","Fair","Yes","State","1970s","1","6","6","6","14839.0","I-24 NC","I-69","2-80 FT PREST CONC.SPANS;1-14,1-20 FT I-Beams","PO","0","H01","H02, H03"
"District 01","Hickman","36.609646749","-89.030734702","KYTC","KYTC","053B00048N","01","3","2025-08-07","11966.0","Fair","No","State","Over 75","4","6","5","6","1014.0","KY-239","Bayou De Chien Overflow","14-30 FT CONCRETE DECK GIRDER SPANS","PP","0","H01","F01"
"District 01","Marshall","36.90929786","-88.445425272","County","KYTC","079C00058N","02","3","2024-08-20","1056.0","Good","No","Local","1990s","","7","7","7","35.0","NEW HARMONY RD","BR-HARRISON CREEK","1- 44 FT PRESTRESSED CONCRETE BOX BEAM SPAN","PO","0","H01","W01"
"District 01","Marshall","36.871297","-88.363198","KYTC","KYTC","079B00155N","01","3","2017-02-15","3300.0","Good","Yes","State","2010s","1","7","7","7","3499.0","INTERSTATE 69","UNAMED GRAVEL ACESS","96' 10"" PCI BEAM TYPE 4, SINGLE SPAN","PO","0","H01","X01"
"District 01","Graves","36.820833333","-88.7025","KYTC","KYTC","042B00307N","01","3","2023-12-04","1307.0","Good","No","State","2020s","5","N","N","N","119.0","_KY-945","CHALK BRANCH","36FT SINGLE SPAN ALUMINUM CULVERT","PO","0","H01","W01"
"District 01","Calloway","36.705219865","-88.315101061","KYTC","KYTC","018B00086N","01","3","2022-04-14","3674.0","Fair","No","State","1960s","5","6","6","6","183.0","KY-464","ROCKHOUSE CREEK","3-40 FT RCDG SPANS","PO","0","H01","W01"
"District 01","Crittenden","37.396388889","-87.845833333","KYTC","CONTRACT","028B00067N","01","3","2024-04-15","2296.0","Good","No","State","2020s","4","9","9","9","443.0","KY-120","Slough of Tradewater RVR","82' Single Span P/S Box w/Concrete Deck","PO","0","H01","W01"
"District 01","Fulton","36.574129895","-89.055955519","County","KYTC","038C00005N","02","3","2024-09-18","2280.0","Fair","No","Local","1970s","","6","6","6","67.0","RUSH CRK RD","RUSH CREEK","3 SIMPLE SPANS: 32 EA.: TYPE 2 PPC SLAB BEAMS","PO","0","H01","W01"
"District 01","Fulton","36.52012954","-89.176838119","County","KYTC","038C00025N","02","3","2024-04-26","877.0","Good","No","Local","1980s","","7","7","7","88.0","TOWNSEND RD","SNAPNECK CREEK","1-36 FT PRESTRESSED CONCRETE BOX BEAM SPAN","PO","0","H01","W01"
"District 01","Livingston","37.154994248","-88.361805979","County","KYTC","070C00017N","02","3","2024-09-27","1610.0","Poor","No","Local","1970s","","6","6","4","69.0","SCOTTS CHAPEL RD","FERGUSON CREEK","1-71.5 FT. SPAN: PPC TYPE 2 BOX BEAMS","PP","0","H01","W01"
"District 01","Calloway","36.578615","-88.315301","KYTC","KYTC","018B00147L","01","3","2024-04-23","9630.0","Good","Yes","State","2020s","3","9","7","9","3915.0","US-641 SB","Tributary Clarks Fork","70'X70'X70' PPC Box Beam Continous span","PO","0","H01","W01"
"District 01","Calloway","36.578602","-88.315041","KYTC","KYTC","018B00147R","01","3","2024-04-23","7811.0","Good","Yes","State","2020s","3","9","9","9","3915.0","US-641 NB","Tributary Clarks Fork","70'X70'X70' PPC Box Beam Continous span","PO","0","H01","W01"
"District 01","Livingston","37.076880157","-88.315101563","County","KYTC","070C00046N","02","3","2024-07-09","1298.0","Fair","No","Local","1990s","","6","7","7","89.0","GILLUM RD","JONES CREEK","1- 54 FT PRESTRESSED CONCRETE BOX BEAM SPAN","PO","0","H01","W01"
"District 01","Calloway","36.581193","-88.314575","KYTC","KYTC","018B00145N","01","3","2023-12-06","10517.0","Good","Yes","State","2020s","3","7","8","9","7830.0","US-641","Middle Fork Clarks River","2 -80 1-70 PCI BEAMS","PO","0","H01","W01"
"District 01","Calloway","36.510934","-88.336256","KYTC","KYTC","018B00146L","01","3","2023-12-08","10366.0","Good","Yes","State","2020s","3","8","9","9","3915.0","US-641 SB","Brushy Fork","4-70FT SPREAD BOX BEAMS","PO","0","H01","W01"
"District 01","Calloway","36.511044","-88.336052","KYTC","KYTC","018B00146R","01","3","2023-12-08","10366.0","Good","Yes","State","2020s","3","8","9","9","3915.0","US-641 NB","Brushy Fork","4-70FT SPREAD BOX BEAMS","PO","0","H01","W01"
"District 01","McCracken","37.089023226","-88.83249304","KYTC","KYTC","073B00046N","01","3","2019-10-30","1804.0","Fair","No","State","1950s","5","N","N","N","1124.0","KY-725","BAYOU CREEK","TRPL 14X14X41 RC CLVT-45 DEG SKW -1.8 FT FILL","PO","0","H01","W01"
"District 01","McCracken","37.033104415","-88.793397473","County","KYTC","073C00020N","02","3","2024-04-12","929.0","Fair","No","Local","1970s","","6","6","6","93.0","GHOLSON RD","BR OF LITTLE MASSAC CREE","1-40.5 FT. SPAN P.P.C. SLAB BEAM","PO","0","H01","W01"
"District 01","McCracken","37.065278991","-88.682682897","County","KYTC","073C00057N","02","3","2024-04-12","1228.0","Fair","No","Local","1990s","","6","7","7","805.0","HANSEN RD","PERKINS CREEK","1-50 FT  PREST CONC BOX BEAM","PO","0","H01","W01"
"District 01","McCracken","37.170712655","-88.85538159","County","KYTC","073C00064N","02","3","2024-07-09","1248.0","Good","No","Local","1990s","","7","7","7","31.0","GRIEF RD","NASTY CREEK","1- 52 FT PRESTRESSED CONCRETE BOX BEAM SPAN (HYDRO)","PO","0","H01","W01"
"District 01","Ballard","37.079991265","-88.942437339","KYTC","KYTC","004B00065N","01","3","2023-11-29","1174.0","Good","No","State","1990s","5","7","7","7","297.0","KY 310","Frazier Creek","1-46 FT PRESTRESSED CONC BOX BEAM SPANS","PO","0","H01","W01"
"District 01","Fulton","36.532777778","-89.087222222","KYTC","CONTRACT","038B00091N","01","3","2023-11-15","580.0","Good","No","State","2020s","5","8","8","8","52.0","KY 1128","Fork of Mud Creek","27'-0"" Single Span CB12 PPC Box Beam","PO","0","H01","W01"
"District 01","McCracken","37.011087079","-88.744746251","KYTC","KYTC","073B00080N","01","3","2025-06-23","2344.0","Good","No","State","1950s","5","7","7","7","1060.0","KY-1322","UNNAMED STREAM","3-25 FT RCDG SPANS 0 DEG SKEW","PO","0","H01","W01"
"District 01","Marshall","36.992199532","-88.429735366","KYTC","KYTC","079B00092N","01","3","2018-10-17","7646.0","Fair","No","State","1970s","5","6","7","7","708.0","KY-1610","I 24","2-94 FT WELDED PLATE GIRDER SPANS","PO","0","H01","H02, H03"
"District 01","Marshall","36.989735012","-88.356839822","KYTC","KYTC","079B00109N","01","3","2018-10-17","10994.0","Fair","No","State","1970s","4","6","7","7","2008.0","KY-95","I-24 @.MP. 024.419","2-91.6 CONT NON-COMP WPG & 1-25,1-22 BOX GIRDER SPNS","PO","0","H01","H02, H03"
"District 01","Marshall","37.003030009","-88.324902663","KYTC","KYTC","079B00113L","01","3","2021-03-01","9353.0","Fair","Yes","State","1970s","1","6","8","7","15734.0","I 24 NON CARDINAL","US 62","2-859 CONT WPG SPANS; 2-23 BOX GIRDER SPANS","PO","0","H01","H02"
"District 01","Carlisle","36.913543989","-89.051995193","KYTC","KYTC","020B00056N","01","3","2025-05-15","2709.0","Good","No","State","1980s","3","7","8","8","1613.0","US-51","GRAY CREEK","1-60 FT PREST. CONC. I-BEAM SPAN","PO","0","H01","W01"
"District 01","Hickman","36.582243617","-88.861415763","KYTC","KYTC","053B00098N","01","3","2025-03-31","6581.0","Fair","No","State","1990s","5","6","8","8","324.0","KY-1529","CN RAILROAD","3-78 FT CONT    PRESTRESSED  CONC       I-BEAM SPANS","PO","0","H01","R01"
"District 01","Hickman","36.725058642","-89.043024315","KYTC","KYTC","053B00042N","01","3","2024-02-24","7136.0","Poor","No","State","Over 75","4","6","5","4","627.0","KY-58","OBION CREEK","4-50 FT RCDG SPANS & 1-100 FT STEEL PONY TRUSS","PP","0","H01","W01"
"District 01","Fulton","36.50767227","-88.872149034","KYTC","KYTC","038B00076N","01","3","2022-08-03","4181.0","Poor","No","State","1970s","4","7","6","4","3639.0","KY-307","HARRIS FORK CREEK","1-76 FT PRECAST PRESTRESSED CONC BOX BEAM SPAN","PA","0","H01","W01"
"District 01","Graves","36.749909303","-88.710442795","KYTC","KYTC","042B00107N","01","3","2016-07-27","460.0","Fair","No","State","Over 100","4","N","N","N","2178.0","KY-80","BRADLEY CREEK","DBL 10X7X26 RC CLVT -2 FT FILL","PO","0","H01","W01"
"District 01","Fulton","36.587009272","-89.035431704","KYTC","KYTC","038B00010N","01","3","2019-10-30","572.0","Good","No","State","Over 75","4","N","N","N","923.0","KY-239","CHUMLEY CREEK","DBL 10X5 RC CLVT-30 DEG SKW -2 FT FILL","PO","0","H01","W01"
"District 01","Fulton","36.512268804","-88.871814933","KYTC","KYTC","038B00016N","01","3","2016-10-07","526.7","Fair","No","State","Over 75","4","N","N","N","1748.0","KY-307","HARRIS FORK CREEK","DOUBLE 10 FT X 8 FT X 32 FT R.C. CULVERT    FILL=3.2","PO","0","H01","W01"
"District 01","Marshall","37.01883964","-88.293896988","KYTC","KYTC","079B00117R","01","3","2021-02-26","9641.0","Fair","Yes","State","1970s","1","6","7","7","15734.0","I-24","KY. 282","60-96-60 CONT. NON-COMP. W.S. GIRDER SPANS","PO","0","H01","H02"
"District 01","McCracken","37.010266755","-88.747302095","KYTC","KYTC","073B00081N","01","3","2018-08-17","2772.0","Fair","No","State","1950s","5","6","6","6","1060.0","KY-1322","MIDDLE FORK OF MASSAC CR","25 FT 40 FT 25 FT RCDG SPANS 30 DEG SKEW","PP","0","H01","W01"
"District 01","Graves","36.896843186","-88.530468228","KYTC","KYTC","042B00221N","01","3","2023-11-29","1460.0","Fair","No","State","1980s","4","6","7","6","2189.0","KY-131","HURRICANE BR. OVERFLOW","1- 46 FT.PREST CONC BOX BEAMS","PO","0","H01","W01"
"District 01","Fulton","36.527677","-88.925856","KYTC","KYTC","038B00089N","01","3","2023-09-20","1025.0","Good","No","State","2010s","6","8","8","8","110.0","_KY 1909","Bayou De Chien Creek","38'.0"" Simple Span SB 17x48 Box Beams","PP","0","H01","W01"
"District 01","Lyon","37.008584861","-87.972799823","KYTC","KYTC","072B00045N","01","3","2018-01-29","8915.0","Fair","No","State","1970s","6","6","6","7","110.0","KY-6019","I-24","2-108 CONT WPG SPANS & 1-24 & 1-32 FT (PIER & CELL.ABUT","PO","0","H01","H02, H03"
"District 01","Hickman","36.609059","-88.871476","KYTC","KYTC","053B00108N","01","3","2023-09-21","5325.0","Good","No","State","2010s","4","7","8","8","726.0","KY-307","OVERFLOW BAYOU DU CHIEN_","1-40' 1-55' 1-40' PRECAST CONCRETE BOX BEAM (SPREAD)","PO","0","H01","W01"
"District 01","Marshall","36.878531198","-88.359062514","KYTC","KYTC","079B00075R","01","3","2024-09-26","10127.0","Good","Yes","State","1960s","1","7","7","7","7632.0","I-69","CLARKS RIVER RELIEF","TWIN BRIDGES (6-48 FT CONT. PRESTRESSED CONC SPANS, 0 D","PP","0","H01","W01"
"District 01","McCracken","37.10791081","-88.691996176","KYTC","KYTC","073B00101R","01","3","2019-08-09","5547.0","Fair","Yes","State","1970s","1","7","6","7","17735.0","I-24","KY 1420","37-54-37 FT COMP WF GIRDER SPANS-16 D 19 M 58.5 S SKEW","PO","0","H01","H02"
"District 01","Marshall","36.854744113","-88.346456981","KYTC","KYTC","079B00088N","01","3","2019-10-30","551.0","Fair","No","State","1950s","5","N","N","N","1111.0","KY-1445","LICK CREEK","DOUBLE 14 FT X 8 FT X 31 FT R.C. CULVERT-0 DEG SKEW","PO","0","H01","W01"
"District 01","Marshall","36.94823961","-88.324519798","KYTC","KYTC","079B00051N","01","3","2019-10-30","451.12","Good","No","State","1960s","5","N","N","N","739.0","KY-1422","UNNAME STREAM","DBL 12X5X29 RC CLVT -6 FT FILL","PO","0","H01","W01"
"District 01","Marshall","36.940103281","-88.322566092","KYTC","KYTC","079B00054N","01","3","2016-05-05","646.65","Good","No","State","Over 75","3","N","N","N","5045.0","US-641","CYPRESS CREEK","DBL 12X7X38 RC CLVT -2 FT FILL","PO","0","H01","W01"
"District 01","Fulton","36.506969444","-88.876069444","KYTC","KYTC","038B00093N","01","3","2023-07-13","2013.0","Good","No","State","2020s","6","N","N","N","311.0","KY-1718","Branch of Harris Creek","","PO","0","H01","W01"
"District 01","McCracken","37.082129873","-88.768773337","KYTC","KYTC","073B00048N","01","3","2024-01-03","3664.0","Fair","No","State","1960s","5","6","7","7","1915.0","KY-724","BRANCH OF MASSAC CREEK","3-35 FT R.C.D.G. SPANS - 45 DEG SKEW","PO","0","H01","W01"
"District 01","Graves","36.930772","-88.708973","KYTC","KYTC","042B00282N","01","3","2021-12-13","1539.0","Good","No","State","2010s","5","8","8","8","302.0","KY-2192","Tributary of Mayfield Cr","54' W33x118 ~ Simple Span ~ 0 skew","PO","0","H01","W01"
"District 01","Carlisle","36.848054","-88.942776","County","KYTC","020C00053N","02","3","2020-01-13","1646.0","Good","No","Local","2010s","","8","8","8","28.0","IKE WOODEN RD.","HORN CREEK","1 - 64.67' PPC BOX BEAM SPAN","PO","0","H01","W01"
"District 01","McCracken","37.066404489","-88.782953773","KYTC","KYTC","073B00151N","01","3","2023-06-27","2343.0","Good","No","State","1990s","6","7","7","8","787.0","KY-3520","WEST FORK MASSAC CREEK","1-51        FT PRESTRESSED CONC-BOX       BEAM SPANS","PO","0","H01","W01"
"District 01","McCracken","37.071714457","-88.722199875","KYTC","KYTC","073B00165L","01","3","2025-03-27","16444.0","Good","Yes","State","2000s","3","7","7","8","7323.0","US-60","OVER MASSAC CR. OVERFLOW","90 - 90 - 90 - 90  PCIB SPANS CONT. TY.4","PO","0","H01","W01"
"District 01","Hickman","36.748239734","-89.041636759","KYTC","KYTC","053B00033N","01","3","2025-08-07","2964.0","Fair","No","State","1950s","5","6","6","6","147.0","KY-1772","BOWLES CREEK","3-35 FT RCDG 0 DEG SKEW","PP","0","H01","W01"
"District 01","Carlisle","36.806111292","-89.109076055","County","KYTC","020C00048N","02","3","2024-04-26","1476.0","Fair","No","Local","2000s","","6","7","7","33.0","BERKLEY-FISH LAKE","FISH LAKE COVE","1 -- 60 FT. PRESTRESSED CONCRETE  BOX BEAM SPAN.","PO","0","H01","W01"
"District 01","Calloway","36.625893334","-88.345794914","KYTC","KYTC","018B00036N","01","3","2016-06-17","906.5","Fair","No","State","Over 75","4","N","N","N","6578.0","KY-121","NANNEY BRANCH","TRPL 10X5X51 RC CLVT-30 DEG SKW -4.5 FT FILL","PO","0","H01","W01"
"District 01","Calloway","36.606224757","-88.302159993","KYTC","KYTC","018B00092N","01","3","2016-06-17","960.62","Fair","No","State","Over 75","4","N","N","N","7106.0","SOUTH 4TH ST","ROSE BERRY BRANCH-WITHIN","DBL 8X6.5X80 RC CLVT-45 DEG SKW -SLAB TOP=DRIVNG SURFCE","PO","0","H01","W01"
"District 01","Trigg","36.756061","-87.725215","KYTC","KYTC","111B00066N","01","3","2023-11-14","2316.0","Good","No","State","2010s","5","7","7","8","208.0","KY-525_","CASEY CREEK_","95'-0"" CB 42 PPC BOX BEAM ~SIMPLE SPAN","PO","0","H01","W01"
"District 01","Calloway","36.585472597","-88.338815481","KYTC","KYTC","018B00074N","01","3","2019-10-30","778.0","Good","No","State","1950s","4","N","N","N","3177.0","Taylors Store Road","Branch of Middle Fk.","DBL 14X7X27 RC CLVT -2 FT FILL","PO","0","H01","W01"
"District 01","Marshall","36.767222222","-88.299444444","KYTC","CONTRACT","079B00163N","01","3","2023-12-21","1932.0","Good","No","State","2020s","4","8","8","8","2149.0","KY-402","MARTIN CREEK","","PO","0","H01","W01"
"District 01","McCracken","36.989387","-88.75713","KYTC","KYTC","073B00168N","01","3","2025-03-13","6432.0","Good","No","State","2000s","5","7","7","7","191.0","KY 1438","CANADIAN NAT. & ILL. CEN","71'  - 71' - 50'  PPC I-BEAM TY. 3 CONT.","PO","0","H01","R01"
"District 01","Lyon","37.13","-88.123333333","KYTC","CONTRACT","072B00060N","01","3","2023-12-30","2054.0","Good","No","State","2020s","5","8","8","8","111.0","KY-1943","CRAB CREEK","1-83 PRECAST BOX BEAM  0 DEG SKEW","PO","0","H01","W01"
"District 01","McCracken","36.953715695","-88.54828367","KYTC","KYTC","073B00141N","01","3","2022-09-01","1557.0","Poor","No","State","1970s","6","5","5","4","118.0","KY-1255","CAMP CREEK","19-30-19 CONT. STEEL I-BEAM SPANS - 40 DEG","PP","0","H01","W01"
"District 01","Fulton","36.518194444","-89.090611111","KYTC","CONTRACT","038B00095N","01","3","2024-04-08","2576.0","Fair","No","State","2020s","4","9","9","6","1002.0","KY-166","Mud Creek","92' Single Span P/S Box w/Concrete Deck w/30° Skew LT","PO","0","H01","W01"
"District 01","McCracken","37.090427092","-88.68571672","KYTC","KYTC","073B00103R","01","3","2021-02-17","7578.0","Fair","Yes","State","1970s","1","6","6","6","18140.0","I-24","P&L RAILWAY","51-74-51 FT COMP WF GIRDER SPANS-31 D 39 M 44.6 S SKEW","PO","0","H01","R01"
"District 01","Ballard","37.093729092","-89.036861597","KYTC","KYTC","004B00039N","01","3","2022-04-12","2594.0","Fair","No","State","1950s","5","6","6","6","224.0","KY-1105","HAZEL CREEK","3-30 FT RCDG SPANS-0 DEG SKEW","PP","0","H01","W01"
"District 01","Ballard","37.070533442","-88.886765269","KYTC","KYTC","004B00041N","01","3","2019-10-30","825.0","Fair","No","State","1950s","5","N","N","N","121.0","KY-473","UNNAME STREAM","DBL 12X5X33 RC CLVT-45 DEG SKW -1.8 FT FILL","PO","0","H01","W01"
"District 01","Calloway","36.651798","-88.281787","KYTC","KYTC","018B00130L","01","3","2014-04-15","33628.0","Poor","Yes","State","2000s","3","7","6","4","2462.0","KY-80","CLARKS RVR & CLAYTON CRK","2-59' & 6-105' PPC I-BEAM SPANS","PO","0","H01","W01, W02"
"District 01","Graves","36.684875566","-88.53155462","County","KYTC","042C00288N","02","3","2024-04-26","948.0","Good","No","Local","1990s","","7","7","7","273.0","FLOOD ROAD","VULCAN CREEK","1-38 FT. PRESTRESSED CONC BOX BEAM SPAN","PO","0","H01","W01"
"District 01","Trigg","36.922657447","-87.939181695","KYTC","KYTC","111B00024N","01","3","2019-10-30","662.0","Fair","No","State","Over 75","5","N","N","N","442.0","KY-276","OLIVER BRANCH","DBL 8X5X39 RC CLVT-45 DEG SKW -14.5 INCH FILL","PO","0","H01","W01"
"District 01","Graves","36.636499063","-88.763465332","KYTC","KYTC","042B00173R","01","3","2019-07-24","5317.0","Fair","Yes","State","1960s","1","6","7","6","3645.0","JC-9003","BRUSH CREEK","40.63-41.25-40.63 CONT PREST CONCRETE BOX BEAM SPANS","PP","0","H01","W01"
"District 01","Graves","36.910271257","-88.522345631","KYTC","KYTC","042B00248N","01","3","2024-02-08","1408.0","Fair","No","State","1990s","4","7","6","7","2189.0","KY 131","Bear Creek","1- 32 FT.PRESTRESSED CONC BOX BEAM SPAN","PO","0","H01","W01"
"District 01","Marshall","36.928101038","-88.346391486","KYTC","KYTC","079B00001L","01","3","2023-09-21","7078.0","Good","No","State","1960s","3","7","7","7","6759.0","US-68 W","JACKSON PURCHASE PARKWAY","2-82 FT CONT RC BOX BEAMS & 2-16 CELLULAR ABUTMTS    D","PO","0","H01","H02, H03"
"District 01","Marshall","37.002617576","-88.312630947","KYTC","KYTC","079B00057N","01","3","2025-06-17","5567.0","Fair","No","State","1950s","3","6","6","7","8204.0","US-62","CYPRESS DRAINAGE DITCH","5-35 FT R.C.D.G. SPANS (0 DEG SKEW)","PO","0","H01","W01"
"District 01","Graves","36.809923494","-88.560024668","County","KYTC","042C00017N","02","3","2024-09-27","1290.0","Fair","No","Local","1960s","","6","6","6","170.0","TRACE CREEK CHURCH","TRACE CREEK","1-51.5  SPAN P. P. C. BOX BEAMS TYPE I","PP","0","H01","W01"
"District 01","Livingston","37.078170435","-88.309876203","KYTC","KYTC","070B00047N","01","3","2019-10-30","864.0","Good","No","State","Over 75","4","N","N","N","2551.0","KY-453","JONES CREEK","TRIPLE 10X 8X 27RC CULVRT -FILL=1.85","PO","0","H01","W01"
"District 01","Livingston","37.040564677","-88.26835764","KYTC","KYTC","070B00064R","01","3","2019-02-12","11214.0","Fair","No","State","1970s","4","6","5","7","1537.0","KY 453","I-24 @ MP. 030.721","2-95.5 FT CONT. COMP. WPG SPANS -2-35 FT CONC BX GIRDER","PO","0","H01","H02, H03"
"District 01","McCracken","36.995933926","-88.562824929","KYTC","KYTC","073B00108N","01","3","2025-05-13","14537.0","Fair","No","State","1970s","5","6","6","6","1164.0","KY-3075","CLARK RIVER","2-100;3-75 FT CONT PCIB SPAN-0 DEG SKEW","PO","0","H01","W01"
"District 01","McCracken","37.087104879","-88.684520858","KYTC","KYTC","073B00104R","01","3","2021-02-17","7114.0","Fair","Yes","State","1970s","1","6","6","6","18140.0","I-24","P&L RAILWAY","48-69-48 FT COMP WF GIRDER SPANS-30 D 6 M 31.17 S SKEW","PO","0","H01","R01"
"District 01","Marshall","36.873720222","-88.346394896","KYTC","KYTC","079B00127N","01","3","2023-09-25","17225.0","Good","No","State","1980s","3","7","7","7","9389.0","US-641","CLARKS RIVER","96-100-100-96 FT CONT PCIB SPANS (TY4)","PO","0","H01","W01"
"District 01","Marshall","36.886419064","-88.354135802","KYTC","KYTC","079B00064R","01","3","2024-09-27","13471.0","Good","Yes","State","1960s","1","7","7","7","7632.0","JC-9003","CLARKS RIVER RELIEF","TWIN BRIDGES (8-48 FT CONT. PRESTRESSED CONCRETE SPANS,","PP","0","H01","W01"
"District 01","Graves","36.677777778","-88.556666667","KYTC","CONTRACT","042B00297N","01","3","2023-11-14","1200.0","Good","No","State","2010s","5","9","8","9","321.0","KY-1890","Little Mayfield Creek","1 (50') PPC BOX BEAM SPAN","PO","0","H01","W01"
"District 01","McCracken","37.011437265","-88.519950503","KYTC","KYTC","073B00076N","01","3","2022-03-04","483.0","Fair","No","State","Over 75","6","N","N","N","1241.0","OLD CALVERT CITY R","UNNAMED STREAM","DBL 10X8X23 RC CLVT -3 FT FILL","PO","0","H01","W01"
"District 01","Trigg","36.872008","-87.71762436","KYTC","KYTC","111B00027L","01","3","2021-02-24","6464.0","Good","Yes","State","1970s","1","7","7","7","13976.0","I-24 NC","TRW RAILROAD","TWIN(45-61-41 FT CONT COMP STEEL BEAM SPANS-13 DEG 46 M","PO","0","H01","R01"
"District 01","Trigg","36.881847204","-87.735243988","KYTC","KYTC","111B00044R","01","3","2019-02-26","7740.0","Good","Yes","State","1970s","1","7","7","7","13976.0","I-24","US 68","TWIN(2-112.5 FT SIMPLE PLATE GIRDER SPANS)-10 D 31 M 40","PO","0","H01","H02"
"District 01","Marshall","36.98266224","-88.357684139","KYTC","KYTC","079B00009N","01","3","2019-10-30","814.0","Fair","No","State","Over 75","4","N","N","N","2008.0","KY-95","POWELL CREEK","TRIPLE 10X 10X 35RC CULVT-FILL=2.8","PO","0","H01","W01"
"District 01","Marshall","36.832794893","-88.441351598","KYTC","KYTC","079B00070N","01","3","2017-10-17","4727.0","Fair","Yes","State","1960s","1","N","N","N","9160.0","JC-9003","MIDDLE FORK CREEK","DBL 14X10X163 RC BOX CLVT -15 FT FILL","PO","0","H01","W01"
"District 01","Carlisle","36.789875","-88.881518","County","KYTC","020C00058N","02","3","2021-12-08","641.0","Good","No","Local","2020s","","8","8","8","273.0","BEULAH-MILBURN RD","UNNAMED STREAM","1-25' STEEL I-BEAM  SPAN W / GRID DECKING 40 DEG SK.","PO","0","H01","W01"
"District 01","Graves","36.806340664","-88.81137503","KYTC","KYTC","042B00109N","01","3","2016-07-27","747.5","Fair","No","State","Over 75","4","N","N","N","1170.0","KY-80","CURTSINGER BRANCH","DBL 10X9X37 RC CLVT-45 DEG SKW -1.5 FT FILL","PO","0","H01","W01"
"District 01","Graves","36.910789769","-88.522032132","KYTC","KYTC","042B00249N","01","3","2023-11-29","1584.0","Good","No","State","1990s","4","7","7","7","2189.0","KY-131","BEAR CREEK OVERFLOW","1- 36 FT.PRESTRESSED CONC BOX BEAM SPAN","PO","0","H01","W01"
"District 01","Graves","36.799330621","-88.529456197","KYTC","KYTC","042B00029N","01","3","2019-10-30","467.36","Fair","No","State","Over 75","5","N","N","N","342.0","KY-301","PRYORS BRANCH","DBL 10X9X33 RC CLVT-30 DEG SKW -2 FT FILL","PO","0","H01","W01"
"District 01","Marshall","36.868842748","-88.365222873","KYTC","CONTRACT","079B00102N","01","3","2025-02-11","12714.0","Fair","Yes","State","1960s","3","7","7","6","11272.0","KY-348","JACKSON PURCHASE PARKWAY","TWIN BRIDGES (2-92 FT CONT. R.C. BOX GIRDER SPANS, 0 DE","PO","0","H01","H02, H04"
"District 01","Marshall","36.878540471","-88.344106082","KYTC","KYTC","079B00128N","01","3","2025-02-18","9634.0","Good","No","State","1980s","3","7","8","7","9389.0","US-641","CLARKS RIVER OVERFLOW","52-58-58-52 FT CONT PCIB SPANS(T2)","PO","0","H01","W01"
"District 01","Trigg","36.945744856","-87.70317774","KYTC","KYTC","111B00006N","01","3","2022-06-10","1555.0","Fair","No","State","Over 75","5","6","6","6","604.0","KY-126","TRIBUTARY OF MUDDY CREEK","2-30 FT RCDG SPANS","PO","0","H01","W01"
"District 01","Calloway","36.544775","-88.248872","County","KYTC","018C00149N","02","3","2012-06-28","552.0","Fair","No","Local","1980s","","7","6","6","23.0","CARL BAILEY RD.","CLAYTON CREEK","1 - 24' STEEL I-BEAM SPAN","PO","0","H01","W01"
"District 01","Graves","36.681388889","-88.775277778","County","KYTC","042C00341N","02","3","2024-09-20","1200.0","Fair","No","Local","2020s","","5","9","5","37.0","_FOLKS SCHOOL ROAD","CANE CREEK_","","PO","0","H01","W01"
"District 01","McCracken","37.033919301","-88.60374364","County","KYTC","073C00005N","02","3","2024-09-18","931.0","Poor","No","Local","1970s","","6","3","4","805.0","LANE RD","ISLAND CREEK","1-40 FT. SPAN P.P.C. SLAB BEAMS","PP","0","H01","W01"
"District 01","Trigg","36.917660174","-87.965794072","KYTC","KYTC","111B00037N","01","3","2016-09-02","768.0","Fair","No","State","1960s","5","N","N","N","456.0","KY-274","HURRICANE CREEK","DBL 10X7X28 RC CLVT-30 DEG SKW -2.8 FT FILL","PO","0","H01","W01"
"District 01","Trigg","36.794338226","-87.99961853","KYTC","KYTC","111B00065N","01","3","2023-08-09","6638.0","Good","Yes","State","2010s","3","7","8","8","4908.0","US 68/KY 80","Elbow Bay","Single Span 109.5', PCIB Type IV","PO","0","H01","W01"
"District 01","Trigg","36.882016178","-87.735014346","KYTC","KYTC","111B00044L","01","3","2019-02-26","7740.0","Good","Yes","State","1970s","1","7","7","7","13976.0","I-24-10 NC","US 68","TWIN(2-112.5 FT SIMPLE PLATE GIRDER SPANS)-10 D 31 M 40","PO","0","H01","H02"
"District 01","McCracken","37.065018","-88.675006","City","KYTC","073C00087N","04","3","2022-12-09","2595.0","Fair","No","Local","2020s","","7","7","6","805.0","BUCKNER LANE","CROOKED CREEK","","PO","0","H01","W01"
"District 01","Livingston","37.023556703","-88.25537107","KYTC","KYTC","070B00043L","01","3","2021-02-15","7673.0","Fair","No","State","1960s","4","6","6","7","1537.0","KY-453-10 NC","US 62, US 641","TWIN BRIDGES (60.5 FT- 95 FT--60.5 FT CONT. COMP. STEEL","PO","0","H01","H02, H03"
"District 01","McCracken","37.008968339","-88.752702021","County","KYTC","073C00023N","02","3","2016-09-29","645.0","Fair","No","Local","1950s","","6","7","5","142.0","NEW HOPE CHURCH RD","BR-MIDDLE FK MASSAC CREE","1-29 FT. SPAN STEEL I-BEAMS","PP","0","H01","W01"
"District 01","Graves","36.701273904","-88.596485753","County","KYTC","042C00305N","02","3","2024-03-07","1970.0","Good","No","Local","2000s","","7","7","7","418.0","JEFF DAVIS ROAD","LITTLE MAYFIELD CREEK","1-80 FT. PRESTRESSED CONC BOX BEAM SPANS","PO","0","H01","W01"
"District 01","Livingston","37.153994462","-88.306770014","KYTC","KYTC","070B00078N","01","3","2024-12-04","3296.0","Good","No","State","1990s","5","7","7","8","472.0","KY 70","Hickory Creek","22-42-221SPRED PRESTRESSED CONC CONT BOX BEAM SPANS","PO","0","H01","W01"
"District 01","Ballard","37.043020204","-89.000616566","County","KYTC","004C00063N","02","3","2024-04-11","1272.0","Fair","No","Local","1980s","","7","6","7","297.0","WAYSIDE INN ROAD","SHAWNEE CREEK","1-60 FT. PRESTRESSED CONC. BOX BEAM SPAN","PO","0","H01","W01"
"District 01","Ballard","36.977531161","-89.099361374","KYTC","KYTC","004B00066N","01","3","2024-08-13","154339.0","Fair","Yes","State","2000s","3","6","7","7","5344.0","US-51","WILLOW SLOUGH","24 -137.7 FT   PRESTRESSED CONC      I-BEAM SPANS","PO","0","H01","W01"
"District 01","Lyon","37.142862952","-88.149274175","County","KYTC","072C00016N","02","3","2023-02-27","1429.0","Good","No","Local","1980s","","7","7","7","273.0","JOE PEEK ROAD","CRAB CREEK","1-58 FT. PREST. CONC. BOX BEAM SPAN","PO","0","H01","W01"
"District 01","Marshall","36.986961","-88.345606","KYTC","KYTC","079B00158N","01","3","2018-06-29","12278.0","Good","Yes","State","2010s","1","8","7","8","55.0","I-69 NB Ramp","I-69 & Little John Creek","84'X101'X101'X89'6""X60' PPC I-Beam, 5 Span Continuous","PO","0","H01","H02, H03, W01"
"District 01","Graves","36.743395148","-88.699997664","KYTC","KYTC","042B00110N","01","3","2016-09-09","542.8","Fair","No","State","Over 75","4","N","N","N","3143.0","KY-80","POWERS CREEK","DBL 10X8X37 RC CLVT-15 DEG SKW -2 FT FILL","PO","0","H01","W01"
"District 01","Graves","36.560170453","-88.811868748","KYTC","KYTC","042B00071N","01","3","2023-03-23","963.0","Fair","No","State","1960s","4","7","6","7","974.0","KY-94","UNNAMED STREAM","1-30 FT PRECAST CONCRETE SPAN - 0 DEG SKEW","PO","0","H01","W01"
"District 01","Livingston","37.289444444","-88.374722222","KYTC","KYTC","070B00087N","01","3","2024-07-25","1176.0","Good","No","State","2020s","5","7","8","8","244.0","_KY-135","BRANCH OF BAYOU CREEK","1-48FT ADJACENT BOX BEAM R/C ABUTMENTS","PO","0","H01","W01"
"District 01","Calloway","36.501812","-88.214941","County","KYTC","018C00150N","02","3","2024-04-17","624.0","Poor","No","Local","1980s","","7","4","6","4.0","COLEMAN BRANCH RD.","McCULLOUGH FORK","1 - 30' STEEL I-BEAM SPAN","PP","0","H01","W01"
"District 01","Graves","36.622517427","-88.600037909","KYTC","KYTC","042B00255N","01","3","2024-11-21","5046.0","Good","No","State","1990s","5","7","8","8","936.0","KY-381","BACON CREEK","39-55-39 CONT  PRESTRESSED  CONC    BOX  BEAM SPANS","PO","0","H01","W01"
"District 01","Marshall","36.796666667","-88.457343","KYTC","KYTC","079B00164N","01","3","2024-11-06","3075.0","Good","No","State","2020s","5","8","8","8","463.0","KY 2603","Soldier Creek","30FT-60FT-30FT SPREAD BOX BEAM","PO","0","H01","W01"
"District 01","Marshall","36.848197297","-88.379482721","KYTC","KYTC","079B00126L","01","3","2021-03-31","6574.0","Fair","Yes","State","1980s","3","6","7","6","3946.0","US-641 S","I-69 (JC-9003)","2- 114 FT CONT. W.P.E. SPANS(COMPOSITE)","PO","0","H01","H02, H03"
"District 01","Marshall","36.789894299","-88.393859286","KYTC","KYTC","079B00140N","01","3","2022-07-07","2964.0","Fair","No","State","1960s","5","7","6","7","1042.0","KY-2606","SOLDIER CREEK","3-38 SPANS: CONCRETE T-BEAMS-CAST IN PLACE","PP","0","H01","W01"
"District 01","Calloway","36.578138889","-88.388416667","KYTC","KYTC","018B00148N","01","3","2024-11-18","4568.0","Good","No","State","2020s","5","8","8","9","833.0","KY-783","Middle Fork Clarks River","89.5'-89.5' P/S Continuous I-Beam Spans w/Concrete Deck","PO","0","H01","W01"
"District 01","Graves","36.737082426","-88.619827383","KYTC","KYTC","042B00061N","01","3","2019-10-30","1188.0","Fair","No","State","1950s","5","N","N","N","1127.0","KY-464","TRIBUTARY TO DUCK CREEK","TRIPLE 14FTX10FTX27FT RC CULVERT-0 DEG SKEW","PO","0","H01","W01"
"District 01","Marshall","36.831944444","-88.441111111","KYTC","CONTRACT","079B00161N","01","3","2023-01-07","1344.0","Good","No","State","2010s","5","8","8","8","387.0","KY-1949","Smith Creek","54'6"" PPC Box Beams - CB21x48 Single Span","PO","0","H01","W01"
"District 01","Graves","36.630531312","-88.523851973","KYTC","KYTC","042B00076N","01","3","2025-06-16","3215.0","Fair","No","State","1950s","5","6","6","7","513.0","KY-564","FORK OF MAYFIELD CREEK","3-35 FT RCDG SPANS","PO","0","H01","W01"
"District 01","Crittenden","37.239043223","-88.156725311","KYTC","KYTC","028B00032N","01","3","2019-10-30","378.0","Fair","No","State","Over 75","5","N","N","N","412.0","KY-855","UNNAMED STREAM","DBL 10X8X28.25 RC CLVT -2.2 FT FILL","PO","0","H01","W01"
"District 01","Graves","36.946600681","-88.795420904","KYTC","KYTC","042B00197N","01","3","2022-08-03","711.0","Fair","No","State","1960s","5","N","N","N","527.0","KY-1820","UNNAME STREAM","DBL 10X5X33 RC CLVT-15 DEG SKW -3.5 FT FILL","PP","0","H01","W01"
"District 01","Calloway","36.654000392","-88.287190598","County","KYTC","018C00103N","02","3","2024-05-14","672.0","Fair","No","Local","1980s","","5","7","6","19.0","SQUIRE HOLLAND RD","BR OF CLARKS RIVER","1-40 FT. STEEL STRINGER SPAN","PP","0","H01","W01"
"District 01","Trigg","36.7725","-87.750833333","KYTC","CONTRACT","111B00074N","01","3","2024-09-27","1789.0","Good","No","State","2020s","5","8","7","9","402.0","KY-525","Potts Creek","73' Single Span Spread P/S Box w/Concrete Deck","PO","0","H01","W01"
"District 01","Graves","36.885389078","-88.636457513","KYTC","KYTC","042B00084N","01","3","2025-03-24","6943.0","Fair","No","State","1950s","5","6","6","6","763.0","KY 849","Mayfield Creek","5-50 FT RCDG SPANS-0 DEG SKEW CONC PIERS","PO","0","H01","W01"
"District 01","Graves","36.767109369","-88.643050772","KYTC","KYTC","042B00155R","01","3","2025-03-12","9948.0","Fair","Yes","State","1960s","1","7","6","6","4758.0","I-69 NB","US 45","60.75 - 58.25 - 58.25 - 60.75 FT CONT PCIB SPANS     ST","PO","0","H01","H02, H03"
"District 01","Graves","36.76944492","-88.627399929","KYTC","KYTC","042B00158L","01","3","2020-09-16","4063.0","Fair","Yes","State","1960s","1","6","7","6","4758.0","I-69 SB (JC-9003)","Mayfield Creek Overflow","TWIN BRIDGES (30.63FT-31.25FT-30.63FT CONT PREST RCDG S","PP","0","H01","F01"
"District 01","Graves","36.601361739","-88.553424582","County","KYTC","042C00303N","02","3","2023-03-23","773.0","Fair","No","Local","1990s","","6","8","6","21.0","VEALSBURG ROAD","LEECH CREEK","1-42 FT. PRESTRESSED CONC SLAB BEAM SPANS (TYPE3)","PO","0","H01","W01"
"District 01","Lyon","37.068512439","-88.159715329","KYTC","KYTC","072B00034N","01","3","2021-08-18","5464.0","Fair","No","State","1970s","6","6","7","7","38.0","KY-6010","I-24 @ MP. 037.288","2-91 FT CONT.COMP.WPG SPANS -1-30-1-34 BOX GRDR END BNT","PO","0","H01","H02, H03"
"District 01","McCracken","37.016572455","-88.710469775","County","KYTC","073C00059N","02","3","2024-07-09","1392.0","Fair","No","Local","1990s","","7","7","6","590.0","GUM SPRINGS ROAD","BRANCH OF MASSAC CREEK","1-58 FT PREST CONC BOX BEAM SPAN (BLT BY H&G CONST)","PO","0","H01","W01"
"District 01","Lyon","37.071925636","-88.098679547","KYTC","KYTC","072B00039L","01","3","2024-03-12","8034.0","Fair","Yes","State","1970s","1","6","6","6","16251.0","I-24 NC","KNOB CREEK","54.5 - 71 - 54.5 CONT PREST. I-BM SPAN","PO","0","H01","W01"
"District 01","Graves","36.817539","-88.702568","KYTC","KYTC","042B00308N","01","3","2024-08-27","2304.0","Good","No","State","2020s","5","8","8","7","119.0","KY-945","GILBERT CREEK","1-96 FT PRESTRESSED BOX BEAM ADJACENT R/C ABUTMENTS","PO","0","H01","W01"
"District 01","McCracken","37.037359047","-88.797835441","County","KYTC","073C00027N","02","3","2023-09-25","1342.0","Poor","No","Local","1950s","","5","4","4","137.0","CHILDRESS RD","LITTLE MASSAC CREEK","3-20 FT. SPANS STEEL I-BEAMS","PP","0","H01","W01"
"District 01","Graves","36.942556766","-88.608161912","KYTC","KYTC","042B00121N","01","3","2019-10-30","1026.0","Fair","No","State","1950s","6","N","N","N","374.0","KY-994","UNNAME STREAM","TRPL 12X10X27 RC CLVRT -1.0 FT FILL","PO","0","H01","W01"
"District 01","Marshall","37.0175","-88.4425","County","KYTC","079C00099N","02","3","2017-12-07","2304.0","Fair","No","Local","2010s","","7","6","7","424.0","Sharp-Cal Rd","LITTLE CYPRESS CREEK","1 - 96' PPC BOX BEAM SPAN","PO","0","H01","W01"
"District 01","Lyon","37.074071662","-88.12155764","KYTC","KYTC","072B00037L","01","3","2021-02-15","13281.0","Fair","Yes","State","1970s","1","6","6","6","16251.0","I-24 NC","US 62","58 - 91 - 91 - 58 CONT COMP WF DECK GIRDER SPANS - 34 D","PO","0","H01","H02, H03"
"District 01","Graves","36.784647345","-88.595687104","KYTC","KYTC","042B00010N","01","3","2019-10-30","996.6","Fair","No","State","Over 75","4","N","N","N","2968.0","KY 131","Crowley Branch","TRPL 10X7X36.5 RC CLVT-45 DEG SKW -2.5 FT FILL","PO","0","H01","W01"
"District 01","Graves","36.73481779","-88.514207654","County","KYTC","042C00281N","02","3","2024-04-26","912.0","Good","No","Local","1990s","","7","7","7","331.0","GOLO ROAD","BRANCH-PANTHER CREEK","1- 38 FT PRESTRESSED CONCRETE BOX BEAM SPAN","PD","0","H01","W01"
"District 01","McCracken","36.972379504","-88.64439383","County","KYTC","073C00063N","02","3","2024-07-09","1668.0","Fair","No","Local","1990s","","6","6","6","106.0","DAVIS ROAD","BR BLIZZRD POND DRAIN CA","1- 68 FT PRESTRESSED CONCRETE BOX BEAM SPAN","PO","0","H01","W01"
"District 01","McCracken","36.96843072","-88.503640172","County","KYTC","073C00050N","02","3","2023-02-27","1512.0","Good","No","Local","1980s","","7","7","7","118.0","POWERS RD","BR OF E.FK.CLARKS RIVER","1-63 FT PREST.CONC.BOX BEAM SPAN - TYPE 2","PO","0","H01","W01"
"District 01","Graves","36.777949448","-88.582212622","KYTC","KYTC","042B00161N","01","3","2012-11-20","5841.0","Fair","No","State","1960s","","6","7","6","273.0","TWIN HILL ROAD","I-69 (JC-9003)","2-80 FT CONT RC BOX GIRDER SPANS","PP","0","H01","H02, H03"
"District 01","McCracken","37.066150334","-88.608954436","City","KYTC","073C00055N","04","3","2023-09-21","7733.0","Fair","No","Local","1970s","","6","6","6","1733.0","CHESTER HACK DRIVE","P&L RAILWAY","60 - 104 - 60 P.C. SPREAD BOX BEAMS","PO","0","H01","R01"
"District 01","Graves","36.815381158","-88.486683839","KYTC","KYTC","042B00168L","01","3","2020-09-16","5530.0","Fair","Yes","State","1960s","1","8","7","6","4580.0","I-69 SB","CR-1081","TWIN BRIDGES (40.63FT-46.25FT-40.63FT CONT PRESTRESSED","PP","0","H01","H02"
"District 01","McCracken","36.982287832","-88.816553944","County","KYTC","073C00056N","02","3","2024-07-09","1470.0","Good","No","Local","1980s","","7","7","7","69.0","WOMBLE ROAD","BRANCH OF SUGAR CREEK","1-60 FT PREST CONC BOX BEAM SPAN","PO","0","H01","W01"
"District 01","Graves","36.693447894","-88.789877635","KYTC","KYTC","042B00145N","01","3","2022-06-08","3678.0","Fair","No","State","Over 75","5","6","5","6","319.0","KY-339","OBION CREEK","4-35 FT RCDG SPANS-30 DEG SKEW","PP","0","H01","W01"
"District 01","Lyon","37.049153575","-88.166275075","KYTC","KYTC","072B00017N","01","3","2019-10-30","3189.0","Fair","No","State","Over 75","3","N","N","N","3711.0","US-62","BRANCH OF FLAT CR.","DBL 10 X 6 X108 RC CULV. 45 DEG. SK. 10 FILL","PO","0","H01","W01"
"District 01","Carlisle","36.826683","-88.94075","County","KYTC","020C00061N","02","3","2024-08-27","720.0","Good","No","Local","2020s","","9","8","9","273.0","Hopewell Rd","BR of W FK Mayfield CRK","","PO","0","H01","W01"
"District 01","Graves","36.595973074","-88.806646172","KYTC","CONTRACT","042B00170R","01","3","2025-02-05","10798.0","Fair","Yes","State","1960s","1","6","7","6","3645.0","JC-9003","BAYOU DE CHIEN","1-46.17 ,4-53.25 ,1-46.17 CONT PREST CONC I-BEAM SPN","PO","0","H01","W01"
"District 01","Graves","36.87011484","-88.756710445","KYTC","KYTC","042B00118N","01","3","2022-06-27","2556.0","Fair","No","State","Over 75","5","6","5","5","630.0","KY-440","NORTH FORK OF WILSON CRK","3-30 FT RCDG SPANS","PP","0","H01","W01"
"District 01","Calloway","36.546417438","-88.32498223","KYTC","KYTC","018B00030N","01","3","2016-04-22","617.78","Fair","No","State","Over 75","4","N","N","N","6234.0","KY-2547","POYNER BRANCH","DBL 12X5X26 RC CULVRT -2 FT FILL","PO","0","H01","W01"
"District 01","Calloway","36.5164942","-88.326010909","KYTC","KYTC","018B00112N","01","3","2024-12-17","7927.0","Fair","No","State","1990s","4","6","6","7","6234.0","KY 2547","BRUSHY CREEK","3-55 P.C.I.B. CONT SPANS","PO","0","H01","W01"
"District 01","Calloway","36.733119915","-88.150979981","KYTC","KYTC","018B00119N","01","3","2023-11-29","3616.0","Fair","No","State","1990s","6","7","6","8","743.0","KY-94","LEDBETTER CREEK","1- 75 FT.PRESTRESSED CONC BOX BEAM SPAN","PO","0","H01","W01"
"District 01","Calloway","36.729235206","-88.296041128","KYTC","KYTC","018B00128N","01","3","2022-11-29","8751.0","Good","No","State","2000s","5","7","7","7","834.0","KY-1824","West Fk. of Rockhouse Ck","2 - 100 PRECAST PRESTRESS CONC. BOX BEAM SPANS CONT.","PO","0","H01","W01"
"District 01","Graves","36.686088652","-88.728933145","KYTC","KYTC","042B00176R","01","3","2025-03-12","8707.0","Fair","Yes","State","1960s","1","6","7","7","5762.0","JC-9003","OBION CREEK","TWIN BRIDGES (4-50FT CONT PRESTRESSED RCDG SPANS 0 DEG","PO","0","H01","W01"
"District 01","Lyon","37.102925","-88.043604","KYTC","KYTC","072B00059N","01","3","2023-09-25","21250.0","Good","No","State","2010s","4","7","7","7","4359.0","U.S. 62","OVER P&L RAILROAD","PCIB Hybrid 67' 2 3/4"", 108, 67' 2 3/4"" 57 degree skew","PO","0","H01","R01"
"District 01","McCracken","36.957163259","-88.722458116","KYTC","KYTC","073B00131N","01","3","2024-11-15","5102.0","Good","No","State","1980s","5","7","7","7","783.0","KY-339","MAYFIELD CREEK","42-76-42 FT. CONT. PREST CONC. I-BEAMS","PO","0","H01","W01"
"District 01","Trigg","36.889722222","-87.935555556","County","KYTC","111C00041N","02","3","2022-04-25","513.0","Good","No","Local","2020s","","8","8","8","30.0","Hall Cem Rd","Dyers Creek","35'-0"" Slab Bridge, Simple Span","PO","0","H01","W01"
"District 01","Crittenden","37.449502717","-87.968828655","KYTC","KYTC","028B00064N","01","3","2023-11-29","2025.0","Good","No","State","1980s","3","7","7","7","1384.0","US-60","MEADOW CREEK","1-41.5 FT PREST CONC DECK UNIT                 REPL B6","PO","0","H01","W01"
"District 01","Crittenden","37.402567457","-87.918574294","County","KYTC","028C00051N","02","3","2024-09-06","1757.0","Good","No","Local","1980s","","7","7","7","273.0","COOL SPRINGS RD","PINEY CREEK","1-73 FT. PREST CONC BOX BEAM","PO","0","H01","W01"
"District 01","Calloway","36.742422915","-88.281896999","KYTC","KYTC","018B00113N","01","3","2022-07-22","5382.0","Fair","No","State","1980s","5","7","7","6","714.0","KY-1346","ROCKHOUSE CREEK","50 -70- 50CONT PCIB SPANS TYPE III","PO","0","H01","W01"
"District 01","Graves","36.636616448","-88.763648854","KYTC","KYTC","042B00173L","01","3","2019-07-24","5317.0","Fair","Yes","State","1960s","1","6","7","6","3645.0","JULIAN M CAROLL PA","BRUSH CREEK","40.63-41.25-40.63 CONT PREST CONC BOX BEAM SPANS","PP","0","H01","W01"
"District 01","Graves","36.696828857","-88.716158962","KYTC","CONTRACT","042B00177R","01","3","2025-02-05","8824.0","Fair","Yes","State","1960s","1","6","6","6","5762.0","JC-9003","OPOSSUM CREEK","TWIN BRIDGES(54.28FT-51.25FT-51.25FT-54.28FT PREST CONC","PO","0","H01","W01"
"District 01","Lyon","37.104900634","-88.033010144","KYTC","KYTC","072B00030R","01","3","2022-07-06","8995.0","Fair","Yes","State","1960s","1","6","6","6","5384.0","I-69 EB","US-62","TWIN BRIDGES (4-56.5 FT R.C. SIMPLE SPANS, 43 DEG 59 MI","PO","0","H01","H02, H03"
"District 01","Lyon","37.072430062","-88.141532235","KYTC","KYTC","072B00036L","01","3","2021-02-23","7856.0","Fair","Yes","State","1970s","1","7","6","7","15387.0","I-24 NC","KY 93","52 - 72 - 52 FT CONT. ROLLED BEAM SPANS","PO","0","H01","H02"
"District 01","Fulton","36.50255","-88.865765","KYTC","KYTC","038B00094N","01","3","2025-02-25","960.0","Fair","No","State","2020s","5","6","8","6","2407.0","_KY-129","UNNAME STREAM","1-40FT PRESTRESSED BOX BEAM ADJACENT R/C ABUTMENTS","PO","0","H01","W01"
"District 01","Fulton","36.540277778","-89.056111111","KYTC","KYTC","038B00092N","01","3","2023-11-15","700.0","Fair","No","State","2020s","5","8","6","6","52.0","KY 1128","Fork of Mud Creek","","PO","0","H01","W01"
"District 01","Ballard","37.064914","-88.931035","County","KYTC","004C00087N","02","3","2025-05-16","2858.0","Fair","No","Local","2020s","","8","8","6","222.0","Brooking Road","Humphrey Creek","1-127ft span PCI beams","PO","0","H01","W01"
"District 01","Crittenden","37.214672341","-88.114384677","KYTC","KYTC","028B00016N","01","3","2022-08-01","920.0","Poor","No","State","Over 75","4","4","6","4","748.0","KY-70","DRY FK OF LIVINGSTON CRK","1-35 FT R.C.D.G. SPAN","PP","0","H01","W01"
"District 01","Crittenden","37.479334676","-87.953810163","KYTC","KYTC","028B00053N","01","3","2024-11-14","8438.0","Fair","No","State","1970s","3","7","6","6","1247.0","US-60","TRADEWATER RIVER","80-90-80 CONT PRECAST PREST CONC I-BEM SPANS - 15 DEG","PO","0","H01","W01"
"District 01","Carlisle","36.84756","-88.834749","County","KYTC","020C00062N","02","3","2025-07-23","768.0","Good","No","Local","2020s","","9","9","9","273.0","Blinco Rd/CR 1104","TRIBUTARY OF LICK CREEK","","PO","0","H01","W01"
"District 01","Trigg","36.779308","-88.066589","KYTC","KYTC","111B00061R","01","3","2025-06-18","7965.0","Fair","Yes","State","2000s","3","7","6","7","2288.0","U.S. 68","KY-453","45.5'--82.5'--45.5'  Precast PCI-Beam Type 3","PO","0","H01","H02"
"District 01","Calloway","36.698349532","-88.328710785","County","KYTC","018C00139N","02","3","2024-04-26","1218.0","Fair","No","Local","2000s","","6","6","6","44.0","SHORT RD","WEST FORK ROCKHOUSE CRK","1 -- 60 FT. PRESTRESSED CONCRETE BOX BEAM SPAN.  [ PSH]","PO","0","H01","W01"
"District 01","Fulton","36.5893865","-89.0654676","KYTC","KYTC","038B00098N","01","3","2025-08-21","1022.0","Good","No","State","2020s","5","7","8","7","174.0","KY-1129","SUBLETT CREEK","1-42 FT PPC Slab Beams","PO","0","H01","W01"
"District 01","Calloway","36.741086701","-88.461769328","County","KYTC","018C00085N","02","3","2022-04-15","3205.0","Fair","No","Local","1950s","","6","5","6","100.0","MOUNT OLIVE RD","WEST FORK CLARKS RIVER","4-33 FT. RCDG SPANS","PP","0","H01","W01"
"District 01","Livingston","37.14875","-88.399838889","KYTC","CONTRACT","070B00086N","01","3","2023-09-13","81137.0","Good","No","State","2020s","3","9","8","8","3244.0","US-60","CUMBERLAND RIVER","700' steel truss, 9 span PCIB approach","PO","0","H01","W01"
"District 01","Ballard","37.061716","-88.895923","County","KYTC","004C00088N","02","3","2025-07-23","1289.0","Good","No","Local","2020s","","8","8","8","48.0","Shelby Rd","BR of Humphrey CR","1-64 FT Precast Prestressed Box Beam","PO","0","H01","W01"
"District 01","Calloway","36.6061091","-88.2902779","County","KYTC","018C00167N","02","3","2025-08-21","1920.0","Good","No","Local","2020s","","9","9","9","674.0","Old Salem Rd","East Fork Clarks River","","PO","0","H01","W01"
"District 01","Calloway","36.725611111","-88.232055556","KYTC","CONTRACT","018B00149N","01","3","2025-06-24","3511.0","Good","No","State","2020s","5","8","9","9","510.0","KY-1346","Jonathan Creek","43'-51.5'-47.5' P/S SPRD Box (Cont) 45° LT w/Conc Deck","PO","0","H01","W01"
"District 01","Graves","36.583355795","-88.732275112","KYTC","KYTC","042B00245N","01","3","2025-08-27","1116.0","Fair","No","State","1990s","5","6","6","6","122.0","KY-2422","BRUSH CREEK","1-37 FT PREST CONC  BOX BEAM SPAN","PO","0","H01","W01"
"District 01","Calloway","36.506550669","-88.246268904","KYTC","KYTC","018B00079N","01","3","2025-04-15","1351.0","Poor","No","State","1960s","5","6","6","4","504.0","KY-893","BRANCH OF MCCULLOUGH CRK","1-50 FT PRESTRESSED CONCRETE SPAN 45 DEG SKEW","PP","0","H01","W01"
"District 01","Carlisle","36.929906372","-88.943004855","KYTC","KYTC","020B00032N","01","3","2022-04-19","5364.0","Fair","No","State","1950s","4","6","6","6","1508.0","KY-121","MAYFIELD CREEK","4-30 FT & 1-45 FT R.C.D.G. SPANS 30 DEG SKEW","PO","0","H01","W01"
"District 01","Ballard","37.053056","-88.868948","KYTC","KYTC","004B00070N","01","3","2025-02-28","608.0","Fair","No","State","1960s","5","N","N","N","265.0","KY-2532","UNNAMED CREEK","32 FT - 2 SPAN CONCRETE CULVERT","PO","0","H01","W01"
"District 01","Marshall","36.806226516","-88.201843763","KYTC","KYTC","079B00146N","01","3","2024-12-26","15147.0","Good","No","State","2000s","3","7","7","7","2564.0","US-68","JONATHAN CREEK","92 - 110 - 92 PRECAST PRESTRESSED CONC. I-BEAM SPAN","PO","0","H01","W01"
"District 01","Hickman","36.565297006","-88.830701758","KYTC","KYTC","053B00056N","01","3","2024-11-27","6289.0","Fair","No","State","1960s","5","6","6","6","324.0","KY-1529","JACKSON PURCHASE PARKWAY","2-80 FT CONT RC BOX GIRDERS & 1-20 &1+22RCDG","PO","0","H01","H02, H03"
"District 01","Carlisle","36.927077833","-88.939655394","KYTC","KYTC","020B00031N","01","3","2022-04-19","1060.0","Fair","No","State","1950s","4","6","6","6","1508.0","KY-121","DRAINAGE DITCH","1-35 FT R.C.D.G. SPAN","PO","0","H01","W01"
"District 01","Ballard","36.992130946","-89.072372289","KYTC","KYTC","004B00056N","01","3","2024-12-10","5109.0","Fair","Yes","State","1980s","3","6","6","6","2923.0","US-60","South Fork of Cane Creek","1-34.2 & 1-75.38 FT CONT CONC. COMP. TYPE-2 I-BEAMS","PO","0","H01","W01"
"District 01","Lyon","37.037013812","-88.007506642","KYTC","KYTC","072B00044L","01","3","2021-02-16","16980.0","Fair","Yes","State","1970s","1","6","5","7","12155.0","I-24 NC","EDDY CREEK","5-80 FT CONT. W.P.G. SPANS - 45 DEG SKEW","PO","0","H01","W01"
"District 01","Lyon","36.980410212","-87.910702236","KYTC","KYTC","072B00048L","01","3","2025-03-17","6078.0","Fair","Yes","State","1970s","1","6","7","6","12155.0","I-24 NC","DRY FORK CREEK","3-45 FT CONT PCIB SPANS                              NT","PO","0","H01","W01"
"District 01","Hickman","36.627840251","-88.863920346","KYTC","KYTC","053B00049N","01","3","2025-08-07","2016.0","Fair","No","State","1960s","5","6","6","6","149.0","KY 944","Unnamed Stream","3-25 FT RCDG SPANS 0 DEG SKEW","PA","0","H01","W01"
"District 01","Graves","36.6222393","-88.50562","County","KYTC","042C00342N","02","3","2025-08-21","2016.0","Good","No","Local","2020s","","8","8","8","273.0","Beech Grove Road","Mayfield Creek","","PO","0","H01","W01"
"District 01","Ballard","36.9674637","-88.9710314","County","KYTC","004C00089N","02","3","2025-08-18","612.0","Good","No","Local","2020s","","N","N","N","40.0","DEERFIELD LANE","STOVALL CREEK","VENTED FORD 6 - 6' STEEL PIPES = 51'","PO","0","H01","W01"
"District 01","Ballard","36.951944444","-89.041388889","County","KYTC","004C00086N","02","3","2025-02-28","640.0","Fair","No","Local","2020s","","9","6","9","228.0","Bethlehem Church R","Branch of Shelton Creek","","PO","0","H01","W01"
"District 01","Lyon","37.069926513","-88.147886426","KYTC","KYTC","072B00035R","01","3","2020-06-17","8935.0","Fair","Yes","State","1970s","1","6","6","7","15387.0","I-24","P&L RAILWAY","62 - 74 - 62 FT. CONT.COMP. ROLLED BEAM SPANS","PO","0","H01","R01"
"District 01","Lyon","37.071404734","-88.085075587","KYTC","KYTC","072B00049L","01","3","2021-02-15","8326.0","Fair","Yes","State","1970s","1","6","6","6","4868.0","WENDELL H FORD WES","I-24 @ MP. 041.603","113-104 CONT. COMP WPG SPANS & 30-25 FT.CONC BX.END BT.","PO","0","H01","H02, H03"
"District 01","Calloway","36.625069842","-88.197423813","KYTC","KYTC","018B00017N","01","3","2019-10-30","779.0","Fair","No","State","1950s","5","N","N","N","1323.0","KY-280","WILDCAT CREEK","DBL 12X7X31 RC CLVT-30 DEG SKW -2 FT FILL","PO","0","H01","W01"
"District 01","Marshall","36.857676","-88.3324182","KYTC","CONTRACT","079B00165N","01","3","","2742.0","Good","No","State","2020s","5","9","9","9","2776.0","KY-408","Clarks River Overflow","108' PPC I-Beam Span","PO","0","H01","W01"
"District 01","Marshall","36.8577622","-88.3229756","KYTC","CONTRACT","079B00167N","01","3","","4340.0","Good","No","State","2020s","5","9","9","8","2776.0","KY-408","Clarks River","55'-63'-55' P/S Cont. Spread Box Spans w/Concrete Deck","PO","0","H01","W01"
"District 01","Marshall","36.8576421","-88.3302413","KYTC","CONTRACT","079B00166N","01","3","","2781.0","Good","No","State","2020s","5","9","9","9","2776.0","KY-408","Johns River","113' PPC I-Beam Span","PO","0","H01","W01"
"District 01","Calloway","36.656996","-88.440652","KYTC","KYTC","018B00138R","01","3","2025-03-20","6638.0","Good","Yes","State","2000s","3","7","7","8","2930.0","KY-80","WEST FORK OF CLARKS RIVR","3-SPAN, 31-85.6-31-TYPE 4 PCIB SPANS","PO","0","H01","W01"
"District 01","Calloway","36.581265904","-88.314806547","KYTC","KYTC","018B00106N","01","3","2024-12-05","10301.0","Fair","Yes","State","1980s","3","6","6","6","7830.0","US-641","CLARKS RIVER","80-70-80 FT. CONT. P.C.I.B. SPANS  TYPE3","PO","0","H01","W01"
